trial_id,t_wall,frame_idx,lighting,distance,n_users_roster,n_users_db,cam_w,cam_h,proc_fps,drained,slot_idx,true_id,track_id,detected,det_score,bbox_x1,bbox_y1,bbox_x2,bbox_y2,bbox_area,best_id,best_sim,second_id,second_sim,margin,accepted_id,stable_id,pending_id,pending_count,is_correct_accepted,is_correct_stable,is_wrong_accepted,is_miss,lat_det_ms,lat_emb_ms,lat_match_ms,lat_total_ms
Bright_Near_20260114_210200_T2,1736900000.04,1,Bright,Near,4,4,1280,720,24.36920046461081,1,0,diana,1,1,0.5907615877742731,110.91903221804488,259.1125705771014,225.48747857776704,396.0515580779988,15688.887044051226,diana,0.8772484168027236,bob,0.7720889709604148,0.10515944584230874,diana,diana,diana,2,1,1,0,0,13.380354949237917,8.289653161471469,9.654692061584713,31.324700172294097
Bright_Near_20260114_210200_T2,1736900000.04,1,Bright,Near,4,4,1280,720,24.36920046461081,1,1,chen,2,1,0.7012562404035724,456.42088241004444,232.62605095492876,543.0219223408544,377.2626058504572,12525.676065962447,chen,0.8502132795571198,alice,0.7220503454472003,0.12816293410991952,chen,chen,chen,2,1,1,0,0,13.380354949237917,8.289653161471469,9.654692061584713,31.324700172294097
Bright_Near_20260114_210200_T2,1736900000.04,1,Bright,Near,4,4,1280,720,24.36920046461081,1,2,alice,3,1,0.7548040751136863,754.3505555225746,221.33174219696485,845.2489248026533,361.8527044933223,12773.126322406308,alice,0.8817109062818169,chen,0.7862214679582443,0.0954894383235726,alice,alice,alice,3,1,1,0,0,13.380354949237917,8.289653161471469,9.654692061584713,31.324700172294097
Bright_Near_20260114_210200_T2,1736900000.04,1,Bright,Near,4,4,1280,720,24.36920046461081,1,3,bob,4,1,0.6886608431239138,1094.123882798797,212.888523938417,1178.6865742354873,354.0899705764453,11940.374362465882,bob,0.7860080517911364,diana,0.7038593456292691,0.08214870616186731,bob,bob,bob,3,1,1,0,0,13.380354949237917,8.289653161471469,9.654692061584713,31.324700172294097
Bright_Near_20260114_210200_T2,1736900000.08,2,Bright,Near,4,4,1280,720,26.74268503648619,3,0,diana,1,1,0.694809308041444,87.60664677499513,234.20608412390527,213.80428180780297,376.4179506773162,17946.801232641723,diana,0.8675438661134951,chen,0.7337534862853812,0.13379037982811393,diana,diana,diana,2,1,1,0,0,7.106751118766693,7.541266386888073,4.528753355098222,19.17677086075299
Bright_Near_20260114_210200_T2,1736900000.08,2,Bright,Near,4,4,1280,720,26.74268503648619,3,1,chen,-1,0,-1.0,-1.0,-1.0,-1.0,-1.0,0.0,unknown,-1.0,unknown,-1.0,-1.0,unknown,unknown,unknown,0,0,0,0,1,7.106751118766693,7.541266386888073,4.528753355098222,19.17677086075299
Bright_Near_20260114_210200_T2,1736900000.08,2,Bright,Near,4,4,1280,720,26.74268503648619,3,2,alice,3,1,0.640430627506844,720.8129708652109,271.3885582452876,843.0279610996938,442.32387310506823,20890.857836316354,alice,0.6066913485172485,diana,0.5590486458200581,0.0476427026971904,unknown,unknown,unknown,0,0,0,0,0,7.106751118766693,7.541266386888073,4.528753355098222,19.17677086075299
Bright_Near_20260114_210200_T2,1736900000.08,2,Bright,Near,4,4,1280,720,26.74268503648619,3,3,bob,4,1,0.814920818600022,1059.5807675366627,280.09299572221437,1179.4406006135218,415.38768181043815,16216.398490720554,bob,0.8250408296631838,chen,0.7484819570368604,0.07655887262632344,bob,bob,bob,1,1,1,0,0,7.106751118766693,7.541266386888073,4.528753355098222,19.17677086075299
Bright_Near_20260114_210200_T2,1736900000.12,3,Bright,Near,4,4,1280,720,23.531441276396706,0,0,diana,1,1,0.644961378951431,79.31061238537932,272.41137459876586,205.64535285193256,414.9186961060569,18003.62547720728,diana,0.8357450378188584,alice,0.7742689085130213,0.061476129305837124,diana,diana,diana,2,1,1,0,0,14.728859912307117,9.899997482934525,4.086730349835886,28.715587745077528
Bright_Near_20260114_210200_T2,1736900000.12,3,Bright,Near,4,4,1280,720,23.531441276396706,0,1,chen,2,1,0.761868823353074,461.2120658837574,288.86859370517226,563.2243094931038,423.0342726322771,13686.541922725166,chen,0.9132029200779144,bob,0.7835949634416803,0.12960795663623403,chen,chen,chen,1,1,1,0,0,14.728859912307117,9.899997482934525,4.086730349835886,28.715587745077528
Bright_Near_20260114_210200_T2,1736900000.12,3,Bright,Near,4,4,1280,720,23.531441276396706,0,2,alice,3,1,0.8924909035019865,750.309566358715,177.01819761484347,862.5191941273143,349.39356214619414,19342.175490539485,alice,0.7864558976557573,bob,0.7094821004202151,0.07697379723554221,unknown,unknown,unknown,0,0,0,0,0,14.728859912307117,9.899997482934525,4.086730349835886,28.715587745077528
Bright_Near_20260114_210200_T2,1736900000.12,3,Bright,Near,4,4,1280,720,23.531441276396706,0,3,bob,4,1,0.7620348449153279,1043.517777916272,230.26266060217563,1170.8285941134307,366.34867348026114,17325.221372526103,bob,0.864731836875397,diana,0.7239311376479229,0.14080069922747407,bob,bob,bob,2,1,1,0,0,14.728859912307117,9.899997482934525,4.086730349835886,28.715587745077528
Bright_Near_20260114_210200_T2,1736900000.16,4,Bright,Near,4,4,1280,720,26.103754375424906,1,0,diana,1,1,0.6652995652870999,95.99541002151237,180.60099047620847,187.74372427700825,369.7387800598839,17353.073356312907,diana,0.8829541235214005,bob,0.7509951092176594,0.13195901430374102,diana,diana,diana,1,1,1,0,0,11.444109685378887,6.24611512512707,7.4970731360761915,25.18729794658215
Bright_Near_20260114_210200_T2,1736900000.16,4,Bright,Near,4,4,1280,720,26.103754375424906,1,1,chen,2,1,0.684578326785573,438.5883121443316,195.5930741321298,546.1779320472012,336.225031340285,15130.538822222044,chen,0.8106495401316464,diana,0.6810184389570111,0.12963110117463528,chen,chen,chen,1,1,1,0,0,11.444109685378887,6.24611512512707,7.4970731360761915,25.18729794658215
Bright_Near_20260114_210200_T2,1736900000.16,4,Bright,Near,4,4,1280,720,26.103754375424906,1,2,alice,3,1,0.6860928965910091,699.1050806847829,291.779982571505,817.6851966040365,500.24062505871814,24719.287150735807,bob,0.905865685661798,alice,0.878525237276945,0.027340448384853056,bob,bob,bob,1,0,0,1,0,11.444109685378887,6.24611512512707,7.4970731360761915,25.18729794658215
Bright_Near_20260114_210200_T2,1736900000.16,4,Bright,Near,4,4,1280,720,26.103754375424906,1,3,bob,4,1,0.8741902822609926,1064.8031504732785,170.33027205751304,1190.2300643283702,379.83877207007527,26278.00458298512,bob,0.8641789149456103,chen,0.8067708966128004,0.05740801833280984,unknown,unknown,unknown,0,0,0,0,0,11.444109685378887,6.24611512512707,7.4970731360761915,25.18729794658215
Bright_Near_20260114_210200_T2,1736900000.2,5,Bright,Near,4,4,1280,720,25.104654297965,0,0,diana,1,1,0.7050466693175422,117.22521818551556,256.71588471848156,219.82038042542186,388.0008551630025,13469.202842416928,diana,0.9183469288032513,alice,0.8410030074774774,0.07734392132577395,diana,diana,diana,2,1,1,0,0,12.243082295430742,6.17482605422945,5.90697464058742,24.324882990247612
Bright_Near_20260114_210200_T2,1736900000.2,5,Bright,Near,4,4,1280,720,25.104654297965,0,1,chen,2,1,0.8465104327135782,428.4630213680836,265.564224248864,515.2090482144049,419.8284034616636,13381.804631419232,chen,0.9245430201485805,alice,0.86452183351857,0.06002118663001044,chen,chen,chen,2,1,1,0,0,12.243082295430742,6.17482605422945,5.90697464058742,24.324882990247612
Bright_Near_20260114_210200_T2,1736900000.2,5,Bright,Near,4,4,1280,720,25.104654297965,0,2,alice,3,1,0.784518774883603,739.2358047601728,230.28122145668277,866.439480731343,363.6458576857688,16964.471972897652,alice,0.8712672075519703,chen,0.7847040333987496,0.08656317415322068,alice,alice,alice,2,1,1,0,0,12.243082295430742,6.17482605422945,5.90697464058742,24.324882990247612
Bright_Near_20260114_210200_T2,1736900000.2,5,Bright,Near,4,4,1280,720,25.104654297965,0,3,bob,4,1,0.8395515629241854,1050.0574406132232,254.87914756940393,1172.981655190295,433.94575252551806,22011.62177121312,bob,0.842286411592845,alice,0.7753431195098023,0.06694329208304273,bob,bob,bob,1,1,1,0,0,12.243082295430742,6.17482605422945,5.90697464058742,24.324882990247612
Bright_Near_20260114_210200_T2,1736900000.24,6,Bright,Near,4,4,1280,720,26.55644029848975,1,0,diana,1,1,0.6372943666730435,113.53670641011117,256.25029076834096,229.59062416478065,450.50224971066143,22543.700866775493,diana,0.8017508317752131,chen,0.7341028904047944,0.06764794137041874,diana,diana,diana,3,1,1,0,0,11.984229533223463,10.465921792908851,4.863652224354041,27.313803550486355
Bright_Near_20260114_210200_T2,1736900000.24,6,Bright,Near,4,4,1280,720,26.55644029848975,1,1,chen,2,1,0.899391517980845,438.7616150202103,197.25639701078686,546.0924117680679,344.36545980106473,15789.332918111138,chen,0.8227531738901404,diana,0.7583440732945272,0.06440910059561311,chen,chen,chen,1,1,1,0,0,11.984229533223463,10.465921792908851,4.863652224354041,27.313803550486355
Bright_Near_20260114_210200_T2,1736900000.24,6,Bright,Near,4,4,1280,720,26.55644029848975,1,2,alice,-1,0,-1.0,-1.0,-1.0,-1.0,-1.0,0.0,unknown,-1.0,unknown,-1.0,-1.0,unknown,unknown,unknown,0,0,0,0,1,11.984229533223463,10.465921792908851,4.863652224354041,27.313803550486355
Bright_Near_20260114_210200_T2,1736900000.24,6,Bright,Near,4,4,1280,720,26.55644029848975,1,3,bob,4,1,0.7722008728341742,1085.5831833646055,223.14084057248033,1176.4503604801032,361.57052739791106,12578.714870809297,bob,0.8786073916058642,chen,0.761929799712703,0.11667759189316118,bob,bob,bob,2,1,1,0,0,11.984229533223463,10.465921792908851,4.863652224354041,27.313803550486355
Bright_Near_20260114_210200_T2,1736900000.28,7,Bright,Near,4,4,1280,720,26.14808674739078,2,0,diana,1,1,0.6916593575436527,112.99034457032099,178.99829524059587,239.56992634597634,382.7909949364753,25795.99469643614,diana,0.871467644060543,chen,0.7693929002921167,0.10207474376842629,diana,diana,diana,1,1,1,0,0,10.92909522563263,7.952017436346501,1.3159956020280825,20.197108264007213
Bright_Near_20260114_210200_T2,1736900000.28,7,Bright,Near,4,4,1280,720,26.14808674739078,2,1,chen,2,1,0.8366283509513096,435.3085875988417,250.34501401318022,518.7829613019902,394.0254881036237,11993.637588071222,chen,0.8589915611758,bob,0.7974469606699276,0.061544600505872404,chen,chen,chen,2,1,1,0,0,10.92909522563263,7.952017436346501,1.3159956020280825,20.197108264007213
Bright_Near_20260114_210200_T2,1736900000.28,7,Bright,Near,4,4,1280,720,26.14808674739078,2,2,alice,3,1,0.7333437126473148,761.378994480414,182.45698419934064,843.4282297583474,384.3444535879482,16564.712475532426,alice,0.7972018983499178,bob,0.661336752491589,0.13586514585832887,alice,alice,alice,2,1,1,0,0,10.92909522563263,7.952017436346501,1.3159956020280825,20.197108264007213
Bright_Near_20260114_210200_T2,1736900000.28,7,Bright,Near,4,4,1280,720,26.14808674739078,2,3,bob,4,1,0.6773082896154371,1055.665621690249,203.19632782109863,1166.20863097718,347.64305523429823,15967.575929904115,bob,0.7007517803519091,diana,0.6600703006760573,0.040681479675851784,unknown,unknown,unknown,0,0,0,0,0,10.92909522563263,7.952017436346501,1.3159956020280825,20.197108264007213
Bright_Near_20260114_210200_T2,1736900000.32,8,Bright,Near,4,4,1280,720,30.165525325047554,2,0,diana,1,1,0.7673818684533747,92.22337338811406,165.919925404879,192.51559956883432,310.4914125752439,14499.396290573333,diana,0.6970182300348424,chen,0.5534741753010226,0.14354405473381981,diana,diana,diana,1,1,1,0,0,11.460870263508637,6.31843343798569,4.746654682821718,22.525958384316045
Bright_Near_20260114_210200_T2,1736900000.32,8,Bright,Near,4,4,1280,720,30.165525325047554,2,1,chen,2,1,0.7598106827630581,436.87544866941096,232.14223334689115,544.104889643409,376.2414186975362,15451.675089958198,chen,0.7886297652852196,alice,0.6097268306154172,0.17890293466980234,chen,chen,chen,3,1,1,0,0,11.460870263508637,6.31843343798569,4.746654682821718,22.525958384316045
Bright_Near_20260114_210200_T2,1736900000.32,8,Bright,Near,4,4,1280,720,30.165525325047554,2,2,alice,3,1,0.6884556634029938,761.426706789442,221.6661217086247,885.7276244196667,406.92098064007473,23027.34896063705,alice,0.7704222881513044,chen,0.700675144985546,0.06974714316575847,alice,alice,alice,2,1,1,0,0,11.460870263508637,6.31843343798569,4.746654682821718,22.525958384316045
Bright_Near_20260114_210200_T2,1736900000.32,8,Bright,Near,4,4,1280,720,30.165525325047554,2,3,bob,4,1,0.8256843290722469,1078.4655361192702,269.1356529708139,1188.2014065685578,428.002853004454,17433.430481532592,bob,0.7902272664287586,chen,0.6215632578697083,0.16866400855905028,bob,bob,bob,2,1,1,0,0,11.460870263508637,6.31843343798569,4.746654682821718,22.525958384316045
Bright_Near_20260114_210200_T2,1736900000.36,9,Bright,Near,4,4,1280,720,28.04317057293693,2,0,diana,1,1,0.6967977956585237,120.19377305540048,242.93022299215662,201.96158576242044,388.8252342034932,11929.515951617148,diana,0.8816617078001596,alice,0.7937181026631442,0.08794360513701538,diana,diana,diana,1,1,1,0,0,13.398032625802676,8.50597308301202,2.8561902233337815,24.760195932148477
Bright_Near_20260114_210200_T2,1736900000.36,9,Bright,Near,4,4,1280,720,28.04317057293693,2,1,chen,2,1,0.7361427272295556,414.7359344027877,192.08067558706338,528.4795086387816,330.6787047911897,15764.635223741992,chen,0.8839715698318193,bob,0.7065066812222816,0.1774648886095378,chen,chen,chen,2,1,1,0,0,13.398032625802676,8.50597308301202,2.8561902233337815,24.760195932148477
Bright_Near_20260114_210200_T2,1736900000.36,9,Bright,Near,4,4,1280,720,28.04317057293693,2,2,alice,3,1,0.8235816480577828,733.4430448198733,243.75394538159833,824.5040719819573,391.88872189788924,13489.304907999205,alice,0.8681051295302687,diana,0.7098774392088775,0.15822769032139128,alice,alice,alice,2,1,1,0,0,13.398032625802676,8.50597308301202,2.8561902233337815,24.760195932148477
Bright_Near_20260114_210200_T2,1736900000.36,9,Bright,Near,4,4,1280,720,28.04317057293693,2,3,bob,4,1,0.8215550791400744,1087.0777629925476,266.24274112741716,1174.3908234507392,407.2862988001049,12314.94467831381,bob,0.953402660782009,alice,0.7840975717329277,0.16930508904908126,bob,bob,bob,2,1,1,0,0,13.398032625802676,8.50597308301202,2.8561902233337815,24.760195932148477
Bright_Near_20260114_210200_T2,1736900000.4,10,Bright,Near,4,4,1280,720,25.715181690431677,0,0,diana,1,1,0.99,104.29770438364827,212.88601140555545,209.33059379942435,358.517899230843,15296.137969364134,diana,0.8542102212530949,chen,0.7510316471864132,0.10317857406668163,diana,diana,diana,1,1,1,0,0,22.15346523468861,12.330395724991705,23.07129504072995,57.555156000410264
Bright_Near_20260114_210200_T2,1736900000.4,10,Bright,Near,4,4,1280,720,25.715181690431677,0,1,chen,2,1,0.911951419838382,415.00162470679373,262.7932167216579,541.627817774906,462.8653900835967,25334.377651685692,chen,0.9774244506308839,diana,0.8568116804655747,0.12061277016530925,chen,chen,chen,2,1,1,0,0,22.15346523468861,12.330395724991705,23.07129504072995,57.555156000410264
Bright_Near_20260114_210200_T2,1736900000.4,10,Bright,Near,4,4,1280,720,25.715181690431677,0,2,alice,3,1,0.7055564089990675,728.8251736357375,176.12403971548943,850.0224350647565,364.6307400995669,22846.49584757077,alice,0.8293560289254862,bob,0.7481101784694578,0.08124585045602839,alice,alice,alice,3,1,1,0,0,22.15346523468861,12.330395724991705,23.07129504072995,57.555156000410264
Bright_Near_20260114_210200_T2,1736900000.4,10,Bright,Near,4,4,1280,720,25.715181690431677,0,3,bob,4,1,0.7472728247073348,1074.4356428958365,324.49376562445894,1162.566025356586,517.307407672877,16992.740017377117,bob,0.8519742486137509,diana,0.7572275875745959,0.09474666103915508,bob,bob,bob,2,1,1,0,0,22.15346523468861,12.330395724991705,23.07129504072995,57.555156000410264
Bright_Near_20260114_210200_T2,1736900000.44,11,Bright,Near,4,4,1280,720,24.618979664162396,1,0,diana,1,1,0.7127118102903917,150.18095676005086,250.17180556522237,234.29929050457477,404.2454623360752,12960.419281489825,diana,0.9022306138494386,chen,0.8282618284793143,0.0739687853701243,diana,diana,diana,2,1,1,0,0,13.652850017961265,11.884785411459859,7.770327308711266,33.30796273813239
Bright_Near_20260114_210200_T2,1736900000.44,11,Bright,Near,4,4,1280,720,24.618979664162396,1,1,chen,2,1,0.841620744863082,424.3367398049394,261.0399847805805,546.5400032214852,464.0913420287131,24813.5384968807,chen,0.937822431813076,diana,0.8614853122619812,0.07633711955109479,chen,chen,chen,3,1,1,0,0,13.652850017961265,11.884785411459859,7.770327308711266,33.30796273813239
Bright_Near_20260114_210200_T2,1736900000.44,11,Bright,Near,4,4,1280,720,24.618979664162396,1,2,alice,3,1,0.9555458720184165,756.5858333235622,329.2509383961988,842.6524942213571,511.40877921314615,15677.717115466712,alice,0.9528232917631442,diana,0.8352300129838961,0.11759327877924808,alice,alice,alice,3,1,1,0,0,13.652850017961265,11.884785411459859,7.770327308711266,33.30796273813239
Bright_Near_20260114_210200_T2,1736900000.44,11,Bright,Near,4,4,1280,720,24.618979664162396,1,3,bob,4,1,0.8954413936098916,1052.1602167806102,250.64188984847956,1170.9858901967816,439.76729488873025,22472.953614013968,bob,0.9162759215919047,alice,0.7985469955957538,0.11772892599615092,bob,bob,bob,2,1,1,0,0,13.652850017961265,11.884785411459859,7.770327308711266,33.30796273813239
Bright_Near_20260114_210200_T2,1736900000.48,12,Bright,Near,4,4,1280,720,24.700008309788167,0,0,diana,1,1,0.7355751292860879,104.00780893006623,276.26781030366743,222.37968016494727,460.1426714313938,21765.61138474286,diana,0.8992546566586285,alice,0.7375970680114715,0.16165758864715696,diana,diana,diana,2,1,1,0,0,12.822539969361227,11.670415509882245,8.028570661181346,32.52152614042482
Bright_Near_20260114_210200_T2,1736900000.48,12,Bright,Near,4,4,1280,720,24.700008309788167,0,1,chen,2,1,0.8062121914737487,450.0948770367311,281.46446844940345,561.7029306381221,470.96345371393414,21149.612904812948,chen,0.8709272297825835,bob,0.7307660176455397,0.1401612121370438,chen,chen,chen,3,1,1,0,0,12.822539969361227,11.670415509882245,8.028570661181346,32.52152614042482
Bright_Near_20260114_210200_T2,1736900000.48,12,Bright,Near,4,4,1280,720,24.700008309788167,0,2,alice,3,1,0.7029354884050116,731.7384277210508,292.8357502315532,857.8881810763958,447.7612822979571,19543.817658622436,alice,0.9318845335294131,bob,0.8279542110553377,0.10393032247407541,alice,alice,alice,2,1,1,0,0,12.822539969361227,11.670415509882245,8.028570661181346,32.52152614042482
Bright_Near_20260114_210200_T2,1736900000.48,12,Bright,Near,4,4,1280,720,24.700008309788167,0,3,bob,4,1,0.6325903296659035,1044.3082928476072,266.5717819709126,1159.0765700234167,447.42410887859745,20756.109982431295,diana,0.7690832364618435,bob,0.7468484431468665,0.02223479331497702,diana,diana,diana,1,0,0,1,0,12.822539969361227,11.670415509882245,8.028570661181346,32.52152614042482
Bright_Near_20260114_210200_T2,1736900000.52,13,Bright,Near,4,4,1280,720,25.577988586613007,2,0,diana,-1,0,-1.0,-1.0,-1.0,-1.0,-1.0,0.0,unknown,-1.0,unknown,-1.0,-1.0,unknown,unknown,unknown,0,0,0,0,1,10.363916008890223,7.080459555355446,2.5919628287288905,20.03633839297456
Bright_Near_20260114_210200_T2,1736900000.52,13,Bright,Near,4,4,1280,720,25.577988586613007,2,1,chen,2,1,0.9341834645863484,422.2140066921439,234.9082146796871,540.4013334721091,405.2728690932186,20134.94308292788,chen,0.8858248679968779,alice,0.7651779653189721,0.12064690267790579,chen,chen,chen,2,1,1,0,0,10.363916008890223,7.080459555355446,2.5919628287288905,20.03633839297456
Bright_Near_20260114_210200_T2,1736900000.52,13,Bright,Near,4,4,1280,720,25.577988586613007,2,2,alice,3,1,0.8618205510638846,761.2969002472913,293.65781156158454,846.7778397659091,465.05973881005644,14651.597776501154,alice,0.8508385089554252,bob,0.7552290455881324,0.09560946336729281,alice,alice,alice,2,1,1,0,0,10.363916008890223,7.080459555355446,2.5919628287288905,20.03633839297456
Bright_Near_20260114_210200_T2,1736900000.52,13,Bright,Near,4,4,1280,720,25.577988586613007,2,3,bob,4,1,0.8151157773332098,1083.646873043027,258.2864338318724,1166.558477203358,457.20858509800166,16492.95466449881,bob,0.7994862726338363,diana,0.7105469213173903,0.08893935131644604,bob,bob,bob,2,1,1,0,0,10.363916008890223,7.080459555355446,2.5919628287288905,20.03633839297456
Bright_Near_20260114_210200_T2,1736900000.56,14,Bright,Near,4,4,1280,720,23.048982125752637,1,0,diana,1,1,0.74455154455561,116.89059734468076,229.7320080237845,233.01584758927203,404.853386224862,20336.013866777837,diana,0.6998932463272534,chen,0.5870578872858743,0.11283535904137909,diana,diana,diana,3,1,1,0,0,12.564197977583746,6.6807467367502875,11.240018520527368,30.4849632348614
Bright_Near_20260114_210200_T2,1736900000.56,14,Bright,Near,4,4,1280,720,23.048982125752637,1,1,chen,2,1,0.7391642576222783,445.2054501011924,181.81159503571018,530.7722023448584,367.28688832254534,15870.518467995917,chen,0.8945010020432415,alice,0.7693489019996147,0.12515210004362676,chen,chen,chen,2,1,1,0,0,12.564197977583746,6.6807467367502875,11.240018520527368,30.4849632348614
Bright_Near_20260114_210200_T2,1736900000.56,14,Bright,Near,4,4,1280,720,23.048982125752637,1,2,alice,3,1,0.8436453232130628,737.0757952530429,213.3726340272211,833.64701842696,377.886258872354,15887.281980069409,alice,0.8620513878106532,bob,0.708657033773638,0.15339435403701518,alice,alice,alice,2,1,1,0,0,12.564197977583746,6.6807467367502875,11.240018520527368,30.4849632348614
Bright_Near_20260114_210200_T2,1736900000.56,14,Bright,Near,4,4,1280,720,23.048982125752637,1,3,bob,4,1,0.7764869420240673,1044.984512924524,227.93820498080152,1140.275934871565,440.39822964382904,20245.617857043253,diana,0.765488219945349,bob,0.7300568188973223,0.03543140104802667,unknown,unknown,unknown,0,0,0,0,0,12.564197977583746,6.6807467367502875,11.240018520527368,30.4849632348614
Bright_Near_20260114_210200_T2,1736900000.6,15,Bright,Near,4,4,1280,720,24.084926684142097,3,0,diana,1,1,0.7907942947239456,111.96820600373465,263.52006907883197,231.15282020497185,468.31118315834044,24407.949923407774,diana,0.8218788608560804,alice,0.7214013372172079,0.10047752363887252,diana,diana,diana,2,1,1,0,0,11.079948629742763,6.6562359679968415,13.234690711050014,30.97087530878962
Bright_Near_20260114_210200_T2,1736900000.6,15,Bright,Near,4,4,1280,720,24.084926684142097,3,1,chen,2,1,0.6272586733949963,435.425299122069,183.16515584620652,523.5637777529807,340.27060125780815,13847.03494321032,chen,0.8601810646752391,alice,0.7234715807403876,0.1367094839348515,chen,chen,chen,2,1,1,0,0,11.079948629742763,6.6562359679968415,13.234690711050014,30.97087530878962
Bright_Near_20260114_210200_T2,1736900000.6,15,Bright,Near,4,4,1280,720,24.084926684142097,3,2,alice,3,1,0.765198062610668,770.7557227888801,248.9071431925749,878.9401036787092,408.239432516255,17237.265076241456,alice,0.9575119854639583,bob,0.8413916834746731,0.11612030198928525,alice,alice,alice,2,1,1,0,0,11.079948629742763,6.6562359679968415,13.234690711050014,30.97087530878962
Bright_Near_20260114_210200_T2,1736900000.6,15,Bright,Near,4,4,1280,720,24.084926684142097,3,3,bob,4,1,0.7488714934540469,1076.3853649975529,248.0429774916831,1167.7520230449038,390.8317637300802,13046.134205239916,bob,0.7737441651785013,alice,0.6023546650026861,0.17138950017581522,bob,bob,bob,2,1,1,0,0,11.079948629742763,6.6562359679968415,13.234690711050014,30.97087530878962
Bright_Near_20260114_210200_T2,1736900000.64,16,Bright,Near,4,4,1280,720,29.48867745601632,1,0,diana,1,1,0.8605901258987002,100.80021913219973,299.9960638832444,220.2143086040811,460.05445142329705,19113.22661043291,diana,0.8812045299793809,alice,0.7039604049683559,0.17724412501102504,diana,diana,diana,2,1,1,0,0,15.844664558834156,8.466215094730055,4.758053292871388,29.0689329464356
Bright_Near_20260114_210200_T2,1736900000.64,16,Bright,Near,4,4,1280,720,29.48867745601632,1,1,chen,-1,0,-1.0,-1.0,-1.0,-1.0,-1.0,0.0,unknown,-1.0,unknown,-1.0,-1.0,unknown,unknown,unknown,0,0,0,0,1,15.844664558834156,8.466215094730055,4.758053292871388,29.0689329464356
Bright_Near_20260114_210200_T2,1736900000.64,16,Bright,Near,4,4,1280,720,29.48867745601632,1,2,alice,3,1,0.805398349014286,776.1974413291724,245.53828983172886,902.256902710954,409.3893323243651,20654.974163465136,alice,0.817181667870747,chen,0.7135791157419371,0.10360255212880987,alice,alice,alice,3,1,1,0,0,15.844664558834156,8.466215094730055,4.758053292871388,29.0689329464356
Bright_Near_20260114_210200_T2,1736900000.64,16,Bright,Near,4,4,1280,720,29.48867745601632,1,3,bob,4,1,0.7063455788466325,1055.681081018371,177.25142147126445,1177.1094787933803,332.3260526391991,18830.463998272808,bob,0.7987854545699272,chen,0.7070003137867146,0.09178514078321265,bob,bob,bob,2,1,1,0,0,15.844664558834156,8.466215094730055,4.758053292871388,29.0689329464356
Bright_Near_20260114_210200_T2,1736900000.68,17,Bright,Near,4,4,1280,720,22.999270111815154,0,0,diana,1,1,0.7677322877564161,116.57939961563761,251.7439791769698,235.29855944297321,417.00072154383906,19619.141609597176,diana,0.9497074506493128,chen,0.8106967821221427,0.13901066852717014,diana,diana,diana,1,1,1,0,0,14.17029853205358,6.006787529033325,7.307486731611418,27.484572792698323
Bright_Near_20260114_210200_T2,1736900000.68,17,Bright,Near,4,4,1280,720,22.999270111815154,0,1,chen,2,1,0.7617924335076256,409.0841475504611,359.227786109317,525.9965232315756,489.40745435762346,15219.614280288853,chen,0.8680059640162519,bob,0.7207665193340171,0.1472394446822347,chen,chen,chen,2,1,1,0,0,14.17029853205358,6.006787529033325,7.307486731611418,27.484572792698323
Bright_Near_20260114_210200_T2,1736900000.68,17,Bright,Near,4,4,1280,720,22.999270111815154,0,2,alice,3,1,0.9078319482405623,696.0121106874878,302.31093803236905,812.667321014849,435.0449707281138,15484.116501720937,alice,0.99,diana,0.8321368829267335,0.1578631170732665,alice,alice,alice,2,1,1,0,0,14.17029853205358,6.006787529033325,7.307486731611418,27.484572792698323
Bright_Near_20260114_210200_T2,1736900000.68,17,Bright,Near,4,4,1280,720,22.999270111815154,0,3,bob,4,1,0.6560333981585896,1059.143660070702,246.64162882938155,1139.2315239900513,439.7853569533434,15468.468614867652,bob,0.8637054628309284,alice,0.7467411134666528,0.11696434936427558,bob,bob,bob,1,1,1,0,0,14.17029853205358,6.006787529033325,7.307486731611418,27.484572792698323
Bright_Near_20260114_210200_T2,1736900000.72,18,Bright,Near,4,4,1280,720,26.251410001727322,0,0,diana,1,1,0.6685540016888764,97.25407996462216,230.37016769455082,221.08101732934517,364.73457437499314,16637.9329700673,diana,0.9116650909271724,bob,0.8471240202315442,0.0645410706956282,diana,diana,diana,1,1,1,0,0,16.440885916439797,10.637913952854241,12.097939732375501,39.17673960166954
Bright_Near_20260114_210200_T2,1736900000.72,18,Bright,Near,4,4,1280,720,26.251410001727322,0,1,chen,2,1,0.7015861006342244,422.9902491229586,121.16000751537455,523.419779768426,322.54395490620755,20224.89531599286,chen,0.9257683509148926,bob,0.7522643197899255,0.17350403112496715,chen,chen,chen,2,1,1,0,0,16.440885916439797,10.637913952854241,12.097939732375501,39.17673960166954
Bright_Near_20260114_210200_T2,1736900000.72,18,Bright,Near,4,4,1280,720,26.251410001727322,0,2,alice,-1,0,-1.0,-1.0,-1.0,-1.0,-1.0,0.0,unknown,-1.0,unknown,-1.0,-1.0,unknown,unknown,unknown,0,0,0,0,1,16.440885916439797,10.637913952854241,12.097939732375501,39.17673960166954
Bright_Near_20260114_210200_T2,1736900000.72,18,Bright,Near,4,4,1280,720,26.251410001727322,0,3,bob,4,1,0.9621320927293122,1062.9942003874423,264.0424561508804,1178.2556111700671,457.4064468032178,22287.406357146687,bob,0.807497867280788,chen,0.6530762279757114,0.15442163930507657,bob,bob,bob,3,1,1,0,0,16.440885916439797,10.637913952854241,12.097939732375501,39.17673960166954
Bright_Near_20260114_210200_T2,1736900000.76,19,Bright,Near,4,4,1280,720,22.94802753040207,0,0,diana,1,1,0.7633336171905972,113.91385852065879,198.9617188342187,201.0601747982239,408.2884006302404,18242.049217129337,diana,0.9127941382374366,alice,0.7714541345491068,0.14134000368832977,diana,diana,diana,1,1,1,0,0,10.484935722963732,6.248943419799743,11.471887015888598,28.20576615865207
Bright_Near_20260114_210200_T2,1736900000.76,19,Bright,Near,4,4,1280,720,22.94802753040207,0,1,chen,2,1,0.8281690409603912,417.97951275611666,256.68654187363956,526.2493948708318,395.58833339239783,15038.880593258697,chen,0.854862970247181,diana,0.7601785377531403,0.0946844324940408,chen,chen,chen,3,1,1,0,0,10.484935722963732,6.248943419799743,11.471887015888598,28.20576615865207
Bright_Near_20260114_210200_T2,1736900000.76,19,Bright,Near,4,4,1280,720,22.94802753040207,0,2,alice,3,1,0.7320407214290701,730.2247462633179,246.45976208236584,833.1936540708693,445.6095157594932,20506.232626276706,alice,0.7540546096751091,diana,0.6147147607806036,0.13933984889450546,alice,alice,alice,2,1,1,0,0,10.484935722963732,6.248943419799743,11.471887015888598,28.20576615865207
Bright_Near_20260114_210200_T2,1736900000.76,19,Bright,Near,4,4,1280,720,22.94802753040207,0,3,bob,4,1,0.755451397094927,1084.237547158529,283.00474799753,1165.400711555638,425.7006162100105,11581.648210517767,bob,0.8627464535830126,alice,0.6869132158757079,0.17583323770730475,bob,bob,bob,1,1,1,0,0,10.484935722963732,6.248943419799743,11.471887015888598,28.20576615865207
Bright_Near_20260114_210200_T2,1736900000.8,20,Bright,Near,4,4,1280,720,21.500831125409476,2,0,diana,1,1,0.7454081789896903,125.56409915947336,270.72792313089417,245.65410545780964,418.08731673247826,17696.39050573325,diana,0.7970944821979012,bob,0.6899004858741788,0.1071939963237224,diana,diana,diana,2,1,1,0,0,18.325229337042654,11.010687815635036,12.46049270949185,41.79640986216954
Bright_Near_20260114_210200_T2,1736900000.8,20,Bright,Near,4,4,1280,720,21.500831125409476,2,1,chen,2,1,0.6708540769891189,420.9728918242621,296.14365674797165,539.9510137212594,471.6082253200115,20876.444828168205,chen,0.8498278644128986,alice,0.7091005731846789,0.1407272912282197,chen,chen,chen,2,1,1,0,0,18.325229337042654,11.010687815635036,12.46049270949185,41.79640986216954
Bright_Near_20260114_210200_T2,1736900000.8,20,Bright,Near,4,4,1280,720,21.500831125409476,2,2,alice,3,1,0.7272583315492336,742.4702664232202,307.303909304865,855.5598137767772,462.87274205517247,17593.208878053487,alice,0.8411254584710168,diana,0.6712099783137442,0.16991548015727265,alice,alice,alice,2,1,1,0,0,18.325229337042654,11.010687815635036,12.46049270949185,41.79640986216954
Bright_Near_20260114_210200_T2,1736900000.8,20,Bright,Near,4,4,1280,720,21.500831125409476,2,3,bob,4,1,0.8002861237346028,1066.0667915550896,285.88657148980894,1191.9561345488185,487.74919521533354,25412.353075796596,bob,0.9324324731161622,alice,0.8597873794540849,0.07264509366207728,bob,bob,bob,2,1,1,0,0,18.325229337042654,11.010687815635036,12.46049270949185,41.79640986216954
Bright_Near_20260114_210200_T2,1736900000.84,21,Bright,Near,4,4,1280,720,23.822809816268904,1,0,diana,1,1,0.7979496879686148,104.42541417043428,218.8808090803202,225.7952141921421,432.4502714519392,25920.882938787054,diana,0.8477854701869177,chen,0.7195969367055334,0.12818853348138437,diana,diana,diana,2,1,1,0,0,13.490713354206195,9.585157313157492,5.6922173274642685,28.768087994827955
Bright_Near_20260114_210200_T2,1736900000.84,21,Bright,Near,4,4,1280,720,23.822809816268904,1,1,chen,2,1,0.7899536407549644,419.77219825528107,246.51981336176482,526.9473973942153,416.0046176336472,18164.567648862278,chen,0.891184235254391,alice,0.7960762644998196,0.09510797075457145,chen,chen,chen,1,1,1,0,0,13.490713354206195,9.585157313157492,5.6922173274642685,28.768087994827955
Bright_Near_20260114_210200_T2,1736900000.84,21,Bright,Near,4,4,1280,720,23.822809816268904,1,2,alice,3,1,0.6269492119079711,736.4093129686106,189.9278968443843,833.2486063892853,342.7413584313268,14798.347645246928,alice,0.7144492536200078,bob,0.6720927024550022,0.042356551165005585,unknown,unknown,unknown,0,0,0,0,0,13.490713354206195,9.585157313157492,5.6922173274642685,28.768087994827955
Bright_Near_20260114_210200_T2,1736900000.84,21,Bright,Near,4,4,1280,720,23.822809816268904,1,3,bob,4,1,0.8003279939810172,1070.8245990904054,302.67205560527117,1168.0693430927392,459.09517944176406,15211.326633525117,bob,0.88786284673992,chen,0.7395574599736642,0.14830538676625582,bob,bob,bob,1,1,1,0,0,13.490713354206195,9.585157313157492,5.6922173274642685,28.768087994827955
Bright_Near_20260114_210200_T2,1736900000.88,22,Bright,Near,4,4,1280,720,24.781671997862333,0,0,diana,1,1,0.7454732085750867,90.75886415629299,281.2624716782222,196.78092942038109,492.5936802945428,22405.771192258162,diana,0.8949960113306189,alice,0.8022030247047555,0.09279298662586344,diana,diana,diana,2,1,1,0,0,10.903133710034929,8.40670396965896,10.165723368397764,29.475561048091652
Bright_Near_20260114_210200_T2,1736900000.88,22,Bright,Near,4,4,1280,720,24.781671997862333,0,1,chen,2,1,0.8349946630805932,399.1194908360974,174.77094472294587,515.0152607158857,363.555177368772,21879.293983653082,chen,0.9368373836769768,alice,0.7758983843026527,0.1609389993743241,chen,chen,chen,2,1,1,0,0,10.903133710034929,8.40670396965896,10.165723368397764,29.475561048091652
Bright_Near_20260114_210200_T2,1736900000.88,22,Bright,Near,4,4,1280,720,24.781671997862333,0,2,alice,3,1,0.6733379401989004,784.8608966822719,237.74569727873524,872.7783486478202,382.4690894188935,12723.711876773565,alice,0.8823680966286324,chen,0.7803151822297358,0.10205291439889652,alice,alice,alice,3,1,1,0,0,10.903133710034929,8.40670396965896,10.165723368397764,29.475561048091652
Bright_Near_20260114_210200_T2,1736900000.88,22,Bright,Near,4,4,1280,720,24.781671997862333,0,3,bob,4,1,0.845249573390554,1085.5830232970604,189.50620946675724,1201.7513515476473,372.64309635941413,21274.705991336774,bob,0.9170313925151574,chen,0.8052335458259459,0.11179784668921156,bob,bob,bob,1,1,1,0,0,10.903133710034929,8.40670396965896,10.165723368397764,29.475561048091652
Bright_Near_20260114_210200_T2,1736900000.92,23,Bright,Near,4,4,1280,720,23.05506626508694,2,0,diana,1,1,0.8709061520534177,84.73667282607946,200.91379760977827,212.23254493209188,381.28207696801155,22996.21107703883,diana,0.8797279065322656,chen,0.7490460303057909,0.13068187622647476,diana,diana,diana,1,1,1,0,0,12.24794488033977,7.492731786306433,11.197737051317645,30.938413717963847
Bright_Near_20260114_210200_T2,1736900000.92,23,Bright,Near,4,4,1280,720,23.05506626508694,2,1,chen,2,1,0.8914214356138401,430.6001704085371,216.58914926248994,540.7701523555031,397.62212169310885,19944.39930448688,chen,0.8692740019416084,diana,0.7255761305639248,0.14369787137768364,chen,chen,chen,1,1,1,0,0,12.24794488033977,7.492731786306433,11.197737051317645,30.938413717963847
Bright_Near_20260114_210200_T2,1736900000.92,23,Bright,Near,4,4,1280,720,23.05506626508694,2,2,alice,3,1,0.6886225153721026,749.9468541006565,211.78988592892674,854.368734632191,366.01197472927436,16104.160532033604,alice,0.8831198925430728,diana,0.7291600399048053,0.1539598526382675,alice,alice,alice,3,1,1,0,0,12.24794488033977,7.492731786306433,11.197737051317645,30.938413717963847
Bright_Near_20260114_210200_T2,1736900000.92,23,Bright,Near,4,4,1280,720,23.05506626508694,2,3,bob,4,1,0.7913528321356994,1063.9530126857953,179.21220869403987,1169.5943280550719,375.7099697020484,20758.281940003755,bob,0.81409448835278,chen,0.7527073622819148,0.06138712607086516,bob,bob,bob,2,1,1,0,0,12.24794488033977,7.492731786306433,11.197737051317645,30.938413717963847
Bright_Near_20260114_210200_T2,1736900000.96,24,Bright,Near,4,4,1280,720,26.221358902873728,3,0,diana,1,1,0.6185690375773552,112.50344777045797,307.8608899346175,193.5305595180983,439.1562971454871,10638.487632027074,diana,0.9242637743578576,chen,0.8034385816815869,0.12082519267627068,diana,diana,diana,1,1,1,0,0,11.00620374224803,6.40535193867065,7.137863899751215,24.549419580669895
Bright_Near_20260114_210200_T2,1736900000.96,24,Bright,Near,4,4,1280,720,26.221358902873728,3,1,chen,2,1,0.7542827676332386,436.7175311344429,225.13473338509016,525.8069849157624,397.9087451445005,15392.342335253144,chen,0.779689867472295,alice,0.7175801228838121,0.06210974458848284,chen,chen,chen,3,1,1,0,0,11.00620374224803,6.40535193867065,7.137863899751215,24.549419580669895
Bright_Near_20260114_210200_T2,1736900000.96,24,Bright,Near,4,4,1280,720,26.221358902873728,3,2,alice,3,1,0.7878136051324162,756.7315297191939,172.06235645221403,880.0350127254084,377.1548870395389,25288.623359975736,alice,0.7899827178136113,diana,0.6481203401895332,0.14186237762407805,alice,alice,alice,2,1,1,0,0,11.00620374224803,6.40535193867065,7.137863899751215,24.549419580669895
Bright_Near_20260114_210200_T2,1736900000.96,24,Bright,Near,4,4,1280,720,26.221358902873728,3,3,bob,4,1,0.9031645865126985,1086.3828061570985,299.17509748732033,1171.4054999132072,450.7596955045455,12888.130855361389,bob,0.7528924787015067,chen,0.6058521905127146,0.1470402881887921,bob,bob,bob,2,1,1,0,0,11.00620374224803,6.40535193867065,7.137863899751215,24.549419580669895
Bright_Near_20260114_210200_T2,1736900001.0,25,Bright,Near,4,4,1280,720,25.43737078287843,4,0,diana,1,1,0.8197991848020529,122.49579520401133,235.80609578338073,205.49258216088018,450.60184449243656,17827.356994846643,diana,0.8363742057008956,bob,0.7537495478114639,0.08262465788943174,diana,diana,diana,2,1,1,0,0,22.05603061408251,13.675257613647698,6.788467964019279,42.51975619174949
Bright_Near_20260114_210200_T2,1736900001.0,25,Bright,Near,4,4,1280,720,25.43737078287843,4,1,chen,2,1,0.7366481733409981,447.6393619102145,204.0844564284214,561.0716240108953,419.0470993386343,24383.69885244633,chen,0.8486763543282219,diana,0.677881670108079,0.17079468422014288,chen,chen,chen,2,1,1,0,0,22.05603061408251,13.675257613647698,6.788467964019279,42.51975619174949
Bright_Near_20260114_210200_T2,1736900001.0,25,Bright,Near,4,4,1280,720,25.43737078287843,4,2,alice,3,1,0.7474589753644332,761.1561112497553,229.30037788114277,864.2739560782467,368.87455454843933,14392.588291642725,alice,0.8579178133226177,bob,0.7563011715983524,0.10161664172426532,alice,alice,alice,2,1,1,0,0,22.05603061408251,13.675257613647698,6.788467964019279,42.51975619174949
Bright_Near_20260114_210200_T2,1736900001.0,25,Bright,Near,4,4,1280,720,25.43737078287843,4,3,bob,4,1,0.7278899954589473,1059.3906255747158,300.92816987091715,1155.153312499044,434.4672154534703,12788.057814295624,bob,0.821241007798075,alice,0.7488696235736081,0.07237138422446687,bob,bob,bob,1,1,1,0,0,22.05603061408251,13.675257613647698,6.788467964019279,42.51975619174949
Bright_Near_20260114_210200_T2,1736900001.04,26,Bright,Near,4,4,1280,720,26.556040973731,2,0,diana,1,1,0.8079001711575343,128.08089569100724,198.37052827290114,225.1158470752369,409.38817374617605,20476.08696971384,diana,0.8206180122332648,bob,0.7071329147533915,0.11348509747987334,diana,diana,diana,1,1,1,0,0,8.853315382157101,6.142203834930255,6.7497479618569685,21.745267178944324
Bright_Near_20260114_210200_T2,1736900001.04,26,Bright,Near,4,4,1280,720,26.556040973731,2,1,chen,2,1,0.8559671115823982,412.62929380503704,197.7027038429509,534.1659385784427,399.1786689646791,24486.71280337855,chen,0.8325205776266105,alice,0.7361319278917094,0.09638864973490102,chen,chen,chen,2,1,1,0,0,8.853315382157101,6.142203834930255,6.7497479618569685,21.745267178944324
Bright_Near_20260114_210200_T2,1736900001.04,26,Bright,Near,4,4,1280,720,26.556040973731,2,2,alice,3,1,0.8356626522326915,756.3717631165312,249.01921379818538,864.2125621653695,386.6390533093706,14841.033457859106,alice,0.9148654902426379,chen,0.8285882968825746,0.08627719336006323,alice,alice,alice,1,1,1,0,0,8.853315382157101,6.142203834930255,6.7497479618569685,21.745267178944324
Bright_Near_20260114_210200_T2,1736900001.04,26,Bright,Near,4,4,1280,720,26.556040973731,2,3,bob,4,1,0.6805941596625108,1053.208319098158,301.7194234590517,1159.9305279096425,479.56655799733045,18980.239028718363,bob,0.8954569295504119,diana,0.831904777147178,0.06355215240323386,bob,bob,bob,3,1,1,0,0,8.853315382157101,6.142203834930255,6.7497479618569685,21.745267178944324
Bright_Near_20260114_210200_T2,1736900001.08,27,Bright,Near,4,4,1280,720,25.947510747830894,1,0,diana,1,1,0.671570513124533,101.5564738015564,112.5763161833978,224.10662218331257,242.8196924344,15961.345085301216,diana,0.9152570982607185,chen,0.7458436382108629,0.1694134600498557,diana,diana,diana,3,1,1,0,0,24.11330244940425,18.446967788945262,6.78015136866048,49.34042160700999
Bright_Near_20260114_210200_T2,1736900001.08,27,Bright,Near,4,4,1280,720,25.947510747830894,1,1,chen,2,1,0.8368347777835781,426.21358787142447,213.34714195218868,519.7026664038544,403.87016203495654,17811.821586753616,chen,0.8239217851360325,diana,0.7063185781332926,0.11760320700273996,chen,chen,chen,2,1,1,0,0,24.11330244940425,18.446967788945262,6.78015136866048,49.34042160700999
Bright_Near_20260114_210200_T2,1736900001.08,27,Bright,Near,4,4,1280,720,25.947510747830894,1,2,alice,3,1,0.7740562596738865,776.6231797011866,181.15823499054272,859.7321837037881,347.78391508633626,13848.094314017506,alice,0.7814748175161641,diana,0.6563664551863289,0.12510836232983524,alice,alice,alice,3,1,1,0,0,24.11330244940425,18.446967788945262,6.78015136866048,49.34042160700999
Bright_Near_20260114_210200_T2,1736900001.08,27,Bright,Near,4,4,1280,720,25.947510747830894,1,3,bob,4,1,0.7507164926607227,1069.8046090697405,251.2833027450095,1155.3927116386433,406.1013760845212,13250.585140502031,bob,0.8224734163430562,diana,0.739898822294899,0.08257459404815715,bob,bob,bob,2,1,1,0,0,24.11330244940425,18.446967788945262,6.78015136866048,49.34042160700999
Bright_Near_20260114_210200_T2,1736900001.12,28,Bright,Near,4,4,1280,720,27.421633731685397,3,0,diana,1,1,0.789966468846195,100.72884649330103,313.8561867416734,206.52503965114084,500.3362407314882,19728.879811990842,diana,0.8689436297326381,chen,0.7389556638028069,0.1299879659298312,diana,diana,diana,2,1,1,0,0,8.9252648970301,9.050950835184475,7.18358957721234,25.159805309426915
Bright_Near_20260114_210200_T2,1736900001.12,28,Bright,Near,4,4,1280,720,27.421633731685397,3,1,chen,-1,0,-1.0,-1.0,-1.0,-1.0,-1.0,0.0,unknown,-1.0,unknown,-1.0,-1.0,unknown,unknown,unknown,0,0,0,0,1,8.9252648970301,9.050950835184475,7.18358957721234,25.159805309426915
Bright_Near_20260114_210200_T2,1736900001.12,28,Bright,Near,4,4,1280,720,27.421633731685397,3,2,alice,3,1,0.6460081871472052,765.027124871753,317.92778117076455,850.0731817343386,455.4158826392659,11692.820895419103,alice,0.7280426479190301,diana,0.7011897054441631,0.026852942474866914,unknown,unknown,unknown,0,0,0,0,0,8.9252648970301,9.050950835184475,7.18358957721234,25.159805309426915
Bright_Near_20260114_210200_T2,1736900001.12,28,Bright,Near,4,4,1280,720,27.421633731685397,3,3,bob,4,1,0.7242319068093919,1068.703891607091,308.5048456232503,1164.5084111447136,462.7474006554171,14777.133877112052,bob,0.8330574831973326,chen,0.6693314890625288,0.16372599413480382,bob,bob,bob,1,1,1,0,0,8.9252648970301,9.050950835184475,7.18358957721234,25.159805309426915
Bright_Near_20260114_210200_T2,1736900001.16,29,Bright,Near,4,4,1280,720,26.376383335778897,1,0,diana,1,1,0.7991411831769158,112.03851260692429,271.44717601870394,199.5834028611072,455.1926266709143,16085.975312053139,diana,0.9002855576827876,chen,0.7927041145789505,0.1075814431038371,diana,diana,diana,1,1,1,0,0,13.660825972774226,7.0725450785910775,4.972275966204559,25.705647017569863
Bright_Near_20260114_210200_T2,1736900001.16,29,Bright,Near,4,4,1280,720,26.376383335778897,1,1,chen,2,1,0.7750580476726877,428.10032984336294,241.27192135484063,513.336309172569,428.7330192829738,15978.43026803264,chen,0.8815980296537107,bob,0.7280256862231453,0.15357234343056536,chen,chen,chen,1,1,1,0,0,13.660825972774226,7.0725450785910775,4.972275966204559,25.705647017569863
Bright_Near_20260114_210200_T2,1736900001.16,29,Bright,Near,4,4,1280,720,26.376383335778897,1,2,alice,3,1,0.7509576512765511,735.7677204155638,227.6709638269424,828.9651630463289,360.8099163842571,12408.209892880506,alice,0.8897869793306343,bob,0.806997250261118,0.08278972906951632,alice,alice,alice,1,1,1,0,0,13.660825972774226,7.0725450785910775,4.972275966204559,25.705647017569863
Bright_Near_20260114_210200_T2,1736900001.16,29,Bright,Near,4,4,1280,720,26.376383335778897,1,3,bob,4,1,0.8625301863479302,1048.7901800860993,257.55612073160086,1173.9794560432117,392.0074547123084,16831.865152512677,bob,0.7902236641177427,chen,0.6791865805973352,0.11103708352040753,bob,bob,bob,3,1,1,0,0,13.660825972774226,7.0725450785910775,4.972275966204559,25.705647017569863
Bright_Near_20260114_210200_T2,1736900001.2,30,Bright,Near,4,4,1280,720,26.4865160479965,1,0,diana,1,1,0.6348523746662667,111.15355729435055,253.91546301180057,239.02334607678682,444.7582376583743,24403.025284711468,diana,0.9284959541801787,chen,0.7916507953758383,0.13684515880434045,diana,diana,diana,2,1,1,0,0,17.94650433115686,9.731449544088285,5.380622933272129,33.05857680851727
Bright_Near_20260114_210200_T2,1736900001.2,30,Bright,Near,4,4,1280,720,26.4865160479965,1,1,chen,2,1,0.7666648288061789,398.2559081173476,215.4942780174634,516.7036935124036,400.7823883980565,21946.96633461594,chen,0.9609196679094432,alice,0.7816737455209181,0.1792459223885251,chen,chen,chen,3,1,1,0,0,17.94650433115686,9.731449544088285,5.380622933272129,33.05857680851727
Bright_Near_20260114_210200_T2,1736900001.2,30,Bright,Near,4,4,1280,720,26.4865160479965,1,2,alice,3,1,0.8408977402272937,763.121833647023,214.51610157328918,855.5813064146836,408.62003645944304,17946.74748170211,alice,0.8071477030797904,bob,0.6776252647769785,0.12952243830281196,alice,alice,alice,2,1,1,0,0,17.94650433115686,9.731449544088285,5.380622933272129,33.05857680851727
Bright_Near_20260114_210200_T2,1736900001.2,30,Bright,Near,4,4,1280,720,26.4865160479965,1,3,bob,-1,0,-1.0,-1.0,-1.0,-1.0,-1.0,0.0,unknown,-1.0,unknown,-1.0,-1.0,unknown,unknown,unknown,0,0,0,0,1,17.94650433115686,9.731449544088285,5.380622933272129,33.05857680851727
Bright_Near_20260114_210200_T2,1736900001.24,31,Bright,Near,4,4,1280,720,21.009920315832495,2,0,diana,1,1,0.7753202352313564,111.71923651650873,290.60334261378256,204.04140452397547,467.14521984994843,16298.728850550875,diana,0.8984408775511882,alice,0.8028123611765074,0.09562851637468073,diana,diana,diana,1,1,1,0,0,11.322353889405468,6.415393438151437,5.682201115137824,23.41994844269473
Bright_Near_20260114_210200_T2,1736900001.24,31,Bright,Near,4,4,1280,720,21.009920315832495,2,1,chen,2,1,0.679628289877382,426.4182724211517,265.25454982629833,550.2522328682036,449.2141033902882,22780.44007990044,chen,0.8620823931991412,diana,0.6902456021384351,0.17183679106070604,chen,chen,chen,3,1,1,0,0,11.322353889405468,6.415393438151437,5.682201115137824,23.41994844269473
Bright_Near_20260114_210200_T2,1736900001.24,31,Bright,Near,4,4,1280,720,21.009920315832495,2,2,alice,3,1,0.8087921904197785,761.0057909537563,215.59521789180894,857.9390900699709,375.51078907562476,15501.143894901124,alice,0.7661812783541152,diana,0.7012614589923499,0.06491981936176527,alice,alice,alice,1,1,1,0,0,11.322353889405468,6.415393438151437,5.682201115137824,23.41994844269473
Bright_Near_20260114_210200_T2,1736900001.24,31,Bright,Near,4,4,1280,720,21.009920315832495,2,3,bob,4,1,0.8340408664154523,1030.1675743268368,219.31590395167407,1155.5090234030652,404.4217500817356,23201.434986423275,bob,0.9156903652899916,alice,0.8146232018784549,0.10106716341153665,bob,bob,bob,2,1,1,0,0,11.322353889405468,6.415393438151437,5.682201115137824,23.41994844269473
Bright_Near_20260114_210200_T2,1736900001.28,32,Bright,Near,4,4,1280,720,23.29107106226181,0,0,diana,1,1,0.8254683335337601,119.07556612007448,228.19357327805886,239.4585409265071,374.1008170410748,17564.74804999917,diana,0.9409018428978357,alice,0.8690727149337385,0.07182912796409724,diana,diana,diana,2,1,1,0,0,17.79130477662124,15.661070042316371,8.861821834663925,42.314196653601535
Bright_Near_20260114_210200_T2,1736900001.28,32,Bright,Near,4,4,1280,720,23.29107106226181,0,1,chen,2,1,0.7365103515158945,436.1611860128717,176.1239955364052,556.1582248545238,376.4379225547674,24037.078080946274,chen,0.8424073087044822,bob,0.7219755471700039,0.12043176153447832,chen,chen,chen,2,1,1,0,0,17.79130477662124,15.661070042316371,8.861821834663925,42.314196653601535
Bright_Near_20260114_210200_T2,1736900001.28,32,Bright,Near,4,4,1280,720,23.29107106226181,0,2,alice,3,1,0.8706885986703076,749.3638765476296,235.96716580570123,861.6397191811618,430.1978200994039,21807.410376087755,alice,0.7081631632855213,bob,0.6728106463429544,0.035352516942566914,unknown,unknown,unknown,0,0,0,0,0,17.79130477662124,15.661070042316371,8.861821834663925,42.314196653601535
Bright_Near_20260114_210200_T2,1736900001.28,32,Bright,Near,4,4,1280,720,23.29107106226181,0,3,bob,4,1,0.776581392563107,1080.5838017473045,222.57300246451166,1161.475199210456,417.2510022559885,15747.77545846366,bob,0.7452048700151026,chen,0.6184692421312044,0.12673562788389825,bob,bob,bob,3,1,1,0,0,17.79130477662124,15.661070042316371,8.861821834663925,42.314196653601535
Bright_Near_20260114_210200_T2,1736900001.32,33,Bright,Near,4,4,1280,720,21.98001449274586,2,0,diana,1,1,0.6804849780929694,106.57405726545,219.30483717039604,191.878170547587,395.7680991246448,15053.042087880649,diana,0.7838321668165313,bob,0.7685894247173907,0.015242742099140671,unknown,unknown,unknown,0,0,0,0,0,14.690194853991008,10.311852601804992,3.583814261540578,28.585861717336577
Bright_Near_20260114_210200_T2,1736900001.32,33,Bright,Near,4,4,1280,720,21.98001449274586,2,1,chen,2,1,0.7957135272437544,444.70379872168434,248.74394412899682,530.6876957709632,411.94647310787724,14032.789449901999,chen,0.8471056545904813,alice,0.7776763094036185,0.06942934518686272,chen,chen,chen,2,1,1,0,0,14.690194853991008,10.311852601804992,3.583814261540578,28.585861717336577
Bright_Near_20260114_210200_T2,1736900001.32,33,Bright,Near,4,4,1280,720,21.98001449274586,2,2,alice,3,1,0.8670538598671275,729.1548576631162,338.1330641753428,838.715224460132,511.72730564395346,19019.048769150722,alice,0.8910380804450955,bob,0.8241246390608881,0.0669134413842074,alice,alice,alice,3,1,1,0,0,14.690194853991008,10.311852601804992,3.583814261540578,28.585861717336577
Bright_Near_20260114_210200_T2,1736900001.32,33,Bright,Near,4,4,1280,720,21.98001449274586,2,3,bob,4,1,0.8008284662796137,1056.0790871551378,277.49205448651384,1161.9181519384686,437.63762832108824,16949.657763841198,bob,0.8830524868694405,chen,0.7939751627869689,0.0890773240824716,bob,bob,bob,2,1,1,0,0,14.690194853991008,10.311852601804992,3.583814261540578,28.585861717336577
Bright_Near_20260114_210200_T2,1736900001.36,34,Bright,Near,4,4,1280,720,26.565316496765433,0,0,diana,1,1,0.8433736802504685,81.56637211275043,248.492550971519,175.19440236163186,405.60590701373997,14710.214052024343,diana,0.819373215369922,bob,0.6945827247153957,0.1247904906545263,diana,diana,diana,2,1,1,0,0,14.559329505433702,7.162108507813514,6.097449383650897,27.818887396898113
Bright_Near_20260114_210200_T2,1736900001.36,34,Bright,Near,4,4,1280,720,26.565316496765433,0,1,chen,2,1,0.6594736943204225,429.59880264173256,248.84698961650543,539.533829868048,462.5119450740457,23489.26269553416,chen,0.8808651976401631,alice,0.8012090106535692,0.07965618698659394,chen,chen,chen,1,1,1,0,0,14.559329505433702,7.162108507813514,6.097449383650897,27.818887396898113
Bright_Near_20260114_210200_T2,1736900001.36,34,Bright,Near,4,4,1280,720,26.565316496765433,0,2,alice,3,1,0.7549551284376924,744.5159291374348,249.47143608961358,858.6003947040874,382.7388882509832,15203.7460572593,alice,0.7483662495075853,bob,0.616801767262312,0.1315644822452734,alice,alice,alice,2,1,1,0,0,14.559329505433702,7.162108507813514,6.097449383650897,27.818887396898113
Bright_Near_20260114_210200_T2,1736900001.36,34,Bright,Near,4,4,1280,720,26.565316496765433,0,3,bob,4,1,0.8079724753571266,1058.4573872337357,250.62653277283096,1174.0630777223566,425.85141918059423,20256.993983959637,bob,0.9409880054081902,alice,0.8462680808124586,0.09471992459573153,bob,bob,bob,1,1,1,0,0,14.559329505433702,7.162108507813514,6.097449383650897,27.818887396898113
Bright_Near_20260114_210200_T2,1736900001.4,35,Bright,Near,4,4,1280,720,21.23637251632514,1,0,diana,1,1,0.6919631818116679,112.7625352333252,187.30277479170925,226.47773872572765,368.5058364163126,20605.54302608811,diana,0.8679944313643544,bob,0.6998958332821572,0.16809859808219718,diana,diana,diana,1,1,1,0,0,11.854197480738764,6.676154607584021,5.241025824959644,23.77137791328243
Bright_Near_20260114_210200_T2,1736900001.4,35,Bright,Near,4,4,1280,720,21.23637251632514,1,1,chen,2,1,0.8741084178419953,417.5202287662655,263.2139470717516,533.7616337238736,478.6147779322407,25038.495208259363,chen,0.8762983481027835,diana,0.7273207254083998,0.14897762269438375,chen,chen,chen,2,1,1,0,0,11.854197480738764,6.676154607584021,5.241025824959644,23.77137791328243
Bright_Near_20260114_210200_T2,1736900001.4,35,Bright,Near,4,4,1280,720,21.23637251632514,1,2,alice,3,1,0.8317233083236344,737.9100202485755,265.31980606353204,832.1436209099569,405.78713575890845,13236.742252484699,alice,0.8597767945388018,diana,0.798801832046728,0.06097496249207379,alice,alice,alice,2,1,1,0,0,11.854197480738764,6.676154607584021,5.241025824959644,23.77137791328243
Bright_Near_20260114_210200_T2,1736900001.4,35,Bright,Near,4,4,1280,720,21.23637251632514,1,3,bob,4,1,0.8268418140771082,1087.7471235048843,264.2452457759608,1193.2170601059124,423.06290881088785,16750.48885141721,bob,0.838063045369547,diana,0.6940735792175348,0.14398946615201225,bob,bob,bob,2,1,1,0,0,11.854197480738764,6.676154607584021,5.241025824959644,23.77137791328243
Bright_Near_20260114_210200_T2,1736900001.44,36,Bright,Near,4,4,1280,720,24.682549816829837,3,0,diana,1,1,0.7278174562703397,130.07318263883522,212.67119987506697,235.64762682502325,418.0784559242615,21685.756889203723,diana,0.9005794600104773,bob,0.8188550926332103,0.08172436737726696,diana,diana,diana,2,1,1,0,0,16.931280300365565,8.714907214094998,6.59229838132037,32.23848589578093
Bright_Near_20260114_210200_T2,1736900001.44,36,Bright,Near,4,4,1280,720,24.682549816829837,3,1,chen,2,1,0.7683477793662693,451.3248650303248,326.8706449842623,531.9997780870851,480.83005534629115,12420.662045226762,chen,0.9137490434302112,alice,0.7907933864323937,0.12295565699781752,chen,chen,chen,2,1,1,0,0,16.931280300365565,8.714907214094998,6.59229838132037,32.23848589578093
Bright_Near_20260114_210200_T2,1736900001.44,36,Bright,Near,4,4,1280,720,24.682549816829837,3,2,alice,3,1,0.739217860703697,733.0990918522225,230.96892887007996,831.9680213190893,407.93398292436575,17496.345447393454,alice,0.8478786282577379,chen,0.7030582330765396,0.14482039518119827,alice,alice,alice,3,1,1,0,0,16.931280300365565,8.714907214094998,6.59229838132037,32.23848589578093
Bright_Near_20260114_210200_T2,1736900001.44,36,Bright,Near,4,4,1280,720,24.682549816829837,3,3,bob,4,1,0.7684527909950283,1098.6685345578721,254.4435514689528,1194.970375987009,432.2612817398784,17124.17486383971,bob,0.8606952961825964,chen,0.6949018089157805,0.16579348726681598,bob,bob,bob,2,1,1,0,0,16.931280300365565,8.714907214094998,6.59229838132037,32.23848589578093
Bright_Near_20260114_210200_T2,1736900001.48,37,Bright,Near,4,4,1280,720,28.6232344083776,2,0,diana,1,1,0.7683945302215478,109.95728537515186,272.2793130554093,233.60532297755543,403.68425737044316,16247.963495807053,diana,0.8743345395745499,bob,0.8031050900221359,0.07122944955241395,diana,diana,diana,2,1,1,0,0,11.471667952057954,7.7163020172291885,7.085545796873855,26.273515766160997
Bright_Near_20260114_210200_T2,1736900001.48,37,Bright,Near,4,4,1280,720,28.6232344083776,2,1,chen,2,1,0.8835228229430458,448.52119892896087,277.4226825949087,553.955466950873,471.014845962255,20411.248039414582,chen,0.7597599710596644,alice,0.5858386232192747,0.1739213478403897,chen,chen,chen,2,1,1,0,0,11.471667952057954,7.7163020172291885,7.085545796873855,26.273515766160997
Bright_Near_20260114_210200_T2,1736900001.48,37,Bright,Near,4,4,1280,720,28.6232344083776,2,2,alice,3,1,0.8204482398311305,753.7527943974718,277.329094285917,854.9771670348247,461.3205941233607,18624.424141650852,alice,0.7621299775236501,chen,0.6900787289532655,0.07205124857038459,alice,alice,alice,2,1,1,0,0,11.471667952057954,7.7163020172291885,7.085545796873855,26.273515766160997
Bright_Near_20260114_210200_T2,1736900001.48,37,Bright,Near,4,4,1280,720,28.6232344083776,2,3,bob,4,1,0.809135939961145,1072.9388082444623,206.82074229013188,1179.0969721130625,356.7459084838657,15915.780360821522,bob,0.875441612434065,chen,0.7184913364115092,0.15695027602255585,bob,bob,bob,2,1,1,0,0,11.471667952057954,7.7163020172291885,7.085545796873855,26.273515766160997
Bright_Near_20260114_210200_T2,1736900001.52,38,Bright,Near,4,4,1280,720,22.17701062036454,0,0,diana,1,1,0.7116949623839484,138.21081418654683,204.45237803113284,220.73452226747935,399.45677057175374,16092.485564521774,diana,0.9143641349399938,chen,0.7634315385525468,0.15093259638744705,diana,diana,diana,2,1,1,0,0,9.021661480892803,8.537975791792327,6.426234205446633,23.985871478131763
Bright_Near_20260114_210200_T2,1736900001.52,38,Bright,Near,4,4,1280,720,22.17701062036454,0,1,chen,2,1,0.6727624235577075,443.60648395999067,180.5676390078528,537.3107140685846,394.6848829836448,20063.691499725566,chen,0.805001651500308,bob,0.7114111240282922,0.0935905274720158,chen,chen,chen,3,1,1,0,0,9.021661480892803,8.537975791792327,6.426234205446633,23.985871478131763
Bright_Near_20260114_210200_T2,1736900001.52,38,Bright,Near,4,4,1280,720,22.17701062036454,0,2,alice,3,1,0.6549841967045801,753.07482821298,234.33028561823926,858.0193891409876,410.84046543402894,18523.78332009172,alice,0.7867722966670588,bob,0.6576184963546722,0.12915380031238666,alice,alice,alice,1,1,1,0,0,9.021661480892803,8.537975791792327,6.426234205446633,23.985871478131763
Bright_Near_20260114_210200_T2,1736900001.52,38,Bright,Near,4,4,1280,720,22.17701062036454,0,3,bob,4,1,0.8039917589673362,1068.2876692115492,250.62745640272524,1163.9817077667963,421.24709711718765,16327.282476812166,bob,0.8919202038480433,chen,0.7991626210111435,0.09275758283689972,bob,bob,bob,1,1,1,0,0,9.021661480892803,8.537975791792327,6.426234205446633,23.985871478131763
Bright_Near_20260114_210200_T2,1736900001.56,39,Bright,Near,4,4,1280,720,24.742368674632488,0,0,diana,1,1,0.7884947622751137,98.96151442054231,286.8741888887668,211.02279345349018,494.24151570415194,23237.847872575367,diana,0.8079706317532771,bob,0.7476105872359786,0.06036004451729848,diana,diana,diana,3,1,1,0,0,7.249526444098754,5.936015981826184,5.850583892731786,19.036126318656724
Bright_Near_20260114_210200_T2,1736900001.56,39,Bright,Near,4,4,1280,720,24.742368674632488,0,1,chen,2,1,0.825879536699191,407.7133238892378,189.87608449526573,526.236815192236,362.17005204949993,20420.88256497333,chen,0.9090777615745317,diana,0.7608151982002231,0.14826256337430854,chen,chen,chen,1,1,1,0,0,7.249526444098754,5.936015981826184,5.850583892731786,19.036126318656724
Bright_Near_20260114_210200_T2,1736900001.56,39,Bright,Near,4,4,1280,720,24.742368674632488,0,2,alice,3,1,0.7661561897450971,738.2411751530825,262.1890490176561,846.8183253958131,397.4708039357481,14688.507428841933,alice,0.8370523949830262,bob,0.7367366346131238,0.10031576036990242,alice,alice,alice,2,1,1,0,0,7.249526444098754,5.936015981826184,5.850583892731786,19.036126318656724
Bright_Near_20260114_210200_T2,1736900001.56,39,Bright,Near,4,4,1280,720,24.742368674632488,0,3,bob,4,1,0.7131268494365754,1080.1004307157193,267.9720993231093,1178.8301331583596,454.2380220175453,18389.979122825494,bob,0.8921683790012143,diana,0.8148925742350351,0.07727580476617912,bob,bob,bob,2,1,1,0,0,7.249526444098754,5.936015981826184,5.850583892731786,19.036126318656724
Bright_Near_20260114_210200_T2,1736900001.6,40,Bright,Near,4,4,1280,720,27.572313017548577,2,0,diana,1,1,0.729702853404137,103.501644368129,320.5973728498409,197.38481244525116,489.657453399769,15871.89595740071,diana,0.8121932735881701,bob,0.6636980601145908,0.1484952134735793,diana,diana,diana,3,1,1,0,0,9.880863418516725,9.180158895045736,6.67231836292456,25.73334067648702
Bright_Near_20260114_210200_T2,1736900001.6,40,Bright,Near,4,4,1280,720,27.572313017548577,2,1,chen,2,1,0.7047337269739852,436.95106982161184,168.7040466237987,532.4459485653632,361.2857694758245,18390.56827201694,chen,0.8348035582363421,diana,0.6601582180151981,0.17464534022114397,chen,chen,chen,3,1,1,0,0,9.880863418516725,9.180158895045736,6.67231836292456,25.73334067648702
Bright_Near_20260114_210200_T2,1736900001.6,40,Bright,Near,4,4,1280,720,27.572313017548577,2,2,alice,3,1,0.8660897935426456,717.5177392041874,332.20669426547255,814.4206354145294,499.22336538095743,16184.39914650067,alice,0.8213632633078018,chen,0.7716548339150642,0.049708429392737674,unknown,unknown,unknown,0,0,0,0,0,9.880863418516725,9.180158895045736,6.67231836292456,25.73334067648702
Bright_Near_20260114_210200_T2,1736900001.6,40,Bright,Near,4,4,1280,720,27.572313017548577,2,3,bob,4,1,0.7629936818710087,1071.7053714163392,228.49641100971115,1159.4149975553198,409.3340494961032,15861.201663497583,bob,0.7954410626230235,chen,0.653148942069019,0.14229212055400453,bob,bob,bob,3,1,1,0,0,9.880863418516725,9.180158895045736,6.67231836292456,25.73334067648702
Bright_Near_20260114_210200_T2,1736900001.64,41,Bright,Near,4,4,1280,720,24.46937166983393,1,0,diana,1,1,0.8467682102297227,104.32836132191377,307.1587177975219,186.1361941336306,500.74194775441,15836.624511465232,diana,0.8045651077928393,alice,0.7068368295281593,0.09772827826468,diana,diana,diana,2,1,1,0,0,12.452766084391254,7.641645937062654,10.41270313602921,30.507115157483117
Bright_Near_20260114_210200_T2,1736900001.64,41,Bright,Near,4,4,1280,720,24.46937166983393,1,1,chen,2,1,0.9083283912723257,431.8705669908106,230.66193764103656,527.0560747661867,412.3534084581244,17294.394908179445,chen,0.8879315529627207,bob,0.7658956633861675,0.1220358895765532,chen,chen,chen,1,1,1,0,0,12.452766084391254,7.641645937062654,10.41270313602921,30.507115157483117
Bright_Near_20260114_210200_T2,1736900001.64,41,Bright,Near,4,4,1280,720,24.46937166983393,1,2,alice,3,1,0.8042628807677655,790.251499168528,190.49268823058526,885.895253487754,328.32048753492825,13182.368175024169,alice,0.8747084277751518,chen,0.8001989103962961,0.0745095173788557,alice,alice,alice,1,1,1,0,0,12.452766084391254,7.641645937062654,10.41270313602921,30.507115157483117
Bright_Near_20260114_210200_T2,1736900001.64,41,Bright,Near,4,4,1280,720,24.46937166983393,1,3,bob,4,1,0.6672931435434922,1089.1574934211328,228.83986258149918,1195.6958482382063,391.0306358079168,17279.53814605158,bob,0.8805389213698795,alice,0.7435857870206235,0.13695313434925604,bob,bob,bob,2,1,1,0,0,12.452766084391254,7.641645937062654,10.41270313602921,30.507115157483117
Bright_Near_20260114_210200_T2,1736900001.68,42,Bright,Near,4,4,1280,720,21.827315901636524,2,0,diana,1,1,0.8770224525653301,106.94906041998603,188.82739018955198,228.09976780274883,403.0228395656639,25949.93021008472,alice,0.7037894910749645,diana,0.6555451833849284,0.04824430769003607,unknown,unknown,unknown,0,0,0,0,0,19.465303576789342,14.623493233964737,4.65276582987072,38.7415626406248
Bright_Near_20260114_210200_T2,1736900001.68,42,Bright,Near,4,4,1280,720,21.827315901636524,2,1,chen,2,1,0.7890791641810193,421.75499777095547,285.1385074984246,543.8143951206971,464.1234262525676,21846.79131782316,chen,0.9332311086119619,diana,0.8090087551743117,0.1242223534376502,chen,chen,chen,2,1,1,0,0,19.465303576789342,14.623493233964737,4.65276582987072,38.7415626406248
Bright_Near_20260114_210200_T2,1736900001.68,42,Bright,Near,4,4,1280,720,21.827315901636524,2,2,alice,3,1,0.7947959466987657,718.3303816050916,254.9555762683368,830.5314819895725,437.9990026711549,20537.67386054194,alice,0.8297436793851484,chen,0.7373090328411124,0.09243464654403599,alice,alice,alice,1,1,1,0,0,19.465303576789342,14.623493233964737,4.65276582987072,38.7415626406248
Bright_Near_20260114_210200_T2,1736900001.68,42,Bright,Near,4,4,1280,720,21.827315901636524,2,3,bob,4,1,0.7805087110877813,1086.5788540636674,230.80583879605945,1178.408359640365,387.0263636315117,14345.65355657178,bob,0.8725229866642157,alice,0.8114303510838018,0.06109263558041389,bob,bob,bob,3,1,1,0,0,19.465303576789342,14.623493233964737,4.65276582987072,38.7415626406248
Bright_Near_20260114_210200_T2,1736900001.72,43,Bright,Near,4,4,1280,720,21.04010051659312,0,0,diana,1,1,0.7712726236385714,95.56881747246169,281.3234541496337,199.0686118826995,496.1515941966519,22234.668328400167,diana,0.7793114864824604,bob,0.6179101177260578,0.16140136875640265,diana,diana,diana,2,1,1,0,0,11.609988998363177,10.979539439262656,6.779307173005083,29.368835610630917
Bright_Near_20260114_210200_T2,1736900001.72,43,Bright,Near,4,4,1280,720,21.04010051659312,0,1,chen,2,1,0.7571306711726242,428.1533197105738,203.48484040603438,538.9017370138806,358.75824172663494,17196.283445557707,bob,0.7189306868462009,chen,0.6901001029017173,0.028830583944483568,bob,bob,bob,2,0,0,1,0,11.609988998363177,10.979539439262656,6.779307173005083,29.368835610630917
Bright_Near_20260114_210200_T2,1736900001.72,43,Bright,Near,4,4,1280,720,21.04010051659312,0,2,alice,3,1,0.9268631973002837,724.5783233652164,311.18820140585717,849.4418407240621,463.9564855317542,19075.185296835014,alice,0.7582412399706255,chen,0.690613662681125,0.06762757728950053,alice,alice,alice,3,1,1,0,0,11.609988998363177,10.979539439262656,6.779307173005083,29.368835610630917
Bright_Near_20260114_210200_T2,1736900001.72,43,Bright,Near,4,4,1280,720,21.04010051659312,0,3,bob,4,1,0.7949757291487864,1056.9478926861202,156.83511482493745,1150.515255589467,291.4024195645924,12591.107837500545,bob,0.7974858303525014,chen,0.6985198383877211,0.09896599196478029,bob,bob,bob,2,1,1,0,0,11.609988998363177,10.979539439262656,6.779307173005083,29.368835610630917
Bright_Near_20260114_210200_T2,1736900001.76,44,Bright,Near,4,4,1280,720,25.61543426284717,0,0,diana,1,1,0.8079817591842549,98.9517938889193,283.6676658773407,212.44559591229998,449.9447240068997,18871.415516386332,diana,0.8850727035902374,chen,0.7992823723017463,0.08579033128849112,diana,diana,diana,1,1,1,0,0,26.898195771262536,20.801812828763328,5.188715413453604,52.88872401347947
Bright_Near_20260114_210200_T2,1736900001.76,44,Bright,Near,4,4,1280,720,25.61543426284717,0,1,chen,2,1,0.7679213874889217,438.62642870135176,234.2500286477082,523.2779410754105,406.544453185361,14584.983610730442,chen,0.8125914473776162,alice,0.7265964162713431,0.08599503110627316,chen,chen,chen,2,1,1,0,0,26.898195771262536,20.801812828763328,5.188715413453604,52.88872401347947
Bright_Near_20260114_210200_T2,1736900001.76,44,Bright,Near,4,4,1280,720,25.61543426284717,0,2,alice,3,1,0.8180712194264856,758.9690161590364,202.30339565125902,856.6176254195294,357.5551516170433,15160.118055308281,alice,0.82622844799377,chen,0.7050659045921875,0.1211625434015825,alice,alice,alice,2,1,1,0,0,26.898195771262536,20.801812828763328,5.188715413453604,52.88872401347947
Bright_Near_20260114_210200_T2,1736900001.76,44,Bright,Near,4,4,1280,720,25.61543426284717,0,3,bob,4,1,0.716335025771531,1072.3363291399085,322.2807788369988,1171.5212318781712,477.00274552313965,15346.083217237605,bob,0.909211167394981,chen,0.8452442579062782,0.06396690948870276,bob,bob,bob,2,1,1,0,0,26.898195771262536,20.801812828763328,5.188715413453604,52.88872401347947
Bright_Near_20260114_210200_T2,1736900001.8,45,Bright,Near,4,4,1280,720,25.078417497070344,4,0,diana,1,1,0.7696867138368292,97.90517823767509,224.5593220876013,209.66756242579737,437.2356154323649,23769.209604503267,diana,0.8496001572995419,chen,0.7002225963923073,0.14937756090723453,diana,diana,diana,3,1,1,0,0,10.191599493006303,7.065381912284434,5.938595397714455,23.195576803005192
Bright_Near_20260114_210200_T2,1736900001.8,45,Bright,Near,4,4,1280,720,25.078417497070344,4,1,chen,2,1,0.6868376771611269,423.6533267644568,215.63955600717964,519.5002032434078,361.40825412641846,13971.47440313218,chen,0.8568107696210429,alice,0.6944042961336038,0.16240647348743908,chen,chen,chen,2,1,1,0,0,10.191599493006303,7.065381912284434,5.938595397714455,23.195576803005192
Bright_Near_20260114_210200_T2,1736900001.8,45,Bright,Near,4,4,1280,720,25.078417497070344,4,2,alice,3,1,0.7245686014253245,759.4995309222437,195.24657858833308,864.9758728565652,366.14964171564037,18026.229924038787,alice,0.8499538761453763,bob,0.6847599516110106,0.16519392453436577,alice,alice,alice,3,1,1,0,0,10.191599493006303,7.065381912284434,5.938595397714455,23.195576803005192
Bright_Near_20260114_210200_T2,1736900001.8,45,Bright,Near,4,4,1280,720,25.078417497070344,4,3,bob,4,1,0.9255935435483782,1068.9541271984249,296.4561637987497,1169.3706598011768,509.73495832204674,21416.71702372428,bob,0.8311846680026835,diana,0.6963870809130404,0.13479758708964318,bob,bob,bob,1,1,1,0,0,10.191599493006303,7.065381912284434,5.938595397714455,23.195576803005192
Bright_Near_20260114_210200_T2,1736900001.84,46,Bright,Near,4,4,1280,720,26.131710507100994,3,0,diana,1,1,0.6904430859418719,110.9725233146176,156.95849293771838,195.98700415609142,303.4277232055024,12452.00557046594,diana,0.8087558935725776,chen,0.639205549716525,0.1695503438560526,diana,diana,diana,2,1,1,0,0,14.647187510275932,7.906924906199501,4.450659949025521,27.004772365500955
Bright_Near_20260114_210200_T2,1736900001.84,46,Bright,Near,4,4,1280,720,26.131710507100994,3,1,chen,2,1,0.8134616282131536,415.78909977602945,263.74426353633197,502.673296527941,407.80732057633526,12516.8029925455,chen,0.9093584931448857,bob,0.7460190705013492,0.1633394226435365,chen,chen,chen,2,1,1,0,0,14.647187510275932,7.906924906199501,4.450659949025521,27.004772365500955
Bright_Near_20260114_210200_T2,1736900001.84,46,Bright,Near,4,4,1280,720,26.131710507100994,3,2,alice,3,1,0.729237570387919,725.2182324404008,268.9500416487331,824.3745416012972,438.98155368780624,16859.697174841018,alice,0.9316511427157924,diana,0.8565692111006438,0.07508193161514864,alice,alice,alice,2,1,1,0,0,14.647187510275932,7.906924906199501,4.450659949025521,27.004772365500955
Bright_Near_20260114_210200_T2,1736900001.84,46,Bright,Near,4,4,1280,720,26.131710507100994,3,3,bob,4,1,0.9130698085439568,1040.906307548044,245.56059138847922,1139.7704973938448,427.2593552513622,17963.501085287404,bob,0.8553908860825462,chen,0.7501504793521407,0.10524040673040547,bob,bob,bob,3,1,1,0,0,14.647187510275932,7.906924906199501,4.450659949025521,27.004772365500955
Bright_Near_20260114_210200_T2,1736900001.88,47,Bright,Near,4,4,1280,720,29.135283251667083,3,0,diana,1,1,0.6702004563956359,83.29170114517379,213.90640181694948,190.3972292386646,385.7501783405062,18405.41843413536,diana,0.6908545833814749,bob,0.6402482359444264,0.050606347437048504,unknown,unknown,unknown,0,0,0,0,0,21.6249369477467,13.919428350825605,3.7747731899418575,39.31913848851416
Bright_Near_20260114_210200_T2,1736900001.88,47,Bright,Near,4,4,1280,720,29.135283251667083,3,1,chen,2,1,0.767240745104925,380.9748154952357,190.24142675505902,491.19371643631587,382.5721165190554,21198.477243027537,chen,0.813052822072015,alice,0.7010065928776904,0.11204622919432461,chen,chen,chen,1,1,1,0,0,21.6249369477467,13.919428350825605,3.7747731899418575,39.31913848851416
Bright_Near_20260114_210200_T2,1736900001.88,47,Bright,Near,4,4,1280,720,29.135283251667083,3,2,alice,3,1,0.8807258757325679,751.3607795947735,350.2580123805144,859.3531260397456,557.2829589781468,22357.109755723362,alice,0.8183647173433138,chen,0.7529811733590669,0.06538354398424695,alice,alice,alice,2,1,1,0,0,21.6249369477467,13.919428350825605,3.7747731899418575,39.31913848851416
Bright_Near_20260114_210200_T2,1736900001.88,47,Bright,Near,4,4,1280,720,29.135283251667083,3,3,bob,4,1,0.8477418260109062,1076.717761434547,201.0304116899926,1163.4046026631154,376.7175575323302,15229.763717535076,bob,0.8606214829032028,chen,0.7473663143131566,0.11325516859004625,bob,bob,bob,2,1,1,0,0,21.6249369477467,13.919428350825605,3.7747731899418575,39.31913848851416
Bright_Near_20260114_210200_T2,1736900001.92,48,Bright,Near,4,4,1280,720,24.156471190156473,4,0,diana,1,1,0.7852335164380865,116.3793004783565,199.584838079442,216.99943728085887,369.2553105792873,17072.266154279652,diana,0.7774318375023043,chen,0.6085308112935356,0.16890102620876868,diana,diana,diana,2,1,1,0,0,12.753024292156454,8.798236506513133,9.677841067366485,31.22910186603607
Bright_Near_20260114_210200_T2,1736900001.92,48,Bright,Near,4,4,1280,720,24.156471190156473,4,1,chen,2,1,0.7164601541591183,440.2353360566676,298.2120267539477,545.214294102643,471.14929990077985,18154.774742266665,chen,0.8457240150975681,bob,0.7054902885564607,0.14023372654110744,chen,chen,chen,2,1,1,0,0,12.753024292156454,8.798236506513133,9.677841067366485,31.22910186603607
Bright_Near_20260114_210200_T2,1736900001.92,48,Bright,Near,4,4,1280,720,24.156471190156473,4,2,alice,3,1,0.8224784910126365,758.7997738186161,271.3911290445225,877.0419991573765,423.0811791841098,17936.169090252944,alice,0.8358554201140325,diana,0.7349204189197603,0.10093500119427212,alice,alice,alice,1,1,1,0,0,12.753024292156454,8.798236506513133,9.677841067366485,31.22910186603607
Bright_Near_20260114_210200_T2,1736900001.92,48,Bright,Near,4,4,1280,720,24.156471190156473,4,3,bob,4,1,0.8174648634157582,1084.0003306674103,259.0824355411774,1170.0495182996797,415.0373108142846,13419.790324542775,bob,0.8185571220881039,chen,0.7045590581009449,0.11399806398715906,bob,bob,bob,2,1,1,0,0,12.753024292156454,8.798236506513133,9.677841067366485,31.22910186603607
Bright_Near_20260114_210200_T2,1736900001.96,49,Bright,Near,4,4,1280,720,27.792445201027796,1,0,diana,1,1,0.784453273897426,123.94445420291328,256.19948212613906,215.62853051077616,413.27024525775823,14400.887832693628,diana,0.8773003596543988,chen,0.8036543141041359,0.07364604555026288,diana,diana,diana,3,1,1,0,0,10.146613513842599,9.366524953139697,9.173313563207534,28.68645203018983
Bright_Near_20260114_210200_T2,1736900001.96,49,Bright,Near,4,4,1280,720,27.792445201027796,1,1,chen,2,1,0.7475317261610822,431.8764962547758,235.4808907136894,517.0030153263681,403.5928935505616,14310.789615656575,chen,0.7917414118815177,diana,0.6190753729577319,0.17266603892378585,chen,chen,chen,2,1,1,0,0,10.146613513842599,9.366524953139697,9.173313563207534,28.68645203018983
Bright_Near_20260114_210200_T2,1736900001.96,49,Bright,Near,4,4,1280,720,27.792445201027796,1,2,alice,3,1,0.7946844150008575,767.2509472107803,224.90951611410242,873.0654397741572,370.8287848687771,15440.373378494924,alice,0.9168346699854653,bob,0.8510500747813127,0.06578459520415258,alice,alice,alice,2,1,1,0,0,10.146613513842599,9.366524953139697,9.173313563207534,28.68645203018983
Bright_Near_20260114_210200_T2,1736900001.96,49,Bright,Near,4,4,1280,720,27.792445201027796,1,3,bob,4,1,0.7424565296212604,1068.238009686109,188.4656783250937,1161.6907043239996,389.69091534063546,18805.040628250572,bob,0.7960809474433828,alice,0.6181588448317278,0.17792210261165498,bob,bob,bob,3,1,1,0,0,10.146613513842599,9.366524953139697,9.173313563207534,28.68645203018983
Bright_Near_20260114_210200_T2,1736900002.0,50,Bright,Near,4,4,1280,720,23.341587894827708,2,0,diana,1,1,0.7709415875931879,88.8308239352686,273.1525138909501,215.47207780792758,429.3185095654111,19777.057504485976,chen,0.6356952560204063,alice,0.6071404380132508,0.028554818007155536,unknown,unknown,unknown,0,0,0,0,0,15.704068892378375,11.636750930633749,11.34829051787624,38.68911034088836
Bright_Near_20260114_210200_T2,1736900002.0,50,Bright,Near,4,4,1280,720,23.341587894827708,2,1,chen,2,1,0.8117041683487548,434.5917949645346,284.68277752682235,555.3428192102647,484.54356580005725,24133.394890552117,chen,0.8029758417090274,diana,0.6622578514317726,0.14071799027725473,chen,chen,chen,2,1,1,0,0,15.704068892378375,11.636750930633749,11.34829051787624,38.68911034088836
Bright_Near_20260114_210200_T2,1736900002.0,50,Bright,Near,4,4,1280,720,23.341587894827708,2,2,alice,3,1,0.7969157011871066,738.7244379527534,281.8160873630911,824.1183571904222,423.1300806678837,12067.355731421927,alice,0.9066637825422245,bob,0.8189651077131707,0.0876986748290538,alice,alice,alice,2,1,1,0,0,15.704068892378375,11.636750930633749,11.34829051787624,38.68911034088836
Bright_Near_20260114_210200_T2,1736900002.0,50,Bright,Near,4,4,1280,720,23.341587894827708,2,3,bob,4,1,0.7133124109119833,1065.078100616729,233.31797346914766,1159.2870086245393,429.4912709099925,18481.27213219337,bob,0.9079085418412923,alice,0.7744101496010496,0.13349839224024274,bob,bob,bob,2,1,1,0,0,15.704068892378375,11.636750930633749,11.34829051787624,38.68911034088836
Bright_Near_20260114_210200_T2,1736900002.04,51,Bright,Near,4,4,1280,720,22.8343690020975,1,0,diana,1,1,0.8212751935024359,100.86768733801853,302.0960167518886,216.88992701176653,501.5237605739441,23138.053491317343,diana,0.862941692896759,chen,0.7823291822796179,0.08061251061714114,diana,diana,diana,2,1,1,0,0,16.05354561968439,11.475970670977421,4.056083851570037,31.585600142231847
Bright_Near_20260114_210200_T2,1736900002.04,51,Bright,Near,4,4,1280,720,22.8343690020975,1,1,chen,2,1,0.7614455697323652,458.3648033400996,169.96143064896688,555.0565323526528,363.45228849520487,18708.965593274886,chen,0.7753047685610592,diana,0.6613712001593167,0.11393356840174251,chen,chen,chen,2,1,1,0,0,16.05354561968439,11.475970670977421,4.056083851570037,31.585600142231847
Bright_Near_20260114_210200_T2,1736900002.04,51,Bright,Near,4,4,1280,720,22.8343690020975,1,2,alice,3,1,0.7443334384772775,744.7580228095047,167.57700604856694,828.7288667682075,361.12744660829634,16252.593842379209,alice,0.7680438496803446,diana,0.6602064649295322,0.10783738475081239,alice,alice,alice,3,1,1,0,0,16.05354561968439,11.475970670977421,4.056083851570037,31.585600142231847
Bright_Near_20260114_210200_T2,1736900002.04,51,Bright,Near,4,4,1280,720,22.8343690020975,1,3,bob,4,1,0.6106570366301021,1024.818819591941,281.9241695659838,1151.7523331436987,441.33485810534955,20234.5587940066,bob,0.8605713622029443,diana,0.776109405658716,0.08446195654422828,bob,bob,bob,2,1,1,0,0,16.05354561968439,11.475970670977421,4.056083851570037,31.585600142231847
Bright_Near_20260114_210200_T2,1736900002.08,52,Bright,Near,4,4,1280,720,23.6007058271444,0,0,diana,1,1,0.7730193352390596,111.23530066950892,264.3857805819106,226.00859156982798,408.907196200685,16587.198476139514,diana,0.7530752846390327,chen,0.6222705657848113,0.1308047188542214,diana,diana,diana,3,1,1,0,0,7.527254535871305,7.464509021052539,5.3634412012456,20.355204758169442
Bright_Near_20260114_210200_T2,1736900002.08,52,Bright,Near,4,4,1280,720,23.6007058271444,0,1,chen,2,1,0.8496440581703442,450.50773542282184,167.26930380087404,530.6570215169601,360.25581059756155,15467.73074555606,chen,0.8352247153088199,bob,0.6792933131386556,0.15593140217016432,chen,chen,chen,3,1,1,0,0,7.527254535871305,7.464509021052539,5.3634412012456,20.355204758169442
Bright_Near_20260114_210200_T2,1736900002.08,52,Bright,Near,4,4,1280,720,23.6007058271444,0,2,alice,3,1,0.7086109042543974,768.897941026477,208.2381132452602,880.9719533021538,350.272977612318,15918.41713264772,alice,0.8292188005479508,bob,0.7093323528548668,0.11988644769308399,alice,alice,alice,3,1,1,0,0,7.527254535871305,7.464509021052539,5.3634412012456,20.355204758169442
Bright_Near_20260114_210200_T2,1736900002.08,52,Bright,Near,4,4,1280,720,23.6007058271444,0,3,bob,4,1,0.7268964723755303,1066.1804837953296,285.44194748927725,1155.560095958339,456.064892685744,15250.212667770598,bob,0.8493342514709035,alice,0.6953202694873291,0.1540139819835744,bob,bob,bob,2,1,1,0,0,7.527254535871305,7.464509021052539,5.3634412012456,20.355204758169442
Bright_Near_20260114_210200_T2,1736900002.12,53,Bright,Near,4,4,1280,720,26.74572573578439,0,0,diana,1,1,0.7597770583161952,85.59725724829863,196.42863274468573,182.34082430273648,411.0878501784965,20766.89839566103,diana,0.8481426128350052,chen,0.6750963291446102,0.1730462836903951,diana,diana,diana,1,1,1,0,0,14.837235648467614,9.289229625756795,3.8203125804932228,27.94677785471763
Bright_Near_20260114_210200_T2,1736900002.12,53,Bright,Near,4,4,1280,720,26.74572573578439,0,1,chen,2,1,0.7136898348532225,435.100012491399,235.683541038276,527.6394078207967,386.43468384326593,13950.419600389449,chen,0.8989585520472394,diana,0.8082323454704475,0.09072620657679187,chen,chen,chen,2,1,1,0,0,14.837235648467614,9.289229625756795,3.8203125804932228,27.94677785471763
Bright_Near_20260114_210200_T2,1736900002.12,53,Bright,Near,4,4,1280,720,26.74572573578439,0,2,alice,3,1,0.8667976662565241,758.5530091154393,247.63383258722322,857.5431031340678,427.9747714261438,17851.966491072475,alice,0.9149008545249068,chen,0.7759859000065576,0.13891495451834912,alice,alice,alice,1,1,1,0,0,14.837235648467614,9.289229625756795,3.8203125804932228,27.94677785471763
Bright_Near_20260114_210200_T2,1736900002.12,53,Bright,Near,4,4,1280,720,26.74572573578439,0,3,bob,4,1,0.8438696705191937,1062.241577732628,171.6231147463186,1187.8478454701642,372.94047037195355,25286.721670926294,bob,0.9062392014750494,chen,0.7630999378342529,0.14313926364079654,bob,bob,bob,2,1,1,0,0,14.837235648467614,9.289229625756795,3.8203125804932228,27.94677785471763
Bright_Near_20260114_210200_T2,1736900002.16,54,Bright,Near,4,4,1280,720,23.385423986426375,1,0,diana,1,1,0.7422181789297471,118.70957014211368,306.8898904193884,225.08074572942482,443.41927519514684,14522.791160809766,diana,0.9119930127738092,bob,0.8334074188770269,0.07858559389678232,diana,diana,diana,2,1,1,0,0,10.66450833916079,9.979769096750795,9.64551705266202,30.289794488573605
Bright_Near_20260114_210200_T2,1736900002.16,54,Bright,Near,4,4,1280,720,23.385423986426375,1,1,chen,2,1,0.8207528575246054,443.8970084887817,155.59557031790263,542.8017977041969,342.5110119463684,18486.832355369657,chen,0.862944043950621,alice,0.7191494583208236,0.1437945856297974,chen,chen,chen,2,1,1,0,0,10.66450833916079,9.979769096750795,9.64551705266202,30.289794488573605
Bright_Near_20260114_210200_T2,1736900002.16,54,Bright,Near,4,4,1280,720,23.385423986426375,1,2,alice,3,1,0.7653095226281758,715.6373454410209,169.92072402516646,837.3409026395802,363.7757165058971,23592.842165604892,alice,0.810342724637478,bob,0.7341601486514217,0.07618257598605638,alice,alice,alice,2,1,1,0,0,10.66450833916079,9.979769096750795,9.64551705266202,30.289794488573605
Bright_Near_20260114_210200_T2,1736900002.16,54,Bright,Near,4,4,1280,720,23.385423986426375,1,3,bob,4,1,0.7561870904425911,1052.2722932018305,198.98936842518094,1161.7200956582328,349.6463714009509,16489.077900365686,bob,0.8016094884423755,alice,0.6220545070796858,0.17955498136268966,bob,bob,bob,3,1,1,0,0,10.66450833916079,9.979769096750795,9.64551705266202,30.289794488573605
Bright_Near_20260114_210200_T2,1736900002.2,55,Bright,Near,4,4,1280,720,21.534737181475286,2,0,diana,1,1,0.8026856633491617,93.52811270989045,210.66682981866617,205.94943221427937,424.42193856375695,24030.63137592725,diana,0.9219874604365896,alice,0.7499676038924765,0.17201985654411311,diana,diana,diana,1,1,1,0,0,13.359568848095371,10.862741592345387,5.178683502052106,29.400993942492864
Bright_Near_20260114_210200_T2,1736900002.2,55,Bright,Near,4,4,1280,720,21.534737181475286,2,1,chen,2,1,0.8160031684950408,400.46194143282906,166.11188731889467,525.3966295378513,373.98864825666806,25971.018292042976,chen,0.8916930249836081,bob,0.7306323581898373,0.16106066679377085,chen,chen,chen,1,1,1,0,0,13.359568848095371,10.862741592345387,5.178683502052106,29.400993942492864
Bright_Near_20260114_210200_T2,1736900002.2,55,Bright,Near,4,4,1280,720,21.534737181475286,2,2,alice,3,1,0.8254860445531086,718.7351615905461,243.25974057250318,843.6029001094464,387.06365961740704,17956.470161292164,alice,0.8633867475564181,diana,0.7914417701994734,0.07194497735694472,alice,alice,alice,3,1,1,0,0,13.359568848095371,10.862741592345387,5.178683502052106,29.400993942492864
Bright_Near_20260114_210200_T2,1736900002.2,55,Bright,Near,4,4,1280,720,21.534737181475286,2,3,bob,4,1,0.8566789484079751,1085.376084467591,340.00915300991414,1180.096545514374,506.45024245516333,15765.376729382839,bob,0.855090755457164,chen,0.7582644976670477,0.09682625779011622,bob,bob,bob,2,1,1,0,0,13.359568848095371,10.862741592345387,5.178683502052106,29.400993942492864
Bright_Near_20260114_210200_T2,1736900002.24,56,Bright,Near,4,4,1280,720,25.455580455348777,1,0,diana,1,1,0.7823072595341282,127.72485226522608,214.05404167317187,232.92153488733882,393.21463002512206,18847.099551251096,diana,0.9043626416377231,chen,0.7601880167695095,0.14417462486821353,diana,diana,diana,2,1,1,0,0,19.083233134525017,11.225774307302187,4.41651751695794,34.725524958785144
Bright_Near_20260114_210200_T2,1736900002.24,56,Bright,Near,4,4,1280,720,25.455580455348777,1,1,chen,2,1,0.6772168071591332,418.11172629334436,307.31355838348554,533.8960798271852,494.0027216695778,21615.684082853844,chen,0.882075760937695,diana,0.7642137891909259,0.11786197174676916,chen,chen,chen,2,1,1,0,0,19.083233134525017,11.225774307302187,4.41651751695794,34.725524958785144
Bright_Near_20260114_210200_T2,1736900002.24,56,Bright,Near,4,4,1280,720,25.455580455348777,1,2,alice,3,1,0.8623854612778018,748.4918630900073,246.40843121035107,837.4165914155393,410.1394981866472,14559.740649316615,alice,0.8803190375939696,diana,0.7119952996656723,0.16832373792829725,alice,alice,alice,2,1,1,0,0,19.083233134525017,11.225774307302187,4.41651751695794,34.725524958785144
Bright_Near_20260114_210200_T2,1736900002.24,56,Bright,Near,4,4,1280,720,25.455580455348777,1,3,bob,4,1,0.8051754176566898,1068.6618181982617,267.36559685767617,1159.7603919915914,460.4580323738916,17590.44548580771,bob,0.9008691071245296,alice,0.8227056210203197,0.07816348610420987,bob,bob,bob,3,1,1,0,0,19.083233134525017,11.225774307302187,4.41651751695794,34.725524958785144
Bright_Near_20260114_210200_T2,1736900002.28,57,Bright,Near,4,4,1280,720,19.769836400206795,1,0,diana,1,1,0.704612714712072,120.31552780245536,242.73085486462338,221.41027601513932,411.2497629629723,17036.37658327901,bob,0.6997060559219641,diana,0.6392522822352372,0.060453773686726886,unknown,unknown,unknown,0,0,0,0,0,12.420915374461844,9.439144472022406,4.511202470987898,26.371262317472148
Bright_Near_20260114_210200_T2,1736900002.28,57,Bright,Near,4,4,1280,720,19.769836400206795,1,1,chen,2,1,0.7567554365245145,434.2897337397425,243.04306750808468,540.8275584268905,449.09674910075177,21952.51100566099,chen,0.9101857721799713,alice,0.8316779753427704,0.07850779683720088,chen,chen,chen,2,1,1,0,0,12.420915374461844,9.439144472022406,4.511202470987898,26.371262317472148
Bright_Near_20260114_210200_T2,1736900002.28,57,Bright,Near,4,4,1280,720,19.769836400206795,1,2,alice,3,1,0.8306616831348891,736.190539708978,305.15662286913835,825.7370882118036,479.5064432174039,15612.42464427488,alice,0.8792052580252998,diana,0.796731101154588,0.0824741568707118,alice,alice,alice,2,1,1,0,0,12.420915374461844,9.439144472022406,4.511202470987898,26.371262317472148
Bright_Near_20260114_210200_T2,1736900002.28,57,Bright,Near,4,4,1280,720,19.769836400206795,1,3,bob,4,1,0.8251026401324832,1043.0963030290632,246.00026401888317,1160.3198489359056,379.23176843840815,15617.869374559868,bob,0.8717760241442728,alice,0.7453624655156148,0.126413558628658,bob,bob,bob,2,1,1,0,0,12.420915374461844,9.439144472022406,4.511202470987898,26.371262317472148
Bright_Near_20260114_210200_T2,1736900002.32,58,Bright,Near,4,4,1280,720,26.10598296074573,4,0,diana,1,1,0.7999875352972136,110.92395756402601,241.0460524091144,213.85920893752427,449.8687147205886,21495.21323751474,diana,0.9167516873963125,chen,0.8049438750873392,0.1118078123089733,diana,diana,diana,1,1,1,0,0,11.776407110141017,5.3072448020929555,7.2708687121717395,24.354520624405712
Bright_Near_20260114_210200_T2,1736900002.32,58,Bright,Near,4,4,1280,720,26.10598296074573,4,1,chen,2,1,0.883760307688512,437.4534245125717,169.45575963393728,521.958473778133,313.5674387301972,12178.164541772203,chen,0.8154687058290168,diana,0.6879598270918099,0.12750887873720684,chen,chen,chen,3,1,1,0,0,11.776407110141017,5.3072448020929555,7.2708687121717395,24.354520624405712
Bright_Near_20260114_210200_T2,1736900002.32,58,Bright,Near,4,4,1280,720,26.10598296074573,4,2,alice,3,1,0.8820687349449754,747.682320935886,284.91171841124566,859.4548181610604,446.8467583112883,18099.88379788603,alice,0.8323571253850613,bob,0.6988541078232882,0.13350301756177319,alice,alice,alice,1,1,1,0,0,11.776407110141017,5.3072448020929555,7.2708687121717395,24.354520624405712
Bright_Near_20260114_210200_T2,1736900002.32,58,Bright,Near,4,4,1280,720,26.10598296074573,4,3,bob,4,1,0.7507406108915802,1048.9351825618007,241.95184184048105,1164.1175734875476,399.03852549371436,18093.61980577585,bob,0.8032935163574504,diana,0.779995322351605,0.02329819400584543,unknown,unknown,unknown,0,0,0,0,0,11.776407110141017,5.3072448020929555,7.2708687121717395,24.354520624405712
Bright_Near_20260114_210200_T2,1736900002.36,59,Bright,Near,4,4,1280,720,26.310525422815704,0,0,diana,1,1,0.7609242174800369,121.34484253411111,198.1062425461753,223.1125357904697,335.911984253383,14024.172451024097,diana,0.9324724958282878,alice,0.7643081345193854,0.16816436130890244,diana,diana,diana,2,1,1,0,0,8.65199324867061,6.4363720368605115,8.660868603295185,23.749233888826307
Bright_Near_20260114_210200_T2,1736900002.36,59,Bright,Near,4,4,1280,720,26.310525422815704,0,1,chen,2,1,0.7831196671562781,395.4114366612058,181.65823722391502,510.2242526475725,371.53758005353217,21800.582047909065,chen,0.8869203012122997,alice,0.7120726983510974,0.17484760286120227,chen,chen,chen,3,1,1,0,0,8.65199324867061,6.4363720368605115,8.660868603295185,23.749233888826307
Bright_Near_20260114_210200_T2,1736900002.36,59,Bright,Near,4,4,1280,720,26.310525422815704,0,2,alice,3,1,0.8110446367779828,752.0741533408341,246.11538784060224,838.2536791984996,380.7689808080082,11604.382796962138,alice,0.9470052836278555,chen,0.8286988420251357,0.11830644160271986,alice,alice,alice,3,1,1,0,0,8.65199324867061,6.4363720368605115,8.660868603295185,23.749233888826307
Bright_Near_20260114_210200_T2,1736900002.36,59,Bright,Near,4,4,1280,720,26.310525422815704,0,3,bob,4,1,0.7007561731305126,1038.8292158120034,277.11649493681705,1151.570878837395,418.2105176963445,15907.174768851562,bob,0.8776999774530397,chen,0.7778135375016423,0.09988643995139745,bob,bob,bob,2,1,1,0,0,8.65199324867061,6.4363720368605115,8.660868603295185,23.749233888826307
Bright_Near_20260114_210200_T2,1736900002.4,60,Bright,Near,4,4,1280,720,24.510491825821862,3,0,diana,1,1,0.7210475036987227,112.55898987815507,246.40227890544207,209.26920425637073,395.2715551841147,14397.179623240241,diana,0.8931916220010478,chen,0.776351892975903,0.11683972902514483,diana,diana,diana,3,1,1,0,0,24.09336694644439,15.968776830650656,6.00960586630559,46.071749643400636
Bright_Near_20260114_210200_T2,1736900002.4,60,Bright,Near,4,4,1280,720,24.510491825821862,3,1,chen,2,1,0.8796693855560485,429.7350955287837,217.46818890053112,525.4541091517335,357.553225041411,13408.8014827403,chen,0.9079310277694094,diana,0.7364354375124993,0.17149559025691008,chen,chen,chen,3,1,1,0,0,24.09336694644439,15.968776830650656,6.00960586630559,46.071749643400636
Bright_Near_20260114_210200_T2,1736900002.4,60,Bright,Near,4,4,1280,720,24.510491825821862,3,2,alice,3,1,0.8745164307753752,755.5166434880672,278.87514797415463,855.8775467940947,417.8059719433787,13943.222990602022,alice,0.8946636011689999,chen,0.8079274111261836,0.0867361900428163,alice,alice,alice,2,1,1,0,0,24.09336694644439,15.968776830650656,6.00960586630559,46.071749643400636
Bright_Near_20260114_210200_T2,1736900002.4,60,Bright,Near,4,4,1280,720,24.510491825821862,3,3,bob,4,1,0.7848438668105134,1090.2732333233641,243.54116310680973,1197.8561269576492,377.79697566872056,14443.62880263256,bob,0.676427964177621,alice,0.5622133923705035,0.11421457180711747,bob,bob,bob,2,1,1,0,0,24.09336694644439,15.968776830650656,6.00960586630559,46.071749643400636
Bright_Near_20260114_210200_T2,1736900002.44,61,Bright,Near,4,4,1280,720,22.1992523933645,1,0,diana,1,1,0.65338417576874,119.48680850895923,194.50898093810918,209.58069086888534,382.29767250443547,16918.61228650105,diana,0.8258044466888576,bob,0.6587834403272472,0.16702100636161032,diana,diana,diana,1,1,1,0,0,10.821373701146578,8.330369369607775,6.915883742967065,26.067626813721418
Bright_Near_20260114_210200_T2,1736900002.44,61,Bright,Near,4,4,1280,720,22.1992523933645,1,1,chen,2,1,0.8095310566523256,411.0080753106719,135.5288959618773,493.45110902640107,336.75174597445823,16589.422207962318,chen,0.9596224505247074,diana,0.8392833816520995,0.12033906887260792,chen,chen,chen,3,1,1,0,0,10.821373701146578,8.330369369607775,6.915883742967065,26.067626813721418
Bright_Near_20260114_210200_T2,1736900002.44,61,Bright,Near,4,4,1280,720,22.1992523933645,1,2,alice,3,1,0.7860830070459367,761.1958195271942,233.55137485160486,850.2653764854771,415.17654172262604,16177.273145676052,alice,0.730240712345653,diana,0.6216892483451707,0.10855146400048232,alice,alice,alice,2,1,1,0,0,10.821373701146578,8.330369369607775,6.915883742967065,26.067626813721418
Bright_Near_20260114_210200_T2,1736900002.44,61,Bright,Near,4,4,1280,720,22.1992523933645,1,3,bob,4,1,0.7269524313501852,1042.8919120654805,290.17716101121204,1138.6522325115925,489.3870585635926,19076.403625653107,bob,0.8979765786161825,chen,0.7582539228938229,0.13972265572235965,bob,bob,bob,2,1,1,0,0,10.821373701146578,8.330369369607775,6.915883742967065,26.067626813721418
Bright_Near_20260114_210200_T2,1736900002.48,62,Bright,Near,4,4,1280,720,27.237891622316088,2,0,diana,1,1,0.6270884320530244,88.8806335592003,283.4432408690583,206.89310914133108,424.3847847816704,16632.860509494953,diana,0.8956070264420153,chen,0.7690709902197024,0.1265360362223129,diana,diana,diana,2,1,1,0,0,15.722029320279077,11.6226587309038,4.126473778478873,31.47116182966175
Bright_Near_20260114_210200_T2,1736900002.48,62,Bright,Near,4,4,1280,720,27.237891622316088,2,1,chen,2,1,0.9155107989065723,399.2378965221405,303.586387795309,524.6148699063358,433.98348265785165,16348.793091957401,chen,0.8838639481077645,alice,0.7413674488056032,0.14249649930216124,chen,chen,chen,1,1,1,0,0,15.722029320279077,11.6226587309038,4.126473778478873,31.47116182966175
Bright_Near_20260114_210200_T2,1736900002.48,62,Bright,Near,4,4,1280,720,27.237891622316088,2,2,alice,3,1,0.6787482635321758,766.7360950443499,279.48998807937755,859.95965285795,455.84566893613294,16440.504010106546,alice,0.7909021315146123,chen,0.6967101947738217,0.09419193674079063,alice,alice,alice,1,1,1,0,0,15.722029320279077,11.6226587309038,4.126473778478873,31.47116182966175
Bright_Near_20260114_210200_T2,1736900002.48,62,Bright,Near,4,4,1280,720,27.237891622316088,2,3,bob,4,1,0.7952127416239004,1053.3475053237291,267.90915743543144,1178.678217655816,477.0277751884893,26208.98532489214,bob,0.7835257077476465,alice,0.6602645798311195,0.12326112791652699,bob,bob,bob,2,1,1,0,0,15.722029320279077,11.6226587309038,4.126473778478873,31.47116182966175
Bright_Near_20260114_210200_T2,1736900002.52,63,Bright,Near,4,4,1280,720,24.224625111461066,2,0,diana,1,1,0.8143209175443424,116.54872296394049,224.17476039901308,211.7913779024129,418.7535484831086,18532.20037183966,diana,0.8973549195702146,chen,0.7335447557668608,0.16381016380335378,diana,diana,diana,1,1,1,0,0,14.773302129657276,6.069726482837529,9.118664664107108,29.961693276601913
Bright_Near_20260114_210200_T2,1736900002.52,63,Bright,Near,4,4,1280,720,24.224625111461066,2,1,chen,2,1,0.928455611132265,414.70888431378387,249.60727126972557,506.18666673159737,428.04934221208947,16323.484939849606,chen,0.9459619189005608,diana,0.8187945078838715,0.12716741101668927,chen,chen,chen,2,1,1,0,0,14.773302129657276,6.069726482837529,9.118664664107108,29.961693276601913
Bright_Near_20260114_210200_T2,1736900002.52,63,Bright,Near,4,4,1280,720,24.224625111461066,2,2,alice,3,1,0.9512470030417797,739.6719960229589,211.63150465624008,850.1630454575748,422.9826591143965,23352.4108552993,alice,0.8546664293839291,bob,0.6933824039972237,0.1612840253867054,alice,alice,alice,1,1,1,0,0,14.773302129657276,6.069726482837529,9.118664664107108,29.961693276601913
Bright_Near_20260114_210200_T2,1736900002.52,63,Bright,Near,4,4,1280,720,24.224625111461066,2,3,bob,4,1,0.8101582477920882,1058.4649367989327,272.43659907938917,1162.913967241118,459.6085047747932,19549.924075901064,bob,0.8493505514822516,diana,0.7305751632001756,0.11877538828207601,bob,bob,bob,2,1,1,0,0,14.773302129657276,6.069726482837529,9.118664664107108,29.961693276601913
Bright_Near_20260114_210200_T2,1736900002.56,64,Bright,Near,4,4,1280,720,23.033135578165467,1,0,diana,1,1,0.76317520154222,98.03391614521242,279.5736196048748,217.2576451229071,472.1479091692729,22959.424907097895,diana,0.8570530905300215,bob,0.7731371676254961,0.08391592290452543,diana,diana,diana,1,1,1,0,0,16.09262007260063,8.978532980176963,13.19308808302465,38.264241135802244
Bright_Near_20260114_210200_T2,1736900002.56,64,Bright,Near,4,4,1280,720,23.033135578165467,1,1,chen,2,1,0.7436388918747032,400.5638356846162,158.262542134206,519.2399179212362,291.2668578463218,15784.431109276415,chen,0.8361877989834322,diana,0.6791303803472062,0.15705741863622602,chen,chen,chen,2,1,1,0,0,16.09262007260063,8.978532980176963,13.19308808302465,38.264241135802244
Bright_Near_20260114_210200_T2,1736900002.56,64,Bright,Near,4,4,1280,720,23.033135578165467,1,2,alice,3,1,0.8012299352390823,757.691167856839,253.3055957151458,880.564079242049,405.1893199584189,18662.39538979937,alice,0.8362016792227427,chen,0.7444663937360232,0.0917352854867195,alice,alice,alice,1,1,1,0,0,16.09262007260063,8.978532980176963,13.19308808302465,38.264241135802244
Bright_Near_20260114_210200_T2,1736900002.56,64,Bright,Near,4,4,1280,720,23.033135578165467,1,3,bob,4,1,0.7653611263848911,1077.0032844710292,201.18578952634758,1182.5434112524788,414.16345600360194,22477.6899216267,bob,0.8655289474007862,alice,0.7487174644375927,0.11681148296319355,bob,bob,bob,2,1,1,0,0,16.09262007260063,8.978532980176963,13.19308808302465,38.264241135802244
Bright_Near_20260114_210200_T2,1736900002.6,65,Bright,Near,4,4,1280,720,26.12956269610097,2,0,diana,1,1,0.9862553999036974,114.40723184950417,214.20372433392595,195.06452767724852,381.25807166039147,13474.151911621482,diana,0.8810522628878982,chen,0.807031833026616,0.07402042986128221,diana,diana,diana,1,1,1,0,0,15.310325293589637,9.469491898013999,5.548249779721802,30.328066971325438
Bright_Near_20260114_210200_T2,1736900002.6,65,Bright,Near,4,4,1280,720,26.12956269610097,2,1,chen,2,1,0.7442196173678963,391.82263358379737,289.3935179510877,515.98224472895,438.2185421774336,18478.057136611034,chen,0.8244046761685102,diana,0.6783476654112663,0.14605701075724387,chen,chen,chen,2,1,1,0,0,15.310325293589637,9.469491898013999,5.548249779721802,30.328066971325438
Bright_Near_20260114_210200_T2,1736900002.6,65,Bright,Near,4,4,1280,720,26.12956269610097,2,2,alice,3,1,0.7608690180601129,728.5730832450414,213.12836678077804,831.3290871087717,372.3503163411526,16361.011264216515,alice,0.940730259164109,bob,0.7611329519155772,0.17959730724853185,alice,alice,alice,1,1,1,0,0,15.310325293589637,9.469491898013999,5.548249779721802,30.328066971325438
Bright_Near_20260114_210200_T2,1736900002.6,65,Bright,Near,4,4,1280,720,26.12956269610097,2,3,bob,4,1,0.8624943200448225,1087.229205736471,219.19325539712858,1173.9330033651206,367.91230628394305,12894.506491615215,bob,0.8621094081059218,diana,0.7528316469846901,0.10927776112123178,bob,bob,bob,3,1,1,0,0,15.310325293589637,9.469491898013999,5.548249779721802,30.328066971325438
Bright_Near_20260114_210200_T2,1736900002.64,66,Bright,Near,4,4,1280,720,25.437169833419322,0,0,diana,1,1,0.6810529497052555,113.59471227139271,254.64030226493182,195.15562886772364,413.1273033219361,12926.345074812938,diana,0.9383292699377418,chen,0.8670230682087872,0.07130620172895463,diana,diana,diana,2,1,1,0,0,17.125444476974383,12.871362460016664,8.8251329998907,38.82193993688175
Bright_Near_20260114_210200_T2,1736900002.64,66,Bright,Near,4,4,1280,720,25.437169833419322,0,1,chen,2,1,0.8741730540657616,425.611882319373,282.46989620456014,508.5505936659035,457.94247750039466,14553.469769325817,chen,0.8269276921496963,bob,0.7558887184765732,0.07103897367312306,chen,chen,chen,2,1,1,0,0,17.125444476974383,12.871362460016664,8.8251329998907,38.82193993688175
Bright_Near_20260114_210200_T2,1736900002.64,66,Bright,Near,4,4,1280,720,25.437169833419322,0,2,alice,3,1,0.8895994485683245,775.694885911143,261.0359372677892,872.8955295124019,420.2282901255385,15473.599154171932,alice,0.8759122142602674,diana,0.7314942125251209,0.14441800173514652,alice,alice,alice,2,1,1,0,0,17.125444476974383,12.871362460016664,8.8251329998907,38.82193993688175
Bright_Near_20260114_210200_T2,1736900002.64,66,Bright,Near,4,4,1280,720,25.437169833419322,0,3,bob,4,1,0.7214444763621125,1108.5397810741015,294.9957981412386,1194.4286805501633,509.8033709836482,18449.586030558556,bob,0.8844949788687115,diana,0.7872772355996192,0.09721774326909238,bob,bob,bob,2,1,1,0,0,17.125444476974383,12.871362460016664,8.8251329998907,38.82193993688175
Bright_Near_20260114_210200_T2,1736900002.68,67,Bright,Near,4,4,1280,720,25.256414024597557,4,0,diana,-1,0,-1.0,-1.0,-1.0,-1.0,-1.0,0.0,unknown,-1.0,unknown,-1.0,-1.0,unknown,unknown,unknown,0,0,0,0,1,15.198458341443782,5.9726128878872125,8.628136743334561,29.799207972665556
Bright_Near_20260114_210200_T2,1736900002.68,67,Bright,Near,4,4,1280,720,25.256414024597557,4,1,chen,2,1,0.722194952796362,430.65847095927865,231.80812765782406,536.573210973454,430.72138858497004,21067.846316470495,chen,0.8764267128277715,alice,0.7923098546938204,0.08411685813395109,chen,chen,chen,1,1,1,0,0,15.198458341443782,5.9726128878872125,8.628136743334561,29.799207972665556
Bright_Near_20260114_210200_T2,1736900002.68,67,Bright,Near,4,4,1280,720,25.256414024597557,4,2,alice,3,1,0.7074830339363789,759.3492836375048,233.17380897145563,840.2815307424254,433.3947935544263,16204.334199859488,alice,0.8646351505587201,diana,0.7082747038020529,0.15636044675666716,alice,alice,alice,3,1,1,0,0,15.198458341443782,5.9726128878872125,8.628136743334561,29.799207972665556
Bright_Near_20260114_210200_T2,1736900002.68,67,Bright,Near,4,4,1280,720,25.256414024597557,4,3,bob,4,1,0.7812192863095369,1109.494660339084,204.33982900282598,1203.8351812396045,408.5382335642906,19264.183853383784,bob,0.799084651510783,diana,0.6744991643430025,0.1245854871677805,bob,bob,bob,2,1,1,0,0,15.198458341443782,5.9726128878872125,8.628136743334561,29.799207972665556
Bright_Near_20260114_210200_T2,1736900002.72,68,Bright,Near,4,4,1280,720,27.599602115535006,1,0,diana,1,1,0.7905679274966001,90.40692631989472,206.62012445952763,209.0353650162729,414.27695674642536,24634.00579883033,diana,0.898886034120142,chen,0.7828896854205668,0.1159963486995752,diana,diana,diana,1,1,1,0,0,8.886974459011718,6.673161234574284,3.6624852621979045,19.222620955783906
Bright_Near_20260114_210200_T2,1736900002.72,68,Bright,Near,4,4,1280,720,27.599602115535006,1,1,chen,2,1,0.734452660340417,408.2780316087257,217.3072350091748,531.8836555736867,357.0169848954052,17268.910808676148,chen,0.8621880052085378,alice,0.7512365829369659,0.11095142227157184,chen,chen,chen,3,1,1,0,0,8.886974459011718,6.673161234574284,3.6624852621979045,19.222620955783906
Bright_Near_20260114_210200_T2,1736900002.72,68,Bright,Near,4,4,1280,720,27.599602115535006,1,2,alice,3,1,0.7970031001027738,735.3795992315776,309.5826305960341,841.2939869111134,449.79904517216784,14850.935692451145,alice,0.9362468845122508,diana,0.780703969988791,0.1555429145234598,alice,alice,alice,1,1,1,0,0,8.886974459011718,6.673161234574284,3.6624852621979045,19.222620955783906
Bright_Near_20260114_210200_T2,1736900002.72,68,Bright,Near,4,4,1280,720,27.599602115535006,1,3,bob,4,1,0.7106114320849214,1047.5260711562662,196.64279048609978,1155.8545980007268,383.95060129801595,20290.77921171581,bob,0.8335422223653683,chen,0.7706132085515599,0.06292901381380844,bob,bob,bob,2,1,1,0,0,8.886974459011718,6.673161234574284,3.6624852621979045,19.222620955783906
Bright_Near_20260114_210200_T2,1736900002.76,69,Bright,Near,4,4,1280,720,23.388385545432065,1,0,diana,1,1,0.8728764285703882,132.25609211515246,248.4870853567573,234.38966169537548,399.517886761448,15425.314864022823,diana,0.8785683254034103,chen,0.8132973590997356,0.0652709663036748,diana,diana,diana,3,1,1,0,0,17.04561825922836,7.854454402543045,12.32633650073474,37.226409162506144
Bright_Near_20260114_210200_T2,1736900002.76,69,Bright,Near,4,4,1280,720,23.388385545432065,1,1,chen,2,1,0.7393074891961777,442.71174349925536,206.22235721824302,531.2600274280171,344.83232523367576,12273.674803187123,chen,0.8704115557800695,diana,0.7049054274758496,0.16550612830421985,chen,chen,chen,2,1,1,0,0,17.04561825922836,7.854454402543045,12.32633650073474,37.226409162506144
Bright_Near_20260114_210200_T2,1736900002.76,69,Bright,Near,4,4,1280,720,23.388385545432065,1,2,alice,3,1,0.7860426346630679,731.7258832326007,220.44787149010224,834.7407483696237,399.92225472341704,18488.5293843303,alice,0.8533491758092838,chen,0.7902670103757314,0.06308216543355238,alice,alice,alice,2,1,1,0,0,17.04561825922836,7.854454402543045,12.32633650073474,37.226409162506144
Bright_Near_20260114_210200_T2,1736900002.76,69,Bright,Near,4,4,1280,720,23.388385545432065,1,3,bob,4,1,0.8271309638398173,1053.6728759307284,193.88067669764598,1170.8500537015038,378.5028638270794,21633.506841694987,bob,0.8400965197774959,alice,0.6929190238135385,0.14717749596395735,bob,bob,bob,3,1,1,0,0,17.04561825922836,7.854454402543045,12.32633650073474,37.226409162506144
Bright_Near_20260114_210200_T2,1736900002.8,70,Bright,Near,4,4,1280,720,26.524299956604974,1,0,diana,1,1,0.7059368875280325,83.34711830913977,229.19444252602014,175.71207709118823,419.6139326960921,17588.08836085738,diana,0.88322565316871,alice,0.7119224501823,0.17130320298641,diana,diana,diana,1,1,1,0,0,12.004669774362648,11.948871455465747,7.2213715345368445,31.17491276436524
Bright_Near_20260114_210200_T2,1736900002.8,70,Bright,Near,4,4,1280,720,26.524299956604974,1,1,chen,2,1,0.6754829843765358,414.1904536053423,154.53100850760757,524.2134738014496,345.804489487477,21044.486060827912,chen,0.790418615725604,diana,0.6658148157351239,0.1246037999904801,chen,chen,chen,3,1,1,0,0,12.004669774362648,11.948871455465747,7.2213715345368445,31.17491276436524
Bright_Near_20260114_210200_T2,1736900002.8,70,Bright,Near,4,4,1280,720,26.524299956604974,1,2,alice,3,1,0.7053408344023766,748.5718574786168,238.64072066348407,843.1047455536212,438.6640507651209,18908.783076887692,alice,0.7951394432372568,chen,0.7028868733328943,0.09225256990436248,alice,alice,alice,2,1,1,0,0,12.004669774362648,11.948871455465747,7.2213715345368445,31.17491276436524
Bright_Near_20260114_210200_T2,1736900002.8,70,Bright,Near,4,4,1280,720,26.524299956604974,1,3,bob,4,1,0.6463445015092745,1063.4682410974906,214.38202070104984,1186.270767498247,407.93865621872516,23769.243843200926,bob,0.9571526853440315,alice,0.7825790923289684,0.17457359301506314,bob,bob,bob,3,1,1,0,0,12.004669774362648,11.948871455465747,7.2213715345368445,31.17491276436524
Bright_Near_20260114_210200_T2,1736900002.84,71,Bright,Near,4,4,1280,720,24.098311784682338,1,0,diana,1,1,0.7218244609931622,98.04969790450271,275.67887161364723,213.85746803344944,421.1176420388891,16842.939693243065,diana,0.8663853214092913,bob,0.6950611762426286,0.1713241451666626,diana,diana,diana,1,1,1,0,0,9.9798933481172,6.987675053954599,9.484226637512787,26.451795039584585
Bright_Near_20260114_210200_T2,1736900002.84,71,Bright,Near,4,4,1280,720,24.098311784682338,1,1,chen,2,1,0.7660334929989697,433.2709078586258,246.15659833820177,558.4360265509933,382.0287229902217,17006.450609054235,chen,0.8478757391949994,alice,0.7548332706480417,0.09304246854695764,chen,chen,chen,3,1,1,0,0,9.9798933481172,6.987675053954599,9.484226637512787,26.451795039584585
Bright_Near_20260114_210200_T2,1736900002.84,71,Bright,Near,4,4,1280,720,24.098311784682338,1,2,alice,3,1,0.8607021896809448,761.4344392057295,130.939077295436,841.5642393363315,291.0922841966779,12833.044459271463,alice,0.8958486465181165,bob,0.7251813239449781,0.17066732257313832,alice,alice,alice,1,1,1,0,0,9.9798933481172,6.987675053954599,9.484226637512787,26.451795039584585
Bright_Near_20260114_210200_T2,1736900002.84,71,Bright,Near,4,4,1280,720,24.098311784682338,1,3,bob,4,1,0.6892578107425946,1058.1308049463707,204.32207197771072,1162.5459002172358,389.91878566845946,19379.098541979,bob,0.7939967362190639,chen,0.7273453665062124,0.06665136971285146,bob,bob,bob,1,1,1,0,0,9.9798933481172,6.987675053954599,9.484226637512787,26.451795039584585
Bright_Near_20260114_210200_T2,1736900002.88,72,Bright,Near,4,4,1280,720,25.83033636850895,1,0,diana,1,1,0.7405079184949258,130.13148564384093,366.08626385033887,213.42936915352877,521.3774903649778,12935.430496292942,diana,0.812868495971554,chen,0.6966891082644253,0.11617938770712866,diana,diana,diana,1,1,1,0,0,12.155436667649946,11.22749096447221,9.758718276688882,33.141645908811036
Bright_Near_20260114_210200_T2,1736900002.88,72,Bright,Near,4,4,1280,720,25.83033636850895,1,1,chen,2,1,0.7663377475333772,431.7626900826573,177.48058831306122,535.6502312696034,383.24318549928176,21376.170289916492,chen,0.9038187073164025,diana,0.7264205969357492,0.17739811038065323,chen,chen,chen,3,1,1,0,0,12.155436667649946,11.22749096447221,9.758718276688882,33.141645908811036
Bright_Near_20260114_210200_T2,1736900002.88,72,Bright,Near,4,4,1280,720,25.83033636850895,1,2,alice,3,1,0.9108344920333697,737.0459984330139,204.04099426472123,849.3186787144627,388.18534069157397,20674.379332018398,alice,0.8838042118504639,bob,0.7805110924473857,0.10329311940307817,alice,alice,alice,2,1,1,0,0,12.155436667649946,11.22749096447221,9.758718276688882,33.141645908811036
Bright_Near_20260114_210200_T2,1736900002.88,72,Bright,Near,4,4,1280,720,25.83033636850895,1,3,bob,4,1,0.8030830825966823,1031.902590129726,229.13696419534602,1150.2733361830883,406.2628549972474,20966.523839587466,bob,0.8888121991791953,alice,0.7666308636754666,0.12218133550372867,bob,bob,bob,2,1,1,0,0,12.155436667649946,11.22749096447221,9.758718276688882,33.141645908811036
Bright_Near_20260114_210200_T2,1736900002.92,73,Bright,Near,4,4,1280,720,22.47620138391559,0,0,diana,1,1,0.8512284257713267,120.07327917811055,260.9677790811037,207.04668906438275,456.30734027385995,16989.34772262214,diana,0.8112613690342995,bob,0.6328392389238688,0.17842213011043062,diana,diana,diana,3,1,1,0,0,8.76523745031366,8.904925707675245,6.458104624636013,24.128267782624917
Bright_Near_20260114_210200_T2,1736900002.92,73,Bright,Near,4,4,1280,720,22.47620138391559,0,1,chen,2,1,0.8650024485392247,444.9194933931799,147.68638744049952,526.6643809858085,336.86154962404464,15464.102368011187,chen,0.859248808476093,alice,0.7481129890359925,0.11113581944010043,chen,chen,chen,1,1,1,0,0,8.76523745031366,8.904925707675245,6.458104624636013,24.128267782624917
Bright_Near_20260114_210200_T2,1736900002.92,73,Bright,Near,4,4,1280,720,22.47620138391559,0,2,alice,3,1,0.8601935274128932,784.3463973823684,238.7774550071805,879.9983636271481,448.48582908272283,20059.018318321414,alice,0.8843870756559092,bob,0.7556270789888517,0.1287599966670575,alice,alice,alice,2,1,1,0,0,8.76523745031366,8.904925707675245,6.458104624636013,24.128267782624917
Bright_Near_20260114_210200_T2,1736900002.92,73,Bright,Near,4,4,1280,720,22.47620138391559,0,3,bob,4,1,0.7988620292952786,1059.1981598620093,249.37907248859597,1181.4760736711635,426.5733893914115,21666.951409714427,bob,0.8837561170642776,alice,0.7168056743465503,0.1669504427177273,bob,bob,bob,1,1,1,0,0,8.76523745031366,8.904925707675245,6.458104624636013,24.128267782624917
Bright_Near_20260114_210200_T2,1736900002.96,74,Bright,Near,4,4,1280,720,27.283089901882892,0,0,diana,1,1,0.7547864509751221,119.65064439763651,216.86720819142937,220.3275200813856,423.02430189246655,20755.25209386233,diana,0.9116035869777833,alice,0.8041879672492855,0.10741561972849778,diana,diana,diana,2,1,1,0,0,15.316924491483663,6.395346020514954,6.149929964764238,27.862200476762855
Bright_Near_20260114_210200_T2,1736900002.96,74,Bright,Near,4,4,1280,720,27.283089901882892,0,1,chen,-1,0,-1.0,-1.0,-1.0,-1.0,-1.0,0.0,unknown,-1.0,unknown,-1.0,-1.0,unknown,unknown,unknown,0,0,0,0,1,15.316924491483663,6.395346020514954,6.149929964764238,27.862200476762855
Bright_Near_20260114_210200_T2,1736900002.96,74,Bright,Near,4,4,1280,720,27.283089901882892,0,2,alice,3,1,0.7240058636388853,759.4395911642355,268.6173812587016,887.3120580582192,452.60920932755926,23527.488943498553,alice,0.8530833857300646,diana,0.6870838317749504,0.16599955395511423,alice,alice,alice,2,1,1,0,0,15.316924491483663,6.395346020514954,6.149929964764238,27.862200476762855
Bright_Near_20260114_210200_T2,1736900002.96,74,Bright,Near,4,4,1280,720,27.283089901882892,0,3,bob,4,1,0.7209462714107208,1079.273061491109,285.51881210259046,1162.879513447647,423.1270631440616,11504.937629521972,bob,0.8582453272140068,chen,0.781504195173008,0.07674113204099886,bob,bob,bob,1,1,1,0,0,15.316924491483663,6.395346020514954,6.149929964764238,27.862200476762855
Bright_Near_20260114_210200_T2,1736900003.0,75,Bright,Near,4,4,1280,720,29.232443114023752,0,0,diana,1,1,0.8910491699200387,119.41986367934841,261.7456280190095,205.3564184527844,470.1352174590743,17908.283367129967,diana,0.7721520141301295,alice,0.6988353758296828,0.07331663830044666,diana,diana,diana,1,1,1,0,0,11.68817627906982,8.029754875915646,3.735412923585086,23.453344078570552
Bright_Near_20260114_210200_T2,1736900003.0,75,Bright,Near,4,4,1280,720,29.232443114023752,0,1,chen,2,1,0.8030193464607422,407.82848138553743,313.6166087059487,513.5660836931954,524.6468134107823,22313.827859983357,chen,0.8844216003604061,alice,0.804527079260473,0.07989452109993311,chen,chen,chen,1,1,1,0,0,11.68817627906982,8.029754875915646,3.735412923585086,23.453344078570552
Bright_Near_20260114_210200_T2,1736900003.0,75,Bright,Near,4,4,1280,720,29.232443114023752,0,2,alice,3,1,0.6556130771549119,753.9735191952462,247.24919106176043,842.5137273796578,419.65532561118204,15264.875045275456,alice,0.8433124985326572,chen,0.7055193112386223,0.1377931872940349,alice,alice,alice,3,1,1,0,0,11.68817627906982,8.029754875915646,3.735412923585086,23.453344078570552
Bright_Near_20260114_210200_T2,1736900003.0,75,Bright,Near,4,4,1280,720,29.232443114023752,0,3,bob,4,1,0.9123114975017486,1085.1266554970337,336.01325126388235,1174.463489941318,535.304947175455,17804.089243772807,bob,0.570626178291521,chen,0.5402986547856007,0.030327523505920273,unknown,unknown,unknown,0,0,0,0,0,11.68817627906982,8.029754875915646,3.735412923585086,23.453344078570552
Bright_Near_20260114_210200_T2,1736900003.04,76,Bright,Near,4,4,1280,720,24.819996157328248,1,0,diana,1,1,0.7562865796072354,87.62494153970343,169.8505257801786,208.09844978537373,315.29957578002063,17522.75732448088,diana,0.8519000223127547,chen,0.7565780531815859,0.09532196913116886,diana,diana,diana,1,1,1,0,0,12.964895887923305,8.141562813404509,7.703413572142598,28.80987227347041
Bright_Near_20260114_210200_T2,1736900003.04,76,Bright,Near,4,4,1280,720,24.819996157328248,1,1,chen,2,1,0.8641512678836489,409.63279811762106,283.585214808737,509.2117186534332,475.727471832459,19133.3185437368,chen,0.876822015495295,diana,0.7425915395529857,0.1342304759423093,chen,chen,chen,2,1,1,0,0,12.964895887923305,8.141562813404509,7.703413572142598,28.80987227347041
Bright_Near_20260114_210200_T2,1736900003.04,76,Bright,Near,4,4,1280,720,24.819996157328248,1,2,alice,3,1,0.7597622107437401,712.2616409646544,203.97833054091365,809.0222264872202,378.54634906383654,16891.303685792143,alice,0.9332587907069485,chen,0.8115569802548059,0.12170181045214257,alice,alice,alice,1,1,1,0,0,12.964895887923305,8.141562813404509,7.703413572142598,28.80987227347041
Bright_Near_20260114_210200_T2,1736900003.04,76,Bright,Near,4,4,1280,720,24.819996157328248,1,3,bob,4,1,0.6950708235496522,1067.8862668815918,160.80435660239715,1171.6297672348155,373.1683121783689,22031.380100307804,diana,0.6743009610317853,alice,0.5948243875561627,0.07947657347562254,unknown,unknown,unknown,0,0,0,0,0,12.964895887923305,8.141562813404509,7.703413572142598,28.80987227347041
Bright_Near_20260114_210200_T2,1736900003.08,77,Bright,Near,4,4,1280,720,25.85748677221603,0,0,diana,1,1,0.690585908453162,97.70598687125624,241.16790927424762,223.9525196977183,419.0390793701874,22455.618514398273,diana,0.860278474128865,alice,0.694143483238486,0.1661349908903791,diana,diana,diana,2,1,1,0,0,8.056987254154206,6.453845393382921,7.49771426056459,22.008546908101717
Bright_Near_20260114_210200_T2,1736900003.08,77,Bright,Near,4,4,1280,720,25.85748677221603,0,1,chen,2,1,0.6280287612976304,430.863609763632,253.7780336781422,511.54039207002177,459.91873140640956,16630.768195110722,chen,0.8270843690062593,bob,0.6899541555736367,0.13713021343262255,chen,chen,chen,1,1,1,0,0,8.056987254154206,6.453845393382921,7.49771426056459,22.008546908101717
Bright_Near_20260114_210200_T2,1736900003.08,77,Bright,Near,4,4,1280,720,25.85748677221603,0,2,alice,3,1,0.6543596413295181,773.4132232755637,123.1343418301122,854.7049234773172,327.104391042596,16581.072090718124,alice,0.8647282076853335,diana,0.7603378681488957,0.10439033953643784,alice,alice,alice,1,1,1,0,0,8.056987254154206,6.453845393382921,7.49771426056459,22.008546908101717
Bright_Near_20260114_210200_T2,1736900003.08,77,Bright,Near,4,4,1280,720,25.85748677221603,0,3,bob,4,1,0.7129440125039438,1073.4950996280338,180.01921032027494,1190.9336468813738,378.20726386403214,23274.917091146,bob,0.8479480680763576,diana,0.7199994898665212,0.1279485782098364,bob,bob,bob,2,1,1,0,0,8.056987254154206,6.453845393382921,7.49771426056459,22.008546908101717
Bright_Near_20260114_210200_T2,1736900003.12,78,Bright,Near,4,4,1280,720,22.24958847220195,2,0,diana,1,1,0.7166881714179423,103.8778546889045,220.99436954541778,231.59796446933734,383.4819587463539,20752.932730701432,diana,0.800917755399809,bob,0.6891853458366284,0.11173240956318065,diana,diana,diana,1,1,1,0,0,15.341982252390451,7.754095856326662,6.129403227764561,29.225481336481675
Bright_Near_20260114_210200_T2,1736900003.12,78,Bright,Near,4,4,1280,720,22.24958847220195,2,1,chen,2,1,0.7560670824122071,424.7030044118369,218.58065977438184,532.203506882302,350.51739913995846,14183.26577611428,chen,0.8562624245290763,alice,0.7876681861371783,0.06859423839189804,chen,chen,chen,2,1,1,0,0,15.341982252390451,7.754095856326662,6.129403227764561,29.225481336481675
Bright_Near_20260114_210200_T2,1736900003.12,78,Bright,Near,4,4,1280,720,22.24958847220195,2,2,alice,3,1,0.6832004556575209,724.462605208936,234.0403064788998,845.2412004174938,387.4289564395933,18526.065663189773,bob,0.7081716381976149,alice,0.6587132143537829,0.04945842384383192,unknown,unknown,unknown,0,0,0,0,0,15.341982252390451,7.754095856326662,6.129403227764561,29.225481336481675
Bright_Near_20260114_210200_T2,1736900003.12,78,Bright,Near,4,4,1280,720,22.24958847220195,2,3,bob,4,1,0.7370473981235841,1080.0500663975665,218.6078957499803,1163.9986669443308,431.9126163504288,17906.632784426212,bob,0.8489145514134399,chen,0.7376224009633159,0.11129215045012397,bob,bob,bob,1,1,1,0,0,15.341982252390451,7.754095856326662,6.129403227764561,29.225481336481675
Bright_Near_20260114_210200_T2,1736900003.16,79,Bright,Near,4,4,1280,720,24.315712586758938,0,0,diana,1,1,0.6294423322696967,90.79105800967682,264.1927086612595,218.10024730310522,478.87529723491076,27331.06630672618,diana,0.8374997265652927,bob,0.6783289272846816,0.15917079928061106,diana,diana,diana,2,1,1,0,0,14.44242660496899,12.68330280022164,10.300902711402589,37.42663211659322
Bright_Near_20260114_210200_T2,1736900003.16,79,Bright,Near,4,4,1280,720,24.315712586758938,0,1,chen,2,1,0.8115080279483564,440.5129813903443,286.9504090451394,534.4547519372635,422.05005570236744,12691.500007243178,chen,0.9096223181148158,alice,0.7348795916433859,0.17474272647142985,chen,chen,chen,2,1,1,0,0,14.44242660496899,12.68330280022164,10.300902711402589,37.42663211659322
Bright_Near_20260114_210200_T2,1736900003.16,79,Bright,Near,4,4,1280,720,24.315712586758938,0,2,alice,3,1,0.9284010191337524,728.9740816774413,316.5848804939785,839.1808967299055,461.1199429557922,15928.748897325466,alice,0.8821307462296958,bob,0.7668176808537776,0.11531306537591823,alice,alice,alice,1,1,1,0,0,14.44242660496899,12.68330280022164,10.300902711402589,37.42663211659322
Bright_Near_20260114_210200_T2,1736900003.16,79,Bright,Near,4,4,1280,720,24.315712586758938,0,3,bob,4,1,0.719284644051678,1085.451799821528,178.34064713576925,1185.637439903405,350.06510640145973,17204.324869247408,alice,0.7859218020456594,bob,0.6958157114244162,0.0901060906212432,alice,alice,alice,2,0,0,1,0,14.44242660496899,12.68330280022164,10.300902711402589,37.42663211659322
Bright_Near_20260114_210200_T2,1736900003.2,80,Bright,Near,4,4,1280,720,23.52424479754664,2,0,diana,1,1,0.8372370940277759,123.98596198135229,231.45477859571469,237.6118710688357,368.64911832666127,15588.83157358585,diana,0.8589497734247252,alice,0.794236228081179,0.06471354534354623,diana,diana,diana,3,1,1,0,0,9.566781583785929,4.501189967489063,7.570092260366083,21.638063811641075
Bright_Near_20260114_210200_T2,1736900003.2,80,Bright,Near,4,4,1280,720,23.52424479754664,2,1,chen,2,1,0.765203668119017,408.398261055414,157.47767165175418,511.08719409943564,357.9425122658525,20585.520595501606,chen,0.7441113363905729,bob,0.6925978839446078,0.05151345244596517,unknown,unknown,unknown,0,0,0,0,0,9.566781583785929,4.501189967489063,7.570092260366083,21.638063811641075
Bright_Near_20260114_210200_T2,1736900003.2,80,Bright,Near,4,4,1280,720,23.52424479754664,2,2,alice,3,1,0.8015837090392479,755.8054571168472,171.4638745548625,841.8507976929956,367.051076416652,16829.367396533566,alice,0.7967791291185669,chen,0.6845858924016768,0.11219323671689008,alice,alice,alice,2,1,1,0,0,9.566781583785929,4.501189967489063,7.570092260366083,21.638063811641075
Bright_Near_20260114_210200_T2,1736900003.2,80,Bright,Near,4,4,1280,720,23.52424479754664,2,3,bob,4,1,0.8651525954171175,1083.6055038615311,253.13818616456985,1173.5604865734401,397.17503684931995,12956.832413224512,bob,0.8836635424250251,alice,0.7298690412250335,0.1537945011999916,bob,bob,bob,2,1,1,0,0,9.566781583785929,4.501189967489063,7.570092260366083,21.638063811641075
Bright_Near_20260114_210200_T2,1736900003.24,81,Bright,Near,4,4,1280,720,30.33924967584331,0,0,diana,1,1,0.7906823720763713,94.6252148341976,292.2872622123614,206.20770549771936,452.34369320199335,17859.495216537223,diana,0.8179675197294294,alice,0.6423555942181751,0.17561192551125426,diana,diana,diana,3,1,1,0,0,15.829840685878239,9.029764735770899,7.168747368873374,32.02835279052251
Bright_Near_20260114_210200_T2,1736900003.24,81,Bright,Near,4,4,1280,720,30.33924967584331,0,1,chen,2,1,0.8446716166419089,424.35382513077275,242.72421110867438,533.139678542393,406.1281297841973,17776.03474391975,chen,0.9179138024225726,alice,0.7898439224643392,0.12806987995823338,chen,chen,chen,2,1,1,0,0,15.829840685878239,9.029764735770899,7.168747368873374,32.02835279052251
Bright_Near_20260114_210200_T2,1736900003.24,81,Bright,Near,4,4,1280,720,30.33924967584331,0,2,alice,3,1,0.8177379587973729,728.5354251470826,246.1033932039716,810.6320906260544,384.0496292919122,11324.925998194924,alice,0.7329047609245039,bob,0.6466043074827813,0.08630045344172255,alice,alice,alice,1,1,1,0,0,15.829840685878239,9.029764735770899,7.168747368873374,32.02835279052251
Bright_Near_20260114_210200_T2,1736900003.24,81,Bright,Near,4,4,1280,720,30.33924967584331,0,3,bob,4,1,0.7608687862502492,1096.4534260848202,230.33840869069576,1215.3195014453966,371.67899268250306,16800.60050827804,bob,0.7183835862846948,alice,0.6917004729529804,0.02668311333171436,unknown,unknown,unknown,0,0,0,0,0,15.829840685878239,9.029764735770899,7.168747368873374,32.02835279052251
Bright_Near_20260114_210200_T2,1736900003.28,82,Bright,Near,4,4,1280,720,28.65335690874662,1,0,diana,1,1,0.7782440541274784,102.34329346017373,192.9904772985559,198.31224279008742,366.6232777399938,16663.35742757537,diana,0.8710718556881369,chen,0.6921774847800567,0.17889437090808025,diana,diana,diana,2,1,1,0,0,19.225639537089005,8.688464588119778,9.179437759439939,37.09354188464872
Bright_Near_20260114_210200_T2,1736900003.28,82,Bright,Near,4,4,1280,720,28.65335690874662,1,1,chen,2,1,0.8128379689884079,433.3884385073131,239.11025432893746,549.910712019485,436.8705752657986,23043.482206059834,chen,0.8621172726343168,alice,0.6872630343335664,0.17485423830075042,chen,chen,chen,2,1,1,0,0,19.225639537089005,8.688464588119778,9.179437759439939,37.09354188464872
Bright_Near_20260114_210200_T2,1736900003.28,82,Bright,Near,4,4,1280,720,28.65335690874662,1,2,alice,3,1,0.8018485822767653,742.9763598435036,221.47819751792287,840.6166419782774,408.3995374311325,18251.052366135737,alice,0.9150460996911652,diana,0.8073431960428142,0.107702903648351,alice,alice,alice,2,1,1,0,0,19.225639537089005,8.688464588119778,9.179437759439939,37.09354188464872
Bright_Near_20260114_210200_T2,1736900003.28,82,Bright,Near,4,4,1280,720,28.65335690874662,1,3,bob,4,1,0.842232415279017,1049.9988690914586,262.0294202818758,1171.496320150224,416.02468599725785,18710.0322595362,bob,0.8493179651639895,chen,0.6876479290446763,0.1616700361193132,bob,bob,bob,2,1,1,0,0,19.225639537089005,8.688464588119778,9.179437759439939,37.09354188464872
Bright_Near_20260114_210200_T2,1736900003.32,83,Bright,Near,4,4,1280,720,22.209100695140396,2,0,diana,1,1,0.8420643722762229,90.96521364495108,229.92386412765038,193.84813338954564,378.07618767748704,15242.343613753052,alice,0.7570922980738983,chen,0.6893733230539332,0.06771897501996516,unknown,unknown,unknown,0,0,0,0,0,7.991927464779519,4.79275899170825,8.043573765486066,20.828260221973835
Bright_Near_20260114_210200_T2,1736900003.32,83,Bright,Near,4,4,1280,720,22.209100695140396,2,1,chen,2,1,0.7606686963092129,419.8770578595661,171.29994454128845,543.2770688711214,372.43012571312556,24819.466571360812,chen,0.9052860512851156,diana,0.7992707120128946,0.10601533927222107,chen,chen,chen,2,1,1,0,0,7.991927464779519,4.79275899170825,8.043573765486066,20.828260221973835
Bright_Near_20260114_210200_T2,1736900003.32,83,Bright,Near,4,4,1280,720,22.209100695140396,2,2,alice,3,1,0.8995419578114027,760.8747563570096,240.09648029479445,878.0589293692785,441.43108420038436,23593.22905742929,alice,0.8952505378818781,diana,0.7918595121752849,0.1033910257065932,alice,alice,alice,3,1,1,0,0,7.991927464779519,4.79275899170825,8.043573765486066,20.828260221973835
Bright_Near_20260114_210200_T2,1736900003.32,83,Bright,Near,4,4,1280,720,22.209100695140396,2,3,bob,4,1,0.8159148515883299,1069.1839404861603,290.02561556186953,1150.9100042638056,451.1923369431176,13171.521750437874,bob,0.9033676777529926,diana,0.7916074279606864,0.11176024979230625,bob,bob,bob,1,1,1,0,0,7.991927464779519,4.79275899170825,8.043573765486066,20.828260221973835
Bright_Near_20260114_210200_T2,1736900003.36,84,Bright,Near,4,4,1280,720,24.215904012285506,0,0,diana,1,1,0.8005380008631467,146.22479739225005,291.92991381950634,229.2544492245103,443.377966595764,12574.679092686449,diana,0.8210754058532029,chen,0.7190320243890581,0.10204338146414482,diana,diana,diana,3,1,1,0,0,13.497138596107964,8.52641076711982,9.027366535611804,31.050915898839587
Bright_Near_20260114_210200_T2,1736900003.36,84,Bright,Near,4,4,1280,720,24.215904012285506,0,1,chen,2,1,0.8547992012892568,403.22359961442584,168.0004113475484,525.3088077253037,342.57458990074736,21312.92491945285,chen,0.7841526247776843,bob,0.6350617885673037,0.14909083621038066,chen,chen,chen,2,1,1,0,0,13.497138596107964,8.52641076711982,9.027366535611804,31.050915898839587
Bright_Near_20260114_210200_T2,1736900003.36,84,Bright,Near,4,4,1280,720,24.215904012285506,0,2,alice,3,1,0.9777352319541778,724.7680245667491,213.8746538125058,843.4981313817498,364.7352739450657,17911.69754251608,alice,0.8987031687970555,chen,0.833211329847682,0.0654918389493735,alice,alice,alice,2,1,1,0,0,13.497138596107964,8.52641076711982,9.027366535611804,31.050915898839587
Bright_Near_20260114_210200_T2,1736900003.36,84,Bright,Near,4,4,1280,720,24.215904012285506,0,3,bob,4,1,0.7264775025473973,1064.232614780859,225.30806825689297,1187.6337914246678,398.9808166629307,21431.421504269238,bob,0.8844654967414148,chen,0.7239710655874712,0.16049443115394368,bob,bob,bob,1,1,1,0,0,13.497138596107964,8.52641076711982,9.027366535611804,31.050915898839587
Bright_Near_20260114_210200_T2,1736900003.4,85,Bright,Near,4,4,1280,720,26.263889101209337,1,0,diana,1,1,0.7863847769918436,85.78106221235376,183.9040716097449,186.45938198724994,380.6174760026634,19804.775031478715,diana,0.9227687308583837,bob,0.8246205985911836,0.0981481322672001,diana,diana,diana,3,1,1,0,0,14.998722206878208,11.514668174997414,9.767139837956538,36.28053021983216
Bright_Near_20260114_210200_T2,1736900003.4,85,Bright,Near,4,4,1280,720,26.263889101209337,1,1,chen,2,1,0.7898871770747582,418.631741123858,136.7301705986045,531.8439307583648,339.082710869765,22908.77416220279,chen,0.8797345158772405,diana,0.7288800371973918,0.1508544786798487,chen,chen,chen,1,1,1,0,0,14.998722206878208,11.514668174997414,9.767139837956538,36.28053021983216
Bright_Near_20260114_210200_T2,1736900003.4,85,Bright,Near,4,4,1280,720,26.263889101209337,1,2,alice,3,1,0.9085306415682652,751.7482772314256,170.381938828178,837.3890960999358,367.5570549009893,16886.238400969116,alice,0.8862432047144863,chen,0.8030019035534137,0.08324130116107253,alice,alice,alice,3,1,1,0,0,14.998722206878208,11.514668174997414,9.767139837956538,36.28053021983216
Bright_Near_20260114_210200_T2,1736900003.4,85,Bright,Near,4,4,1280,720,26.263889101209337,1,3,bob,4,1,0.8222455710910537,1073.5131532455384,194.41113277839355,1165.954934756684,404.2185655858097,19394.972862997518,bob,0.687239719200609,diana,0.619043101557963,0.06819661764264595,unknown,unknown,unknown,0,0,0,0,0,14.998722206878208,11.514668174997414,9.767139837956538,36.28053021983216
Bright_Near_20260114_210200_T2,1736900003.44,86,Bright,Near,4,4,1280,720,27.630739320035833,3,0,diana,1,1,0.7841480783709986,147.12396407156578,215.9009044896456,231.55581215123217,357.4680422361792,11952.77506728853,diana,0.9749605547833291,bob,0.8124333452088861,0.162527209574443,diana,diana,diana,1,1,1,0,0,10.5363537461416,5.715188822865579,4.317563230465615,20.569105799472794
Bright_Near_20260114_210200_T2,1736900003.44,86,Bright,Near,4,4,1280,720,27.630739320035833,3,1,chen,2,1,0.7111906272443476,451.30147967115977,268.1929808983159,543.4366998227694,464.7285092491861,18107.844172220335,chen,0.9010923121835431,alice,0.8206964468771286,0.08039586530641452,chen,chen,chen,3,1,1,0,0,10.5363537461416,5.715188822865579,4.317563230465615,20.569105799472794
Bright_Near_20260114_210200_T2,1736900003.44,86,Bright,Near,4,4,1280,720,27.630739320035833,3,2,alice,3,1,0.6693090422118693,753.8537056666639,193.1426433698109,848.7995234755565,359.2712369619752,15773.215180049188,alice,0.9493610914764652,bob,0.8075798854297268,0.14178120604673838,alice,alice,alice,1,1,1,0,0,10.5363537461416,5.715188822865579,4.317563230465615,20.569105799472794
Bright_Near_20260114_210200_T2,1736900003.44,86,Bright,Near,4,4,1280,720,27.630739320035833,3,3,bob,4,1,0.8009116147855595,1057.3286826196522,326.2770334001806,1182.8261229941318,459.7418650628306,16749.494753673367,bob,0.8325907117105014,alice,0.7151286747152902,0.11746203699521118,bob,bob,bob,1,1,1,0,0,10.5363537461416,5.715188822865579,4.317563230465615,20.569105799472794
Bright_Near_20260114_210200_T2,1736900003.48,87,Bright,Near,4,4,1280,720,26.003836820620485,2,0,diana,1,1,0.7631330863769722,100.54106810094588,194.64172316305894,219.90118688322588,344.8804977848125,17932.5179845567,diana,0.7560107395274236,alice,0.6607714481835825,0.09523929134384113,diana,diana,diana,2,1,1,0,0,12.764449124301553,7.285531074476227,16.005035618961223,36.055015817739005
Bright_Near_20260114_210200_T2,1736900003.48,87,Bright,Near,4,4,1280,720,26.003836820620485,2,1,chen,2,1,0.7166199739129427,449.6338243081189,282.1576931177405,551.3730135496027,480.26711145712517,20155.49160295093,chen,0.8904504814672235,bob,0.737638611600722,0.15281186986650153,chen,chen,chen,1,1,1,0,0,12.764449124301553,7.285531074476227,16.005035618961223,36.055015817739005
Bright_Near_20260114_210200_T2,1736900003.48,87,Bright,Near,4,4,1280,720,26.003836820620485,2,2,alice,3,1,0.7945932877486305,740.9845022749174,288.5925557053929,863.0803120693512,426.08917088779367,16787.76057468886,alice,0.8321527185117522,diana,0.7007164829773904,0.1314362355343618,alice,alice,alice,2,1,1,0,0,12.764449124301553,7.285531074476227,16.005035618961223,36.055015817739005
Bright_Near_20260114_210200_T2,1736900003.48,87,Bright,Near,4,4,1280,720,26.003836820620485,2,3,bob,4,1,0.7141514913437305,1068.1620654460985,214.3272183249923,1189.1232186387356,405.7111515941242,23150.0212707769,bob,0.857813860046461,diana,0.7031547725677291,0.15465908747873192,bob,bob,bob,3,1,1,0,0,12.764449124301553,7.285531074476227,16.005035618961223,36.055015817739005
Bright_Near_20260114_210200_T2,1736900003.52,88,Bright,Near,4,4,1280,720,27.83472891439823,1,0,diana,1,1,0.698067283012773,124.81314711427974,173.42475028922718,217.09036879671197,340.4265111979089,15410.458512726967,diana,0.8808303068864773,alice,0.7192731808626549,0.16155712602382244,diana,diana,diana,2,1,1,0,0,13.31413716116931,7.110034165200646,4.511154883050103,24.935326209420058
Bright_Near_20260114_210200_T2,1736900003.52,88,Bright,Near,4,4,1280,720,27.83472891439823,1,1,chen,2,1,0.8739739396712999,414.89898406611616,230.41442366497824,515.7343002332939,440.186223745009,21152.4057840279,alice,0.9167411085687536,chen,0.8666162058340382,0.05012490273471537,alice,alice,alice,2,0,0,1,0,13.31413716116931,7.110034165200646,4.511154883050103,24.935326209420058
Bright_Near_20260114_210200_T2,1736900003.52,88,Bright,Near,4,4,1280,720,27.83472891439823,1,2,alice,3,1,0.7629124898605713,738.7288088123828,226.2410827799451,855.6354631388763,357.0116386629116,15287.948172693365,alice,0.8520788239340524,bob,0.6845519012310102,0.16752692270304226,alice,alice,alice,2,1,1,0,0,13.31413716116931,7.110034165200646,4.511154883050103,24.935326209420058
Bright_Near_20260114_210200_T2,1736900003.52,88,Bright,Near,4,4,1280,720,27.83472891439823,1,3,bob,4,1,0.7940646853211448,1066.8082166451222,158.09033835899646,1165.0405947045992,371.88256117936095,21001.318458265992,bob,0.7864507194489463,chen,0.6848743505599891,0.10157636888895716,bob,bob,bob,2,1,1,0,0,13.31413716116931,7.110034165200646,4.511154883050103,24.935326209420058
Bright_Near_20260114_210200_T2,1736900003.56,89,Bright,Near,4,4,1280,720,25.317051964327074,2,0,diana,1,1,0.834228887425014,122.47090794425029,188.87403736036566,230.8447560974856,322.4693182526848,14478.234685413012,diana,0.8626001552318803,alice,0.6939536713275163,0.168646483904364,diana,diana,diana,2,1,1,0,0,12.037444928847625,7.928615637629086,4.443565515586544,24.409626082063255
Bright_Near_20260114_210200_T2,1736900003.56,89,Bright,Near,4,4,1280,720,25.317051964327074,2,1,chen,2,1,0.7341768676274961,467.2280604588479,204.82744594270002,552.8248043285374,377.73499318624545,14800.323034542,chen,0.9169162162706921,bob,0.7646200654704116,0.15229615080028047,chen,chen,chen,3,1,1,0,0,12.037444928847625,7.928615637629086,4.443565515586544,24.409626082063255
Bright_Near_20260114_210200_T2,1736900003.56,89,Bright,Near,4,4,1280,720,25.317051964327074,2,2,alice,3,1,0.8135373873390687,767.5162963376353,215.80389457197637,890.6722769323677,406.6219274800949,23500.381957957263,alice,0.8079123460517503,chen,0.6793628816925599,0.12854946435919046,alice,alice,alice,3,1,1,0,0,12.037444928847625,7.928615637629086,4.443565515586544,24.409626082063255
Bright_Near_20260114_210200_T2,1736900003.56,89,Bright,Near,4,4,1280,720,25.317051964327074,2,3,bob,4,1,0.6578007905617033,1089.8034304272715,252.16502051941222,1176.5907209328425,395.94746426718245,12478.488715138661,alice,0.8171803085508411,bob,0.7326306864588639,0.08454962209197725,alice,alice,alice,1,0,0,1,0,12.037444928847625,7.928615637629086,4.443565515586544,24.409626082063255
Bright_Near_20260114_210200_T2,1736900003.6,90,Bright,Near,4,4,1280,720,28.29546688989883,3,0,diana,1,1,0.7436984510678618,84.90034870641998,241.91408909878498,201.31948632649218,407.28280184925904,19252.082927751628,diana,0.8798140548045928,alice,0.8130104605215869,0.06680359428300597,diana,diana,diana,2,1,1,0,0,11.80712186645824,9.803634895429473,4.552313271326856,26.16307003321457
Bright_Near_20260114_210200_T2,1736900003.6,90,Bright,Near,4,4,1280,720,28.29546688989883,3,1,chen,2,1,0.7255884727795158,455.8904214178321,190.18566623924642,540.072787560416,395.7389820062052,17303.964489716298,chen,0.8241916140847217,diana,0.673315948556845,0.1508756655278768,chen,chen,chen,1,1,1,0,0,11.80712186645824,9.803634895429473,4.552313271326856,26.16307003321457
Bright_Near_20260114_210200_T2,1736900003.6,90,Bright,Near,4,4,1280,720,28.29546688989883,3,2,alice,3,1,0.8147476645866867,752.8285805336127,220.4853722839062,852.7170668959006,388.13439000078534,16746.206619863453,alice,0.8675827397446355,bob,0.7286451938552101,0.13893754588942542,alice,alice,alice,3,1,1,0,0,11.80712186645824,9.803634895429473,4.552313271326856,26.16307003321457
Bright_Near_20260114_210200_T2,1736900003.6,90,Bright,Near,4,4,1280,720,28.29546688989883,3,3,bob,4,1,0.7568160731871524,1068.1001153409695,223.20430951825728,1170.2775709041227,396.92145219309424,17749.975626216103,bob,0.7768580113394896,chen,0.7073013586314574,0.06955665270803224,bob,bob,bob,2,1,1,0,0,11.80712186645824,9.803634895429473,4.552313271326856,26.16307003321457
Bright_Near_20260114_210200_T2,1736900003.64,91,Bright,Near,4,4,1280,720,25.827032673156584,1,0,diana,1,1,0.791147397009367,85.05409053780579,251.0811594864238,212.8378346192639,446.4233641453179,24961.55828843994,diana,0.8843854247679008,chen,0.821580880916535,0.0628045438513658,diana,diana,diana,1,1,1,0,0,15.984184949247675,7.915802996949124,6.975398154895102,30.8753861010919
Bright_Near_20260114_210200_T2,1736900003.64,91,Bright,Near,4,4,1280,720,25.827032673156584,1,1,chen,2,1,0.6479913518000276,401.8715643796033,185.5154733462258,514.9024777032406,332.40783057452495,16603.37729777665,chen,0.9164523817637878,diana,0.8465814559650109,0.06987092579877696,chen,chen,chen,2,1,1,0,0,15.984184949247675,7.915802996949124,6.975398154895102,30.8753861010919
Bright_Near_20260114_210200_T2,1736900003.64,91,Bright,Near,4,4,1280,720,25.827032673156584,1,2,alice,3,1,0.7990594970253192,778.8620602649484,217.98362690310773,868.2905404764066,428.0553171396722,18786.39199330819,alice,0.8182300720208231,bob,0.7311286406495898,0.08710143137123327,alice,alice,alice,3,1,1,0,0,15.984184949247675,7.915802996949124,6.975398154895102,30.8753861010919
Bright_Near_20260114_210200_T2,1736900003.64,91,Bright,Near,4,4,1280,720,25.827032673156584,1,3,bob,4,1,0.7809678348625916,1068.8030249655492,162.35551618749645,1156.4980371813397,355.0391100433357,16897.390116970237,bob,0.8900154531753595,alice,0.8214641178731014,0.0685513353022581,bob,bob,bob,2,1,1,0,0,15.984184949247675,7.915802996949124,6.975398154895102,30.8753861010919
Bright_Near_20260114_210200_T2,1736900003.68,92,Bright,Near,4,4,1280,720,25.280527679875608,1,0,diana,1,1,0.8992095492018238,152.36625827010266,170.45263211021745,237.6023247700782,385.805760398923,18355.85356379387,diana,0.8840111649357287,chen,0.7184270793197165,0.16558408561601223,diana,diana,diana,2,1,1,0,0,11.05346651715808,9.283895208870991,8.334867097793843,28.672228823822913
Bright_Near_20260114_210200_T2,1736900003.68,92,Bright,Near,4,4,1280,720,25.280527679875608,1,1,chen,2,1,0.7831644409259501,402.10902616186684,268.6178592303267,516.7157055603087,428.72906946582685,18349.814139556493,chen,0.8745668150481511,diana,0.7478112677779591,0.126755547270192,chen,chen,chen,3,1,1,0,0,11.05346651715808,9.283895208870991,8.334867097793843,28.672228823822913
Bright_Near_20260114_210200_T2,1736900003.68,92,Bright,Near,4,4,1280,720,25.280527679875608,1,2,alice,3,1,0.9750223560347979,736.9061104372508,122.66852891965287,821.7821778899727,319.0663534766228,16669.475004665204,alice,0.9082477833996974,diana,0.8413371165120982,0.06691066688759917,alice,alice,alice,2,1,1,0,0,11.05346651715808,9.283895208870991,8.334867097793843,28.672228823822913
Bright_Near_20260114_210200_T2,1736900003.68,92,Bright,Near,4,4,1280,720,25.280527679875608,1,3,bob,4,1,0.712166748194336,1074.1259053721485,265.9065353196759,1178.1985050677474,412.7906121496663,15286.607729585183,bob,0.9133344103257592,alice,0.8473527791425916,0.06598163118316769,bob,bob,bob,1,1,1,0,0,11.05346651715808,9.283895208870991,8.334867097793843,28.672228823822913
Bright_Near_20260114_210200_T2,1736900003.72,93,Bright,Near,4,4,1280,720,21.609962483908006,1,0,diana,1,1,0.7180937922000273,109.14592374385983,263.97943279028584,215.16378003229767,460.3180239929046,20815.396545993583,diana,0.7571246638830857,bob,0.6030413894661935,0.1540832744168923,diana,diana,diana,2,1,1,0,0,12.742769502253687,10.615350916591249,7.07441537756579,30.432535796410725
Bright_Near_20260114_210200_T2,1736900003.72,93,Bright,Near,4,4,1280,720,21.609962483908006,1,1,chen,2,1,0.600229017391845,408.33319905745145,237.91693998335566,516.857019648202,449.7178606922422,22985.44511996699,chen,0.795665236248547,bob,0.6564021846140045,0.13926305163454256,chen,chen,chen,1,1,1,0,0,12.742769502253687,10.615350916591249,7.07441537756579,30.432535796410725
Bright_Near_20260114_210200_T2,1736900003.72,93,Bright,Near,4,4,1280,720,21.609962483908006,1,2,alice,3,1,0.8723445050348979,731.2326389039022,190.4564210434869,822.8846916948364,380.758538675565,17441.579731441798,alice,0.7818404039104092,bob,0.7039160494991964,0.07792435441121282,alice,alice,alice,2,1,1,0,0,12.742769502253687,10.615350916591249,7.07441537756579,30.432535796410725
Bright_Near_20260114_210200_T2,1736900003.72,93,Bright,Near,4,4,1280,720,21.609962483908006,1,3,bob,4,1,0.7694044862879073,1067.6587423776439,240.60645013865687,1182.8938667292944,454.78212006755757,24680.559957354923,bob,0.8698517812447689,alice,0.7164607032208459,0.15339107802392304,bob,bob,bob,2,1,1,0,0,12.742769502253687,10.615350916591249,7.07441537756579,30.432535796410725
Bright_Near_20260114_210200_T2,1736900003.76,94,Bright,Near,4,4,1280,720,24.712694110105687,1,0,diana,1,1,0.6690887876448143,77.41052694101971,259.47657072123036,178.97220923242782,413.1090286888681,15603.170885757332,diana,0.8616439946013439,chen,0.7707872209526697,0.09085677364867417,diana,diana,diana,2,1,1,0,0,21.67765218056738,8.933460892487341,9.331929500040319,39.94304257309504
Bright_Near_20260114_210200_T2,1736900003.76,94,Bright,Near,4,4,1280,720,24.712694110105687,1,1,chen,2,1,0.7559202643434986,413.83197068565374,263.113451389313,514.7623839182647,469.8252793122074,20863.510212326102,chen,0.805820304018936,diana,0.6606696945669713,0.14515060945196467,chen,chen,chen,2,1,1,0,0,21.67765218056738,8.933460892487341,9.331929500040319,39.94304257309504
Bright_Near_20260114_210200_T2,1736900003.76,94,Bright,Near,4,4,1280,720,24.712694110105687,1,2,alice,3,1,0.7138685774862185,731.3224787843402,235.95988755292143,845.2239131802547,389.7151328847819,17512.942989194646,alice,0.8597023149777101,diana,0.7077586592414039,0.1519436557363062,alice,alice,alice,2,1,1,0,0,21.67765218056738,8.933460892487341,9.331929500040319,39.94304257309504
Bright_Near_20260114_210200_T2,1736900003.76,94,Bright,Near,4,4,1280,720,24.712694110105687,1,3,bob,4,1,0.8080956403692756,1084.1626118945235,284.74603756290276,1169.876536894022,440.5501111706458,13354.578679830418,bob,0.722701697983287,chen,0.7087187176413885,0.013982980341898488,unknown,unknown,unknown,0,0,0,0,0,21.67765218056738,8.933460892487341,9.331929500040319,39.94304257309504
Bright_Near_20260114_210200_T2,1736900003.8,95,Bright,Near,4,4,1280,720,23.23671030222457,1,0,diana,1,1,0.9071414601038063,124.51389962092671,265.9689577186939,215.52875621041986,425.99880866938236,14565.093934314873,diana,0.8284471873680789,alice,0.6880174443870022,0.1404297429810767,diana,diana,diana,2,1,1,0,0,15.782193946500335,9.872570982080088,3.610994769440037,29.26575969802046
Bright_Near_20260114_210200_T2,1736900003.8,95,Bright,Near,4,4,1280,720,23.23671030222457,1,1,chen,2,1,0.7608525181313077,433.17177234791006,224.667031240359,534.5737532289419,438.25703323523163,21658.44929866362,bob,0.7531217913224251,diana,0.7401188902949943,0.013002901027430736,unknown,unknown,unknown,0,0,0,0,0,15.782193946500335,9.872570982080088,3.610994769440037,29.26575969802046
Bright_Near_20260114_210200_T2,1736900003.8,95,Bright,Near,4,4,1280,720,23.23671030222457,1,2,alice,3,1,0.8262837653586631,759.3248895129517,266.57605157902753,849.9211030944715,449.3711360011888,16560.542509962066,alice,0.916484270029597,diana,0.7840434383094665,0.13244083172013044,alice,alice,alice,2,1,1,0,0,15.782193946500335,9.872570982080088,3.610994769440037,29.26575969802046
Bright_Near_20260114_210200_T2,1736900003.8,95,Bright,Near,4,4,1280,720,23.23671030222457,1,3,bob,4,1,0.8562207410864526,1050.3995611975477,302.1487086367175,1148.752279808754,433.9550394651609,12963.510967145477,bob,0.9036605449426792,chen,0.7472151349329516,0.15644541000972767,bob,bob,bob,3,1,1,0,0,15.782193946500335,9.872570982080088,3.610994769440037,29.26575969802046
Bright_Near_20260114_210200_T2,1736900003.84,96,Bright,Near,4,4,1280,720,26.619468516107126,1,0,diana,1,1,0.6717433371450212,116.0609051917063,223.495556458693,238.03852511542414,368.6261349102427,17702.682537672445,diana,0.7921330811450948,chen,0.7155854105052409,0.0765476706398539,diana,diana,diana,2,1,1,0,0,18.523390769199445,6.9907643528448355,9.394383575883424,34.9085386979277
Bright_Near_20260114_210200_T2,1736900003.84,96,Bright,Near,4,4,1280,720,26.619468516107126,1,1,chen,2,1,0.8692329477406571,415.4919870267122,197.73547012850602,524.4948124915911,341.9239965070768,15716.956774881444,chen,0.8849589634905728,diana,0.712184318643785,0.17277464484678784,chen,chen,chen,2,1,1,0,0,18.523390769199445,6.9907643528448355,9.394383575883424,34.9085386979277
Bright_Near_20260114_210200_T2,1736900003.84,96,Bright,Near,4,4,1280,720,26.619468516107126,1,2,alice,3,1,0.8826329057432162,783.8778535816307,278.70624843780473,889.3463217692301,442.6519290219607,17291.099797184397,bob,0.7234788577804616,diana,0.6721559773432202,0.051322880437241425,unknown,unknown,unknown,0,0,0,0,0,18.523390769199445,6.9907643528448355,9.394383575883424,34.9085386979277
Bright_Near_20260114_210200_T2,1736900003.84,96,Bright,Near,4,4,1280,720,26.619468516107126,1,3,bob,4,1,0.8341975320316583,1066.5584504270805,264.98790892441326,1183.6887025994738,434.4160410654479,19845.15984277696,bob,0.8109315640106,alice,0.737734034628289,0.07319752938231094,bob,bob,bob,2,1,1,0,0,18.523390769199445,6.9907643528448355,9.394383575883424,34.9085386979277
Bright_Near_20260114_210200_T2,1736900003.88,97,Bright,Near,4,4,1280,720,23.601497349675,2,0,diana,1,1,0.8143930860355368,94.14818928419038,284.26275256293525,196.45244712918463,471.34382523454747,19139.190296514724,diana,0.904652854373149,bob,0.7610313331031278,0.14362152127002126,diana,diana,diana,1,1,1,0,0,19.424952709740957,8.607787318810137,14.572183759995584,42.60492378854668
Bright_Near_20260114_210200_T2,1736900003.88,97,Bright,Near,4,4,1280,720,23.601497349675,2,1,chen,2,1,0.7092735388963163,434.49985399765535,186.38015452116372,550.301157598062,368.6651196175195,21108.836584912624,chen,0.8327821862244068,diana,0.6705852703590254,0.16219691586538143,chen,chen,chen,2,1,1,0,0,19.424952709740957,8.607787318810137,14.572183759995584,42.60492378854668
Bright_Near_20260114_210200_T2,1736900003.88,97,Bright,Near,4,4,1280,720,23.601497349675,2,2,alice,3,1,0.6568549691430221,742.8870249030723,281.4810067773917,857.3780590339151,419.41629892658796,15792.354241301395,alice,0.8477351999634911,bob,0.7303637646116432,0.11737143535184791,alice,alice,alice,3,1,1,0,0,19.424952709740957,8.607787318810137,14.572183759995584,42.60492378854668
Bright_Near_20260114_210200_T2,1736900003.88,97,Bright,Near,4,4,1280,720,23.601497349675,2,3,bob,4,1,0.7964580890574469,1067.5667309185824,179.95254640366198,1168.8890561232224,336.7421737014849,15886.289605784319,bob,0.8587078588079693,diana,0.6813321708081487,0.17737568799982062,bob,bob,bob,1,1,1,0,0,19.424952709740957,8.607787318810137,14.572183759995584,42.60492378854668
Bright_Near_20260114_210200_T2,1736900003.92,98,Bright,Near,4,4,1280,720,24.10388062889658,4,0,diana,1,1,0.7299542121934461,87.28083351399239,207.6908440859721,179.97094138240277,414.4287558327519,19162.559340298925,diana,0.5939261704387803,alice,0.5533449973511996,0.04058117308758069,unknown,unknown,unknown,0,0,0,0,0,9.076102112734638,7.845816894778693,8.818193410890274,25.740112418403605
Bright_Near_20260114_210200_T2,1736900003.92,98,Bright,Near,4,4,1280,720,24.10388062889658,4,1,chen,2,1,0.99,410.9684341936224,346.0505290090516,526.2266022125232,489.7186034570268,16558.919063676673,chen,0.9348043387616369,diana,0.8371231576474384,0.09768118111419855,chen,chen,chen,1,1,1,0,0,9.076102112734638,7.845816894778693,8.818193410890274,25.740112418403605
Bright_Near_20260114_210200_T2,1736900003.92,98,Bright,Near,4,4,1280,720,24.10388062889658,4,2,alice,3,1,0.7402118894919919,761.8907660192169,198.11952901000348,844.1569543617393,378.53141445822405,14841.798147512882,bob,0.641063300497994,chen,0.587661431396012,0.05340186910198197,unknown,unknown,unknown,0,0,0,0,0,9.076102112734638,7.845816894778693,8.818193410890274,25.740112418403605
Bright_Near_20260114_210200_T2,1736900003.92,98,Bright,Near,4,4,1280,720,24.10388062889658,4,3,bob,4,1,0.8963155865248864,1061.3973712184513,185.49595069230094,1143.4951958114905,364.9047669851241,14729.073530452983,bob,0.8375287300894063,diana,0.6982411197427683,0.13928761034663806,bob,bob,bob,2,1,1,0,0,9.076102112734638,7.845816894778693,8.818193410890274,25.740112418403605
Bright_Near_20260114_210200_T2,1736900003.96,99,Bright,Near,4,4,1280,720,24.593801644422648,2,0,diana,1,1,0.8114895105967566,87.48015617258169,250.03527225007383,207.55916180323868,417.7890326407553,20143.704738516524,diana,0.7666997226739597,chen,0.667542650915029,0.09915707175893074,diana,diana,diana,2,1,1,0,0,11.525546257732312,5.95352010482052,7.716274098623962,25.195340461176794
Bright_Near_20260114_210200_T2,1736900003.96,99,Bright,Near,4,4,1280,720,24.593801644422648,2,1,chen,2,1,0.6367550635716479,434.1646798001287,252.5950657573724,527.8845761779587,404.6688158281613,14252.336098422358,chen,0.8688302077785438,diana,0.6944131936031108,0.17441701417543298,chen,chen,chen,2,1,1,0,0,11.525546257732312,5.95352010482052,7.716274098623962,25.195340461176794
Bright_Near_20260114_210200_T2,1736900003.96,99,Bright,Near,4,4,1280,720,24.593801644422648,2,2,alice,3,1,0.8064137933204135,740.6062884939909,278.0275687928833,849.2503198406878,414.34630513986764,14810.217064823879,alice,0.9114590692566402,bob,0.8157008100735773,0.09575825918306291,alice,alice,alice,2,1,1,0,0,11.525546257732312,5.95352010482052,7.716274098623962,25.195340461176794
Bright_Near_20260114_210200_T2,1736900003.96,99,Bright,Near,4,4,1280,720,24.593801644422648,2,3,bob,4,1,0.8545760349444076,1042.7582961567323,234.96089586335557,1169.1550054196832,424.61791510457755,23972.023120710626,bob,0.8786361042052535,diana,0.7552471825809786,0.12338892162427495,bob,bob,bob,1,1,1,0,0,11.525546257732312,5.95352010482052,7.716274098623962,25.195340461176794
Bright_Near_20260114_210200_T2,1736900004.0,100,Bright,Near,4,4,1280,720,24.756838113213774,4,0,diana,1,1,0.7068621448393045,155.91187777961306,197.5866054730934,236.32856898537244,347.63655423871637,12066.520395325117,diana,0.876026160052597,alice,0.7059653912791461,0.1700607687734509,diana,diana,diana,3,1,1,0,0,9.672427179092958,5.969624019475833,5.5492578042842124,21.191309002853004
Bright_Near_20260114_210200_T2,1736900004.0,100,Bright,Near,4,4,1280,720,24.756838113213774,4,1,chen,2,1,0.8902254704157315,416.17765895975106,352.92042950058806,503.4255154595211,552.2852516667932,17394.153395459238,bob,0.7549063199138032,chen,0.7085415816616889,0.04636473825211429,bob,bob,bob,1,0,0,1,0,9.672427179092958,5.969624019475833,5.5492578042842124,21.191309002853004
Bright_Near_20260114_210200_T2,1736900004.0,100,Bright,Near,4,4,1280,720,24.756838113213774,4,2,alice,3,1,0.80182034927858,743.5231502018491,250.23986664232243,831.1561434219393,410.24780615509894,14021.97467848374,alice,0.9441668692424434,diana,0.8525139987051644,0.091652870537279,alice,alice,alice,1,1,1,0,0,9.672427179092958,5.969624019475833,5.5492578042842124,21.191309002853004
Bright_Near_20260114_210200_T2,1736900004.0,100,Bright,Near,4,4,1280,720,24.756838113213774,4,3,bob,4,1,0.8378369729749259,1054.1735979467608,239.46670114173185,1156.173474339313,419.1362607390673,18326.27287043253,bob,0.8827389864932769,alice,0.8005053983282541,0.0822335881650228,bob,bob,bob,1,1,1,0,0,9.672427179092958,5.969624019475833,5.5492578042842124,21.191309002853004
Bright_Near_20260114_210200_T2,1736900004.04,101,Bright,Near,4,4,1280,720,25.27184969486664,0,0,diana,1,1,0.8728325924070354,106.71994824079351,266.95753684010253,221.90865814084904,420.2418136804447,17656.618097201972,diana,0.7841523386894838,alice,0.6588651072428864,0.12528723144659737,diana,diana,diana,1,1,1,0,0,16.584242228582696,10.85953737743951,4.054347385219911,31.498126991242117
Bright_Near_20260114_210200_T2,1736900004.04,101,Bright,Near,4,4,1280,720,25.27184969486664,0,1,chen,2,1,0.7392694610982576,420.18699237538465,242.6539650184063,532.87864640322,419.4387950737306,19922.174905964283,chen,0.8401726645548273,bob,0.7346749059962719,0.10549775855855537,chen,chen,chen,1,1,1,0,0,16.584242228582696,10.85953737743951,4.054347385219911,31.498126991242117
Bright_Near_20260114_210200_T2,1736900004.04,101,Bright,Near,4,4,1280,720,25.27184969486664,0,2,alice,3,1,0.830861982295589,735.87983077533,202.6870963647826,838.8710950265731,403.9903506335073,20732.476655025413,alice,0.7225713502891938,diana,0.7026681670184236,0.01990318327077023,unknown,unknown,unknown,0,0,0,0,0,16.584242228582696,10.85953737743951,4.054347385219911,31.498126991242117
Bright_Near_20260114_210200_T2,1736900004.04,101,Bright,Near,4,4,1280,720,25.27184969486664,0,3,bob,4,1,0.6826671214750134,1071.207419557608,272.3915581156181,1180.8202535874204,405.56489146649113,14597.506485786116,bob,0.930329410765885,chen,0.7702167347494451,0.16011267601643997,bob,bob,bob,2,1,1,0,0,16.584242228582696,10.85953737743951,4.054347385219911,31.498126991242117
Bright_Near_20260114_210200_T2,1736900004.08,102,Bright,Near,4,4,1280,720,29.377855396256916,1,0,diana,1,1,0.8202333737011305,122.32972911166117,279.28299506548257,236.26404748284358,424.4940997176423,16544.528228470255,diana,0.9038437177440161,alice,0.7586549303845738,0.1451887873594423,diana,diana,diana,2,1,1,0,0,14.097207492728286,10.342597294692572,4.076466498430893,28.51627128585175
Bright_Near_20260114_210200_T2,1736900004.08,102,Bright,Near,4,4,1280,720,29.377855396256916,1,1,chen,2,1,0.6826093738503625,416.90973625856304,178.74918262586158,514.2663467012665,365.1559081823671,18147.926963904636,chen,0.8451790366925438,diana,0.7282800923881068,0.11689894430443704,chen,chen,chen,2,1,1,0,0,14.097207492728286,10.342597294692572,4.076466498430893,28.51627128585175
Bright_Near_20260114_210200_T2,1736900004.08,102,Bright,Near,4,4,1280,720,29.377855396256916,1,2,alice,3,1,0.8076217397436518,756.888714093528,218.200992001339,844.4908520231031,353.0102583683336,11809.579946466287,alice,0.8530929395187187,chen,0.7356882753191749,0.11740466419954376,alice,alice,alice,1,1,1,0,0,14.097207492728286,10.342597294692572,4.076466498430893,28.51627128585175
Bright_Near_20260114_210200_T2,1736900004.08,102,Bright,Near,4,4,1280,720,29.377855396256916,1,3,bob,4,1,0.7286926483901651,1069.0704570301396,308.56896344950883,1165.4030719508864,491.3218753640376,17605.065889107478,bob,0.8112478682631277,chen,0.7438896265288828,0.06735824173424487,bob,bob,bob,2,1,1,0,0,14.097207492728286,10.342597294692572,4.076466498430893,28.51627128585175
Bright_Near_20260114_210200_T2,1736900004.12,103,Bright,Near,4,4,1280,720,22.428549086889788,2,0,diana,1,1,0.7919234498453085,93.54952347156065,192.78178012211907,196.32102148316255,404.9008251013576,21799.792009306708,diana,0.8485521444342868,chen,0.7828154897265278,0.06573665470775902,diana,diana,diana,3,1,1,0,0,10.072137036707119,8.205713347130375,3.2679665668654874,21.54581695070298
Bright_Near_20260114_210200_T2,1736900004.12,103,Bright,Near,4,4,1280,720,22.428549086889788,2,1,chen,2,1,0.9149576062836202,417.7533320793566,275.56813912681946,519.9152200719682,446.9113124356372,17504.742079874075,chen,0.8561915713208423,alice,0.7083067391936166,0.1478848321272257,chen,chen,chen,2,1,1,0,0,10.072137036707119,8.205713347130375,3.2679665668654874,21.54581695070298
Bright_Near_20260114_210200_T2,1736900004.12,103,Bright,Near,4,4,1280,720,22.428549086889788,2,2,alice,3,1,0.8376295729558222,757.0293142864233,258.91297101089106,843.7652931465058,440.01251857748355,15707.846529306466,alice,0.9210720346739634,chen,0.7836570929289499,0.13741494174501345,alice,alice,alice,2,1,1,0,0,10.072137036707119,8.205713347130375,3.2679665668654874,21.54581695070298
Bright_Near_20260114_210200_T2,1736900004.12,103,Bright,Near,4,4,1280,720,22.428549086889788,2,3,bob,4,1,0.8920145815634429,1086.911838436009,263.0392870543801,1194.7635151089871,463.1195245839922,21578.98908669638,diana,0.7506327606227978,bob,0.7074602440987761,0.043172516524021765,diana,diana,diana,2,0,0,1,0,10.072137036707119,8.205713347130375,3.2679665668654874,21.54581695070298
Bright_Near_20260114_210200_T2,1736900004.16,104,Bright,Near,4,4,1280,720,24.29156492022064,3,0,diana,1,1,0.9871961182685454,100.36701559019455,191.93146782257918,227.38696971538315,398.4766514506772,26235.359749219664,bob,0.7102519099561833,diana,0.6176311516777585,0.09262075827842475,bob,bob,bob,2,0,0,1,0,16.30343004441424,9.311175552634381,5.605140112143612,31.219745709192235
Bright_Near_20260114_210200_T2,1736900004.16,104,Bright,Near,4,4,1280,720,24.29156492022064,3,1,chen,2,1,0.66137811869136,424.0664066397703,161.97137139287543,510.3518569384903,325.2822465483778,14091.352401470565,chen,0.827311816358672,alice,0.7375460726706156,0.08976574368805645,chen,chen,chen,2,1,1,0,0,16.30343004441424,9.311175552634381,5.605140112143612,31.219745709192235
Bright_Near_20260114_210200_T2,1736900004.16,104,Bright,Near,4,4,1280,720,24.29156492022064,3,2,alice,3,1,0.7146696699406145,728.4752301587399,309.9639723842668,846.1395339660186,477.18573990817623,19676.032857123402,alice,0.8390391409942568,chen,0.7550714843560041,0.08396765663825267,alice,alice,alice,2,1,1,0,0,16.30343004441424,9.311175552634381,5.605140112143612,31.219745709192235
Bright_Near_20260114_210200_T2,1736900004.16,104,Bright,Near,4,4,1280,720,24.29156492022064,3,3,bob,4,1,0.7652410679309536,1084.5010574211722,317.5401623802868,1204.1918246403204,479.3978316014329,19372.868609382098,bob,0.8728678692115897,diana,0.7654172809539747,0.107450588257615,bob,bob,bob,2,1,1,0,0,16.30343004441424,9.311175552634381,5.605140112143612,31.219745709192235
Bright_Near_20260114_210200_T2,1736900004.2,105,Bright,Near,4,4,1280,720,24.55324953808745,1,0,diana,1,1,0.8170152719070458,115.2922911638415,196.0571505327167,208.22791320262988,342.78847691925364,13636.567090309294,diana,0.8465705045853797,chen,0.7557883384269062,0.09078216615847357,diana,diana,diana,2,1,1,0,0,13.38596065125764,7.514971373122761,4.432320100934494,25.333252125314896
Bright_Near_20260114_210200_T2,1736900004.2,105,Bright,Near,4,4,1280,720,24.55324953808745,1,1,chen,-1,0,-1.0,-1.0,-1.0,-1.0,-1.0,0.0,unknown,-1.0,unknown,-1.0,-1.0,unknown,unknown,unknown,0,0,0,0,1,13.38596065125764,7.514971373122761,4.432320100934494,25.333252125314896
Bright_Near_20260114_210200_T2,1736900004.2,105,Bright,Near,4,4,1280,720,24.55324953808745,1,2,alice,3,1,0.7785864745112039,752.9843624299584,179.76031674843802,866.3702013039737,349.90917211759535,19292.470699485395,alice,0.9391144043943005,chen,0.8496862822977229,0.08942812209657758,alice,alice,alice,3,1,1,0,0,13.38596065125764,7.514971373122761,4.432320100934494,25.333252125314896
Bright_Near_20260114_210200_T2,1736900004.2,105,Bright,Near,4,4,1280,720,24.55324953808745,1,3,bob,4,1,0.7255948207717757,1047.8929350893548,227.73674041864376,1160.5640767721045,437.59221137852546,23644.655501421006,bob,0.9095420233523186,alice,0.7561533638726281,0.1533886594796905,bob,bob,bob,3,1,1,0,0,13.38596065125764,7.514971373122761,4.432320100934494,25.333252125314896
Bright_Near_20260114_210200_T2,1736900004.24,106,Bright,Near,4,4,1280,720,24.924072324386515,0,0,diana,1,1,0.7134209222470204,109.74600707140736,286.7281579364005,204.77654778051573,433.9467905332888,13990.266258137857,diana,0.7881963245609604,alice,0.7281099389763678,0.06008638558459267,diana,diana,diana,3,1,1,0,0,14.22971830564266,13.002947340824639,8.375713247359341,35.60837889382664
Bright_Near_20260114_210200_T2,1736900004.24,106,Bright,Near,4,4,1280,720,24.924072324386515,0,1,chen,2,1,0.7712678025686831,398.18592589355217,319.52120294160005,523.5507245389463,505.072787089585,23261.636985046032,chen,0.8827088345871241,alice,0.8219427162684295,0.060766118318694606,chen,chen,chen,2,1,1,0,0,14.22971830564266,13.002947340824639,8.375713247359341,35.60837889382664
Bright_Near_20260114_210200_T2,1736900004.24,106,Bright,Near,4,4,1280,720,24.924072324386515,0,2,alice,3,1,0.7400590077098638,753.827376970599,292.410673407822,860.8485786145758,473.93841977807875,19427.317548267933,alice,0.8008706171784181,diana,0.7315324243612147,0.06933819281720344,alice,alice,alice,1,1,1,0,0,14.22971830564266,13.002947340824639,8.375713247359341,35.60837889382664
Bright_Near_20260114_210200_T2,1736900004.24,106,Bright,Near,4,4,1280,720,24.924072324386515,0,3,bob,-1,0,-1.0,-1.0,-1.0,-1.0,-1.0,0.0,unknown,-1.0,unknown,-1.0,-1.0,unknown,unknown,unknown,0,0,0,0,1,14.22971830564266,13.002947340824639,8.375713247359341,35.60837889382664
Bright_Near_20260114_210200_T2,1736900004.28,107,Bright,Near,4,4,1280,720,23.395003556986186,2,0,diana,1,1,0.6564703469666795,98.59649267719576,192.40998441654472,220.86944276011613,354.1199365674181,19772.752907255184,diana,0.8901679200297867,chen,0.7846902177253402,0.10547770230444653,diana,diana,diana,2,1,1,0,0,7.102400371206506,6.474761780987003,5.973360517459958,19.550522669653468
Bright_Near_20260114_210200_T2,1736900004.28,107,Bright,Near,4,4,1280,720,23.395003556986186,2,1,chen,2,1,0.8735644718791317,437.95645250282286,224.26761404290707,518.1873045911,410.0902633401213,14908.709490416586,chen,0.9021743481014455,diana,0.7680270790393254,0.13414726906212004,chen,chen,chen,2,1,1,0,0,7.102400371206506,6.474761780987003,5.973360517459958,19.550522669653468
Bright_Near_20260114_210200_T2,1736900004.28,107,Bright,Near,4,4,1280,720,23.395003556986186,2,2,alice,3,1,0.6783796019793306,762.2271285347744,228.55871120929066,860.9566453553697,390.81328645355813,16019.315815797458,alice,0.9051500071714448,bob,0.7810933314259018,0.12405667574554302,alice,alice,alice,2,1,1,0,0,7.102400371206506,6.474761780987003,5.973360517459958,19.550522669653468
Bright_Near_20260114_210200_T2,1736900004.28,107,Bright,Near,4,4,1280,720,23.395003556986186,2,3,bob,4,1,0.7652421120922368,1042.6143592291883,307.7115177196511,1153.4740694672855,439.888214714761,14653.070329106658,bob,0.8930731022344199,diana,0.7533814664455731,0.1396916357888468,bob,bob,bob,2,1,1,0,0,7.102400371206506,6.474761780987003,5.973360517459958,19.550522669653468
Bright_Near_20260114_210200_T2,1736900004.32,108,Bright,Near,4,4,1280,720,22.332166693331736,2,0,diana,1,1,0.6769341562623502,104.56417531902969,194.90665408799066,194.765379141849,355.005955990629,14441.149762810963,diana,0.7696265273253043,alice,0.6986936941190662,0.07093283320623811,diana,diana,diana,2,1,1,0,0,8.6787554934349,5.493241748934156,6.328698249703577,20.500695492072634
Bright_Near_20260114_210200_T2,1736900004.32,108,Bright,Near,4,4,1280,720,22.332166693331736,2,1,chen,2,1,0.7921877140696725,415.4845108112611,219.708887152844,529.1579364540864,415.67050598906746,22275.62850762713,chen,0.8671106488862154,bob,0.6980782166724862,0.1690324322137292,chen,chen,chen,1,1,1,0,0,8.6787554934349,5.493241748934156,6.328698249703577,20.500695492072634
Bright_Near_20260114_210200_T2,1736900004.32,108,Bright,Near,4,4,1280,720,22.332166693331736,2,2,alice,3,1,0.7576950964486853,760.2644106610152,202.1887349859682,849.0765273225721,343.43010756799544,12543.945259193433,alice,0.9394877315375725,chen,0.8074743730123058,0.13201335852526663,alice,alice,alice,2,1,1,0,0,8.6787554934349,5.493241748934156,6.328698249703577,20.500695492072634
Bright_Near_20260114_210200_T2,1736900004.32,108,Bright,Near,4,4,1280,720,22.332166693331736,2,3,bob,4,1,0.7985666599131744,1072.6602264889177,253.7092953652306,1171.601552725657,392.13191930190055,13695.717993463544,bob,0.8742512373606797,diana,0.7283930887250248,0.14585814863565483,bob,bob,bob,1,1,1,0,0,8.6787554934349,5.493241748934156,6.328698249703577,20.500695492072634
Bright_Near_20260114_210200_T2,1736900004.36,109,Bright,Near,4,4,1280,720,26.886243578829834,0,0,diana,1,1,0.774770014788471,92.47469081674217,176.06588246677478,209.2035087469879,359.15862703438216,21372.19964498123,diana,0.7932856327821224,alice,0.7073271732011338,0.08595845958098858,diana,diana,diana,2,1,1,0,0,9.489287283945588,6.009225991544912,8.893563297848107,24.392076573338606
Bright_Near_20260114_210200_T2,1736900004.36,109,Bright,Near,4,4,1280,720,26.886243578829834,0,1,chen,2,1,0.7745199970854569,419.2637435067522,267.8460542806224,527.4144617288835,464.36064626653626,21253.194264405665,chen,0.8645140035430219,diana,0.7350796554875045,0.12943434805551735,chen,chen,chen,1,1,1,0,0,9.489287283945588,6.009225991544912,8.893563297848107,24.392076573338606
Bright_Near_20260114_210200_T2,1736900004.36,109,Bright,Near,4,4,1280,720,26.886243578829834,0,2,alice,-1,0,-1.0,-1.0,-1.0,-1.0,-1.0,0.0,unknown,-1.0,unknown,-1.0,-1.0,unknown,unknown,unknown,0,0,0,0,1,9.489287283945588,6.009225991544912,8.893563297848107,24.392076573338606
Bright_Near_20260114_210200_T2,1736900004.36,109,Bright,Near,4,4,1280,720,26.886243578829834,0,3,bob,4,1,0.6426909628929715,1068.279669861155,223.29265418524167,1186.8395301830428,400.31778989893326,20988.075363678498,bob,0.8696792217889255,diana,0.7805771120240529,0.08910210976487265,bob,bob,bob,2,1,1,0,0,9.489287283945588,6.009225991544912,8.893563297848107,24.392076573338606
Bright_Near_20260114_210200_T2,1736900004.4,110,Bright,Near,4,4,1280,720,26.694391906723112,0,0,diana,1,1,0.685546424909665,121.27388211187056,180.55566920299248,228.97575643299095,385.4899126830295,22071.802135380833,diana,0.7725787401363079,chen,0.6997895631725649,0.07278917696374299,diana,diana,diana,2,1,1,0,0,17.96021656008162,9.366673261116299,7.72078041861249,35.04767023981041
Bright_Near_20260114_210200_T2,1736900004.4,110,Bright,Near,4,4,1280,720,26.694391906723112,0,1,chen,2,1,0.8148590372843955,409.51187116382204,263.29367382172495,523.991670805024,447.76126106283084,21117.812427657747,chen,0.8784641720304471,diana,0.7192891635215203,0.15917500850892685,chen,chen,chen,3,1,1,0,0,17.96021656008162,9.366673261116299,7.72078041861249,35.04767023981041
Bright_Near_20260114_210200_T2,1736900004.4,110,Bright,Near,4,4,1280,720,26.694391906723112,0,2,alice,3,1,0.8138271755823862,738.1696868156494,208.72384578093863,846.9563582775272,420.08905771886396,22993.717869561267,alice,0.8678060879951497,diana,0.7407259720422366,0.12708011595291313,alice,alice,alice,2,1,1,0,0,17.96021656008162,9.366673261116299,7.72078041861249,35.04767023981041
Bright_Near_20260114_210200_T2,1736900004.4,110,Bright,Near,4,4,1280,720,26.694391906723112,0,3,bob,4,1,0.8481341490318308,1082.8629752845943,228.0522672092912,1170.580582533422,360.4220653566304,11611.161965494914,diana,0.8323070908719107,bob,0.7653372887285018,0.06696980214340886,diana,diana,diana,1,0,0,1,0,17.96021656008162,9.366673261116299,7.72078041861249,35.04767023981041
Bright_Near_20260114_210200_T2,1736900004.44,111,Bright,Near,4,4,1280,720,24.301774318184837,0,0,diana,1,1,0.8178788989047514,110.58373297767744,351.73627790498006,233.49672502828068,489.16248625130027,16891.4664540158,diana,0.8371518148042991,bob,0.7560345627014349,0.08111725210286425,diana,diana,diana,2,1,1,0,0,17.53083055570803,9.783879506925215,12.270181007554706,39.58489107018795
Bright_Near_20260114_210200_T2,1736900004.44,111,Bright,Near,4,4,1280,720,24.301774318184837,0,1,chen,2,1,0.7130290846940193,426.4421552960202,228.75722599913075,511.5616430802125,412.21536990207375,15615.86323885715,chen,0.8842072049139308,alice,0.8075776535915236,0.07662955132240723,chen,chen,chen,2,1,1,0,0,17.53083055570803,9.783879506925215,12.270181007554706,39.58489107018795
Bright_Near_20260114_210200_T2,1736900004.44,111,Bright,Near,4,4,1280,720,24.301774318184837,0,2,alice,3,1,0.7327589679855803,730.4196089833729,220.35748668243497,832.2332921360533,404.84214693910207,18783.06274590219,alice,0.8768436706526461,chen,0.7340172032195262,0.14282646743311989,alice,alice,alice,3,1,1,0,0,17.53083055570803,9.783879506925215,12.270181007554706,39.58489107018795
Bright_Near_20260114_210200_T2,1736900004.44,111,Bright,Near,4,4,1280,720,24.301774318184837,0,3,bob,4,1,0.7553808112167614,1058.4813865615627,208.2547574383206,1160.5935479555008,342.60780956312175,13719.08054233587,bob,0.8670936987508804,alice,0.7703005897430586,0.09679310900782179,bob,bob,bob,2,1,1,0,0,17.53083055570803,9.783879506925215,12.270181007554706,39.58489107018795
Bright_Near_20260114_210200_T2,1736900004.48,112,Bright,Near,4,4,1280,720,23.588231457438855,2,0,diana,1,1,0.7815948885961559,94.66460600281299,274.85009010623924,202.16201207124004,411.5935901410062,14699.571550455312,diana,0.9149549676077738,bob,0.7880417253842913,0.12691324222348255,diana,diana,diana,3,1,1,0,0,18.981150343030087,14.287779600969571,4.883496639965301,38.15242658396496
Bright_Near_20260114_210200_T2,1736900004.48,112,Bright,Near,4,4,1280,720,23.588231457438855,2,1,chen,2,1,0.745000385996859,414.98410091047333,211.63419545527142,512.7685595925219,376.2075422383592,16092.715628677302,chen,0.8660087237878481,diana,0.7253946840101186,0.14061403977772946,chen,chen,chen,2,1,1,0,0,18.981150343030087,14.287779600969571,4.883496639965301,38.15242658396496
Bright_Near_20260114_210200_T2,1736900004.48,112,Bright,Near,4,4,1280,720,23.588231457438855,2,2,alice,3,1,0.7891214451114388,754.3302851044765,189.22329204868038,855.1232254484656,351.0008856550762,16306.039341363574,diana,0.7284086311112197,chen,0.6658655920480638,0.06254303906315584,unknown,unknown,unknown,0,0,0,0,0,18.981150343030087,14.287779600969571,4.883496639965301,38.15242658396496
Bright_Near_20260114_210200_T2,1736900004.48,112,Bright,Near,4,4,1280,720,23.588231457438855,2,3,bob,4,1,0.792115340752581,1067.2712347649135,184.6427982891533,1194.558510756995,333.7625966640043,18981.05293162321,bob,0.8310244830600166,diana,0.6529301984132265,0.1780942846467901,bob,bob,bob,1,1,1,0,0,18.981150343030087,14.287779600969571,4.883496639965301,38.15242658396496
Bright_Near_20260114_210200_T2,1736900004.52,113,Bright,Near,4,4,1280,720,23.7473657865728,0,0,diana,1,1,0.8848334515479122,99.8091513945916,187.1861607112757,225.7586838250466,361.1331829914398,21908.54612385661,diana,0.9482768844889401,bob,0.8449516941128575,0.10332519037608257,diana,diana,diana,2,1,1,0,0,12.72192034713645,9.502523873663801,7.160729677569822,29.385173898370073
Bright_Near_20260114_210200_T2,1736900004.52,113,Bright,Near,4,4,1280,720,23.7473657865728,0,1,chen,2,1,0.6669113058207045,395.58861437967033,217.53646638591692,520.4955097236569,390.22197874320807,21569.61121943487,chen,0.8559955524524778,bob,0.7675831888705897,0.08841236358188809,chen,chen,chen,2,1,1,0,0,12.72192034713645,9.502523873663801,7.160729677569822,29.385173898370073
Bright_Near_20260114_210200_T2,1736900004.52,113,Bright,Near,4,4,1280,720,23.7473657865728,0,2,alice,3,1,0.7987076828861471,729.9610492383397,247.9968646546393,847.8996691844027,404.26948418838384,18430.577083165997,alice,0.7778953802567253,chen,0.6756453515919418,0.1022500286647835,alice,alice,alice,2,1,1,0,0,12.72192034713645,9.502523873663801,7.160729677569822,29.385173898370073
Bright_Near_20260114_210200_T2,1736900004.52,113,Bright,Near,4,4,1280,720,23.7473657865728,0,3,bob,4,1,0.8539933398379973,1060.312251497291,227.35502932459252,1159.8957931065993,402.5405651317688,17445.596094402892,bob,0.8393224530179315,alice,0.7138364627392308,0.12548599027870067,bob,bob,bob,2,1,1,0,0,12.72192034713645,9.502523873663801,7.160729677569822,29.385173898370073
Bright_Near_20260114_210200_T2,1736900004.56,114,Bright,Near,4,4,1280,720,26.487518451491827,2,0,diana,1,1,0.7375613177960122,113.81016225849979,196.13291611185866,224.45003273878322,349.43317083015575,16961.12032662685,diana,0.8567034751810549,bob,0.7250164980027562,0.1316869771782987,diana,diana,diana,1,1,1,0,0,11.44107067274927,8.372879221089034,3.4177194482418596,23.231669342080163
Bright_Near_20260114_210200_T2,1736900004.56,114,Bright,Near,4,4,1280,720,26.487518451491827,2,1,chen,2,1,0.7935118761550991,413.45734760225827,213.08487274178646,517.664683442953,377.42799930532277,17125.75938291623,chen,0.8165145865645546,diana,0.6662648028629974,0.15024978370155717,chen,chen,chen,2,1,1,0,0,11.44107067274927,8.372879221089034,3.4177194482418596,23.231669342080163
Bright_Near_20260114_210200_T2,1736900004.56,114,Bright,Near,4,4,1280,720,26.487518451491827,2,2,alice,3,1,0.7700401284512645,761.5093661140828,202.31359564250926,862.9743402783214,361.84348492526016,16186.696094498162,alice,0.8443132904511759,bob,0.7539878642527089,0.09032542619846695,alice,alice,alice,2,1,1,0,0,11.44107067274927,8.372879221089034,3.4177194482418596,23.231669342080163
Bright_Near_20260114_210200_T2,1736900004.56,114,Bright,Near,4,4,1280,720,26.487518451491827,2,3,bob,4,1,0.7684954814726899,1101.3502419017507,262.057672369818,1212.456084610502,456.97847700197286,21656.840260123463,bob,0.8635002145312842,diana,0.7369577456757579,0.12654246885552634,bob,bob,bob,2,1,1,0,0,11.44107067274927,8.372879221089034,3.4177194482418596,23.231669342080163
Bright_Near_20260114_210200_T2,1736900004.6,115,Bright,Near,4,4,1280,720,26.94055941097205,1,0,diana,1,1,0.7672052155803605,128.1354122695738,236.58021565410766,217.01213224915534,382.78776087900303,12994.44705585503,diana,0.8618474271833608,chen,0.6942466942232219,0.1676007329601389,diana,diana,diana,3,1,1,0,0,12.223331187964309,8.099269700181992,14.265143850267489,34.58774473841379
Bright_Near_20260114_210200_T2,1736900004.6,115,Bright,Near,4,4,1280,720,26.94055941097205,1,1,chen,2,1,0.8750286389812052,423.85950327687846,307.6145156844737,522.4072908687742,462.3441115769153,15248.2593501882,chen,0.8917451232253225,diana,0.7423592840963916,0.1493858391289309,chen,chen,chen,2,1,1,0,0,12.223331187964309,8.099269700181992,14.265143850267489,34.58774473841379
Bright_Near_20260114_210200_T2,1736900004.6,115,Bright,Near,4,4,1280,720,26.94055941097205,1,2,alice,3,1,0.7590550176812773,759.8646273694445,310.2859635044482,867.4162691647365,446.5061024501456,14650.699589192547,alice,0.8749678982719691,chen,0.814432388394248,0.06053550987772105,alice,alice,alice,2,1,1,0,0,12.223331187964309,8.099269700181992,14.265143850267489,34.58774473841379
Bright_Near_20260114_210200_T2,1736900004.6,115,Bright,Near,4,4,1280,720,26.94055941097205,1,3,bob,4,1,0.8465113182749326,1069.1955893924198,282.6104081992793,1168.3318211844605,431.24596692861235,14735.16920273064,bob,0.8261289653897352,alice,0.7384073769250039,0.08772158846473133,bob,bob,bob,2,1,1,0,0,12.223331187964309,8.099269700181992,14.265143850267489,34.58774473841379
Bright_Near_20260114_210200_T2,1736900004.64,116,Bright,Near,4,4,1280,720,23.783816783583603,1,0,diana,1,1,0.974380396607962,108.85311376756701,208.95418665798024,213.61086139279112,364.08493059899,16251.147322685565,diana,0.8739977281795912,chen,0.7666840742486425,0.10731365393094872,diana,diana,diana,2,1,1,0,0,13.52302754381352,7.230600220934502,8.660108158396927,29.413735923144948
Bright_Near_20260114_210200_T2,1736900004.64,116,Bright,Near,4,4,1280,720,23.783816783583603,1,1,chen,-1,0,-1.0,-1.0,-1.0,-1.0,-1.0,0.0,unknown,-1.0,unknown,-1.0,-1.0,unknown,unknown,unknown,0,0,0,0,1,13.52302754381352,7.230600220934502,8.660108158396927,29.413735923144948
Bright_Near_20260114_210200_T2,1736900004.64,116,Bright,Near,4,4,1280,720,23.783816783583603,1,2,alice,3,1,0.7944063337893458,765.8056870756948,255.22079151466585,848.6975473522814,418.8348087268729,13562.270254045303,alice,0.7945019103657999,bob,0.6646719668179134,0.12982994354788646,alice,alice,alice,2,1,1,0,0,13.52302754381352,7.230600220934502,8.660108158396927,29.413735923144948
Bright_Near_20260114_210200_T2,1736900004.64,116,Bright,Near,4,4,1280,720,23.783816783583603,1,3,bob,4,1,0.7536450153504529,1091.2609495708227,167.94001291877498,1180.2833561865634,343.30226771130253,15611.16995119351,bob,0.8809140026689682,chen,0.7197977336441882,0.16111626902478005,bob,bob,bob,2,1,1,0,0,13.52302754381352,7.230600220934502,8.660108158396927,29.413735923144948
Bright_Near_20260114_210200_T2,1736900004.68,117,Bright,Near,4,4,1280,720,25.09375398057365,1,0,diana,1,1,0.721813194836252,104.68134868769067,284.2444291705913,194.37915400257697,418.75770080544044,12065.545251371117,diana,0.8684756866236969,bob,0.7488239729571271,0.11965171366656979,diana,diana,diana,2,1,1,0,0,15.181962475401438,8.050504978620912,6.318074644312555,29.550542098334905
Bright_Near_20260114_210200_T2,1736900004.68,117,Bright,Near,4,4,1280,720,25.09375398057365,1,1,chen,2,1,0.7224192394249475,448.1062130192294,202.85855678591875,538.6078938637978,393.3068212099421,17235.88804430493,chen,0.9151307713561445,bob,0.8424485537504531,0.07268221760569138,chen,chen,chen,1,1,1,0,0,15.181962475401438,8.050504978620912,6.318074644312555,29.550542098334905
Bright_Near_20260114_210200_T2,1736900004.68,117,Bright,Near,4,4,1280,720,25.09375398057365,1,2,alice,3,1,0.9079526073003608,748.1949747917118,262.7327187471072,858.5929051852589,424.5310750551908,17862.203677490146,alice,0.8234707683991347,diana,0.6998506900557692,0.12362007834336552,alice,alice,alice,2,1,1,0,0,15.181962475401438,8.050504978620912,6.318074644312555,29.550542098334905
Bright_Near_20260114_210200_T2,1736900004.68,117,Bright,Near,4,4,1280,720,25.09375398057365,1,3,bob,4,1,0.8284584310128317,1079.535379335111,270.9523815347356,1169.5321275512788,418.28255833631425,13259.236826255163,bob,0.9201402009479444,diana,0.8352302571428271,0.0849099438051173,bob,bob,bob,2,1,1,0,0,15.181962475401438,8.050504978620912,6.318074644312555,29.550542098334905
Bright_Near_20260114_210200_T2,1736900004.72,118,Bright,Near,4,4,1280,720,25.357211888075398,0,0,diana,1,1,0.6973114384780842,129.44973363581462,211.6029604241313,228.92715369169824,422.6741288098349,20996.815279190774,diana,0.8876193326920585,alice,0.7301892011631383,0.15743013152892016,diana,diana,diana,2,1,1,0,0,9.129519483638616,4.888262857672472,9.802649530847141,23.820431872158228
Bright_Near_20260114_210200_T2,1736900004.72,118,Bright,Near,4,4,1280,720,25.357211888075398,0,1,chen,2,1,0.85193182964303,451.6349625940374,228.20211043106139,540.9458305626292,436.6050668624511,18612.648926108042,chen,0.8996123172598759,bob,0.8367402260831255,0.06287209117675041,chen,chen,chen,3,1,1,0,0,9.129519483638616,4.888262857672472,9.802649530847141,23.820431872158228
Bright_Near_20260114_210200_T2,1736900004.72,118,Bright,Near,4,4,1280,720,25.357211888075398,0,2,alice,3,1,0.8133499609221715,759.8088237465256,274.91226925622163,849.4232172132004,465.40725269735515,17071.092399521433,alice,0.8677843353795267,bob,0.7212428799971184,0.14654145538240826,alice,alice,alice,1,1,1,0,0,9.129519483638616,4.888262857672472,9.802649530847141,23.820431872158228
Bright_Near_20260114_210200_T2,1736900004.72,118,Bright,Near,4,4,1280,720,25.357211888075398,0,3,bob,4,1,0.7100352399107885,1030.6249342425306,204.78183502418682,1137.7780907972885,410.9072006833555,22086.98357638363,bob,0.8570736661678956,chen,0.740559350587832,0.11651431558006364,bob,bob,bob,1,1,1,0,0,9.129519483638616,4.888262857672472,9.802649530847141,23.820431872158228
Bright_Near_20260114_210200_T2,1736900004.76,119,Bright,Near,4,4,1280,720,22.508074803778467,2,0,diana,-1,0,-1.0,-1.0,-1.0,-1.0,-1.0,0.0,unknown,-1.0,unknown,-1.0,-1.0,unknown,unknown,unknown,0,0,0,0,1,11.261628493952044,5.731518507612378,9.165889127426029,26.15903612899045
Bright_Near_20260114_210200_T2,1736900004.76,119,Bright,Near,4,4,1280,720,22.508074803778467,2,1,chen,2,1,0.8401009546236643,439.0625162944909,215.47277675062128,519.2016032213369,400.2462239666214,14807.575348216027,chen,0.7815745536798282,diana,0.67227015458132,0.1093043990985082,chen,chen,chen,2,1,1,0,0,11.261628493952044,5.731518507612378,9.165889127426029,26.15903612899045
Bright_Near_20260114_210200_T2,1736900004.76,119,Bright,Near,4,4,1280,720,22.508074803778467,2,2,alice,3,1,0.7150981983979299,716.1220640985921,246.72700866117708,809.5521899769742,430.33897312047765,17154.888952209476,alice,0.8856672636780903,chen,0.7493101146503744,0.1363571490277159,alice,alice,alice,2,1,1,0,0,11.261628493952044,5.731518507612378,9.165889127426029,26.15903612899045
Bright_Near_20260114_210200_T2,1736900004.76,119,Bright,Near,4,4,1280,720,22.508074803778467,2,3,bob,4,1,0.7335401277504628,1058.30782979429,195.95075489299825,1150.9207754043666,394.47990222339274,18386.369123724715,bob,0.8274416501870409,chen,0.7209726703561239,0.10646897983091697,bob,bob,bob,3,1,1,0,0,11.261628493952044,5.731518507612378,9.165889127426029,26.15903612899045
Bright_Near_20260114_210200_T2,1736900004.8,120,Bright,Near,4,4,1280,720,24.95379042990582,0,0,diana,1,1,0.713340585359868,127.11608295633742,317.7500111005704,224.53940676054714,456.818048263287,13548.470415319205,diana,0.8707060895613058,alice,0.7179247538842959,0.1527813356770099,diana,diana,diana,2,1,1,0,0,12.209969224054474,5.923725812757811,4.358846899049023,22.492541935861308
Bright_Near_20260114_210200_T2,1736900004.8,120,Bright,Near,4,4,1280,720,24.95379042990582,0,1,chen,2,1,0.7256226843038367,421.58083797518907,168.58284064841274,506.7888509038936,337.90997450514857,14428.02861084523,chen,0.8527416347729103,bob,0.7385988514536549,0.11414278331925543,chen,chen,chen,1,1,1,0,0,12.209969224054474,5.923725812757811,4.358846899049023,22.492541935861308
Bright_Near_20260114_210200_T2,1736900004.8,120,Bright,Near,4,4,1280,720,24.95379042990582,0,2,alice,3,1,0.824178422119648,721.3610474361756,213.32433656314907,823.4457917437026,393.40919001219305,18383.916218004124,alice,0.99,chen,0.8277555629718939,0.1622444370281061,alice,alice,alice,3,1,1,0,0,12.209969224054474,5.923725812757811,4.358846899049023,22.492541935861308
Bright_Near_20260114_210200_T2,1736900004.8,120,Bright,Near,4,4,1280,720,24.95379042990582,0,3,bob,-1,0,-1.0,-1.0,-1.0,-1.0,-1.0,0.0,unknown,-1.0,unknown,-1.0,-1.0,unknown,unknown,unknown,0,0,0,0,1,12.209969224054474,5.923725812757811,4.358846899049023,22.492541935861308
Bright_Near_20260114_210200_T2,1736900004.84,121,Bright,Near,4,4,1280,720,21.201079405312022,3,0,diana,1,1,0.7969033496017772,88.51501748390395,266.2974440714182,178.3917417680861,427.86577377438937,14521.232221769775,diana,0.9315157203180755,alice,0.8317329654305061,0.09978275488756938,diana,diana,diana,1,1,1,0,0,11.392822583100644,9.456714963515983,4.840418287796499,25.689955834413126
Bright_Near_20260114_210200_T2,1736900004.84,121,Bright,Near,4,4,1280,720,21.201079405312022,3,1,chen,2,1,0.762387423870104,431.6147825820196,229.18769718081793,532.9500001181833,369.0065892721965,14168.577845745249,chen,0.8501305893405336,diana,0.6705749299717694,0.17955565936876428,chen,chen,chen,2,1,1,0,0,11.392822583100644,9.456714963515983,4.840418287796499,25.689955834413126
Bright_Near_20260114_210200_T2,1736900004.84,121,Bright,Near,4,4,1280,720,21.201079405312022,3,2,alice,3,1,0.8449941719408518,744.8350310616063,213.2482214972603,845.6423347762152,406.83266947333107,19514.726241548673,alice,0.7698813751680377,chen,0.6383624473351835,0.13151892783285413,alice,alice,alice,2,1,1,0,0,11.392822583100644,9.456714963515983,4.840418287796499,25.689955834413126
Bright_Near_20260114_210200_T2,1736900004.84,121,Bright,Near,4,4,1280,720,21.201079405312022,3,3,bob,4,1,0.750238741707068,1079.7803111506664,320.5746714003936,1176.3332479509359,476.6115299316496,15065.816940280945,bob,0.8473914360954657,alice,0.7274606015387536,0.11993083455671216,bob,bob,bob,1,1,1,0,0,11.392822583100644,9.456714963515983,4.840418287796499,25.689955834413126
Bright_Near_20260114_210200_T2,1736900004.88,122,Bright,Near,4,4,1280,720,25.8468371990453,2,0,diana,1,1,0.99,105.35799395412315,171.8027024744253,195.36514152776502,363.37960284379534,17243.290343246776,diana,0.8955196769240406,chen,0.7168892569792471,0.17863041994479345,diana,diana,diana,3,1,1,0,0,14.77102523517796,6.7925394791843665,7.242734173214815,28.806298887577142
Bright_Near_20260114_210200_T2,1736900004.88,122,Bright,Near,4,4,1280,720,25.8468371990453,2,1,chen,2,1,0.8610683821798342,451.7226423182741,285.9022196308669,555.0126975264419,489.23213480538215,21001.958163847758,chen,0.8560757307433243,bob,0.7726718298138208,0.08340390092950356,chen,chen,chen,1,1,1,0,0,14.77102523517796,6.7925394791843665,7.242734173214815,28.806298887577142
Bright_Near_20260114_210200_T2,1736900004.88,122,Bright,Near,4,4,1280,720,25.8468371990453,2,2,alice,3,1,0.7929417103903014,779.8013264850267,201.1088365089322,870.761686232976,411.90921801023524,19174.478536363473,alice,0.8587075147152875,bob,0.7511300861517192,0.10757742856356833,alice,alice,alice,1,1,1,0,0,14.77102523517796,6.7925394791843665,7.242734173214815,28.806298887577142
Bright_Near_20260114_210200_T2,1736900004.88,122,Bright,Near,4,4,1280,720,25.8468371990453,2,3,bob,4,1,0.8453389667749174,1062.364727880462,234.8333116977637,1177.7248531601372,374.98262012596825,16167.641778137522,bob,0.6217271279723015,diana,0.593762594595881,0.027964533376420464,unknown,unknown,unknown,0,0,0,0,0,14.77102523517796,6.7925394791843665,7.242734173214815,28.806298887577142
Bright_Near_20260114_210200_T2,1736900004.92,123,Bright,Near,4,4,1280,720,21.819373776248327,2,0,diana,1,1,0.7565080489939253,108.3672300990452,230.46815226533374,221.61394722707595,389.16480846684294,17971.87533401666,diana,0.8542747281310077,chen,0.726720702838709,0.12755402529229865,diana,diana,diana,1,1,1,0,0,13.737336170871838,9.263543988334154,8.25757067980541,31.258450839011402
Bright_Near_20260114_210200_T2,1736900004.92,123,Bright,Near,4,4,1280,720,21.819373776248327,2,1,chen,2,1,0.8109602836864384,433.24035189106115,184.4730734953997,557.693910118508,379.93526314734265,24325.96500111235,chen,0.846625868998854,diana,0.7752549728316994,0.07137089616715453,chen,chen,chen,3,1,1,0,0,13.737336170871838,9.263543988334154,8.25757067980541,31.258450839011402
Bright_Near_20260114_210200_T2,1736900004.92,123,Bright,Near,4,4,1280,720,21.819373776248327,2,2,alice,3,1,0.7474954897521396,726.1140282804929,321.42618294619075,835.1932046180852,467.81808227411165,15968.30780118535,alice,0.8206116488707557,chen,0.7391680479506274,0.08144360092012826,alice,alice,alice,2,1,1,0,0,13.737336170871838,9.263543988334154,8.25757067980541,31.258450839011402
Bright_Near_20260114_210200_T2,1736900004.92,123,Bright,Near,4,4,1280,720,21.819373776248327,2,3,bob,4,1,0.7613700752390978,1064.7326671468963,150.9867427869478,1170.5696072758178,290.26569655137104,14740.858290784085,bob,0.9362751739224441,alice,0.791510485423174,0.14476468849927004,bob,bob,bob,1,1,1,0,0,13.737336170871838,9.263543988334154,8.25757067980541,31.258450839011402
Bright_Near_20260114_210200_T2,1736900004.96,124,Bright,Near,4,4,1280,720,25.672615687672348,0,0,diana,1,1,0.680528162411202,82.35345239970027,197.47924973767778,194.22374434545392,370.8266532145844,19392.424634999894,diana,0.8326143143672193,alice,0.6802612146795793,0.15235309968764,diana,diana,diana,2,1,1,0,0,14.585256975186272,10.57588644064209,2.2935231810582906,27.454666596886653
Bright_Near_20260114_210200_T2,1736900004.96,124,Bright,Near,4,4,1280,720,25.672615687672348,0,1,chen,2,1,0.7234238575153019,456.25951609932935,267.3769090873608,541.4141461074267,410.19877138691004,12161.942841185552,chen,0.8601711028779231,bob,0.6851974368451279,0.17497366603279518,chen,chen,chen,2,1,1,0,0,14.585256975186272,10.57588644064209,2.2935231810582906,27.454666596886653
Bright_Near_20260114_210200_T2,1736900004.96,124,Bright,Near,4,4,1280,720,25.672615687672348,0,2,alice,3,1,0.7928167865555324,693.3266498865376,240.71272929701945,817.3637541726409,384.056488425884,17779.94479982906,alice,0.8848693789533597,bob,0.7174957985322511,0.16737358042110861,alice,alice,alice,2,1,1,0,0,14.585256975186272,10.57588644064209,2.2935231810582906,27.454666596886653
Bright_Near_20260114_210200_T2,1736900004.96,124,Bright,Near,4,4,1280,720,25.672615687672348,0,3,bob,4,1,0.780551201267718,1054.925699857195,235.10072013886247,1173.087482662966,436.91383814890276,23846.59781765782,bob,0.8852012725867926,alice,0.7528826416695639,0.13231863091722873,bob,bob,bob,3,1,1,0,0,14.585256975186272,10.57588644064209,2.2935231810582906,27.454666596886653
Bright_Near_20260114_210200_T2,1736900005.0,125,Bright,Near,4,4,1280,720,26.145964991120955,0,0,diana,1,1,0.7401389467410946,90.92307963583377,245.6128560174638,194.21561242682677,399.17206071033553,15861.519186097259,diana,0.844997662237249,chen,0.7428160161862533,0.10218164605099578,diana,diana,diana,1,1,1,0,0,13.85589035175674,5.734177139648435,5.852434129889535,25.44250162129471
Bright_Near_20260114_210200_T2,1736900005.0,125,Bright,Near,4,4,1280,720,26.145964991120955,0,1,chen,2,1,0.7150090506117439,432.86192325822566,208.25566688376728,559.5391373406744,420.90506921087035,26937.833863095213,chen,0.8573117820929178,diana,0.7177490617391701,0.13956272035374773,chen,chen,chen,2,1,1,0,0,13.85589035175674,5.734177139648435,5.852434129889535,25.44250162129471
Bright_Near_20260114_210200_T2,1736900005.0,125,Bright,Near,4,4,1280,720,26.145964991120955,0,2,alice,3,1,0.8043386423826048,762.7392873167191,150.1295778165066,851.1574255520268,344.7617288074623,17209.012431353593,alice,0.878945877642337,diana,0.796031716694822,0.08291416094751503,alice,alice,alice,3,1,1,0,0,13.85589035175674,5.734177139648435,5.852434129889535,25.44250162129471
Bright_Near_20260114_210200_T2,1736900005.0,125,Bright,Near,4,4,1280,720,26.145964991120955,0,3,bob,4,1,0.7133561734575881,1067.7317053557874,224.2164822217353,1155.8914353466264,436.5703721386874,18721.061597582837,bob,0.7857973341559588,diana,0.7194996943287025,0.06629763982725623,bob,bob,bob,2,1,1,0,0,13.85589035175674,5.734177139648435,5.852434129889535,25.44250162129471
Bright_Near_20260114_210200_T2,1736900005.04,126,Bright,Near,4,4,1280,720,22.733321500049016,1,0,diana,1,1,0.8605876613413188,85.80365563578692,217.40386011648295,208.24957623964355,427.9654990989409,25782.413729063966,diana,0.8957494115653837,bob,0.7854061727926751,0.11034323877270857,diana,diana,diana,1,1,1,0,0,17.227628562698193,8.440644097932568,9.683790214128573,35.35206287475933
Bright_Near_20260114_210200_T2,1736900005.04,126,Bright,Near,4,4,1280,720,22.733321500049016,1,1,chen,2,1,0.7250324694377211,417.0423894326108,254.8435708400212,514.8485085166702,404.4421236381001,14631.65386977186,chen,0.8926363261206807,alice,0.7871040746781669,0.10553225144251377,chen,chen,chen,1,1,1,0,0,17.227628562698193,8.440644097932568,9.683790214128573,35.35206287475933
Bright_Near_20260114_210200_T2,1736900005.04,126,Bright,Near,4,4,1280,720,22.733321500049016,1,2,alice,3,1,0.7852546129766038,749.1664079523756,282.43342717981835,854.1797674885337,422.31020677680493,14688.930546578293,alice,0.8096054947885771,chen,0.6672858039390526,0.14231969084952456,alice,alice,alice,3,1,1,0,0,17.227628562698193,8.440644097932568,9.683790214128573,35.35206287475933
Bright_Near_20260114_210200_T2,1736900005.04,126,Bright,Near,4,4,1280,720,22.733321500049016,1,3,bob,4,1,0.6472370304650332,1069.6254961477873,276.42038752760027,1189.1467935013468,441.74724449032044,19760.080431570674,bob,0.8991475173474598,diana,0.7227834737782046,0.17636404356925517,bob,bob,bob,3,1,1,0,0,17.227628562698193,8.440644097932568,9.683790214128573,35.35206287475933
Bright_Near_20260114_210200_T2,1736900005.08,127,Bright,Near,4,4,1280,720,20.87820933409997,0,0,diana,1,1,0.8268104893468607,129.8960482290899,324.3259095505403,209.9257971392338,481.8662065790929,12607.91041442455,diana,0.8579974322826416,chen,0.683273523682333,0.17472390860030862,diana,diana,diana,1,1,1,0,0,9.566213723236578,6.770114345956228,7.26791831554412,23.604246384736925
Bright_Near_20260114_210200_T2,1736900005.08,127,Bright,Near,4,4,1280,720,20.87820933409997,0,1,chen,2,1,0.7984616021284687,431.63489856589655,228.18262620314977,550.0378072824187,376.3898911532465,17548.171263011718,chen,0.9113701696522543,alice,0.7788702710622544,0.1324998985899999,chen,chen,chen,3,1,1,0,0,9.566213723236578,6.770114345956228,7.26791831554412,23.604246384736925
Bright_Near_20260114_210200_T2,1736900005.08,127,Bright,Near,4,4,1280,720,20.87820933409997,0,2,alice,3,1,0.7531591111196425,747.5529633649745,184.44070832649612,852.0171972709935,386.23247768818345,21080.02259490874,alice,0.9084750082841548,diana,0.8454799266579651,0.06299508162618972,alice,alice,alice,3,1,1,0,0,9.566213723236578,6.770114345956228,7.26791831554412,23.604246384736925
Bright_Near_20260114_210200_T2,1736900005.08,127,Bright,Near,4,4,1280,720,20.87820933409997,0,3,bob,4,1,0.7338402591768958,1037.6237746261297,279.6228845256739,1164.0443188399738,439.73629980586855,20241.62509565943,bob,0.7965853006373244,chen,0.6714852409971721,0.12510005964015225,bob,bob,bob,2,1,1,0,0,9.566213723236578,6.770114345956228,7.26791831554412,23.604246384736925
Bright_Near_20260114_210200_T2,1736900005.12,128,Bright,Near,4,4,1280,720,24.933670341707035,3,0,diana,1,1,0.8005723370093256,102.87997655080457,276.1644128511585,203.57997670035982,420.9150704169978,14576.391238528242,diana,0.8544874119326716,chen,0.7066307197074617,0.14785669222520992,diana,diana,diana,3,1,1,0,0,9.047301008771296,7.233060271965064,4.52742994866046,20.80779122939682
Bright_Near_20260114_210200_T2,1736900005.12,128,Bright,Near,4,4,1280,720,24.933670341707035,3,1,chen,2,1,0.9063983317529591,427.76595098094555,287.77482023887995,527.768545375216,499.66471423037893,21189.539125076844,chen,0.9164441119959645,diana,0.8548952998500403,0.061548812145924225,chen,chen,chen,2,1,1,0,0,9.047301008771296,7.233060271965064,4.52742994866046,20.80779122939682
Bright_Near_20260114_210200_T2,1736900005.12,128,Bright,Near,4,4,1280,720,24.933670341707035,3,2,alice,3,1,0.8204150413629212,770.881025728954,236.8008746234737,886.293127260541,396.79194976994785,18464.906208952645,alice,0.807302286302887,bob,0.6405767820785371,0.16672550422434995,alice,alice,alice,2,1,1,0,0,9.047301008771296,7.233060271965064,4.52742994866046,20.80779122939682
Bright_Near_20260114_210200_T2,1736900005.12,128,Bright,Near,4,4,1280,720,24.933670341707035,3,3,bob,4,1,0.9327914939037887,1086.086474320465,220.5844983958324,1168.554237130166,405.1534897453365,15220.991800636673,bob,0.8055433153437487,diana,0.6410102539441613,0.16453306139958734,bob,bob,bob,2,1,1,0,0,9.047301008771296,7.233060271965064,4.52742994866046,20.80779122939682
Bright_Near_20260114_210200_T2,1736900005.16,129,Bright,Near,4,4,1280,720,22.233969855247185,2,0,diana,1,1,0.7265910154261231,98.65070176084446,175.89041647137458,211.97119699385632,342.2170416436477,18848.215534957526,diana,0.9407972150061038,chen,0.8081224993084062,0.13267471569769762,diana,diana,diana,2,1,1,0,0,16.473982588329616,7.867525599564605,9.778950810747858,34.12045899864208
Bright_Near_20260114_210200_T2,1736900005.16,129,Bright,Near,4,4,1280,720,22.233969855247185,2,1,chen,2,1,0.8330172915917446,413.9151647276917,226.24388926843895,531.7895104336222,362.79733767014204,16096.148384239295,chen,0.8957744867201305,bob,0.7754199056483776,0.1203545810717529,chen,chen,chen,2,1,1,0,0,16.473982588329616,7.867525599564605,9.778950810747858,34.12045899864208
Bright_Near_20260114_210200_T2,1736900005.16,129,Bright,Near,4,4,1280,720,22.233969855247185,2,2,alice,3,1,0.8745991223978954,743.6854649768309,142.19614754178872,824.6503552045369,347.70003530452186,16638.599714076518,alice,0.8277178507838875,chen,0.6787260127918721,0.14899183799201543,alice,alice,alice,3,1,1,0,0,16.473982588329616,7.867525599564605,9.778950810747858,34.12045899864208
Bright_Near_20260114_210200_T2,1736900005.16,129,Bright,Near,4,4,1280,720,22.233969855247185,2,3,bob,-1,0,-1.0,-1.0,-1.0,-1.0,-1.0,0.0,unknown,-1.0,unknown,-1.0,-1.0,unknown,unknown,unknown,0,0,0,0,1,16.473982588329616,7.867525599564605,9.778950810747858,34.12045899864208
Bright_Near_20260114_210200_T2,1736900005.2,130,Bright,Near,4,4,1280,720,22.63639585897462,2,0,diana,1,1,0.8422842405318891,106.80860978115626,249.03207881278902,211.11581233468056,379.8224071753656,13642.373272557226,diana,0.885631885658282,alice,0.7495517155669729,0.13608017009130913,diana,diana,diana,2,1,1,0,0,18.35046403127218,12.002879975233611,14.541509866798922,44.89485387330471
Bright_Near_20260114_210200_T2,1736900005.2,130,Bright,Near,4,4,1280,720,22.63639585897462,2,1,chen,2,1,0.9776539155708959,401.2116348847108,159.59097768118454,524.9209759882326,367.30486549578166,25696.148199594656,chen,0.8455291580914767,diana,0.7786552116145847,0.06687394647689193,chen,chen,chen,2,1,1,0,0,18.35046403127218,12.002879975233611,14.541509866798922,44.89485387330471
Bright_Near_20260114_210200_T2,1736900005.2,130,Bright,Near,4,4,1280,720,22.63639585897462,2,2,alice,3,1,0.8463651391554307,776.7301888545566,235.93728510247237,899.5952496265919,394.36360544111415,19465.05947629716,alice,0.9193353202790913,chen,0.7894923710891129,0.1298429491899784,alice,alice,alice,3,1,1,0,0,18.35046403127218,12.002879975233611,14.541509866798922,44.89485387330471
Bright_Near_20260114_210200_T2,1736900005.2,130,Bright,Near,4,4,1280,720,22.63639585897462,2,3,bob,4,1,0.7527889838551273,1057.6755975247486,246.52601250262097,1163.6962355714925,417.2381351538558,18099.008165797917,bob,0.8615336972382525,diana,0.7059858605535908,0.15554783668466166,bob,bob,bob,2,1,1,0,0,18.35046403127218,12.002879975233611,14.541509866798922,44.89485387330471
Bright_Near_20260114_210200_T2,1736900005.24,131,Bright,Near,4,4,1280,720,22.879774702915896,0,0,diana,1,1,0.6941978561937603,103.70734505790992,217.65569900810212,218.55307435802857,378.6160072458159,18485.603987932136,diana,0.9024319685916348,chen,0.7812682614613994,0.12116370713023539,diana,diana,diana,2,1,1,0,0,16.822971099035705,12.133416903719336,3.12150883199115,32.07789683474619
Bright_Near_20260114_210200_T2,1736900005.24,131,Bright,Near,4,4,1280,720,22.879774702915896,0,1,chen,2,1,0.6798960598803852,428.4655847412055,209.0760589388084,547.0087201238917,408.37810206979645,23625.889080922698,chen,0.866477571276388,diana,0.7744351231549198,0.09204244812146822,chen,chen,chen,2,1,1,0,0,16.822971099035705,12.133416903719336,3.12150883199115,32.07789683474619
Bright_Near_20260114_210200_T2,1736900005.24,131,Bright,Near,4,4,1280,720,22.879774702915896,0,2,alice,3,1,0.7840204318886307,740.0984077631224,266.92316738767505,834.6971678734517,413.8214460765185,13896.3950263062,alice,0.7246588314847352,diana,0.600363803044872,0.12429502843986318,alice,alice,alice,2,1,1,0,0,16.822971099035705,12.133416903719336,3.12150883199115,32.07789683474619
Bright_Near_20260114_210200_T2,1736900005.24,131,Bright,Near,4,4,1280,720,22.879774702915896,0,3,bob,4,1,0.8324180125845358,1069.7323687472021,205.77970596765402,1193.4547658256565,420.6732189951984,26587.140548377854,bob,0.8292672241968542,diana,0.7287036273355134,0.10056359686134075,bob,bob,bob,2,1,1,0,0,16.822971099035705,12.133416903719336,3.12150883199115,32.07789683474619
Bright_Near_20260114_210200_T2,1736900005.28,132,Bright,Near,4,4,1280,720,26.57662723763032,1,0,diana,1,1,0.7894239067086448,101.54415367062272,227.339683448522,209.3508725393728,404.04694457951234,19050.23002281548,diana,0.9510668220423879,chen,0.8805492574724394,0.07051756456994851,diana,diana,diana,1,1,1,0,0,20.354866407802817,11.458382433746188,8.39235253624988,40.205601377798885
Bright_Near_20260114_210200_T2,1736900005.28,132,Bright,Near,4,4,1280,720,26.57662723763032,1,1,chen,2,1,0.8662849109003301,430.51999935632875,188.62545233176968,531.2574045440141,398.44068730554534,21136.242340102646,chen,0.8892574149363143,alice,0.7249299796655817,0.16432743527073257,chen,chen,chen,2,1,1,0,0,20.354866407802817,11.458382433746188,8.39235253624988,40.205601377798885
Bright_Near_20260114_210200_T2,1736900005.28,132,Bright,Near,4,4,1280,720,26.57662723763032,1,2,alice,3,1,0.7952820886992946,771.3184820258326,234.88163722717704,894.2714086919235,375.3303447630673,17268.57963800756,alice,0.8962322742451669,chen,0.8286104880101024,0.06762178623506454,alice,alice,alice,1,1,1,0,0,20.354866407802817,11.458382433746188,8.39235253624988,40.205601377798885
Bright_Near_20260114_210200_T2,1736900005.28,132,Bright,Near,4,4,1280,720,26.57662723763032,1,3,bob,4,1,0.8136818290601749,1112.4749099719465,213.38007235784227,1206.8548293997283,424.0367981238275,19881.764804713996,bob,0.8362118358892006,alice,0.701273215303361,0.1349386205858396,bob,bob,bob,2,1,1,0,0,20.354866407802817,11.458382433746188,8.39235253624988,40.205601377798885
Bright_Near_20260114_210200_T2,1736900005.32,133,Bright,Near,4,4,1280,720,25.16389278958204,0,0,diana,1,1,0.7640074475161072,105.08972700485688,243.0018771508932,212.85529015399814,439.2335739159497,21147.019309597836,diana,0.8177509768180253,chen,0.6445462769191266,0.17320469989889875,diana,diana,diana,3,1,1,0,0,13.890368182953164,8.877792150190905,8.723129009809599,31.491289342953667
Bright_Near_20260114_210200_T2,1736900005.32,133,Bright,Near,4,4,1280,720,25.16389278958204,0,1,chen,2,1,0.8767752178724627,415.0928202668968,214.33101548649094,515.2922254337144,361.9589483046252,14792.231054383965,chen,0.8624079095615161,diana,0.7292142917004704,0.13319361786104578,chen,chen,chen,2,1,1,0,0,13.890368182953164,8.877792150190905,8.723129009809599,31.491289342953667
Bright_Near_20260114_210200_T2,1736900005.32,133,Bright,Near,4,4,1280,720,25.16389278958204,0,2,alice,3,1,0.7659545165342256,717.8829637316277,336.69754832531726,823.9131963652034,483.1681096266136,15530.30768874686,alice,0.8210793827282699,diana,0.6691848615792567,0.15189452114901314,alice,alice,alice,3,1,1,0,0,13.890368182953164,8.877792150190905,8.723129009809599,31.491289342953667
Bright_Near_20260114_210200_T2,1736900005.32,133,Bright,Near,4,4,1280,720,25.16389278958204,0,3,bob,4,1,0.761631054228508,1075.850729216978,275.3189319703191,1158.978421803436,414.48050981496283,11568.180862916004,bob,0.7770991048596033,chen,0.6042837630694949,0.17281534179010838,bob,bob,bob,1,1,1,0,0,13.890368182953164,8.877792150190905,8.723129009809599,31.491289342953667
Bright_Near_20260114_210200_T2,1736900005.36,134,Bright,Near,4,4,1280,720,25.78467156193529,4,0,diana,1,1,0.6380152106413619,108.5530727649388,200.16341262070114,231.90043499791733,405.2985546527974,25302.878670946477,diana,0.8736375831541201,chen,0.737210467618513,0.13642711553560705,diana,diana,diana,2,1,1,0,0,14.912481238044354,9.428528119907009,5.782662469524498,30.12367182747586
Bright_Near_20260114_210200_T2,1736900005.36,134,Bright,Near,4,4,1280,720,25.78467156193529,4,1,chen,2,1,0.9345755733364769,372.3802006651169,284.9015500758966,500.18165151336603,445.2557582527378,20493.500454622485,chen,0.8518785871892273,bob,0.746220256254971,0.10565833093425625,chen,chen,chen,2,1,1,0,0,14.912481238044354,9.428528119907009,5.782662469524498,30.12367182747586
Bright_Near_20260114_210200_T2,1736900005.36,134,Bright,Near,4,4,1280,720,25.78467156193529,4,2,alice,3,1,0.8261533870884511,748.8013888363917,217.28100006792215,831.178560344923,400.66273168132386,15106.468356648653,alice,0.7921897229761543,chen,0.6481369981790635,0.14405272479709086,alice,alice,alice,2,1,1,0,0,14.912481238044354,9.428528119907009,5.782662469524498,30.12367182747586
Bright_Near_20260114_210200_T2,1736900005.36,134,Bright,Near,4,4,1280,720,25.78467156193529,4,3,bob,4,1,0.7161236996518573,1096.361687370378,217.02486000211994,1181.2210195002538,412.14133701413573,16557.45392677393,alice,0.7854617397831468,bob,0.727099552767951,0.0583621870151958,alice,alice,alice,1,0,0,1,0,14.912481238044354,9.428528119907009,5.782662469524498,30.12367182747586
Bright_Near_20260114_210200_T2,1736900005.4,135,Bright,Near,4,4,1280,720,25.276101422768427,1,0,diana,1,1,0.7965023704588199,127.6738183461602,305.9259849990727,234.0032332205875,470.52455696807164,17501.66984662997,diana,0.817359066786437,bob,0.648653159521043,0.16870590726539403,diana,diana,diana,2,1,1,0,0,12.715894450170266,9.261541619584705,4.321191770139487,26.298627839894458
Bright_Near_20260114_210200_T2,1736900005.4,135,Bright,Near,4,4,1280,720,25.276101422768427,1,1,chen,2,1,0.7041535489878955,435.12562860700837,258.06659580310725,539.8195540899918,439.8685368712215,19033.558870846904,chen,0.9370407580460338,diana,0.7939409935445364,0.14309976450149742,chen,chen,chen,3,1,1,0,0,12.715894450170266,9.261541619584705,4.321191770139487,26.298627839894458
Bright_Near_20260114_210200_T2,1736900005.4,135,Bright,Near,4,4,1280,720,25.276101422768427,1,2,alice,3,1,0.805262561644071,710.503137174517,216.14969041754625,818.3718480956436,402.49183348604856,20100.486763079498,alice,0.8430345705459131,chen,0.7551617018938805,0.08787286865203259,alice,alice,alice,1,1,1,0,0,12.715894450170266,9.261541619584705,4.321191770139487,26.298627839894458
Bright_Near_20260114_210200_T2,1736900005.4,135,Bright,Near,4,4,1280,720,25.276101422768427,1,3,bob,4,1,0.7275459026190623,1052.6083315895592,266.41003370590954,1147.6967754640925,436.5987625895191,16182.981394527282,bob,0.9087045733922641,chen,0.7400382917106192,0.16866628168164488,bob,bob,bob,2,1,1,0,0,12.715894450170266,9.261541619584705,4.321191770139487,26.298627839894458
Bright_Near_20260114_210200_T2,1736900005.44,136,Bright,Near,4,4,1280,720,22.624001477686814,3,0,diana,1,1,0.7018994752813237,117.40914277191443,157.06176186313917,219.89983480208303,345.0214268073206,19264.11613388778,diana,0.7809976090524728,alice,0.6827957845451451,0.09820182450732773,diana,diana,diana,3,1,1,0,0,12.630590574393844,7.906224003765499,6.0042735768209115,26.541088154980255
Bright_Near_20260114_210200_T2,1736900005.44,136,Bright,Near,4,4,1280,720,22.624001477686814,3,1,chen,2,1,0.8567442991512227,400.89525073073463,175.21545133732445,525.1394102479844,375.5186257605982,24886.499554856728,chen,0.9213988009329313,diana,0.8172045391972702,0.10419426173566104,chen,chen,chen,2,1,1,0,0,12.630590574393844,7.906224003765499,6.0042735768209115,26.541088154980255
Bright_Near_20260114_210200_T2,1736900005.44,136,Bright,Near,4,4,1280,720,22.624001477686814,3,2,alice,3,1,0.711724326339441,757.3350683317283,308.927042254106,845.4705165083226,483.6982046969388,15403.534730243431,alice,0.8703979059900527,chen,0.7331015988699989,0.1372963071200538,alice,alice,alice,2,1,1,0,0,12.630590574393844,7.906224003765499,6.0042735768209115,26.541088154980255
Bright_Near_20260114_210200_T2,1736900005.44,136,Bright,Near,4,4,1280,720,22.624001477686814,3,3,bob,4,1,0.6290755287478836,1070.6767980377117,132.36580088964885,1180.1337936535124,271.2862074871824,15205.81033589148,bob,0.8577874501307055,alice,0.6965048418493671,0.16128260828133834,bob,bob,bob,3,1,1,0,0,12.630590574393844,7.906224003765499,6.0042735768209115,26.541088154980255
Bright_Near_20260114_210200_T2,1736900005.48,137,Bright,Near,4,4,1280,720,25.956493375511997,0,0,diana,1,1,0.7920569756160079,69.97378345750442,215.18206397365097,189.73010791198064,412.9354205803751,23682.21513575659,diana,0.9394803248435993,bob,0.810890063659617,0.1285902611839823,diana,diana,diana,1,1,1,0,0,8.713312134371657,4.779017942289891,6.603125682107998,20.095455758769546
Bright_Near_20260114_210200_T2,1736900005.48,137,Bright,Near,4,4,1280,720,25.956493375511997,0,1,chen,2,1,0.8763560787919262,423.6038927360543,188.26380593668807,512.512686587029,374.3936747082073,16548.582132115964,chen,0.8044153740424163,bob,0.6400378737157216,0.16437750032669463,chen,chen,chen,3,1,1,0,0,8.713312134371657,4.779017942289891,6.603125682107998,20.095455758769546
Bright_Near_20260114_210200_T2,1736900005.48,137,Bright,Near,4,4,1280,720,25.956493375511997,0,2,alice,3,1,0.8775770697291505,741.8366157606404,203.27426124699105,834.7833973229251,375.9092854871524,16045.869888050007,alice,0.9073533952814109,bob,0.758794219608667,0.1485591756727439,alice,alice,alice,1,1,1,0,0,8.713312134371657,4.779017942289891,6.603125682107998,20.095455758769546
Bright_Near_20260114_210200_T2,1736900005.48,137,Bright,Near,4,4,1280,720,25.956493375511997,0,3,bob,4,1,0.7579638050878345,1071.4749798790854,195.10332252286884,1191.3172584160998,381.3257038968928,22317.314498451902,bob,0.7970768961722805,diana,0.6380073343773427,0.1590695617949378,bob,bob,bob,2,1,1,0,0,8.713312134371657,4.779017942289891,6.603125682107998,20.095455758769546
Bright_Near_20260114_210200_T2,1736900005.52,138,Bright,Near,4,4,1280,720,23.482626927872186,1,0,diana,1,1,0.9111216019159831,121.40409009259001,220.98796324193768,221.67314053025643,365.9279436067835,14532.994201637108,diana,0.8404075833712552,alice,0.6986541245161341,0.14175345885512114,diana,diana,diana,2,1,1,0,0,15.555870848897777,9.425660904952599,9.071018637836461,34.052550391686836
Bright_Near_20260114_210200_T2,1736900005.52,138,Bright,Near,4,4,1280,720,23.482626927872186,1,1,chen,2,1,0.8326930232532077,420.47173933545366,272.8430425207556,522.2708163464265,483.83007182215374,21478.28484416941,chen,0.9187034210876047,alice,0.8157111009493498,0.10299232013825488,chen,chen,chen,2,1,1,0,0,15.555870848897777,9.425660904952599,9.071018637836461,34.052550391686836
Bright_Near_20260114_210200_T2,1736900005.52,138,Bright,Near,4,4,1280,720,23.482626927872186,1,2,alice,3,1,0.7817735390182986,759.3832852490874,218.48391487311392,852.3195884858591,397.6658416035484,16652.505877168664,alice,0.8388227735978716,bob,0.7615589787297409,0.07726379486813073,alice,alice,alice,2,1,1,0,0,15.555870848897777,9.425660904952599,9.071018637836461,34.052550391686836
Bright_Near_20260114_210200_T2,1736900005.52,138,Bright,Near,4,4,1280,720,23.482626927872186,1,3,bob,4,1,0.8718229366997369,1051.2269451085058,302.71324374220274,1174.988517807068,450.58939373237195,18301.38488739183,bob,0.8059093643638119,alice,0.669578674042725,0.1363306903210869,bob,bob,bob,2,1,1,0,0,15.555870848897777,9.425660904952599,9.071018637836461,34.052550391686836
Bright_Near_20260114_210200_T2,1736900005.56,139,Bright,Near,4,4,1280,720,25.854736649422346,1,0,diana,1,1,0.733426340140267,116.588689879815,333.4250635636997,239.3259811066745,469.3485120824324,16682.87588540274,diana,0.9080460723933096,chen,0.7606607707202812,0.14738530167302843,diana,diana,diana,1,1,1,0,0,8.322639715700241,5.54123243070748,7.1529530948926,21.01682524130032
Bright_Near_20260114_210200_T2,1736900005.56,139,Bright,Near,4,4,1280,720,25.854736649422346,1,1,chen,2,1,0.7160469896387542,409.73371006825585,281.7018510952061,501.6367865227626,427.7232330923105,13419.81423367262,alice,0.7680575357805122,bob,0.6954066531559928,0.07265088262451935,unknown,unknown,unknown,0,0,0,0,0,8.322639715700241,5.54123243070748,7.1529530948926,21.01682524130032
Bright_Near_20260114_210200_T2,1736900005.56,139,Bright,Near,4,4,1280,720,25.854736649422346,1,2,alice,3,1,0.9386009511908303,731.7767850435026,250.73991384229078,825.773214996431,381.08924464731126,12252.371742425192,alice,0.8488092769574987,diana,0.7499649503420508,0.09884432661544795,alice,alice,alice,2,1,1,0,0,8.322639715700241,5.54123243070748,7.1529530948926,21.01682524130032
Bright_Near_20260114_210200_T2,1736900005.56,139,Bright,Near,4,4,1280,720,25.854736649422346,1,3,bob,4,1,0.8134375923568052,1068.1790844821298,273.42031326094633,1164.876285167642,428.1682829930708,14963.695484862801,bob,0.7825466001337791,diana,0.7219942126231177,0.06055238751066139,bob,bob,bob,2,1,1,0,0,8.322639715700241,5.54123243070748,7.1529530948926,21.01682524130032
Bright_Near_20260114_210200_T2,1736900005.6,140,Bright,Near,4,4,1280,720,25.28380524606751,1,0,diana,1,1,0.7101463091292389,115.49381717923718,208.23017247250567,211.5029993823012,386.2155292537337,17088.228548686275,diana,0.8716251533712347,chen,0.7927737706864072,0.0788513826848275,diana,diana,diana,1,1,1,0,0,11.104922407099512,7.734293507512948,7.574449840276031,26.41366575488849
Bright_Near_20260114_210200_T2,1736900005.6,140,Bright,Near,4,4,1280,720,25.28380524606751,1,1,chen,2,1,0.7491488675171785,436.7044896620025,196.25408013305963,563.788118994876,369.72604213289316,22045.44651843315,chen,0.8164581362560493,bob,0.6836641670756425,0.13279396918040687,chen,chen,chen,2,1,1,0,0,11.104922407099512,7.734293507512948,7.574449840276031,26.41366575488849
Bright_Near_20260114_210200_T2,1736900005.6,140,Bright,Near,4,4,1280,720,25.28380524606751,1,2,alice,3,1,0.7695934596141185,757.4177465570206,224.13356071386607,842.1473754575993,439.052977941703,18210.04246524327,diana,0.6793358805697223,chen,0.6401242977770739,0.03921158279264836,unknown,unknown,unknown,0,0,0,0,0,11.104922407099512,7.734293507512948,7.574449840276031,26.41366575488849
Bright_Near_20260114_210200_T2,1736900005.6,140,Bright,Near,4,4,1280,720,25.28380524606751,1,3,bob,4,1,0.7535492094506687,1065.8896173962667,240.07653347924605,1192.3836987241511,425.37053612262906,23438.594639941333,bob,0.8886199127123603,chen,0.7992089253371228,0.08941098737523745,bob,bob,bob,1,1,1,0,0,11.104922407099512,7.734293507512948,7.574449840276031,26.41366575488849
Bright_Near_20260114_210200_T2,1736900005.64,141,Bright,Near,4,4,1280,720,24.43437522250195,1,0,diana,1,1,0.6908271878610173,97.43237409990027,320.4772229259996,220.20651192424512,457.0223306165143,16764.207870835256,chen,0.8811567003406324,alice,0.8636951138860369,0.0174615864545955,unknown,unknown,unknown,0,0,0,0,0,11.161264387131176,6.517086572447107,10.83414345580877,28.512494415387053
Bright_Near_20260114_210200_T2,1736900005.64,141,Bright,Near,4,4,1280,720,24.43437522250195,1,1,chen,2,1,0.8590672723783825,423.18649796092507,185.45892550315932,517.3955379034487,400.02186648215377,20213.768676875432,chen,0.8763425286849683,bob,0.7704169698280863,0.10592555885688204,chen,chen,chen,2,1,1,0,0,11.161264387131176,6.517086572447107,10.83414345580877,28.512494415387053
Bright_Near_20260114_210200_T2,1736900005.64,141,Bright,Near,4,4,1280,720,24.43437522250195,1,2,alice,-1,0,-1.0,-1.0,-1.0,-1.0,-1.0,0.0,unknown,-1.0,unknown,-1.0,-1.0,unknown,unknown,unknown,0,0,0,0,1,11.161264387131176,6.517086572447107,10.83414345580877,28.512494415387053
Bright_Near_20260114_210200_T2,1736900005.64,141,Bright,Near,4,4,1280,720,24.43437522250195,1,3,bob,4,1,0.6653791945311254,1051.2598372442374,247.85283140416584,1149.3283169048693,414.86654679377034,16378.781150732004,bob,0.8040745118545249,diana,0.6283634919580718,0.1757110198964531,bob,bob,bob,3,1,1,0,0,11.161264387131176,6.517086572447107,10.83414345580877,28.512494415387053
Bright_Near_20260114_210200_T2,1736900005.68,142,Bright,Near,4,4,1280,720,23.98660840800617,3,0,diana,1,1,0.811090866575382,123.77575147187811,212.29966263729722,235.2286171243216,405.3827952184782,21519.668435323296,diana,0.9099721436835156,bob,0.7422894601718145,0.16768268351170112,diana,diana,diana,2,1,1,0,0,11.352427408192852,6.030099000399487,11.839987632796948,29.22251404138929
Bright_Near_20260114_210200_T2,1736900005.68,142,Bright,Near,4,4,1280,720,23.98660840800617,3,1,chen,2,1,0.99,435.8333363776706,267.4839765296732,553.7177203869226,463.7698632427962,23139.040844886316,chen,0.858950964104389,bob,0.6815639289074852,0.1773870351969038,chen,chen,chen,3,1,1,0,0,11.352427408192852,6.030099000399487,11.839987632796948,29.22251404138929
Bright_Near_20260114_210200_T2,1736900005.68,142,Bright,Near,4,4,1280,720,23.98660840800617,3,2,alice,3,1,0.7332296888722053,732.8625430638897,245.92220604589835,825.0312330296711,409.33307920751514,15061.36610547068,alice,0.9355065681566485,bob,0.8562781452206755,0.07922842293597299,alice,alice,alice,2,1,1,0,0,11.352427408192852,6.030099000399487,11.839987632796948,29.22251404138929
Bright_Near_20260114_210200_T2,1736900005.68,142,Bright,Near,4,4,1280,720,23.98660840800617,3,3,bob,4,1,0.8665500870756226,1060.7529703536047,244.76468004416142,1177.6367584516688,410.03029997394606,19316.871699768144,bob,0.7778266554851103,diana,0.7494050846013242,0.028421570883786162,unknown,unknown,unknown,0,0,0,0,0,11.352427408192852,6.030099000399487,11.839987632796948,29.22251404138929
Bright_Near_20260114_210200_T2,1736900005.72,143,Bright,Near,4,4,1280,720,24.028954302744996,0,0,diana,1,1,0.8029467717423238,132.8749885437282,122.60427331276748,231.43100167721377,311.9872625372989,18664.832373271674,diana,0.8965463965708359,alice,0.7212362944555802,0.17531010211525566,diana,diana,diana,2,1,1,0,0,10.154648332716949,8.125504445679386,3.719310810570537,21.999463588966872
Bright_Near_20260114_210200_T2,1736900005.72,143,Bright,Near,4,4,1280,720,24.028954302744996,0,1,chen,2,1,0.7028014595722863,432.9334846944229,271.4277391183844,519.9669237504226,423.97712194110017,13276.897412931196,chen,0.8209762674297719,diana,0.7415409791558475,0.07943528827392443,chen,chen,chen,3,1,1,0,0,10.154648332716949,8.125504445679386,3.719310810570537,21.999463588966872
Bright_Near_20260114_210200_T2,1736900005.72,143,Bright,Near,4,4,1280,720,24.028954302744996,0,2,alice,3,1,0.6605083939609175,749.7578704213553,201.7468669543452,849.9978111568095,396.2093472310376,19492.907498205077,alice,0.9200080558138211,chen,0.7690209352555014,0.15098712055831964,alice,alice,alice,3,1,1,0,0,10.154648332716949,8.125504445679386,3.719310810570537,21.999463588966872
Bright_Near_20260114_210200_T2,1736900005.72,143,Bright,Near,4,4,1280,720,24.028954302744996,0,3,bob,4,1,0.5682416917867203,1080.4024315327006,312.2792812476678,1195.489100866092,490.45089178456345,20505.177226457512,bob,0.8435905416114098,alice,0.7114890623964085,0.13210147921500126,bob,bob,bob,3,1,1,0,0,10.154648332716949,8.125504445679386,3.719310810570537,21.999463588966872
Bright_Near_20260114_210200_T2,1736900005.76,144,Bright,Near,4,4,1280,720,24.4070310302658,2,0,diana,1,1,0.8028685350139557,75.26223943181428,340.06948332080333,193.1456572737864,502.22359670760045,19115.28110317033,diana,0.7858376506635747,bob,0.6727839179206043,0.11305373274297037,diana,diana,diana,3,1,1,0,0,10.379373016957166,8.75130980889169,5.975814001248699,25.106496827097555
Bright_Near_20260114_210200_T2,1736900005.76,144,Bright,Near,4,4,1280,720,24.4070310302658,2,1,chen,2,1,0.6668038768466346,403.73707430187375,226.74433870355972,526.2366233818885,397.442664981187,20910.467997722582,alice,0.8859411255632832,chen,0.7895732231974,0.09636790236588322,alice,alice,alice,2,0,0,1,0,10.379373016957166,8.75130980889169,5.975814001248699,25.106496827097555
Bright_Near_20260114_210200_T2,1736900005.76,144,Bright,Near,4,4,1280,720,24.4070310302658,2,2,alice,3,1,0.7329726506939089,755.3514398434045,179.73606433922805,874.3026101190803,311.866656410625,15717.088556110606,alice,0.9350151445958809,diana,0.8172254637503609,0.11778968084552,alice,alice,alice,2,1,1,0,0,10.379373016957166,8.75130980889169,5.975814001248699,25.106496827097555
Bright_Near_20260114_210200_T2,1736900005.76,144,Bright,Near,4,4,1280,720,24.4070310302658,2,3,bob,4,1,0.8141640294098309,1063.8301234569535,292.069323332252,1177.8726560047407,433.1406487332755,16088.131218605706,bob,0.8640405635439237,diana,0.7753717107263561,0.08866885281756753,bob,bob,bob,3,1,1,0,0,10.379373016957166,8.75130980889169,5.975814001248699,25.106496827097555
Bright_Near_20260114_210200_T2,1736900005.8,145,Bright,Near,4,4,1280,720,23.775177320537416,1,0,diana,1,1,0.7638351153501557,115.62878605449865,214.06136657545028,201.82219339232685,387.2162535735522,14924.809707563012,alice,0.7765876966692179,diana,0.7628851520001457,0.01370254466907217,unknown,unknown,unknown,0,0,0,0,0,16.17234165547042,8.959473444260704,13.751733006283635,38.88354810601476
Bright_Near_20260114_210200_T2,1736900005.8,145,Bright,Near,4,4,1280,720,23.775177320537416,1,1,chen,2,1,0.8765311256705056,420.6177329280872,240.97974416842908,514.4489296375763,440.61174397296895,18731.709443168464,chen,0.8329027566126898,bob,0.7021259827508353,0.1307767738618545,chen,chen,chen,2,1,1,0,0,16.17234165547042,8.959473444260704,13.751733006283635,38.88354810601476
Bright_Near_20260114_210200_T2,1736900005.8,145,Bright,Near,4,4,1280,720,23.775177320537416,1,2,alice,3,1,0.8147308019771944,723.8357263653497,171.1344411513656,850.4123041429082,308.6115522159067,17401.38224129493,alice,0.8607527180230695,diana,0.7566087942755482,0.10414392374752135,alice,alice,alice,2,1,1,0,0,16.17234165547042,8.959473444260704,13.751733006283635,38.88354810601476
Bright_Near_20260114_210200_T2,1736900005.8,145,Bright,Near,4,4,1280,720,23.775177320537416,1,3,bob,4,1,0.6884503755154787,1066.9687704574685,262.19616495968097,1170.4241634014456,418.1598494973711,16135.284268837224,bob,0.8082525337949181,alice,0.6666728241269038,0.14157970966801436,bob,bob,bob,3,1,1,0,0,16.17234165547042,8.959473444260704,13.751733006283635,38.88354810601476
Bright_Near_20260114_210200_T2,1736900005.84,146,Bright,Near,4,4,1280,720,24.935348515536305,1,0,diana,1,1,0.8083658382216256,99.26220910757509,203.2779364916313,198.37559207491222,366.7570996390024,16202.972904205177,diana,0.9487798057550008,bob,0.769556792599771,0.17922301315522982,diana,diana,diana,2,1,1,0,0,10.633774937978732,8.842520240534146,6.445558004134565,25.921853182647443
Bright_Near_20260114_210200_T2,1736900005.84,146,Bright,Near,4,4,1280,720,24.935348515536305,1,1,chen,2,1,0.7237439740012919,408.98292948546407,223.62238036331138,535.761776011024,432.4509634320056,26475.046883016137,chen,0.8813411315058276,diana,0.7576550722190547,0.1236860592867729,chen,chen,chen,3,1,1,0,0,10.633774937978732,8.842520240534146,6.445558004134565,25.921853182647443
Bright_Near_20260114_210200_T2,1736900005.84,146,Bright,Near,4,4,1280,720,24.935348515536305,1,2,alice,3,1,0.7146179426302575,745.3449636030645,203.85536307444107,839.6735793109357,417.78178433895715,20179.383181220706,alice,0.9174082965159995,chen,0.7694629757774103,0.14794532073858924,alice,alice,alice,1,1,1,0,0,10.633774937978732,8.842520240534146,6.445558004134565,25.921853182647443
Bright_Near_20260114_210200_T2,1736900005.84,146,Bright,Near,4,4,1280,720,24.935348515536305,1,3,bob,4,1,0.9029130374957745,1068.6134644512147,213.2845115668847,1151.2729604952567,344.26415529029487,10826.711342205259,bob,0.8555803226544287,chen,0.744234089017588,0.11134623363684071,bob,bob,bob,2,1,1,0,0,10.633774937978732,8.842520240534146,6.445558004134565,25.921853182647443
Bright_Near_20260114_210200_T2,1736900005.88,147,Bright,Near,4,4,1280,720,22.171824992351777,2,0,diana,1,1,0.82402685076603,109.26121297122134,257.37795336193363,218.81274341908917,423.8332487331464,18235.432359068247,diana,0.9073378027890857,bob,0.757945613547239,0.14939218924184672,diana,diana,diana,2,1,1,0,0,13.051029722185923,8.773255321968753,8.56403043903799,30.388315483192667
Bright_Near_20260114_210200_T2,1736900005.88,147,Bright,Near,4,4,1280,720,22.171824992351777,2,1,chen,2,1,0.7683208175970923,446.9865143747913,154.47795446146353,535.5950282084283,339.3857368321489,16384.403792140016,chen,0.8216334908950577,bob,0.6649224853087676,0.15671100558629003,chen,chen,chen,2,1,1,0,0,13.051029722185923,8.773255321968753,8.56403043903799,30.388315483192667
Bright_Near_20260114_210200_T2,1736900005.88,147,Bright,Near,4,4,1280,720,22.171824992351777,2,2,alice,3,1,0.8990380901808207,766.787750424345,171.51035903973403,849.2962825121815,319.03455948638873,12172.005226285242,alice,0.7954774385674974,chen,0.6158907886769857,0.17958664989051176,alice,alice,alice,2,1,1,0,0,13.051029722185923,8.773255321968753,8.56403043903799,30.388315483192667
Bright_Near_20260114_210200_T2,1736900005.88,147,Bright,Near,4,4,1280,720,22.171824992351777,2,3,bob,4,1,0.8796838343424986,1082.643431026198,240.1232447528578,1182.8501004061845,392.9139075579328,15310.643432057164,bob,0.8196687938633833,diana,0.6802174173662255,0.13945137649715778,bob,bob,bob,1,1,1,0,0,13.051029722185923,8.773255321968753,8.56403043903799,30.388315483192667
Bright_Near_20260114_210200_T2,1736900005.92,148,Bright,Near,4,4,1280,720,28.187093245791235,0,0,diana,1,1,0.7365823568704466,139.48093423444294,217.58135357524273,242.12321060080643,415.2013102578918,20284.162209329246,diana,0.8388505639614173,bob,0.7238571280074597,0.11499343595395761,diana,diana,diana,3,1,1,0,0,11.792888287305445,11.392358754285256,5.548039171244946,28.733286212835647
Bright_Near_20260114_210200_T2,1736900005.92,148,Bright,Near,4,4,1280,720,28.187093245791235,0,1,chen,2,1,0.7078485134484419,404.6590638969977,297.32557357508836,528.8771135604188,440.46801615977313,17780.875041927782,chen,0.8445773245772282,alice,0.7341263853620305,0.11045093921519777,chen,chen,chen,2,1,1,0,0,11.792888287305445,11.392358754285256,5.548039171244946,28.733286212835647
Bright_Near_20260114_210200_T2,1736900005.92,148,Bright,Near,4,4,1280,720,28.187093245791235,0,2,alice,3,1,0.8008697331734593,738.1067851363454,243.57869890864146,850.0186876136121,453.8383372591389,23530.55614198624,alice,0.8312243329760756,diana,0.7539669650049394,0.07725736797113614,alice,alice,alice,1,1,1,0,0,11.792888287305445,11.392358754285256,5.548039171244946,28.733286212835647
Bright_Near_20260114_210200_T2,1736900005.92,148,Bright,Near,4,4,1280,720,28.187093245791235,0,3,bob,4,1,0.8857054774104937,1038.9014920005973,265.90459802793225,1153.8367661950185,453.5194766106671,21563.56751285968,bob,0.8249571414238654,diana,0.7259185473221597,0.09903859410170579,bob,bob,bob,2,1,1,0,0,11.792888287305445,11.392358754285256,5.548039171244946,28.733286212835647
Bright_Near_20260114_210200_T2,1736900005.96,149,Bright,Near,4,4,1280,720,26.127317942666398,1,0,diana,1,1,0.7000136803133303,153.9224847968274,226.67409867163053,243.62881365747944,381.9255079452013,13927.03397637462,diana,0.7792896147554002,chen,0.61752216122545,0.16176745352995014,diana,diana,diana,1,1,1,0,0,13.39383258158748,12.094173278279522,11.654633905592013,37.142639765459016
Bright_Near_20260114_210200_T2,1736900005.96,149,Bright,Near,4,4,1280,720,26.127317942666398,1,1,chen,2,1,0.7054991505825252,448.1965713391308,158.1850599821177,533.4388786938675,366.4159126160576,17750.078340961198,chen,0.825361462262415,bob,0.7196939110606644,0.10566755120175064,chen,chen,chen,3,1,1,0,0,13.39383258158748,12.094173278279522,11.654633905592013,37.142639765459016
Bright_Near_20260114_210200_T2,1736900005.96,149,Bright,Near,4,4,1280,720,26.127317942666398,1,2,alice,3,1,0.7403332563709966,738.8953771432504,311.4468117037576,847.1754396764005,504.903393716433,20947.490797781986,alice,0.8141796271883439,chen,0.700231962345931,0.11394766484241292,alice,alice,alice,2,1,1,0,0,13.39383258158748,12.094173278279522,11.654633905592013,37.142639765459016
Bright_Near_20260114_210200_T2,1736900005.96,149,Bright,Near,4,4,1280,720,26.127317942666398,1,3,bob,4,1,0.7795200007265031,1061.5822917595215,216.84961803487838,1148.9159050721196,415.95366194572966,17388.475579884842,bob,0.7823087283157716,diana,0.6112907862445478,0.17101794207122378,bob,bob,bob,2,1,1,0,0,13.39383258158748,12.094173278279522,11.654633905592013,37.142639765459016
Bright_Near_20260114_210200_T2,1736900006.0,150,Bright,Near,4,4,1280,720,27.501838159351166,2,0,diana,1,1,0.8182969527478818,126.1147248130299,242.95312163577125,245.19129986262254,433.97272676733917,22745.9603463927,diana,0.8912179717401908,chen,0.778868350569274,0.11234962117091685,diana,diana,diana,2,1,1,0,0,13.065518810720858,9.780230741138801,3.826618636247405,26.672368188107065
Bright_Near_20260114_210200_T2,1736900006.0,150,Bright,Near,4,4,1280,720,27.501838159351166,2,1,chen,2,1,0.6633237592845544,413.5143063976751,185.80388713666957,499.51715662708443,383.89282761918173,17036.21348041987,chen,0.8978672572673818,alice,0.7582321709673485,0.1396350863000333,chen,chen,chen,2,1,1,0,0,13.065518810720858,9.780230741138801,3.826618636247405,26.672368188107065
Bright_Near_20260114_210200_T2,1736900006.0,150,Bright,Near,4,4,1280,720,27.501838159351166,2,2,alice,3,1,0.851139701957058,762.9840766291691,206.10745893789039,843.8438065339649,349.1313632784218,11564.874274904725,alice,0.8672919121535234,chen,0.7604541609872427,0.10683775116628069,alice,alice,alice,3,1,1,0,0,13.065518810720858,9.780230741138801,3.826618636247405,26.672368188107065
Bright_Near_20260114_210200_T2,1736900006.0,150,Bright,Near,4,4,1280,720,27.501838159351166,2,3,bob,4,1,0.8560642641314573,1050.0278728443984,267.1484562293304,1164.7518232078435,421.6107353293409,17720.522840494203,alice,0.7674379836343288,bob,0.7223026281335426,0.04513535550078618,alice,alice,alice,2,0,0,1,0,13.065518810720858,9.780230741138801,3.826618636247405,26.672368188107065
Bright_Near_20260114_210200_T2,1736900006.04,151,Bright,Near,4,4,1280,720,28.886299689225996,0,0,diana,1,1,0.6757718362771823,115.84538481421893,168.99556347714378,210.10731261873653,344.3432224179142,16528.608367766075,diana,0.8292092244833605,alice,0.677228572005632,0.15198065247772852,diana,diana,diana,1,1,1,0,0,7.48236387068047,7.093400812821742,6.443721077583876,21.019485761086088
Bright_Near_20260114_210200_T2,1736900006.04,151,Bright,Near,4,4,1280,720,28.886299689225996,0,1,chen,2,1,0.7206187776319554,443.2935545685802,225.71867442044703,558.1967574387575,438.32653025040946,24429.323590223576,chen,0.8945404309678275,bob,0.7694655915193429,0.12507483944848463,chen,chen,chen,1,1,1,0,0,7.48236387068047,7.093400812821742,6.443721077583876,21.019485761086088
Bright_Near_20260114_210200_T2,1736900006.04,151,Bright,Near,4,4,1280,720,28.886299689225996,0,2,alice,-1,0,-1.0,-1.0,-1.0,-1.0,-1.0,0.0,unknown,-1.0,unknown,-1.0,-1.0,unknown,unknown,unknown,0,0,0,0,1,7.48236387068047,7.093400812821742,6.443721077583876,21.019485761086088
Bright_Near_20260114_210200_T2,1736900006.04,151,Bright,Near,4,4,1280,720,28.886299689225996,0,3,bob,4,1,0.892707474242159,1059.9886531486507,269.2167844026352,1145.7007092884835,435.0784302892605,14216.342703679502,bob,0.8715236577239726,chen,0.7127702602312947,0.1587533974926778,bob,bob,bob,2,1,1,0,0,7.48236387068047,7.093400812821742,6.443721077583876,21.019485761086088
Bright_Near_20260114_210200_T2,1736900006.08,152,Bright,Near,4,4,1280,720,24.84050196186713,3,0,diana,1,1,0.7883810808791214,146.95358996858096,326.67413353591286,228.24350480748325,493.5858936027126,13568.242761441443,diana,0.8678213952830487,alice,0.7736586498317246,0.09416274545132408,diana,diana,diana,1,1,1,0,0,12.939996845393335,10.23928250943649,5.792509705933968,28.971789060763793
Bright_Near_20260114_210200_T2,1736900006.08,152,Bright,Near,4,4,1280,720,24.84050196186713,3,1,chen,2,1,0.8538633078997299,449.50127660327735,187.9035985670736,563.2127056561771,397.89585924961943,23878.520052261352,chen,0.8554355909745238,bob,0.7687960094077178,0.08663958156680607,chen,chen,chen,2,1,1,0,0,12.939996845393335,10.23928250943649,5.792509705933968,28.971789060763793
Bright_Near_20260114_210200_T2,1736900006.08,152,Bright,Near,4,4,1280,720,24.84050196186713,3,2,alice,3,1,0.6463417146773802,754.2355729854087,234.48648202360752,850.8236689405735,442.44940211654546,20086.742481052963,alice,0.8623303365195775,diana,0.7599545619660971,0.10237577455348035,alice,alice,alice,2,1,1,0,0,12.939996845393335,10.23928250943649,5.792509705933968,28.971789060763793
Bright_Near_20260114_210200_T2,1736900006.08,152,Bright,Near,4,4,1280,720,24.84050196186713,3,3,bob,4,1,0.9080287748886083,1060.463137198671,259.650962369503,1145.0940581380257,459.23584706905905,16891.052597698377,bob,0.9372426914091353,alice,0.7656245674691352,0.1716181239400001,bob,bob,bob,2,1,1,0,0,12.939996845393335,10.23928250943649,5.792509705933968,28.971789060763793
Bright_Near_20260114_210200_T2,1736900006.12,153,Bright,Near,4,4,1280,720,26.204347553258312,0,0,diana,1,1,0.9427757149917618,97.44599401353159,228.13508459047483,215.10554658390916,406.2315907299216,20954.75522671481,diana,0.8774684471792555,bob,0.7959174906843263,0.08155095649492927,diana,diana,diana,1,1,1,0,0,11.222367775631325,8.51675082676754,9.114985804877415,28.85410440727628
Bright_Near_20260114_210200_T2,1736900006.12,153,Bright,Near,4,4,1280,720,26.204347553258312,0,1,chen,2,1,0.7349702770894576,403.71708703322463,219.15478748868068,528.6879489936307,378.25317979226566,19882.66322269385,chen,0.7899107052884836,bob,0.7278946372445216,0.06201606804396198,chen,chen,chen,2,1,1,0,0,11.222367775631325,8.51675082676754,9.114985804877415,28.85410440727628
Bright_Near_20260114_210200_T2,1736900006.12,153,Bright,Near,4,4,1280,720,26.204347553258312,0,2,alice,3,1,0.9849404644734578,779.2249137071817,256.95414109214687,894.4716079882012,413.44472301303335,18035.022252495237,alice,0.865284078060336,bob,0.7133513809447591,0.1519326971155769,alice,alice,alice,2,1,1,0,0,11.222367775631325,8.51675082676754,9.114985804877415,28.85410440727628
Bright_Near_20260114_210200_T2,1736900006.12,153,Bright,Near,4,4,1280,720,26.204347553258312,0,3,bob,4,1,0.8032848910741256,1054.5485484597061,248.29922102204625,1164.1138951584603,390.3186739302082,15560.410595850157,bob,0.8892687266080607,chen,0.7202412069348743,0.1690275196731864,bob,bob,bob,2,1,1,0,0,11.222367775631325,8.51675082676754,9.114985804877415,28.85410440727628
Bright_Near_20260114_210200_T2,1736900006.16,154,Bright,Near,4,4,1280,720,25.998097882904904,2,0,diana,-1,0,-1.0,-1.0,-1.0,-1.0,-1.0,0.0,unknown,-1.0,unknown,-1.0,-1.0,unknown,unknown,unknown,0,0,0,0,1,9.284252206857065,6.524108220856888,9.892871942672699,25.701232370386652
Bright_Near_20260114_210200_T2,1736900006.16,154,Bright,Near,4,4,1280,720,25.998097882904904,2,1,chen,2,1,0.7092131327651388,434.5506472312861,190.4865424808196,523.3102415238898,341.47607247616475,13401.769424817745,chen,0.8149588152319088,diana,0.6414956798176619,0.17346313541424696,chen,chen,chen,2,1,1,0,0,9.284252206857065,6.524108220856888,9.892871942672699,25.701232370386652
Bright_Near_20260114_210200_T2,1736900006.16,154,Bright,Near,4,4,1280,720,25.998097882904904,2,2,alice,3,1,0.6791074001667384,729.8400469495527,268.73513094168345,849.6719643745478,445.8062403131969,21218.770556559462,alice,0.8721466625349119,diana,0.732863425439531,0.13928323709538093,alice,alice,alice,3,1,1,0,0,9.284252206857065,6.524108220856888,9.892871942672699,25.701232370386652
Bright_Near_20260114_210200_T2,1736900006.16,154,Bright,Near,4,4,1280,720,25.998097882904904,2,3,bob,4,1,0.7342661360057258,1054.9802553323354,189.96722776237448,1142.6702961140938,381.5179541600337,16797.09100958618,bob,0.8937019177635412,diana,0.8295884300345431,0.06411348772899816,bob,bob,bob,2,1,1,0,0,9.284252206857065,6.524108220856888,9.892871942672699,25.701232370386652
Bright_Near_20260114_210200_T2,1736900006.2,155,Bright,Near,4,4,1280,720,23.553886140073885,1,0,diana,-1,0,-1.0,-1.0,-1.0,-1.0,-1.0,0.0,unknown,-1.0,unknown,-1.0,-1.0,unknown,unknown,unknown,0,0,0,0,1,8.592066064739655,4.969567777326951,7.063394283986177,20.625028126052783
Bright_Near_20260114_210200_T2,1736900006.2,155,Bright,Near,4,4,1280,720,23.553886140073885,1,1,chen,2,1,0.7609012079295564,445.19915922186834,264.7982761359233,540.2999175751461,404.5689536099169,13292.297423328186,diana,0.7869910164364716,chen,0.7510341338733292,0.035956882563142445,diana,diana,diana,1,0,0,1,0,8.592066064739655,4.969567777326951,7.063394283986177,20.625028126052783
Bright_Near_20260114_210200_T2,1736900006.2,155,Bright,Near,4,4,1280,720,23.553886140073885,1,2,alice,3,1,0.7308851210813203,727.9467710767074,169.33712884336012,849.006398011114,374.3919195877014,24823.85646862278,alice,0.8145004863900501,bob,0.7410149672959649,0.07348551909408518,alice,alice,alice,1,1,1,0,0,8.592066064739655,4.969567777326951,7.063394283986177,20.625028126052783
Bright_Near_20260114_210200_T2,1736900006.2,155,Bright,Near,4,4,1280,720,23.553886140073885,1,3,bob,4,1,0.8391618553006753,1082.5187482043254,260.57891740695203,1186.2210314000415,393.38717343811396,13772.519377672721,bob,0.8185152227515575,alice,0.7267589495265364,0.09175627322502111,bob,bob,bob,2,1,1,0,0,8.592066064739655,4.969567777326951,7.063394283986177,20.625028126052783
Bright_Near_20260114_210200_T2,1736900006.24,156,Bright,Near,4,4,1280,720,23.081754620576156,1,0,diana,1,1,0.7247024044917874,110.08827848985123,190.54158576923837,211.33721326435165,343.91474928093305,15528.869428554362,diana,0.828942774947492,chen,0.6832161728796144,0.14572660206787758,diana,diana,diana,2,1,1,0,0,11.504628963678108,5.3510638635715155,4.830324573670732,21.686017400920356
Bright_Near_20260114_210200_T2,1736900006.24,156,Bright,Near,4,4,1280,720,23.081754620576156,1,1,chen,2,1,0.7246663312789632,417.787193835188,273.692998157445,536.6684520629364,473.3911637734218,23740.36919420059,chen,0.8966206028383885,alice,0.8219077707099331,0.07471283212845536,chen,chen,chen,2,1,1,0,0,11.504628963678108,5.3510638635715155,4.830324573670732,21.686017400920356
Bright_Near_20260114_210200_T2,1736900006.24,156,Bright,Near,4,4,1280,720,23.081754620576156,1,2,alice,3,1,0.749145007234381,748.0184548492983,244.5405220699664,874.2484663494441,399.51077712804806,19561.897078162172,alice,0.8932492834336414,bob,0.8124508938763579,0.08079838955728347,alice,alice,alice,3,1,1,0,0,11.504628963678108,5.3510638635715155,4.830324573670732,21.686017400920356
Bright_Near_20260114_210200_T2,1736900006.24,156,Bright,Near,4,4,1280,720,23.081754620576156,1,3,bob,4,1,0.8292372570760718,1065.4178292209258,273.6463566836651,1182.0209254915153,415.6273218566175,16555.42015065299,bob,0.7877109740923876,alice,0.7060732067193897,0.08163776737299788,bob,bob,bob,2,1,1,0,0,11.504628963678108,5.3510638635715155,4.830324573670732,21.686017400920356
Bright_Near_20260114_210200_T2,1736900006.28,157,Bright,Near,4,4,1280,720,22.71208876221216,1,0,diana,1,1,0.7461279231688256,115.56550704141496,206.88047043155413,243.32877576537044,374.98957610263096,21478.16884279762,diana,0.9195092221165917,chen,0.8221327350481106,0.09737648706848112,diana,diana,diana,1,1,1,0,0,13.23496402537727,10.103682112450112,4.067482524158628,27.40612866198601
Bright_Near_20260114_210200_T2,1736900006.28,157,Bright,Near,4,4,1280,720,22.71208876221216,1,1,chen,2,1,0.8194036038267974,431.2367174759787,238.05432728206773,525.9257799383195,382.9223159938676,13717.414031925293,chen,0.9510618819999852,bob,0.8468351699147675,0.10422671208521772,chen,chen,chen,2,1,1,0,0,13.23496402537727,10.103682112450112,4.067482524158628,27.40612866198601
Bright_Near_20260114_210200_T2,1736900006.28,157,Bright,Near,4,4,1280,720,22.71208876221216,1,2,alice,3,1,0.7930295904561253,760.4756139327659,192.32693849690278,847.9158117565343,383.2657751865761,16695.729652385235,alice,0.8003626212353812,bob,0.6686630376198757,0.1316995836155055,alice,alice,alice,2,1,1,0,0,13.23496402537727,10.103682112450112,4.067482524158628,27.40612866198601
Bright_Near_20260114_210200_T2,1736900006.28,157,Bright,Near,4,4,1280,720,22.71208876221216,1,3,bob,4,1,0.8116140279825338,1074.7480837345718,247.23026095756256,1157.5106905551868,447.27571673764794,16556.283402977933,bob,0.7823859307089218,diana,0.6346135901986942,0.14777234051022758,bob,bob,bob,2,1,1,0,0,13.23496402537727,10.103682112450112,4.067482524158628,27.40612866198601
Bright_Near_20260114_210200_T2,1736900006.32,158,Bright,Near,4,4,1280,720,24.278259146309388,2,0,diana,1,1,0.8735496619550903,142.80734902960714,228.9639574723954,241.46938297222422,413.76076069403547,18232.42847194058,diana,0.8501604221121678,alice,0.7736549232385177,0.0765054988736501,diana,diana,diana,1,1,1,0,0,9.04428059467476,7.7982384830403335,3.293405039130781,20.135924116845874
Bright_Near_20260114_210200_T2,1736900006.32,158,Bright,Near,4,4,1280,720,24.278259146309388,2,1,chen,2,1,0.7375284030636806,429.7162636381663,197.08852337506187,556.3562441049849,354.8361521994117,19977.156633002603,chen,0.9001548251186066,diana,0.7465190759677621,0.15363574915084444,chen,chen,chen,2,1,1,0,0,9.04428059467476,7.7982384830403335,3.293405039130781,20.135924116845874
Bright_Near_20260114_210200_T2,1736900006.32,158,Bright,Near,4,4,1280,720,24.278259146309388,2,2,alice,3,1,0.7705037532490455,738.2338848644564,179.55161134079805,858.6733836758164,357.37303476140033,21416.723114699966,alice,0.8804248214260938,chen,0.7620215545019953,0.11840326692409853,alice,alice,alice,1,1,1,0,0,9.04428059467476,7.7982384830403335,3.293405039130781,20.135924116845874
Bright_Near_20260114_210200_T2,1736900006.32,158,Bright,Near,4,4,1280,720,24.278259146309388,2,3,bob,4,1,0.8377034156855128,1071.273963170952,181.81894132905245,1180.215840896003,387.64109332723774,22422.651716093205,bob,0.9056021651528379,diana,0.8169772971194966,0.08862486803334124,bob,bob,bob,2,1,1,0,0,9.04428059467476,7.7982384830403335,3.293405039130781,20.135924116845874
Bright_Near_20260114_210200_T2,1736900006.36,159,Bright,Near,4,4,1280,720,25.53458905460026,2,0,diana,1,1,0.7723807672155891,128.2747239845238,248.41791592951867,235.7420054767294,448.27309441504167,21477.89272397869,diana,0.8976837181034308,alice,0.759652108851562,0.13803160925186886,diana,diana,diana,2,1,1,0,0,11.289635949733448,6.951314230966331,5.9696885806363165,24.210638761336096
Bright_Near_20260114_210200_T2,1736900006.36,159,Bright,Near,4,4,1280,720,25.53458905460026,2,1,chen,2,1,0.8358523612110336,425.8063200799502,264.2137075382364,542.7648052345029,412.74284464740816,17371.742877601588,chen,0.8366778333372893,bob,0.6667097847526138,0.1699680485846755,chen,chen,chen,1,1,1,0,0,11.289635949733448,6.951314230966331,5.9696885806363165,24.210638761336096
Bright_Near_20260114_210200_T2,1736900006.36,159,Bright,Near,4,4,1280,720,25.53458905460026,2,2,alice,3,1,0.7170454049568018,765.0218975314376,237.834559966246,861.1741286443375,380.924113249204,13758.37979710459,alice,0.8386329439297109,chen,0.6826244436697537,0.15600850025995716,alice,alice,alice,3,1,1,0,0,11.289635949733448,6.951314230966331,5.9696885806363165,24.210638761336096
Bright_Near_20260114_210200_T2,1736900006.36,159,Bright,Near,4,4,1280,720,25.53458905460026,2,3,bob,4,1,0.7982574871458521,1070.9075618461698,231.69365342533027,1190.4233101986192,387.650303039749,18639.275689208007,bob,0.863890547640565,chen,0.7239083631421076,0.13998218449845745,bob,bob,bob,2,1,1,0,0,11.289635949733448,6.951314230966331,5.9696885806363165,24.210638761336096
Bright_Near_20260114_210200_T2,1736900006.4,160,Bright,Near,4,4,1280,720,24.074255020386655,2,0,diana,1,1,0.7926376130362393,109.87675493881096,278.3232370300881,224.3967198008209,418.8940362953948,16098.16299248758,diana,0.9179520853645754,chen,0.843004612375471,0.07494747298910442,diana,diana,diana,2,1,1,0,0,18.126507030571673,8.41827275876954,13.707785813037411,40.252565602378624
Bright_Near_20260114_210200_T2,1736900006.4,160,Bright,Near,4,4,1280,720,24.074255020386655,2,1,chen,2,1,0.8766725038775496,441.7515524132126,218.46976430900918,530.8376575654687,406.0866827464147,16714.06052425696,chen,0.8122485513641334,diana,0.658562805956061,0.15368574540807245,chen,chen,chen,3,1,1,0,0,18.126507030571673,8.41827275876954,13.707785813037411,40.252565602378624
Bright_Near_20260114_210200_T2,1736900006.4,160,Bright,Near,4,4,1280,720,24.074255020386655,2,2,alice,3,1,0.7562183761578597,772.5029251666157,271.2378798011803,853.5983061093995,436.83754573741754,13429.367993096892,alice,0.8846553642836836,bob,0.7302952592965395,0.15436010498714414,alice,alice,alice,2,1,1,0,0,18.126507030571673,8.41827275876954,13.707785813037411,40.252565602378624
Bright_Near_20260114_210200_T2,1736900006.4,160,Bright,Near,4,4,1280,720,24.074255020386655,2,3,bob,4,1,0.8013237003930707,1092.5364312131076,226.18328796607142,1176.6540820231373,374.8162270238726,12502.653666532557,bob,0.8922810340934166,diana,0.8238830753999657,0.06839795869345089,bob,bob,bob,3,1,1,0,0,18.126507030571673,8.41827275876954,13.707785813037411,40.252565602378624
Bright_Near_20260114_210200_T2,1736900006.44,161,Bright,Near,4,4,1280,720,25.716107447497045,1,0,diana,1,1,0.8386931904317348,125.30615576302297,278.8950831557179,221.78172491480143,463.89044053173143,17847.532393287565,diana,0.8776563895682141,bob,0.7396402590348242,0.1380161305333899,diana,diana,diana,2,1,1,0,0,13.244328942794777,10.367445375333093,5.328038020976857,28.939812339104726
Bright_Near_20260114_210200_T2,1736900006.44,161,Bright,Near,4,4,1280,720,25.716107447497045,1,1,chen,2,1,0.7583641100931571,441.665575554654,186.8234756350775,537.912129567781,370.9112535871272,17717.814263818473,chen,0.8337050937995877,diana,0.6589466725023021,0.17475842129728558,chen,chen,chen,2,1,1,0,0,13.244328942794777,10.367445375333093,5.328038020976857,28.939812339104726
Bright_Near_20260114_210200_T2,1736900006.44,161,Bright,Near,4,4,1280,720,25.716107447497045,1,2,alice,3,1,0.8105596870480976,751.1054805724038,225.55583126891128,858.6104768280006,425.6819065702692,21514.55297591976,alice,0.8059799874660585,bob,0.7344191019778536,0.07156088548820483,alice,alice,alice,3,1,1,0,0,13.244328942794777,10.367445375333093,5.328038020976857,28.939812339104726
Bright_Near_20260114_210200_T2,1736900006.44,161,Bright,Near,4,4,1280,720,25.716107447497045,1,3,bob,4,1,0.8785872948606746,1067.224426562939,195.85473423319667,1162.501663987721,329.60597314276737,12743.44854544591,chen,0.6852098411274382,alice,0.6115132327021154,0.07369660842532277,unknown,unknown,unknown,0,0,0,0,0,13.244328942794777,10.367445375333093,5.328038020976857,28.939812339104726
Bright_Near_20260114_210200_T2,1736900006.48,162,Bright,Near,4,4,1280,720,26.51736404342308,1,0,diana,1,1,0.8173331998912798,108.73762850936998,166.34100289842962,225.14152429182053,353.3128310761102,21764.249201448976,diana,0.9272001977210461,chen,0.8550020273593675,0.07219817036167864,diana,diana,diana,3,1,1,0,0,19.236858439153174,17.911497670762717,10.54111386414117,47.68946997405706
Bright_Near_20260114_210200_T2,1736900006.48,162,Bright,Near,4,4,1280,720,26.51736404342308,1,1,chen,2,1,0.693921627788972,423.4494141868294,228.25511999938487,532.3630579510276,385.82938683658097,17161.987564711082,chen,0.8640807564413345,alice,0.7568897343454963,0.1071910220958382,chen,chen,chen,2,1,1,0,0,19.236858439153174,17.911497670762717,10.54111386414117,47.68946997405706
Bright_Near_20260114_210200_T2,1736900006.48,162,Bright,Near,4,4,1280,720,26.51736404342308,1,2,alice,3,1,0.8326075461337336,742.1485483435413,289.0401145232482,831.8243765714087,453.79349847742054,14774.396159434253,alice,0.7765819605790684,diana,0.6931724994050203,0.08340946117404802,alice,alice,alice,2,1,1,0,0,19.236858439153174,17.911497670762717,10.54111386414117,47.68946997405706
Bright_Near_20260114_210200_T2,1736900006.48,162,Bright,Near,4,4,1280,720,26.51736404342308,1,3,bob,4,1,0.6902727295055109,1065.0500353269072,220.32467755162466,1153.6359629793765,363.80687991081356,12710.50399760807,bob,0.9150951342542624,diana,0.7465822133844511,0.1685129208698113,bob,bob,bob,1,1,1,0,0,19.236858439153174,17.911497670762717,10.54111386414117,47.68946997405706
Bright_Near_20260114_210200_T2,1736900006.52,163,Bright,Near,4,4,1280,720,25.33293150342422,0,0,diana,1,1,0.7120340299431479,110.8654286405926,199.048864081222,223.81717663121577,372.567498963314,19599.23311887901,diana,0.9213844881314751,chen,0.8444908256246384,0.07689366250683671,diana,diana,diana,3,1,1,0,0,10.142006845676343,7.772596691591218,10.77661328082246,28.691216818090023
Bright_Near_20260114_210200_T2,1736900006.52,163,Bright,Near,4,4,1280,720,25.33293150342422,0,1,chen,2,1,0.8951834117810139,432.2472493559008,235.30566695467277,542.6492940302888,427.70295337704056,21241.05381083328,chen,0.8125578942818802,alice,0.7352239589083306,0.0773339353735496,chen,chen,chen,2,1,1,0,0,10.142006845676343,7.772596691591218,10.77661328082246,28.691216818090023
Bright_Near_20260114_210200_T2,1736900006.52,163,Bright,Near,4,4,1280,720,25.33293150342422,0,2,alice,3,1,0.7903273329130573,715.8590452191025,199.02634234354372,842.8598124921429,400.78094183432967,25622.988936194764,alice,0.924206451110848,chen,0.7925149497217627,0.13169150138908525,alice,alice,alice,2,1,1,0,0,10.142006845676343,7.772596691591218,10.77661328082246,28.691216818090023
Bright_Near_20260114_210200_T2,1736900006.52,163,Bright,Near,4,4,1280,720,25.33293150342422,0,3,bob,4,1,0.7297639380038202,1060.3851274846031,283.9109056115183,1173.5678062544741,444.7429932639768,18203.406512655954,bob,0.808754440399261,diana,0.6702730211363794,0.1384814192628816,bob,bob,bob,2,1,1,0,0,10.142006845676343,7.772596691591218,10.77661328082246,28.691216818090023
Bright_Near_20260114_210200_T2,1736900006.56,164,Bright,Near,4,4,1280,720,25.57668587408585,2,0,diana,1,1,0.8648026739572872,105.39211685508985,306.6804280606083,216.94138566316218,458.136388446204,16894.801637637574,diana,0.88735493840381,chen,0.7733181140255885,0.11403682437822149,diana,diana,diana,1,1,1,0,0,8.168129046191009,7.845720511647409,6.923004372719875,22.936853930558293
Bright_Near_20260114_210200_T2,1736900006.56,164,Bright,Near,4,4,1280,720,25.57668587408585,2,1,chen,2,1,0.6356683182995975,422.4438463892714,278.350626852092,521.4754241151669,436.31290545432705,15643.253671156801,chen,0.8503152981809372,diana,0.7354859094548475,0.11482938872608972,chen,chen,chen,3,1,1,0,0,8.168129046191009,7.845720511647409,6.923004372719875,22.936853930558293
Bright_Near_20260114_210200_T2,1736900006.56,164,Bright,Near,4,4,1280,720,25.57668587408585,2,2,alice,3,1,0.8384402950017109,780.1663586554713,254.79557841201586,880.7881109337776,433.40800281700126,17972.295122306154,alice,0.8801604893811074,bob,0.8167262891222061,0.06343420025890123,alice,alice,alice,1,1,1,0,0,8.168129046191009,7.845720511647409,6.923004372719875,22.936853930558293
Bright_Near_20260114_210200_T2,1736900006.56,164,Bright,Near,4,4,1280,720,25.57668587408585,2,3,bob,4,1,0.8215680253163152,1085.283933597126,275.50789463780336,1169.5826655525996,440.36576150487963,13897.309129778816,bob,0.8915697744144169,alice,0.7577569801451753,0.13381279426924153,bob,bob,bob,2,1,1,0,0,8.168129046191009,7.845720511647409,6.923004372719875,22.936853930558293
Bright_Near_20260114_210200_T2,1736900006.6,165,Bright,Near,4,4,1280,720,23.59064612338743,0,0,diana,1,1,0.6297969507691691,96.18333594815707,259.46941755476405,192.15375033241153,424.5448146025135,15842.354259317852,diana,0.8956600869000327,alice,0.8261182222875125,0.06954186461252021,diana,diana,diana,1,1,1,0,0,10.018473271462025,7.272525924592652,3.052378721698937,20.343377917753614
Bright_Near_20260114_210200_T2,1736900006.6,165,Bright,Near,4,4,1280,720,23.59064612338743,0,1,chen,2,1,0.7472459031732277,436.55491805462793,231.74840020810524,527.1479760992612,389.8491929447469,14322.834293293112,chen,0.8969848881707718,alice,0.7798100807636439,0.11717480740712793,chen,chen,chen,2,1,1,0,0,10.018473271462025,7.272525924592652,3.052378721698937,20.343377917753614
Bright_Near_20260114_210200_T2,1736900006.6,165,Bright,Near,4,4,1280,720,23.59064612338743,0,2,alice,3,1,0.6606433717042477,757.8557671642958,234.72721037681185,844.1657340718149,381.4888926953539,12666.995944205193,alice,0.972216002835611,diana,0.8896859265082631,0.08253007632734799,alice,alice,alice,2,1,1,0,0,10.018473271462025,7.272525924592652,3.052378721698937,20.343377917753614
Bright_Near_20260114_210200_T2,1736900006.6,165,Bright,Near,4,4,1280,720,23.59064612338743,0,3,bob,4,1,0.8685374258857506,1073.9031452642344,257.10544821608113,1178.0414947104327,423.1623210709203,17292.88865330018,diana,0.7148336727233925,chen,0.6511601747138008,0.06367349800959166,unknown,unknown,unknown,0,0,0,0,0,10.018473271462025,7.272525924592652,3.052378721698937,20.343377917753614
Bright_Near_20260114_210200_T2,1736900006.64,166,Bright,Near,4,4,1280,720,23.025657039959693,1,0,diana,1,1,0.8257821705700941,99.55771446262254,297.4712882827448,209.45573178428043,474.4121004933254,19445.4444452266,diana,0.9359997115469212,alice,0.8381090424189552,0.09789066912796596,diana,diana,diana,2,1,1,0,0,15.650372596477329,11.930492851749454,2.303424002823723,29.884289451050506
Bright_Near_20260114_210200_T2,1736900006.64,166,Bright,Near,4,4,1280,720,23.025657039959693,1,1,chen,2,1,0.7494310545900128,408.62707790696714,195.24768977877034,526.3910484964766,379.6923764794292,21720.93866000768,chen,0.8382641054936487,bob,0.7743068622156496,0.06395724327799912,chen,chen,chen,1,1,1,0,0,15.650372596477329,11.930492851749454,2.303424002823723,29.884289451050506
Bright_Near_20260114_210200_T2,1736900006.64,166,Bright,Near,4,4,1280,720,23.025657039959693,1,2,alice,3,1,0.7614776208237123,761.8488637842612,225.81715428761493,866.6292351018514,424.4755668403228,20815.502232635747,alice,0.8698755595580591,diana,0.7206211719170873,0.14925438764097176,alice,alice,alice,3,1,1,0,0,15.650372596477329,11.930492851749454,2.303424002823723,29.884289451050506
Bright_Near_20260114_210200_T2,1736900006.64,166,Bright,Near,4,4,1280,720,23.025657039959693,1,3,bob,4,1,0.717535259029767,1078.2972211950212,334.58461575194076,1191.3023198057983,518.983182511348,20837.978220332792,bob,0.8654388001319385,alice,0.7080122479990741,0.15742655213286438,bob,bob,bob,3,1,1,0,0,15.650372596477329,11.930492851749454,2.303424002823723,29.884289451050506
Bright_Near_20260114_210200_T2,1736900006.68,167,Bright,Near,4,4,1280,720,22.794798035252125,0,0,diana,1,1,0.7401400371439721,139.86745084269583,286.47471324423384,225.4866009598713,498.03790573168897,18113.86073685231,diana,0.9344390244953195,alice,0.7713332364758576,0.16310578801946185,diana,diana,diana,2,1,1,0,0,14.25591660091716,7.122760915416497,5.653863198233085,27.032540714566743
Bright_Near_20260114_210200_T2,1736900006.68,167,Bright,Near,4,4,1280,720,22.794798035252125,0,1,chen,2,1,0.7676919451034736,431.5127614703372,280.92573612018856,522.5138642426397,454.30368962321046,15777.584965179978,chen,0.9202485928704672,bob,0.7679888994240764,0.1522596934463908,chen,chen,chen,2,1,1,0,0,14.25591660091716,7.122760915416497,5.653863198233085,27.032540714566743
Bright_Near_20260114_210200_T2,1736900006.68,167,Bright,Near,4,4,1280,720,22.794798035252125,0,2,alice,3,1,0.8847269965018392,746.1761028781244,250.01198585082156,871.5275560273011,407.7975015837093,19778.643683009755,alice,0.7525802905794241,diana,0.6454930488868122,0.10708724169261186,alice,alice,alice,2,1,1,0,0,14.25591660091716,7.122760915416497,5.653863198233085,27.032540714566743
Bright_Near_20260114_210200_T2,1736900006.68,167,Bright,Near,4,4,1280,720,22.794798035252125,0,3,bob,4,1,0.8003345811970674,1070.0602360004793,241.79004204740022,1174.1216130747064,389.4830228713141,15369.134968733888,bob,0.8625607251427581,chen,0.7803626350611531,0.08219809008160495,bob,bob,bob,2,1,1,0,0,14.25591660091716,7.122760915416497,5.653863198233085,27.032540714566743
Bright_Near_20260114_210200_T2,1736900006.72,168,Bright,Near,4,4,1280,720,23.73176966451954,4,0,diana,1,1,0.7959952453191994,122.26415697865943,259.84794769026234,207.51470906094633,442.2222725558645,15547.511880426928,diana,0.8315797388286162,alice,0.7158134019310595,0.11576633689755678,diana,diana,diana,1,1,1,0,0,11.486019676782814,6.837011670773863,2.8502309847892837,21.17326233234596
Bright_Near_20260114_210200_T2,1736900006.72,168,Bright,Near,4,4,1280,720,23.73176966451954,4,1,chen,2,1,0.7391560567642813,425.22219884753844,249.60282909607358,549.3494768028836,436.98910679857886,23259.74857739637,chen,0.957766696378111,diana,0.8282689705241691,0.12949772585394181,chen,chen,chen,1,1,1,0,0,11.486019676782814,6.837011670773863,2.8502309847892837,21.17326233234596
Bright_Near_20260114_210200_T2,1736900006.72,168,Bright,Near,4,4,1280,720,23.73176966451954,4,2,alice,3,1,0.7947804132479447,761.9397145595048,269.99870117073624,873.3366712071398,405.6144019281753,15107.176338015091,alice,0.8572952894515794,diana,0.7630695237212981,0.0942257657302813,alice,alice,alice,2,1,1,0,0,11.486019676782814,6.837011670773863,2.8502309847892837,21.17326233234596
Bright_Near_20260114_210200_T2,1736900006.72,168,Bright,Near,4,4,1280,720,23.73176966451954,4,3,bob,4,1,0.8853722844575654,1065.4816830090729,185.0746332105067,1179.7462127444558,375.5160923288379,21760.70376827626,bob,0.8534755165895628,alice,0.7052163057148868,0.14825921087467597,bob,bob,bob,1,1,1,0,0,11.486019676782814,6.837011670773863,2.8502309847892837,21.17326233234596
Bright_Near_20260114_210200_T2,1736900006.76,169,Bright,Near,4,4,1280,720,24.71967767051868,3,0,diana,1,1,0.7411027934607807,117.90431539175168,265.96811471652313,214.73875245869763,480.62489117352743,20786.168110819268,diana,0.8971089473979292,chen,0.8183751228023037,0.0787338245956255,diana,diana,diana,2,1,1,0,0,11.381897574681025,8.201918435026696,4.509229734835749,24.09304574454347
Bright_Near_20260114_210200_T2,1736900006.76,169,Bright,Near,4,4,1280,720,24.71967767051868,3,1,chen,2,1,0.798703606374533,400.08840319004554,236.2563285843351,491.7970466503204,410.23823998426354,15955.645081113167,chen,0.9342386221108823,alice,0.8706123193400483,0.06362630277083392,chen,chen,chen,2,1,1,0,0,11.381897574681025,8.201918435026696,4.509229734835749,24.09304574454347
Bright_Near_20260114_210200_T2,1736900006.76,169,Bright,Near,4,4,1280,720,24.71967767051868,3,2,alice,3,1,0.8490235878944582,712.484219110486,257.08262120528985,837.482540509149,407.3748280899452,18786.27357988249,alice,0.8315279752581953,diana,0.6941352535985172,0.13739272165967809,alice,alice,alice,3,1,1,0,0,11.381897574681025,8.201918435026696,4.509229734835749,24.09304574454347
Bright_Near_20260114_210200_T2,1736900006.76,169,Bright,Near,4,4,1280,720,24.71967767051868,3,3,bob,4,1,0.7221068260343869,1074.001855939671,220.29324997602887,1193.0619094341148,410.96881840652804,22701.843377418703,bob,0.9185136332302919,chen,0.8473589469544036,0.07115468627588828,bob,bob,bob,1,1,1,0,0,11.381897574681025,8.201918435026696,4.509229734835749,24.09304574454347
Bright_Near_20260114_210200_T2,1736900006.8,170,Bright,Near,4,4,1280,720,25.449348737197315,1,0,diana,1,1,0.7924495419479313,105.69377623499722,190.74338090384688,219.10575476311843,339.3582751413817,16854.7091942263,diana,0.8048334026944439,alice,0.7177731950191977,0.08706020767524625,diana,diana,diana,1,1,1,0,0,9.082972002693156,9.17953756589614,7.605987869138062,25.86849743772736
Bright_Near_20260114_210200_T2,1736900006.8,170,Bright,Near,4,4,1280,720,25.449348737197315,1,1,chen,2,1,0.8405147006034482,427.4854917710364,151.9699072840906,509.3625838032128,345.73872414175315,15865.22725082077,chen,0.7313297584636533,bob,0.5817634466558639,0.14956631180778945,chen,chen,chen,2,1,1,0,0,9.082972002693156,9.17953756589614,7.605987869138062,25.86849743772736
Bright_Near_20260114_210200_T2,1736900006.8,170,Bright,Near,4,4,1280,720,25.449348737197315,1,2,alice,3,1,0.8327479769472992,749.6499092785327,199.92478600150127,867.8698170076634,361.0319414252516,19046.07304869848,alice,0.8301036100306552,bob,0.8196832740593465,0.010420335971308758,unknown,unknown,unknown,0,0,0,0,0,9.082972002693156,9.17953756589614,7.605987869138062,25.86849743772736
Bright_Near_20260114_210200_T2,1736900006.8,170,Bright,Near,4,4,1280,720,25.449348737197315,1,3,bob,4,1,0.8500716707175089,1114.7104884083994,284.25862663174644,1204.0627379818827,456.10188927752256,15354.582091447024,bob,0.9692819896975791,alice,0.9045543954543985,0.06472759424318053,bob,bob,bob,2,1,1,0,0,9.082972002693156,9.17953756589614,7.605987869138062,25.86849743772736
Bright_Near_20260114_210200_T2,1736900006.84,171,Bright,Near,4,4,1280,720,30.19742863000523,1,0,diana,1,1,0.8012892182891153,88.97122233958993,262.2825842177359,214.93253037255306,461.8279755733266,25134.99850709974,diana,0.9263957631882643,bob,0.8121591120450887,0.1142366511431756,diana,diana,diana,2,1,1,0,0,13.463970510605614,6.061565476608977,6.24651490373751,25.7720508909521
Bright_Near_20260114_210200_T2,1736900006.84,171,Bright,Near,4,4,1280,720,30.19742863000523,1,1,chen,2,1,0.8346159424419471,431.58534293833077,263.3736939808838,539.3292473403143,438.87683911449597,18909.394091523347,chen,0.8445033426373995,diana,0.7141503511093987,0.13035299152800073,chen,chen,chen,2,1,1,0,0,13.463970510605614,6.061565476608977,6.24651490373751,25.7720508909521
Bright_Near_20260114_210200_T2,1736900006.84,171,Bright,Near,4,4,1280,720,30.19742863000523,1,2,alice,3,1,0.6573497429981541,749.273960008928,241.58302310692324,867.2931629159766,442.27464945148307,23685.46577130418,alice,0.8573416128108718,chen,0.7553827512801314,0.10195886153074041,alice,alice,alice,2,1,1,0,0,13.463970510605614,6.061565476608977,6.24651490373751,25.7720508909521
Bright_Near_20260114_210200_T2,1736900006.84,171,Bright,Near,4,4,1280,720,30.19742863000523,1,3,bob,4,1,0.8232517597251113,1104.5849187019862,201.12466544427338,1186.759478914215,367.1795849563844,13645.48998198476,bob,0.8465594412925835,chen,0.6816918316951558,0.16486760959742774,bob,bob,bob,2,1,1,0,0,13.463970510605614,6.061565476608977,6.24651490373751,25.7720508909521
Bright_Near_20260114_210200_T2,1736900006.88,172,Bright,Near,4,4,1280,720,24.805920187861673,2,0,diana,1,1,0.89791333406463,82.61143244271383,261.4436752443184,207.61111119987626,441.94121103056415,22562.13398974015,diana,0.85418279327377,alice,0.7243500725488763,0.1298327207248937,diana,diana,diana,1,1,1,0,0,12.734249356437822,11.57431452335079,6.1878395801543995,30.49640345994301
Bright_Near_20260114_210200_T2,1736900006.88,172,Bright,Near,4,4,1280,720,24.805920187861673,2,1,chen,2,1,0.7876447611047516,412.56184779484727,256.33977713423246,523.5678740012527,419.41812334413373,18102.679173073553,chen,0.8462073185628611,bob,0.7385774330503884,0.10762988551247277,chen,chen,chen,3,1,1,0,0,12.734249356437822,11.57431452335079,6.1878395801543995,30.49640345994301
Bright_Near_20260114_210200_T2,1736900006.88,172,Bright,Near,4,4,1280,720,24.805920187861673,2,2,alice,3,1,0.8197241825766793,732.1823498437136,227.99078923528884,820.5148253064453,411.208234423298,16184.050481414215,alice,0.8713610611470944,diana,0.6914461840913764,0.17991487705571807,alice,alice,alice,2,1,1,0,0,12.734249356437822,11.57431452335079,6.1878395801543995,30.49640345994301
Bright_Near_20260114_210200_T2,1736900006.88,172,Bright,Near,4,4,1280,720,24.805920187861673,2,3,bob,4,1,0.7688378921533848,1084.00650115383,175.6409093259719,1166.1126832290297,384.2038653794261,17124.30804386679,bob,0.9573367572816832,alice,0.8613344783360993,0.09600227894558389,bob,bob,bob,2,1,1,0,0,12.734249356437822,11.57431452335079,6.1878395801543995,30.49640345994301
Bright_Near_20260114_210200_T2,1736900006.92,173,Bright,Near,4,4,1280,720,27.609993776925727,3,0,diana,1,1,0.6968599446117811,109.8691788246845,229.973354840982,200.2355881345858,374.12697741740806,13026.645261246347,diana,0.8905604087991663,bob,0.7307589132298007,0.15980149556936563,diana,diana,diana,1,1,1,0,0,12.11844123247118,7.365099861499282,6.4079641242154635,25.891505218185927
Bright_Near_20260114_210200_T2,1736900006.92,173,Bright,Near,4,4,1280,720,27.609993776925727,3,1,chen,2,1,0.8443446208894163,409.9105510245609,231.56479410001498,525.4227978165352,412.6558639006431,20918.2363466328,chen,0.860227828606271,bob,0.7784037309750524,0.08182409763121856,chen,chen,chen,2,1,1,0,0,12.11844123247118,7.365099861499282,6.4079641242154635,25.891505218185927
Bright_Near_20260114_210200_T2,1736900006.92,173,Bright,Near,4,4,1280,720,27.609993776925727,3,2,alice,3,1,0.7541250075578579,745.0335644264659,261.7948403953799,854.332081625042,469.71386350738885,22725.240923519046,diana,0.6951070804546513,alice,0.6835174262281384,0.011589654226512924,unknown,unknown,unknown,0,0,0,0,0,12.11844123247118,7.365099861499282,6.4079641242154635,25.891505218185927
Bright_Near_20260114_210200_T2,1736900006.92,173,Bright,Near,4,4,1280,720,27.609993776925727,3,3,bob,4,1,0.7823505929082791,1059.531119292618,264.3556851288317,1171.0336327562466,437.81648827051805,19341.31553771769,bob,0.9329284314608944,chen,0.8515694026769755,0.08135902878391899,bob,bob,bob,1,1,1,0,0,12.11844123247118,7.365099861499282,6.4079641242154635,25.891505218185927
Bright_Near_20260114_210200_T2,1736900006.96,174,Bright,Near,4,4,1280,720,24.220279816983055,0,0,diana,1,1,0.8380535597978164,145.80146039812684,308.35551989036236,236.07961240182988,505.10870718038547,17762.51414938176,diana,0.8759963421201199,chen,0.7910335738111309,0.08496276830898897,diana,diana,diana,3,1,1,0,0,11.562539987486902,9.769997305143063,3.7942362096490996,25.126773502279065
Bright_Near_20260114_210200_T2,1736900006.96,174,Bright,Near,4,4,1280,720,24.220279816983055,0,1,chen,2,1,0.7749689677668401,441.83659026285505,255.8452256898714,522.9854251310244,446.08191615290696,15437.485780251916,chen,0.8551577993995799,diana,0.7417390522089328,0.11341874719064715,chen,chen,chen,2,1,1,0,0,11.562539987486902,9.769997305143063,3.7942362096490996,25.126773502279065
Bright_Near_20260114_210200_T2,1736900006.96,174,Bright,Near,4,4,1280,720,24.220279816983055,0,2,alice,3,1,0.8625063186722672,763.0613267585662,217.31911810822345,849.1148278284765,410.4728248938472,16621.552713533798,alice,0.9217660160936985,chen,0.854503993629033,0.0672620224646655,alice,alice,alice,1,1,1,0,0,11.562539987486902,9.769997305143063,3.7942362096490996,25.126773502279065
Bright_Near_20260114_210200_T2,1736900006.96,174,Bright,Near,4,4,1280,720,24.220279816983055,0,3,bob,4,1,0.8558115038923625,1059.0932750167945,244.76325978257714,1157.9801927291028,419.39171315408134,17268.46949877561,bob,0.8043044555867979,alice,0.7305890826429426,0.07371537294385522,bob,bob,bob,3,1,1,0,0,11.562539987486902,9.769997305143063,3.7942362096490996,25.126773502279065
Bright_Near_20260114_210200_T2,1736900007.0,175,Bright,Near,4,4,1280,720,24.191628535798607,1,0,diana,1,1,0.8743103372238443,108.29265324369004,211.46311854086952,204.65813492148135,413.00404956453514,19421.588895886052,diana,0.7731889917105846,chen,0.606455415621403,0.1667335760891816,diana,diana,diana,1,1,1,0,0,8.360221960129012,7.411237010732448,6.066979582766688,21.838438553628148
Bright_Near_20260114_210200_T2,1736900007.0,175,Bright,Near,4,4,1280,720,24.191628535798607,1,1,chen,2,1,0.8689854236077137,419.2837499443518,298.7721090791001,541.0523555804959,446.7881989988025,18023.712881236286,chen,0.8625741731666102,alice,0.7368716518876014,0.12570252127900883,chen,chen,chen,2,1,1,0,0,8.360221960129012,7.411237010732448,6.066979582766688,21.838438553628148
Bright_Near_20260114_210200_T2,1736900007.0,175,Bright,Near,4,4,1280,720,24.191628535798607,1,2,alice,3,1,0.7352322772818851,754.8925448204654,260.5597664028102,871.9552046336239,461.05624459213067,23470.651020012763,alice,0.8479333774269889,chen,0.710089837377802,0.13784354004918697,alice,alice,alice,2,1,1,0,0,8.360221960129012,7.411237010732448,6.066979582766688,21.838438553628148
Bright_Near_20260114_210200_T2,1736900007.0,175,Bright,Near,4,4,1280,720,24.191628535798607,1,3,bob,4,1,0.6718488309241676,1091.0239786567681,202.6816363629215,1172.4034454206962,385.53184774060503,14880.252699587429,bob,0.8406215617704149,diana,0.6870886744920519,0.153532887278363,bob,bob,bob,3,1,1,0,0,8.360221960129012,7.411237010732448,6.066979582766688,21.838438553628148
Bright_Near_20260114_210200_T2,1736900007.04,176,Bright,Near,4,4,1280,720,24.050301441803313,2,0,diana,1,1,0.8732266534441632,92.56116651558362,248.20484414239604,199.42066225617486,394.6506916764487,15649.129420792371,diana,0.8892872388987226,chen,0.7709820856336383,0.11830515326508428,diana,diana,diana,2,1,1,0,0,15.56552354497542,15.554013905423394,11.497012636460285,42.6165500868591
Bright_Near_20260114_210200_T2,1736900007.04,176,Bright,Near,4,4,1280,720,24.050301441803313,2,1,chen,2,1,0.6709340461641207,440.4899205199266,315.0994113898214,560.7262119347647,454.23369848436937,16728.990688895818,chen,0.8777922263969874,diana,0.8000817587249835,0.07771046767200385,chen,chen,chen,2,1,1,0,0,15.56552354497542,15.554013905423394,11.497012636460285,42.6165500868591
Bright_Near_20260114_210200_T2,1736900007.04,176,Bright,Near,4,4,1280,720,24.050301441803313,2,2,alice,3,1,0.7406525932781551,748.4085903638874,282.1126972259977,855.5219840843328,423.7289158936126,15168.993787344927,alice,0.9176609723775678,chen,0.7881303913423896,0.12953058103517823,alice,alice,alice,1,1,1,0,0,15.56552354497542,15.554013905423394,11.497012636460285,42.6165500868591
Bright_Near_20260114_210200_T2,1736900007.04,176,Bright,Near,4,4,1280,720,24.050301441803313,2,3,bob,4,1,0.814191285526087,1068.227381057988,285.5211020206591,1153.9655610327097,425.85574066090044,12032.03650442456,bob,0.9073979141335855,alice,0.8387071847624148,0.06869072937117071,bob,bob,bob,1,1,1,0,0,15.56552354497542,15.554013905423394,11.497012636460285,42.6165500868591
Bright_Near_20260114_210200_T2,1736900007.08,177,Bright,Near,4,4,1280,720,26.20427593815038,2,0,diana,1,1,0.888268698878002,88.31214458139455,207.09600536198008,197.92122331459365,406.85471182844213,21895.367784724447,diana,0.8829188199954837,bob,0.7084158294383185,0.17450299055716523,diana,diana,diana,2,1,1,0,0,7.7319204828204695,7.280526645733261,6.869983195509537,21.882430324063268
Bright_Near_20260114_210200_T2,1736900007.08,177,Bright,Near,4,4,1280,720,26.20427593815038,2,1,chen,2,1,0.785760586451862,432.12819985440694,141.19382429046925,551.1718097407545,351.0636416257025,24983.660661774524,chen,0.9482462075008361,alice,0.8236627451463263,0.12458346235450979,chen,chen,chen,1,1,1,0,0,7.7319204828204695,7.280526645733261,6.869983195509537,21.882430324063268
Bright_Near_20260114_210200_T2,1736900007.08,177,Bright,Near,4,4,1280,720,26.20427593815038,2,2,alice,3,1,0.8274291232298692,721.8016570221125,208.01122999403825,843.7673788603904,354.6312929274119,17882.62181164265,alice,0.8566887467881941,bob,0.6826097176518577,0.17407902913633633,alice,alice,alice,2,1,1,0,0,7.7319204828204695,7.280526645733261,6.869983195509537,21.882430324063268
Bright_Near_20260114_210200_T2,1736900007.08,177,Bright,Near,4,4,1280,720,26.20427593815038,2,3,bob,4,1,0.8130904563569257,1060.7621747783198,234.88662446936837,1155.6528546584407,396.6681078811521,15351.554952958648,bob,0.8758064045657639,alice,0.7062762188582095,0.1695301857075544,bob,bob,bob,1,1,1,0,0,7.7319204828204695,7.280526645733261,6.869983195509537,21.882430324063268
Bright_Near_20260114_210200_T2,1736900007.12,178,Bright,Near,4,4,1280,720,24.06490861752144,3,0,diana,1,1,0.9093825263588708,94.9907421339773,320.6195568832262,219.68693237747388,520.7592543179195,24956.657786592357,diana,0.8112008906322394,alice,0.6987042967381955,0.11249659389404398,diana,diana,diana,2,1,1,0,0,10.735686382703078,6.6737230575797915,8.22602710669198,25.635436546974848
Bright_Near_20260114_210200_T2,1736900007.12,178,Bright,Near,4,4,1280,720,24.06490861752144,3,1,chen,2,1,0.8407042020982746,423.89366027311587,329.3492066332214,549.9223999669113,524.7603968527228,24627.426025428278,chen,0.9552545055578486,bob,0.7880468328047859,0.1672076727530627,chen,chen,chen,1,1,1,0,0,10.735686382703078,6.6737230575797915,8.22602710669198,25.635436546974848
Bright_Near_20260114_210200_T2,1736900007.12,178,Bright,Near,4,4,1280,720,24.06490861752144,3,2,alice,3,1,0.79486749151695,733.6388511178525,206.8416694204644,841.7271538513774,344.2051845743388,14847.389210493104,alice,0.9055658188533134,diana,0.7351951128061651,0.17037070604714832,alice,alice,alice,2,1,1,0,0,10.735686382703078,6.6737230575797915,8.22602710669198,25.635436546974848
Bright_Near_20260114_210200_T2,1736900007.12,178,Bright,Near,4,4,1280,720,24.06490861752144,3,3,bob,4,1,0.965141574002657,1084.551629297372,337.24439013068474,1165.6387903104574,477.513459934888,11374.020648369127,bob,0.8489245959129418,alice,0.764204265949892,0.08472032996304979,bob,bob,bob,3,1,1,0,0,10.735686382703078,6.6737230575797915,8.22602710669198,25.635436546974848
Bright_Near_20260114_210200_T2,1736900007.16,179,Bright,Near,4,4,1280,720,27.10724626237019,0,0,diana,1,1,0.743785069907619,106.47757587915581,254.76255821408367,193.0492815724687,391.6480792221213,11850.41303838363,diana,0.930798130394032,bob,0.771038400672077,0.15975972972195507,diana,diana,diana,2,1,1,0,0,9.654407673823492,6.181715787707736,5.509268499956411,21.34539196148764
Bright_Near_20260114_210200_T2,1736900007.16,179,Bright,Near,4,4,1280,720,27.10724626237019,0,1,chen,2,1,0.8323723935470857,415.12604330726873,284.29151526619955,533.2972027206695,464.59792327262085,21307.017283784488,diana,0.7011687869322292,bob,0.6769723637509788,0.02419642318125037,unknown,unknown,unknown,0,0,0,0,0,9.654407673823492,6.181715787707736,5.509268499956411,21.34539196148764
Bright_Near_20260114_210200_T2,1736900007.16,179,Bright,Near,4,4,1280,720,27.10724626237019,0,2,alice,3,1,0.7622111056588466,759.9487043837755,229.17287492888295,850.9943572573807,404.1001955817767,15926.372114273185,alice,0.8050649509350021,bob,0.6634858347754125,0.14157911615958962,alice,alice,alice,3,1,1,0,0,9.654407673823492,6.181715787707736,5.509268499956411,21.34539196148764
Bright_Near_20260114_210200_T2,1736900007.16,179,Bright,Near,4,4,1280,720,27.10724626237019,0,3,bob,4,1,0.8380490530469669,1092.993465940997,297.9142704605501,1202.0561530827488,435.5314437945962,15008.898720663283,bob,0.7739272013139963,diana,0.6756021721088015,0.09832502920519481,bob,bob,bob,1,1,1,0,0,9.654407673823492,6.181715787707736,5.509268499956411,21.34539196148764
Bright_Near_20260114_210200_T2,1736900007.2,180,Bright,Near,4,4,1280,720,22.601894248229826,0,0,diana,1,1,0.8660269263304818,137.9574283659586,233.73265016542774,234.83420430470755,389.0945333856766,15050.958350150127,diana,0.8624389423726153,bob,0.769348504640324,0.09309043773229131,diana,diana,diana,1,1,1,0,0,15.79727722456014,10.368469368602481,3.740886730947393,29.906633324110015
Bright_Near_20260114_210200_T2,1736900007.2,180,Bright,Near,4,4,1280,720,22.601894248229826,0,1,chen,2,1,0.716131560046388,455.83379830465054,292.8691253631784,562.3988667244639,476.78648939816384,19599.166481979948,chen,0.8060110078530786,bob,0.6546834377415418,0.15132757011153675,chen,chen,chen,2,1,1,0,0,15.79727722456014,10.368469368602481,3.740886730947393,29.906633324110015
Bright_Near_20260114_210200_T2,1736900007.2,180,Bright,Near,4,4,1280,720,22.601894248229826,0,2,alice,3,1,0.8414967793273298,756.0719683666724,197.5343926012727,843.5369758106109,393.76064639254463,17162.93074854976,alice,0.7754706736373531,bob,0.6713190697853681,0.10415160385198496,alice,alice,alice,2,1,1,0,0,15.79727722456014,10.368469368602481,3.740886730947393,29.906633324110015
Bright_Near_20260114_210200_T2,1736900007.2,180,Bright,Near,4,4,1280,720,22.601894248229826,0,3,bob,4,1,0.7041404908274375,1060.2777073227132,274.0821394921792,1174.822700273742,409.8699478816221,15553.813554804376,bob,0.9573446689362833,chen,0.840934565874528,0.11641010306175537,bob,bob,bob,3,1,1,0,0,15.79727722456014,10.368469368602481,3.740886730947393,29.906633324110015
Bright_Near_20260114_210200_T2,1736900007.24,181,Bright,Near,4,4,1280,720,28.676506249045637,1,0,diana,1,1,0.9009003825072389,96.52284342459421,188.28219728013204,185.93003304758645,333.6700881733265,12998.722729974745,alice,0.7426630549943457,bob,0.6885019825082417,0.05416107248610402,unknown,unknown,unknown,0,0,0,0,0,8.043360281601748,6.520769665674857,8.18413188818985,22.748261835466455
Bright_Near_20260114_210200_T2,1736900007.24,181,Bright,Near,4,4,1280,720,28.676506249045637,1,1,chen,2,1,0.7808459494632852,432.776636623478,182.70026828024982,541.0280118599117,394.9843436327669,22980.04309770469,chen,0.9280356236295433,diana,0.8642623180772393,0.06377330555230398,chen,chen,chen,3,1,1,0,0,8.043360281601748,6.520769665674857,8.18413188818985,22.748261835466455
Bright_Near_20260114_210200_T2,1736900007.24,181,Bright,Near,4,4,1280,720,28.676506249045637,1,2,alice,3,1,0.7230071198758566,766.9786233276,202.0857374287492,869.8026500193876,393.45787737465616,19677.654025862448,diana,0.8304399235235165,alice,0.7801492296066772,0.05029069391683927,unknown,unknown,unknown,0,0,0,0,0,8.043360281601748,6.520769665674857,8.18413188818985,22.748261835466455
Bright_Near_20260114_210200_T2,1736900007.24,181,Bright,Near,4,4,1280,720,28.676506249045637,1,3,bob,4,1,0.7601083522503251,1057.9318587868627,263.3059893022481,1182.6473108812017,435.28453996948565,21448.382696993725,bob,0.7725669331134563,alice,0.6073847048383094,0.16518222827514684,bob,bob,bob,1,1,1,0,0,8.043360281601748,6.520769665674857,8.18413188818985,22.748261835466455
Bright_Near_20260114_210200_T2,1736900007.28,182,Bright,Near,4,4,1280,720,25.66409563115876,1,0,diana,1,1,0.8239995852001877,89.44222109079664,228.15308124703517,215.83595499929334,429.8380434981964,25491.71545211847,diana,0.9071073000717959,alice,0.7339329333355422,0.17317436673625364,diana,diana,diana,2,1,1,0,0,13.170323650019292,9.626499288101172,10.023585498022328,32.82040843614279
Bright_Near_20260114_210200_T2,1736900007.28,182,Bright,Near,4,4,1280,720,25.66409563115876,1,1,chen,2,1,0.6933695711533617,399.04906029296683,224.60234404994657,520.7462263111134,420.0809469083808,23789.19198505822,chen,0.8530462631906841,diana,0.7527915548640127,0.10025470832667138,chen,chen,chen,3,1,1,0,0,13.170323650019292,9.626499288101172,10.023585498022328,32.82040843614279
Bright_Near_20260114_210200_T2,1736900007.28,182,Bright,Near,4,4,1280,720,25.66409563115876,1,2,alice,3,1,0.841292936976255,732.6946879390816,201.38027503016653,826.1875255515436,368.7617873605733,15648.972551635014,alice,0.9615634079925957,bob,0.7839247468629635,0.1776386611296321,alice,alice,alice,2,1,1,0,0,13.170323650019292,9.626499288101172,10.023585498022328,32.82040843614279
Bright_Near_20260114_210200_T2,1736900007.28,182,Bright,Near,4,4,1280,720,25.66409563115876,1,3,bob,4,1,0.6438990800205164,1062.633795808743,202.7676842198639,1158.8955119138168,340.14774830920214,13224.440727864736,bob,0.8405347095649048,alice,0.7418795923370778,0.09865511722782705,bob,bob,bob,2,1,1,0,0,13.170323650019292,9.626499288101172,10.023585498022328,32.82040843614279
Bright_Near_20260114_210200_T2,1736900007.32,183,Bright,Near,4,4,1280,720,19.86174275853795,0,0,diana,1,1,0.6960792939869588,121.84857440738179,187.99865409739223,218.20006531502034,398.6331031278063,20294.943200589394,diana,0.7998205939235068,chen,0.6859393972264618,0.113881196697045,diana,diana,diana,2,1,1,0,0,11.711941184943548,6.443288867779599,6.072559433784893,24.22778948650804
Bright_Near_20260114_210200_T2,1736900007.32,183,Bright,Near,4,4,1280,720,19.86174275853795,0,1,chen,2,1,0.5889615044198121,426.00099003217895,224.47562722478693,547.3988525035836,383.5998636991497,19317.342175381964,chen,0.9167233283098704,bob,0.7744797312630145,0.14224359704685585,chen,chen,chen,1,1,1,0,0,11.711941184943548,6.443288867779599,6.072559433784893,24.22778948650804
Bright_Near_20260114_210200_T2,1736900007.32,183,Bright,Near,4,4,1280,720,19.86174275853795,0,2,alice,3,1,0.6680625795258754,710.3931703849491,174.13561588944975,811.006590624979,374.38186787781143,20147.460302795953,diana,0.6235451103570676,bob,0.6085382362184064,0.015006874138661197,unknown,unknown,unknown,0,0,0,0,0,11.711941184943548,6.443288867779599,6.072559433784893,24.22778948650804
Bright_Near_20260114_210200_T2,1736900007.32,183,Bright,Near,4,4,1280,720,19.86174275853795,0,3,bob,4,1,0.7983205492202058,1098.13408986917,235.24369758836713,1186.4491189643645,444.7486977320133,18502.44018327482,bob,0.8805521251504945,chen,0.7986856554053562,0.08186646974513834,bob,bob,bob,1,1,1,0,0,11.711941184943548,6.443288867779599,6.072559433784893,24.22778948650804
Bright_Near_20260114_210200_T2,1736900007.36,184,Bright,Near,4,4,1280,720,25.462790304545706,4,0,diana,1,1,0.7231628057309342,112.02937024625516,267.1621131938318,203.69678235562242,416.1315806470681,13655.64556474879,diana,0.9075545875405062,bob,0.7423890313800863,0.16516555616041995,diana,diana,diana,3,1,1,0,0,11.075879115171896,7.3174540712525316,11.957913282516618,30.351246468941042
Bright_Near_20260114_210200_T2,1736900007.36,184,Bright,Near,4,4,1280,720,25.462790304545706,4,1,chen,2,1,0.8698122849368942,410.81262018384484,269.87720552476367,534.600852421606,420.01319235784456,18585.068405338865,chen,0.8738418065231406,diana,0.8111758558252893,0.0626659506978513,chen,chen,chen,2,1,1,0,0,11.075879115171896,7.3174540712525316,11.957913282516618,30.351246468941042
Bright_Near_20260114_210200_T2,1736900007.36,184,Bright,Near,4,4,1280,720,25.462790304545706,4,2,alice,3,1,0.9270213054015055,763.6851943137773,228.108319363097,866.8031073033497,371.37192137158337,14773.043646483837,alice,0.8372510966469477,chen,0.7154209194227739,0.12183017722417389,alice,alice,alice,1,1,1,0,0,11.075879115171896,7.3174540712525316,11.957913282516618,30.351246468941042
Bright_Near_20260114_210200_T2,1736900007.36,184,Bright,Near,4,4,1280,720,25.462790304545706,4,3,bob,4,1,0.7182300296099486,1043.0602142077707,183.4622370156806,1157.2004209187623,391.96431171721764,23798.46990610405,bob,0.864614665823789,chen,0.6912888439619711,0.17332582186181789,bob,bob,bob,2,1,1,0,0,11.075879115171896,7.3174540712525316,11.957913282516618,30.351246468941042
Bright_Near_20260114_210200_T2,1736900007.4,185,Bright,Near,4,4,1280,720,29.296914467650254,2,0,diana,1,1,0.8348064269020276,138.3995785219281,261.66441810981235,221.9636338472493,424.81492959025127,13633.518367705849,diana,0.8525890277856176,chen,0.7549043862032163,0.09768464158240131,diana,diana,diana,2,1,1,0,0,13.10771133165624,11.888431846685203,4.928216903630085,29.92436008197153
Bright_Near_20260114_210200_T2,1736900007.4,185,Bright,Near,4,4,1280,720,29.296914467650254,2,1,chen,2,1,0.831035833844943,443.70359206843375,280.63544313661936,523.7252715009453,447.264072946,13333.90279888489,chen,0.8663320302517517,diana,0.8053845721512254,0.060947458100526264,chen,chen,chen,1,1,1,0,0,13.10771133165624,11.888431846685203,4.928216903630085,29.92436008197153
Bright_Near_20260114_210200_T2,1736900007.4,185,Bright,Near,4,4,1280,720,29.296914467650254,2,2,alice,3,1,0.7323541985560991,735.1519869131145,162.24685995455093,859.830229376218,356.36096573800285,24201.805546377742,alice,0.8314459109427113,diana,0.7263630276032931,0.10508288333941818,alice,alice,alice,2,1,1,0,0,13.10771133165624,11.888431846685203,4.928216903630085,29.92436008197153
Bright_Near_20260114_210200_T2,1736900007.4,185,Bright,Near,4,4,1280,720,29.296914467650254,2,3,bob,4,1,0.8175486668899025,1028.9458869712423,201.00204932224108,1153.7132275619017,332.9729765757213,16465.6616287001,bob,0.8708305310062249,diana,0.7761560823876346,0.09467444861859031,bob,bob,bob,2,1,1,0,0,13.10771133165624,11.888431846685203,4.928216903630085,29.92436008197153
Bright_Near_20260114_210200_T2,1736900007.44,186,Bright,Near,4,4,1280,720,21.212893639554284,2,0,diana,1,1,0.7393469386475121,124.97207966097423,242.8672206004374,234.9155088192372,435.84743156649125,21216.906153292985,diana,0.8633764039825531,bob,0.7819025320297216,0.08147387195283151,diana,diana,diana,1,1,1,0,0,12.794979677490247,6.977606032550945,9.121382011620984,28.893967721662175
Bright_Near_20260114_210200_T2,1736900007.44,186,Bright,Near,4,4,1280,720,21.212893639554284,2,1,chen,2,1,0.8100607145866392,411.3499992750933,363.8446268145021,521.3371300116628,498.60053727264614,14821.415941085343,chen,0.8624827411204986,alice,0.7053912435030156,0.15709149761748298,chen,chen,chen,1,1,1,0,0,12.794979677490247,6.977606032550945,9.121382011620984,28.893967721662175
Bright_Near_20260114_210200_T2,1736900007.44,186,Bright,Near,4,4,1280,720,21.212893639554284,2,2,alice,3,1,0.7975356317677605,751.6799104155122,278.2432282071885,862.9044485552816,485.2184976738099,23020.7287527793,alice,0.8744603020889955,diana,0.7112376034927149,0.16322269859628058,alice,alice,alice,2,1,1,0,0,12.794979677490247,6.977606032550945,9.121382011620984,28.893967721662175
Bright_Near_20260114_210200_T2,1736900007.44,186,Bright,Near,4,4,1280,720,21.212893639554284,2,3,bob,4,1,0.6269026581565529,1019.9275044454797,248.7390392021995,1128.0157545770428,401.77006484358037,16540.855777415218,bob,0.7957594724019814,diana,0.619011076391597,0.1767483960103844,bob,bob,bob,2,1,1,0,0,12.794979677490247,6.977606032550945,9.121382011620984,28.893967721662175
Bright_Near_20260114_210200_T2,1736900007.48,187,Bright,Near,4,4,1280,720,24.709843806160617,0,0,diana,1,1,0.7518066347199323,108.08430325725963,245.42017163994586,228.72112562030605,387.8974240336068,17188.002987789005,diana,0.7966286461447172,alice,0.6483623316430733,0.14826631450164385,diana,diana,diana,1,1,1,0,0,9.201689965856884,7.869583217793125,7.831482521049694,24.902755704699704
Bright_Near_20260114_210200_T2,1736900007.48,187,Bright,Near,4,4,1280,720,24.709843806160617,0,1,chen,2,1,0.7172433789349444,382.0724594345824,207.5226444001919,507.3119172349025,403.40492932870984,24532.191157135403,chen,0.8823199989586733,bob,0.7705703152018775,0.11174968375679584,chen,chen,chen,3,1,1,0,0,9.201689965856884,7.869583217793125,7.831482521049694,24.902755704699704
Bright_Near_20260114_210200_T2,1736900007.48,187,Bright,Near,4,4,1280,720,24.709843806160617,0,2,alice,3,1,0.7069117530298908,735.2899813447622,257.11894882810077,815.8823252183612,442.4030169946676,14932.477335979316,alice,0.9151102906561371,chen,0.7521416536904192,0.16296863696571795,alice,alice,alice,2,1,1,0,0,9.201689965856884,7.869583217793125,7.831482521049694,24.902755704699704
Bright_Near_20260114_210200_T2,1736900007.48,187,Bright,Near,4,4,1280,720,24.709843806160617,0,3,bob,4,1,0.6479995165691227,1071.4182923738122,186.68227367695943,1180.5430196934362,356.6288585974049,18545.37473834495,bob,0.7962402071317108,diana,0.7272560607083762,0.06898414642333461,bob,bob,bob,2,1,1,0,0,9.201689965856884,7.869583217793125,7.831482521049694,24.902755704699704
Bright_Near_20260114_210200_T2,1736900007.52,188,Bright,Near,4,4,1280,720,23.328160813364335,1,0,diana,1,1,0.8251462906519353,114.63192188172185,156.2337976194379,205.44315875400673,368.11878821574186,19241.538070722814,diana,0.8040107088591301,alice,0.7314208512058418,0.07258985765328829,diana,diana,diana,2,1,1,0,0,9.186531378646583,6.092994953311824,9.227226883698144,24.506753215656552
Bright_Near_20260114_210200_T2,1736900007.52,188,Bright,Near,4,4,1280,720,23.328160813364335,1,1,chen,2,1,0.8516034982099457,459.65157421708614,253.69049471051702,566.5402492517196,443.5787027511278,20296.898962161726,chen,0.8663343945744231,diana,0.7141389318144119,0.15219546276001117,chen,chen,chen,2,1,1,0,0,9.186531378646583,6.092994953311824,9.227226883698144,24.506753215656552
Bright_Near_20260114_210200_T2,1736900007.52,188,Bright,Near,4,4,1280,720,23.328160813364335,1,2,alice,3,1,0.9608787293311172,758.0188809156053,256.9034710604735,884.4421538399923,421.847928898762,20852.81821065499,alice,0.8355771502161065,diana,0.7418524587074522,0.09372469150865426,alice,alice,alice,2,1,1,0,0,9.186531378646583,6.092994953311824,9.227226883698144,24.506753215656552
Bright_Near_20260114_210200_T2,1736900007.52,188,Bright,Near,4,4,1280,720,23.328160813364335,1,3,bob,4,1,0.7710077810050461,1039.3524429169381,193.94082635590573,1163.3074979532369,339.7471491297441,18073.430764071476,bob,0.8717886855511416,alice,0.7148012355050501,0.1569874500460915,bob,bob,bob,2,1,1,0,0,9.186531378646583,6.092994953311824,9.227226883698144,24.506753215656552
Bright_Near_20260114_210200_T2,1736900007.56,189,Bright,Near,4,4,1280,720,26.749635234893436,0,0,diana,1,1,0.6320383444487627,97.95049076499508,249.87870338138924,184.654417530564,437.56562768487635,16273.193339664422,diana,0.9097052453866786,alice,0.7299881711831746,0.17971707420350402,diana,diana,diana,2,1,1,0,0,9.681608239600816,4.974280833033184,9.478233254511661,24.13412232714566
Bright_Near_20260114_210200_T2,1736900007.56,189,Bright,Near,4,4,1280,720,26.749635234893436,0,1,chen,2,1,0.8016237280227579,404.6693604177925,169.54162767392296,505.15708283889046,382.443881261217,21394.062561306204,chen,0.8905197735407273,alice,0.8207913587492446,0.06972841479148273,chen,chen,chen,2,1,1,0,0,9.681608239600816,4.974280833033184,9.478233254511661,24.13412232714566
Bright_Near_20260114_210200_T2,1736900007.56,189,Bright,Near,4,4,1280,720,26.749635234893436,0,2,alice,3,1,0.8930124146868834,765.5704433467265,197.67863527146744,870.6016532757849,364.3885171847239,17509.740604479775,alice,0.9115001484430916,diana,0.7534173004525229,0.1580828479905687,alice,alice,alice,3,1,1,0,0,9.681608239600816,4.974280833033184,9.478233254511661,24.13412232714566
Bright_Near_20260114_210200_T2,1736900007.56,189,Bright,Near,4,4,1280,720,26.749635234893436,0,3,bob,4,1,0.8802352456180269,1059.4418544239122,253.10187776296488,1174.1280597848988,420.53695300536566,19202.49342388222,bob,0.8044106370394495,alice,0.6611989617135177,0.14321167532593182,bob,bob,bob,2,1,1,0,0,9.681608239600816,4.974280833033184,9.478233254511661,24.13412232714566
Bright_Near_20260114_210200_T2,1736900007.6,190,Bright,Near,4,4,1280,720,23.53140942277012,1,0,diana,1,1,0.9503541944872926,80.62554309565448,239.6017627710815,197.3916711121714,434.755417061835,22787.336579805207,diana,0.8179712887136521,bob,0.6784915023276412,0.13947978638601088,diana,diana,diana,2,1,1,0,0,9.85571102210043,8.579021700867617,7.13567941259803,25.570412135566077
Bright_Near_20260114_210200_T2,1736900007.6,190,Bright,Near,4,4,1280,720,23.53140942277012,1,1,chen,2,1,0.6834060412439226,399.0708688235136,214.53200787827492,522.2345420679036,391.3949218299499,21783.08614299476,chen,0.9155197133751622,diana,0.8214948615973061,0.09402485177785613,chen,chen,chen,2,1,1,0,0,9.85571102210043,8.579021700867617,7.13567941259803,25.570412135566077
Bright_Near_20260114_210200_T2,1736900007.6,190,Bright,Near,4,4,1280,720,23.53140942277012,1,2,alice,3,1,0.672829007082491,751.9130065669824,219.61301689643727,867.0719132198435,415.11542660568585,22513.843750116765,alice,0.887349040972936,chen,0.7484436150540614,0.13890542591887456,alice,alice,alice,3,1,1,0,0,9.85571102210043,8.579021700867617,7.13567941259803,25.570412135566077
Bright_Near_20260114_210200_T2,1736900007.6,190,Bright,Near,4,4,1280,720,23.53140942277012,1,3,bob,4,1,0.7773437388686991,1096.337530103418,250.66484312073214,1203.3311819246578,442.89468428263433,20567.3726949288,bob,0.9124704229535946,alice,0.8300328959079348,0.08243752704565976,bob,bob,bob,3,1,1,0,0,9.85571102210043,8.579021700867617,7.13567941259803,25.570412135566077
Bright_Near_20260114_210200_T2,1736900007.64,191,Bright,Near,4,4,1280,720,24.734771700105362,2,0,diana,1,1,0.9330235961021847,111.93290846107081,280.2225778514502,238.189774182217,440.1624303747142,20193.50448348967,diana,0.8926357387544571,bob,0.7276628948666891,0.164972843887768,diana,diana,diana,2,1,1,0,0,7.278589838816822,4.18810862903567,9.251414606061168,20.71811307391366
Bright_Near_20260114_210200_T2,1736900007.64,191,Bright,Near,4,4,1280,720,24.734771700105362,2,1,chen,2,1,0.9549502247177376,433.2579364024309,280.16468772914504,546.670167721286,463.4140680788628,20782.72111325905,chen,0.8472709045856731,bob,0.752845821488314,0.09442508309735909,chen,chen,chen,1,1,1,0,0,7.278589838816822,4.18810862903567,9.251414606061168,20.71811307391366
Bright_Near_20260114_210200_T2,1736900007.64,191,Bright,Near,4,4,1280,720,24.734771700105362,2,2,alice,3,1,0.7106533385350944,749.6495271791291,250.0072206251495,830.4212690329957,409.35810553480763,12871.048540108115,alice,0.8964287082118705,bob,0.7374059435150214,0.15902276469684906,alice,alice,alice,2,1,1,0,0,7.278589838816822,4.18810862903567,9.251414606061168,20.71811307391366
Bright_Near_20260114_210200_T2,1736900007.64,191,Bright,Near,4,4,1280,720,24.734771700105362,2,3,bob,4,1,0.7932981991849972,1074.0375016872522,199.7680770984071,1167.265596751684,373.9353330813771,16237.281497891543,bob,0.869025672560563,chen,0.7531213642785967,0.1159043082819663,bob,bob,bob,2,1,1,0,0,7.278589838816822,4.18810862903567,9.251414606061168,20.71811307391366
Bright_Near_20260114_210200_T2,1736900007.68,192,Bright,Near,4,4,1280,720,21.225766928122116,0,0,diana,1,1,0.8740024382502337,132.59705134385894,257.4757915002887,229.84550488192542,468.05102993242366,20478.116290934748,diana,0.869949099065527,bob,0.7701728041395502,0.09977629492597673,diana,diana,diana,3,1,1,0,0,11.173963642894394,7.606630821751574,8.660825571715895,27.441420036361862
Bright_Near_20260114_210200_T2,1736900007.68,192,Bright,Near,4,4,1280,720,21.225766928122116,0,1,chen,2,1,0.673600396182992,447.12310256360047,207.90742694180963,565.4603824902885,378.0328629807525,20132.181347190235,chen,0.802730052147998,bob,0.7334786858862884,0.06925136626170958,chen,chen,chen,2,1,1,0,0,11.173963642894394,7.606630821751574,8.660825571715895,27.441420036361862
Bright_Near_20260114_210200_T2,1736900007.68,192,Bright,Near,4,4,1280,720,21.225766928122116,0,2,alice,3,1,0.7550438302196475,774.79483218049,188.88795972695038,880.4348824917186,341.95222064594236,16169.716224333335,alice,0.8063073918067205,chen,0.6513324746169473,0.1549749171897732,alice,alice,alice,1,1,1,0,0,11.173963642894394,7.606630821751574,8.660825571715895,27.441420036361862
Bright_Near_20260114_210200_T2,1736900007.68,192,Bright,Near,4,4,1280,720,21.225766928122116,0,3,bob,4,1,0.8179171719779098,1052.2233378169146,274.5490054437679,1176.0080531944916,442.558557550847,20797.014588288974,bob,0.8571806467840389,alice,0.7616007849177897,0.09557986186624923,bob,bob,bob,2,1,1,0,0,11.173963642894394,7.606630821751574,8.660825571715895,27.441420036361862
Bright_Near_20260114_210200_T2,1736900007.72,193,Bright,Near,4,4,1280,720,27.40080954860409,3,0,diana,1,1,0.674555541244142,83.32980748967259,158.69897411305504,183.48307100542564,292.03526337850707,13354.064515015492,diana,0.8817464163385572,chen,0.780196540703994,0.10154987563456319,diana,diana,diana,2,1,1,0,0,6.232721852134197,3.9308799942664865,5.817989694906839,15.981591541307521
Bright_Near_20260114_210200_T2,1736900007.72,193,Bright,Near,4,4,1280,720,27.40080954860409,3,1,chen,2,1,0.9751521813643118,428.8818219918179,137.15351056917703,532.321504246269,325.87734939680627,19521.53392217021,chen,0.9156068018380589,diana,0.7634242352569285,0.15218256658113039,chen,chen,chen,2,1,1,0,0,6.232721852134197,3.9308799942664865,5.817989694906839,15.981591541307521
Bright_Near_20260114_210200_T2,1736900007.72,193,Bright,Near,4,4,1280,720,27.40080954860409,3,2,alice,3,1,0.8525601349732035,712.8669043039131,242.47881863401926,814.1305543779906,392.91948571052535,15234.171067746109,alice,0.8693903929007413,diana,0.7550394663990698,0.11435092650167145,alice,alice,alice,1,1,1,0,0,6.232721852134197,3.9308799942664865,5.817989694906839,15.981591541307521
Bright_Near_20260114_210200_T2,1736900007.72,193,Bright,Near,4,4,1280,720,27.40080954860409,3,3,bob,4,1,0.8571781146519278,1094.300935744091,245.40388047321142,1191.7093056273093,385.40302251199387,13637.088211046932,bob,0.8557469791152097,chen,0.7376951971384079,0.11805178197680177,bob,bob,bob,2,1,1,0,0,6.232721852134197,3.9308799942664865,5.817989694906839,15.981591541307521
Bright_Near_20260114_210200_T2,1736900007.76,194,Bright,Near,4,4,1280,720,23.665242283424654,0,0,diana,1,1,0.8115292655263137,129.47537478917926,275.327310248642,213.40514639670315,419.724036937238,12119.184291847912,diana,0.8450806713014013,chen,0.687464308247398,0.15761636305400328,diana,diana,diana,1,1,1,0,0,11.109379376254314,5.38826929596004,4.288660179550721,20.786308851765074
Bright_Near_20260114_210200_T2,1736900007.76,194,Bright,Near,4,4,1280,720,23.665242283424654,0,1,chen,2,1,0.8460003400455384,449.00246703962665,147.97535711844841,535.382579466183,326.5529351511067,15425.551267323153,chen,0.9284366345480768,alice,0.7535599606102286,0.17487667393784823,chen,chen,chen,2,1,1,0,0,11.109379376254314,5.38826929596004,4.288660179550721,20.786308851765074
Bright_Near_20260114_210200_T2,1736900007.76,194,Bright,Near,4,4,1280,720,23.665242283424654,0,2,alice,3,1,0.7936350322833094,734.5249085541868,234.74984919672988,824.6588713861563,384.34069782729193,13483.215990469853,alice,0.8774531974822382,chen,0.7819401020934718,0.0955130953887664,alice,alice,alice,2,1,1,0,0,11.109379376254314,5.38826929596004,4.288660179550721,20.786308851765074
Bright_Near_20260114_210200_T2,1736900007.76,194,Bright,Near,4,4,1280,720,23.665242283424654,0,3,bob,4,1,0.7581583770346976,1079.6838070764804,244.3143346189073,1204.2564212619843,432.9988034921166,23504.91754373902,bob,0.8988273523180479,alice,0.7674618541252862,0.13136549819276166,bob,bob,bob,3,1,1,0,0,11.109379376254314,5.38826929596004,4.288660179550721,20.786308851765074
Bright_Near_20260114_210200_T2,1736900007.8,195,Bright,Near,4,4,1280,720,26.07222552886129,1,0,diana,1,1,0.7639192606983869,94.00241278119054,225.9689723272237,199.08796131873655,416.9265498653847,20066.881782998622,diana,0.8656509174634186,alice,0.7848123896771846,0.08083852778623402,diana,diana,diana,2,1,1,0,0,11.358034643365336,8.42028964663705,5.158275400604454,24.93659969060684
Bright_Near_20260114_210200_T2,1736900007.8,195,Bright,Near,4,4,1280,720,26.07222552886129,1,1,chen,2,1,0.7290401194300472,435.36808768072524,189.61468922839202,528.5255132200199,339.4892246757839,13961.925876176783,chen,0.8224041656059596,bob,0.7179361153477658,0.10446805025819383,chen,chen,chen,1,1,1,0,0,11.358034643365336,8.42028964663705,5.158275400604454,24.93659969060684
Bright_Near_20260114_210200_T2,1736900007.8,195,Bright,Near,4,4,1280,720,26.07222552886129,1,2,alice,3,1,0.9304579658072059,775.7006458528386,274.2510944770604,860.1710660664386,470.5240219818936,16579.2566628867,alice,0.9138652286001586,chen,0.8022509026283078,0.11161432597185084,alice,alice,alice,3,1,1,0,0,11.358034643365336,8.42028964663705,5.158275400604454,24.93659969060684
Bright_Near_20260114_210200_T2,1736900007.8,195,Bright,Near,4,4,1280,720,26.07222552886129,1,3,bob,4,1,0.8264562511416493,1085.4231799128283,259.2541997802008,1178.7438267921757,459.9708457412328,18731.007240536448,bob,0.9080067736992765,alice,0.8136838739604578,0.09432289973881869,bob,bob,bob,2,1,1,0,0,11.358034643365336,8.42028964663705,5.158275400604454,24.93659969060684
Bright_Near_20260114_210200_T2,1736900007.84,196,Bright,Near,4,4,1280,720,27.672037476811614,0,0,diana,1,1,0.916221367422092,92.679191465895,227.4270015385091,190.11449378199788,418.7126814844287,18637.97805427197,diana,0.849401068688362,chen,0.7694862737921718,0.07991479489619013,diana,diana,diana,2,1,1,0,0,11.478555837795104,9.222498713079696,11.951113731208272,32.652168282083075
Bright_Near_20260114_210200_T2,1736900007.84,196,Bright,Near,4,4,1280,720,27.672037476811614,0,1,chen,2,1,0.7948144548397059,415.13421466000676,189.82811999491537,513.6525378736225,402.9436151810993,20995.78123658223,chen,0.7966738445769218,diana,0.7028297333248861,0.09384411125203573,chen,chen,chen,2,1,1,0,0,11.478555837795104,9.222498713079696,11.951113731208272,32.652168282083075
Bright_Near_20260114_210200_T2,1736900007.84,196,Bright,Near,4,4,1280,720,27.672037476811614,0,2,alice,3,1,0.8572044566184707,747.8613462235282,322.93451076878034,854.3197218898874,457.4118175434636,14316.23564321946,alice,0.9428474954095919,chen,0.8236258377620221,0.11922165764756976,alice,alice,alice,1,1,1,0,0,11.478555837795104,9.222498713079696,11.951113731208272,32.652168282083075
Bright_Near_20260114_210200_T2,1736900007.84,196,Bright,Near,4,4,1280,720,27.672037476811614,0,3,bob,4,1,0.8137438460105956,1075.3896887157264,206.12748789399967,1159.8339307932013,412.02684273203846,17387.014963539248,bob,0.9371968843615782,alice,0.8170617175835136,0.12013516677806457,bob,bob,bob,1,1,1,0,0,11.478555837795104,9.222498713079696,11.951113731208272,32.652168282083075
Bright_Near_20260114_210200_T2,1736900007.88,197,Bright,Near,4,4,1280,720,23.58641608799885,1,0,diana,1,1,0.7504142599882285,105.21190748499873,200.476391619622,203.52534246728374,351.8837519014856,14885.377670910397,diana,0.8682396877584594,chen,0.7152818761965127,0.15295781156194665,diana,diana,diana,2,1,1,0,0,11.621893915831272,5.049967786552215,6.557543260505224,23.22940496288871
Bright_Near_20260114_210200_T2,1736900007.88,197,Bright,Near,4,4,1280,720,23.58641608799885,1,1,chen,2,1,0.679962431702248,411.38596526419497,340.174831116018,494.029077474313,506.9443398342993,13782.351222231177,chen,0.8719914590132801,diana,0.8001362047527668,0.07185525426051331,chen,chen,chen,2,1,1,0,0,11.621893915831272,5.049967786552215,6.557543260505224,23.22940496288871
Bright_Near_20260114_210200_T2,1736900007.88,197,Bright,Near,4,4,1280,720,23.58641608799885,1,2,alice,3,1,0.7420557615270991,730.0691854211159,246.63868968768617,819.7255018990445,398.432512169165,13609.274987793984,alice,0.8433612945083103,diana,0.699367602655951,0.14399369185235933,alice,alice,alice,1,1,1,0,0,11.621893915831272,5.049967786552215,6.557543260505224,23.22940496288871
Bright_Near_20260114_210200_T2,1736900007.88,197,Bright,Near,4,4,1280,720,23.58641608799885,1,3,bob,4,1,0.7540503029941565,1041.804302924248,251.54923808074,1161.6762648114286,414.88637448933184,19579.54299033193,bob,0.8564261128127933,alice,0.7189957262179524,0.13743038659484097,bob,bob,bob,3,1,1,0,0,11.621893915831272,5.049967786552215,6.557543260505224,23.22940496288871
Bright_Near_20260114_210200_T2,1736900007.92,198,Bright,Near,4,4,1280,720,28.559823190512546,1,0,diana,1,1,0.7035578618214093,104.09423294069529,209.60625071757488,209.50402998857498,347.87668541633775,14575.058459318696,diana,0.8714183725973478,bob,0.7873851758215017,0.08403319677584609,diana,diana,diana,2,1,1,0,0,18.266420574086357,7.125199234381805,9.937951133462294,35.329570941930456
Bright_Near_20260114_210200_T2,1736900007.92,198,Bright,Near,4,4,1280,720,28.559823190512546,1,1,chen,2,1,0.8093757894728639,400.78026489310867,315.7146866506502,498.08342685971286,460.052982953304,14044.572623120832,chen,0.8663758990951146,alice,0.690449976433759,0.17592592266135554,chen,chen,chen,1,1,1,0,0,18.266420574086357,7.125199234381805,9.937951133462294,35.329570941930456
Bright_Near_20260114_210200_T2,1736900007.92,198,Bright,Near,4,4,1280,720,28.559823190512546,1,2,alice,3,1,0.7265744815069864,746.9391567294989,284.0928764890057,841.9006701173213,445.7692880359357,15353.036719608876,alice,0.8759417856616372,diana,0.6971034306955425,0.17883835496609468,alice,alice,alice,2,1,1,0,0,18.266420574086357,7.125199234381805,9.937951133462294,35.329570941930456
Bright_Near_20260114_210200_T2,1736900007.92,198,Bright,Near,4,4,1280,720,28.559823190512546,1,3,bob,4,1,0.7814950992116184,1069.503627927494,154.6543906452104,1193.3425208476829,348.81612050845223,24044.77367373262,bob,0.8846796693710213,alice,0.7611282672893904,0.12355140208163085,bob,bob,bob,2,1,1,0,0,18.266420574086357,7.125199234381805,9.937951133462294,35.329570941930456
Bright_Near_20260114_210200_T2,1736900007.96,199,Bright,Near,4,4,1280,720,25.14783880594444,2,0,diana,1,1,0.7929505734950383,120.19295876289567,264.9458386793299,227.72861818231434,464.9014522666164,21502.358761723324,diana,0.8157948255888804,chen,0.7294481037493538,0.08634672183952663,diana,diana,diana,2,1,1,0,0,16.039503297086643,13.013015361733192,7.883677689096061,36.936196347915896
Bright_Near_20260114_210200_T2,1736900007.96,199,Bright,Near,4,4,1280,720,25.14783880594444,2,1,chen,2,1,0.7129415903035711,453.1970593657831,283.6681918506714,538.1723150098237,469.77563906864975,15814.527904607503,chen,0.8071218545191571,alice,0.7204243071276454,0.0866975473915117,chen,chen,chen,2,1,1,0,0,16.039503297086643,13.013015361733192,7.883677689096061,36.936196347915896
Bright_Near_20260114_210200_T2,1736900007.96,199,Bright,Near,4,4,1280,720,25.14783880594444,2,2,alice,3,1,0.7330709285465727,730.411488669392,219.47180754059667,847.4271167823925,391.88878546730945,20175.48096943964,chen,0.8210232061718933,alice,0.7844299131363955,0.03659329303549774,unknown,unknown,unknown,0,0,0,0,0,16.039503297086643,13.013015361733192,7.883677689096061,36.936196347915896
Bright_Near_20260114_210200_T2,1736900007.96,199,Bright,Near,4,4,1280,720,25.14783880594444,2,3,bob,4,1,0.812783510723491,1050.6575937113557,253.8137485374956,1173.5215573966298,447.26214815102423,23767.83714509096,bob,0.9306319434893019,diana,0.8088204946168349,0.12181144887246698,bob,bob,bob,3,1,1,0,0,16.039503297086643,13.013015361733192,7.883677689096061,36.936196347915896
Bright_Near_20260114_210200_T2,1736900008.0,200,Bright,Near,4,4,1280,720,24.684999886377888,1,0,diana,1,1,0.7268773618278478,106.14181105711887,242.41452985033945,209.98061331801338,401.31909301086523,16500.45951237966,diana,0.8730117217735275,bob,0.7766041359001641,0.0964075858733634,diana,diana,diana,2,1,1,0,0,12.553267657546128,6.881448548442043,13.987955933502898,33.42267213949107
Bright_Near_20260114_210200_T2,1736900008.0,200,Bright,Near,4,4,1280,720,24.684999886377888,1,1,chen,2,1,0.8713010998665682,404.10710412090424,280.9683146657431,518.1681949529224,480.26746100169777,22732.278032969,chen,0.8227777283490836,diana,0.7502814144002583,0.07249631394882528,chen,chen,chen,3,1,1,0,0,12.553267657546128,6.881448548442043,13.987955933502898,33.42267213949107
Bright_Near_20260114_210200_T2,1736900008.0,200,Bright,Near,4,4,1280,720,24.684999886377888,1,2,alice,3,1,0.7388475422337681,753.0036716945552,118.45492075130036,877.2996216801636,281.9434133418582,20320.957498258478,alice,0.8694908502840579,bob,0.7064702804550973,0.16302056982896063,alice,alice,alice,3,1,1,0,0,12.553267657546128,6.881448548442043,13.987955933502898,33.42267213949107
Bright_Near_20260114_210200_T2,1736900008.0,200,Bright,Near,4,4,1280,720,24.684999886377888,1,3,bob,4,1,0.7388826024717663,1078.8506537804615,219.46004195658475,1171.764434863263,404.2912628899712,17173.36759907159,bob,0.8913521825653059,alice,0.7723529694869518,0.11899921307835415,bob,bob,bob,2,1,1,0,0,12.553267657546128,6.881448548442043,13.987955933502898,33.42267213949107
Bright_Near_20260114_210200_T2,1736900008.04,201,Bright,Near,4,4,1280,720,23.855621015607674,2,0,diana,1,1,0.7410284380688253,89.90638000703768,198.20191303506348,170.95572596180352,341.0316726770619,11576.258601860383,diana,0.9031252304004835,alice,0.7437856800266334,0.15933955037385017,diana,diana,diana,2,1,1,0,0,22.744126419280803,13.477356024859295,8.382192477886486,44.603674922026585
Bright_Near_20260114_210200_T2,1736900008.04,201,Bright,Near,4,4,1280,720,23.855621015607674,2,1,chen,2,1,0.7001930728350203,467.11947529613406,273.2393799257849,563.5151247827256,433.11879622980507,15411.680174163179,chen,0.8656751002447002,diana,0.7272983959801361,0.13837670426456405,chen,chen,chen,2,1,1,0,0,22.744126419280803,13.477356024859295,8.382192477886486,44.603674922026585
Bright_Near_20260114_210200_T2,1736900008.04,201,Bright,Near,4,4,1280,720,23.855621015607674,2,2,alice,3,1,0.8501673648305796,779.7827894750827,201.8553145126751,887.7223231671807,402.3358766032285,21639.77838638402,alice,0.8668213674439896,bob,0.7045866847720215,0.16223468267196817,alice,alice,alice,2,1,1,0,0,22.744126419280803,13.477356024859295,8.382192477886486,44.603674922026585
Bright_Near_20260114_210200_T2,1736900008.04,201,Bright,Near,4,4,1280,720,23.855621015607674,2,3,bob,4,1,0.7999294548026439,1070.520994416884,184.70284601519418,1163.3070566467848,397.6176993830793,19755.5308342628,bob,0.805331200873482,alice,0.6490432097999895,0.15628799107349245,bob,bob,bob,2,1,1,0,0,22.744126419280803,13.477356024859295,8.382192477886486,44.603674922026585
Bright_Near_20260114_210200_T2,1736900008.08,202,Bright,Near,4,4,1280,720,23.480437708976822,0,0,diana,1,1,0.6727206104220893,130.16040689383527,257.8930091477921,218.68437357452285,448.9538920779163,16913.467234489064,diana,0.84907873495746,bob,0.7633070360864865,0.08577169887097347,diana,diana,diana,1,1,1,0,0,11.41377273667818,9.587240454267354,5.077214216418282,26.078227407363816
Bright_Near_20260114_210200_T2,1736900008.08,202,Bright,Near,4,4,1280,720,23.480437708976822,0,1,chen,2,1,0.8733337091519803,421.64728674265524,201.1171139276551,540.3489048027079,357.0819185937184,18513.274674281765,chen,0.8479342304455281,bob,0.6965614253587544,0.15137280508677364,chen,chen,chen,3,1,1,0,0,11.41377273667818,9.587240454267354,5.077214216418282,26.078227407363816
Bright_Near_20260114_210200_T2,1736900008.08,202,Bright,Near,4,4,1280,720,23.480437708976822,0,2,alice,3,1,0.729046604158431,750.7481415078472,270.5379367872696,876.487530075451,428.1763845889226,19821.362041325974,alice,0.7797785101567292,diana,0.7045705235937273,0.07520798656300187,alice,alice,alice,1,1,1,0,0,11.41377273667818,9.587240454267354,5.077214216418282,26.078227407363816
Bright_Near_20260114_210200_T2,1736900008.08,202,Bright,Near,4,4,1280,720,23.480437708976822,0,3,bob,4,1,0.7928583307236208,1069.5926306670092,234.71614864091038,1176.4683317036831,442.9769774447088,22258.022076884692,bob,0.904680788834157,alice,0.8259797496482169,0.07870103918594018,bob,bob,bob,1,1,1,0,0,11.41377273667818,9.587240454267354,5.077214216418282,26.078227407363816
Bright_Near_20260114_210200_T2,1736900008.12,203,Bright,Near,4,4,1280,720,20.560921248977422,2,0,diana,1,1,0.6920715104123215,123.97200310268244,211.18077144657693,211.25548415699598,374.9470798010233,14294.093472590188,diana,0.9208696307695026,alice,0.7540426159085318,0.16682701486097073,diana,diana,diana,2,1,1,0,0,9.683555076796702,5.195868015259013,7.7398850456948,22.619308137750515
Bright_Near_20260114_210200_T2,1736900008.12,203,Bright,Near,4,4,1280,720,20.560921248977422,2,1,chen,2,1,0.7734409515791194,430.4160235509704,240.29260695356874,512.0341497649841,412.43024243700523,14049.551259069009,chen,0.8956106096130494,bob,0.7470110373980317,0.14859957221501774,chen,chen,chen,2,1,1,0,0,9.683555076796702,5.195868015259013,7.7398850456948,22.619308137750515
Bright_Near_20260114_210200_T2,1736900008.12,203,Bright,Near,4,4,1280,720,20.560921248977422,2,2,alice,3,1,0.8599656982409561,747.9333367850553,236.47496839873125,865.5998961854242,422.02005012989594,21832.45138096639,alice,0.8097011929083625,chen,0.6463769325606561,0.16332426034770642,alice,alice,alice,2,1,1,0,0,9.683555076796702,5.195868015259013,7.7398850456948,22.619308137750515
Bright_Near_20260114_210200_T2,1736900008.12,203,Bright,Near,4,4,1280,720,20.560921248977422,2,3,bob,4,1,0.8377833375606839,1057.53127071741,146.25764602741282,1151.1657705878645,344.3713814597417,18550.280534673642,alice,0.6656977575104069,diana,0.5992403869825527,0.06645737052785428,unknown,unknown,unknown,0,0,0,0,0,9.683555076796702,5.195868015259013,7.7398850456948,22.619308137750515
Bright_Near_20260114_210200_T2,1736900008.16,204,Bright,Near,4,4,1280,720,22.728451200157146,1,0,diana,1,1,0.7306644839701671,88.95780294705862,212.19848503290854,197.6570043622035,387.6331949463875,19069.612868092765,diana,0.9223746845371176,alice,0.8230361032307028,0.09933858130641482,diana,diana,diana,1,1,1,0,0,12.609794486034122,8.24225927960145,7.033354964741337,27.88540873037691
Bright_Near_20260114_210200_T2,1736900008.16,204,Bright,Near,4,4,1280,720,22.728451200157146,1,1,chen,2,1,0.7766451971620153,453.21843169463057,296.0885578047256,536.7806179413049,465.72227550006403,14174.964311773636,chen,0.8109808527534743,bob,0.663259252214532,0.14772160053894234,chen,chen,chen,1,1,1,0,0,12.609794486034122,8.24225927960145,7.033354964741337,27.88540873037691
Bright_Near_20260114_210200_T2,1736900008.16,204,Bright,Near,4,4,1280,720,22.728451200157146,1,2,alice,3,1,0.7758946439362975,753.471971571438,280.29889674097774,860.5819549630091,463.60481200384424,19633.893539382385,alice,0.8975995732761297,bob,0.7348865358439961,0.1627130374321336,alice,alice,alice,1,1,1,0,0,12.609794486034122,8.24225927960145,7.033354964741337,27.88540873037691
Bright_Near_20260114_210200_T2,1736900008.16,204,Bright,Near,4,4,1280,720,22.728451200157146,1,3,bob,4,1,0.792321854775962,1052.3293085315395,229.4155652267887,1171.5297684470752,436.4562686995614,24679.34707519056,bob,0.902150035035515,alice,0.8408622191749726,0.06128781586054244,bob,bob,bob,2,1,1,0,0,12.609794486034122,8.24225927960145,7.033354964741337,27.88540873037691
Bright_Near_20260114_210200_T2,1736900008.2,205,Bright,Near,4,4,1280,720,23.006420294671734,2,0,diana,1,1,0.8165206587695532,94.79267056392528,232.71998334167046,198.34041071680144,393.26805254239747,16624.389751642862,diana,0.9092673234447494,chen,0.7626846755410761,0.14658264790367326,diana,diana,diana,1,1,1,0,0,11.154223456304504,8.088637126414586,10.458627188736681,29.70148777145577
Bright_Near_20260114_210200_T2,1736900008.2,205,Bright,Near,4,4,1280,720,23.006420294671734,2,1,chen,2,1,0.8578388242363871,398.6423440852192,202.92754458178433,525.2054814870239,357.24750222998034,19531.21800366932,chen,0.9085882271556696,alice,0.8394563594261535,0.06913186772951607,chen,chen,chen,1,1,1,0,0,11.154223456304504,8.088637126414586,10.458627188736681,29.70148777145577
Bright_Near_20260114_210200_T2,1736900008.2,205,Bright,Near,4,4,1280,720,23.006420294671734,2,2,alice,3,1,0.8449091625400833,724.9151131372965,167.3428460298951,820.108802928242,371.99126406819914,19481.238022946036,diana,0.7884967912014887,chen,0.7295268411231891,0.05896995007829964,unknown,unknown,unknown,0,0,0,0,0,11.154223456304504,8.088637126414586,10.458627188736681,29.70148777145577
Bright_Near_20260114_210200_T2,1736900008.2,205,Bright,Near,4,4,1280,720,23.006420294671734,2,3,bob,4,1,0.7673877950799576,1042.4906468531758,302.91839294134354,1124.6079294230271,478.445520817276,14413.810758462378,bob,0.7911272194152777,chen,0.7042636021405473,0.08686361727473046,bob,bob,bob,2,1,1,0,0,11.154223456304504,8.088637126414586,10.458627188736681,29.70148777145577
Bright_Near_20260114_210200_T2,1736900008.24,206,Bright,Near,4,4,1280,720,26.56895043025997,0,0,diana,1,1,0.7048998304019987,115.47894953995177,227.01400859557168,238.33462563548562,395.5707707887848,20708.154979721316,diana,0.9174518371280453,alice,0.7982774122023442,0.11917442492570118,diana,diana,diana,1,1,1,0,0,10.299448303087773,7.764808857488127,4.705256327704037,22.769513488279937
Bright_Near_20260114_210200_T2,1736900008.24,206,Bright,Near,4,4,1280,720,26.56895043025997,0,1,chen,2,1,0.8962440676251083,435.0810038295079,252.90453521175675,522.8095329313793,393.52311913225276,12336.26153173318,chen,0.9165388628855617,bob,0.8280358027303617,0.08850306015520004,chen,chen,chen,2,1,1,0,0,10.299448303087773,7.764808857488127,4.705256327704037,22.769513488279937
Bright_Near_20260114_210200_T2,1736900008.24,206,Bright,Near,4,4,1280,720,26.56895043025997,0,2,alice,3,1,0.7470703833655146,733.5451051812333,174.26696544782575,843.2924202944621,342.75733228431875,18491.365382748103,alice,0.8392786637183419,chen,0.7732945720220793,0.06598409169626263,alice,alice,alice,2,1,1,0,0,10.299448303087773,7.764808857488127,4.705256327704037,22.769513488279937
Bright_Near_20260114_210200_T2,1736900008.24,206,Bright,Near,4,4,1280,720,26.56895043025997,0,3,bob,4,1,0.7854976949239478,1068.5814253414244,282.6766058003119,1173.7721909217223,422.59762658682735,14718.399297310338,bob,0.8166379302439208,chen,0.659631655091016,0.15700627515290488,bob,bob,bob,2,1,1,0,0,10.299448303087773,7.764808857488127,4.705256327704037,22.769513488279937
Bright_Near_20260114_210200_T2,1736900008.28,207,Bright,Near,4,4,1280,720,22.62283673922417,2,0,diana,1,1,0.8577832100450631,104.56093345978402,202.35626537155315,212.34708796134962,353.8369827632007,16327.524008784116,diana,0.8317806372500564,alice,0.7438295605363587,0.08795107671369762,diana,diana,diana,3,1,1,0,0,10.896264087710215,9.726738416836389,4.434621296938202,25.057623801484805
Bright_Near_20260114_210200_T2,1736900008.28,207,Bright,Near,4,4,1280,720,22.62283673922417,2,1,chen,2,1,0.7538493669554787,427.8571578786698,211.7086895438165,524.585784331594,360.9487736147689,14435.788343902166,chen,0.8749899436947298,alice,0.778400949739937,0.09658899395479281,chen,chen,chen,2,1,1,0,0,10.896264087710215,9.726738416836389,4.434621296938202,25.057623801484805
Bright_Near_20260114_210200_T2,1736900008.28,207,Bright,Near,4,4,1280,720,22.62283673922417,2,2,alice,3,1,0.812446645160464,754.4207781155109,260.44395808126694,876.5186329197855,441.3508904134071,22088.348356976396,alice,0.9042989285412775,bob,0.8250384408694306,0.0792604876718469,alice,alice,alice,2,1,1,0,0,10.896264087710215,9.726738416836389,4.434621296938202,25.057623801484805
Bright_Near_20260114_210200_T2,1736900008.28,207,Bright,Near,4,4,1280,720,22.62283673922417,2,3,bob,4,1,0.7671634181813825,1068.4277885386368,162.1332813293589,1161.1236034211674,346.0670785918453,17049.893221684353,bob,0.878801178776202,chen,0.7746148323249227,0.10418634645127933,bob,bob,bob,1,1,1,0,0,10.896264087710215,9.726738416836389,4.434621296938202,25.057623801484805
Bright_Near_20260114_210200_T2,1736900008.32,208,Bright,Near,4,4,1280,720,27.367903828221102,1,0,diana,1,1,0.8167780838016758,85.83444052876332,119.3943079141403,207.40639362392108,309.61369165647807,23125.341998113297,diana,0.8784260571200092,bob,0.7813920541651814,0.09703400295482778,diana,diana,diana,2,1,1,0,0,12.060940919601316,5.373018079642475,7.168001465436206,24.601960464679998
Bright_Near_20260114_210200_T2,1736900008.32,208,Bright,Near,4,4,1280,720,27.367903828221102,1,1,chen,2,1,0.6912800101905724,389.07686981768734,258.12324420211667,504.4227336536384,425.7670857938376,19337.02372517439,bob,0.6867422960800675,alice,0.6624532590305658,0.024289037049501694,unknown,unknown,unknown,0,0,0,0,0,12.060940919601316,5.373018079642475,7.168001465436206,24.601960464679998
Bright_Near_20260114_210200_T2,1736900008.32,208,Bright,Near,4,4,1280,720,27.367903828221102,1,2,alice,3,1,0.7881650880745534,751.812523713326,261.890964012751,843.8006832643842,426.7809021925878,15167.921941650966,alice,0.8348436489966353,chen,0.6850171819994701,0.14982646699716518,alice,alice,alice,2,1,1,0,0,12.060940919601316,5.373018079642475,7.168001465436206,24.601960464679998
Bright_Near_20260114_210200_T2,1736900008.32,208,Bright,Near,4,4,1280,720,27.367903828221102,1,3,bob,4,1,0.6845624538897475,1070.5253430541397,318.8262721614337,1176.9501234153672,489.99477778264094,18216.570615496512,bob,0.743259734744365,alice,0.5727627364011021,0.17049699834326293,bob,bob,bob,1,1,1,0,0,12.060940919601316,5.373018079642475,7.168001465436206,24.601960464679998
Bright_Near_20260114_210200_T2,1736900008.36,209,Bright,Near,4,4,1280,720,26.29046783509529,1,0,diana,1,1,0.9309783367371901,113.78220328416612,235.83448641320336,228.8324525679174,417.7690893498912,20931.62142120624,diana,0.8590112215261975,chen,0.7370119252232505,0.12199929630294692,diana,diana,diana,2,1,1,0,0,10.247090763636383,6.403040242982868,11.634756073896014,28.284887080515265
Bright_Near_20260114_210200_T2,1736900008.36,209,Bright,Near,4,4,1280,720,26.29046783509529,1,1,chen,2,1,0.6843133636448789,399.64817238842767,220.29042051667568,519.4823053537416,370.2722860526468,17972.946817023396,chen,0.8757478664245902,bob,0.7372944060511516,0.13845346037343864,chen,chen,chen,1,1,1,0,0,10.247090763636383,6.403040242982868,11.634756073896014,28.284887080515265
Bright_Near_20260114_210200_T2,1736900008.36,209,Bright,Near,4,4,1280,720,26.29046783509529,1,2,alice,3,1,0.7471216772879294,739.507075878491,137.0939358198617,848.7568676120094,331.94297612804354,21287.217073144788,alice,0.8018265157874331,bob,0.7390871398569789,0.0627393759304542,alice,alice,alice,1,1,1,0,0,10.247090763636383,6.403040242982868,11.634756073896014,28.284887080515265
Bright_Near_20260114_210200_T2,1736900008.36,209,Bright,Near,4,4,1280,720,26.29046783509529,1,3,bob,4,1,0.655627199517741,1071.6097113541227,312.709150511241,1194.0875227953961,507.51100741684104,23858.905098494004,chen,0.9187665114759918,bob,0.8814378748941909,0.037328636581800856,chen,chen,chen,1,0,0,1,0,10.247090763636383,6.403040242982868,11.634756073896014,28.284887080515265
Bright_Near_20260114_210200_T2,1736900008.4,210,Bright,Near,4,4,1280,720,25.005847795620948,1,0,diana,1,1,0.8310402517130118,121.38847501988337,184.62386588995793,226.01218435017196,371.9500619308597,19598.761484531966,diana,0.8893656924505626,chen,0.7266372071525442,0.16272848529801842,diana,diana,diana,2,1,1,0,0,18.116780109592487,8.569952985093273,12.70771999006654,39.3944530847523
Bright_Near_20260114_210200_T2,1736900008.4,210,Bright,Near,4,4,1280,720,25.005847795620948,1,1,chen,2,1,0.6861993973716634,415.28358910953494,230.15674859020464,503.84726140969093,374.3432875062538,12769.689382654664,chen,0.8603546480912465,alice,0.7067874738812117,0.15356717421003485,chen,chen,chen,2,1,1,0,0,18.116780109592487,8.569952985093273,12.70771999006654,39.3944530847523
Bright_Near_20260114_210200_T2,1736900008.4,210,Bright,Near,4,4,1280,720,25.005847795620948,1,2,alice,3,1,0.6518818923241712,733.5880799607202,214.9431111216989,822.8785094033998,426.59302204272575,18898.311437643377,alice,0.8521332929510905,diana,0.7076149512166854,0.14451834173440514,alice,alice,alice,2,1,1,0,0,18.116780109592487,8.569952985093273,12.70771999006654,39.3944530847523
Bright_Near_20260114_210200_T2,1736900008.4,210,Bright,Near,4,4,1280,720,25.005847795620948,1,3,bob,4,1,0.7199930866953235,1096.766648407943,271.4976310781278,1195.2743723741794,477.3297641076034,20276.054943849238,bob,0.8393696391880855,alice,0.6923179704930935,0.14705166869499198,bob,bob,bob,1,1,1,0,0,18.116780109592487,8.569952985093273,12.70771999006654,39.3944530847523
Bright_Near_20260114_210200_T2,1736900008.44,211,Bright,Near,4,4,1280,720,27.045735087454673,1,0,diana,1,1,0.7528908880124109,135.14504291722423,207.72548154392956,221.77503936311385,352.32905948605213,12527.007443189,diana,0.8120943608064486,bob,0.7222476865289238,0.0898466742775248,diana,diana,diana,1,1,1,0,0,10.422591370977246,5.743907820876176,10.355311132414213,26.521810324267634
Bright_Near_20260114_210200_T2,1736900008.44,211,Bright,Near,4,4,1280,720,27.045735087454673,1,1,chen,2,1,0.7914774420960857,417.3358173584065,279.0652066864651,527.9934426902298,466.7618082083552,20770.06020726586,chen,0.9329375190956826,diana,0.8301237372331084,0.10281378186257417,chen,chen,chen,1,1,1,0,0,10.422591370977246,5.743907820876176,10.355311132414213,26.521810324267634
Bright_Near_20260114_210200_T2,1736900008.44,211,Bright,Near,4,4,1280,720,27.045735087454673,1,2,alice,3,1,0.7029257515425318,735.7855213677625,241.4069378245528,838.2387539613136,395.7566308054849,15813.624995718637,alice,0.9076087089916732,chen,0.8354860982848409,0.07212261070683235,alice,alice,alice,2,1,1,0,0,10.422591370977246,5.743907820876176,10.355311132414213,26.521810324267634
Bright_Near_20260114_210200_T2,1736900008.44,211,Bright,Near,4,4,1280,720,27.045735087454673,1,3,bob,4,1,0.9001583322081712,1074.0076376616344,169.07582862580443,1160.8011714470595,331.9517347518035,14136.575461178625,bob,0.8428536111572724,diana,0.6700671739208246,0.17278643723644782,bob,bob,bob,2,1,1,0,0,10.422591370977246,5.743907820876176,10.355311132414213,26.521810324267634
Bright_Near_20260114_210200_T2,1736900008.48,212,Bright,Near,4,4,1280,720,25.77939510910585,1,0,diana,1,1,0.7655055810499019,129.61841469108623,233.18906261423876,228.42380656519077,403.30312209563795,16808.186310354376,diana,0.8372319615773439,alice,0.7374216815766762,0.09981028000066772,diana,diana,diana,2,1,1,0,0,9.275924132182753,5.904417670568447,6.015453241333955,21.195795044085155
Bright_Near_20260114_210200_T2,1736900008.48,212,Bright,Near,4,4,1280,720,25.77939510910585,1,1,chen,2,1,0.6830618691652792,416.6716837371893,246.67263305463933,539.2056091480382,454.2795096830527,25438.885535565314,chen,0.9296581956844697,diana,0.7890031687022517,0.140655026982218,chen,chen,chen,3,1,1,0,0,9.275924132182753,5.904417670568447,6.015453241333955,21.195795044085155
Bright_Near_20260114_210200_T2,1736900008.48,212,Bright,Near,4,4,1280,720,25.77939510910585,1,2,alice,3,1,0.7271851939797754,733.0822994714362,240.68288827060172,842.688659113085,415.01919003951065,19108.367390278054,alice,0.8384164836208468,diana,0.6674813453437294,0.17093513827711737,alice,alice,alice,3,1,1,0,0,9.275924132182753,5.904417670568447,6.015453241333955,21.195795044085155
Bright_Near_20260114_210200_T2,1736900008.48,212,Bright,Near,4,4,1280,720,25.77939510910585,1,3,bob,4,1,0.9255570786675846,1064.1074454645018,229.32706858386993,1190.6625014433575,403.39888079493005,22029.66793871158,bob,0.8835745333771385,chen,0.7271267213273104,0.15644781204982816,bob,bob,bob,3,1,1,0,0,9.275924132182753,5.904417670568447,6.015453241333955,21.195795044085155
Bright_Near_20260114_210200_T2,1736900008.52,213,Bright,Near,4,4,1280,720,24.730255798580117,1,0,diana,1,1,0.7303509106513185,122.03052020794081,241.7914168686093,219.65414737207368,445.956155455916,19931.302319909882,diana,0.8593073663692589,alice,0.7660438071978364,0.09326355917142248,diana,diana,diana,3,1,1,0,0,8.57508474432516,6.9091076441622405,4.516725546821572,20.000917935308973
Bright_Near_20260114_210200_T2,1736900008.52,213,Bright,Near,4,4,1280,720,24.730255798580117,1,1,chen,2,1,0.7796359121764564,417.24628582674535,224.4306657411949,539.3279312939219,422.13437164709586,24135.993731951137,chen,0.8439065844467856,bob,0.7158901718734063,0.12801641257337926,chen,chen,chen,2,1,1,0,0,8.57508474432516,6.9091076441622405,4.516725546821572,20.000917935308973
Bright_Near_20260114_210200_T2,1736900008.52,213,Bright,Near,4,4,1280,720,24.730255798580117,1,2,alice,3,1,0.6870490399470361,741.711876845296,175.5330749927579,868.3734300850372,376.38006453719663,25439.591659224658,alice,0.8446667883023488,chen,0.6795156214520712,0.16515116685027753,alice,alice,alice,1,1,1,0,0,8.57508474432516,6.9091076441622405,4.516725546821572,20.000917935308973
Bright_Near_20260114_210200_T2,1736900008.52,213,Bright,Near,4,4,1280,720,24.730255798580117,1,3,bob,4,1,0.7051542574732386,1078.7027657007045,222.65133547635125,1165.4319190624612,373.33903637785716,13069.016721217236,diana,0.8895634350771395,bob,0.8772381536272877,0.012325281449851788,unknown,unknown,unknown,0,0,0,0,0,8.57508474432516,6.9091076441622405,4.516725546821572,20.000917935308973
Bright_Near_20260114_210200_T2,1736900008.56,214,Bright,Near,4,4,1280,720,26.055642804792807,0,0,diana,1,1,0.7266273942611264,73.0600342436974,246.87202185216051,187.50645790567856,402.16646823521114,17772.89400310743,diana,0.7947274442663015,alice,0.6960655959906716,0.09866184827562985,diana,diana,diana,1,1,1,0,0,13.257679138057327,6.896479317366866,6.075297008072811,26.229455463497004
Bright_Near_20260114_210200_T2,1736900008.56,214,Bright,Near,4,4,1280,720,26.055642804792807,0,1,chen,2,1,0.7164035741972797,384.37869228375234,318.9724862503649,471.15238539743746,474.8885664103018,13529.414091287092,chen,0.8962179485148586,alice,0.8070498753775615,0.08916807313729713,chen,chen,chen,1,1,1,0,0,13.257679138057327,6.896479317366866,6.075297008072811,26.229455463497004
Bright_Near_20260114_210200_T2,1736900008.56,214,Bright,Near,4,4,1280,720,26.055642804792807,0,2,alice,3,1,0.8308400710171185,751.9598696390848,283.60952533831454,850.6830641883001,430.2886362495097,14480.630402791856,bob,0.7587732409082053,alice,0.6610920971060945,0.09768114380211079,bob,bob,bob,1,0,0,1,0,13.257679138057327,6.896479317366866,6.075297008072811,26.229455463497004
Bright_Near_20260114_210200_T2,1736900008.56,214,Bright,Near,4,4,1280,720,26.055642804792807,0,3,bob,4,1,0.9093105398717289,1052.820401792742,194.46455113184402,1158.5537876583426,360.1396248322051,17517.386495872106,bob,0.8216128892818896,alice,0.7405198228685159,0.08109306641337366,bob,bob,bob,2,1,1,0,0,13.257679138057327,6.896479317366866,6.075297008072811,26.229455463497004
Bright_Near_20260114_210200_T2,1736900008.6,215,Bright,Near,4,4,1280,720,21.931593785847664,4,0,diana,1,1,0.8440696578205994,67.31193649284415,188.39604997286511,184.45639251237708,390.930293966243,23725.76383793161,diana,0.9306913818889936,chen,0.8379455392797522,0.09274584260924135,diana,diana,diana,3,1,1,0,0,12.210692868882205,5.387013227577582,6.826623862804166,24.424329959263954
Bright_Near_20260114_210200_T2,1736900008.6,215,Bright,Near,4,4,1280,720,21.931593785847664,4,1,chen,2,1,0.708184021223856,412.0617407204538,226.23677643129497,524.0027822600689,425.29889644156594,22283.221045033584,diana,0.7299616307981707,alice,0.6578121349305766,0.07214949586759412,unknown,unknown,unknown,0,0,0,0,0,12.210692868882205,5.387013227577582,6.826623862804166,24.424329959263954
Bright_Near_20260114_210200_T2,1736900008.6,215,Bright,Near,4,4,1280,720,21.931593785847664,4,2,alice,3,1,0.8995538467186148,746.0970422728224,220.85797642315828,826.3690131824228,412.8405166923281,15410.816887637995,bob,0.6124906651007478,diana,0.5965343852055984,0.01595627989514936,unknown,unknown,unknown,0,0,0,0,0,12.210692868882205,5.387013227577582,6.826623862804166,24.424329959263954
Bright_Near_20260114_210200_T2,1736900008.6,215,Bright,Near,4,4,1280,720,21.931593785847664,4,3,bob,4,1,0.6954636916962573,1050.4308924865354,267.4938995911822,1174.6779022122637,404.67223766336065,17043.9983046132,bob,0.8979615403763443,diana,0.7513050244981772,0.1466565158781672,bob,bob,bob,2,1,1,0,0,12.210692868882205,5.387013227577582,6.826623862804166,24.424329959263954
Bright_Near_20260114_210200_T2,1736900008.64,216,Bright,Near,4,4,1280,720,26.415486681228796,0,0,diana,1,1,0.9175167569944003,106.30253254534708,283.04880050863903,207.34136758626275,443.75709339521416,16237.778694673825,alice,0.6457679582859712,bob,0.5759223860881741,0.06984557219779708,unknown,unknown,unknown,0,0,0,0,0,17.435737025763686,11.77644059914596,5.317391643316714,34.52956926822636
Bright_Near_20260114_210200_T2,1736900008.64,216,Bright,Near,4,4,1280,720,26.415486681228796,0,1,chen,2,1,0.8842039647519526,400.50131721950834,284.4261145752905,484.0267307985199,447.6945497560813,13637.063572873592,bob,0.8388916662553234,chen,0.7991402860513263,0.039751380203997155,bob,bob,bob,1,0,0,1,0,17.435737025763686,11.77644059914596,5.317391643316714,34.52956926822636
Bright_Near_20260114_210200_T2,1736900008.64,216,Bright,Near,4,4,1280,720,26.415486681228796,0,2,alice,3,1,0.7972776430625104,743.652176932502,184.0902394393753,849.053143844571,394.1101126353218,22136.297705602876,bob,0.7514969423143077,alice,0.7289035477016097,0.022593394612698048,bob,bob,bob,1,0,0,1,0,17.435737025763686,11.77644059914596,5.317391643316714,34.52956926822636
Bright_Near_20260114_210200_T2,1736900008.64,216,Bright,Near,4,4,1280,720,26.415486681228796,0,3,bob,4,1,0.7423371903562025,1091.9798183083965,281.0444994564551,1186.650876316781,413.8076347811061,12568.826485695039,diana,0.6578739966047564,alice,0.6280968380290635,0.029777158575692964,unknown,unknown,unknown,0,0,0,0,0,17.435737025763686,11.77644059914596,5.317391643316714,34.52956926822636
Bright_Near_20260114_210200_T2,1736900008.68,217,Bright,Near,4,4,1280,720,24.37625552805415,3,0,diana,1,1,0.7937872672018763,126.99328865593701,247.29428802941766,211.63929179352374,393.47779017685684,12373.849181435555,diana,0.8662728380907893,alice,0.6916299369454619,0.17464290114532732,diana,diana,diana,2,1,1,0,0,10.020754529250679,6.285876575735438,3.1280964356246415,19.43472754061076
Bright_Near_20260114_210200_T2,1736900008.68,217,Bright,Near,4,4,1280,720,24.37625552805415,3,1,chen,2,1,0.7391672460665192,443.75682291719636,233.63208371208057,525.621474908651,397.2773427997661,13396.762185264795,chen,0.8198880965801236,bob,0.7401511515701307,0.07973694500999295,chen,chen,chen,2,1,1,0,0,10.020754529250679,6.285876575735438,3.1280964356246415,19.43472754061076
Bright_Near_20260114_210200_T2,1736900008.68,217,Bright,Near,4,4,1280,720,24.37625552805415,3,2,alice,3,1,0.9435320607186513,734.8254477455331,254.22947777583727,833.9989405123237,441.4478692202425,18567.101789721888,alice,0.8571131196611389,bob,0.7418997297705956,0.1152133898905433,alice,alice,alice,1,1,1,0,0,10.020754529250679,6.285876575735438,3.1280964356246415,19.43472754061076
Bright_Near_20260114_210200_T2,1736900008.68,217,Bright,Near,4,4,1280,720,24.37625552805415,3,3,bob,4,1,0.7889442994553174,1097.0342378843434,246.49555386938067,1182.9409584132127,396.94541385477766,12924.654075373015,bob,0.8448348364319966,alice,0.7149380841602975,0.12989675227169917,bob,bob,bob,2,1,1,0,0,10.020754529250679,6.285876575735438,3.1280964356246415,19.43472754061076
Bright_Near_20260114_210200_T2,1736900008.72,218,Bright,Near,4,4,1280,720,25.414301571081648,3,0,diana,1,1,0.8821537081465358,92.36921710590899,236.47248795276562,218.5766583143058,390.9566856667616,19497.055300615495,diana,0.8564378352919071,bob,0.6923652874580237,0.16407254783388336,diana,diana,diana,2,1,1,0,0,14.836900597954099,6.910375184373717,9.755948117543419,31.503223899871234
Bright_Near_20260114_210200_T2,1736900008.72,218,Bright,Near,4,4,1280,720,25.414301571081648,3,1,chen,2,1,0.8586120104547,388.8649939611778,224.50660094843337,511.8813813312926,394.28110774161587,20885.046493240323,chen,0.7885397620016573,diana,0.6602305261322154,0.12830923586944187,chen,chen,chen,1,1,1,0,0,14.836900597954099,6.910375184373717,9.755948117543419,31.503223899871234
Bright_Near_20260114_210200_T2,1736900008.72,218,Bright,Near,4,4,1280,720,25.414301571081648,3,2,alice,3,1,0.7759826287000597,738.3102951430853,238.6101236222869,863.2483065937124,453.0913726604691,26796.86074827721,alice,0.9230954941969024,bob,0.7763354658598027,0.14676002833709967,alice,alice,alice,3,1,1,0,0,14.836900597954099,6.910375184373717,9.755948117543419,31.503223899871234
Bright_Near_20260114_210200_T2,1736900008.72,218,Bright,Near,4,4,1280,720,25.414301571081648,3,3,bob,4,1,0.8315087607014185,1075.1056651896888,204.27351502173187,1178.2304675272812,367.94765246666066,16878.863071784217,bob,0.8180388908599374,chen,0.7174266744165306,0.10061221644340679,bob,bob,bob,3,1,1,0,0,14.836900597954099,6.910375184373717,9.755948117543419,31.503223899871234
Bright_Near_20260114_210200_T2,1736900008.76,219,Bright,Near,4,4,1280,720,24.813068835355654,1,0,diana,1,1,0.810713124865883,83.29960492743396,211.5280555143368,191.93935248158857,413.30125970053183,21920.58996598112,diana,0.8026896902465916,bob,0.6880552903837345,0.11463439986285717,diana,diana,diana,1,1,1,0,0,10.399232995763311,6.9969293379290685,11.725274959372413,29.12143729306479
Bright_Near_20260114_210200_T2,1736900008.76,219,Bright,Near,4,4,1280,720,24.813068835355654,1,1,chen,2,1,0.7644829092316852,431.01877469720415,187.87009270617892,533.2524668082647,327.570029329453,14282.04030867847,chen,0.858480813707635,alice,0.780023244947572,0.07845756876006293,chen,chen,chen,2,1,1,0,0,10.399232995763311,6.9969293379290685,11.725274959372413,29.12143729306479
Bright_Near_20260114_210200_T2,1736900008.76,219,Bright,Near,4,4,1280,720,24.813068835355654,1,2,alice,3,1,0.7762822763974491,756.8069776842483,244.71449096194743,838.8664730935659,424.2584996815837,14733.290759299474,alice,0.8377616173543037,diana,0.7322270494739284,0.1055345678803753,alice,alice,alice,2,1,1,0,0,10.399232995763311,6.9969293379290685,11.725274959372413,29.12143729306479
Bright_Near_20260114_210200_T2,1736900008.76,219,Bright,Near,4,4,1280,720,24.813068835355654,1,3,bob,-1,0,-1.0,-1.0,-1.0,-1.0,-1.0,0.0,unknown,-1.0,unknown,-1.0,-1.0,unknown,unknown,unknown,0,0,0,0,1,10.399232995763311,6.9969293379290685,11.725274959372413,29.12143729306479
Bright_Near_20260114_210200_T2,1736900008.8,220,Bright,Near,4,4,1280,720,22.066509015285686,2,0,diana,1,1,0.8139417423663335,120.49247814470257,206.34753844712583,201.1342334307864,411.9122544311535,16577.09952183728,diana,0.8896808967189386,chen,0.7998092691016476,0.08987162761729095,diana,diana,diana,1,1,1,0,0,10.224059909493219,6.9898076996507275,8.646360632770719,25.860228241914665
Bright_Near_20260114_210200_T2,1736900008.8,220,Bright,Near,4,4,1280,720,22.066509015285686,2,1,chen,2,1,0.7940194612305668,407.9568736710799,228.76426287791114,513.5178951466319,416.5307605365713,19820.823291735003,alice,0.8404064997227981,chen,0.7853748620204745,0.055031637702323666,alice,alice,alice,1,0,0,1,0,10.224059909493219,6.9898076996507275,8.646360632770719,25.860228241914665
Bright_Near_20260114_210200_T2,1736900008.8,220,Bright,Near,4,4,1280,720,22.066509015285686,2,2,alice,3,1,0.7475199227300328,752.7990992913222,214.84658326751298,855.8660448212025,357.06101800265606,14657.607398409706,alice,0.8907327078502664,chen,0.7788054424926872,0.11192726535757913,alice,alice,alice,2,1,1,0,0,10.224059909493219,6.9898076996507275,8.646360632770719,25.860228241914665
Bright_Near_20260114_210200_T2,1736900008.8,220,Bright,Near,4,4,1280,720,22.066509015285686,2,3,bob,4,1,0.7163641370086177,1068.600188431826,180.904524292627,1164.7572306405207,360.04752700891095,17225.86127358203,bob,0.8485505085423208,alice,0.6927191419415848,0.15583136660073604,bob,bob,bob,3,1,1,0,0,10.224059909493219,6.9898076996507275,8.646360632770719,25.860228241914665
Bright_Near_20260114_210200_T2,1736900008.84,221,Bright,Near,4,4,1280,720,24.191016885795552,2,0,diana,-1,0,-1.0,-1.0,-1.0,-1.0,-1.0,0.0,unknown,-1.0,unknown,-1.0,-1.0,unknown,unknown,unknown,0,0,0,0,1,14.120876071768974,6.966141563170687,8.26934019723503,29.35635783217469
Bright_Near_20260114_210200_T2,1736900008.84,221,Bright,Near,4,4,1280,720,24.191016885795552,2,1,chen,2,1,0.8760465471737802,420.2895500087251,218.9956337030738,532.1482612200724,376.8291816265465,17655.057256634078,chen,0.9166774713970671,alice,0.7844263223833814,0.13225114901368573,chen,chen,chen,1,1,1,0,0,14.120876071768974,6.966141563170687,8.26934019723503,29.35635783217469
Bright_Near_20260114_210200_T2,1736900008.84,221,Bright,Near,4,4,1280,720,24.191016885795552,2,2,alice,3,1,0.8635783933099207,732.6582383916034,264.91472314570285,845.7730628967877,446.30527792340297,20517.960770577567,alice,0.8864610657815358,chen,0.7170569661142627,0.1694040996672731,alice,alice,alice,2,1,1,0,0,14.120876071768974,6.966141563170687,8.26934019723503,29.35635783217469
Bright_Near_20260114_210200_T2,1736900008.84,221,Bright,Near,4,4,1280,720,24.191016885795552,2,3,bob,4,1,0.8288059260518901,1094.9571977058392,228.75619721595365,1177.8705691274643,421.85793191748655,16010.715851468294,bob,0.8176078824857813,alice,0.6972396055305887,0.12036827695519259,bob,bob,bob,2,1,1,0,0,14.120876071768974,6.966141563170687,8.26934019723503,29.35635783217469
Bright_Near_20260114_210200_T2,1736900008.88,222,Bright,Near,4,4,1280,720,26.230551594240705,1,0,diana,-1,0,-1.0,-1.0,-1.0,-1.0,-1.0,0.0,unknown,-1.0,unknown,-1.0,-1.0,unknown,unknown,unknown,0,0,0,0,1,15.346225236398713,13.00560271879064,9.861812935038392,38.213640890227744
Bright_Near_20260114_210200_T2,1736900008.88,222,Bright,Near,4,4,1280,720,26.230551594240705,1,1,chen,-1,0,-1.0,-1.0,-1.0,-1.0,-1.0,0.0,unknown,-1.0,unknown,-1.0,-1.0,unknown,unknown,unknown,0,0,0,0,1,15.346225236398713,13.00560271879064,9.861812935038392,38.213640890227744
Bright_Near_20260114_210200_T2,1736900008.88,222,Bright,Near,4,4,1280,720,26.230551594240705,1,2,alice,3,1,0.7055863750897058,743.6818529942627,222.8541249787264,824.7294182215699,388.2414585352136,13404.2407041898,alice,0.8043530238886998,bob,0.6280205753822632,0.1763324485064366,alice,alice,alice,2,1,1,0,0,15.346225236398713,13.00560271879064,9.861812935038392,38.213640890227744
Bright_Near_20260114_210200_T2,1736900008.88,222,Bright,Near,4,4,1280,720,26.230551594240705,1,3,bob,4,1,0.8941956339837209,1094.14293774792,194.3257137998703,1197.5778330592855,388.1855091123572,20051.867633229802,bob,0.8289400085357512,alice,0.6579907114378178,0.17094929709793338,bob,bob,bob,1,1,1,0,0,15.346225236398713,13.00560271879064,9.861812935038392,38.213640890227744
Bright_Near_20260114_210200_T2,1736900008.92,223,Bright,Near,4,4,1280,720,26.715883038497843,0,0,diana,1,1,0.8949575944616744,85.58491793300963,205.96486802243956,210.96636086039132,346.75349028041785,17652.280606463402,diana,0.828224670033934,alice,0.678975247431415,0.14924942260251894,diana,diana,diana,2,1,1,0,0,11.679978990789468,11.41013284381115,7.965493977276148,31.055605811876767
Bright_Near_20260114_210200_T2,1736900008.92,223,Bright,Near,4,4,1280,720,26.715883038497843,0,1,chen,2,1,0.7261573813551674,403.91371295308437,219.6927589663273,528.2294794185214,357.32801754940107,17110.23266342343,chen,0.8293539230816632,diana,0.6997531865934372,0.129600736488226,chen,chen,chen,2,1,1,0,0,11.679978990789468,11.41013284381115,7.965493977276148,31.055605811876767
Bright_Near_20260114_210200_T2,1736900008.92,223,Bright,Near,4,4,1280,720,26.715883038497843,0,2,alice,3,1,0.5832619952214101,749.3822091856516,227.27810909640414,833.0082163876316,424.3542437587138,16480.690256608683,alice,0.8184509474255643,diana,0.6420548733486535,0.17639607407691082,alice,alice,alice,3,1,1,0,0,11.679978990789468,11.41013284381115,7.965493977276148,31.055605811876767
Bright_Near_20260114_210200_T2,1736900008.92,223,Bright,Near,4,4,1280,720,26.715883038497843,0,3,bob,4,1,0.7426746542204427,1060.6323490859672,252.03576289628452,1164.836982894264,420.5444138285045,17559.382263922107,bob,0.9366021321057685,alice,0.8098860217982623,0.12671611030750618,bob,bob,bob,2,1,1,0,0,11.679978990789468,11.41013284381115,7.965493977276148,31.055605811876767
Bright_Near_20260114_210200_T2,1736900008.96,224,Bright,Near,4,4,1280,720,26.13845533058839,0,0,diana,1,1,0.8692773782883613,115.08784505080257,174.1808099134089,216.98049432091284,376.10793692080983,20574.889930286114,diana,0.941017190743674,alice,0.8071835048330414,0.1338336859106326,diana,diana,diana,2,1,1,0,0,13.492853261443347,9.368926971936427,4.611011592118109,27.472791825497882
Bright_Near_20260114_210200_T2,1736900008.96,224,Bright,Near,4,4,1280,720,26.13845533058839,0,1,chen,2,1,0.7443611682897584,401.48734299489735,237.67450882536724,512.968977345671,382.76453334774686,16174.873061748702,chen,0.8355204939198378,diana,0.680355355054068,0.15516513886576988,chen,chen,chen,2,1,1,0,0,13.492853261443347,9.368926971936427,4.611011592118109,27.472791825497882
Bright_Near_20260114_210200_T2,1736900008.96,224,Bright,Near,4,4,1280,720,26.13845533058839,0,2,alice,3,1,0.8387634689444282,771.2675596414082,189.13091412974137,853.4758862809075,390.44527623820676,16549.716837435168,alice,0.9456290658496573,diana,0.8373968381851848,0.10823222766447249,alice,alice,alice,1,1,1,0,0,13.492853261443347,9.368926971936427,4.611011592118109,27.472791825497882
Bright_Near_20260114_210200_T2,1736900008.96,224,Bright,Near,4,4,1280,720,26.13845533058839,0,3,bob,4,1,0.7424893577130383,1044.540826822267,239.96806315077066,1168.698534549111,379.23029190627807,17290.479095215167,bob,0.824607673771146,diana,0.7307543139410911,0.09385335983005483,bob,bob,bob,3,1,1,0,0,13.492853261443347,9.368926971936427,4.611011592118109,27.472791825497882
Bright_Near_20260114_210200_T2,1736900009.0,225,Bright,Near,4,4,1280,720,24.196362298848726,1,0,diana,1,1,0.8505282569718883,107.64581802036537,195.28576613529438,221.24621262441224,374.0583688865096,20308.63821693056,diana,0.8359749599687754,bob,0.7136856961202946,0.12228926384848071,diana,diana,diana,1,1,1,0,0,14.716504025400672,10.371466338866085,9.633511481964533,34.72148184623129
Bright_Near_20260114_210200_T2,1736900009.0,225,Bright,Near,4,4,1280,720,24.196362298848726,1,1,chen,2,1,0.7527302181325759,416.5363206443787,227.10423210277304,511.0381141742959,377.1091859947794,14175.737181167138,chen,0.8558199178376243,diana,0.7137310386524559,0.14208887918516844,chen,chen,chen,2,1,1,0,0,14.716504025400672,10.371466338866085,9.633511481964533,34.72148184623129
Bright_Near_20260114_210200_T2,1736900009.0,225,Bright,Near,4,4,1280,720,24.196362298848726,1,2,alice,3,1,0.8136338622406856,756.6728621391037,318.2747490821258,863.159907791113,525.6273362037034,22080.364410877675,alice,0.8938870359842069,diana,0.8307887725559836,0.06309826342822333,alice,alice,alice,1,1,1,0,0,14.716504025400672,10.371466338866085,9.633511481964533,34.72148184623129
Bright_Near_20260114_210200_T2,1736900009.0,225,Bright,Near,4,4,1280,720,24.196362298848726,1,3,bob,4,1,0.798985500723038,1064.7572084245346,239.44853306018354,1180.5596645217063,421.57198728838193,21090.343312526198,bob,0.9510429186482857,diana,0.8153435940679807,0.13569932458030498,bob,bob,bob,2,1,1,0,0,14.716504025400672,10.371466338866085,9.633511481964533,34.72148184623129
Bright_Near_20260114_210200_T2,1736900009.04,226,Bright,Near,4,4,1280,720,24.525482662365505,0,0,diana,1,1,0.8950777526912925,113.281725127522,294.4914109202126,228.81735173263928,428.3838109315383,15469.342332971522,diana,0.9049948821009605,chen,0.761892829554846,0.1431020525461144,diana,diana,diana,2,1,1,0,0,12.455852236451465,6.18973286441753,7.103691678355202,25.749276779224196
Bright_Near_20260114_210200_T2,1736900009.04,226,Bright,Near,4,4,1280,720,24.525482662365505,0,1,chen,2,1,0.7289352541944516,446.23089525181183,189.1144176757286,572.629111571178,333.1349848584028,18203.94280519346,chen,0.9207681124838472,diana,0.7977345702706228,0.12303354221322438,chen,chen,chen,1,1,1,0,0,12.455852236451465,6.18973286441753,7.103691678355202,25.749276779224196
Bright_Near_20260114_210200_T2,1736900009.04,226,Bright,Near,4,4,1280,720,24.525482662365505,0,2,alice,3,1,0.8433732169021007,733.0936373197669,220.68069319669257,832.5828957481699,388.0568061683474,16652.125358178542,alice,0.8929189264107773,chen,0.743166306169572,0.14975262024120528,alice,alice,alice,1,1,1,0,0,12.455852236451465,6.18973286441753,7.103691678355202,25.749276779224196
Bright_Near_20260114_210200_T2,1736900009.04,226,Bright,Near,4,4,1280,720,24.525482662365505,0,3,bob,4,1,0.8096530714312971,1092.9723023769188,322.4364428494756,1176.4510619431658,456.9903808230223,11232.395836785407,bob,0.8840772015476762,chen,0.7230160409249158,0.16106116062276044,bob,bob,bob,2,1,1,0,0,12.455852236451465,6.18973286441753,7.103691678355202,25.749276779224196
Bright_Near_20260114_210200_T2,1736900009.08,227,Bright,Near,4,4,1280,720,26.241683498526864,1,0,diana,1,1,0.7125280351984653,85.81372513017756,260.03834552298855,202.90692743252868,395.833316037634,15900.667954113185,diana,0.8497161521899455,alice,0.7198141429141947,0.1299020092757508,diana,diana,diana,2,1,1,0,0,15.67695395712603,6.254296431223603,6.7781748538847495,28.70942524223438
Bright_Near_20260114_210200_T2,1736900009.08,227,Bright,Near,4,4,1280,720,26.241683498526864,1,1,chen,2,1,0.8521482175790095,456.9075606143935,255.43601930981214,566.9541017390943,402.64472028384074,16199.808365652223,diana,0.6729870728244844,chen,0.5923730192042747,0.08061405362020979,diana,diana,diana,1,0,0,1,0,15.67695395712603,6.254296431223603,6.7781748538847495,28.70942524223438
Bright_Near_20260114_210200_T2,1736900009.08,227,Bright,Near,4,4,1280,720,26.241683498526864,1,2,alice,3,1,0.7900069213254887,741.4288012299953,220.40705857795092,861.0550543284562,420.56314561688157,23943.922727316687,alice,0.7627480359212611,diana,0.6659410110497619,0.09680702487149917,alice,alice,alice,3,1,1,0,0,15.67695395712603,6.254296431223603,6.7781748538847495,28.70942524223438
Bright_Near_20260114_210200_T2,1736900009.08,227,Bright,Near,4,4,1280,720,26.241683498526864,1,3,bob,4,1,0.7439871079253957,1070.1796951264469,153.9836884552044,1188.4108732609934,320.4738995112799,19684.333801029115,bob,0.8448327088542436,alice,0.7111731774536951,0.13365953140054843,bob,bob,bob,2,1,1,0,0,15.67695395712603,6.254296431223603,6.7781748538847495,28.70942524223438
Bright_Near_20260114_210200_T2,1736900009.12,228,Bright,Near,4,4,1280,720,23.896935950085073,1,0,diana,1,1,0.809367171280694,111.7863457887031,146.56311625225675,196.02910545286625,357.18299669833283,17743.199968913563,diana,0.8182684616674876,bob,0.748887392176456,0.06938106949103162,diana,diana,diana,2,1,1,0,0,14.612355627162401,8.899213594874967,3.9779660980323843,27.489535320069752
Bright_Near_20260114_210200_T2,1736900009.12,228,Bright,Near,4,4,1280,720,23.896935950085073,1,1,chen,2,1,0.759236434945067,435.1719829768776,196.2230533996215,526.3647265499101,362.80831281803233,15191.366845190234,chen,0.8891629925045498,diana,0.7240471212054522,0.16511587129909755,chen,chen,chen,3,1,1,0,0,14.612355627162401,8.899213594874967,3.9779660980323843,27.489535320069752
Bright_Near_20260114_210200_T2,1736900009.12,228,Bright,Near,4,4,1280,720,23.896935950085073,1,2,alice,3,1,0.695607346381834,733.1152152469298,293.5197438419142,838.3730995759503,424.9296878636261,13831.932687520411,alice,0.8666631448116895,bob,0.8027909448686639,0.06387219994302562,alice,alice,alice,2,1,1,0,0,14.612355627162401,8.899213594874967,3.9779660980323843,27.489535320069752
Bright_Near_20260114_210200_T2,1736900009.12,228,Bright,Near,4,4,1280,720,23.896935950085073,1,3,bob,4,1,0.7407986398342535,1073.3568463084118,267.8917097813122,1154.4983587240556,427.9087113580164,12984.02152015023,bob,0.8694390263438279,chen,0.7048422095964972,0.16459681674733062,bob,bob,bob,2,1,1,0,0,14.612355627162401,8.899213594874967,3.9779660980323843,27.489535320069752
Bright_Near_20260114_210200_T2,1736900009.16,229,Bright,Near,4,4,1280,720,26.05399841543457,0,0,diana,1,1,0.8888206362729496,86.41160202564382,282.50943307267323,210.78739272498288,469.96209910399625,23314.573556344938,diana,0.8919314648592872,alice,0.7381180399872121,0.15381342487207506,diana,diana,diana,1,1,1,0,0,12.6815907942194,7.430510838072795,6.936749475431736,27.04885110772393
Bright_Near_20260114_210200_T2,1736900009.16,229,Bright,Near,4,4,1280,720,26.05399841543457,0,1,chen,2,1,0.7382840946581349,396.0789464306685,272.3985731392513,508.57854384779813,432.8361711677277,18049.16518877486,chen,0.8925094014660138,diana,0.7647191285413285,0.12779027292468526,chen,chen,chen,2,1,1,0,0,12.6815907942194,7.430510838072795,6.936749475431736,27.04885110772393
Bright_Near_20260114_210200_T2,1736900009.16,229,Bright,Near,4,4,1280,720,26.05399841543457,0,2,alice,3,1,0.926397547320692,750.4694074839169,223.2615901658264,850.0522508163679,370.77035631373406,14689.34234947023,alice,0.8896531870206967,diana,0.7917923941999857,0.09786079282071103,alice,alice,alice,2,1,1,0,0,12.6815907942194,7.430510838072795,6.936749475431736,27.04885110772393
Bright_Near_20260114_210200_T2,1736900009.16,229,Bright,Near,4,4,1280,720,26.05399841543457,0,3,bob,4,1,0.7756053715478373,1056.9561522053589,220.84484250074956,1169.618540708225,421.1443612232064,22566.222195246548,bob,0.8778347714718093,chen,0.7048213642547463,0.17301340721706304,bob,bob,bob,2,1,1,0,0,12.6815907942194,7.430510838072795,6.936749475431736,27.04885110772393
Bright_Near_20260114_210200_T2,1736900009.2,230,Bright,Near,4,4,1280,720,23.99555430426836,0,0,diana,1,1,0.8258828212038835,138.707433937337,228.2681029875134,230.16171363196645,425.81630989351356,18066.628967553872,diana,0.8826186380202518,alice,0.7129301939693311,0.16968844405092065,diana,diana,diana,2,1,1,0,0,8.277135868171069,4.058643274191003,7.029918658883449,19.36569780124552
Bright_Near_20260114_210200_T2,1736900009.2,230,Bright,Near,4,4,1280,720,23.99555430426836,0,1,chen,2,1,0.747043439278841,466.0446651395656,197.76591900007355,555.1695416694365,332.08644628661347,11971.300409840025,chen,0.8104464192928437,bob,0.6324163458214909,0.1780300734713528,chen,chen,chen,2,1,1,0,0,8.277135868171069,4.058643274191003,7.029918658883449,19.36569780124552
Bright_Near_20260114_210200_T2,1736900009.2,230,Bright,Near,4,4,1280,720,23.99555430426836,0,2,alice,3,1,0.7445414317962431,747.6000799228327,200.59173335257987,829.0180160411574,415.30257544557077,17481.31362543882,alice,0.8924212717540124,chen,0.7819110751741533,0.11051019657985917,alice,alice,alice,2,1,1,0,0,8.277135868171069,4.058643274191003,7.029918658883449,19.36569780124552
Bright_Near_20260114_210200_T2,1736900009.2,230,Bright,Near,4,4,1280,720,23.99555430426836,0,3,bob,4,1,0.7175212174830418,1050.156444990435,255.5401193313106,1144.727345912076,398.2027345437474,13491.73204847758,bob,0.828392464752406,diana,0.7544121418330568,0.0739803229193492,bob,bob,bob,2,1,1,0,0,8.277135868171069,4.058643274191003,7.029918658883449,19.36569780124552
Bright_Near_20260114_210200_T2,1736900009.24,231,Bright,Near,4,4,1280,720,22.42080409262821,2,0,diana,1,1,0.8682078146810149,102.95456080051912,172.2787050555087,219.82360003782134,366.3463272536542,22680.496553365007,diana,0.8937384661869437,chen,0.7292294907587533,0.16450897542819043,diana,diana,diana,1,1,1,0,0,12.514437178904712,9.808513579419575,5.603413399817166,27.926364158141453
Bright_Near_20260114_210200_T2,1736900009.24,231,Bright,Near,4,4,1280,720,22.42080409262821,2,1,chen,2,1,0.7576595029075316,434.23156347584853,249.77285585570954,532.5467857797197,421.226962898848,16856.548648857883,chen,0.8169944663112405,diana,0.6913471820619033,0.12564728424933724,chen,chen,chen,1,1,1,0,0,12.514437178904712,9.808513579419575,5.603413399817166,27.926364158141453
Bright_Near_20260114_210200_T2,1736900009.24,231,Bright,Near,4,4,1280,720,22.42080409262821,2,2,alice,3,1,0.8820761830570614,754.3124423669831,269.5486340122944,843.4646105614079,416.4595446784736,13097.426217307328,alice,0.8688571190256209,chen,0.7235623158001959,0.14529480322542498,alice,alice,alice,3,1,1,0,0,12.514437178904712,9.808513579419575,5.603413399817166,27.926364158141453
Bright_Near_20260114_210200_T2,1736900009.24,231,Bright,Near,4,4,1280,720,22.42080409262821,2,3,bob,4,1,0.7780844645094541,1054.9333324382421,255.70884430130343,1155.7446031519742,433.2258010674569,17895.709984830566,bob,0.8498484687338559,chen,0.6980969501090946,0.15175151862476133,bob,bob,bob,2,1,1,0,0,12.514437178904712,9.808513579419575,5.603413399817166,27.926364158141453
Bright_Near_20260114_210200_T2,1736900009.28,232,Bright,Near,4,4,1280,720,24.586655725169113,0,0,diana,1,1,0.7185936290089051,98.7208212131754,234.4321141604329,181.5515662048823,430.45904113507413,16237.05639974446,diana,0.8816983987834868,chen,0.7284836050673348,0.153214793716152,diana,diana,diana,1,1,1,0,0,10.268382466712467,10.0024853107909,8.186659395932923,28.45752717343629
Bright_Near_20260114_210200_T2,1736900009.28,232,Bright,Near,4,4,1280,720,24.586655725169113,0,1,chen,2,1,0.8174942562870935,405.3323135329955,154.47742245826294,516.84581474831,347.16197491702434,21486.929074782416,chen,0.7876435185434139,alice,0.6349979249512074,0.15264559359220642,chen,chen,chen,2,1,1,0,0,10.268382466712467,10.0024853107909,8.186659395932923,28.45752717343629
Bright_Near_20260114_210200_T2,1736900009.28,232,Bright,Near,4,4,1280,720,24.586655725169113,0,2,alice,3,1,0.8640288625180594,771.3148120587309,230.86906382154348,869.7898595419576,420.783742164798,18701.85696761372,alice,0.9525267648850422,chen,0.8090266784186005,0.14350008646644163,alice,alice,alice,2,1,1,0,0,10.268382466712467,10.0024853107909,8.186659395932923,28.45752717343629
Bright_Near_20260114_210200_T2,1736900009.28,232,Bright,Near,4,4,1280,720,24.586655725169113,0,3,bob,4,1,0.9738459000272888,1063.0087371894724,274.40821888132734,1164.2312358688555,411.39909556513135,13866.558834213882,bob,0.8817085697968381,alice,0.7997136141833446,0.08199495561349346,bob,bob,bob,2,1,1,0,0,10.268382466712467,10.0024853107909,8.186659395932923,28.45752717343629
Bright_Near_20260114_210200_T2,1736900009.32,233,Bright,Near,4,4,1280,720,23.959735190167137,2,0,diana,1,1,0.7796660083003291,87.96809718530486,273.0402881500841,202.7492259137742,449.97814485946907,20309.12690789938,bob,0.548120818728506,diana,0.4777697456389044,0.07035107308960165,unknown,unknown,unknown,0,0,0,0,0,12.016394809680975,7.447669504745218,10.563649073205731,30.027713387631923
Bright_Near_20260114_210200_T2,1736900009.32,233,Bright,Near,4,4,1280,720,23.959735190167137,2,1,chen,2,1,0.7267849695945081,433.57725248169567,302.87210906736397,526.0086695262195,452.5863305123991,13838.297639882234,chen,0.9017403047179121,diana,0.7566310274230381,0.145109277294874,chen,chen,chen,3,1,1,0,0,12.016394809680975,7.447669504745218,10.563649073205731,30.027713387631923
Bright_Near_20260114_210200_T2,1736900009.32,233,Bright,Near,4,4,1280,720,23.959735190167137,2,2,alice,3,1,0.9123781871064768,736.1798018110667,168.16495047862765,836.2711980121635,317.4673604601987,14943.886671244018,chen,0.803621724024144,alice,0.7335180163302017,0.07010370769394225,chen,chen,chen,1,0,0,1,0,12.016394809680975,7.447669504745218,10.563649073205731,30.027713387631923
Bright_Near_20260114_210200_T2,1736900009.32,233,Bright,Near,4,4,1280,720,23.959735190167137,2,3,bob,4,1,0.9593672538163898,1080.7280847507666,211.70329392454477,1184.0201226117972,413.13099757763945,20805.877991995912,bob,0.8263214751923674,chen,0.6922783166574941,0.13404315853487336,bob,bob,bob,1,1,1,0,0,12.016394809680975,7.447669504745218,10.563649073205731,30.027713387631923
Bright_Near_20260114_210200_T2,1736900009.36,234,Bright,Near,4,4,1280,720,26.244404105130055,0,0,diana,1,1,0.7995597947237001,115.2642754920826,199.30322980600002,212.49748924989336,343.4135495544722,14012.30952480965,diana,0.7481486935584252,chen,0.57525833896554,0.17289035459288515,diana,diana,diana,2,1,1,0,0,9.884178394036425,7.510857363117881,5.3945976174525265,22.789633374606833
Bright_Near_20260114_210200_T2,1736900009.36,234,Bright,Near,4,4,1280,720,26.244404105130055,0,1,chen,2,1,0.7339450669387133,447.18206966085546,271.03571445652494,557.1795232944337,463.19586950604423,21137.1277452807,chen,0.9124676963913616,diana,0.7541455240667091,0.1583221723246525,chen,chen,chen,1,1,1,0,0,9.884178394036425,7.510857363117881,5.3945976174525265,22.789633374606833
Bright_Near_20260114_210200_T2,1736900009.36,234,Bright,Near,4,4,1280,720,26.244404105130055,0,2,alice,3,1,0.8678593713880649,767.3993498109572,277.88521411586703,860.3566898502944,456.2447111455949,16579.824414637562,alice,0.8758820620716752,chen,0.7094845647929845,0.1663974972786907,alice,alice,alice,1,1,1,0,0,9.884178394036425,7.510857363117881,5.3945976174525265,22.789633374606833
Bright_Near_20260114_210200_T2,1736900009.36,234,Bright,Near,4,4,1280,720,26.244404105130055,0,3,bob,4,1,0.8629766995150319,1068.4782370362987,221.8630411873906,1180.3524136379856,392.4415252723706,19083.327452971098,bob,0.7932610942387716,diana,0.6383459922412809,0.1549151019974907,bob,bob,bob,2,1,1,0,0,9.884178394036425,7.510857363117881,5.3945976174525265,22.789633374606833
Bright_Near_20260114_210200_T2,1736900009.4,235,Bright,Near,4,4,1280,720,24.796993245660158,0,0,diana,1,1,0.7876695981077243,112.69233390301852,239.7070589254625,225.96609756622493,441.10776494017665,22813.415974713644,diana,0.8655587174393823,chen,0.7962843352013259,0.06927438223805638,diana,diana,diana,2,1,1,0,0,13.768142922863658,10.044849636888163,9.981623108973832,33.794615668725655
Bright_Near_20260114_210200_T2,1736900009.4,235,Bright,Near,4,4,1280,720,24.796993245660158,0,1,chen,2,1,0.7673454800658218,391.2995184725334,224.33840521001773,498.78365942412876,432.60567553537874,22385.428639255115,chen,0.8201064394668172,bob,0.7585716355394571,0.061534803927360104,chen,chen,chen,1,1,1,0,0,13.768142922863658,10.044849636888163,9.981623108973832,33.794615668725655
Bright_Near_20260114_210200_T2,1736900009.4,235,Bright,Near,4,4,1280,720,24.796993245660158,0,2,alice,3,1,0.8127031517755197,744.5383164549422,276.47571749457546,833.0674087933177,410.3434491951361,11851.188780847802,alice,0.8598470169233405,chen,0.7498681282738563,0.10997888864948424,alice,alice,alice,2,1,1,0,0,13.768142922863658,10.044849636888163,9.981623108973832,33.794615668725655
Bright_Near_20260114_210200_T2,1736900009.4,235,Bright,Near,4,4,1280,720,24.796993245660158,0,3,bob,4,1,0.6470951863253915,1066.4969398517676,243.14872680450344,1182.7754595779254,438.45913135362355,22710.404728088724,bob,0.8624951414852099,alice,0.7976229084690826,0.06487223301612732,bob,bob,bob,2,1,1,0,0,13.768142922863658,10.044849636888163,9.981623108973832,33.794615668725655
Bright_Near_20260114_210200_T2,1736900009.44,236,Bright,Near,4,4,1280,720,23.362527569661328,0,0,diana,1,1,0.8194191726823686,121.47573848819212,264.50417609895544,245.4626229019472,440.48019775559635,21818.7186567344,diana,0.8870404031359015,bob,0.708412205669091,0.17862819746681047,diana,diana,diana,2,1,1,0,0,11.166000507475752,5.51598559767332,4.243784568801533,20.925770673950606
Bright_Near_20260114_210200_T2,1736900009.44,236,Bright,Near,4,4,1280,720,23.362527569661328,0,1,chen,2,1,0.7366122449972764,435.6064596969348,192.1512415337155,525.9945705350037,389.5216647315499,17839.939688162427,chen,0.8197390504829416,bob,0.6628960592610161,0.15684299122192547,chen,chen,chen,2,1,1,0,0,11.166000507475752,5.51598559767332,4.243784568801533,20.925770673950606
Bright_Near_20260114_210200_T2,1736900009.44,236,Bright,Near,4,4,1280,720,23.362527569661328,0,2,alice,3,1,0.4911868416426414,753.14718693095,262.8145404495492,840.833480362782,441.07474717553305,15630.976794193639,alice,0.8551087446980672,bob,0.7166829576795184,0.1384257870185488,alice,alice,alice,3,1,1,0,0,11.166000507475752,5.51598559767332,4.243784568801533,20.925770673950606
Bright_Near_20260114_210200_T2,1736900009.44,236,Bright,Near,4,4,1280,720,23.362527569661328,0,3,bob,4,1,0.7999709772985047,1049.7881547058091,298.6561031582489,1159.0084296066739,435.6934343272535,14967.25498195952,bob,0.8277640360070952,chen,0.6709531994137075,0.1568108365933878,bob,bob,bob,2,1,1,0,0,11.166000507475752,5.51598559767332,4.243784568801533,20.925770673950606
Bright_Near_20260114_210200_T2,1736900009.48,237,Bright,Near,4,4,1280,720,26.441395658877525,1,0,diana,1,1,0.8243215278944027,114.44845459288243,249.01100820548538,217.48379879927282,392.5306122939255,14787.591807617302,diana,0.8828536331596185,alice,0.7412526097434629,0.14160102341615566,diana,diana,diana,2,1,1,0,0,9.438893185427007,5.870767488306275,9.76719180072931,25.076852474462594
Bright_Near_20260114_210200_T2,1736900009.48,237,Bright,Near,4,4,1280,720,26.441395658877525,1,1,chen,2,1,0.8590065780749008,413.76166905967676,215.263804337217,516.9264344823625,347.03427280049675,13594.069468651669,chen,0.8060606825120389,diana,0.655610346166984,0.1504503363450549,chen,chen,chen,1,1,1,0,0,9.438893185427007,5.870767488306275,9.76719180072931,25.076852474462594
Bright_Near_20260114_210200_T2,1736900009.48,237,Bright,Near,4,4,1280,720,26.441395658877525,1,2,alice,3,1,0.7538643795223362,742.0768824287613,253.5665676426481,854.3814972068108,457.1455935681223,22862.864083450917,alice,0.8746556779328258,diana,0.7501733313491498,0.12448234658367607,alice,alice,alice,3,1,1,0,0,9.438893185427007,5.870767488306275,9.76719180072931,25.076852474462594
Bright_Near_20260114_210200_T2,1736900009.48,237,Bright,Near,4,4,1280,720,26.441395658877525,1,3,bob,4,1,0.7780354760727382,1054.6415007528237,234.29958117096447,1169.9634815869742,400.7992415132888,19201.070638890094,bob,0.9210606538178606,alice,0.749484307870041,0.17157634594781956,bob,bob,bob,1,1,1,0,0,9.438893185427007,5.870767488306275,9.76719180072931,25.076852474462594
Bright_Near_20260114_210200_T2,1736900009.52,238,Bright,Near,4,4,1280,720,25.03325060864547,2,0,diana,1,1,0.8490365148700998,95.26021562690165,228.5506234225287,199.98082734103025,371.7311357997153,14993.950841681339,diana,0.932611298664877,alice,0.868837193924591,0.063774104740286,diana,diana,diana,3,1,1,0,0,11.08765302401631,7.212255679507991,6.262516741846263,24.562425445370565
Bright_Near_20260114_210200_T2,1736900009.52,238,Bright,Near,4,4,1280,720,25.03325060864547,2,1,chen,2,1,0.8778373951674968,393.79883367012025,214.92877182061613,512.2088608558464,361.91523348918463,17404.670922108893,chen,0.810836120429111,bob,0.6576463812183964,0.15318973921071466,chen,chen,chen,1,1,1,0,0,11.08765302401631,7.212255679507991,6.262516741846263,24.562425445370565
Bright_Near_20260114_210200_T2,1736900009.52,238,Bright,Near,4,4,1280,720,25.03325060864547,2,2,alice,3,1,0.6975219787750627,745.43011054698,290.3628096216792,832.753589968018,450.65337957107926,13997.130286362883,alice,0.909160185433881,chen,0.731591584376227,0.17756860105765404,alice,alice,alice,1,1,1,0,0,11.08765302401631,7.212255679507991,6.262516741846263,24.562425445370565
Bright_Near_20260114_210200_T2,1736900009.52,238,Bright,Near,4,4,1280,720,25.03325060864547,2,3,bob,4,1,0.6770118979525689,1066.8431479787,216.52438122618435,1182.314832117399,431.54046868736543,24828.26973605637,bob,0.8929729060883682,alice,0.7244420538796286,0.16853085220873965,bob,bob,bob,2,1,1,0,0,11.08765302401631,7.212255679507991,6.262516741846263,24.562425445370565
Bright_Near_20260114_210200_T2,1736900009.56,239,Bright,Near,4,4,1280,720,26.29772122802898,1,0,diana,1,1,0.6882529188575095,124.8659306714791,252.74494690898626,235.09991068940272,383.08453461183893,14367.851506380663,diana,0.8920253622718352,alice,0.8087243981781347,0.08330096409370047,diana,diana,diana,2,1,1,0,0,9.322178336056565,5.645404245929619,5.0944057922809325,20.061988374267116
Bright_Near_20260114_210200_T2,1736900009.56,239,Bright,Near,4,4,1280,720,26.29772122802898,1,1,chen,2,1,0.7134718212470545,399.5212800765137,189.34417094866222,520.8748890157083,383.4762345887221,23558.626533534665,chen,0.8925661697628138,alice,0.7190177297947445,0.17354843996806923,chen,chen,chen,3,1,1,0,0,9.322178336056565,5.645404245929619,5.0944057922809325,20.061988374267116
Bright_Near_20260114_210200_T2,1736900009.56,239,Bright,Near,4,4,1280,720,26.29772122802898,1,2,alice,3,1,0.7061172189544209,739.7872208633019,268.634878688815,827.1201270799536,471.53949820888863,17720.250107471995,alice,0.8743547820938896,diana,0.7169523102685971,0.15740247182529254,alice,alice,alice,2,1,1,0,0,9.322178336056565,5.645404245929619,5.0944057922809325,20.061988374267116
Bright_Near_20260114_210200_T2,1736900009.56,239,Bright,Near,4,4,1280,720,26.29772122802898,1,3,bob,4,1,0.7511131945532822,1062.3912702995704,178.32813590748316,1158.7648536031625,341.8312292698478,15757.37898855285,bob,0.8435611566851745,alice,0.6980449129976118,0.14551624368756266,bob,bob,bob,3,1,1,0,0,9.322178336056565,5.645404245929619,5.0944057922809325,20.061988374267116
Bright_Near_20260114_210200_T2,1736900009.6,240,Bright,Near,4,4,1280,720,25.363972665587085,1,0,diana,1,1,0.9344320077645987,112.2850978076392,280.1934460618601,222.2201464773912,446.935453197868,18330.79066978917,diana,0.8554664409888318,alice,0.6914869809033948,0.16397946008543707,diana,diana,diana,3,1,1,0,0,11.55707078985252,8.72536531952112,8.733717633855974,29.016153743229616
Bright_Near_20260114_210200_T2,1736900009.6,240,Bright,Near,4,4,1280,720,25.363972665587085,1,1,chen,2,1,0.8471077244061916,427.1169135796193,228.8250111997819,526.435088635611,444.36601673851567,21407.139319840444,chen,0.7937229874052953,diana,0.7118752806920752,0.08184770671322017,chen,chen,chen,2,1,1,0,0,11.55707078985252,8.72536531952112,8.733717633855974,29.016153743229616
Bright_Near_20260114_210200_T2,1736900009.6,240,Bright,Near,4,4,1280,720,25.363972665587085,1,2,alice,3,1,0.6558584195311815,744.3979060697621,210.3825934121329,866.9502848714302,344.8969593795772,16485.055532308437,alice,0.8313958883143084,bob,0.763945246305498,0.06745064200881046,alice,alice,alice,2,1,1,0,0,11.55707078985252,8.72536531952112,8.733717633855974,29.016153743229616
Bright_Near_20260114_210200_T2,1736900009.6,240,Bright,Near,4,4,1280,720,25.363972665587085,1,3,bob,4,1,0.8816972778694705,1067.9342600613654,265.10044173491343,1167.309928246901,428.9589808126838,16283.551808759143,bob,0.8966723409006979,alice,0.824027462116246,0.07264487878445192,bob,bob,bob,2,1,1,0,0,11.55707078985252,8.72536531952112,8.733717633855974,29.016153743229616
Bright_Near_20260114_210200_T2,1736900009.64,241,Bright,Near,4,4,1280,720,26.458879165458725,0,0,diana,-1,0,-1.0,-1.0,-1.0,-1.0,-1.0,0.0,unknown,-1.0,unknown,-1.0,-1.0,unknown,unknown,unknown,0,0,0,0,1,8.171199605308521,7.691930509883319,5.940694414109036,21.803824529300876
Bright_Near_20260114_210200_T2,1736900009.64,241,Bright,Near,4,4,1280,720,26.458879165458725,0,1,chen,2,1,0.7824232698835386,422.82549756305264,247.70556109506168,541.2910969197837,435.1489312974376,22205.591196470097,chen,0.891464203941758,alice,0.728887171608223,0.16257703233353493,chen,chen,chen,2,1,1,0,0,8.171199605308521,7.691930509883319,5.940694414109036,21.803824529300876
Bright_Near_20260114_210200_T2,1736900009.64,241,Bright,Near,4,4,1280,720,26.458879165458725,0,2,alice,3,1,0.8460077065046999,692.6138979041327,207.2351442205206,804.807258442042,376.0624442401697,18941.30213974627,bob,0.5668237845858979,chen,0.5204816330672739,0.046342151518623975,unknown,unknown,unknown,0,0,0,0,0,8.171199605308521,7.691930509883319,5.940694414109036,21.803824529300876
Bright_Near_20260114_210200_T2,1736900009.64,241,Bright,Near,4,4,1280,720,26.458879165458725,0,3,bob,4,1,0.7127697045037533,1077.90153788726,218.20110649006816,1174.6423390657746,410.02483906664895,18557.181574511564,bob,0.8605415552789132,chen,0.7706181867184209,0.08992336856049232,bob,bob,bob,3,1,1,0,0,8.171199605308521,7.691930509883319,5.940694414109036,21.803824529300876
Bright_Near_20260114_210200_T2,1736900009.68,242,Bright,Near,4,4,1280,720,21.277619042793123,0,0,diana,1,1,0.812903444893747,126.17637803827931,324.22394644312305,209.37883855736203,482.3881834085149,13159.65368164386,diana,0.8333880707534969,bob,0.744830593918751,0.08855747683474591,diana,diana,diana,3,1,1,0,0,18.207132720534503,7.8162638827810795,11.87876175498296,37.90215835829854
Bright_Near_20260114_210200_T2,1736900009.68,242,Bright,Near,4,4,1280,720,21.277619042793123,0,1,chen,2,1,0.812076108622162,399.5673473766733,162.4789610589957,501.21496267140765,361.5307184612954,20233.13646016975,chen,0.9461148784737241,alice,0.8615185042009207,0.08459637427280342,chen,chen,chen,1,1,1,0,0,18.207132720534503,7.8162638827810795,11.87876175498296,37.90215835829854
Bright_Near_20260114_210200_T2,1736900009.68,242,Bright,Near,4,4,1280,720,21.277619042793123,0,2,alice,3,1,0.7339083321717834,732.1158334028244,251.85693823916193,841.0395754654246,401.20013586035617,16267.019936494895,alice,0.8501963146741975,diana,0.77044704782856,0.07974926684563755,alice,alice,alice,1,1,1,0,0,18.207132720534503,7.8162638827810795,11.87876175498296,37.90215835829854
Bright_Near_20260114_210200_T2,1736900009.68,242,Bright,Near,4,4,1280,720,21.277619042793123,0,3,bob,4,1,0.6933565276613717,1066.821449177777,188.1065076725859,1184.251140204428,330.6573225326394,16739.69814461344,bob,0.8540284176867274,chen,0.7117953095548302,0.14223310813189727,bob,bob,bob,2,1,1,0,0,18.207132720534503,7.8162638827810795,11.87876175498296,37.90215835829854
Bright_Near_20260114_210200_T2,1736900009.72,243,Bright,Near,4,4,1280,720,23.83075490005452,2,0,diana,1,1,0.8018573820661122,130.03958172509016,243.23619863733276,233.16762022497971,425.77108333937315,18824.464617124922,diana,0.7832104076507063,alice,0.643959903447207,0.13925050420349927,diana,diana,diana,2,1,1,0,0,14.135288347538209,6.142092544483553,9.964612985737794,30.241993877759555
Bright_Near_20260114_210200_T2,1736900009.72,243,Bright,Near,4,4,1280,720,23.83075490005452,2,1,chen,2,1,0.7378708890922793,412.44232683618685,197.36719852250616,510.2361485797364,377.0728006978555,17574.097625453338,chen,0.888510187047723,bob,0.8125315676597937,0.07597861938792927,chen,chen,chen,2,1,1,0,0,14.135288347538209,6.142092544483553,9.964612985737794,30.241993877759555
Bright_Near_20260114_210200_T2,1736900009.72,243,Bright,Near,4,4,1280,720,23.83075490005452,2,2,alice,3,1,0.70035385303012,753.1615955448077,299.4437906208102,871.17579011748,458.5507669615017,18776.881663739936,alice,0.8859891392007031,chen,0.7506314658371318,0.1353576733635713,alice,alice,alice,1,1,1,0,0,14.135288347538209,6.142092544483553,9.964612985737794,30.241993877759555
Bright_Near_20260114_210200_T2,1736900009.72,243,Bright,Near,4,4,1280,720,23.83075490005452,2,3,bob,4,1,0.6985881254215319,1058.0376747925686,201.04090462068612,1169.0672390263805,406.75725543965564,22840.596787200164,bob,0.7946623070032566,diana,0.6452489280750584,0.14941337892819817,bob,bob,bob,3,1,1,0,0,14.135288347538209,6.142092544483553,9.964612985737794,30.241993877759555
Bright_Near_20260114_210200_T2,1736900009.76,244,Bright,Near,4,4,1280,720,25.14844442142537,2,0,diana,1,1,0.7103241467055803,91.26432019340328,173.39439062765894,172.61430118358172,364.82014705265135,15572.481646203662,diana,0.8814661413494961,chen,0.81472506247731,0.06674107887218605,diana,diana,diana,2,1,1,0,0,14.246677604533751,11.407878240207452,10.051892731269433,35.70644857601064
Bright_Near_20260114_210200_T2,1736900009.76,244,Bright,Near,4,4,1280,720,25.14844442142537,2,1,chen,2,1,0.8185654531218076,423.83813069929175,207.30659000507194,509.63177530962815,344.7514794087922,11791.897995009767,chen,0.8560528630526175,alice,0.7574654581262201,0.09858740492639739,chen,chen,chen,1,1,1,0,0,14.246677604533751,11.407878240207452,10.051892731269433,35.70644857601064
Bright_Near_20260114_210200_T2,1736900009.76,244,Bright,Near,4,4,1280,720,25.14844442142537,2,2,alice,3,1,0.9390368405654004,742.142295206049,168.3403689608914,829.623513949551,299.8958479769863,11508.633636713192,alice,0.7341747162212555,chen,0.5684556847282518,0.1657190314930037,alice,alice,alice,1,1,1,0,0,14.246677604533751,11.407878240207452,10.051892731269433,35.70644857601064
Bright_Near_20260114_210200_T2,1736900009.76,244,Bright,Near,4,4,1280,720,25.14844442142537,2,3,bob,4,1,0.7259260030171532,1104.4025316573,243.81845557853663,1207.4106499092602,421.99160028331505,18353.28035907344,bob,0.8089449766062922,alice,0.6451099847775709,0.1638349918287213,bob,bob,bob,2,1,1,0,0,14.246677604533751,11.407878240207452,10.051892731269433,35.70644857601064
Bright_Near_20260114_210200_T2,1736900009.8,245,Bright,Near,4,4,1280,720,27.40628349510896,3,0,diana,1,1,0.7454607915873384,113.71028390796258,230.1600380139973,201.23152422907853,407.44289822712346,15516.01581352782,chen,0.6616955244545415,alice,0.5886765824752904,0.07301894197925107,unknown,unknown,unknown,0,0,0,0,0,9.008002043137397,8.111138782554423,8.143513326897573,25.262654152589395
Bright_Near_20260114_210200_T2,1736900009.8,245,Bright,Near,4,4,1280,720,27.40628349510896,3,1,chen,2,1,0.8060954878325234,424.151739200542,211.40154798147017,544.3883386182547,378.22460995861564,20058.237676582296,chen,0.8345849816196064,diana,0.7484311122506979,0.08615386936890845,chen,chen,chen,2,1,1,0,0,9.008002043137397,8.111138782554423,8.143513326897573,25.262654152589395
Bright_Near_20260114_210200_T2,1736900009.8,245,Bright,Near,4,4,1280,720,27.40628349510896,3,2,alice,3,1,0.8442983654993885,770.2081716607261,221.32583570655876,853.4350840369646,426.1634158043347,17047.99933015833,alice,0.8550229309524301,bob,0.7773179579758379,0.07770497297659218,alice,alice,alice,2,1,1,0,0,9.008002043137397,8.111138782554423,8.143513326897573,25.262654152589395
Bright_Near_20260114_210200_T2,1736900009.8,245,Bright,Near,4,4,1280,720,27.40628349510896,3,3,bob,4,1,0.8636000475680934,1067.6769904701748,212.63899875064416,1180.8353227346167,376.55993938797246,18549.020265738658,bob,0.7495832188442701,diana,0.590294259633761,0.15928895921050912,bob,bob,bob,2,1,1,0,0,9.008002043137397,8.111138782554423,8.143513326897573,25.262654152589395
Bright_Near_20260114_210200_T2,1736900009.84,246,Bright,Near,4,4,1280,720,19.707652048993555,1,0,diana,-1,0,-1.0,-1.0,-1.0,-1.0,-1.0,0.0,unknown,-1.0,unknown,-1.0,-1.0,unknown,unknown,unknown,0,0,0,0,1,10.481200688979225,8.882742329399264,5.854703173206808,25.218646191585297
Bright_Near_20260114_210200_T2,1736900009.84,246,Bright,Near,4,4,1280,720,19.707652048993555,1,1,chen,2,1,0.8228829384139151,436.00043176690747,198.77358892929522,548.629107840559,383.63954637825987,20821.20803856488,chen,0.8171122622284767,alice,0.6597240664403331,0.15738819578814356,chen,chen,chen,2,1,1,0,0,10.481200688979225,8.882742329399264,5.854703173206808,25.218646191585297
Bright_Near_20260114_210200_T2,1736900009.84,246,Bright,Near,4,4,1280,720,19.707652048993555,1,2,alice,3,1,0.6178541892444945,741.7306404168813,261.4168459974535,866.1459512183682,401.563379147099,17436.374479564023,alice,0.8561530759546229,diana,0.7079220531946665,0.14823102275995637,alice,alice,alice,2,1,1,0,0,10.481200688979225,8.882742329399264,5.854703173206808,25.218646191585297
Bright_Near_20260114_210200_T2,1736900009.84,246,Bright,Near,4,4,1280,720,19.707652048993555,1,3,bob,4,1,0.780624957789774,1056.9587551507561,310.87371606158143,1176.034708274773,466.80507146258316,18567.6747662941,bob,0.8376525962885831,alice,0.6896824152473542,0.14797018104122894,bob,bob,bob,2,1,1,0,0,10.481200688979225,8.882742329399264,5.854703173206808,25.218646191585297
Bright_Near_20260114_210200_T2,1736900009.88,247,Bright,Near,4,4,1280,720,27.004562359249864,2,0,diana,1,1,0.8265900363341057,138.86090302494932,253.50277767091285,228.76499545864124,399.28844926344124,13106.728494362525,diana,0.8710787761963978,bob,0.6967700492295696,0.1743087269668282,diana,diana,diana,2,1,1,0,0,20.23409126391897,15.38997394870768,4.622013652503224,40.246078865129874
Bright_Near_20260114_210200_T2,1736900009.88,247,Bright,Near,4,4,1280,720,27.004562359249864,2,1,chen,2,1,0.7196241584169174,438.92969582509147,212.33718913472347,534.5325738430639,423.69097291673205,20206.03000954829,chen,0.9171539759444293,bob,0.8089322525520226,0.10822172339240665,chen,chen,chen,2,1,1,0,0,20.23409126391897,15.38997394870768,4.622013652503224,40.246078865129874
Bright_Near_20260114_210200_T2,1736900009.88,247,Bright,Near,4,4,1280,720,27.004562359249864,2,2,alice,3,1,0.7470312454507151,724.1551014938491,249.02711752765342,845.6418672127297,393.1114289379775,17504.33698407228,alice,0.7194844193632307,diana,0.6277088081259184,0.09177561123731226,alice,alice,alice,1,1,1,0,0,20.23409126391897,15.38997394870768,4.622013652503224,40.246078865129874
Bright_Near_20260114_210200_T2,1736900009.88,247,Bright,Near,4,4,1280,720,27.004562359249864,2,3,bob,4,1,0.8656054798483851,1079.0329510984134,282.08497734774426,1173.4101289135592,460.35613820233334,16824.729047286022,bob,0.8686960856787961,chen,0.7438140609575818,0.12488202472121424,bob,bob,bob,2,1,1,0,0,20.23409126391897,15.38997394870768,4.622013652503224,40.246078865129874
Bright_Near_20260114_210200_T2,1736900009.92,248,Bright,Near,4,4,1280,720,25.382359313440272,0,0,diana,1,1,0.9374979397228498,113.59076794547384,298.16317168870376,201.58093571693774,433.5782609491889,11915.19642281785,diana,0.8894967631310733,chen,0.769123265080115,0.12037349805095832,diana,diana,diana,2,1,1,0,0,15.99138176937329,8.79332265078223,5.39013777689553,30.17484219705105
Bright_Near_20260114_210200_T2,1736900009.92,248,Bright,Near,4,4,1280,720,25.382359313440272,0,1,chen,2,1,0.76987336822795,408.6675832570024,248.05248392280146,532.4072786211453,431.7848684826798,22734.98929396691,chen,0.7406583265839073,alice,0.6615136655411983,0.07914466104270901,unknown,unknown,unknown,0,0,0,0,0,15.99138176937329,8.79332265078223,5.39013777689553,30.17484219705105
Bright_Near_20260114_210200_T2,1736900009.92,248,Bright,Near,4,4,1280,720,25.382359313440272,0,2,alice,3,1,0.7510121490519391,742.6473193099797,319.8070903582183,867.7477250533285,495.2348446807354,21946.0832443914,alice,0.8759775204606489,chen,0.73230271777965,0.14367480268099897,alice,alice,alice,2,1,1,0,0,15.99138176937329,8.79332265078223,5.39013777689553,30.17484219705105
Bright_Near_20260114_210200_T2,1736900009.92,248,Bright,Near,4,4,1280,720,25.382359313440272,0,3,bob,4,1,0.7621896658124817,1089.9567877845054,207.43618146765476,1209.7178575271166,384.32786302042445,21184.73701132902,bob,0.831923849697478,alice,0.675042646734364,0.15688120296311403,bob,bob,bob,2,1,1,0,0,15.99138176937329,8.79332265078223,5.39013777689553,30.17484219705105
Bright_Near_20260114_210200_T2,1736900009.96,249,Bright,Near,4,4,1280,720,21.556769015257924,1,0,diana,1,1,0.6948483631099287,130.29227028900925,203.05756775540476,230.51169610528666,354.8755900563575,15215.115023564284,diana,0.8784756849706645,bob,0.7590003959857063,0.11947528898495818,diana,diana,diana,2,1,1,0,0,13.774363038688588,5.728072697747002,6.187847464040499,25.690283200476088
Bright_Near_20260114_210200_T2,1736900009.96,249,Bright,Near,4,4,1280,720,21.556769015257924,1,1,chen,2,1,0.8493721570979362,406.2256137825435,245.83015167527464,499.55418779532795,377.20390224259853,12260.924803159569,chen,0.5957829190056068,alice,0.5458261951477877,0.04995672385781902,unknown,unknown,unknown,0,0,0,0,0,13.774363038688588,5.728072697747002,6.187847464040499,25.690283200476088
Bright_Near_20260114_210200_T2,1736900009.96,249,Bright,Near,4,4,1280,720,21.556769015257924,1,2,alice,3,1,0.8297306523731436,737.5422304253518,152.30845365394794,819.8429230864047,356.2333423786672,16783.15959287252,alice,0.9301295373746815,diana,0.7816291149080892,0.14850042246659234,alice,alice,alice,3,1,1,0,0,13.774363038688588,5.728072697747002,6.187847464040499,25.690283200476088
Bright_Near_20260114_210200_T2,1736900009.96,249,Bright,Near,4,4,1280,720,21.556769015257924,1,3,bob,4,1,0.6697742745046956,1104.2617373929725,265.56496015580063,1189.016702406259,433.3104176438631,14217.260380538462,bob,0.9033992742559679,alice,0.746095048073252,0.1573042261827159,bob,bob,bob,1,1,1,0,0,13.774363038688588,5.728072697747002,6.187847464040499,25.690283200476088
Bright_Near_20260114_210200_T2,1736900010.0,250,Bright,Near,4,4,1280,720,22.713765961914394,0,0,diana,1,1,0.8389154163207796,120.0500207832678,239.93028951153795,233.50010475584295,452.05034582799726,24065.03820136968,diana,0.9215260834877391,chen,0.8573255397726927,0.06420054371504647,diana,diana,diana,2,1,1,0,0,12.439117304835605,5.038569800737115,7.4367880777719115,24.91447518334463
Bright_Near_20260114_210200_T2,1736900010.0,250,Bright,Near,4,4,1280,720,22.713765961914394,0,1,chen,2,1,0.8853610607000996,409.6929330958517,203.05921372796124,499.86312169200414,359.81403313704675,14134.61162947306,chen,0.8606823268328584,bob,0.7950010157985795,0.06568131103427888,chen,chen,chen,2,1,1,0,0,12.439117304835605,5.038569800737115,7.4367880777719115,24.91447518334463
Bright_Near_20260114_210200_T2,1736900010.0,250,Bright,Near,4,4,1280,720,22.713765961914394,0,2,alice,3,1,0.8663777102498449,736.6352224017922,245.77146299623854,856.8341920410104,384.8160104090511,16713.011332971484,alice,0.7097175360968678,chen,0.6393390313221137,0.07037850477475416,unknown,unknown,unknown,0,0,0,0,0,12.439117304835605,5.038569800737115,7.4367880777719115,24.91447518334463
Bright_Near_20260114_210200_T2,1736900010.0,250,Bright,Near,4,4,1280,720,22.713765961914394,0,3,bob,4,1,0.8836125496831184,1036.9858327567158,295.0209292355121,1161.182902829842,491.79403386696447,24438.6430644191,bob,0.8458394473003693,diana,0.7739797072684476,0.07185974003192175,bob,bob,bob,3,1,1,0,0,12.439117304835605,5.038569800737115,7.4367880777719115,24.91447518334463
