trial_id,t_wall,frame_idx,lighting,distance,n_users_roster,n_users_db,cam_w,cam_h,proc_fps,drained,slot_idx,true_id,track_id,detected,det_score,bbox_x1,bbox_y1,bbox_x2,bbox_y2,bbox_area,best_id,best_sim,second_id,second_sim,margin,accepted_id,stable_id,pending_id,pending_count,is_correct_accepted,is_correct_stable,is_wrong_accepted,is_miss,lat_det_ms,lat_emb_ms,lat_match_ms,lat_total_ms
Bright_Far_20260114_210600_T6,1736904000.04,1,Bright,Far,4,4,1280,720,25.187967197939486,0,0,diana,1,1,0.7577185108971037,132.85990455830824,206.34467393280977,228.5371695702383,349.1363895292412,13661.920814627918,diana,0.8663593059109941,bob,0.7233203849544336,0.14303892095656046,diana,diana,diana,3,1,1,0,0,13.668705692953633,11.326945080710571,5.685566309191797,30.681217082856
Bright_Far_20260114_210600_T6,1736904000.04,1,Bright,Far,4,4,1280,720,25.187967197939486,0,1,chen,2,1,0.7017025897780784,415.4767803418145,247.30871038500788,515.791018396779,460.4221978389486,21378.3171131783,chen,0.8754376978799557,alice,0.764888591113572,0.11054910676638374,chen,chen,chen,2,1,1,0,0,13.668705692953633,11.326945080710571,5.685566309191797,30.681217082856
Bright_Far_20260114_210600_T6,1736904000.04,1,Bright,Far,4,4,1280,720,25.187967197939486,0,2,alice,3,1,0.7752687596530503,747.1163910195671,179.55668529479044,860.472361829321,357.95066911097865,20222.02322210354,chen,0.8332753588406849,alice,0.8022299411964762,0.03104541764420876,chen,chen,chen,1,0,0,1,0,13.668705692953633,11.326945080710571,5.685566309191797,30.681217082856
Bright_Far_20260114_210600_T6,1736904000.04,1,Bright,Far,4,4,1280,720,25.187967197939486,0,3,bob,4,1,0.6876651561347952,1088.5898374114522,178.64383920135379,1180.1677156691549,393.4961472910669,19675.71851362617,bob,0.8888306108230817,diana,0.7694849048148245,0.11934570600825722,bob,bob,bob,2,1,1,0,0,13.668705692953633,11.326945080710571,5.685566309191797,30.681217082856
Bright_Far_20260114_210600_T6,1736904000.08,2,Bright,Far,4,4,1280,720,24.11560269186875,1,0,diana,1,1,0.6742087354229265,117.99470197083448,203.66256569239286,221.88438925707,409.61257237568475,21396.081790925313,diana,0.9486306378503673,alice,0.8160889738866864,0.13254166396368083,diana,diana,diana,3,1,1,0,0,16.211693577879075,13.414877153895004,6.605398252794361,36.23196898456844
Bright_Far_20260114_210600_T6,1736904000.08,2,Bright,Far,4,4,1280,720,24.11560269186875,1,1,chen,2,1,0.7651581465713087,415.54761634977285,230.7239115110192,528.5892096105317,365.18649129402934,15199.86425262337,chen,0.872417394725371,bob,0.7243439609172051,0.14807343380816596,chen,chen,chen,3,1,1,0,0,16.211693577879075,13.414877153895004,6.605398252794361,36.23196898456844
Bright_Far_20260114_210600_T6,1736904000.08,2,Bright,Far,4,4,1280,720,24.11560269186875,1,2,alice,3,1,0.8454771810153906,748.7336420343156,249.16845411469822,835.1704692625972,414.6897248218629,14307.133478720818,alice,0.9132760039958544,diana,0.784710142360185,0.1285658616356694,alice,alice,alice,3,1,1,0,0,16.211693577879075,13.414877153895004,6.605398252794361,36.23196898456844
Bright_Far_20260114_210600_T6,1736904000.08,2,Bright,Far,4,4,1280,720,24.11560269186875,1,3,bob,4,1,0.7179116530499445,1067.8593999376496,264.54155235700455,1182.4064689500995,427.0268840180729,18612.218499291193,bob,0.8689933138971082,diana,0.7183630247574029,0.15063028913970533,bob,bob,bob,2,1,1,0,0,16.211693577879075,13.414877153895004,6.605398252794361,36.23196898456844
Bright_Far_20260114_210600_T6,1736904000.12,3,Bright,Far,4,4,1280,720,25.195543525249562,0,0,diana,1,1,0.971399390607362,103.21095914403548,177.87866976738687,210.96249100491406,381.8039555474652,21973.261927970878,diana,0.8772183114787209,chen,0.6978991575813104,0.1793191538974105,diana,diana,diana,2,1,1,0,0,19.36317760063344,14.135299977428053,6.214068992915498,39.71254657097699
Bright_Far_20260114_210600_T6,1736904000.12,3,Bright,Far,4,4,1280,720,25.195543525249562,0,1,chen,2,1,0.7043162582192892,416.4858572296894,248.40995952918868,521.1533842533242,440.8899742756769,20146.407144987694,chen,0.7815950700148375,alice,0.6590485746870357,0.12254649532780182,chen,chen,chen,2,1,1,0,0,19.36317760063344,14.135299977428053,6.214068992915498,39.71254657097699
Bright_Far_20260114_210600_T6,1736904000.12,3,Bright,Far,4,4,1280,720,25.195543525249562,0,2,alice,3,1,0.6266983874535044,756.9927351900839,148.16016141430856,839.7868169217539,362.52410602499714,17748.065950420547,bob,0.6071523971276509,diana,0.562764777297033,0.0443876198306179,unknown,unknown,unknown,0,0,0,0,0,19.36317760063344,14.135299977428053,6.214068992915498,39.71254657097699
Bright_Far_20260114_210600_T6,1736904000.12,3,Bright,Far,4,4,1280,720,25.195543525249562,0,3,bob,4,1,0.8452547065937601,1087.50868413177,132.32317342235962,1196.8732789085864,341.58090172978285,22885.38666025848,bob,0.8792416478506848,diana,0.7462825200387813,0.13295912781190355,bob,bob,bob,3,1,1,0,0,19.36317760063344,14.135299977428053,6.214068992915498,39.71254657097699
Bright_Far_20260114_210600_T6,1736904000.16,4,Bright,Far,4,4,1280,720,24.641985812084243,1,0,diana,1,1,0.6931912590395295,130.97305608066324,278.9934915433802,212.190994764055,428.6283389797335,12153.033863984425,diana,0.8496587685616231,alice,0.7627041459802252,0.08695462258139797,diana,diana,diana,3,1,1,0,0,28.063644245724657,13.009345226649613,10.466174707795963,51.53916418017023
Bright_Far_20260114_210600_T6,1736904000.16,4,Bright,Far,4,4,1280,720,24.641985812084243,1,1,chen,2,1,0.809571526543525,432.99398586373565,230.69514041227234,547.079403121556,372.37598703172654,16163.718504021675,chen,0.7666227017373883,bob,0.7392844650636459,0.027338236673742466,unknown,unknown,unknown,0,0,0,0,0,28.063644245724657,13.009345226649613,10.466174707795963,51.53916418017023
Bright_Far_20260114_210600_T6,1736904000.16,4,Bright,Far,4,4,1280,720,24.641985812084243,1,2,alice,3,1,0.7840739401132073,746.5867964060493,214.05671098212576,859.759203386535,412.7443003836629,22485.952729722394,alice,0.9528825073401735,chen,0.854636146996345,0.0982463603438285,alice,alice,alice,2,1,1,0,0,28.063644245724657,13.009345226649613,10.466174707795963,51.53916418017023
Bright_Far_20260114_210600_T6,1736904000.16,4,Bright,Far,4,4,1280,720,24.641985812084243,1,3,bob,4,1,0.7230368932081161,1055.5154711321434,177.8394937194133,1143.8431115216013,392.2348363400281,18937.034724168276,bob,0.8063416285273576,chen,0.6309338961307753,0.17540773239658225,bob,bob,bob,2,1,1,0,0,28.063644245724657,13.009345226649613,10.466174707795963,51.53916418017023
Bright_Far_20260114_210600_T6,1736904000.2,5,Bright,Far,4,4,1280,720,26.432862429026905,0,0,diana,1,1,0.8573088235762687,68.95296198553152,256.67302043256024,172.97408116059918,429.88010950624647,18017.195254500475,diana,0.8413525098674192,alice,0.7596122627492635,0.08174024711815564,diana,diana,diana,2,1,1,0,0,18.45025628017707,10.22130944388882,5.8227338711287295,34.49429959519462
Bright_Far_20260114_210600_T6,1736904000.2,5,Bright,Far,4,4,1280,720,26.432862429026905,0,1,chen,-1,0,-1.0,-1.0,-1.0,-1.0,-1.0,0.0,unknown,-1.0,unknown,-1.0,-1.0,unknown,unknown,unknown,0,0,0,0,1,18.45025628017707,10.22130944388882,5.8227338711287295,34.49429959519462
Bright_Far_20260114_210600_T6,1736904000.2,5,Bright,Far,4,4,1280,720,26.432862429026905,0,2,alice,-1,0,-1.0,-1.0,-1.0,-1.0,-1.0,0.0,unknown,-1.0,unknown,-1.0,-1.0,unknown,unknown,unknown,0,0,0,0,1,18.45025628017707,10.22130944388882,5.8227338711287295,34.49429959519462
Bright_Far_20260114_210600_T6,1736904000.2,5,Bright,Far,4,4,1280,720,26.432862429026905,0,3,bob,4,1,0.6226240008423339,1079.8204882703542,233.58409703160615,1170.1912275066554,447.08020634108493,19293.80122237177,bob,0.8897215094113082,diana,0.7478965644766633,0.14182494493464493,bob,bob,bob,1,1,1,0,0,18.45025628017707,10.22130944388882,5.8227338711287295,34.49429959519462
Bright_Far_20260114_210600_T6,1736904000.24,6,Bright,Far,4,4,1280,720,22.93670808524154,1,0,diana,1,1,0.740538058533678,66.81975257009881,171.01154057433834,190.30719119845523,358.5987629236861,23164.665607328927,diana,0.8521786396769704,chen,0.6898474264571961,0.16233121321977428,diana,diana,diana,1,1,1,0,0,19.556681029236174,12.350653841059314,16.58982449579183,48.49715936608732
Bright_Far_20260114_210600_T6,1736904000.24,6,Bright,Far,4,4,1280,720,22.93670808524154,1,1,chen,2,1,0.7222964188187696,428.7782846372594,319.078045453168,550.6298819890325,473.2521628760304,18786.362478275616,chen,0.8293711730110741,diana,0.6834242044304207,0.14594696858065337,chen,chen,chen,1,1,1,0,0,19.556681029236174,12.350653841059314,16.58982449579183,48.49715936608732
Bright_Far_20260114_210600_T6,1736904000.24,6,Bright,Far,4,4,1280,720,22.93670808524154,1,2,alice,3,1,0.7216319487517981,766.9743452658645,201.39186035233212,852.2722951935987,402.07342171842714,17117.725772824688,bob,0.7005213919187907,chen,0.640887579754132,0.059633812164658684,unknown,unknown,unknown,0,0,0,0,0,19.556681029236174,12.350653841059314,16.58982449579183,48.49715936608732
Bright_Far_20260114_210600_T6,1736904000.24,6,Bright,Far,4,4,1280,720,22.93670808524154,1,3,bob,4,1,0.908925256198879,1086.4039696244697,202.51885014253475,1182.4251027463858,354.0832743393119,14553.387752345308,bob,0.99,diana,0.8570512762186293,0.13294872378137068,bob,bob,bob,3,1,1,0,0,19.556681029236174,12.350653841059314,16.58982449579183,48.49715936608732
Bright_Far_20260114_210600_T6,1736904000.28,7,Bright,Far,4,4,1280,720,25.47682779937389,2,0,diana,1,1,0.832218244899637,145.79171090129847,246.33617520153786,248.35066735401296,412.80517751600934,17072.887159096706,chen,0.7393478419358467,diana,0.6802019206889155,0.05914592124693119,unknown,unknown,unknown,0,0,0,0,0,11.55965122375247,9.593546820307429,6.668607610789083,27.82180565484898
Bright_Far_20260114_210600_T6,1736904000.28,7,Bright,Far,4,4,1280,720,25.47682779937389,2,1,chen,2,1,0.885642932872419,456.9049629569723,306.5900907801072,544.6157340455647,438.2662996866766,11549.421817217784,chen,0.9539385418822952,bob,0.8429157396276704,0.1110228022546248,chen,chen,chen,1,1,1,0,0,11.55965122375247,9.593546820307429,6.668607610789083,27.82180565484898
Bright_Far_20260114_210600_T6,1736904000.28,7,Bright,Far,4,4,1280,720,25.47682779937389,2,2,alice,3,1,0.8106791749288206,766.4979556459615,225.35769310805003,868.1911267145282,434.4130409989308,21259.501255866064,alice,0.7926238835224747,chen,0.6352793554039842,0.15734452811849053,alice,alice,alice,2,1,1,0,0,11.55965122375247,9.593546820307429,6.668607610789083,27.82180565484898
Bright_Far_20260114_210600_T6,1736904000.28,7,Bright,Far,4,4,1280,720,25.47682779937389,2,3,bob,-1,0,-1.0,-1.0,-1.0,-1.0,-1.0,0.0,unknown,-1.0,unknown,-1.0,-1.0,unknown,unknown,unknown,0,0,0,0,1,11.55965122375247,9.593546820307429,6.668607610789083,27.82180565484898
Bright_Far_20260114_210600_T6,1736904000.32,8,Bright,Far,4,4,1280,720,22.323850470967372,1,0,diana,1,1,0.8176160611314485,97.97899792434487,175.17800431359865,194.31821087407218,351.9448603892521,17029.579789926174,diana,0.8624448064462922,alice,0.7475493184201655,0.1148954880261267,diana,diana,diana,2,1,1,0,0,29.216238963888856,22.966830792842437,8.206395370817674,60.38946512754897
Bright_Far_20260114_210600_T6,1736904000.32,8,Bright,Far,4,4,1280,720,22.323850470967372,1,1,chen,2,1,0.7990925993094957,406.33307241219546,260.14954062416643,518.1508997812077,444.43190398093213,20606.05349298042,chen,0.7422697007868843,bob,0.6507185831851046,0.0915511176017797,chen,chen,chen,3,1,1,0,0,29.216238963888856,22.966830792842437,8.206395370817674,60.38946512754897
Bright_Far_20260114_210600_T6,1736904000.32,8,Bright,Far,4,4,1280,720,22.323850470967372,1,2,alice,3,1,0.824240236270761,724.3178883866655,262.1641016774048,818.5359005763961,425.29422115707314,15369.795585647607,alice,0.8597137032547584,chen,0.6980355367199071,0.16167816653485123,alice,alice,alice,2,1,1,0,0,29.216238963888856,22.966830792842437,8.206395370817674,60.38946512754897
Bright_Far_20260114_210600_T6,1736904000.32,8,Bright,Far,4,4,1280,720,22.323850470967372,1,3,bob,4,1,0.835439505550414,1056.651394656754,311.41139754753516,1164.6576333870323,481.8276532773694,18406.018799876627,bob,0.8735394895264573,chen,0.7367172395903663,0.13682224993609104,bob,bob,bob,2,1,1,0,0,29.216238963888856,22.966830792842437,8.206395370817674,60.38946512754897
Bright_Far_20260114_210600_T6,1736904000.36,9,Bright,Far,4,4,1280,720,24.705192498037032,0,0,diana,-1,0,-1.0,-1.0,-1.0,-1.0,-1.0,0.0,unknown,-1.0,unknown,-1.0,-1.0,unknown,unknown,unknown,0,0,0,0,1,19.968614461999685,9.936514758870752,8.353380316073446,38.25850953694388
Bright_Far_20260114_210600_T6,1736904000.36,9,Bright,Far,4,4,1280,720,24.705192498037032,0,1,chen,2,1,0.7650567309854844,421.95851797695076,217.08510930705967,535.1536322898128,374.4357045348549,17811.31861400716,chen,0.8702555558763047,bob,0.7945080435834329,0.0757475122928718,chen,chen,chen,3,1,1,0,0,19.968614461999685,9.936514758870752,8.353380316073446,38.25850953694388
Bright_Far_20260114_210600_T6,1736904000.36,9,Bright,Far,4,4,1280,720,24.705192498037032,0,2,alice,3,1,0.860600681452652,710.0513138992445,263.2090432104621,828.4628708970284,409.4129570162277,17312.233072910505,alice,0.8648228258239136,bob,0.8008040258602849,0.06401879996362869,alice,alice,alice,2,1,1,0,0,19.968614461999685,9.936514758870752,8.353380316073446,38.25850953694388
Bright_Far_20260114_210600_T6,1736904000.36,9,Bright,Far,4,4,1280,720,24.705192498037032,0,3,bob,4,1,0.7827589360953641,1087.8447775904897,217.02411792264166,1192.4550401294696,428.3828558052201,22110.293059803967,bob,0.8520130907724712,chen,0.7883431998874266,0.0636698908850446,bob,bob,bob,3,1,1,0,0,19.968614461999685,9.936514758870752,8.353380316073446,38.25850953694388
Bright_Far_20260114_210600_T6,1736904000.4,10,Bright,Far,4,4,1280,720,25.324438920586637,1,0,diana,-1,0,-1.0,-1.0,-1.0,-1.0,-1.0,0.0,unknown,-1.0,unknown,-1.0,-1.0,unknown,unknown,unknown,0,0,0,0,1,11.069026656335577,5.248399401777455,4.1460188301924354,20.463444888305467
Bright_Far_20260114_210600_T6,1736904000.4,10,Bright,Far,4,4,1280,720,25.324438920586637,1,1,chen,2,1,0.8078940357427311,433.3416135755054,260.91612869673224,550.7966669823518,459.8428726172159,23364.951331230463,chen,0.8520908895747992,alice,0.681962329726611,0.1701285598481882,chen,chen,chen,2,1,1,0,0,11.069026656335577,5.248399401777455,4.1460188301924354,20.463444888305467
Bright_Far_20260114_210600_T6,1736904000.4,10,Bright,Far,4,4,1280,720,25.324438920586637,1,2,alice,3,1,0.7888310344120247,743.981653053745,170.6822874317901,857.9900506015863,382.02170473713636,24094.468305677037,alice,0.8215434483206052,diana,0.7243502409778081,0.09719320734279713,alice,alice,alice,2,1,1,0,0,11.069026656335577,5.248399401777455,4.1460188301924354,20.463444888305467
Bright_Far_20260114_210600_T6,1736904000.4,10,Bright,Far,4,4,1280,720,25.324438920586637,1,3,bob,4,1,0.8160855236810312,1051.80276458488,207.09953708491165,1177.338926764741,350.7084606127469,18028.113114465592,bob,0.8301459629971435,alice,0.7312372478091618,0.09890871518798172,bob,bob,bob,3,1,1,0,0,11.069026656335577,5.248399401777455,4.1460188301924354,20.463444888305467
Bright_Far_20260114_210600_T6,1736904000.44,11,Bright,Far,4,4,1280,720,24.0381645583999,1,0,diana,1,1,0.6585648744190462,130.54744759150304,229.65637919001,221.27960689137745,416.80962018681277,16980.817675609695,diana,0.7473890980576472,chen,0.6294858155242511,0.1179032825333961,diana,diana,diana,1,1,1,0,0,10.165435826178207,8.485145799668233,7.217054848737609,25.86763647458405
Bright_Far_20260114_210600_T6,1736904000.44,11,Bright,Far,4,4,1280,720,24.0381645583999,1,1,chen,2,1,0.8726150527624349,406.99720304592194,250.81476884896472,528.1440292889399,417.99483813992265,20253.334805687387,chen,0.9639116613990214,diana,0.8092605822061012,0.1546510791929202,chen,chen,chen,2,1,1,0,0,10.165435826178207,8.485145799668233,7.217054848737609,25.86763647458405
Bright_Far_20260114_210600_T6,1736904000.44,11,Bright,Far,4,4,1280,720,24.0381645583999,1,2,alice,-1,0,-1.0,-1.0,-1.0,-1.0,-1.0,0.0,unknown,-1.0,unknown,-1.0,-1.0,unknown,unknown,unknown,0,0,0,0,1,10.165435826178207,8.485145799668233,7.217054848737609,25.86763647458405
Bright_Far_20260114_210600_T6,1736904000.44,11,Bright,Far,4,4,1280,720,24.0381645583999,1,3,bob,4,1,0.7585193805209489,1052.4378677449565,231.2753518217533,1168.0156120270228,439.07745710777164,24017.298586022447,chen,0.6902045571608758,diana,0.6312199984443186,0.05898455871655717,unknown,unknown,unknown,0,0,0,0,0,10.165435826178207,8.485145799668233,7.217054848737609,25.86763647458405
Bright_Far_20260114_210600_T6,1736904000.48,12,Bright,Far,4,4,1280,720,26.337156281714027,2,0,diana,1,1,0.7756845986445902,94.85692664086386,252.25989107131082,210.11403704870642,390.67764334029255,15953.630155671428,diana,0.8754405575216693,alice,0.7135618184546701,0.16187873906699912,diana,diana,diana,3,1,1,0,0,15.683552897767811,8.878386506880803,11.272015544074746,35.83395494872336
Bright_Far_20260114_210600_T6,1736904000.48,12,Bright,Far,4,4,1280,720,26.337156281714027,2,1,chen,2,1,0.7335770373239815,429.4326872935251,268.7883568973056,542.5329294206804,442.0833817308341,19599.709268103463,chen,0.8620715489613862,diana,0.7849341507875901,0.07713739817379606,chen,chen,chen,1,1,1,0,0,15.683552897767811,8.878386506880803,11.272015544074746,35.83395494872336
Bright_Far_20260114_210600_T6,1736904000.48,12,Bright,Far,4,4,1280,720,26.337156281714027,2,2,alice,3,1,0.8513863131313437,734.9414159041546,307.8738763575586,852.0288483724551,443.36203573329175,15863.960711160487,alice,0.8982881433132167,bob,0.7409300892650614,0.15735805404815528,alice,alice,alice,3,1,1,0,0,15.683552897767811,8.878386506880803,11.272015544074746,35.83395494872336
Bright_Far_20260114_210600_T6,1736904000.48,12,Bright,Far,4,4,1280,720,26.337156281714027,2,3,bob,4,1,0.7597055377609659,1055.990577719806,269.47451833014,1153.3444269638526,474.6459795333071,19974.231503153893,diana,0.932076921838993,bob,0.8866407560100203,0.0454361658289727,diana,diana,diana,2,0,0,1,0,15.683552897767811,8.878386506880803,11.272015544074746,35.83395494872336
Bright_Far_20260114_210600_T6,1736904000.52,13,Bright,Far,4,4,1280,720,21.780028536796742,2,0,diana,-1,0,-1.0,-1.0,-1.0,-1.0,-1.0,0.0,unknown,-1.0,unknown,-1.0,-1.0,unknown,unknown,unknown,0,0,0,0,1,7.1218916621593875,5.569791444580061,7.006696856994513,19.698379963733963
Bright_Far_20260114_210600_T6,1736904000.52,13,Bright,Far,4,4,1280,720,21.780028536796742,2,1,chen,2,1,0.8448902523494459,444.9799853790919,201.62434382779318,550.1800260793709,413.93725401538404,22335.326792929245,chen,0.9021278054455043,bob,0.7596911357845461,0.14243666966095825,chen,chen,chen,1,1,1,0,0,7.1218916621593875,5.569791444580061,7.006696856994513,19.698379963733963
Bright_Far_20260114_210600_T6,1736904000.52,13,Bright,Far,4,4,1280,720,21.780028536796742,2,2,alice,3,1,0.7620483558250352,750.6179323258755,205.15280734219482,860.7907865755128,348.93465745745084,15840.856816491303,alice,0.9319076243197162,chen,0.7613219959377635,0.17058562838195268,alice,alice,alice,2,1,1,0,0,7.1218916621593875,5.569791444580061,7.006696856994513,19.698379963733963
Bright_Far_20260114_210600_T6,1736904000.52,13,Bright,Far,4,4,1280,720,21.780028536796742,2,3,bob,-1,0,-1.0,-1.0,-1.0,-1.0,-1.0,0.0,unknown,-1.0,unknown,-1.0,-1.0,unknown,unknown,unknown,0,0,0,0,1,7.1218916621593875,5.569791444580061,7.006696856994513,19.698379963733963
Bright_Far_20260114_210600_T6,1736904000.56,14,Bright,Far,4,4,1280,720,26.637924353404763,1,0,diana,1,1,0.7878280526527565,133.32235087008198,215.2080260295948,216.8777779944846,360.16259804449265,12111.74117833977,diana,0.9297086647223682,bob,0.8537665964774099,0.0759420682449583,diana,diana,diana,2,1,1,0,0,10.380356678233142,7.7176294373685375,6.442994531184175,24.540980646785854
Bright_Far_20260114_210600_T6,1736904000.56,14,Bright,Far,4,4,1280,720,26.637924353404763,1,1,chen,2,1,0.9437049140533202,430.3261614481824,211.30132000168786,520.7372194573843,345.171559550737,12103.349993574837,chen,0.8430788999742266,diana,0.7074712962002723,0.1356076037739543,chen,chen,chen,2,1,1,0,0,10.380356678233142,7.7176294373685375,6.442994531184175,24.540980646785854
Bright_Far_20260114_210600_T6,1736904000.56,14,Bright,Far,4,4,1280,720,26.637924353404763,1,2,alice,3,1,0.8978868485356455,762.7885003390752,198.52930967119477,850.3756883287392,386.83489427335877,16493.15663805332,alice,0.7330369848727584,diana,0.6961795943677297,0.036857390505028675,unknown,unknown,unknown,0,0,0,0,0,10.380356678233142,7.7176294373685375,6.442994531184175,24.540980646785854
Bright_Far_20260114_210600_T6,1736904000.56,14,Bright,Far,4,4,1280,720,26.637924353404763,1,3,bob,4,1,0.8255331397303478,1063.804160006409,230.49203740087313,1188.2510928576125,411.7572430245146,22557.89887250493,bob,0.8800445499243474,diana,0.7951099318969206,0.08493461802742686,bob,bob,bob,2,1,1,0,0,10.380356678233142,7.7176294373685375,6.442994531184175,24.540980646785854
Bright_Far_20260114_210600_T6,1736904000.6,15,Bright,Far,4,4,1280,720,25.118023779038335,1,0,diana,1,1,0.8235335166151811,84.54993202678517,194.76784098661778,199.6576729024945,370.7935575863628,20261.922573824497,diana,0.8586413286390234,alice,0.7872334842495767,0.0714078443894467,diana,diana,diana,1,1,1,0,0,17.721749909891347,10.969528727830415,8.292389306991208,36.98366794471297
Bright_Far_20260114_210600_T6,1736904000.6,15,Bright,Far,4,4,1280,720,25.118023779038335,1,1,chen,2,1,0.7261414321808691,406.07088384357854,203.76965393710597,532.4735904941247,349.46725110983164,18416.57063511348,chen,0.8094488615556462,diana,0.7056578517934673,0.10379100976217892,chen,chen,chen,2,1,1,0,0,17.721749909891347,10.969528727830415,8.292389306991208,36.98366794471297
Bright_Far_20260114_210600_T6,1736904000.6,15,Bright,Far,4,4,1280,720,25.118023779038335,1,2,alice,3,1,0.6668434831176342,765.0599374419439,283.83739934896977,847.8063065411288,443.4638806553634,13208.511740182988,alice,0.9466968178349418,diana,0.7967075072718063,0.14998931056313547,alice,alice,alice,2,1,1,0,0,17.721749909891347,10.969528727830415,8.292389306991208,36.98366794471297
Bright_Far_20260114_210600_T6,1736904000.6,15,Bright,Far,4,4,1280,720,25.118023779038335,1,3,bob,4,1,0.6510701323375765,1067.9441630183164,227.1043572681981,1162.1410367112117,394.0651266598785,15727.182506056726,bob,0.7687545138703782,diana,0.651129653968295,0.11762485990208316,bob,bob,bob,2,1,1,0,0,17.721749909891347,10.969528727830415,8.292389306991208,36.98366794471297
Bright_Far_20260114_210600_T6,1736904000.64,16,Bright,Far,4,4,1280,720,22.29323291275252,1,0,diana,1,1,0.7647754870285479,111.13884252778767,275.1265394170791,230.0453391142114,426.5266029228297,18002.45113443087,diana,0.787820745626507,chen,0.7095112477296321,0.0783094978968748,diana,diana,diana,3,1,1,0,0,10.619562946599606,9.02128269803803,7.661576609727943,27.30242225436558
Bright_Far_20260114_210600_T6,1736904000.64,16,Bright,Far,4,4,1280,720,22.29323291275252,1,1,chen,2,1,0.7872290988428299,407.1652219773927,148.57993496090307,497.47205445445667,363.7014979848012,19426.946954203326,diana,0.7326752969509248,alice,0.6588973730395886,0.0737779239113362,unknown,unknown,unknown,0,0,0,0,0,10.619562946599606,9.02128269803803,7.661576609727943,27.30242225436558
Bright_Far_20260114_210600_T6,1736904000.64,16,Bright,Far,4,4,1280,720,22.29323291275252,1,2,alice,3,1,0.8167013249852587,739.3488909970815,298.6804741911705,830.1429105233483,432.1134006123562,12114.91172693205,alice,0.8346851329176237,chen,0.747181198824955,0.08750393409266866,alice,alice,alice,2,1,1,0,0,10.619562946599606,9.02128269803803,7.661576609727943,27.30242225436558
Bright_Far_20260114_210600_T6,1736904000.64,16,Bright,Far,4,4,1280,720,22.29323291275252,1,3,bob,4,1,0.7426934083908595,1055.1567864234223,255.79696929705395,1151.977426808491,406.417990952516,14583.223772135121,bob,0.8772900124819627,chen,0.7406777901952337,0.13661222228672898,bob,bob,bob,2,1,1,0,0,10.619562946599606,9.02128269803803,7.661576609727943,27.30242225436558
Bright_Far_20260114_210600_T6,1736904000.68,17,Bright,Far,4,4,1280,720,25.487621286004615,3,0,diana,1,1,0.662724340703271,100.12097247131467,272.47702067383506,214.97345353815493,446.8603983513004,20028.36358307274,diana,0.7021409583677614,chen,0.6651272381259531,0.03701372024180827,unknown,unknown,unknown,0,0,0,0,0,7.960757615194401,7.585796819294592,6.520035835496823,22.066590269985817
Bright_Far_20260114_210600_T6,1736904000.68,17,Bright,Far,4,4,1280,720,25.487621286004615,3,1,chen,2,1,0.7724441569389031,439.00922447471646,290.58374366671364,565.1622215555276,430.69474963788946,17675.423327271255,bob,0.7898405265164627,chen,0.706678652205222,0.08316187431124078,bob,bob,bob,2,0,0,1,0,7.960757615194401,7.585796819294592,6.520035835496823,22.066590269985817
Bright_Far_20260114_210600_T6,1736904000.68,17,Bright,Far,4,4,1280,720,25.487621286004615,3,2,alice,-1,0,-1.0,-1.0,-1.0,-1.0,-1.0,0.0,unknown,-1.0,unknown,-1.0,-1.0,unknown,unknown,unknown,0,0,0,0,1,7.960757615194401,7.585796819294592,6.520035835496823,22.066590269985817
Bright_Far_20260114_210600_T6,1736904000.68,17,Bright,Far,4,4,1280,720,25.487621286004615,3,3,bob,4,1,0.7373359437252291,1061.353233016586,216.23616742234637,1179.7829431702087,402.78465855187835,22092.883734066116,bob,0.7432130345984124,chen,0.6407993410418679,0.1024136935565445,bob,bob,bob,1,1,1,0,0,7.960757615194401,7.585796819294592,6.520035835496823,22.066590269985817
Bright_Far_20260114_210600_T6,1736904000.72,18,Bright,Far,4,4,1280,720,27.198761127496716,0,0,diana,1,1,0.7071495357988081,107.66858065375021,304.76861179702036,192.2835833979937,464.2296581312152,13492.796873167837,diana,0.9275077047350985,chen,0.7807173607058974,0.1467903440292011,diana,diana,diana,2,1,1,0,0,15.170014908471716,8.264350053454478,5.8517858331639285,29.286150795090123
Bright_Far_20260114_210600_T6,1736904000.72,18,Bright,Far,4,4,1280,720,27.198761127496716,0,1,chen,2,1,0.913122038186451,434.0562568751387,294.43625894530254,531.532786412672,471.38813582552933,17248.65485343738,chen,0.8855438951898975,alice,0.7665989633831445,0.11894493180675303,chen,chen,chen,3,1,1,0,0,15.170014908471716,8.264350053454478,5.8517858331639285,29.286150795090123
Bright_Far_20260114_210600_T6,1736904000.72,18,Bright,Far,4,4,1280,720,27.198761127496716,0,2,alice,3,1,0.8400666423660331,739.8050741800386,278.45862790592696,852.2473377816326,480.6063364541967,22729.945931042756,alice,0.8150662842961857,bob,0.7267964436185983,0.08826984067758736,alice,alice,alice,3,1,1,0,0,15.170014908471716,8.264350053454478,5.8517858331639285,29.286150795090123
Bright_Far_20260114_210600_T6,1736904000.72,18,Bright,Far,4,4,1280,720,27.198761127496716,0,3,bob,4,1,0.7742465315796762,1059.0569197318878,198.9306389058307,1152.9404995422083,362.0155262794069,15310.993039594272,alice,0.7938084431538981,bob,0.732070548937553,0.061737894216345124,alice,alice,alice,2,0,0,1,0,15.170014908471716,8.264350053454478,5.8517858331639285,29.286150795090123
Bright_Far_20260114_210600_T6,1736904000.76,19,Bright,Far,4,4,1280,720,23.291146074750344,1,0,diana,1,1,0.8323849533238804,110.36819378673269,186.7860691522656,229.53284013410305,376.57635391283014,22616.29216365939,diana,0.7648001740286613,bob,0.6008757217862175,0.16392445224244379,diana,diana,diana,1,1,1,0,0,11.298829375909882,8.741614855964475,3.1968328807549575,23.237277112629315
Bright_Far_20260114_210600_T6,1736904000.76,19,Bright,Far,4,4,1280,720,23.291146074750344,1,1,chen,2,1,0.6243571941886608,388.7584423304023,220.68408544969276,484.8047057266285,381.01374624616386,15399.064831085467,alice,0.8200555858628783,chen,0.7671838260981902,0.05287175976468805,alice,alice,alice,2,0,0,1,0,11.298829375909882,8.741614855964475,3.1968328807549575,23.237277112629315
Bright_Far_20260114_210600_T6,1736904000.76,19,Bright,Far,4,4,1280,720,23.291146074750344,1,2,alice,3,1,0.7468569242040359,767.2814705441435,282.700183857442,868.260409229797,416.4914891638393,13510.104015208231,alice,0.9126331541548984,diana,0.8215858364023261,0.09104731775257235,alice,alice,alice,1,1,1,0,0,11.298829375909882,8.741614855964475,3.1968328807549575,23.237277112629315
Bright_Far_20260114_210600_T6,1736904000.76,19,Bright,Far,4,4,1280,720,23.291146074750344,1,3,bob,4,1,0.812579404865173,1075.1070266354247,219.18901942850445,1179.799842184528,410.3518468176302,20013.374627694797,bob,0.7762970494714887,alice,0.6912331949378133,0.08506385453367538,bob,bob,bob,3,1,1,0,0,11.298829375909882,8.741614855964475,3.1968328807549575,23.237277112629315
Bright_Far_20260114_210600_T6,1736904000.8,20,Bright,Far,4,4,1280,720,27.975574425160673,1,0,diana,1,1,0.8756232327506221,105.32612257428059,219.92416864007473,224.54258442054697,353.1036048934337,15877.18118080584,diana,0.8879014015480781,bob,0.7776727065102084,0.1102286950378697,diana,diana,diana,2,1,1,0,0,12.153491528088775,10.869041120473714,8.38259494592086,31.40512759448335
Bright_Far_20260114_210600_T6,1736904000.8,20,Bright,Far,4,4,1280,720,27.975574425160673,1,1,chen,2,1,0.8242396244418692,422.3006354556404,316.73160573509006,521.421298910272,470.46189722000577,15237.84848505874,chen,0.6932160955028291,diana,0.6294231818426973,0.06379291366013184,unknown,unknown,unknown,0,0,0,0,0,12.153491528088775,10.869041120473714,8.38259494592086,31.40512759448335
Bright_Far_20260114_210600_T6,1736904000.8,20,Bright,Far,4,4,1280,720,27.975574425160673,1,2,alice,-1,0,-1.0,-1.0,-1.0,-1.0,-1.0,0.0,unknown,-1.0,unknown,-1.0,-1.0,unknown,unknown,unknown,0,0,0,0,1,12.153491528088775,10.869041120473714,8.38259494592086,31.40512759448335
Bright_Far_20260114_210600_T6,1736904000.8,20,Bright,Far,4,4,1280,720,27.975574425160673,1,3,bob,4,1,0.7867863896455809,1062.934236028063,233.5473131193628,1186.2602901131986,447.9178579250803,26437.473402969907,bob,0.8670980375830082,diana,0.775777685853672,0.09132035172933617,bob,bob,bob,3,1,1,0,0,12.153491528088775,10.869041120473714,8.38259494592086,31.40512759448335
Bright_Far_20260114_210600_T6,1736904000.84,21,Bright,Far,4,4,1280,720,23.5116186494163,0,0,diana,-1,0,-1.0,-1.0,-1.0,-1.0,-1.0,0.0,unknown,-1.0,unknown,-1.0,-1.0,unknown,unknown,unknown,0,0,0,0,1,10.848595575087876,9.493601901517593,3.4858125630659824,23.82801003967145
Bright_Far_20260114_210600_T6,1736904000.84,21,Bright,Far,4,4,1280,720,23.5116186494163,0,1,chen,2,1,0.7978486470936298,461.37894407029626,127.11140677195036,556.9427993644011,275.7483961956059,14204.323748633615,bob,0.6700341361145377,chen,0.6266253305163203,0.04340880559821736,unknown,unknown,unknown,0,0,0,0,0,10.848595575087876,9.493601901517593,3.4858125630659824,23.82801003967145
Bright_Far_20260114_210600_T6,1736904000.84,21,Bright,Far,4,4,1280,720,23.5116186494163,0,2,alice,3,1,0.742261943534321,754.6306229035666,214.2920401469009,862.3461657534984,393.97830498214745,19355.003559405195,alice,0.8526721800939681,bob,0.7039183668768529,0.14875381321711512,alice,alice,alice,2,1,1,0,0,10.848595575087876,9.493601901517593,3.4858125630659824,23.82801003967145
Bright_Far_20260114_210600_T6,1736904000.84,21,Bright,Far,4,4,1280,720,23.5116186494163,0,3,bob,4,1,0.6475127265805761,1075.4231174974316,243.77877278683292,1188.8193944997784,426.58485000040486,20729.528569422597,bob,0.8376395331783384,chen,0.7640147800615572,0.07362475311678118,bob,bob,bob,1,1,1,0,0,10.848595575087876,9.493601901517593,3.4858125630659824,23.82801003967145
Bright_Far_20260114_210600_T6,1736904000.88,22,Bright,Far,4,4,1280,720,25.996303348124762,4,0,diana,1,1,0.7224073713634395,93.46095911236937,256.9150453071988,174.80970198279448,439.67754388101395,14867.499502837725,diana,0.9081895610597971,alice,0.8067624842587255,0.10142707680107155,diana,diana,diana,3,1,1,0,0,18.69123090995507,14.389292942455043,12.045772594033078,45.12629644644319
Bright_Far_20260114_210600_T6,1736904000.88,22,Bright,Far,4,4,1280,720,25.996303348124762,4,1,chen,2,1,0.7810209569457227,440.4477089611197,202.11637329161965,563.4090850504573,365.2136339680902,20054.66360918023,diana,0.7702915969970432,chen,0.6921199279146604,0.07817166908238282,diana,diana,diana,1,0,0,1,0,18.69123090995507,14.389292942455043,12.045772594033078,45.12629644644319
Bright_Far_20260114_210600_T6,1736904000.88,22,Bright,Far,4,4,1280,720,25.996303348124762,4,2,alice,3,1,0.7522959594044132,784.6725898659179,210.6658881885454,867.689676247822,397.64405434501384,15522.38257134157,alice,0.8407605769347402,bob,0.7226764764284582,0.11808410050628193,alice,alice,alice,3,1,1,0,0,18.69123090995507,14.389292942455043,12.045772594033078,45.12629644644319
Bright_Far_20260114_210600_T6,1736904000.88,22,Bright,Far,4,4,1280,720,25.996303348124762,4,3,bob,4,1,0.7123776748166861,1092.0205528923693,212.44828136095867,1178.8101369207175,388.76007225470624,15302.026990961453,alice,0.8442762994089884,bob,0.7916850819832766,0.05259121742571182,alice,alice,alice,1,0,0,1,0,18.69123090995507,14.389292942455043,12.045772594033078,45.12629644644319
Bright_Far_20260114_210600_T6,1736904000.92,23,Bright,Far,4,4,1280,720,25.088010992582785,0,0,diana,1,1,0.7164326109559611,108.90755534937135,213.89240099044983,216.49264789661208,359.1243178573476,15624.789216938369,diana,0.8244521113530772,alice,0.7283747337333146,0.09607737761976254,diana,diana,diana,1,1,1,0,0,9.132438028167542,9.276402499449375,7.5729754053915705,25.981815933008487
Bright_Far_20260114_210600_T6,1736904000.92,23,Bright,Far,4,4,1280,720,25.088010992582785,0,1,chen,2,1,0.7431434127388054,453.06655168054385,229.51378546925002,559.3803943207976,371.6332211839424,15109.263324693458,chen,0.8254764340273658,diana,0.6873173457002297,0.13815908832713608,chen,chen,chen,2,1,1,0,0,9.132438028167542,9.276402499449375,7.5729754053915705,25.981815933008487
Bright_Far_20260114_210600_T6,1736904000.92,23,Bright,Far,4,4,1280,720,25.088010992582785,0,2,alice,-1,0,-1.0,-1.0,-1.0,-1.0,-1.0,0.0,unknown,-1.0,unknown,-1.0,-1.0,unknown,unknown,unknown,0,0,0,0,1,9.132438028167542,9.276402499449375,7.5729754053915705,25.981815933008487
Bright_Far_20260114_210600_T6,1736904000.92,23,Bright,Far,4,4,1280,720,25.088010992582785,0,3,bob,4,1,0.7969659432689016,1064.1240702679188,198.51560026127845,1177.8829709134488,362.14384816167853,18614.169595703774,bob,0.9691673487722903,alice,0.8754364338568925,0.09373091491539776,bob,bob,bob,2,1,1,0,0,9.132438028167542,9.276402499449375,7.5729754053915705,25.981815933008487
Bright_Far_20260114_210600_T6,1736904000.96,24,Bright,Far,4,4,1280,720,20.57180206865945,0,0,diana,1,1,0.9610081497545973,81.40176186259194,263.708464542979,200.94707207174102,411.45514422549223,17662.422655017825,diana,0.8073235964453084,bob,0.7142675130698232,0.09305608337548521,diana,diana,diana,2,1,1,0,0,17.612043382777117,12.855992736790931,10.561384018209615,41.02942013777766
Bright_Far_20260114_210600_T6,1736904000.96,24,Bright,Far,4,4,1280,720,20.57180206865945,0,1,chen,2,1,0.7983092436546347,421.4948898056147,242.78097050578197,516.7264832822143,397.1624785609266,14701.99701541192,chen,0.8348233157684106,bob,0.7533407249940831,0.08148259077432751,chen,chen,chen,3,1,1,0,0,17.612043382777117,12.855992736790931,10.561384018209615,41.02942013777766
Bright_Far_20260114_210600_T6,1736904000.96,24,Bright,Far,4,4,1280,720,20.57180206865945,0,2,alice,3,1,0.7926242973247839,740.1792298153321,193.34725126070765,847.0106113336888,324.18582831347186,13977.665942442762,alice,0.7945929524405078,chen,0.6215461605420346,0.17304679189847316,alice,alice,alice,1,1,1,0,0,17.612043382777117,12.855992736790931,10.561384018209615,41.02942013777766
Bright_Far_20260114_210600_T6,1736904000.96,24,Bright,Far,4,4,1280,720,20.57180206865945,0,3,bob,4,1,0.7011293801810708,1033.8855067604866,165.24639259490755,1161.8135401446923,360.48913729742503,24977.02036232761,bob,0.7987565918075129,diana,0.700909275150251,0.09784731665726187,bob,bob,bob,2,1,1,0,0,17.612043382777117,12.855992736790931,10.561384018209615,41.02942013777766
Bright_Far_20260114_210600_T6,1736904001.0,25,Bright,Far,4,4,1280,720,28.521419666408054,1,0,diana,1,1,0.7750082180447639,125.30546169571802,203.5968799159488,215.23367018088288,380.06512239168217,15869.472900368375,diana,0.8556341701468062,bob,0.7086235906511174,0.14701057949568885,diana,diana,diana,3,1,1,0,0,10.669906938555513,7.676411053949258,8.220983195691407,26.56730118819618
Bright_Far_20260114_210600_T6,1736904001.0,25,Bright,Far,4,4,1280,720,28.521419666408054,1,1,chen,2,1,0.7476351315757266,428.4482571543439,196.30172418401546,540.9875044531301,396.2627360701349,22503.461766767527,chen,0.9383051803766153,diana,0.827312421418279,0.11099275895833627,chen,chen,chen,2,1,1,0,0,10.669906938555513,7.676411053949258,8.220983195691407,26.56730118819618
Bright_Far_20260114_210600_T6,1736904001.0,25,Bright,Far,4,4,1280,720,28.521419666408054,1,2,alice,3,1,0.7705067530426568,757.6140549675234,190.8861686432856,884.2892483435434,355.3725661103408,20836.346206864095,alice,0.9116768547144372,diana,0.8183352868157198,0.09334156789871739,alice,alice,alice,3,1,1,0,0,10.669906938555513,7.676411053949258,8.220983195691407,26.56730118819618
Bright_Far_20260114_210600_T6,1736904001.0,25,Bright,Far,4,4,1280,720,28.521419666408054,1,3,bob,4,1,0.7583046327827547,1052.7395390963588,310.9147823909318,1142.3012466094538,459.1766485078914,13278.585888512773,bob,0.8495189560695382,chen,0.7841246996560368,0.06539425641350138,bob,bob,bob,1,1,1,0,0,10.669906938555513,7.676411053949258,8.220983195691407,26.56730118819618
Bright_Far_20260114_210600_T6,1736904001.04,26,Bright,Far,4,4,1280,720,27.658644568424673,0,0,diana,1,1,0.8672499364159948,104.05699686464862,225.70654344680588,227.27006910964406,396.55412049811207,21050.654854105014,diana,0.884668954928128,chen,0.7154316651273684,0.16923728980075958,diana,diana,diana,1,1,1,0,0,10.764637838694478,7.947543910767315,5.847007973406972,24.559189722868766
Bright_Far_20260114_210600_T6,1736904001.04,26,Bright,Far,4,4,1280,720,27.658644568424673,0,1,chen,2,1,0.8369133208478644,440.02795224938,199.12514016082739,537.2359445188481,394.7674111118357,19017.9923621868,alice,0.7793822585326199,chen,0.700842088094656,0.07854017043796391,alice,alice,alice,2,0,0,1,0,10.764637838694478,7.947543910767315,5.847007973406972,24.559189722868766
Bright_Far_20260114_210600_T6,1736904001.04,26,Bright,Far,4,4,1280,720,27.658644568424673,0,2,alice,3,1,0.6762969756584355,723.6900641705425,229.2607081229889,849.8593145750698,388.9462045216175,20147.39938108981,alice,0.9482574879662926,chen,0.8124628917205059,0.13579459624578671,alice,alice,alice,3,1,1,0,0,10.764637838694478,7.947543910767315,5.847007973406972,24.559189722868766
Bright_Far_20260114_210600_T6,1736904001.04,26,Bright,Far,4,4,1280,720,27.658644568424673,0,3,bob,4,1,0.7607033535835139,1072.852506177219,279.73459091414264,1156.8952366303654,456.52893622830885,14858.27950887894,bob,0.8893500540988367,alice,0.8256518353879757,0.06369821871086101,bob,bob,bob,1,1,1,0,0,10.764637838694478,7.947543910767315,5.847007973406972,24.559189722868766
Bright_Far_20260114_210600_T6,1736904001.08,27,Bright,Far,4,4,1280,720,24.099079548565108,3,0,diana,1,1,0.8041550372343358,98.47459631107083,254.9954764826216,199.06851846846214,436.4101742646793,18249.215986894986,diana,0.8588224119148475,chen,0.7546512155097852,0.10417119640506234,diana,diana,diana,2,1,1,0,0,16.538933739062024,8.686081557714065,5.987703131077076,31.212718427853165
Bright_Far_20260114_210600_T6,1736904001.08,27,Bright,Far,4,4,1280,720,24.099079548565108,3,1,chen,2,1,0.8061683171004587,419.07001210517035,282.0601427715736,506.8061227985763,429.09607820731617,12900.361107298802,chen,0.8501761471406347,alice,0.7480622701312717,0.10211387700936303,chen,chen,chen,2,1,1,0,0,16.538933739062024,8.686081557714065,5.987703131077076,31.212718427853165
Bright_Far_20260114_210600_T6,1736904001.08,27,Bright,Far,4,4,1280,720,24.099079548565108,3,2,alice,3,1,0.6347655216406604,713.6267381875002,259.614090088364,824.8671145219871,441.4004694463302,20221.98525226396,alice,0.9106890144567776,bob,0.8496247610555937,0.06106425340118393,alice,alice,alice,2,1,1,0,0,16.538933739062024,8.686081557714065,5.987703131077076,31.212718427853165
Bright_Far_20260114_210600_T6,1736904001.08,27,Bright,Far,4,4,1280,720,24.099079548565108,3,3,bob,4,1,0.7731491802588156,1043.0225658372246,229.75912759347068,1169.4255446716584,436.06860157704534,26078.132073288944,bob,0.8338654695370498,diana,0.6855678089828816,0.14829766055416815,bob,bob,bob,2,1,1,0,0,16.538933739062024,8.686081557714065,5.987703131077076,31.212718427853165
Bright_Far_20260114_210600_T6,1736904001.12,28,Bright,Far,4,4,1280,720,24.93111558316499,1,0,diana,1,1,0.6935689978438583,107.63874814299035,258.1279374946816,198.55272745228413,463.72182890130495,18691.358789458947,diana,0.8733680153830532,chen,0.7325296086441935,0.14083840673885972,diana,diana,diana,2,1,1,0,0,12.726868135485509,7.000642119766061,10.108056459476972,29.83556671472854
Bright_Far_20260114_210600_T6,1736904001.12,28,Bright,Far,4,4,1280,720,24.93111558316499,1,1,chen,2,1,0.7611074280463738,443.5321592386581,233.75720950396573,566.3911443181595,411.6019062842269,21849.81894819456,chen,0.874841929573024,diana,0.8134339924614291,0.06140793711159487,chen,chen,chen,3,1,1,0,0,12.726868135485509,7.000642119766061,10.108056459476972,29.83556671472854
Bright_Far_20260114_210600_T6,1736904001.12,28,Bright,Far,4,4,1280,720,24.93111558316499,1,2,alice,3,1,0.614785301967485,749.7601654594595,259.3673225440225,847.7461918789837,393.5627906523978,13149.280683447685,alice,0.8792417641344283,chen,0.773549604300601,0.10569215983382729,alice,alice,alice,3,1,1,0,0,12.726868135485509,7.000642119766061,10.108056459476972,29.83556671472854
Bright_Far_20260114_210600_T6,1736904001.12,28,Bright,Far,4,4,1280,720,24.93111558316499,1,3,bob,-1,0,-1.0,-1.0,-1.0,-1.0,-1.0,0.0,unknown,-1.0,unknown,-1.0,-1.0,unknown,unknown,unknown,0,0,0,0,1,12.726868135485509,7.000642119766061,10.108056459476972,29.83556671472854
Bright_Far_20260114_210600_T6,1736904001.16,29,Bright,Far,4,4,1280,720,26.2986727742814,0,0,diana,1,1,0.8736201721677345,101.03655903867022,187.67094247468356,216.06911094738248,388.02292141369094,23046.999417314593,diana,0.9260118998748758,alice,0.7657098858451346,0.1603020140297412,diana,diana,diana,2,1,1,0,0,10.387975438591878,10.01079820875301,6.5599040783154745,26.958677725660365
Bright_Far_20260114_210600_T6,1736904001.16,29,Bright,Far,4,4,1280,720,26.2986727742814,0,1,chen,2,1,0.7367026317714241,387.95630681195746,258.54586258691086,492.8075643336091,455.0068550033843,20599.182108818906,chen,0.9304325454677659,diana,0.8262450476572618,0.10418749781050407,chen,chen,chen,1,1,1,0,0,10.387975438591878,10.01079820875301,6.5599040783154745,26.958677725660365
Bright_Far_20260114_210600_T6,1736904001.16,29,Bright,Far,4,4,1280,720,26.2986727742814,0,2,alice,3,1,0.790476554427391,765.595638100889,252.47738132348152,845.8110660351091,442.80158499287927,15266.937443580402,alice,0.8577270175081714,bob,0.780436887297701,0.07729013021047038,alice,alice,alice,1,1,1,0,0,10.387975438591878,10.01079820875301,6.5599040783154745,26.958677725660365
Bright_Far_20260114_210600_T6,1736904001.16,29,Bright,Far,4,4,1280,720,26.2986727742814,0,3,bob,4,1,0.831574708813655,1072.6034007777157,198.91744307104656,1183.2410897457085,375.2085678048693,19504.442626118293,bob,0.8611917193990299,alice,0.7689765843959204,0.09221513500310952,bob,bob,bob,1,1,1,0,0,10.387975438591878,10.01079820875301,6.5599040783154745,26.958677725660365
Bright_Far_20260114_210600_T6,1736904001.2,30,Bright,Far,4,4,1280,720,24.02261317220689,1,0,diana,1,1,0.7652297207453823,102.15056836535399,196.01233922240942,225.4643598106485,392.93240637159806,24282.960091828438,diana,0.7902768049561161,alice,0.6437357167988789,0.1465410881572372,diana,diana,diana,3,1,1,0,0,14.256969918853462,11.804590881298354,8.794886841013563,34.85644764116538
Bright_Far_20260114_210600_T6,1736904001.2,30,Bright,Far,4,4,1280,720,24.02261317220689,1,1,chen,2,1,0.7645230653902871,428.4161905090503,212.00732621539368,537.1342660422443,425.0649314533229,23163.212819178632,chen,0.8511214162762049,alice,0.7443542249406001,0.10676719133560475,chen,chen,chen,3,1,1,0,0,14.256969918853462,11.804590881298354,8.794886841013563,34.85644764116538
Bright_Far_20260114_210600_T6,1736904001.2,30,Bright,Far,4,4,1280,720,24.02261317220689,1,2,alice,3,1,0.9581346858813886,763.9883666691637,213.69175242076238,850.9120441616335,429.19315657383237,18732.174553775843,alice,0.9107186209832642,bob,0.7697467431159447,0.14097187786731946,alice,alice,alice,2,1,1,0,0,14.256969918853462,11.804590881298354,8.794886841013563,34.85644764116538
Bright_Far_20260114_210600_T6,1736904001.2,30,Bright,Far,4,4,1280,720,24.02261317220689,1,3,bob,4,1,0.7759913780746239,1073.7079206400938,235.9178091454542,1199.6331216262004,387.8101171446321,19127.069413040077,alice,0.6272301646082578,bob,0.5965249769126089,0.030705187695648894,unknown,unknown,unknown,0,0,0,0,0,14.256969918853462,11.804590881298354,8.794886841013563,34.85644764116538
Bright_Far_20260114_210600_T6,1736904001.24,31,Bright,Far,4,4,1280,720,27.843762196583757,2,0,diana,1,1,0.7608051890911756,116.42774043506807,211.89336748415576,242.28173413375004,349.5449684628244,17324.003722182846,diana,0.8961474403422414,chen,0.7664263408176748,0.12972109952456656,diana,diana,diana,1,1,1,0,0,21.031597335916867,14.5907343774368,8.266459608929331,43.888791322283
Bright_Far_20260114_210600_T6,1736904001.24,31,Bright,Far,4,4,1280,720,27.843762196583757,2,1,chen,2,1,0.7403605812435554,442.08953580857855,274.88395307856246,525.3580222087392,429.41771514513806,12867.792465006307,chen,0.9226106303285166,bob,0.8014459549130907,0.12116467541542597,chen,chen,chen,1,1,1,0,0,21.031597335916867,14.5907343774368,8.266459608929331,43.888791322283
Bright_Far_20260114_210600_T6,1736904001.24,31,Bright,Far,4,4,1280,720,27.843762196583757,2,2,alice,3,1,0.774202436920036,748.458713281363,243.67471266368287,855.3638843585951,395.19205467876975,16197.987369290355,alice,0.8485784906557677,bob,0.7043457558374269,0.14423273481834087,alice,alice,alice,2,1,1,0,0,21.031597335916867,14.5907343774368,8.266459608929331,43.888791322283
Bright_Far_20260114_210600_T6,1736904001.24,31,Bright,Far,4,4,1280,720,27.843762196583757,2,3,bob,4,1,0.7326489514032698,1098.9851913025313,172.96492762610944,1194.6478662271506,374.0141846687461,19232.90972030598,bob,0.7979799196105921,alice,0.6828520327931317,0.11512788681746045,bob,bob,bob,1,1,1,0,0,21.031597335916867,14.5907343774368,8.266459608929331,43.888791322283
Bright_Far_20260114_210600_T6,1736904001.28,32,Bright,Far,4,4,1280,720,23.486090469153805,2,0,diana,1,1,0.7909512569786901,67.6744821500004,287.2363517430756,165.69683857029207,478.7118006609487,18768.874699563108,diana,0.8837293964109265,alice,0.7056966297225108,0.17803276668841572,diana,diana,diana,3,1,1,0,0,24.762962305065912,18.251929857343605,6.143595120006253,49.15848728241577
Bright_Far_20260114_210600_T6,1736904001.28,32,Bright,Far,4,4,1280,720,23.486090469153805,2,1,chen,2,1,0.5501901893197539,402.3732323335569,224.73171344256855,521.3879399919825,355.8960721709283,15610.487809260598,chen,0.8771115684844285,bob,0.7581653789813618,0.11894618950306668,chen,chen,chen,2,1,1,0,0,24.762962305065912,18.251929857343605,6.143595120006253,49.15848728241577
Bright_Far_20260114_210600_T6,1736904001.28,32,Bright,Far,4,4,1280,720,23.486090469153805,2,2,alice,3,1,0.7809691302507251,742.4191429555609,286.4979365703325,854.2952667924084,471.75363935281894,20725.689945975657,alice,0.8239174506836071,diana,0.6883714329350027,0.13554601774860442,alice,alice,alice,3,1,1,0,0,24.762962305065912,18.251929857343605,6.143595120006253,49.15848728241577
Bright_Far_20260114_210600_T6,1736904001.28,32,Bright,Far,4,4,1280,720,23.486090469153805,2,3,bob,4,1,0.7201654014197495,1053.5238628536888,322.978803812508,1176.2645605011242,475.1595762457091,18678.774176976705,chen,0.8464799905383218,bob,0.779172197355879,0.06730779318244284,chen,chen,chen,2,0,0,1,0,24.762962305065912,18.251929857343605,6.143595120006253,49.15848728241577
Bright_Far_20260114_210600_T6,1736904001.32,33,Bright,Far,4,4,1280,720,24.952709448592813,1,0,diana,1,1,0.8211842917013487,125.29761296295919,222.50614289848843,238.0290747527368,387.9839698621994,18654.557327415012,diana,0.8224465383333696,alice,0.6720374686506617,0.15040906968270784,diana,diana,diana,1,1,1,0,0,12.37221822101147,9.54325070976235,6.40359680149294,28.31906573226676
Bright_Far_20260114_210600_T6,1736904001.32,33,Bright,Far,4,4,1280,720,24.952709448592813,1,1,chen,2,1,0.7029118301565761,402.21505112097446,160.3612896269609,513.9853202820561,333.9681022393549,19404.080173884744,chen,0.8558671794537855,diana,0.7028570558380978,0.15301012361568778,chen,chen,chen,3,1,1,0,0,12.37221822101147,9.54325070976235,6.40359680149294,28.31906573226676
Bright_Far_20260114_210600_T6,1736904001.32,33,Bright,Far,4,4,1280,720,24.952709448592813,1,2,alice,3,1,0.7433404810964352,744.3415516200472,270.6403268630754,836.7719505879962,408.09764620310125,12705.234867663365,alice,0.8191183748741427,bob,0.7158298755366672,0.10328849933747553,alice,alice,alice,2,1,1,0,0,12.37221822101147,9.54325070976235,6.40359680149294,28.31906573226676
Bright_Far_20260114_210600_T6,1736904001.32,33,Bright,Far,4,4,1280,720,24.952709448592813,1,3,bob,4,1,0.8809618383451953,1051.2934920423522,215.1056345390208,1168.656350085405,428.22522745592744,25012.324529700098,bob,0.8094165532732643,chen,0.6335924299655076,0.17582412330775676,bob,bob,bob,2,1,1,0,0,12.37221822101147,9.54325070976235,6.40359680149294,28.31906573226676
Bright_Far_20260114_210600_T6,1736904001.36,34,Bright,Far,4,4,1280,720,23.537028542900764,0,0,diana,1,1,0.6008384179951491,109.96637264163331,195.28122884564928,222.89151941219365,387.86335011699646,21747.36430995273,diana,0.9349954909298939,alice,0.8587235701807525,0.07627192074914135,diana,diana,diana,2,1,1,0,0,9.115302185738988,7.675974312931646,3.9815930464804223,20.772869545151057
Bright_Far_20260114_210600_T6,1736904001.36,34,Bright,Far,4,4,1280,720,23.537028542900764,0,1,chen,2,1,0.815801591095859,405.56571850999836,214.98815117328695,500.82582014826284,359.9257678104526,13806.772092064213,chen,0.9851161311783196,alice,0.9207787102739337,0.06433742090438599,chen,chen,chen,1,1,1,0,0,9.115302185738988,7.675974312931646,3.9815930464804223,20.772869545151057
Bright_Far_20260114_210600_T6,1736904001.36,34,Bright,Far,4,4,1280,720,23.537028542900764,0,2,alice,3,1,0.6706844765796962,744.2084562770367,333.66863124552776,867.0237024668079,506.7186009848497,21253.174636667274,alice,0.943224193715008,chen,0.8029395096319122,0.1402846840830958,alice,alice,alice,1,1,1,0,0,9.115302185738988,7.675974312931646,3.9815930464804223,20.772869545151057
Bright_Far_20260114_210600_T6,1736904001.36,34,Bright,Far,4,4,1280,720,23.537028542900764,0,3,bob,4,1,0.8289845416822846,1067.0742864433312,323.65283015949893,1151.6242991307533,466.83182807395775,12105.786090239886,bob,0.8535648445117624,chen,0.7656550919022208,0.08790975260954159,bob,bob,bob,2,1,1,0,0,9.115302185738988,7.675974312931646,3.9815930464804223,20.772869545151057
Bright_Far_20260114_210600_T6,1736904001.4,35,Bright,Far,4,4,1280,720,27.15163876402634,2,0,diana,1,1,0.7895006450296419,103.32160058642839,171.71575624887092,187.68107299956003,383.78785339495755,17890.29022879027,diana,0.9246755744989743,alice,0.8022933212767841,0.12238225322219021,diana,diana,diana,2,1,1,0,0,10.425547190268988,5.101290747033541,8.332266409957919,23.85910434726045
Bright_Far_20260114_210600_T6,1736904001.4,35,Bright,Far,4,4,1280,720,27.15163876402634,2,1,chen,2,1,0.8390751643156578,453.34434741222907,251.81491395659378,575.6317834948951,409.0847620146579,19232.126492131112,chen,0.9405515176449776,diana,0.8235618488270892,0.11698966881788841,chen,chen,chen,3,1,1,0,0,10.425547190268988,5.101290747033541,8.332266409957919,23.85910434726045
Bright_Far_20260114_210600_T6,1736904001.4,35,Bright,Far,4,4,1280,720,27.15163876402634,2,2,alice,3,1,0.792588758896247,749.0065071264484,268.8152813350781,849.0119440169077,435.08989330860084,16628.365214203743,alice,0.9202104776455771,diana,0.7855249336480286,0.1346855439975485,alice,alice,alice,2,1,1,0,0,10.425547190268988,5.101290747033541,8.332266409957919,23.85910434726045
Bright_Far_20260114_210600_T6,1736904001.4,35,Bright,Far,4,4,1280,720,27.15163876402634,2,3,bob,-1,0,-1.0,-1.0,-1.0,-1.0,-1.0,0.0,unknown,-1.0,unknown,-1.0,-1.0,unknown,unknown,unknown,0,0,0,0,1,10.425547190268988,5.101290747033541,8.332266409957919,23.85910434726045
Bright_Far_20260114_210600_T6,1736904001.44,36,Bright,Far,4,4,1280,720,24.955719851383993,0,0,diana,1,1,0.6785807021398675,97.46363825889323,253.57712241379542,187.101341647941,461.47459629987975,18635.452099533133,diana,0.8282237939660664,alice,0.6794275668184288,0.14879622714763763,diana,diana,diana,3,1,1,0,0,10.775163963615794,4.881661778586458,5.740887654030561,21.397713396232813
Bright_Far_20260114_210600_T6,1736904001.44,36,Bright,Far,4,4,1280,720,24.955719851383993,0,1,chen,2,1,0.7684172600216255,425.21616106277696,287.10622708454736,534.6604175052644,433.6450867977799,16037.836541244713,chen,0.7742165230779225,alice,0.7107925822751436,0.06342394080277891,chen,chen,chen,2,1,1,0,0,10.775163963615794,4.881661778586458,5.740887654030561,21.397713396232813
Bright_Far_20260114_210600_T6,1736904001.44,36,Bright,Far,4,4,1280,720,24.955719851383993,0,2,alice,3,1,0.851133868504747,793.2607308260615,259.0728931895757,877.2540989474071,470.9579824923522,17796.942305232293,alice,0.8877960508831433,bob,0.7851706047985851,0.10262544608455815,alice,alice,alice,2,1,1,0,0,10.775163963615794,4.881661778586458,5.740887654030561,21.397713396232813
Bright_Far_20260114_210600_T6,1736904001.44,36,Bright,Far,4,4,1280,720,24.955719851383993,0,3,bob,4,1,0.8088929632880448,1045.4699329697096,214.4048211077451,1165.8912139453846,404.48961450314914,22890.254314671085,bob,0.9263508368688532,diana,0.7839805420388837,0.14237029482996955,bob,bob,bob,1,1,1,0,0,10.775163963615794,4.881661778586458,5.740887654030561,21.397713396232813
Bright_Far_20260114_210600_T6,1736904001.48,37,Bright,Far,4,4,1280,720,24.428852064988256,1,0,diana,1,1,0.8087403432609762,120.86717092649201,309.22172089724563,208.34312645631474,464.02946207586945,13541.955083013603,diana,0.793080269042735,alice,0.7661469828614004,0.026933286181334615,unknown,unknown,unknown,0,0,0,0,0,12.470781179641504,8.3358543647423,11.950828728083184,32.75746427246699
Bright_Far_20260114_210600_T6,1736904001.48,37,Bright,Far,4,4,1280,720,24.428852064988256,1,1,chen,2,1,0.772557087736805,415.5462567074249,155.02104848393307,527.7092232278382,322.3774759569262,18771.1933716293,chen,0.8446853200523773,alice,0.7190812660024793,0.12560405404989794,chen,chen,chen,3,1,1,0,0,12.470781179641504,8.3358543647423,11.950828728083184,32.75746427246699
Bright_Far_20260114_210600_T6,1736904001.48,37,Bright,Far,4,4,1280,720,24.428852064988256,1,2,alice,3,1,0.6686806165726386,748.2136607120076,237.19839687069964,833.3764274709165,423.9341638852633,15902.934571807236,alice,0.8617372209014497,diana,0.7100864794825609,0.1516507414188888,alice,alice,alice,2,1,1,0,0,12.470781179641504,8.3358543647423,11.950828728083184,32.75746427246699
Bright_Far_20260114_210600_T6,1736904001.48,37,Bright,Far,4,4,1280,720,24.428852064988256,1,3,bob,4,1,0.8772241322796713,1052.3785145624158,270.1623373107201,1133.7031839545477,433.3189018541607,13268.653670651338,bob,0.8225175410538987,diana,0.7335296372822945,0.08898790377160426,bob,bob,bob,1,1,1,0,0,12.470781179641504,8.3358543647423,11.950828728083184,32.75746427246699
Bright_Far_20260114_210600_T6,1736904001.52,38,Bright,Far,4,4,1280,720,21.51931363974868,0,0,diana,1,1,0.7521477074743281,91.16310087504505,211.16870469299187,194.55793702418876,425.21766068371795,22131.556732556397,diana,0.8913150475514466,chen,0.7686509545026575,0.12266409304878911,diana,diana,diana,3,1,1,0,0,14.77327004851058,11.518333014570354,3.1598539824935195,29.451457045574454
Bright_Far_20260114_210600_T6,1736904001.52,38,Bright,Far,4,4,1280,720,21.51931363974868,0,1,chen,2,1,0.7060598481330572,434.29209306165257,231.41331409023826,518.3697778624742,394.761696999434,13733.953850963271,chen,0.9068384370280905,alice,0.8241402682565951,0.08269816877149538,chen,chen,chen,1,1,1,0,0,14.77327004851058,11.518333014570354,3.1598539824935195,29.451457045574454
Bright_Far_20260114_210600_T6,1736904001.52,38,Bright,Far,4,4,1280,720,21.51931363974868,0,2,alice,3,1,0.7841127825830465,729.4881199924654,219.91999324293243,842.5242356373441,350.33912608905524,14742.072182699134,bob,0.7429283220808915,alice,0.7205261948405393,0.022402127240352288,bob,bob,bob,1,0,0,1,0,14.77327004851058,11.518333014570354,3.1598539824935195,29.451457045574454
Bright_Far_20260114_210600_T6,1736904001.52,38,Bright,Far,4,4,1280,720,21.51931363974868,0,3,bob,4,1,0.785226891642443,1049.9800975022945,219.27050752866302,1165.7008262430636,386.43799938205615,19344.74397904124,bob,0.8240256446072884,chen,0.739724791745124,0.08430085286216449,bob,bob,bob,2,1,1,0,0,14.77327004851058,11.518333014570354,3.1598539824935195,29.451457045574454
Bright_Far_20260114_210600_T6,1736904001.56,39,Bright,Far,4,4,1280,720,22.559115280498492,0,0,diana,1,1,0.7771374663865412,111.28172245104278,276.185545177109,198.47770537019508,475.319294535748,17363.66300770264,bob,0.7154347716477731,diana,0.6693003569004107,0.04613441474736246,bob,bob,bob,1,0,0,1,0,21.671411040822157,17.73404356540943,7.690862259035313,47.0963168652669
Bright_Far_20260114_210600_T6,1736904001.56,39,Bright,Far,4,4,1280,720,22.559115280498492,0,1,chen,2,1,0.6340873377674914,420.26815097058847,235.9503709946914,536.6788459926865,429.8720540575122,22574.55790519799,chen,0.8935624927208958,diana,0.7259985871585959,0.16756390556229994,chen,chen,chen,2,1,1,0,0,21.671411040822157,17.73404356540943,7.690862259035313,47.0963168652669
Bright_Far_20260114_210600_T6,1736904001.56,39,Bright,Far,4,4,1280,720,22.559115280498492,0,2,alice,3,1,0.7975511961516587,717.858080323775,202.43743316193343,819.3951231136201,379.2895129804152,17957.037196002297,alice,0.8834671635758162,bob,0.7410180457147142,0.14244911786110204,alice,alice,alice,1,1,1,0,0,21.671411040822157,17.73404356540943,7.690862259035313,47.0963168652669
Bright_Far_20260114_210600_T6,1736904001.56,39,Bright,Far,4,4,1280,720,22.559115280498492,0,3,bob,4,1,0.6865268822247358,1065.152963670293,250.6363492556069,1175.7355934990078,464.90397382028607,23694.277411513944,bob,0.8345680591414619,alice,0.7366767159418851,0.09789134319957682,bob,bob,bob,3,1,1,0,0,21.671411040822157,17.73404356540943,7.690862259035313,47.0963168652669
Bright_Far_20260114_210600_T6,1736904001.6,40,Bright,Far,4,4,1280,720,26.328574695209884,0,0,diana,1,1,0.8519262664312284,96.85769540249423,267.89355079185736,182.43634700673266,444.76766424332607,15136.648132871782,diana,0.8807555614927107,bob,0.7691789518279387,0.11157660966477201,diana,diana,diana,2,1,1,0,0,17.35077390389994,9.12985812426957,16.689216706544805,43.169848734714314
Bright_Far_20260114_210600_T6,1736904001.6,40,Bright,Far,4,4,1280,720,26.328574695209884,0,1,chen,2,1,0.7501948714634125,428.51349716313626,238.1758946113353,523.1732598319508,406.3692753300231,15921.145501296543,chen,0.8867405245281983,bob,0.7449757851348853,0.14176473939331302,chen,chen,chen,1,1,1,0,0,17.35077390389994,9.12985812426957,16.689216706544805,43.169848734714314
Bright_Far_20260114_210600_T6,1736904001.6,40,Bright,Far,4,4,1280,720,26.328574695209884,0,2,alice,3,1,0.8436972007621576,761.0154317020312,244.26143693393266,853.6824602059295,390.2438010676445,13527.75189824514,alice,0.7510607831407728,diana,0.6159338013543525,0.13512698178642035,alice,alice,alice,2,1,1,0,0,17.35077390389994,9.12985812426957,16.689216706544805,43.169848734714314
Bright_Far_20260114_210600_T6,1736904001.6,40,Bright,Far,4,4,1280,720,26.328574695209884,0,3,bob,4,1,0.7404465513860613,1085.5635988778572,270.03993678250487,1175.8650229759564,477.89417439020525,18769.53366080004,bob,0.8512461657934491,diana,0.762008267353956,0.08923789843949315,bob,bob,bob,1,1,1,0,0,17.35077390389994,9.12985812426957,16.689216706544805,43.169848734714314
Bright_Far_20260114_210600_T6,1736904001.64,41,Bright,Far,4,4,1280,720,24.207123345615994,2,0,diana,1,1,0.65845856097501,105.28565084158176,250.8885378949294,206.76917324793777,392.11271405313255,14331.926845470178,diana,0.8322723309604769,alice,0.7239811368041088,0.10829119415636812,diana,diana,diana,2,1,1,0,0,11.929553848360458,5.903658310216273,8.670774630999581,26.503986789576313
Bright_Far_20260114_210600_T6,1736904001.64,41,Bright,Far,4,4,1280,720,24.207123345615994,2,1,chen,2,1,0.6436643207482436,441.8112653977821,211.09749251110725,531.9620878902863,394.4943935579653,16533.38147195065,chen,0.8370535105292531,alice,0.7349966316421932,0.10205687888705994,chen,chen,chen,2,1,1,0,0,11.929553848360458,5.903658310216273,8.670774630999581,26.503986789576313
Bright_Far_20260114_210600_T6,1736904001.64,41,Bright,Far,4,4,1280,720,24.207123345615994,2,2,alice,-1,0,-1.0,-1.0,-1.0,-1.0,-1.0,0.0,unknown,-1.0,unknown,-1.0,-1.0,unknown,unknown,unknown,0,0,0,0,1,11.929553848360458,5.903658310216273,8.670774630999581,26.503986789576313
Bright_Far_20260114_210600_T6,1736904001.64,41,Bright,Far,4,4,1280,720,24.207123345615994,2,3,bob,4,1,0.9312882428805436,1059.2048513106192,209.90393999850937,1144.3522370954483,422.20066676514693,18076.511294855347,bob,0.8834221105850856,diana,0.7433029244239221,0.14011918616116348,bob,bob,bob,1,1,1,0,0,11.929553848360458,5.903658310216273,8.670774630999581,26.503986789576313
Bright_Far_20260114_210600_T6,1736904001.68,42,Bright,Far,4,4,1280,720,22.780026179203123,3,0,diana,1,1,0.6786090203033875,121.37065115738264,337.9246203576203,202.35797151246229,483.8889686444232,11821.261435123724,diana,0.8706405885655897,bob,0.7431370251591054,0.12750356340648428,diana,diana,diana,2,1,1,0,0,15.207318621795215,10.352194537314539,4.89440358712543,30.453916746235183
Bright_Far_20260114_210600_T6,1736904001.68,42,Bright,Far,4,4,1280,720,22.780026179203123,3,1,chen,2,1,0.9247640792332035,424.1440096177338,192.6407555937025,529.7172662342771,401.3327636321335,22032.29491846299,chen,0.9673676072614452,alice,0.8772790222631076,0.0900885849983376,chen,chen,chen,1,1,1,0,0,15.207318621795215,10.352194537314539,4.89440358712543,30.453916746235183
Bright_Far_20260114_210600_T6,1736904001.68,42,Bright,Far,4,4,1280,720,22.780026179203123,3,2,alice,3,1,0.8712864745248801,795.2545204332927,215.64616367984274,877.8714691894289,409.5869131002024,16022.792956588517,alice,0.8077678996783589,bob,0.6332720239278342,0.17449587575052472,alice,alice,alice,2,1,1,0,0,15.207318621795215,10.352194537314539,4.89440358712543,30.453916746235183
Bright_Far_20260114_210600_T6,1736904001.68,42,Bright,Far,4,4,1280,720,22.780026179203123,3,3,bob,4,1,0.6614164836871481,1066.6737607617565,164.2349965577871,1150.3471919910912,350.3557527336094,15573.36229222944,diana,0.7787406826038887,chen,0.7495234609147661,0.029217221689122663,unknown,unknown,unknown,0,0,0,0,0,15.207318621795215,10.352194537314539,4.89440358712543,30.453916746235183
Bright_Far_20260114_210600_T6,1736904001.72,43,Bright,Far,4,4,1280,720,25.119566342999754,2,0,diana,-1,0,-1.0,-1.0,-1.0,-1.0,-1.0,0.0,unknown,-1.0,unknown,-1.0,-1.0,unknown,unknown,unknown,0,0,0,0,1,9.899752055816796,5.6064568013876785,11.286326134957683,26.792534992162157
Bright_Far_20260114_210600_T6,1736904001.72,43,Bright,Far,4,4,1280,720,25.119566342999754,2,1,chen,2,1,0.8775810642311215,412.6038715507261,224.17424511280836,516.7521295561131,439.95729501745103,22473.42875465802,chen,0.8547825085823791,bob,0.691128029164744,0.1636544794176351,chen,chen,chen,3,1,1,0,0,9.899752055816796,5.6064568013876785,11.286326134957683,26.792534992162157
Bright_Far_20260114_210600_T6,1736904001.72,43,Bright,Far,4,4,1280,720,25.119566342999754,2,2,alice,3,1,0.8187851791404862,755.2851132829934,226.96762254240338,879.8726579481585,357.477122470835,16259.858151561833,alice,0.966465675934395,bob,0.7935388901100806,0.17292678582431442,alice,alice,alice,2,1,1,0,0,9.899752055816796,5.6064568013876785,11.286326134957683,26.792534992162157
Bright_Far_20260114_210600_T6,1736904001.72,43,Bright,Far,4,4,1280,720,25.119566342999754,2,3,bob,4,1,0.7108358128154577,1050.1830284338541,293.9866602567999,1173.5829100642484,436.8200292699184,17625.620829089243,bob,0.8314379114281095,chen,0.6652164000668866,0.16622151136122287,bob,bob,bob,2,1,1,0,0,9.899752055816796,5.6064568013876785,11.286326134957683,26.792534992162157
Bright_Far_20260114_210600_T6,1736904001.76,44,Bright,Far,4,4,1280,720,26.075147062204465,2,0,diana,1,1,0.8247341323629191,88.31300017780934,287.8332221934865,209.05119209639417,468.7957459335666,21849.087921401253,diana,0.8189090569814422,chen,0.6836058496653179,0.13530320731612433,diana,diana,diana,2,1,1,0,0,19.11135124299565,15.303307859927678,13.328493692840762,47.74315279576409
Bright_Far_20260114_210600_T6,1736904001.76,44,Bright,Far,4,4,1280,720,26.075147062204465,2,1,chen,2,1,0.7945631864626973,439.44443878037816,242.20132918569578,524.6709428641169,408.34971063824634,14160.245710372383,chen,0.846806378555813,alice,0.7179746413416392,0.12883173721417374,chen,chen,chen,2,1,1,0,0,19.11135124299565,15.303307859927678,13.328493692840762,47.74315279576409
Bright_Far_20260114_210600_T6,1736904001.76,44,Bright,Far,4,4,1280,720,26.075147062204465,2,2,alice,3,1,0.7408851631400917,749.7079799812412,222.35381795202878,830.2641117632357,424.0290991157301,16246.180526593918,bob,0.7169582008465819,alice,0.6680850547568408,0.04887314608974114,bob,bob,bob,1,0,0,1,0,19.11135124299565,15.303307859927678,13.328493692840762,47.74315279576409
Bright_Far_20260114_210600_T6,1736904001.76,44,Bright,Far,4,4,1280,720,26.075147062204465,2,3,bob,4,1,0.6913640111494538,1088.260427200581,260.76889874533646,1200.9644667390412,475.12761412680226,24159.09313376625,bob,0.8526050693623393,alice,0.7210363298409038,0.13156873952143544,bob,bob,bob,2,1,1,0,0,19.11135124299565,15.303307859927678,13.328493692840762,47.74315279576409
Bright_Far_20260114_210600_T6,1736904001.8,45,Bright,Far,4,4,1280,720,23.741265816784797,1,0,diana,1,1,0.7853282571057787,108.78327373232958,162.8358983511666,204.49937879824222,321.9015881476445,15225.148276941545,diana,0.8479389107779556,alice,0.7215352141130436,0.12640369666491202,diana,diana,diana,3,1,1,0,0,23.136706842836755,20.517689669849837,8.723787070200846,52.37818358288744
Bright_Far_20260114_210600_T6,1736904001.8,45,Bright,Far,4,4,1280,720,23.741265816784797,1,1,chen,2,1,0.7083955749656508,395.5312671755082,201.50339881438967,512.7401805179741,410.0446983232018,24442.89910245358,chen,0.7819442730578795,bob,0.7077602885297991,0.0741839845280804,unknown,unknown,unknown,0,0,0,0,0,23.136706842836755,20.517689669849837,8.723787070200846,52.37818358288744
Bright_Far_20260114_210600_T6,1736904001.8,45,Bright,Far,4,4,1280,720,23.741265816784797,1,2,alice,-1,0,-1.0,-1.0,-1.0,-1.0,-1.0,0.0,unknown,-1.0,unknown,-1.0,-1.0,unknown,unknown,unknown,0,0,0,0,1,23.136706842836755,20.517689669849837,8.723787070200846,52.37818358288744
Bright_Far_20260114_210600_T6,1736904001.8,45,Bright,Far,4,4,1280,720,23.741265816784797,1,3,bob,4,1,0.8308647722661019,1068.2309784853546,212.10133332820988,1195.6347377975235,391.435042733812,22847.788749669766,chen,0.9,bob,0.8350785978140373,0.06492140218596276,unknown,unknown,unknown,0,0,0,0,0,23.136706842836755,20.517689669849837,8.723787070200846,52.37818358288744
Bright_Far_20260114_210600_T6,1736904001.84,46,Bright,Far,4,4,1280,720,26.54066736268774,0,0,diana,1,1,0.6495675371061973,129.59079802410156,220.82624253691955,246.42273266731087,357.49081360147426,15966.786234656289,diana,0.8546291603726098,bob,0.7737228432307964,0.0809063171418134,diana,diana,diana,2,1,1,0,0,9.288870071087395,7.219743011393484,9.095132135818154,25.603745218299032
Bright_Far_20260114_210600_T6,1736904001.84,46,Bright,Far,4,4,1280,720,26.54066736268774,0,1,chen,2,1,0.7283702624091305,448.5389481926078,295.8303606933045,542.1124545098241,466.0411231174343,15927.217852952524,chen,0.7655492546095358,bob,0.5875513894002707,0.17799786520926508,chen,chen,chen,2,1,1,0,0,9.288870071087395,7.219743011393484,9.095132135818154,25.603745218299032
Bright_Far_20260114_210600_T6,1736904001.84,46,Bright,Far,4,4,1280,720,26.54066736268774,0,2,alice,3,1,0.8541327601250661,763.7693193210057,256.7822960077718,846.4132400673686,420.40560040033193,13522.471400476761,alice,0.7299325852222571,chen,0.6509387682143641,0.07899381700789299,unknown,unknown,unknown,0,0,0,0,0,9.288870071087395,7.219743011393484,9.095132135818154,25.603745218299032
Bright_Far_20260114_210600_T6,1736904001.84,46,Bright,Far,4,4,1280,720,26.54066736268774,0,3,bob,4,1,0.7086722157314121,1058.5147543648982,274.3678347585575,1167.6951057627707,424.06742892409295,16344.25429511207,bob,0.8895736350544489,chen,0.7155266368908165,0.17404699816363234,bob,bob,bob,2,1,1,0,0,9.288870071087395,7.219743011393484,9.095132135818154,25.603745218299032
Bright_Far_20260114_210600_T6,1736904001.88,47,Bright,Far,4,4,1280,720,22.450794290092116,0,0,diana,1,1,0.7716769409109846,120.22529260982435,263.59847147395953,219.7646601847893,407.08325450530333,14282.384559571025,diana,0.8754098991284723,alice,0.801323080021538,0.07408681910693438,diana,diana,diana,2,1,1,0,0,22.717361940873474,9.271828196631423,11.671186916286318,43.660377053791215
Bright_Far_20260114_210600_T6,1736904001.88,47,Bright,Far,4,4,1280,720,22.450794290092116,0,1,chen,2,1,0.8272750533451974,449.29027214414094,225.37368160737117,565.0106912588074,367.55036376066334,16452.745247111685,chen,0.8117892345369394,diana,0.7267406215373055,0.08504861299963395,chen,chen,chen,3,1,1,0,0,22.717361940873474,9.271828196631423,11.671186916286318,43.660377053791215
Bright_Far_20260114_210600_T6,1736904001.88,47,Bright,Far,4,4,1280,720,22.450794290092116,0,2,alice,3,1,0.7050811071851987,755.0313229075904,290.62261123204496,864.5145538072146,447.1554787628537,17137.724079255826,alice,0.9281908901238843,chen,0.8384739705676094,0.08971691955627492,alice,alice,alice,1,1,1,0,0,22.717361940873474,9.271828196631423,11.671186916286318,43.660377053791215
Bright_Far_20260114_210600_T6,1736904001.88,47,Bright,Far,4,4,1280,720,22.450794290092116,0,3,bob,4,1,0.7262341851693607,1049.3492981061381,260.749213139822,1151.2502378390818,440.57757463006317,18324.679026491078,bob,0.8674051124404498,chen,0.7295323005104297,0.1378728119300201,bob,bob,bob,3,1,1,0,0,22.717361940873474,9.271828196631423,11.671186916286318,43.660377053791215
Bright_Far_20260114_210600_T6,1736904001.92,48,Bright,Far,4,4,1280,720,24.90692644810932,3,0,diana,1,1,0.8923412795043832,119.15532351444128,269.57223551532115,203.15106998230274,434.2533254330757,13832.511076782808,diana,0.8238113756178621,bob,0.6705854277564751,0.153225947861387,diana,diana,diana,1,1,1,0,0,17.667347063429062,10.363866465154503,8.438791114300825,36.47000464288439
Bright_Far_20260114_210600_T6,1736904001.92,48,Bright,Far,4,4,1280,720,24.90692644810932,3,1,chen,2,1,0.6641009012425807,411.29369612203527,277.7753075054677,514.4028146819886,437.0279135441209,16420.395837021035,chen,0.801596956156657,bob,0.7355375104331415,0.06605944572351552,chen,chen,chen,3,1,1,0,0,17.667347063429062,10.363866465154503,8.438791114300825,36.47000464288439
Bright_Far_20260114_210600_T6,1736904001.92,48,Bright,Far,4,4,1280,720,24.90692644810932,3,2,alice,3,1,0.7440900292626272,744.1199004627135,251.35908947577502,861.2325220067894,419.86369868922225,19734.016527246844,chen,0.7377110305011608,diana,0.709526165169334,0.028184865331826847,unknown,unknown,unknown,0,0,0,0,0,17.667347063429062,10.363866465154503,8.438791114300825,36.47000464288439
Bright_Far_20260114_210600_T6,1736904001.92,48,Bright,Far,4,4,1280,720,24.90692644810932,3,3,bob,4,1,0.8705143111414025,1054.7802017382985,240.01836667951653,1166.6955823191468,448.1745248502352,23295.875661923223,diana,0.7318072440785329,chen,0.7142358551657274,0.01757138891280552,unknown,unknown,unknown,0,0,0,0,0,17.667347063429062,10.363866465154503,8.438791114300825,36.47000464288439
Bright_Far_20260114_210600_T6,1736904001.96,49,Bright,Far,4,4,1280,720,26.145334129518076,3,0,diana,1,1,0.8395170538647002,112.15799978259838,247.83507304017013,194.05666958465275,412.0730262901689,13450.869902186892,diana,0.9167986745025146,chen,0.7828658953781948,0.13393277912431978,diana,diana,diana,2,1,1,0,0,14.012715532602016,9.301542033461468,7.50524681705315,30.819504383116634
Bright_Far_20260114_210600_T6,1736904001.96,49,Bright,Far,4,4,1280,720,26.145334129518076,3,1,chen,2,1,0.9548139485099731,443.194880315888,183.38857037427005,526.7883369012683,373.11408797917767,15859.81181904465,chen,0.9235737323372482,diana,0.8429114978782591,0.08066223445898901,chen,chen,chen,2,1,1,0,0,14.012715532602016,9.301542033461468,7.50524681705315,30.819504383116634
Bright_Far_20260114_210600_T6,1736904001.96,49,Bright,Far,4,4,1280,720,26.145334129518076,3,2,alice,3,1,0.8960700064317522,760.7194533574577,245.27148769556754,848.8363255923957,457.9489412959143,18740.472006153712,alice,0.7848782678350612,bob,0.7140713324085608,0.0708069354265004,alice,alice,alice,2,1,1,0,0,14.012715532602016,9.301542033461468,7.50524681705315,30.819504383116634
Bright_Far_20260114_210600_T6,1736904001.96,49,Bright,Far,4,4,1280,720,26.145334129518076,3,3,bob,4,1,0.8859467673123971,1053.1197587421302,267.9548341608743,1136.4228175778967,468.987207478598,16746.611622380107,bob,0.9375514138973411,diana,0.7818132785780147,0.15573813531932634,bob,bob,bob,2,1,1,0,0,14.012715532602016,9.301542033461468,7.50524681705315,30.819504383116634
Bright_Far_20260114_210600_T6,1736904002.0,50,Bright,Far,4,4,1280,720,23.625048186830178,1,0,diana,1,1,0.7694570570336802,107.61312651244148,245.6322231595039,200.0835223741319,416.3437941422657,15785.766546947047,diana,0.8723016720300554,alice,0.7083677254228873,0.1639339466071681,diana,diana,diana,2,1,1,0,0,9.489262727367047,8.560886900099959,4.0364841383188175,22.086633765785823
Bright_Far_20260114_210600_T6,1736904002.0,50,Bright,Far,4,4,1280,720,23.625048186830178,1,1,chen,2,1,0.7660647027322277,456.7147250899958,190.67733601183872,548.0503818460467,384.8993396568502,17739.39425939323,chen,0.8883119492018844,diana,0.7699410532094706,0.1183708959924138,chen,chen,chen,2,1,1,0,0,9.489262727367047,8.560886900099959,4.0364841383188175,22.086633765785823
Bright_Far_20260114_210600_T6,1736904002.0,50,Bright,Far,4,4,1280,720,23.625048186830178,1,2,alice,3,1,0.8852008844882041,754.4367693448111,203.21519841481143,844.6143394094285,364.06104327931075,14504.687444870966,alice,0.7930971467622072,bob,0.6769266530982353,0.11617049366397192,alice,alice,alice,2,1,1,0,0,9.489262727367047,8.560886900099959,4.0364841383188175,22.086633765785823
Bright_Far_20260114_210600_T6,1736904002.0,50,Bright,Far,4,4,1280,720,23.625048186830178,1,3,bob,4,1,0.8495822308452501,1049.8013291853727,307.4934470443289,1168.6209878408308,484.34796256556075,21013.7931659092,bob,0.8777050813876945,alice,0.745098957790793,0.1326061235969015,bob,bob,bob,2,1,1,0,0,9.489262727367047,8.560886900099959,4.0364841383188175,22.086633765785823
Bright_Far_20260114_210600_T6,1736904002.04,51,Bright,Far,4,4,1280,720,26.511113280516412,0,0,diana,1,1,0.9063035567104264,86.7084744547802,174.63450104664537,196.38667778585304,324.8902598600102,16479.781666796865,diana,0.804366335455681,alice,0.6648331908487521,0.1395331446069289,diana,diana,diana,3,1,1,0,0,10.985939043091687,8.982282269792885,3.6698508399739413,23.638072152858513
Bright_Far_20260114_210600_T6,1736904002.04,51,Bright,Far,4,4,1280,720,26.511113280516412,0,1,chen,2,1,0.7872248557921553,447.0262213169014,295.87050981647303,552.0363928175676,436.72464878247433,14791.11728939847,chen,0.904375364434714,diana,0.8147644527123032,0.08961091172241076,chen,chen,chen,2,1,1,0,0,10.985939043091687,8.982282269792885,3.6698508399739413,23.638072152858513
Bright_Far_20260114_210600_T6,1736904002.04,51,Bright,Far,4,4,1280,720,26.511113280516412,0,2,alice,3,1,0.9190844102512347,777.483776864345,319.71336783199536,871.923664508828,470.73249351815434,14262.229261968903,alice,0.9225113804002543,bob,0.842782673042532,0.0797287073577223,alice,alice,alice,1,1,1,0,0,10.985939043091687,8.982282269792885,3.6698508399739413,23.638072152858513
Bright_Far_20260114_210600_T6,1736904002.04,51,Bright,Far,4,4,1280,720,26.511113280516412,0,3,bob,4,1,0.7772636736478638,1056.0356005894812,215.54492056427148,1145.5019179801154,394.4609233957714,16006.955895586583,bob,0.9367203232980477,diana,0.7999167170601328,0.13680360623791488,bob,bob,bob,3,1,1,0,0,10.985939043091687,8.982282269792885,3.6698508399739413,23.638072152858513
Bright_Far_20260114_210600_T6,1736904002.08,52,Bright,Far,4,4,1280,720,24.697363474825647,0,0,diana,1,1,0.8251387756168183,113.10899308469746,146.87024625550436,200.7611257365663,353.4237517599911,18104.85526418779,diana,0.8052454097751127,chen,0.682243355979481,0.12300205379563167,diana,diana,diana,2,1,1,0,0,21.060562862652645,19.181309105422816,8.13136070780801,48.37323267588347
Bright_Far_20260114_210600_T6,1736904002.08,52,Bright,Far,4,4,1280,720,24.697363474825647,0,1,chen,2,1,0.7626534149916049,446.54944433658704,197.0392281828923,531.5410245375815,393.98818137179785,16739.00275045677,chen,0.9128222672020904,bob,0.741149020171691,0.17167324703039932,chen,chen,chen,2,1,1,0,0,21.060562862652645,19.181309105422816,8.13136070780801,48.37323267588347
Bright_Far_20260114_210600_T6,1736904002.08,52,Bright,Far,4,4,1280,720,24.697363474825647,0,2,alice,3,1,0.6380198975786334,764.3315290016178,194.19466484430245,867.4567018338062,328.8963548577168,13891.135063421216,alice,0.9092939451732936,bob,0.7331517716375624,0.17614217353573125,alice,alice,alice,2,1,1,0,0,21.060562862652645,19.181309105422816,8.13136070780801,48.37323267588347
Bright_Far_20260114_210600_T6,1736904002.08,52,Bright,Far,4,4,1280,720,24.697363474825647,0,3,bob,4,1,0.8568678265281667,1075.6684097200668,184.38222211100216,1188.0141899098098,363.41153437781645,20113.187763448375,bob,0.8218773059098603,diana,0.7022491674647613,0.11962813844509901,bob,bob,bob,1,1,1,0,0,21.060562862652645,19.181309105422816,8.13136070780801,48.37323267588347
Bright_Far_20260114_210600_T6,1736904002.12,53,Bright,Far,4,4,1280,720,28.42155923486867,2,0,diana,1,1,0.8098639196345263,115.54633054715134,300.7178891398597,235.24390503847792,430.3455586778158,15516.117630656563,diana,0.827802062273647,chen,0.7470712291269719,0.08073083314667517,diana,diana,diana,2,1,1,0,0,18.32271278641422,14.473524696862285,7.544400233501936,40.34063771677844
Bright_Far_20260114_210600_T6,1736904002.12,53,Bright,Far,4,4,1280,720,28.42155923486867,2,1,chen,2,1,0.815433521232332,430.7922620930302,182.0158360683477,534.5317665431536,318.5642841745179,14165.468339967485,chen,0.8301868016439546,diana,0.7167620820948892,0.11342471954906541,chen,chen,chen,2,1,1,0,0,18.32271278641422,14.473524696862285,7.544400233501936,40.34063771677844
Bright_Far_20260114_210600_T6,1736904002.12,53,Bright,Far,4,4,1280,720,28.42155923486867,2,2,alice,3,1,0.6807399091871725,735.8019946340755,242.5192565168407,855.3879644399535,453.04009574577,25175.338723538833,alice,0.830361895968829,bob,0.7489338567618058,0.08142803920702324,alice,alice,alice,2,1,1,0,0,18.32271278641422,14.473524696862285,7.544400233501936,40.34063771677844
Bright_Far_20260114_210600_T6,1736904002.12,53,Bright,Far,4,4,1280,720,28.42155923486867,2,3,bob,4,1,0.8911036438545847,1074.0084376245266,188.02754933633156,1181.395392045086,390.7618078194617,21771.014575213823,bob,0.8958685186908628,alice,0.7329833790303373,0.16288513966052554,bob,bob,bob,2,1,1,0,0,18.32271278641422,14.473524696862285,7.544400233501936,40.34063771677844
Bright_Far_20260114_210600_T6,1736904002.16,54,Bright,Far,4,4,1280,720,25.887772335434736,1,0,diana,-1,0,-1.0,-1.0,-1.0,-1.0,-1.0,0.0,unknown,-1.0,unknown,-1.0,-1.0,unknown,unknown,unknown,0,0,0,0,1,15.680808498493771,11.402658576057817,5.1043805442788575,32.187847618830446
Bright_Far_20260114_210600_T6,1736904002.16,54,Bright,Far,4,4,1280,720,25.887772335434736,1,1,chen,2,1,0.7616498939509062,417.328069889302,202.37939337697864,510.890737604234,417.4243165834529,20120.176693750418,chen,0.866757206633514,alice,0.7801334347174366,0.0866237719160774,chen,chen,chen,1,1,1,0,0,15.680808498493771,11.402658576057817,5.1043805442788575,32.187847618830446
Bright_Far_20260114_210600_T6,1736904002.16,54,Bright,Far,4,4,1280,720,25.887772335434736,1,2,alice,3,1,0.8326977435827765,747.3259976595573,186.54068470441865,847.861769059461,336.27008137256627,15053.160395274399,alice,0.9180742374770129,bob,0.8199543263026157,0.09811991117439722,alice,alice,alice,2,1,1,0,0,15.680808498493771,11.402658576057817,5.1043805442788575,32.187847618830446
Bright_Far_20260114_210600_T6,1736904002.16,54,Bright,Far,4,4,1280,720,25.887772335434736,1,3,bob,4,1,0.8449823361293767,1074.5468436326455,258.3602854208558,1170.045183171454,418.54248525660535,15297.13410798769,bob,0.8827693266628989,chen,0.7177168975623178,0.16505242910058104,bob,bob,bob,2,1,1,0,0,15.680808498493771,11.402658576057817,5.1043805442788575,32.187847618830446
Bright_Far_20260114_210600_T6,1736904002.2,55,Bright,Far,4,4,1280,720,25.337451241558377,2,0,diana,1,1,0.7431206141502155,110.14299611459919,235.95824601036804,220.76312784922553,375.25849102692325,15409.411454397065,diana,0.8604219323081481,chen,0.7744567191165571,0.085965213191591,diana,diana,diana,1,1,1,0,0,8.544625398137882,7.963172039030704,6.886849245924326,23.394646683092912
Bright_Far_20260114_210600_T6,1736904002.2,55,Bright,Far,4,4,1280,720,25.337451241558377,2,1,chen,2,1,0.7600296498916994,410.0640170015314,318.03695140281036,506.70056933597755,463.9037379237749,14096.063349490672,chen,0.8193314803586458,alice,0.6522730674975858,0.16705841286105994,chen,chen,chen,3,1,1,0,0,8.544625398137882,7.963172039030704,6.886849245924326,23.394646683092912
Bright_Far_20260114_210600_T6,1736904002.2,55,Bright,Far,4,4,1280,720,25.337451241558377,2,2,alice,3,1,0.8633065666939311,767.2216063117542,165.94858949112336,862.0042298764081,359.0993476267296,18307.335599594684,alice,0.8352742479474055,bob,0.7974768373384822,0.037797410608923276,unknown,unknown,unknown,0,0,0,0,0,8.544625398137882,7.963172039030704,6.886849245924326,23.394646683092912
Bright_Far_20260114_210600_T6,1736904002.2,55,Bright,Far,4,4,1280,720,25.337451241558377,2,3,bob,4,1,0.99,1095.811753250263,224.9994923548171,1190.9466090293029,392.4224958935014,15927.76329574639,chen,0.7784136224774983,alice,0.7387389382361894,0.03967468424130893,unknown,unknown,unknown,0,0,0,0,0,8.544625398137882,7.963172039030704,6.886849245924326,23.394646683092912
Bright_Far_20260114_210600_T6,1736904002.24,56,Bright,Far,4,4,1280,720,26.554830253681043,0,0,diana,1,1,0.7573702500649058,123.58938146916103,154.76707308780325,209.3736345527907,363.71494773287895,17924.4373598397,diana,0.9410996456466947,chen,0.8251517192225313,0.1159479264241634,diana,diana,diana,2,1,1,0,0,9.100037954215484,7.536071229375464,4.933676778626614,21.569785962217562
Bright_Far_20260114_210600_T6,1736904002.24,56,Bright,Far,4,4,1280,720,26.554830253681043,0,1,chen,2,1,0.8509038353616795,423.94925934767537,290.8773240704531,547.4161498378083,460.01438007748646,20882.82637184388,diana,0.6896912648476021,chen,0.5956234127143633,0.09406785213323887,diana,diana,diana,2,0,0,1,0,9.100037954215484,7.536071229375464,4.933676778626614,21.569785962217562
Bright_Far_20260114_210600_T6,1736904002.24,56,Bright,Far,4,4,1280,720,26.554830253681043,0,2,alice,-1,0,-1.0,-1.0,-1.0,-1.0,-1.0,0.0,unknown,-1.0,unknown,-1.0,-1.0,unknown,unknown,unknown,0,0,0,0,1,9.100037954215484,7.536071229375464,4.933676778626614,21.569785962217562
Bright_Far_20260114_210600_T6,1736904002.24,56,Bright,Far,4,4,1280,720,26.554830253681043,0,3,bob,4,1,0.8360216692001513,1095.6564132475135,242.69607942656216,1192.9056076054815,387.0149546628636,14034.894347378415,bob,0.8960384408620574,alice,0.8041838568759905,0.09185458398606694,bob,bob,bob,3,1,1,0,0,9.100037954215484,7.536071229375464,4.933676778626614,21.569785962217562
Bright_Far_20260114_210600_T6,1736904002.28,57,Bright,Far,4,4,1280,720,29.023707654737137,2,0,diana,1,1,0.6985745122987531,81.09794536215628,240.0366064863156,208.60676117017192,443.3575323884087,25925.21049076518,diana,0.7810584024874934,bob,0.6671654420469764,0.113892960440517,diana,diana,diana,1,1,1,0,0,18.296219838818928,12.913742012877877,13.272794003414083,44.48275585511089
Bright_Far_20260114_210600_T6,1736904002.28,57,Bright,Far,4,4,1280,720,29.023707654737137,2,1,chen,2,1,0.6346129515665387,440.9849797163218,258.56979412828866,544.5297358937314,433.228886511121,18085.033134948037,chen,0.8305133158782393,diana,0.71668149864294,0.11383181723529934,chen,chen,chen,3,1,1,0,0,18.296219838818928,12.913742012877877,13.272794003414083,44.48275585511089
Bright_Far_20260114_210600_T6,1736904002.28,57,Bright,Far,4,4,1280,720,29.023707654737137,2,2,alice,3,1,0.7427134562464891,778.3008356443157,279.3324332004888,861.1480838795222,431.91377931748366,12640.944657816633,alice,0.7947640023062428,chen,0.7279806836856497,0.06678331862059306,alice,alice,alice,2,1,1,0,0,18.296219838818928,12.913742012877877,13.272794003414083,44.48275585511089
Bright_Far_20260114_210600_T6,1736904002.28,57,Bright,Far,4,4,1280,720,29.023707654737137,2,3,bob,4,1,0.8010809280974827,1087.9993710379986,247.75959370497475,1174.8567005867808,419.16290072884846,14887.633523923696,bob,0.8272891193871609,alice,0.6783385038008207,0.14895061558634015,bob,bob,bob,3,1,1,0,0,18.296219838818928,12.913742012877877,13.272794003414083,44.48275585511089
Bright_Far_20260114_210600_T6,1736904002.32,58,Bright,Far,4,4,1280,720,27.60321706892744,2,0,diana,1,1,0.8065624501821343,110.38090578545152,202.19915679021403,211.3052851733511,402.49369666195423,20214.60213134029,diana,0.8116985197110294,chen,0.7207401786519841,0.09095834105904521,diana,diana,diana,1,1,1,0,0,16.25059911324732,15.665044720541895,9.53485574273938,41.45049957652859
Bright_Far_20260114_210600_T6,1736904002.32,58,Bright,Far,4,4,1280,720,27.60321706892744,2,1,chen,2,1,0.99,403.50812154962284,199.80687496359826,489.84315787854723,407.29657455821007,17913.63075237842,chen,0.8879482117396895,bob,0.7564549559380243,0.13149325580166527,chen,chen,chen,3,1,1,0,0,16.25059911324732,15.665044720541895,9.53485574273938,41.45049957652859
Bright_Far_20260114_210600_T6,1736904002.32,58,Bright,Far,4,4,1280,720,27.60321706892744,2,2,alice,3,1,0.8764247606772488,764.342915161634,229.92557812092303,879.4752786109054,398.59028791348527,19418.76666890317,alice,0.8705225799581601,chen,0.8054813134768644,0.06504126648129571,alice,alice,alice,2,1,1,0,0,16.25059911324732,15.665044720541895,9.53485574273938,41.45049957652859
Bright_Far_20260114_210600_T6,1736904002.32,58,Bright,Far,4,4,1280,720,27.60321706892744,2,3,bob,4,1,0.9476708041452053,1066.4645724326692,181.7494174256248,1167.0709308116134,338.4928008972582,15769.381011075417,bob,0.7629186145081125,chen,0.7182512025958403,0.04466741191227219,unknown,unknown,unknown,0,0,0,0,0,16.25059911324732,15.665044720541895,9.53485574273938,41.45049957652859
Bright_Far_20260114_210600_T6,1736904002.36,59,Bright,Far,4,4,1280,720,24.29398923766671,1,0,diana,1,1,0.7124245345873691,104.14348467101229,194.1236235708564,205.17524838459292,402.78127333284357,21081.05036778415,diana,0.9397928895101508,alice,0.8195938524906269,0.12019903701952395,diana,diana,diana,1,1,1,0,0,11.951983420687277,11.00467530672177,7.140115666833987,30.096774394243035
Bright_Far_20260114_210600_T6,1736904002.36,59,Bright,Far,4,4,1280,720,24.29398923766671,1,1,chen,2,1,0.8352113770515432,469.1469690908683,273.86455327869953,550.5067713251914,406.37359775432833,10780.90965279628,chen,0.7581720991704771,diana,0.6807433857482086,0.07742871342226854,chen,chen,chen,3,1,1,0,0,11.951983420687277,11.00467530672177,7.140115666833987,30.096774394243035
Bright_Far_20260114_210600_T6,1736904002.36,59,Bright,Far,4,4,1280,720,24.29398923766671,1,2,alice,3,1,0.6568542112179022,746.8421621813269,232.94323395538723,849.4554952245868,443.5492210242354,21610.982292000204,alice,0.7990233589073565,bob,0.6762089849740819,0.12281437393327466,alice,alice,alice,2,1,1,0,0,11.951983420687277,11.00467530672177,7.140115666833987,30.096774394243035
Bright_Far_20260114_210600_T6,1736904002.36,59,Bright,Far,4,4,1280,720,24.29398923766671,1,3,bob,4,1,0.8094462926666782,1072.2418695722351,157.82466674367356,1177.5270482950511,308.63216613134443,15877.794525771893,bob,0.8140358230250379,chen,0.7226462825648796,0.09138954046015824,bob,bob,bob,1,1,1,0,0,11.951983420687277,11.00467530672177,7.140115666833987,30.096774394243035
Bright_Far_20260114_210600_T6,1736904002.4,60,Bright,Far,4,4,1280,720,21.992171962883226,4,0,diana,1,1,0.864691927921345,116.52010996337124,257.40652024099444,236.129556965573,460.72701561220975,24319.052015564783,diana,0.8751460642451705,bob,0.7366801924716941,0.13846587177347636,diana,diana,diana,1,1,1,0,0,17.474600565528906,13.468398172627673,10.97727114701566,41.92026988517224
Bright_Far_20260114_210600_T6,1736904002.4,60,Bright,Far,4,4,1280,720,21.992171962883226,4,1,chen,2,1,0.8443891457265834,435.1289766350866,277.01500417805994,555.6050610655672,490.5493444376233,25725.78120591812,bob,0.7925363424605225,chen,0.7381785142630626,0.054357828197459934,bob,bob,bob,1,0,0,1,0,17.474600565528906,13.468398172627673,10.97727114701566,41.92026988517224
Bright_Far_20260114_210600_T6,1736904002.4,60,Bright,Far,4,4,1280,720,21.992171962883226,4,2,alice,3,1,0.8607564558675067,752.6367075360788,191.34403915829347,839.303406244999,406.7270731757697,18666.53651620572,alice,0.9396784616514751,diana,0.8473295467575861,0.09234891489388897,alice,alice,alice,1,1,1,0,0,17.474600565528906,13.468398172627673,10.97727114701566,41.92026988517224
Bright_Far_20260114_210600_T6,1736904002.4,60,Bright,Far,4,4,1280,720,21.992171962883226,4,3,bob,4,1,0.7874540847684856,1085.9296811856257,223.50633744987005,1178.4134430081663,438.73432297125913,19905.093750505366,bob,0.8113150156052813,alice,0.6598773418167188,0.15143767378856254,bob,bob,bob,2,1,1,0,0,17.474600565528906,13.468398172627673,10.97727114701566,41.92026988517224
Bright_Far_20260114_210600_T6,1736904002.44,61,Bright,Far,4,4,1280,720,22.476870001472005,1,0,diana,1,1,0.7093977090303731,124.51080242321221,279.0060821350012,238.76139793372334,489.54085036534,24053.722645983653,diana,0.8443535622377352,bob,0.707731345495613,0.13662221674212216,diana,diana,diana,3,1,1,0,0,22.726917759441264,9.799075184459264,14.707262500601542,47.23325544450207
Bright_Far_20260114_210600_T6,1736904002.44,61,Bright,Far,4,4,1280,720,22.476870001472005,1,1,chen,2,1,0.8666519162998823,412.61382669737236,267.2717174092828,525.8126423044565,435.69240858398643,19065.022764702942,chen,0.8896177260134362,alice,0.778665072576027,0.11095265343740923,chen,chen,chen,1,1,1,0,0,22.726917759441264,9.799075184459264,14.707262500601542,47.23325544450207
Bright_Far_20260114_210600_T6,1736904002.44,61,Bright,Far,4,4,1280,720,22.476870001472005,1,2,alice,3,1,0.7747526389061938,730.5188750061546,222.02850552663355,855.0696348607095,404.1628177368975,22684.966981375102,alice,0.833811118728607,diana,0.7586584642691981,0.07515265445940889,alice,alice,alice,3,1,1,0,0,22.726917759441264,9.799075184459264,14.707262500601542,47.23325544450207
Bright_Far_20260114_210600_T6,1736904002.44,61,Bright,Far,4,4,1280,720,22.476870001472005,1,3,bob,4,1,0.6488230134846241,1070.491813756756,271.23943735051563,1197.8109794432935,438.4013606149567,21282.916604585622,bob,0.8549968567368234,diana,0.7766549826655318,0.07834187407129156,bob,bob,bob,1,1,1,0,0,22.726917759441264,9.799075184459264,14.707262500601542,47.23325544450207
Bright_Far_20260114_210600_T6,1736904002.48,62,Bright,Far,4,4,1280,720,23.10453660110785,0,0,diana,1,1,0.8108793034590253,144.39510651512305,306.2439846344882,235.72950910893,496.45266362454237,17372.596063713798,diana,0.8975964579302853,alice,0.7215598226487733,0.17603663528151203,diana,diana,diana,2,1,1,0,0,24.139382718409045,12.470767818911286,22.205462904132943,58.81561344145327
Bright_Far_20260114_210600_T6,1736904002.48,62,Bright,Far,4,4,1280,720,23.10453660110785,0,1,chen,2,1,0.7928757605414964,440.39419935096396,204.7630793407704,547.8074095113496,415.269708346496,22611.192781546342,chen,0.8145923069670099,alice,0.7434163594263165,0.07117594754069345,chen,chen,chen,2,1,1,0,0,24.139382718409045,12.470767818911286,22.205462904132943,58.81561344145327
Bright_Far_20260114_210600_T6,1736904002.48,62,Bright,Far,4,4,1280,720,23.10453660110785,0,2,alice,-1,0,-1.0,-1.0,-1.0,-1.0,-1.0,0.0,unknown,-1.0,unknown,-1.0,-1.0,unknown,unknown,unknown,0,0,0,0,1,24.139382718409045,12.470767818911286,22.205462904132943,58.81561344145327
Bright_Far_20260114_210600_T6,1736904002.48,62,Bright,Far,4,4,1280,720,23.10453660110785,0,3,bob,4,1,0.5924946200219493,1057.6107863895916,283.4862245056295,1151.021669394657,442.1603898540508,14821.89389528779,bob,0.8302999648292121,chen,0.651158517792926,0.1791414470362861,bob,bob,bob,2,1,1,0,0,24.139382718409045,12.470767818911286,22.205462904132943,58.81561344145327
Bright_Far_20260114_210600_T6,1736904002.52,63,Bright,Far,4,4,1280,720,29.221702752627913,1,0,diana,1,1,0.8206526372021815,96.53443014521204,225.05400919129232,176.82575844668767,363.43740050673745,11110.986303579975,diana,0.8137881162553614,chen,0.7264623520925062,0.0873257641628552,diana,diana,diana,3,1,1,0,0,12.694708981032417,9.955064528908805,8.906241991582439,31.55601550152366
Bright_Far_20260114_210600_T6,1736904002.52,63,Bright,Far,4,4,1280,720,29.221702752627913,1,1,chen,2,1,0.7087842445005693,458.829151588045,224.34772011925224,561.2128075030516,372.35596355168127,15153.625068170351,chen,0.8360422585506198,diana,0.7013573478228818,0.13468491072773792,chen,chen,chen,2,1,1,0,0,12.694708981032417,9.955064528908805,8.906241991582439,31.55601550152366
Bright_Far_20260114_210600_T6,1736904002.52,63,Bright,Far,4,4,1280,720,29.221702752627913,1,2,alice,3,1,0.604268207800192,768.1533785835635,299.52575676375653,888.4807861857156,450.14870477198104,18124.068859223396,alice,0.8515044032220422,chen,0.6788762425956234,0.17262816062641884,alice,alice,alice,2,1,1,0,0,12.694708981032417,9.955064528908805,8.906241991582439,31.55601550152366
Bright_Far_20260114_210600_T6,1736904002.52,63,Bright,Far,4,4,1280,720,29.221702752627913,1,3,bob,4,1,0.897596527062504,1066.9236683560514,269.4266087987677,1157.3770699336949,447.7142556826327,16126.724119919341,diana,0.7315199985212958,alice,0.6700792978990203,0.06144070062227547,unknown,unknown,unknown,0,0,0,0,0,12.694708981032417,9.955064528908805,8.906241991582439,31.55601550152366
Bright_Far_20260114_210600_T6,1736904002.56,64,Bright,Far,4,4,1280,720,22.748172234030815,1,0,diana,1,1,0.64123460823828,140.48974941597794,279.8293844169467,229.55142489097926,431.7019790997665,13526.027741187709,chen,0.8094794705541757,bob,0.7856620312938523,0.023817439260323425,unknown,unknown,unknown,0,0,0,0,0,22.682991074042246,9.132640790824052,13.18228059051048,44.99791245537678
Bright_Far_20260114_210600_T6,1736904002.56,64,Bright,Far,4,4,1280,720,22.748172234030815,1,1,chen,2,1,0.7586294581357904,444.42195716122626,258.9120230221862,534.7061351690761,397.7628877530443,12536.036187904674,chen,0.841231255398437,diana,0.6874238176272507,0.15380743777118633,chen,chen,chen,2,1,1,0,0,22.682991074042246,9.132640790824052,13.18228059051048,44.99791245537678
Bright_Far_20260114_210600_T6,1736904002.56,64,Bright,Far,4,4,1280,720,22.748172234030815,1,2,alice,3,1,0.9063718789028508,766.5245582563658,220.08064612988858,850.4232269103653,407.1762465357573,15697.071785073073,bob,0.6411439792007064,alice,0.5661846037916172,0.07495937540908926,unknown,unknown,unknown,0,0,0,0,0,22.682991074042246,9.132640790824052,13.18228059051048,44.99791245537678
Bright_Far_20260114_210600_T6,1736904002.56,64,Bright,Far,4,4,1280,720,22.748172234030815,1,3,bob,4,1,0.870105683629954,1052.0653392774639,243.31040660131453,1158.6623618348885,407.3789339746953,17489.21651338372,bob,0.8766179773917139,alice,0.7826100415859432,0.09400793580577071,bob,bob,bob,2,1,1,0,0,22.682991074042246,9.132640790824052,13.18228059051048,44.99791245537678
Bright_Far_20260114_210600_T6,1736904002.6,65,Bright,Far,4,4,1280,720,25.444472523508118,2,0,diana,1,1,0.6794793162590143,107.24442016994337,231.73875457084299,226.56111619823426,393.43368959890995,19292.905412058113,diana,0.7878290702672961,chen,0.7181750687746342,0.06965400149266188,diana,diana,diana,2,1,1,0,0,11.845946800621908,6.136775181242209,8.278017049675615,26.26073903153973
Bright_Far_20260114_210600_T6,1736904002.6,65,Bright,Far,4,4,1280,720,25.444472523508118,2,1,chen,2,1,0.7583045178328254,424.8493980826433,255.39688865222155,530.8890425729588,419.74148340978473,17427.042401996976,chen,0.9205333386469576,diana,0.7459341440478332,0.17459919459912443,chen,chen,chen,3,1,1,0,0,11.845946800621908,6.136775181242209,8.278017049675615,26.26073903153973
Bright_Far_20260114_210600_T6,1736904002.6,65,Bright,Far,4,4,1280,720,25.444472523508118,2,2,alice,-1,0,-1.0,-1.0,-1.0,-1.0,-1.0,0.0,unknown,-1.0,unknown,-1.0,-1.0,unknown,unknown,unknown,0,0,0,0,1,11.845946800621908,6.136775181242209,8.278017049675615,26.26073903153973
Bright_Far_20260114_210600_T6,1736904002.6,65,Bright,Far,4,4,1280,720,25.444472523508118,2,3,bob,4,1,0.7488459152239595,1071.537005607012,220.41117951056623,1158.058274691789,376.4426279496892,13500.038936088873,bob,0.8420895736278303,chen,0.7306987621060806,0.11139081152174968,bob,bob,bob,2,1,1,0,0,11.845946800621908,6.136775181242209,8.278017049675615,26.26073903153973
Bright_Far_20260114_210600_T6,1736904002.64,66,Bright,Far,4,4,1280,720,22.331116506228238,0,0,diana,1,1,0.7795719702518139,98.53489057249408,256.04015472784295,215.1255623112392,436.2924099402537,21015.731517638695,diana,0.8072536686747221,alice,0.7225690838933029,0.08468458478141927,diana,diana,diana,2,1,1,0,0,10.801647977156025,8.242964100898934,3.2566349741755634,22.301247052230522
Bright_Far_20260114_210600_T6,1736904002.64,66,Bright,Far,4,4,1280,720,22.331116506228238,0,1,chen,2,1,0.7369652753815852,425.2323824595079,255.643444612324,522.1557851461525,386.7539737708061,12707.678614086624,bob,0.6970086600253391,alice,0.6356491137187849,0.06135954630655427,unknown,unknown,unknown,0,0,0,0,0,10.801647977156025,8.242964100898934,3.2566349741755634,22.301247052230522
Bright_Far_20260114_210600_T6,1736904002.64,66,Bright,Far,4,4,1280,720,22.331116506228238,0,2,alice,3,1,0.878467675359508,749.5377823114383,212.9612184952643,858.2927840575356,410.06059250932714,21435.542765054106,alice,0.8966885111879094,chen,0.7515363755201097,0.14515213566779972,alice,alice,alice,2,1,1,0,0,10.801647977156025,8.242964100898934,3.2566349741755634,22.301247052230522
Bright_Far_20260114_210600_T6,1736904002.64,66,Bright,Far,4,4,1280,720,22.331116506228238,0,3,bob,4,1,0.7330750060526674,1048.6044259402076,220.11561079534374,1133.7869630248158,356.1739709629944,11589.796310651876,bob,0.8910614818300673,chen,0.7859053576013492,0.10515612422871812,bob,bob,bob,2,1,1,0,0,10.801647977156025,8.242964100898934,3.2566349741755634,22.301247052230522
Bright_Far_20260114_210600_T6,1736904002.68,67,Bright,Far,4,4,1280,720,26.641409849815133,1,0,diana,1,1,0.7131884787446826,143.14962392175624,215.2715272714205,233.48870558379804,387.9044119540349,15595.496266896547,diana,0.8192705599682486,alice,0.7411004054983352,0.07817015446991338,diana,diana,diana,2,1,1,0,0,15.096489863559247,13.37042390008205,7.802223930375776,36.269137694017076
Bright_Far_20260114_210600_T6,1736904002.68,67,Bright,Far,4,4,1280,720,26.641409849815133,1,1,chen,2,1,0.7075979652352543,421.21515946564494,243.63192341180738,515.8814253357507,416.8581410608723,16398.679175639183,chen,0.8672838388071854,bob,0.7050721481662666,0.16221169064091878,chen,chen,chen,1,1,1,0,0,15.096489863559247,13.37042390008205,7.802223930375776,36.269137694017076
Bright_Far_20260114_210600_T6,1736904002.68,67,Bright,Far,4,4,1280,720,26.641409849815133,1,2,alice,3,1,0.6178526212477491,741.4517057103052,267.4527245006127,848.7896023375569,427.7963587524856,17210.948438165386,alice,0.860984524384639,diana,0.7485037353076434,0.11248078907699566,alice,alice,alice,2,1,1,0,0,15.096489863559247,13.37042390008205,7.802223930375776,36.269137694017076
Bright_Far_20260114_210600_T6,1736904002.68,67,Bright,Far,4,4,1280,720,26.641409849815133,1,3,bob,4,1,0.7358608970193642,1076.7136068821105,172.28832691121886,1167.8821526398538,333.5498645354621,14701.979871859854,bob,0.8848344319561745,alice,0.7391239270070904,0.1457105049490841,bob,bob,bob,2,1,1,0,0,15.096489863559247,13.37042390008205,7.802223930375776,36.269137694017076
Bright_Far_20260114_210600_T6,1736904002.72,68,Bright,Far,4,4,1280,720,24.367616468719046,2,0,diana,1,1,0.8012061835419346,104.6351682427719,258.78345007177967,231.12775314103982,460.2108523232344,25479.0727801297,diana,0.8396332678247329,alice,0.6906933111732365,0.1489399566514964,diana,diana,diana,3,1,1,0,0,17.441822281611735,14.241579078793814,4.762438680585644,36.44584004099119
Bright_Far_20260114_210600_T6,1736904002.72,68,Bright,Far,4,4,1280,720,24.367616468719046,2,1,chen,2,1,0.8093352114333484,421.5002326136643,293.3285329678989,509.3911480622407,473.7455623015246,15857.01787064502,chen,0.8417626256111398,diana,0.7488428928101288,0.09291973280101096,chen,chen,chen,2,1,1,0,0,17.441822281611735,14.241579078793814,4.762438680585644,36.44584004099119
Bright_Far_20260114_210600_T6,1736904002.72,68,Bright,Far,4,4,1280,720,24.367616468719046,2,2,alice,3,1,0.8576653227869195,754.9645650522701,296.8809043863431,836.6674413358359,485.4454212112487,15406.26338961561,alice,0.8470734045756888,diana,0.7752633286647455,0.07181007591094335,alice,alice,alice,2,1,1,0,0,17.441822281611735,14.241579078793814,4.762438680585644,36.44584004099119
Bright_Far_20260114_210600_T6,1736904002.72,68,Bright,Far,4,4,1280,720,24.367616468719046,2,3,bob,4,1,0.7143176162348326,1072.9717559349235,279.05410139383,1185.1584968472541,415.91930028846696,15354.46060830723,bob,0.8926921871842739,diana,0.7584971229975886,0.13419506418668525,bob,bob,bob,2,1,1,0,0,17.441822281611735,14.241579078793814,4.762438680585644,36.44584004099119
Bright_Far_20260114_210600_T6,1736904002.76,69,Bright,Far,4,4,1280,720,24.812073425627,3,0,diana,1,1,0.8507394915253241,138.8647337471559,176.10600673512124,236.73903111839596,381.0886717180398,20062.534308487448,diana,0.8630443725754606,chen,0.797488350879923,0.06555602169553765,diana,diana,diana,2,1,1,0,0,16.577912396969726,12.09952106625181,7.653261086000146,36.33069454922168
Bright_Far_20260114_210600_T6,1736904002.76,69,Bright,Far,4,4,1280,720,24.812073425627,3,1,chen,2,1,0.8873871690043982,413.8171067825637,344.2674430328619,496.4183586800037,504.0798114171477,13200.701697236866,diana,0.7342630943115316,bob,0.6736315195573026,0.06063157475422898,unknown,unknown,unknown,0,0,0,0,0,16.577912396969726,12.09952106625181,7.653261086000146,36.33069454922168
Bright_Far_20260114_210600_T6,1736904002.76,69,Bright,Far,4,4,1280,720,24.812073425627,3,2,alice,3,1,0.775499956198084,769.9526816653307,170.89296728855322,864.35655794756,368.6334866063786,18667.47152166375,alice,0.7213215252711382,diana,0.6764343786628161,0.04488714660832216,unknown,unknown,unknown,0,0,0,0,0,16.577912396969726,12.09952106625181,7.653261086000146,36.33069454922168
Bright_Far_20260114_210600_T6,1736904002.76,69,Bright,Far,4,4,1280,720,24.812073425627,3,3,bob,4,1,0.8179284477671173,1052.3216848211055,218.4265483933156,1173.6110463606824,372.00330181584894,18627.226369940105,bob,0.9696322445239157,chen,0.8209532421788072,0.14867900234510856,bob,bob,bob,1,1,1,0,0,16.577912396969726,12.09952106625181,7.653261086000146,36.33069454922168
Bright_Far_20260114_210600_T6,1736904002.8,70,Bright,Far,4,4,1280,720,21.413979931410577,1,0,diana,1,1,0.8099492330095862,104.2562500737765,243.98820092281025,221.0376483288575,441.2005022006226,23030.728296325226,alice,0.6794164020738819,chen,0.641217596545694,0.038198805528187885,unknown,unknown,unknown,0,0,0,0,0,16.162434868782235,13.495687753916147,8.125503352808071,37.78362597550645
Bright_Far_20260114_210600_T6,1736904002.8,70,Bright,Far,4,4,1280,720,21.413979931410577,1,1,chen,2,1,0.6255529321462684,432.88604892531845,215.1022729418426,526.1225745475151,371.89173759281897,14618.504938221255,bob,0.7170438771975346,diana,0.6741491726146243,0.04289470458291034,unknown,unknown,unknown,0,0,0,0,0,16.162434868782235,13.495687753916147,8.125503352808071,37.78362597550645
Bright_Far_20260114_210600_T6,1736904002.8,70,Bright,Far,4,4,1280,720,21.413979931410577,1,2,alice,3,1,0.841864252348373,762.2100232774957,258.10672903447914,845.0327843784543,420.64351426887333,13461.745333586043,bob,0.6136768800045175,alice,0.5882144448901252,0.02546243511439228,unknown,unknown,unknown,0,0,0,0,0,16.162434868782235,13.495687753916147,8.125503352808071,37.78362597550645
Bright_Far_20260114_210600_T6,1736904002.8,70,Bright,Far,4,4,1280,720,21.413979931410577,1,3,bob,4,1,0.7329091718545593,1098.108062305158,211.27144446489794,1206.0478194789816,405.44291531371357,20958.821413505335,bob,0.8713162681905171,chen,0.727903676558628,0.14341259163188913,bob,bob,bob,3,1,1,0,0,16.162434868782235,13.495687753916147,8.125503352808071,37.78362597550645
Bright_Far_20260114_210600_T6,1736904002.84,71,Bright,Far,4,4,1280,720,22.411236046290423,0,0,diana,1,1,0.787934060653056,108.39172298858682,322.35535314658966,211.17791114806028,471.46729199944184,15326.647803753163,bob,0.894820743472912,diana,0.8509812162641006,0.043839527208811346,bob,bob,bob,1,0,0,1,0,23.61498040389909,16.53222778760026,23.189729069667603,63.33693726116695
Bright_Far_20260114_210600_T6,1736904002.84,71,Bright,Far,4,4,1280,720,22.411236046290423,0,1,chen,-1,0,-1.0,-1.0,-1.0,-1.0,-1.0,0.0,unknown,-1.0,unknown,-1.0,-1.0,unknown,unknown,unknown,0,0,0,0,1,23.61498040389909,16.53222778760026,23.189729069667603,63.33693726116695
Bright_Far_20260114_210600_T6,1736904002.84,71,Bright,Far,4,4,1280,720,22.411236046290423,0,2,alice,3,1,0.8009349033780824,781.5732844361976,206.3454217315691,874.1264021331215,376.2520530239984,15725.388443496064,alice,0.8815515700808384,diana,0.7236520388938505,0.15789953118698785,alice,alice,alice,2,1,1,0,0,23.61498040389909,16.53222778760026,23.189729069667603,63.33693726116695
Bright_Far_20260114_210600_T6,1736904002.84,71,Bright,Far,4,4,1280,720,22.411236046290423,0,3,bob,4,1,0.7268702902923164,1037.8567766040242,270.43476484376663,1153.4244508298202,463.07271276600454,22262.719609003056,alice,0.7571949811239808,diana,0.7206454482216565,0.03654953290232421,unknown,unknown,unknown,0,0,0,0,0,23.61498040389909,16.53222778760026,23.189729069667603,63.33693726116695
Bright_Far_20260114_210600_T6,1736904002.88,72,Bright,Far,4,4,1280,720,23.379029052456833,0,0,diana,-1,0,-1.0,-1.0,-1.0,-1.0,-1.0,0.0,unknown,-1.0,unknown,-1.0,-1.0,unknown,unknown,unknown,0,0,0,0,1,13.03537615276486,7.247313009534654,10.071741575527252,30.354430737826764
Bright_Far_20260114_210600_T6,1736904002.88,72,Bright,Far,4,4,1280,720,23.379029052456833,0,1,chen,2,1,0.5904455097266796,428.43426351454775,227.29281423371424,552.6818807118415,414.9879564052401,23320.674174319363,chen,0.8539181004774699,diana,0.7612822113521415,0.09263588912532839,chen,chen,chen,2,1,1,0,0,13.03537615276486,7.247313009534654,10.071741575527252,30.354430737826764
Bright_Far_20260114_210600_T6,1736904002.88,72,Bright,Far,4,4,1280,720,23.379029052456833,0,2,alice,3,1,0.7724019571119115,731.6448112468487,256.49883135841276,851.6656516632548,397.1963585808055,16886.63546174176,alice,0.8085872483077415,diana,0.7135808333498103,0.09500641495793127,alice,alice,alice,2,1,1,0,0,13.03537615276486,7.247313009534654,10.071741575527252,30.354430737826764
Bright_Far_20260114_210600_T6,1736904002.88,72,Bright,Far,4,4,1280,720,23.379029052456833,0,3,bob,4,1,0.788609598413924,1079.2464789893534,264.35578274664505,1172.1547399402566,443.60708112163155,16653.926405211463,bob,0.9610275364988686,chen,0.8282505336941657,0.13277700280470295,bob,bob,bob,2,1,1,0,0,13.03537615276486,7.247313009534654,10.071741575527252,30.354430737826764
Bright_Far_20260114_210600_T6,1736904002.92,73,Bright,Far,4,4,1280,720,19.597976173154194,1,0,diana,1,1,0.8708015361818708,84.26362081320846,247.91904366835948,204.00286775414057,395.0477539219736,17617.08096915835,diana,0.9060461134965171,alice,0.8088365001362458,0.09720961336027134,diana,diana,diana,1,1,1,0,0,19.037291928198922,9.18408185350237,8.453602887912478,36.67497666961377
Bright_Far_20260114_210600_T6,1736904002.92,73,Bright,Far,4,4,1280,720,19.597976173154194,1,1,chen,2,1,0.9111876711677279,461.0411630209053,299.37908566098065,578.332252394134,431.69485517226576,15519.460747235673,chen,0.6251422389710514,alice,0.5855001362426984,0.039642102728353,unknown,unknown,unknown,0,0,0,0,0,19.037291928198922,9.18408185350237,8.453602887912478,36.67497666961377
Bright_Far_20260114_210600_T6,1736904002.92,73,Bright,Far,4,4,1280,720,19.597976173154194,1,2,alice,3,1,0.7880892003849691,771.6505329384543,252.37044050350653,866.0653824803098,387.9041202335478,12796.39197956589,alice,0.8432531734198668,diana,0.6723497976466776,0.17090337577318926,alice,alice,alice,3,1,1,0,0,19.037291928198922,9.18408185350237,8.453602887912478,36.67497666961377
Bright_Far_20260114_210600_T6,1736904002.92,73,Bright,Far,4,4,1280,720,19.597976173154194,1,3,bob,4,1,0.8487088670827686,1072.067908613023,292.1181882431414,1199.7052245410782,452.4297669331063,20461.739616176324,bob,0.8104342585833542,diana,0.7349051818778581,0.07552907670549602,unknown,unknown,unknown,0,0,0,0,0,19.037291928198922,9.18408185350237,8.453602887912478,36.67497666961377
Bright_Far_20260114_210600_T6,1736904002.96,74,Bright,Far,4,4,1280,720,24.490877570553867,0,0,diana,1,1,0.6840526670055833,74.74493621455002,186.18020737245075,202.22685085733445,385.6616605125169,25430.277582020517,diana,0.8142511010534175,chen,0.6537358867230443,0.1605152143303732,diana,diana,diana,2,1,1,0,0,11.509213319075265,7.969250947175494,8.210788323542117,27.689252589792876
Bright_Far_20260114_210600_T6,1736904002.96,74,Bright,Far,4,4,1280,720,24.490877570553867,0,1,chen,2,1,0.8374432463375677,461.48703037500286,238.66742701574466,566.4974094099839,387.2480711448269,15602.509757256556,chen,0.8802665850561391,diana,0.7557835692610266,0.12448301579511245,chen,chen,chen,2,1,1,0,0,11.509213319075265,7.969250947175494,8.210788323542117,27.689252589792876
Bright_Far_20260114_210600_T6,1736904002.96,74,Bright,Far,4,4,1280,720,24.490877570553867,0,2,alice,3,1,0.8292053611898511,759.4798564472518,136.09571491306602,847.8838921160099,325.1239429684657,16710.85821541169,alice,0.8366801227359616,chen,0.7520917913376841,0.08458833139827748,alice,alice,alice,2,1,1,0,0,11.509213319075265,7.969250947175494,8.210788323542117,27.689252589792876
Bright_Far_20260114_210600_T6,1736904002.96,74,Bright,Far,4,4,1280,720,24.490877570553867,0,3,bob,4,1,0.8012243499410453,1097.0274001572361,257.5650633606208,1189.974845320241,443.79138670761245,17309.260977202524,bob,0.8955325825933668,alice,0.7198219210992293,0.1757106614941375,bob,bob,bob,2,1,1,0,0,11.509213319075265,7.969250947175494,8.210788323542117,27.689252589792876
Bright_Far_20260114_210600_T6,1736904003.0,75,Bright,Far,4,4,1280,720,25.859455964708516,0,0,diana,1,1,0.6497358590816992,106.02382373366247,184.04947371961396,217.62532738310392,398.84612326207366,23971.629067800615,diana,0.9410710870149338,chen,0.8513933153024157,0.08967777171251812,diana,diana,diana,2,1,1,0,0,19.44781699331272,12.224213128501805,8.511098224121174,40.1831283459357
Bright_Far_20260114_210600_T6,1736904003.0,75,Bright,Far,4,4,1280,720,25.859455964708516,0,1,chen,2,1,0.7440136436055153,440.8683105973376,267.0962152548642,528.6388562347717,403.4260265109208,11965.741920592485,chen,0.8231953181739038,bob,0.6869901834099257,0.1362051347639781,chen,chen,chen,2,1,1,0,0,19.44781699331272,12.224213128501805,8.511098224121174,40.1831283459357
Bright_Far_20260114_210600_T6,1736904003.0,75,Bright,Far,4,4,1280,720,25.859455964708516,0,2,alice,3,1,0.5753565799343685,743.751142449373,188.30398480394976,845.3438275629994,392.3846748427791,20733.105280886386,alice,0.8620281055899953,bob,0.6980474583067127,0.16398064728328265,alice,alice,alice,1,1,1,0,0,19.44781699331272,12.224213128501805,8.511098224121174,40.1831283459357
Bright_Far_20260114_210600_T6,1736904003.0,75,Bright,Far,4,4,1280,720,25.859455964708516,0,3,bob,4,1,0.7561513481268435,1062.9116674299246,211.76825953391034,1175.455877934872,403.7823802006462,21610.077616239487,bob,0.8737238285720246,alice,0.7173452798063267,0.1563785487656979,bob,bob,bob,1,1,1,0,0,19.44781699331272,12.224213128501805,8.511098224121174,40.1831283459357
Bright_Far_20260114_210600_T6,1736904003.04,76,Bright,Far,4,4,1280,720,25.965652942259787,1,0,diana,1,1,0.7916868500091698,131.59277508052284,218.61082041852765,221.69696612438756,405.8107493741144,16867.49816201209,diana,0.7469577709168469,alice,0.591431157212004,0.1555266137048429,diana,diana,diana,3,1,1,0,0,29.50176540704391,11.994243875489135,14.086278179337294,55.58228746187034
Bright_Far_20260114_210600_T6,1736904003.04,76,Bright,Far,4,4,1280,720,25.965652942259787,1,1,chen,2,1,0.7506722523554435,446.76715373485393,189.10767854160505,545.2780993459202,401.670951872489,20939.809058008916,chen,0.8831559966307558,bob,0.7285307927096047,0.1546252039211511,chen,chen,chen,3,1,1,0,0,29.50176540704391,11.994243875489135,14.086278179337294,55.58228746187034
Bright_Far_20260114_210600_T6,1736904003.04,76,Bright,Far,4,4,1280,720,25.965652942259787,1,2,alice,3,1,0.7111855849094533,759.9523742510728,193.08492827843133,847.017916547361,402.69194371918115,18249.548468455334,alice,0.9501299267004821,diana,0.8226818782457233,0.12744804845475888,alice,alice,alice,1,1,1,0,0,29.50176540704391,11.994243875489135,14.086278179337294,55.58228746187034
Bright_Far_20260114_210600_T6,1736904003.04,76,Bright,Far,4,4,1280,720,25.965652942259787,1,3,bob,4,1,0.6631173500191012,1082.0813882416082,291.1254259075074,1162.0877861482168,430.39572272202554,11142.514783513812,bob,0.8328811743048748,diana,0.6662563967430456,0.16662477756182925,bob,bob,bob,2,1,1,0,0,29.50176540704391,11.994243875489135,14.086278179337294,55.58228746187034
Bright_Far_20260114_210600_T6,1736904003.08,77,Bright,Far,4,4,1280,720,24.5963821670749,1,0,diana,1,1,0.7652895849508828,105.88898186116663,110.66881074371109,192.9726201194412,307.3423510163815,17127.04743607942,diana,0.8597767302826702,chen,0.7966907964817436,0.06308593380092664,diana,diana,diana,3,1,1,0,0,34.285691459549504,24.677828583207887,8.031862291154486,66.99538233391188
Bright_Far_20260114_210600_T6,1736904003.08,77,Bright,Far,4,4,1280,720,24.5963821670749,1,1,chen,2,1,0.8630203842080071,433.36248654462764,207.85114398072943,532.9392464540722,404.5613989821306,19587.769834000137,chen,0.8708321175855366,diana,0.7575163694876464,0.11331574809789013,chen,chen,chen,1,1,1,0,0,34.285691459549504,24.677828583207887,8.031862291154486,66.99538233391188
Bright_Far_20260114_210600_T6,1736904003.08,77,Bright,Far,4,4,1280,720,24.5963821670749,1,2,alice,3,1,0.7280876639057191,766.7377726461388,179.81692967094563,850.108628305546,309.9710500367722,10851.06038249644,alice,0.7348723683860493,diana,0.720615534527412,0.014256833858637297,unknown,unknown,unknown,0,0,0,0,0,34.285691459549504,24.677828583207887,8.031862291154486,66.99538233391188
Bright_Far_20260114_210600_T6,1736904003.08,77,Bright,Far,4,4,1280,720,24.5963821670749,1,3,bob,4,1,0.7470264255996666,1057.4190121759063,213.596554039598,1182.4207991782835,385.39557721940616,21475.184902738827,bob,0.8585017832906705,alice,0.7491251141517078,0.10937666913896271,bob,bob,bob,2,1,1,0,0,34.285691459549504,24.677828583207887,8.031862291154486,66.99538233391188
Bright_Far_20260114_210600_T6,1736904003.12,78,Bright,Far,4,4,1280,720,24.132373121282725,1,0,diana,1,1,0.7955710961600135,102.19510417915546,345.78935408691007,190.53439465982672,482.4723527531205,12074.479122943565,diana,0.7971928640865942,bob,0.6263594270842802,0.17083343700231401,diana,diana,diana,3,1,1,0,0,16.899582629374276,11.85418310230158,13.847554722819218,42.601320454495074
Bright_Far_20260114_210600_T6,1736904003.12,78,Bright,Far,4,4,1280,720,24.132373121282725,1,1,chen,2,1,0.8254200020402811,397.83135641850265,323.4549256150948,523.5721021723615,473.73717798107145,18896.602486067524,chen,0.9442212690403297,alice,0.8556991988293982,0.0885220702109315,chen,chen,chen,2,1,1,0,0,16.899582629374276,11.85418310230158,13.847554722819218,42.601320454495074
Bright_Far_20260114_210600_T6,1736904003.12,78,Bright,Far,4,4,1280,720,24.132373121282725,1,2,alice,3,1,0.6587797460149072,739.0983543050647,224.51318331729442,859.2896425901745,431.1443529784832,24835.266481437364,diana,0.8313751028629754,alice,0.751848023516382,0.07952707934659342,diana,diana,diana,1,0,0,1,0,16.899582629374276,11.85418310230158,13.847554722819218,42.601320454495074
Bright_Far_20260114_210600_T6,1736904003.12,78,Bright,Far,4,4,1280,720,24.132373121282725,1,3,bob,4,1,0.7740712396266339,1047.1120167016968,208.27341110889753,1162.9577710980864,411.53025668210057,23546.44261165816,bob,0.6808746743054659,chen,0.620906383338491,0.05996829096697487,unknown,unknown,unknown,0,0,0,0,0,16.899582629374276,11.85418310230158,13.847554722819218,42.601320454495074
Bright_Far_20260114_210600_T6,1736904003.16,79,Bright,Far,4,4,1280,720,27.692623485545838,2,0,diana,1,1,0.6826113475581859,103.07508728603035,331.52913940548103,208.983165012617,479.38287847396657,15658.905289431628,diana,0.8271312093111663,alice,0.6477622408098671,0.17936896850129924,diana,diana,diana,2,1,1,0,0,11.934579063163483,6.1241299798542155,6.167102337073642,24.22581138009134
Bright_Far_20260114_210600_T6,1736904003.16,79,Bright,Far,4,4,1280,720,27.692623485545838,2,1,chen,2,1,0.8282286617273894,418.8489279042426,232.36632090887286,508.37068258917657,392.2975128959069,14317.320935532338,chen,0.8471354103860234,diana,0.7603000182282628,0.0868353921577606,chen,chen,chen,3,1,1,0,0,11.934579063163483,6.1241299798542155,6.167102337073642,24.22581138009134
Bright_Far_20260114_210600_T6,1736904003.16,79,Bright,Far,4,4,1280,720,27.692623485545838,2,2,alice,3,1,0.7415652341296629,742.805294069872,173.00947275712753,829.264070949709,386.80184728792784,18484.227208168995,alice,0.8564546291234313,diana,0.7098564437717148,0.14659818535171654,alice,alice,alice,1,1,1,0,0,11.934579063163483,6.1241299798542155,6.167102337073642,24.22581138009134
Bright_Far_20260114_210600_T6,1736904003.16,79,Bright,Far,4,4,1280,720,27.692623485545838,2,3,bob,4,1,0.7925575346803988,1050.62877300712,206.8317678595898,1145.7178964174714,378.0019110839122,16276.41887322513,bob,0.8315469747276552,chen,0.7683770466970716,0.06316992803058352,bob,bob,bob,2,1,1,0,0,11.934579063163483,6.1241299798542155,6.167102337073642,24.22581138009134
Bright_Far_20260114_210600_T6,1736904003.2,80,Bright,Far,4,4,1280,720,27.43740025990553,3,0,diana,1,1,0.8387808104461798,86.03931736292483,303.57787010644927,180.19914611292816,438.04090897695517,12661.016713251876,diana,0.8962578552896353,alice,0.802292914385765,0.09396494090387031,diana,diana,diana,3,1,1,0,0,10.24026508832705,6.7149370067301035,7.740642295875475,24.695844390932628
Bright_Far_20260114_210600_T6,1736904003.2,80,Bright,Far,4,4,1280,720,27.43740025990553,3,1,chen,2,1,0.8099516958282031,423.2472311259643,181.18337466769358,518.9721648098703,347.9013108682095,15959.063386712058,chen,0.8486917511304677,diana,0.6919980104665193,0.15669374066394837,chen,chen,chen,2,1,1,0,0,10.24026508832705,6.7149370067301035,7.740642295875475,24.695844390932628
Bright_Far_20260114_210600_T6,1736904003.2,80,Bright,Far,4,4,1280,720,27.43740025990553,3,2,alice,3,1,0.8275615058874983,733.1871592431783,310.4646251356693,846.5542514045007,508.69633092440756,22472.952059448056,alice,0.7935407529568449,diana,0.621301871991534,0.17223888096531093,alice,alice,alice,2,1,1,0,0,10.24026508832705,6.7149370067301035,7.740642295875475,24.695844390932628
Bright_Far_20260114_210600_T6,1736904003.2,80,Bright,Far,4,4,1280,720,27.43740025990553,3,3,bob,4,1,0.7661103598146642,1057.5119314893266,238.60779988381833,1146.6081752173952,453.3418809971856,19132.00002759944,bob,0.8047738843445366,diana,0.6291454334867269,0.17562845085780965,bob,bob,bob,3,1,1,0,0,10.24026508832705,6.7149370067301035,7.740642295875475,24.695844390932628
Bright_Far_20260114_210600_T6,1736904003.24,81,Bright,Far,4,4,1280,720,25.064525102517518,1,0,diana,1,1,0.6938902727632762,151.9770878729306,221.61724613766177,239.75509327505245,356.4853065239817,11838.449333164086,diana,0.8791512951679846,alice,0.7676143202964731,0.11153697487151149,diana,diana,diana,2,1,1,0,0,12.64491326568931,10.80656716462332,6.378727154486324,29.830207584798956
Bright_Far_20260114_210600_T6,1736904003.24,81,Bright,Far,4,4,1280,720,25.064525102517518,1,1,chen,2,1,0.7479467645947047,428.4777545971667,206.23415009657023,545.9024750953326,368.5266200775627,19057.147926475027,chen,0.8452243556648117,bob,0.6840343416766037,0.16119001398820798,chen,chen,chen,2,1,1,0,0,12.64491326568931,10.80656716462332,6.378727154486324,29.830207584798956
Bright_Far_20260114_210600_T6,1736904003.24,81,Bright,Far,4,4,1280,720,25.064525102517518,1,2,alice,3,1,0.7102628972602355,766.6147110741415,231.78417434611873,852.4682418070258,370.1299817486883,11877.476027602203,alice,0.9239105891680707,bob,0.8390254234945982,0.08488516567347248,alice,alice,alice,1,1,1,0,0,12.64491326568931,10.80656716462332,6.378727154486324,29.830207584798956
Bright_Far_20260114_210600_T6,1736904003.24,81,Bright,Far,4,4,1280,720,25.064525102517518,1,3,bob,4,1,0.7388114019404123,1086.959093323754,93.80685279062403,1184.4497793874468,295.2324033769864,19637.115117421552,bob,0.9116695894370066,chen,0.7836176388320513,0.12805195060495533,bob,bob,bob,2,1,1,0,0,12.64491326568931,10.80656716462332,6.378727154486324,29.830207584798956
Bright_Far_20260114_210600_T6,1736904003.28,82,Bright,Far,4,4,1280,720,22.277316459712193,3,0,diana,1,1,0.8555185336178492,142.64837577519995,257.0946943263038,236.38911439680066,394.9611697509401,12923.705237462169,diana,0.8815760187093193,chen,0.7524582697193172,0.12911774899000217,diana,diana,diana,2,1,1,0,0,18.82930506509765,9.822393584366496,6.872344890125232,35.52404353958938
Bright_Far_20260114_210600_T6,1736904003.28,82,Bright,Far,4,4,1280,720,22.277316459712193,3,1,chen,2,1,0.7109782750786411,416.3331934550575,234.73008377400313,541.0025537021459,390.56433660834455,19427.75660544036,bob,0.8027282929335656,chen,0.7112536295045454,0.09147466342902022,bob,bob,bob,2,0,0,1,0,18.82930506509765,9.822393584366496,6.872344890125232,35.52404353958938
Bright_Far_20260114_210600_T6,1736904003.28,82,Bright,Far,4,4,1280,720,22.277316459712193,3,2,alice,3,1,0.7816505099421979,764.7995274879906,201.71641813702698,852.4661868130408,408.64986168878204,18141.16369881122,alice,0.8304346723679603,diana,0.7826147907402339,0.047819881627726435,unknown,unknown,unknown,0,0,0,0,0,18.82930506509765,9.822393584366496,6.872344890125232,35.52404353958938
Bright_Far_20260114_210600_T6,1736904003.28,82,Bright,Far,4,4,1280,720,22.277316459712193,3,3,bob,4,1,0.8526203746358018,1064.7289957666092,268.4531326569278,1148.3804221248167,405.5206765140298,11465.895551062755,diana,0.8434021163897102,bob,0.7670928018106788,0.07630931457903134,diana,diana,diana,1,0,0,1,0,18.82930506509765,9.822393584366496,6.872344890125232,35.52404353958938
Bright_Far_20260114_210600_T6,1736904003.32,83,Bright,Far,4,4,1280,720,24.85131189836125,3,0,diana,1,1,0.7498364751120473,94.46068972539972,146.7036247507333,215.8255946599183,277.20358539236366,15838.115317229885,diana,0.8762473842961652,alice,0.7929311998177047,0.08331618447846056,diana,diana,diana,2,1,1,0,0,26.393591879148527,18.31440536292711,4.104198861409305,48.81219610348494
Bright_Far_20260114_210600_T6,1736904003.32,83,Bright,Far,4,4,1280,720,24.85131189836125,3,1,chen,2,1,0.6956515410836714,467.2976604333159,287.562097130644,565.1655795029361,472.22055128210377,18072.138646416235,chen,0.8212413954675593,bob,0.6964185368024614,0.1248228586650979,chen,chen,chen,2,1,1,0,0,26.393591879148527,18.31440536292711,4.104198861409305,48.81219610348494
Bright_Far_20260114_210600_T6,1736904003.32,83,Bright,Far,4,4,1280,720,24.85131189836125,3,2,alice,3,1,0.9292923486003568,755.0906713727077,184.88619458511255,849.953765969819,394.3595197711925,19871.287862698555,alice,0.8698783925041944,bob,0.7095944858786895,0.16028390662550496,alice,alice,alice,2,1,1,0,0,26.393591879148527,18.31440536292711,4.104198861409305,48.81219610348494
Bright_Far_20260114_210600_T6,1736904003.32,83,Bright,Far,4,4,1280,720,24.85131189836125,3,3,bob,4,1,0.7400297056177159,1082.8410971670062,223.36645820507613,1186.0166365125935,357.78091748594215,13868.284332148844,bob,0.7971642005652514,alice,0.6781593009083957,0.11900489965685568,bob,bob,bob,2,1,1,0,0,26.393591879148527,18.31440536292711,4.104198861409305,48.81219610348494
Bright_Far_20260114_210600_T6,1736904003.36,84,Bright,Far,4,4,1280,720,23.948517713784085,2,0,diana,1,1,0.7543501153226719,126.02438520338617,172.72117581548383,236.72063404008478,378.7648484822933,22808.261660752414,diana,0.8663723411648507,bob,0.7925675563996805,0.07380478476517027,diana,diana,diana,3,1,1,0,0,13.111388182926397,13.718290885238245,8.391310560260175,35.22098962842482
Bright_Far_20260114_210600_T6,1736904003.36,84,Bright,Far,4,4,1280,720,23.948517713784085,2,1,chen,2,1,0.8121469980695065,421.27164159230927,235.35443340485523,537.7938335199257,368.66309474791404,15533.417422629516,chen,0.8973170136471201,diana,0.7856256282980121,0.11169138534910805,chen,chen,chen,1,1,1,0,0,13.111388182926397,13.718290885238245,8.391310560260175,35.22098962842482
Bright_Far_20260114_210600_T6,1736904003.36,84,Bright,Far,4,4,1280,720,23.948517713784085,2,2,alice,3,1,0.9156960670234899,757.1027783701765,242.24364727514939,860.7623068720828,386.42322447060866,14945.58699168552,alice,0.7553273233480627,bob,0.6512258232001842,0.10410150014787856,alice,alice,alice,2,1,1,0,0,13.111388182926397,13.718290885238245,8.391310560260175,35.22098962842482
Bright_Far_20260114_210600_T6,1736904003.36,84,Bright,Far,4,4,1280,720,23.948517713784085,2,3,bob,4,1,0.9169075640107553,1074.9234624746714,341.7164656530418,1201.2332850703056,518.8498987955948,22373.69251599149,diana,0.7110742591454706,chen,0.6747804634332087,0.03629379571226188,unknown,unknown,unknown,0,0,0,0,0,13.111388182926397,13.718290885238245,8.391310560260175,35.22098962842482
Bright_Far_20260114_210600_T6,1736904003.4,85,Bright,Far,4,4,1280,720,25.845933376496113,1,0,diana,1,1,0.8588465779903008,121.91647994056935,210.0508009140318,231.55839044869543,407.9559278079563,21698.696212003008,diana,0.8142222571602467,bob,0.6513716088979231,0.16285064826232354,diana,diana,diana,2,1,1,0,0,11.571727827732431,4.738618771441195,6.9069738898175475,23.217320488991174
Bright_Far_20260114_210600_T6,1736904003.4,85,Bright,Far,4,4,1280,720,25.845933376496113,1,1,chen,2,1,0.8103807045750265,428.4734170261514,197.00332599850782,550.3692057149616,360.83762284320886,19970.71082816148,chen,0.8194516663611672,bob,0.7131739915655748,0.10627767479559236,chen,chen,chen,2,1,1,0,0,11.571727827732431,4.738618771441195,6.9069738898175475,23.217320488991174
Bright_Far_20260114_210600_T6,1736904003.4,85,Bright,Far,4,4,1280,720,25.845933376496113,1,2,alice,3,1,0.7337761823688554,772.7671268742433,241.76758203665153,871.1913643231292,455.49068985218184,21035.533911949584,alice,0.8756701255226774,diana,0.7426929889460334,0.132977136576644,alice,alice,alice,2,1,1,0,0,11.571727827732431,4.738618771441195,6.9069738898175475,23.217320488991174
Bright_Far_20260114_210600_T6,1736904003.4,85,Bright,Far,4,4,1280,720,25.845933376496113,1,3,bob,4,1,0.7474535031819162,1060.8342506076833,250.17609397391092,1174.3166935362483,423.7378499161206,19696.21206329333,bob,0.9717048489851681,alice,0.8030168774149329,0.16868797157023518,bob,bob,bob,2,1,1,0,0,11.571727827732431,4.738618771441195,6.9069738898175475,23.217320488991174
Bright_Far_20260114_210600_T6,1736904003.44,86,Bright,Far,4,4,1280,720,22.98991092396234,1,0,diana,1,1,0.8373046533467094,89.90799802916175,309.70131320963026,196.30020408949255,449.4979064991322,14873.267959788953,diana,0.8432324259815133,chen,0.7158977461385726,0.12733467984294067,diana,diana,diana,1,1,1,0,0,16.200252201033745,8.539325910418247,17.471765719891593,42.211343831343584
Bright_Far_20260114_210600_T6,1736904003.44,86,Bright,Far,4,4,1280,720,22.98991092396234,1,1,chen,-1,0,-1.0,-1.0,-1.0,-1.0,-1.0,0.0,unknown,-1.0,unknown,-1.0,-1.0,unknown,unknown,unknown,0,0,0,0,1,16.200252201033745,8.539325910418247,17.471765719891593,42.211343831343584
Bright_Far_20260114_210600_T6,1736904003.44,86,Bright,Far,4,4,1280,720,22.98991092396234,1,2,alice,3,1,0.8918374900529791,735.7119835718445,199.58334267029272,828.2864304080099,394.8527100414831,18076.953668435912,alice,0.8681444786739363,chen,0.7380532121196532,0.13009126655428305,alice,alice,alice,2,1,1,0,0,16.200252201033745,8.539325910418247,17.471765719891593,42.211343831343584
Bright_Far_20260114_210600_T6,1736904003.44,86,Bright,Far,4,4,1280,720,22.98991092396234,1,3,bob,4,1,0.7092309245913765,1057.6361514595453,162.14445648266764,1159.1333590533734,315.9512118292601,15610.956176746222,bob,0.8161815957191666,chen,0.6902059429697314,0.12597565274943523,bob,bob,bob,2,1,1,0,0,16.200252201033745,8.539325910418247,17.471765719891593,42.211343831343584
Bright_Far_20260114_210600_T6,1736904003.48,87,Bright,Far,4,4,1280,720,23.839318372329174,0,0,diana,1,1,0.7918264364309647,114.28531248655814,309.97509775099815,218.43733516174677,498.89812336882693,19676.715248013348,diana,0.8494856877537305,bob,0.6718515887681286,0.1776340989856019,diana,diana,diana,1,1,1,0,0,9.697310959951942,8.173770011894076,9.376613196402184,27.247694168248202
Bright_Far_20260114_210600_T6,1736904003.48,87,Bright,Far,4,4,1280,720,23.839318372329174,0,1,chen,2,1,0.7636187665399368,444.2576821418004,308.6010373685082,540.0045814602105,450.6598034682205,13601.686375046726,chen,0.924997566293373,bob,0.7978422733070012,0.12715529298637185,chen,chen,chen,2,1,1,0,0,9.697310959951942,8.173770011894076,9.376613196402184,27.247694168248202
Bright_Far_20260114_210600_T6,1736904003.48,87,Bright,Far,4,4,1280,720,23.839318372329174,0,2,alice,3,1,0.8590549663757582,731.6771180815608,276.12744492079867,825.046482161438,412.88189917402485,12768.676428714385,alice,0.8461424875204199,diana,0.6799415209000325,0.1662009666203874,alice,alice,alice,2,1,1,0,0,9.697310959951942,8.173770011894076,9.376613196402184,27.247694168248202
Bright_Far_20260114_210600_T6,1736904003.48,87,Bright,Far,4,4,1280,720,23.839318372329174,0,3,bob,4,1,0.7424304568899628,1059.4933897440635,199.70038452684577,1168.8231850717273,380.36181888668574,19751.677642163464,bob,0.841016892142727,chen,0.6792511662901648,0.16176572585256221,bob,bob,bob,1,1,1,0,0,9.697310959951942,8.173770011894076,9.376613196402184,27.247694168248202
Bright_Far_20260114_210600_T6,1736904003.52,88,Bright,Far,4,4,1280,720,23.150041527665827,1,0,diana,1,1,0.8225903501478659,115.69429362823415,229.15532064324748,238.03108277901435,407.64267410353284,21835.56972635171,diana,0.8536904856269287,alice,0.7603289606117879,0.09336152501514083,diana,diana,diana,1,1,1,0,0,14.82401471327388,8.261026393408512,8.40188363172839,31.48692473841078
Bright_Far_20260114_210600_T6,1736904003.52,88,Bright,Far,4,4,1280,720,23.150041527665827,1,1,chen,2,1,0.8354220120906196,429.2032012188155,223.19095733346347,535.8040915233529,406.5679411138373,19548.14973234857,chen,0.819139958668325,bob,0.7308389324207545,0.08830102624757052,chen,chen,chen,3,1,1,0,0,14.82401471327388,8.261026393408512,8.40188363172839,31.48692473841078
Bright_Far_20260114_210600_T6,1736904003.52,88,Bright,Far,4,4,1280,720,23.150041527665827,1,2,alice,3,1,0.5972098507561966,740.7779193887675,256.6059932299528,858.6113731817115,431.33379573366096,20588.780442663352,alice,0.7881788719964585,chen,0.6870675799978573,0.10111129199860125,alice,alice,alice,2,1,1,0,0,14.82401471327388,8.261026393408512,8.40188363172839,31.48692473841078
Bright_Far_20260114_210600_T6,1736904003.52,88,Bright,Far,4,4,1280,720,23.150041527665827,1,3,bob,4,1,0.8649079580870866,1043.856069631193,308.8359082605345,1128.9295324651298,445.28378991839685,11608.093788989574,bob,0.8391202859254399,diana,0.6809569064324343,0.15816337949300552,bob,bob,bob,2,1,1,0,0,14.82401471327388,8.261026393408512,8.40188363172839,31.48692473841078
Bright_Far_20260114_210600_T6,1736904003.56,89,Bright,Far,4,4,1280,720,25.837902356351613,0,0,diana,1,1,0.8053573999985086,90.15461687828031,293.96256884167036,170.31386960142578,506.88141929825207,17067.41594327075,diana,0.8101004186991471,chen,0.63037934196112,0.17972107673802706,diana,diana,diana,3,1,1,0,0,11.35062702336765,7.721064688981618,9.95481773929918,29.026509451648447
Bright_Far_20260114_210600_T6,1736904003.56,89,Bright,Far,4,4,1280,720,25.837902356351613,0,1,chen,2,1,0.8964906269508461,432.0428243432682,239.9754409149116,549.4419844671174,381.5071764073697,16615.706877685367,chen,0.8496425601346481,alice,0.6810201936824425,0.16862236645220563,chen,chen,chen,2,1,1,0,0,11.35062702336765,7.721064688981618,9.95481773929918,29.026509451648447
Bright_Far_20260114_210600_T6,1736904003.56,89,Bright,Far,4,4,1280,720,25.837902356351613,0,2,alice,3,1,0.7126700729267188,720.7856608821651,239.52175861899767,840.1285680441001,382.1402026095558,17020.49972074481,alice,0.8162747121490387,diana,0.664274251096264,0.15200046105277465,alice,alice,alice,2,1,1,0,0,11.35062702336765,7.721064688981618,9.95481773929918,29.026509451648447
Bright_Far_20260114_210600_T6,1736904003.56,89,Bright,Far,4,4,1280,720,25.837902356351613,0,3,bob,4,1,0.8020727249598254,1077.9545021019567,194.0823853852845,1166.9015082800606,347.8388669400973,13676.17871477946,bob,0.9282676718558254,diana,0.8180747424034259,0.11019292945239945,bob,bob,bob,2,1,1,0,0,11.35062702336765,7.721064688981618,9.95481773929918,29.026509451648447
Bright_Far_20260114_210600_T6,1736904003.6,90,Bright,Far,4,4,1280,720,25.89234314214039,0,0,diana,1,1,0.7817371163170036,115.91807566780867,304.2835549755941,204.16370713816323,504.3353171992391,17653.694084182778,diana,0.8605593773118285,chen,0.7492869672239545,0.11127241008787403,diana,diana,diana,1,1,1,0,0,11.284977815186204,5.753528119631212,7.961858095795072,25.000364030612488
Bright_Far_20260114_210600_T6,1736904003.6,90,Bright,Far,4,4,1280,720,25.89234314214039,0,1,chen,2,1,0.8498558930179506,427.4464386510706,233.65061467290803,514.0036819635939,406.60896788637655,14970.798262031534,chen,0.7869114631199964,bob,0.7139043291037211,0.07300713401627523,chen,chen,chen,1,1,1,0,0,11.284977815186204,5.753528119631212,7.961858095795072,25.000364030612488
Bright_Far_20260114_210600_T6,1736904003.6,90,Bright,Far,4,4,1280,720,25.89234314214039,0,2,alice,3,1,0.7935411622707438,754.3698330099553,189.50118871590902,856.7092856281397,367.2439299790183,18190.09484772218,alice,0.8995908650476925,bob,0.8207920448373062,0.07879882021038631,alice,alice,alice,1,1,1,0,0,11.284977815186204,5.753528119631212,7.961858095795072,25.000364030612488
Bright_Far_20260114_210600_T6,1736904003.6,90,Bright,Far,4,4,1280,720,25.89234314214039,0,3,bob,-1,0,-1.0,-1.0,-1.0,-1.0,-1.0,0.0,unknown,-1.0,unknown,-1.0,-1.0,unknown,unknown,unknown,0,0,0,0,1,11.284977815186204,5.753528119631212,7.961858095795072,25.000364030612488
Bright_Far_20260114_210600_T6,1736904003.64,91,Bright,Far,4,4,1280,720,24.631733924128905,0,0,diana,1,1,0.8475659019854823,116.98020365811036,268.17987025722874,236.10145559715963,459.78607206207624,22824.370638279557,diana,0.8014637404142357,bob,0.7094689217697066,0.09199481864452919,diana,diana,diana,2,1,1,0,0,11.854048151882427,8.44217848964773,11.351249874730925,31.647476516261083
Bright_Far_20260114_210600_T6,1736904003.64,91,Bright,Far,4,4,1280,720,24.631733924128905,0,1,chen,2,1,0.7431678826139697,448.49990095056586,254.62445574866194,570.7627067578635,462.84611405578664,25457.76417447747,chen,0.7690732699608585,bob,0.6465112663788055,0.12256200358205294,chen,chen,chen,2,1,1,0,0,11.854048151882427,8.44217848964773,11.351249874730925,31.647476516261083
Bright_Far_20260114_210600_T6,1736904003.64,91,Bright,Far,4,4,1280,720,24.631733924128905,0,2,alice,3,1,0.7321581173057117,746.2259514774223,257.88550051288536,872.1675401456118,424.4178571252224,20973.3495564152,alice,0.8402575922894551,chen,0.7158817225620691,0.12437586972738601,alice,alice,alice,2,1,1,0,0,11.854048151882427,8.44217848964773,11.351249874730925,31.647476516261083
Bright_Far_20260114_210600_T6,1736904003.64,91,Bright,Far,4,4,1280,720,24.631733924128905,0,3,bob,4,1,0.7632961236703883,1078.3841523817512,300.587814094033,1175.2641063819258,472.3951788961614,16644.68959892142,bob,0.8840165013384336,chen,0.7377291938052397,0.14628730753319386,bob,bob,bob,3,1,1,0,0,11.854048151882427,8.44217848964773,11.351249874730925,31.647476516261083
Bright_Far_20260114_210600_T6,1736904003.68,92,Bright,Far,4,4,1280,720,25.530044994139374,0,0,diana,1,1,0.7232405667285587,103.98371678539225,207.64097382218395,205.24488850276214,420.7948982468695,21584.216143399364,diana,0.8813705378866942,alice,0.8142718654080306,0.06709867247866352,diana,diana,diana,2,1,1,0,0,11.683082117960652,6.802348081777057,4.316845373006982,22.80227557274469
Bright_Far_20260114_210600_T6,1736904003.68,92,Bright,Far,4,4,1280,720,25.530044994139374,0,1,chen,2,1,0.7419837748128356,424.52925333645106,174.4914978279685,528.3463074900434,309.15475712325565,13980.342882758072,chen,0.8579417750976441,diana,0.7587036388388424,0.09923813625880173,chen,chen,chen,3,1,1,0,0,11.683082117960652,6.802348081777057,4.316845373006982,22.80227557274469
Bright_Far_20260114_210600_T6,1736904003.68,92,Bright,Far,4,4,1280,720,25.530044994139374,0,2,alice,3,1,0.7343776209963188,753.6243960175441,271.50963817523825,840.1537731141646,431.57605737644246,13850.44754756673,alice,0.8266075332214802,chen,0.6791355095005456,0.1474720237209346,alice,alice,alice,2,1,1,0,0,11.683082117960652,6.802348081777057,4.316845373006982,22.80227557274469
Bright_Far_20260114_210600_T6,1736904003.68,92,Bright,Far,4,4,1280,720,25.530044994139374,0,3,bob,4,1,0.7310247903109371,1088.050641877292,126.55948563130352,1195.434264822779,329.5980966940252,21803.021653734664,bob,0.9496936651076555,chen,0.8040365602161375,0.14565710489151806,bob,bob,bob,2,1,1,0,0,11.683082117960652,6.802348081777057,4.316845373006982,22.80227557274469
Bright_Far_20260114_210600_T6,1736904003.72,93,Bright,Far,4,4,1280,720,27.402724891091246,0,0,diana,1,1,0.8468608133417342,97.10805822803756,269.773801208509,177.24330133603053,403.6875877338799,10731.213838722473,alice,0.7274689242674977,diana,0.688839720788078,0.03862920347941967,unknown,unknown,unknown,0,0,0,0,0,13.108681546158646,12.216438346944289,6.216327547441606,31.54144744054454
Bright_Far_20260114_210600_T6,1736904003.72,93,Bright,Far,4,4,1280,720,27.402724891091246,0,1,chen,2,1,0.7785924975883888,428.3210642245556,236.98607178086976,539.3969789131284,435.9086443729735,22095.506702871942,chen,0.8864287552490998,diana,0.825002363846686,0.061426391402413794,chen,chen,chen,3,1,1,0,0,13.108681546158646,12.216438346944289,6.216327547441606,31.54144744054454
Bright_Far_20260114_210600_T6,1736904003.72,93,Bright,Far,4,4,1280,720,27.402724891091246,0,2,alice,3,1,0.6873656084573903,724.5146075626675,225.85169877127066,815.5226109979786,387.96317078246966,14753.441401698545,alice,0.908509249366695,bob,0.7435985235449798,0.16491072582171518,alice,alice,alice,3,1,1,0,0,13.108681546158646,12.216438346944289,6.216327547441606,31.54144744054454
Bright_Far_20260114_210600_T6,1736904003.72,93,Bright,Far,4,4,1280,720,27.402724891091246,0,3,bob,4,1,0.7785086257646794,1067.793797266656,244.66327777755234,1163.0617254868312,435.6838998326904,18198.138910522113,bob,0.7940442827327125,chen,0.7205033496212342,0.07354093311147836,bob,bob,bob,2,1,1,0,0,13.108681546158646,12.216438346944289,6.216327547441606,31.54144744054454
Bright_Far_20260114_210600_T6,1736904003.76,94,Bright,Far,4,4,1280,720,23.577201010056214,1,0,diana,1,1,0.7184896685037893,132.77886345830774,198.37414981978574,215.9346221518536,347.86758549321905,12431.240063129142,diana,0.9479913531037953,chen,0.8336848125152855,0.11430654058850986,diana,diana,diana,3,1,1,0,0,27.3289127819961,12.131126154447369,17.626438160883552,57.08647709732702
Bright_Far_20260114_210600_T6,1736904003.76,94,Bright,Far,4,4,1280,720,23.577201010056214,1,1,chen,2,1,0.7439557463421934,416.3687270780919,307.96270311383677,536.1830058774273,488.43703596160896,21623.402031947022,chen,0.8452446443620847,alice,0.7145585257377238,0.13068611862436086,chen,chen,chen,1,1,1,0,0,27.3289127819961,12.131126154447369,17.626438160883552,57.08647709732702
Bright_Far_20260114_210600_T6,1736904003.76,94,Bright,Far,4,4,1280,720,23.577201010056214,1,2,alice,3,1,0.7663728073813283,763.2123695155866,202.4490240623034,862.3225630446412,413.63875596186443,20931.05519991466,alice,0.8228945524365257,chen,0.743440031929907,0.07945452050661861,alice,alice,alice,2,1,1,0,0,27.3289127819961,12.131126154447369,17.626438160883552,57.08647709732702
Bright_Far_20260114_210600_T6,1736904003.76,94,Bright,Far,4,4,1280,720,23.577201010056214,1,3,bob,4,1,0.7808834711692482,1045.7619501144495,225.12343246603916,1150.0363453138752,426.6107612340687,21009.969347634134,bob,0.836787714975731,diana,0.6813387692319894,0.15544894574374157,bob,bob,bob,2,1,1,0,0,27.3289127819961,12.131126154447369,17.626438160883552,57.08647709732702
Bright_Far_20260114_210600_T6,1736904003.8,95,Bright,Far,4,4,1280,720,24.632306796996822,0,0,diana,1,1,0.7003418994839559,99.27782421204246,332.9031806171925,204.7990747752835,473.61455836093677,14848.040547996496,diana,0.900223662430759,bob,0.8236088053461476,0.07661485708461147,diana,diana,diana,2,1,1,0,0,11.83746946050629,6.348833033320961,6.7198202949595025,24.906122788786753
Bright_Far_20260114_210600_T6,1736904003.8,95,Bright,Far,4,4,1280,720,24.632306796996822,0,1,chen,2,1,0.7842740870847543,423.9828556541672,274.76931616854694,530.5699790850936,451.70462931735534,18859.026061881646,chen,0.9633347382208498,bob,0.8972010765450228,0.06613366167582702,chen,chen,chen,2,1,1,0,0,11.83746946050629,6.348833033320961,6.7198202949595025,24.906122788786753
Bright_Far_20260114_210600_T6,1736904003.8,95,Bright,Far,4,4,1280,720,24.632306796996822,0,2,alice,3,1,0.733152360555951,750.5448678633352,228.0356666349354,866.8997784897083,440.55736503664946,24727.94322369646,alice,0.867823308362861,diana,0.7655687745793597,0.10225453378350136,alice,alice,alice,2,1,1,0,0,11.83746946050629,6.348833033320961,6.7198202949595025,24.906122788786753
Bright_Far_20260114_210600_T6,1736904003.8,95,Bright,Far,4,4,1280,720,24.632306796996822,0,3,bob,4,1,0.8246891170597414,1075.737570213235,205.16097890217782,1195.8730305248728,348.5387394528176,17224.753262202903,bob,0.8582787113778092,diana,0.7104327557567254,0.14784595562108382,bob,bob,bob,2,1,1,0,0,11.83746946050629,6.348833033320961,6.7198202949595025,24.906122788786753
Bright_Far_20260114_210600_T6,1736904003.84,96,Bright,Far,4,4,1280,720,28.198421029621603,1,0,diana,1,1,0.7118341500607932,92.43080955627488,221.5275989002584,214.91218302793328,415.7173375992274,23784.625909952178,diana,0.8482356467011317,alice,0.6838937345703884,0.16434191213074334,diana,diana,diana,1,1,1,0,0,8.951986995622644,6.387461699171135,7.327709866374301,22.66715856116808
Bright_Far_20260114_210600_T6,1736904003.84,96,Bright,Far,4,4,1280,720,28.198421029621603,1,1,chen,2,1,0.7823512885128324,423.02273405147497,183.16097506324692,541.596227134105,395.0926056642453,25129.47373505798,chen,0.8839121646332879,bob,0.7859076768269393,0.09800448780634863,chen,chen,chen,2,1,1,0,0,8.951986995622644,6.387461699171135,7.327709866374301,22.66715856116808
Bright_Far_20260114_210600_T6,1736904003.84,96,Bright,Far,4,4,1280,720,28.198421029621603,1,2,alice,3,1,0.8110894240165428,776.8067052378543,179.73083890857157,888.0291204828408,351.295240521415,19081.807117441294,alice,0.7570438523219203,diana,0.6372771919340089,0.1197666603879114,alice,alice,alice,1,1,1,0,0,8.951986995622644,6.387461699171135,7.327709866374301,22.66715856116808
Bright_Far_20260114_210600_T6,1736904003.84,96,Bright,Far,4,4,1280,720,28.198421029621603,1,3,bob,4,1,0.7142965131811416,1056.7025282875818,172.2334243260304,1159.2853411755093,364.05481887132265,19677.578224541034,bob,0.9740750490849517,chen,0.8425842951602411,0.13149075392471055,bob,bob,bob,2,1,1,0,0,8.951986995622644,6.387461699171135,7.327709866374301,22.66715856116808
Bright_Far_20260114_210600_T6,1736904003.88,97,Bright,Far,4,4,1280,720,26.489801976419624,4,0,diana,1,1,0.6948842051465851,124.04578437717709,182.91692238339095,209.00327476629315,391.3704325887366,17709.68708984816,diana,0.883518561099401,bob,0.7484852182494038,0.13503334284999713,diana,diana,diana,2,1,1,0,0,16.996773622322173,11.958018980238144,7.1692862749551765,36.124078877515494
Bright_Far_20260114_210600_T6,1736904003.88,97,Bright,Far,4,4,1280,720,26.489801976419624,4,1,chen,2,1,0.790317777369905,452.5337589108253,236.06430023345422,570.8869001190075,406.68975400817124,20194.058424309238,chen,0.8135194429604345,alice,0.6552276967805976,0.158291746179837,chen,chen,chen,3,1,1,0,0,16.996773622322173,11.958018980238144,7.1692862749551765,36.124078877515494
Bright_Far_20260114_210600_T6,1736904003.88,97,Bright,Far,4,4,1280,720,26.489801976419624,4,2,alice,3,1,0.8160085659871407,751.1078957489267,227.89891552664878,860.8144816896238,365.05053956002985,15046.436428924297,alice,0.7472433178379325,bob,0.6804669469484752,0.06677637088945731,unknown,unknown,unknown,0,0,0,0,0,16.996773622322173,11.958018980238144,7.1692862749551765,36.124078877515494
Bright_Far_20260114_210600_T6,1736904003.88,97,Bright,Far,4,4,1280,720,26.489801976419624,4,3,bob,4,1,0.6906523626637407,1062.7304413762529,222.70438639648722,1173.4920799885792,383.12021146519527,17767.9196439584,bob,0.8556732873150642,alice,0.7233998912543671,0.1322733960606971,bob,bob,bob,1,1,1,0,0,16.996773622322173,11.958018980238144,7.1692862749551765,36.124078877515494
Bright_Far_20260114_210600_T6,1736904003.92,98,Bright,Far,4,4,1280,720,28.458212907601695,2,0,diana,1,1,0.8552262523492101,103.71699510674232,211.182756567725,217.87736135718404,362.50682980833705,17275.211623656938,diana,0.8153999156843499,alice,0.7494574651543812,0.06594245052996872,diana,diana,diana,2,1,1,0,0,10.11271333018965,9.535860080412487,8.934383885700086,28.582957296302222
Bright_Far_20260114_210600_T6,1736904003.92,98,Bright,Far,4,4,1280,720,28.458212907601695,2,1,chen,-1,0,-1.0,-1.0,-1.0,-1.0,-1.0,0.0,unknown,-1.0,unknown,-1.0,-1.0,unknown,unknown,unknown,0,0,0,0,1,10.11271333018965,9.535860080412487,8.934383885700086,28.582957296302222
Bright_Far_20260114_210600_T6,1736904003.92,98,Bright,Far,4,4,1280,720,28.458212907601695,2,2,alice,3,1,0.6297672832212668,730.0552519866749,216.7198015436714,842.6039168483826,423.91845647886106,23319.931974097282,alice,0.8990836704490079,bob,0.8140991065612478,0.0849845638877601,alice,alice,alice,2,1,1,0,0,10.11271333018965,9.535860080412487,8.934383885700086,28.582957296302222
Bright_Far_20260114_210600_T6,1736904003.92,98,Bright,Far,4,4,1280,720,28.458212907601695,2,3,bob,4,1,0.7843782036625782,1069.0030624570297,214.20511503322217,1170.3431954371956,412.19772996674175,20064.597926453655,bob,0.7960718510090131,diana,0.6179219058843554,0.17814994512465776,bob,bob,bob,2,1,1,0,0,10.11271333018965,9.535860080412487,8.934383885700086,28.582957296302222
Bright_Far_20260114_210600_T6,1736904003.96,99,Bright,Far,4,4,1280,720,24.165949423010474,2,0,diana,1,1,0.7786698695039749,86.3803233469311,304.20833195957704,214.20028492610396,450.5632728201729,18707.08291772348,diana,0.775990519595138,bob,0.6572814726264602,0.11870904696867779,diana,diana,diana,2,1,1,0,0,26.890891444194885,13.044120567130422,14.970213886853015,54.90522589817832
Bright_Far_20260114_210600_T6,1736904003.96,99,Bright,Far,4,4,1280,720,24.165949423010474,2,1,chen,2,1,0.7014310095458763,437.76670204118267,250.18613205103705,548.8258516336704,392.05765905660223,15756.131140625723,chen,0.8558553089546727,diana,0.7192377704935122,0.13661753846116043,chen,chen,chen,3,1,1,0,0,26.890891444194885,13.044120567130422,14.970213886853015,54.90522589817832
Bright_Far_20260114_210600_T6,1736904003.96,99,Bright,Far,4,4,1280,720,24.165949423010474,2,2,alice,3,1,0.8357898306571431,760.1830234680998,180.43918469598339,875.7436810460446,338.25586354300617,18237.39918432928,alice,0.9046792750740165,chen,0.832281285745487,0.07239798932852948,alice,alice,alice,1,1,1,0,0,26.890891444194885,13.044120567130422,14.970213886853015,54.90522589817832
Bright_Far_20260114_210600_T6,1736904003.96,99,Bright,Far,4,4,1280,720,24.165949423010474,2,3,bob,4,1,0.8959256842133669,1065.500569182315,304.20393301211027,1172.3892056479524,451.15912853156635,15707.840470615796,bob,0.8264277390998819,diana,0.7442032784837874,0.08222446061609445,bob,bob,bob,2,1,1,0,0,26.890891444194885,13.044120567130422,14.970213886853015,54.90522589817832
Bright_Far_20260114_210600_T6,1736904004.0,100,Bright,Far,4,4,1280,720,26.45693088305403,2,0,diana,1,1,0.820319394026163,108.32260365795051,255.96345418001877,208.63639461790015,461.4151944933823,20609.642930152604,diana,0.8891688457137528,alice,0.7793629796170594,0.1098058660966934,diana,diana,diana,3,1,1,0,0,12.790972504446977,5.720802497887865,4.837216462010746,23.348991464345588
Bright_Far_20260114_210600_T6,1736904004.0,100,Bright,Far,4,4,1280,720,26.45693088305403,2,1,chen,2,1,0.851308690713832,433.7598254426216,244.7795020812484,527.4503785203872,385.2868381695156,13164.210029593241,chen,0.8443372857491016,bob,0.7094867507052707,0.13485053504383093,chen,chen,chen,3,1,1,0,0,12.790972504446977,5.720802497887865,4.837216462010746,23.348991464345588
Bright_Far_20260114_210600_T6,1736904004.0,100,Bright,Far,4,4,1280,720,26.45693088305403,2,2,alice,3,1,0.7888816281973637,807.6360661054274,284.7964876332915,889.1753598544852,416.8104711665057,10764.326982298035,alice,0.922386687990713,bob,0.793200579591716,0.12918610839899702,alice,alice,alice,1,1,1,0,0,12.790972504446977,5.720802497887865,4.837216462010746,23.348991464345588
Bright_Far_20260114_210600_T6,1736904004.0,100,Bright,Far,4,4,1280,720,26.45693088305403,2,3,bob,4,1,0.7829708471406208,1077.574459377725,217.26798463612198,1160.084479151596,403.77112781623345,15388.378031680117,bob,0.8390566540298519,chen,0.7658534771560077,0.07320317687384414,bob,bob,bob,1,1,1,0,0,12.790972504446977,5.720802497887865,4.837216462010746,23.348991464345588
Bright_Far_20260114_210600_T6,1736904004.04,101,Bright,Far,4,4,1280,720,25.604521582775188,0,0,diana,1,1,0.8303506571194939,134.4568166024067,229.3230102436329,223.92467567833555,375.4788861041976,13076.253304611957,diana,0.8913157696504524,chen,0.769533456157074,0.12178231349337842,diana,diana,diana,1,1,1,0,0,17.184590716942605,14.101795325931898,10.61296715817529,41.89935320104979
Bright_Far_20260114_210600_T6,1736904004.04,101,Bright,Far,4,4,1280,720,25.604521582775188,0,1,chen,2,1,0.743252037974591,433.52951501650455,216.9337596572418,544.01691123781,430.9441999546053,23645.456312630828,chen,0.8193596858625753,alice,0.7314366055813848,0.08792308028119056,chen,chen,chen,2,1,1,0,0,17.184590716942605,14.101795325931898,10.61296715817529,41.89935320104979
Bright_Far_20260114_210600_T6,1736904004.04,101,Bright,Far,4,4,1280,720,25.604521582775188,0,2,alice,3,1,0.7347598793237924,767.5098569443637,217.9555823877052,875.3429153834218,364.73742253615006,15827.934746519733,alice,0.8934211832604827,diana,0.8056583054576357,0.08776287780284697,alice,alice,alice,2,1,1,0,0,17.184590716942605,14.101795325931898,10.61296715817529,41.89935320104979
Bright_Far_20260114_210600_T6,1736904004.04,101,Bright,Far,4,4,1280,720,25.604521582775188,0,3,bob,4,1,0.7037622053199218,1093.7157586974597,261.15089198313,1180.9925774259402,406.85166599793115,12716.300042289104,bob,0.8721437249304405,chen,0.7872948514093108,0.08484887352112969,bob,bob,bob,2,1,1,0,0,17.184590716942605,14.101795325931898,10.61296715817529,41.89935320104979
Bright_Far_20260114_210600_T6,1736904004.08,102,Bright,Far,4,4,1280,720,23.790631784217524,2,0,diana,1,1,0.8179782452376112,121.91471331503787,290.8621444083243,246.43990351605942,447.77661268414647,19539.804007338917,diana,0.901142438939745,alice,0.8032937680216196,0.09784867091812544,diana,diana,diana,1,1,1,0,0,14.528947273987141,15.994222156051373,10.94814590569946,41.47131533573798
Bright_Far_20260114_210600_T6,1736904004.08,102,Bright,Far,4,4,1280,720,23.790631784217524,2,1,chen,2,1,0.7195596745482784,446.342768912352,202.8291915837143,567.33283896115,348.6522265175694,17643.13921137543,alice,0.8144485694203096,chen,0.7242166067985966,0.09023196262171307,alice,alice,alice,1,0,0,1,0,14.528947273987141,15.994222156051373,10.94814590569946,41.47131533573798
Bright_Far_20260114_210600_T6,1736904004.08,102,Bright,Far,4,4,1280,720,23.790631784217524,2,2,alice,-1,0,-1.0,-1.0,-1.0,-1.0,-1.0,0.0,unknown,-1.0,unknown,-1.0,-1.0,unknown,unknown,unknown,0,0,0,0,1,14.528947273987141,15.994222156051373,10.94814590569946,41.47131533573798
Bright_Far_20260114_210600_T6,1736904004.08,102,Bright,Far,4,4,1280,720,23.790631784217524,2,3,bob,4,1,0.807928879583385,1068.920995704756,178.39299664167368,1172.171906194314,367.2360011943982,19498.212159652558,bob,0.8074002386254435,chen,0.6678843079858262,0.1395159306396173,bob,bob,bob,2,1,1,0,0,14.528947273987141,15.994222156051373,10.94814590569946,41.47131533573798
Bright_Far_20260114_210600_T6,1736904004.12,103,Bright,Far,4,4,1280,720,24.414847208985496,0,0,diana,1,1,0.854549643454019,135.11596746787995,253.89290422992593,226.99876427323966,418.98994437095877,15169.577792444834,diana,0.8393439393540281,bob,0.7650696855193625,0.07427425383466557,diana,diana,diana,2,1,1,0,0,11.350074122157377,11.717974571451377,6.521731906359312,29.589780599968066
Bright_Far_20260114_210600_T6,1736904004.12,103,Bright,Far,4,4,1280,720,24.414847208985496,0,1,chen,2,1,0.671227498556646,414.615716409935,214.8917221053515,539.1389934496829,393.92623144671825,22293.96380639034,chen,0.8786913981148904,diana,0.7303988587792941,0.14829253933559627,chen,chen,chen,2,1,1,0,0,11.350074122157377,11.717974571451377,6.521731906359312,29.589780599968066
Bright_Far_20260114_210600_T6,1736904004.12,103,Bright,Far,4,4,1280,720,24.414847208985496,0,2,alice,3,1,0.8460938434485588,757.5625094218232,280.9495007874944,855.0093395471091,439.34090431950375,15434.74019328933,alice,0.8769896783909873,bob,0.6995217347717474,0.1774679436192399,alice,alice,alice,2,1,1,0,0,11.350074122157377,11.717974571451377,6.521731906359312,29.589780599968066
Bright_Far_20260114_210600_T6,1736904004.12,103,Bright,Far,4,4,1280,720,24.414847208985496,0,3,bob,4,1,0.639206186422649,1090.1989853930975,179.6196320624725,1194.4812722394984,331.82309511295944,15872.125192846457,bob,0.8234063265732856,alice,0.6545323396433519,0.16887398692993372,bob,bob,bob,3,1,1,0,0,11.350074122157377,11.717974571451377,6.521731906359312,29.589780599968066
Bright_Far_20260114_210600_T6,1736904004.16,104,Bright,Far,4,4,1280,720,25.541533636605337,0,0,diana,1,1,0.8312860519974512,112.24647359274859,211.2759148539871,226.3944840718085,350.9480546248107,15943.296874192694,diana,0.7493603213303978,alice,0.6587125899914781,0.09064773133891968,diana,diana,diana,1,1,1,0,0,8.12249774134408,3.5637062022994663,4.716514222940935,16.40271816658448
Bright_Far_20260114_210600_T6,1736904004.16,104,Bright,Far,4,4,1280,720,25.541533636605337,0,1,chen,2,1,0.6481097497985465,446.2602987143748,257.54966083082496,543.0885537605111,434.99902889313324,17182.1126685129,chen,0.8372881308487804,diana,0.6824193478190935,0.15486878302968687,chen,chen,chen,3,1,1,0,0,8.12249774134408,3.5637062022994663,4.716514222940935,16.40271816658448
Bright_Far_20260114_210600_T6,1736904004.16,104,Bright,Far,4,4,1280,720,25.541533636605337,0,2,alice,3,1,0.7696784144011243,751.6969218925209,232.90642802039707,832.6154821470556,379.2412162022634,11841.200374828917,alice,0.802170930217087,bob,0.6992383929335535,0.10293253728353347,alice,alice,alice,2,1,1,0,0,8.12249774134408,3.5637062022994663,4.716514222940935,16.40271816658448
Bright_Far_20260114_210600_T6,1736904004.16,104,Bright,Far,4,4,1280,720,25.541533636605337,0,3,bob,4,1,0.699861591657312,1051.2697834628316,176.43672088015842,1177.8115164731062,326.2095118037058,18952.508521251213,bob,0.8719868939455694,chen,0.7154596258823862,0.15652726806318318,bob,bob,bob,2,1,1,0,0,8.12249774134408,3.5637062022994663,4.716514222940935,16.40271816658448
Bright_Far_20260114_210600_T6,1736904004.2,105,Bright,Far,4,4,1280,720,23.755923645003595,1,0,diana,1,1,0.8815547379866606,97.95967594782054,250.160362274463,205.24433096980067,410.2731314701228,17177.643207770285,diana,0.9076870622160245,bob,0.7512657690708091,0.15642129314521536,diana,diana,diana,2,1,1,0,0,13.150324183419706,11.351499753238313,5.979953168871321,30.48177710552934
Bright_Far_20260114_210600_T6,1736904004.2,105,Bright,Far,4,4,1280,720,23.755923645003595,1,1,chen,-1,0,-1.0,-1.0,-1.0,-1.0,-1.0,0.0,unknown,-1.0,unknown,-1.0,-1.0,unknown,unknown,unknown,0,0,0,0,1,13.150324183419706,11.351499753238313,5.979953168871321,30.48177710552934
Bright_Far_20260114_210600_T6,1736904004.2,105,Bright,Far,4,4,1280,720,23.755923645003595,1,2,alice,3,1,0.9238246477499324,774.051609942512,279.96035839261265,895.3107685192226,417.4833884780884,16675.926913084455,alice,0.8915104765814819,diana,0.770271360784462,0.12123911579701985,alice,alice,alice,1,1,1,0,0,13.150324183419706,11.351499753238313,5.979953168871321,30.48177710552934
Bright_Far_20260114_210600_T6,1736904004.2,105,Bright,Far,4,4,1280,720,23.755923645003595,1,3,bob,4,1,0.7561685652602368,1058.3361959523559,273.4709776497398,1185.0464978874961,452.3321565886031,22663.55398781852,bob,0.64017119126236,chen,0.5705116712842524,0.0696595199781076,unknown,unknown,unknown,0,0,0,0,0,13.150324183419706,11.351499753238313,5.979953168871321,30.48177710552934
Bright_Far_20260114_210600_T6,1736904004.24,106,Bright,Far,4,4,1280,720,23.14707038069943,3,0,diana,1,1,0.862745263731405,62.63023506974872,240.37559049524782,183.13898913018372,436.2839725762499,23608.67503457721,diana,0.735355879082209,chen,0.722146868143455,0.01320901093875404,unknown,unknown,unknown,0,0,0,0,0,30.170054960414507,19.440400166087958,14.393328718975834,64.0037838454783
Bright_Far_20260114_210600_T6,1736904004.24,106,Bright,Far,4,4,1280,720,23.14707038069943,3,1,chen,2,1,0.7684146298607377,426.58170415654604,167.30809014069752,537.3230828287649,350.93736366917864,20335.35891512198,chen,0.7650477565650906,diana,0.7465677562397469,0.018480000325343693,unknown,unknown,unknown,0,0,0,0,0,30.170054960414507,19.440400166087958,14.393328718975834,64.0037838454783
Bright_Far_20260114_210600_T6,1736904004.24,106,Bright,Far,4,4,1280,720,23.14707038069943,3,2,alice,3,1,0.8796281714294909,748.5405339554015,240.40359531300638,849.5156837321933,398.45560322941844,15959.32517188239,alice,0.8359694167297137,chen,0.6621563304521609,0.17381308627755276,alice,alice,alice,1,1,1,0,0,30.170054960414507,19.440400166087958,14.393328718975834,64.0037838454783
Bright_Far_20260114_210600_T6,1736904004.24,106,Bright,Far,4,4,1280,720,23.14707038069943,3,3,bob,4,1,0.72099789936505,1031.2934182727477,267.20401265113946,1136.0328714445236,449.2493349710587,19067.327512268042,bob,0.5639734458349697,diana,0.5350971803349319,0.028876265500037746,unknown,unknown,unknown,0,0,0,0,0,30.170054960414507,19.440400166087958,14.393328718975834,64.0037838454783
Bright_Far_20260114_210600_T6,1736904004.28,107,Bright,Far,4,4,1280,720,24.414508847080285,2,0,diana,1,1,0.901563359989486,109.32003877055878,175.04938351364206,221.73927645287523,376.8287275695907,22683.880038807594,diana,0.8480580648750748,alice,0.7369141440038152,0.11114392087125968,diana,diana,diana,3,1,1,0,0,25.012526522078673,17.661837342995035,3.7362158121522384,46.41057967722595
Bright_Far_20260114_210600_T6,1736904004.28,107,Bright,Far,4,4,1280,720,24.414508847080285,2,1,chen,2,1,0.7379877464174889,443.266623283739,172.5885962255296,525.2263766338632,354.1113289870451,14877.558404574314,chen,0.7658792244037023,bob,0.6715367060379331,0.09434251836576912,chen,chen,chen,1,1,1,0,0,25.012526522078673,17.661837342995035,3.7362158121522384,46.41057967722595
Bright_Far_20260114_210600_T6,1736904004.28,107,Bright,Far,4,4,1280,720,24.414508847080285,2,2,alice,3,1,0.754638876229107,754.4933625244146,248.4226039367544,836.8733553239188,390.1288310171999,11673.757966532005,alice,0.8849105460752618,chen,0.7677323678507915,0.1171781782244703,alice,alice,alice,2,1,1,0,0,25.012526522078673,17.661837342995035,3.7362158121522384,46.41057967722595
Bright_Far_20260114_210600_T6,1736904004.28,107,Bright,Far,4,4,1280,720,24.414508847080285,2,3,bob,-1,0,-1.0,-1.0,-1.0,-1.0,-1.0,0.0,unknown,-1.0,unknown,-1.0,-1.0,unknown,unknown,unknown,0,0,0,0,1,25.012526522078673,17.661837342995035,3.7362158121522384,46.41057967722595
Bright_Far_20260114_210600_T6,1736904004.32,108,Bright,Far,4,4,1280,720,23.147924546819457,1,0,diana,1,1,0.6500368477741068,89.14288807265686,230.90602985974732,208.24760852803124,377.3429730394069,17441.331181752896,diana,0.8169541816949715,chen,0.7364836406965845,0.08047054099838702,diana,diana,diana,3,1,1,0,0,14.799581221629499,9.79209551305786,5.590454877287476,30.182131611974835
Bright_Far_20260114_210600_T6,1736904004.32,108,Bright,Far,4,4,1280,720,23.147924546819457,1,1,chen,2,1,0.6572355774357981,445.76879700703483,288.75611760537834,530.6948130974199,430.006281424368,11995.813685261046,chen,0.8045427433397239,diana,0.7417409000830819,0.06280184325664195,chen,chen,chen,1,1,1,0,0,14.799581221629499,9.79209551305786,5.590454877287476,30.182131611974835
Bright_Far_20260114_210600_T6,1736904004.32,108,Bright,Far,4,4,1280,720,23.147924546819457,1,2,alice,3,1,0.8388376488250479,726.52442950129,268.1910139984035,813.2974633371854,421.71601349512366,13321.82997598472,alice,0.8666823559330358,bob,0.695781848972041,0.1709005069609948,alice,alice,alice,1,1,1,0,0,14.799581221629499,9.79209551305786,5.590454877287476,30.182131611974835
Bright_Far_20260114_210600_T6,1736904004.32,108,Bright,Far,4,4,1280,720,23.147924546819457,1,3,bob,4,1,0.8392537488931113,1069.2459351333687,432.44702518782856,1180.2654428372666,563.8996368628109,14593.804234548206,bob,0.9809501147796585,alice,0.8228001737904389,0.15814994098921964,bob,bob,bob,2,1,1,0,0,14.799581221629499,9.79209551305786,5.590454877287476,30.182131611974835
Bright_Far_20260114_210600_T6,1736904004.36,109,Bright,Far,4,4,1280,720,25.819448081728645,0,0,diana,1,1,0.870286540795489,112.84083475440858,225.68299454998268,203.82742179542046,368.753237741975,13017.473135166947,diana,0.8893322636022943,bob,0.7600680715309504,0.129264192071344,diana,diana,diana,2,1,1,0,0,10.443331346038951,7.837725411534773,4.893283357611109,23.174340115184833
Bright_Far_20260114_210600_T6,1736904004.36,109,Bright,Far,4,4,1280,720,25.819448081728645,0,1,chen,2,1,0.7239822595805251,415.01867047868006,242.52173047595687,541.0863796052279,416.96634825841676,21991.833333290964,chen,0.8726748835495802,alice,0.7748322822302505,0.09784260131932976,chen,chen,chen,3,1,1,0,0,10.443331346038951,7.837725411534773,4.893283357611109,23.174340115184833
Bright_Far_20260114_210600_T6,1736904004.36,109,Bright,Far,4,4,1280,720,25.819448081728645,0,2,alice,3,1,0.773401876839593,773.8342369715242,238.9961351449761,898.3033740265885,420.3220392215108,22569.478806135634,alice,0.9081792466317533,bob,0.8209313074450295,0.0872479391867238,alice,alice,alice,2,1,1,0,0,10.443331346038951,7.837725411534773,4.893283357611109,23.174340115184833
Bright_Far_20260114_210600_T6,1736904004.36,109,Bright,Far,4,4,1280,720,25.819448081728645,0,3,bob,4,1,0.6590039701525514,1063.4031615494434,213.60489548251894,1190.7195557622579,373.4829932996388,20355.102927679338,bob,0.9151551682277717,chen,0.8284388250913328,0.08671634313643883,bob,bob,bob,2,1,1,0,0,10.443331346038951,7.837725411534773,4.893283357611109,23.174340115184833
Bright_Far_20260114_210600_T6,1736904004.4,110,Bright,Far,4,4,1280,720,26.81504761568301,0,0,diana,1,1,0.8147304458545251,70.0331566374787,222.19565629253304,166.16813882817382,356.1675599820966,12879.386575249713,diana,0.8800785982372419,alice,0.7925823929890086,0.08749620524823332,diana,diana,diana,2,1,1,0,0,26.448132572785504,12.000754512068488,9.994094164786235,48.442981249640226
Bright_Far_20260114_210600_T6,1736904004.4,110,Bright,Far,4,4,1280,720,26.81504761568301,0,1,chen,2,1,0.6567653271501603,420.81822162222585,239.83716258557578,544.2409897828968,424.3660606840016,22775.067408946084,chen,0.8741996698816347,diana,0.7963043536656669,0.07789531621596779,chen,chen,chen,2,1,1,0,0,26.448132572785504,12.000754512068488,9.994094164786235,48.442981249640226
Bright_Far_20260114_210600_T6,1736904004.4,110,Bright,Far,4,4,1280,720,26.81504761568301,0,2,alice,3,1,0.7429042457480637,753.9807454291025,222.92353787721794,845.1199047317817,358.50857037985685,12357.105876316948,alice,0.8146058793916975,chen,0.6996548814925747,0.11495099789912278,alice,alice,alice,2,1,1,0,0,26.448132572785504,12.000754512068488,9.994094164786235,48.442981249640226
Bright_Far_20260114_210600_T6,1736904004.4,110,Bright,Far,4,4,1280,720,26.81504761568301,0,3,bob,4,1,0.6451944474001958,1073.7388206549044,255.1624483432078,1168.8573095149145,391.9659094558305,13012.538491851823,bob,0.8032292586409616,alice,0.6515569399423856,0.151672318698576,bob,bob,bob,1,1,1,0,0,26.448132572785504,12.000754512068488,9.994094164786235,48.442981249640226
Bright_Far_20260114_210600_T6,1736904004.44,111,Bright,Far,4,4,1280,720,25.94553077080838,2,0,diana,1,1,0.7563537479717516,99.462811841731,236.8018379010516,220.7546623692419,415.9412108770688,21728.1460505991,diana,0.9240421623144517,bob,0.8210646990714787,0.10297746324297297,diana,diana,diana,2,1,1,0,0,17.83595413874635,9.861179733358233,7.493153349308534,35.190287221413115
Bright_Far_20260114_210600_T6,1736904004.44,111,Bright,Far,4,4,1280,720,25.94553077080838,2,1,chen,2,1,0.8561274364841056,436.0519577743081,252.9156768068029,525.2334339953276,459.127123905566,18390.241265940356,alice,0.5728044277880403,bob,0.5466197298461581,0.026184697941882162,unknown,unknown,unknown,0,0,0,0,0,17.83595413874635,9.861179733358233,7.493153349308534,35.190287221413115
Bright_Far_20260114_210600_T6,1736904004.44,111,Bright,Far,4,4,1280,720,25.94553077080838,2,2,alice,3,1,0.6551069854566641,728.610898687581,239.59446220482755,818.19265696421,405.10690761386184,14826.89587640586,alice,0.7970648861697748,diana,0.6523855188550911,0.14467936731468367,alice,alice,alice,1,1,1,0,0,17.83595413874635,9.861179733358233,7.493153349308534,35.190287221413115
Bright_Far_20260114_210600_T6,1736904004.44,111,Bright,Far,4,4,1280,720,25.94553077080838,2,3,bob,4,1,0.7271955965065243,1065.4229040687637,217.61922683046723,1179.0359760000156,403.77559835430793,21149.79722839896,bob,0.8673307040180186,alice,0.7384567992805484,0.12887390473747018,bob,bob,bob,2,1,1,0,0,17.83595413874635,9.861179733358233,7.493153349308534,35.190287221413115
Bright_Far_20260114_210600_T6,1736904004.48,112,Bright,Far,4,4,1280,720,25.415800457231228,1,0,diana,1,1,0.7468348073626069,139.9546577951079,232.46128715837693,244.4500147250253,375.0039784334429,14895.049402539045,diana,0.6856925156503109,chen,0.5573003466887108,0.1283921689616001,diana,diana,diana,3,1,1,0,0,14.486360392086386,10.462366418790111,9.429387322123876,34.37811413300037
Bright_Far_20260114_210600_T6,1736904004.48,112,Bright,Far,4,4,1280,720,25.415800457231228,1,1,chen,2,1,0.8731917736697826,442.34434821460195,160.7431401730826,525.3097373826972,365.11324657649664,16955.645412084286,chen,0.83688240975255,bob,0.7699999013948637,0.06688250835768628,chen,chen,chen,1,1,1,0,0,14.486360392086386,10.462366418790111,9.429387322123876,34.37811413300037
Bright_Far_20260114_210600_T6,1736904004.48,112,Bright,Far,4,4,1280,720,25.415800457231228,1,2,alice,3,1,0.8293991775505453,746.4791121428561,257.3623007486963,846.6864577721144,429.1730968562926,17216.70382839192,alice,0.8172383208902929,bob,0.684860593827308,0.1323777270629849,alice,alice,alice,3,1,1,0,0,14.486360392086386,10.462366418790111,9.429387322123876,34.37811413300037
Bright_Far_20260114_210600_T6,1736904004.48,112,Bright,Far,4,4,1280,720,25.415800457231228,1,3,bob,4,1,0.8956261993165303,1048.94850111157,195.81134875531868,1164.1619838821314,328.92189195061087,15336.129275010855,bob,0.8870415643708262,chen,0.7999515405527485,0.08709002381807762,bob,bob,bob,2,1,1,0,0,14.486360392086386,10.462366418790111,9.429387322123876,34.37811413300037
Bright_Far_20260114_210600_T6,1736904004.52,113,Bright,Far,4,4,1280,720,26.595300376363042,0,0,diana,1,1,0.8514867101168067,113.71576223650952,191.19206492833274,214.82994492186344,400.2111032153203,21134.789222067444,diana,0.7873298250422104,alice,0.6706135669311726,0.11671625811103781,diana,diana,diana,3,1,1,0,0,14.887268076392967,10.958408078688299,4.243385923600913,30.08906207868218
Bright_Far_20260114_210600_T6,1736904004.52,113,Bright,Far,4,4,1280,720,26.595300376363042,0,1,chen,2,1,0.7685057832171123,446.54289518144776,365.02377219959385,527.8164145838631,506.97258526652547,11536.679612945094,chen,0.8789178198746171,bob,0.7564372410928871,0.12248057878173002,chen,chen,chen,1,1,1,0,0,14.887268076392967,10.958408078688299,4.243385923600913,30.08906207868218
Bright_Far_20260114_210600_T6,1736904004.52,113,Bright,Far,4,4,1280,720,26.595300376363042,0,2,alice,3,1,0.7287164746445987,737.1129308555414,262.70950389677034,825.9094629543222,475.16566768347195,18865.370567269667,alice,0.8649249288101343,diana,0.7422073137353004,0.12271761507483392,alice,alice,alice,2,1,1,0,0,14.887268076392967,10.958408078688299,4.243385923600913,30.08906207868218
Bright_Far_20260114_210600_T6,1736904004.52,113,Bright,Far,4,4,1280,720,26.595300376363042,0,3,bob,4,1,0.9381905051890174,1074.7075537141593,233.72548859273212,1165.069612407097,436.05378431667765,18282.801333449243,bob,0.8704835330387918,chen,0.7913544964581051,0.0791290365806867,bob,bob,bob,1,1,1,0,0,14.887268076392967,10.958408078688299,4.243385923600913,30.08906207868218
Bright_Far_20260114_210600_T6,1736904004.56,114,Bright,Far,4,4,1280,720,23.677568455044344,2,0,diana,1,1,0.7585809686418103,124.45558195179217,303.28305387746616,227.54090119132337,499.9776101679788,20276.321127885436,diana,0.99,chen,0.820330336204795,0.16966966379520498,diana,diana,diana,2,1,1,0,0,8.235737680429676,5.967848487243086,9.152481577943298,23.35606774561606
Bright_Far_20260114_210600_T6,1736904004.56,114,Bright,Far,4,4,1280,720,23.677568455044344,2,1,chen,2,1,0.7297045830681899,423.45281916713486,244.10228526981575,540.7375219173588,385.7118500332715,16608.63570987049,chen,0.99,bob,0.8165099772896168,0.17349002271038316,chen,chen,chen,3,1,1,0,0,8.235737680429676,5.967848487243086,9.152481577943298,23.35606774561606
Bright_Far_20260114_210600_T6,1736904004.56,114,Bright,Far,4,4,1280,720,23.677568455044344,2,2,alice,3,1,0.7086864480898437,765.4952111753453,219.5048552530377,856.3394512701882,411.3545392855841,17428.4387583724,alice,0.9110953952136785,bob,0.7800853977115607,0.13100999750211784,alice,alice,alice,3,1,1,0,0,8.235737680429676,5.967848487243086,9.152481577943298,23.35606774561606
Bright_Far_20260114_210600_T6,1736904004.56,114,Bright,Far,4,4,1280,720,23.677568455044344,2,3,bob,4,1,0.7155122411598205,1091.3051189026728,297.78428289156597,1174.8062617206137,447.3375942308441,12487.87240903705,bob,0.9276656756866856,alice,0.8398890712110387,0.08777660447564684,bob,bob,bob,2,1,1,0,0,8.235737680429676,5.967848487243086,9.152481577943298,23.35606774561606
Bright_Far_20260114_210600_T6,1736904004.6,115,Bright,Far,4,4,1280,720,23.709322712421766,1,0,diana,1,1,0.8623711386156974,81.1918331637265,239.0717359405407,201.5634393311142,426.7862880980726,22595.50214419399,alice,0.6975891349904515,bob,0.6176211060048347,0.07996802898561683,unknown,unknown,unknown,0,0,0,0,0,10.551725620874166,6.450143865171652,11.948421322271239,28.950290808317057
Bright_Far_20260114_210600_T6,1736904004.6,115,Bright,Far,4,4,1280,720,23.709322712421766,1,1,chen,2,1,0.8154944942927262,418.28000476512324,134.42882180784989,531.5609461325935,339.161417753824,23192.301197365872,chen,0.8717821840431867,alice,0.7455816131100811,0.12620057093310566,chen,chen,chen,2,1,1,0,0,10.551725620874166,6.450143865171652,11.948421322271239,28.950290808317057
Bright_Far_20260114_210600_T6,1736904004.6,115,Bright,Far,4,4,1280,720,23.709322712421766,1,2,alice,3,1,0.8516052019387732,739.7970859431393,192.09454303565684,834.5072656730108,384.74959244975327,18246.394355876342,alice,0.8423464078840346,diana,0.7761121515229102,0.06623425636112434,alice,alice,alice,3,1,1,0,0,10.551725620874166,6.450143865171652,11.948421322271239,28.950290808317057
Bright_Far_20260114_210600_T6,1736904004.6,115,Bright,Far,4,4,1280,720,23.709322712421766,1,3,bob,4,1,0.7652451275784656,1079.2345713494208,267.9361260186978,1193.0718459285092,474.5063808109934,23515.394814662814,bob,0.8668083209623125,chen,0.709286272683491,0.15752204827882155,bob,bob,bob,3,1,1,0,0,10.551725620874166,6.450143865171652,11.948421322271239,28.950290808317057
Bright_Far_20260114_210600_T6,1736904004.64,116,Bright,Far,4,4,1280,720,24.905402986387863,1,0,diana,1,1,0.7578498225875632,104.44364392893284,222.2091204885852,198.7912721262354,410.2440967502678,17740.65402842584,diana,0.8628122725663253,bob,0.7878105963915057,0.07500167617481956,diana,diana,diana,3,1,1,0,0,16.957715164541398,9.262169360900705,20.068734530296247,46.28861905573835
Bright_Far_20260114_210600_T6,1736904004.64,116,Bright,Far,4,4,1280,720,24.905402986387863,1,1,chen,2,1,0.8346139406666143,424.15489577339315,216.73296395171545,537.3386156543977,410.0670171714752,21882.26732308451,chen,0.8647794037714525,bob,0.7233805033524865,0.14139890041896597,chen,chen,chen,2,1,1,0,0,16.957715164541398,9.262169360900705,20.068734530296247,46.28861905573835
Bright_Far_20260114_210600_T6,1736904004.64,116,Bright,Far,4,4,1280,720,24.905402986387863,1,2,alice,3,1,0.7972215076049427,751.335210887975,211.41552615616177,847.0286563214166,383.9923514473696,16514.471014080784,alice,0.8351816044740863,chen,0.7555836980324347,0.07959790644165154,alice,alice,alice,3,1,1,0,0,16.957715164541398,9.262169360900705,20.068734530296247,46.28861905573835
Bright_Far_20260114_210600_T6,1736904004.64,116,Bright,Far,4,4,1280,720,24.905402986387863,1,3,bob,4,1,0.831406409636798,1084.2884241042557,192.03957771292826,1189.717334143474,399.6288339716617,21885.909023210268,bob,0.9168860732506603,alice,0.767423648269182,0.14946242498147833,bob,bob,bob,3,1,1,0,0,16.957715164541398,9.262169360900705,20.068734530296247,46.28861905573835
Bright_Far_20260114_210600_T6,1736904004.68,117,Bright,Far,4,4,1280,720,24.85351030795534,1,0,diana,1,1,0.872701023950951,96.13314843642506,214.7110069102793,218.348198964681,396.98598355898497,22276.745481158232,diana,0.83049747015265,bob,0.762365939283351,0.06813153086929902,diana,diana,diana,2,1,1,0,0,22.841890924136038,12.934952633395955,19.962767351583555,55.73961090911555
Bright_Far_20260114_210600_T6,1736904004.68,117,Bright,Far,4,4,1280,720,24.85351030795534,1,1,chen,2,1,0.8247536347673079,421.3208394022479,309.3423735670442,537.2769620875084,519.1988268044518,24334.140637890472,chen,0.7862763163731138,bob,0.6441938264817971,0.14208248989131667,chen,chen,chen,2,1,1,0,0,22.841890924136038,12.934952633395955,19.962767351583555,55.73961090911555
Bright_Far_20260114_210600_T6,1736904004.68,117,Bright,Far,4,4,1280,720,24.85351030795534,1,2,alice,3,1,0.7427408563767482,732.7995248680382,274.4322299435734,829.967119366375,479.37988239660814,19914.27038694252,alice,0.8636479484501374,chen,0.7244226148696888,0.13922533358044853,alice,alice,alice,2,1,1,0,0,22.841890924136038,12.934952633395955,19.962767351583555,55.73961090911555
Bright_Far_20260114_210600_T6,1736904004.68,117,Bright,Far,4,4,1280,720,24.85351030795534,1,3,bob,4,1,0.6981439007018295,1053.9516385957704,241.45071206307563,1180.0078950441916,380.06759360106906,17473.525167233725,bob,0.834047600777018,alice,0.7381015383367578,0.09594606244026016,bob,bob,bob,3,1,1,0,0,22.841890924136038,12.934952633395955,19.962767351583555,55.73961090911555
Bright_Far_20260114_210600_T6,1736904004.72,118,Bright,Far,4,4,1280,720,26.447085437885686,2,0,diana,1,1,0.6504754521555419,103.51481394539294,293.8424578992282,189.78769862525647,432.77013205820526,11985.691211559086,diana,0.9213833784821931,alice,0.8590806497885313,0.062302728693661824,diana,diana,diana,2,1,1,0,0,12.739717875996233,8.014037551931668,6.973486543272861,27.727241971200762
Bright_Far_20260114_210600_T6,1736904004.72,118,Bright,Far,4,4,1280,720,26.447085437885686,2,1,chen,2,1,0.7055687246498519,445.85759885059883,172.695998533835,533.605754186064,385.5084375694661,18673.89895781777,chen,0.8775112929328963,diana,0.7341952143585093,0.143316078574387,chen,chen,chen,2,1,1,0,0,12.739717875996233,8.014037551931668,6.973486543272861,27.727241971200762
Bright_Far_20260114_210600_T6,1736904004.72,118,Bright,Far,4,4,1280,720,26.447085437885686,2,2,alice,3,1,0.8016770918012678,732.9985899991036,254.8344475586726,836.9932427784743,388.53779151789735,13904.432830480342,alice,0.7806992917253243,bob,0.6201756862162122,0.16052360550911204,alice,alice,alice,2,1,1,0,0,12.739717875996233,8.014037551931668,6.973486543272861,27.727241971200762
Bright_Far_20260114_210600_T6,1736904004.72,118,Bright,Far,4,4,1280,720,26.447085437885686,2,3,bob,4,1,0.8318931406633354,1063.9165834024943,197.70269389025412,1183.5247040044246,399.88947905639606,24183.181384268475,bob,0.9019636472671587,alice,0.7683950509794626,0.13356859628769613,bob,bob,bob,3,1,1,0,0,12.739717875996233,8.014037551931668,6.973486543272861,27.727241971200762
Bright_Far_20260114_210600_T6,1736904004.76,119,Bright,Far,4,4,1280,720,25.05166541152987,2,0,diana,1,1,0.8263278559065512,78.40721086868082,283.1483864127166,198.89071490295805,439.47247839111833,18834.47436653449,diana,0.8402230452326753,chen,0.6780889027661281,0.16213414246654723,diana,diana,diana,3,1,1,0,0,20.08831077423829,9.048035357019325,15.175128334155497,44.31147446541311
Bright_Far_20260114_210600_T6,1736904004.76,119,Bright,Far,4,4,1280,720,25.05166541152987,2,1,chen,2,1,0.7913898774244125,426.25267379064644,211.90917701742157,507.50178537844386,342.5603397460525,10615.29089961401,diana,0.5033226851465421,bob,0.4718263865618662,0.0314962985846759,unknown,unknown,unknown,0,0,0,0,0,20.08831077423829,9.048035357019325,15.175128334155497,44.31147446541311
Bright_Far_20260114_210600_T6,1736904004.76,119,Bright,Far,4,4,1280,720,25.05166541152987,2,2,alice,3,1,0.7559706197221203,721.8659025857035,238.05348895509917,837.017137762791,387.831753149116,17247.15212462118,alice,0.8974661888820026,diana,0.789674055944452,0.10779213293755063,alice,alice,alice,2,1,1,0,0,20.08831077423829,9.048035357019325,15.175128334155497,44.31147446541311
Bright_Far_20260114_210600_T6,1736904004.76,119,Bright,Far,4,4,1280,720,25.05166541152987,2,3,bob,4,1,0.5866774899884891,1069.9027685616975,258.50214130127574,1175.006712910998,460.83717421452866,21266.21003922842,bob,0.7957510823418614,diana,0.7011691050515327,0.09458197729032869,bob,bob,bob,2,1,1,0,0,20.08831077423829,9.048035357019325,15.175128334155497,44.31147446541311
Bright_Far_20260114_210600_T6,1736904004.8,120,Bright,Far,4,4,1280,720,24.42049636569694,1,0,diana,1,1,0.7832848289448336,107.38211197301308,240.51003746709296,211.81025790060124,389.5272788066194,15561.594224330689,diana,0.8119373963405242,alice,0.7194117997593672,0.092525596581157,diana,diana,diana,2,1,1,0,0,10.13956822732179,6.200041151257051,7.684279572759139,24.02388895133798
Bright_Far_20260114_210600_T6,1736904004.8,120,Bright,Far,4,4,1280,720,24.42049636569694,1,1,chen,2,1,0.7150878320685872,444.165766543558,160.64693262329666,536.7637626383092,369.90179149319687,19376.58060444274,chen,0.8248075467084907,diana,0.6615383264013057,0.16326922030718494,chen,chen,chen,3,1,1,0,0,10.13956822732179,6.200041151257051,7.684279572759139,24.02388895133798
Bright_Far_20260114_210600_T6,1736904004.8,120,Bright,Far,4,4,1280,720,24.42049636569694,1,2,alice,3,1,0.8339127429538163,773.0969030712663,257.14859815716875,857.9023742232007,420.4856212277871,13851.873198058165,alice,0.8510143242154835,bob,0.6930186934870592,0.15799563072842426,alice,alice,alice,2,1,1,0,0,10.13956822732179,6.200041151257051,7.684279572759139,24.02388895133798
Bright_Far_20260114_210600_T6,1736904004.8,120,Bright,Far,4,4,1280,720,24.42049636569694,1,3,bob,4,1,0.7547228451963568,1105.5200223381626,170.7045460739838,1186.989627806122,335.08100955020444,13391.685627626126,bob,0.8484198910756905,diana,0.6767181504880402,0.1717017405876503,bob,bob,bob,1,1,1,0,0,10.13956822732179,6.200041151257051,7.684279572759139,24.02388895133798
Bright_Far_20260114_210600_T6,1736904004.84,121,Bright,Far,4,4,1280,720,23.63997533730344,2,0,diana,1,1,0.866133491746919,96.77555924219979,220.28336862229443,209.44196515109826,385.1148964495194,18570.97582076602,diana,0.8305767523234256,alice,0.7272130323706445,0.10336371995278115,diana,diana,diana,2,1,1,0,0,14.989087554936194,8.821941205289756,10.502368015241936,34.313396775467886
Bright_Far_20260114_210600_T6,1736904004.84,121,Bright,Far,4,4,1280,720,23.63997533730344,2,1,chen,2,1,0.6367081672221605,465.7161279114681,258.1195525161064,550.3375069776715,399.9373284437071,12000.815775095394,bob,0.6793245064718285,chen,0.6236855886559596,0.05563891781586894,unknown,unknown,unknown,0,0,0,0,0,14.989087554936194,8.821941205289756,10.502368015241936,34.313396775467886
Bright_Far_20260114_210600_T6,1736904004.84,121,Bright,Far,4,4,1280,720,23.63997533730344,2,2,alice,3,1,0.7355963997330188,764.5462653585854,257.051169769857,869.2823829036726,409.5796841247511,15975.244408451705,alice,0.9250391083957756,chen,0.8558202043297143,0.06921890406606135,alice,alice,alice,3,1,1,0,0,14.989087554936194,8.821941205289756,10.502368015241936,34.313396775467886
Bright_Far_20260114_210600_T6,1736904004.84,121,Bright,Far,4,4,1280,720,23.63997533730344,2,3,bob,4,1,0.9467301672360244,1047.1028255736246,189.78794735030152,1168.3741589151264,388.3940849133705,24085.231112079087,bob,0.9103545373542679,alice,0.7694161554465745,0.14093838190769337,bob,bob,bob,2,1,1,0,0,14.989087554936194,8.821941205289756,10.502368015241936,34.313396775467886
Bright_Far_20260114_210600_T6,1736904004.88,122,Bright,Far,4,4,1280,720,20.84913658912663,0,0,diana,1,1,0.7742367844705789,108.32291623793093,199.70352562969538,214.98329001037115,353.9768663529941,16454.852184670064,diana,0.849930607494485,bob,0.6968499617420949,0.1530806457523901,diana,diana,diana,3,1,1,0,0,13.530039893175728,11.601767779238049,8.817947583298125,33.9497552557119
Bright_Far_20260114_210600_T6,1736904004.88,122,Bright,Far,4,4,1280,720,20.84913658912663,0,1,chen,2,1,0.6379028036336591,450.67224730695807,169.3787349714652,561.1563793285629,354.87595060819103,20494.498862048124,chen,0.7980821143107945,alice,0.6731219100220054,0.12496020428878907,chen,chen,chen,2,1,1,0,0,13.530039893175728,11.601767779238049,8.817947583298125,33.9497552557119
Bright_Far_20260114_210600_T6,1736904004.88,122,Bright,Far,4,4,1280,720,20.84913658912663,0,2,alice,3,1,0.9267153717493,760.5918457757789,287.9640987400037,859.2568142636669,490.0955841013649,19943.296633588703,alice,0.9007622464871989,chen,0.7634908699889515,0.1372713764982474,alice,alice,alice,3,1,1,0,0,13.530039893175728,11.601767779238049,8.817947583298125,33.9497552557119
Bright_Far_20260114_210600_T6,1736904004.88,122,Bright,Far,4,4,1280,720,20.84913658912663,0,3,bob,4,1,0.7813583580066035,1063.6416204856498,267.14395257277266,1165.526091268999,462.3954391638444,19893.09438099353,diana,0.7573618367279423,chen,0.7095005972222861,0.04786123950565624,unknown,unknown,unknown,0,0,0,0,0,13.530039893175728,11.601767779238049,8.817947583298125,33.9497552557119
Bright_Far_20260114_210600_T6,1736904004.92,123,Bright,Far,4,4,1280,720,23.948999881423273,0,0,diana,1,1,0.7011066421317186,101.93334437835777,308.8139004844594,205.42855582913052,448.15865617531813,14421.514954781693,diana,0.7647986685343242,bob,0.5937971860454142,0.17100148248891,diana,diana,diana,1,1,1,0,0,21.14501399688325,14.359147001269063,22.434020851600692,57.93818184975301
Bright_Far_20260114_210600_T6,1736904004.92,123,Bright,Far,4,4,1280,720,23.948999881423273,0,1,chen,2,1,0.6685436227890922,414.9780109126831,197.22047927508027,518.37098008163,386.51731952130604,19571.962367357093,chen,0.796182252860356,diana,0.647026254429945,0.14915599843041105,chen,chen,chen,1,1,1,0,0,21.14501399688325,14.359147001269063,22.434020851600692,57.93818184975301
Bright_Far_20260114_210600_T6,1736904004.92,123,Bright,Far,4,4,1280,720,23.948999881423273,0,2,alice,3,1,0.7076221042958225,734.9138457304183,291.0734388911739,857.1169446991938,428.1517998481284,16751.400510500243,alice,0.8358128840067072,bob,0.7040394242218978,0.13177345978480937,alice,alice,alice,2,1,1,0,0,21.14501399688325,14.359147001269063,22.434020851600692,57.93818184975301
Bright_Far_20260114_210600_T6,1736904004.92,123,Bright,Far,4,4,1280,720,23.948999881423273,0,3,bob,4,1,0.8014074849422854,1036.8958200008835,276.4883314267047,1137.103794381748,431.41551573179754,15524.939315744212,bob,0.7757573997762134,chen,0.7165396996414856,0.059217700134727824,unknown,unknown,unknown,0,0,0,0,0,21.14501399688325,14.359147001269063,22.434020851600692,57.93818184975301
Bright_Far_20260114_210600_T6,1736904004.96,124,Bright,Far,4,4,1280,720,24.788012218675266,0,0,diana,1,1,0.6575348042290043,131.82609676915968,221.57119105917164,234.74788913095125,425.9406692535515,21034.072999809654,diana,0.847372172774038,alice,0.7267490168993794,0.12062315587465855,diana,diana,diana,2,1,1,0,0,27.595931648973657,16.38380536640411,8.700085391867223,52.67982240724499
Bright_Far_20260114_210600_T6,1736904004.96,124,Bright,Far,4,4,1280,720,24.788012218675266,0,1,chen,2,1,0.7180651992982707,427.97023329045686,185.19691943353428,530.2986029872714,335.75650254707307,15406.516682240466,chen,0.9486600389485593,bob,0.8703280084980716,0.07833203045048776,chen,chen,chen,1,1,1,0,0,27.595931648973657,16.38380536640411,8.700085391867223,52.67982240724499
Bright_Far_20260114_210600_T6,1736904004.96,124,Bright,Far,4,4,1280,720,24.788012218675266,0,2,alice,3,1,0.73022410737102,744.6654851414083,235.32481968701904,872.0226089543684,399.9428822374232,20965.28297408142,alice,0.9203254555664614,chen,0.7749084250095144,0.145417030556947,alice,alice,alice,1,1,1,0,0,27.595931648973657,16.38380536640411,8.700085391867223,52.67982240724499
Bright_Far_20260114_210600_T6,1736904004.96,124,Bright,Far,4,4,1280,720,24.788012218675266,0,3,bob,-1,0,-1.0,-1.0,-1.0,-1.0,-1.0,0.0,unknown,-1.0,unknown,-1.0,-1.0,unknown,unknown,unknown,0,0,0,0,1,27.595931648973657,16.38380536640411,8.700085391867223,52.67982240724499
Bright_Far_20260114_210600_T6,1736904005.0,125,Bright,Far,4,4,1280,720,24.660852678063023,2,0,diana,1,1,0.676871207822882,127.89297480279126,254.26485255096867,246.56487919468137,439.410895054411,21971.633454505332,alice,0.6417994271171631,bob,0.6184729964278194,0.023326430689343702,unknown,unknown,unknown,0,0,0,0,0,14.525046785214853,7.613719625886177,9.174150367055127,31.312916778156158
Bright_Far_20260114_210600_T6,1736904005.0,125,Bright,Far,4,4,1280,720,24.660852678063023,2,1,chen,2,1,0.7055021256535347,452.13394696047266,252.0360573971789,539.2687753101349,410.49499938964766,13807.292710982845,chen,0.9118807834085434,alice,0.8234125751960508,0.08846820821249257,chen,chen,chen,1,1,1,0,0,14.525046785214853,7.613719625886177,9.174150367055127,31.312916778156158
Bright_Far_20260114_210600_T6,1736904005.0,125,Bright,Far,4,4,1280,720,24.660852678063023,2,2,alice,3,1,0.7798964491710396,733.6565963668961,293.83440248825264,858.4995560213822,498.2982384425551,25525.870422844444,alice,0.8540694475951935,bob,0.6818263687539188,0.17224307884127477,alice,alice,alice,2,1,1,0,0,14.525046785214853,7.613719625886177,9.174150367055127,31.312916778156158
Bright_Far_20260114_210600_T6,1736904005.0,125,Bright,Far,4,4,1280,720,24.660852678063023,2,3,bob,4,1,0.7382534125333062,1077.202500273963,146.09848185813505,1201.0287303150492,329.0040809330951,22648.510786858667,bob,0.8741119366025281,alice,0.7134732015587432,0.1606387350437849,bob,bob,bob,2,1,1,0,0,14.525046785214853,7.613719625886177,9.174150367055127,31.312916778156158
Bright_Far_20260114_210600_T6,1736904005.04,126,Bright,Far,4,4,1280,720,26.49881670075188,1,0,diana,1,1,0.49688334054680333,104.13523651207319,227.62033987573557,185.91233407441584,399.8753245988896,14086.512691305212,diana,0.8241629623194209,chen,0.7061955447163006,0.11796741760312024,diana,diana,diana,2,1,1,0,0,11.917457294395,6.593417899999029,7.7570390854179685,26.267914279811997
Bright_Far_20260114_210600_T6,1736904005.04,126,Bright,Far,4,4,1280,720,26.49881670075188,1,1,chen,2,1,0.7566545225101498,440.8820434691944,157.63180525486462,535.6201721667921,369.58348195628116,20079.90522501043,chen,0.8201479883625027,diana,0.6789881633059838,0.14115982505651892,chen,chen,chen,2,1,1,0,0,11.917457294395,6.593417899999029,7.7570390854179685,26.267914279811997
Bright_Far_20260114_210600_T6,1736904005.04,126,Bright,Far,4,4,1280,720,26.49881670075188,1,2,alice,3,1,0.7261287659633167,757.1643850093708,202.5636147028265,857.6481313915319,417.88564125336814,21636.363906397593,alice,0.8296562488873748,bob,0.754535020249399,0.07512122863797577,alice,alice,alice,3,1,1,0,0,11.917457294395,6.593417899999029,7.7570390854179685,26.267914279811997
Bright_Far_20260114_210600_T6,1736904005.04,126,Bright,Far,4,4,1280,720,26.49881670075188,1,3,bob,4,1,0.8665065230894088,1058.2736371149408,252.0304720592107,1150.1814244991451,449.81091187789815,18177.56261161034,bob,0.8958548704836742,chen,0.8219068810947368,0.07394798938893743,bob,bob,bob,2,1,1,0,0,11.917457294395,6.593417899999029,7.7570390854179685,26.267914279811997
Bright_Far_20260114_210600_T6,1736904005.08,127,Bright,Far,4,4,1280,720,21.640173219859545,2,0,diana,1,1,0.794689847446874,92.31220182578411,230.9419405114643,218.02188291445256,422.10446460366757,24030.97993973577,diana,0.8407681891598339,chen,0.6688566942486527,0.17191149491118118,diana,diana,diana,2,1,1,0,0,12.577717658111819,12.370981035374506,10.553583455630399,35.50228214911672
Bright_Far_20260114_210600_T6,1736904005.08,127,Bright,Far,4,4,1280,720,21.640173219859545,2,1,chen,2,1,0.873958585855213,441.7386878638791,217.44168700601583,563.9175141499626,430.1308392838969,25986.11098909359,chen,0.894613698479524,bob,0.8251062341781448,0.06950746430137922,chen,chen,chen,1,1,1,0,0,12.577717658111819,12.370981035374506,10.553583455630399,35.50228214911672
Bright_Far_20260114_210600_T6,1736904005.08,127,Bright,Far,4,4,1280,720,21.640173219859545,2,2,alice,3,1,0.9682549446593,716.2757784148907,248.84986648262625,824.8318419560771,398.7902117749037,16276.9336509359,alice,0.8954895444075764,chen,0.8137076334303524,0.08178191097722409,alice,alice,alice,2,1,1,0,0,12.577717658111819,12.370981035374506,10.553583455630399,35.50228214911672
Bright_Far_20260114_210600_T6,1736904005.08,127,Bright,Far,4,4,1280,720,21.640173219859545,2,3,bob,4,1,0.9508772934137801,1082.3888877435325,150.60534226787036,1199.2962329513575,295.3640960515486,16923.361600443026,bob,0.8793193260961527,alice,0.7788781527500801,0.10044117334607261,bob,bob,bob,1,1,1,0,0,12.577717658111819,12.370981035374506,10.553583455630399,35.50228214911672
Bright_Far_20260114_210600_T6,1736904005.12,128,Bright,Far,4,4,1280,720,26.660260117557293,1,0,diana,1,1,0.6559947045243122,81.27706707742257,185.20500326581237,203.19093450373597,356.33176399638535,20862.72522080153,diana,0.7405249567936697,alice,0.7130032573297882,0.0275216994638815,unknown,unknown,unknown,0,0,0,0,0,12.662874533337302,5.060338406627767,6.159484687581551,23.88269762754662
Bright_Far_20260114_210600_T6,1736904005.12,128,Bright,Far,4,4,1280,720,26.660260117557293,1,1,chen,2,1,0.6847098000560111,425.64414683815335,298.87081231526105,516.3044554164038,445.7852228712762,13319.305795600108,chen,0.915210292658784,diana,0.836368070190721,0.07884222246806294,chen,chen,chen,2,1,1,0,0,12.662874533337302,5.060338406627767,6.159484687581551,23.88269762754662
Bright_Far_20260114_210600_T6,1736904005.12,128,Bright,Far,4,4,1280,720,26.660260117557293,1,2,alice,3,1,0.7505434864101619,734.4300232107364,232.50280286885044,860.2686442410245,442.4554396857115,26420.150298706692,alice,0.8846898581564218,bob,0.7231341505285351,0.16155570762788662,alice,alice,alice,2,1,1,0,0,12.662874533337302,5.060338406627767,6.159484687581551,23.88269762754662
Bright_Far_20260114_210600_T6,1736904005.12,128,Bright,Far,4,4,1280,720,26.660260117557293,1,3,bob,4,1,0.8491045952345795,1084.5888390175337,210.58744914911443,1187.8337264307738,385.7135833835824,18080.87801215362,bob,0.8312812731305801,diana,0.7688347117555908,0.06244656137498927,bob,bob,bob,3,1,1,0,0,12.662874533337302,5.060338406627767,6.159484687581551,23.88269762754662
Bright_Far_20260114_210600_T6,1736904005.16,129,Bright,Far,4,4,1280,720,24.988245013354422,0,0,diana,-1,0,-1.0,-1.0,-1.0,-1.0,-1.0,0.0,unknown,-1.0,unknown,-1.0,-1.0,unknown,unknown,unknown,0,0,0,0,1,9.184328844488633,6.645101523436798,0.9304933337406762,16.759923701666107
Bright_Far_20260114_210600_T6,1736904005.16,129,Bright,Far,4,4,1280,720,24.988245013354422,0,1,chen,2,1,0.6934057151114337,406.42159712950865,315.30567948704845,501.9733109136623,514.7924710767626,19061.304813699477,chen,0.8509956560281855,bob,0.704591640401419,0.14640401562676653,chen,chen,chen,2,1,1,0,0,9.184328844488633,6.645101523436798,0.9304933337406762,16.759923701666107
Bright_Far_20260114_210600_T6,1736904005.16,129,Bright,Far,4,4,1280,720,24.988245013354422,0,2,alice,-1,0,-1.0,-1.0,-1.0,-1.0,-1.0,0.0,unknown,-1.0,unknown,-1.0,-1.0,unknown,unknown,unknown,0,0,0,0,1,9.184328844488633,6.645101523436798,0.9304933337406762,16.759923701666107
Bright_Far_20260114_210600_T6,1736904005.16,129,Bright,Far,4,4,1280,720,24.988245013354422,0,3,bob,4,1,0.8203520598420093,1055.0691481432202,231.8804172599356,1153.2922453397325,421.405906951912,18615.78059523159,bob,0.8118285443712491,diana,0.7004194668642104,0.11140907750703866,bob,bob,bob,2,1,1,0,0,9.184328844488633,6.645101523436798,0.9304933337406762,16.759923701666107
Bright_Far_20260114_210600_T6,1736904005.2,130,Bright,Far,4,4,1280,720,27.13760079393667,0,0,diana,1,1,0.547709107573328,126.96348615675109,146.72863910350145,226.5068391243586,340.7199023109871,19310.540786094796,chen,0.6134489371486097,diana,0.5935489784377914,0.01989995871081829,unknown,unknown,unknown,0,0,0,0,0,19.84351809805501,9.649997079695396,6.900073804548992,36.3935889822994
Bright_Far_20260114_210600_T6,1736904005.2,130,Bright,Far,4,4,1280,720,27.13760079393667,0,1,chen,2,1,0.8848037842387859,426.8115808397773,296.5928594544102,516.5913602051686,474.14087861533955,15940.2219870305,chen,0.8239170450183587,alice,0.7294405753462734,0.09447646967208534,chen,chen,chen,2,1,1,0,0,19.84351809805501,9.649997079695396,6.900073804548992,36.3935889822994
Bright_Far_20260114_210600_T6,1736904005.2,130,Bright,Far,4,4,1280,720,27.13760079393667,0,2,alice,-1,0,-1.0,-1.0,-1.0,-1.0,-1.0,0.0,unknown,-1.0,unknown,-1.0,-1.0,unknown,unknown,unknown,0,0,0,0,1,19.84351809805501,9.649997079695396,6.900073804548992,36.3935889822994
Bright_Far_20260114_210600_T6,1736904005.2,130,Bright,Far,4,4,1280,720,27.13760079393667,0,3,bob,4,1,0.7695690048975203,1086.3471565747536,297.58077545510446,1203.0843950301382,485.55149221108275,21943.182384572196,bob,0.8605126149489625,alice,0.6833833940264507,0.17712922092251182,bob,bob,bob,1,1,1,0,0,19.84351809805501,9.649997079695396,6.900073804548992,36.3935889822994
Bright_Far_20260114_210600_T6,1736904005.24,131,Bright,Far,4,4,1280,720,22.89340802226757,0,0,diana,1,1,0.7932153621432083,79.25356983893266,251.74743276559903,195.33195608892413,413.2973269653114,18752.45101755947,diana,0.9215368707617004,chen,0.7680059324098234,0.15353093835187703,diana,diana,diana,2,1,1,0,0,14.854750308711937,7.647232604245132,6.92383140830488,29.42581432126195
Bright_Far_20260114_210600_T6,1736904005.24,131,Bright,Far,4,4,1280,720,22.89340802226757,0,1,chen,2,1,0.7642700249090342,418.802121031065,309.95261580540864,525.7406834844941,442.0920125192173,14130.797128038068,chen,0.8656388605604264,bob,0.6918331413287567,0.17380571923166965,chen,chen,chen,2,1,1,0,0,14.854750308711937,7.647232604245132,6.92383140830488,29.42581432126195
Bright_Far_20260114_210600_T6,1736904005.24,131,Bright,Far,4,4,1280,720,22.89340802226757,0,2,alice,3,1,0.8608369932870603,754.3248818374844,293.87473654067696,861.6474527775302,425.6580362458325,14143.32253131987,bob,0.8168284293849372,alice,0.7735605411008704,0.0432678882840668,bob,bob,bob,2,0,0,1,0,14.854750308711937,7.647232604245132,6.92383140830488,29.42581432126195
Bright_Far_20260114_210600_T6,1736904005.24,131,Bright,Far,4,4,1280,720,22.89340802226757,0,3,bob,4,1,0.6838057953253424,1073.1285444818172,226.87338749640878,1170.6644743228903,435.2200934869546,20321.28969811256,bob,0.9548109421761588,alice,0.8675237286548392,0.08728721352131963,bob,bob,bob,2,1,1,0,0,14.854750308711937,7.647232604245132,6.92383140830488,29.42581432126195
Bright_Far_20260114_210600_T6,1736904005.28,132,Bright,Far,4,4,1280,720,24.106955752634843,4,0,diana,1,1,0.830786144799606,89.65246718179083,203.13572068215692,217.43971800756833,358.4477608547396,19846.898633797056,chen,0.7716612639899842,bob,0.7367340048382168,0.03492725915176742,unknown,unknown,unknown,0,0,0,0,0,13.732041571192205,12.25648499296072,12.358168109229888,38.346694673382814
Bright_Far_20260114_210600_T6,1736904005.28,132,Bright,Far,4,4,1280,720,24.106955752634843,4,1,chen,-1,0,-1.0,-1.0,-1.0,-1.0,-1.0,0.0,unknown,-1.0,unknown,-1.0,-1.0,unknown,unknown,unknown,0,0,0,0,1,13.732041571192205,12.25648499296072,12.358168109229888,38.346694673382814
Bright_Far_20260114_210600_T6,1736904005.28,132,Bright,Far,4,4,1280,720,24.106955752634843,4,2,alice,3,1,0.7081656767405887,762.6725513975284,217.50836403703846,856.8131906354888,370.5929725074687,14411.482898899187,alice,0.8027264571439436,bob,0.7363767212335376,0.06634973591040605,alice,alice,alice,3,1,1,0,0,13.732041571192205,12.25648499296072,12.358168109229888,38.346694673382814
Bright_Far_20260114_210600_T6,1736904005.28,132,Bright,Far,4,4,1280,720,24.106955752634843,4,3,bob,4,1,0.639134263754957,1053.0408085918746,189.75508210889006,1165.3247649242164,361.5078859609084,19285.084327677305,chen,0.7988212829657244,bob,0.7735430820979368,0.025278200867787648,unknown,unknown,unknown,0,0,0,0,0,13.732041571192205,12.25648499296072,12.358168109229888,38.346694673382814
Bright_Far_20260114_210600_T6,1736904005.32,133,Bright,Far,4,4,1280,720,25.31421159614407,0,0,diana,1,1,0.7830176275679162,122.05114282061406,223.69573800624988,240.7302194291026,401.95496106773277,21155.639989883373,diana,0.8907002279932501,chen,0.7128988130887886,0.17780141490446155,diana,diana,diana,2,1,1,0,0,17.898007662269684,13.121978304795167,5.112977707853435,36.13296367491829
Bright_Far_20260114_210600_T6,1736904005.32,133,Bright,Far,4,4,1280,720,25.31421159614407,0,1,chen,2,1,0.8828792311695622,447.8672618230951,200.43626436569247,553.017058504656,411.84326710397255,22229.403354988346,chen,0.9002078716194095,bob,0.7612541691093933,0.13895370251001626,chen,chen,chen,1,1,1,0,0,17.898007662269684,13.121978304795167,5.112977707853435,36.13296367491829
Bright_Far_20260114_210600_T6,1736904005.32,133,Bright,Far,4,4,1280,720,25.31421159614407,0,2,alice,3,1,0.6216961018861555,749.2742716801386,234.47358429794323,844.4661960227913,440.52316457588074,19614.25605665279,alice,0.8537553292327639,bob,0.7731870640702044,0.08056826516255944,alice,alice,alice,2,1,1,0,0,17.898007662269684,13.121978304795167,5.112977707853435,36.13296367491829
Bright_Far_20260114_210600_T6,1736904005.32,133,Bright,Far,4,4,1280,720,25.31421159614407,0,3,bob,4,1,0.7642743212872212,1075.4231589970616,303.820152400221,1193.1769534579428,434.20655217416527,15353.49331947532,bob,0.893726937443424,chen,0.7850930088946406,0.1086339285487834,bob,bob,bob,2,1,1,0,0,17.898007662269684,13.121978304795167,5.112977707853435,36.13296367491829
Bright_Far_20260114_210600_T6,1736904005.36,134,Bright,Far,4,4,1280,720,20.706538763961042,2,0,diana,1,1,0.7781005165099096,137.80204581392292,203.77979277775393,218.44180983479043,415.00606711173367,17033.236917299153,diana,0.8770938910436689,alice,0.7315916386638828,0.1455022523797861,diana,diana,diana,2,1,1,0,0,23.97684690646553,22.530419643974565,12.111053174399462,58.61831972483956
Bright_Far_20260114_210600_T6,1736904005.36,134,Bright,Far,4,4,1280,720,20.706538763961042,2,1,chen,2,1,0.6189921987633126,427.7510263561705,149.6253006905289,509.60704701901835,338.2885662394202,15443.224163090403,chen,0.8849178716055301,alice,0.7143555721023092,0.170562299503221,chen,chen,chen,1,1,1,0,0,23.97684690646553,22.530419643974565,12.111053174399462,58.61831972483956
Bright_Far_20260114_210600_T6,1736904005.36,134,Bright,Far,4,4,1280,720,20.706538763961042,2,2,alice,-1,0,-1.0,-1.0,-1.0,-1.0,-1.0,0.0,unknown,-1.0,unknown,-1.0,-1.0,unknown,unknown,unknown,0,0,0,0,1,23.97684690646553,22.530419643974565,12.111053174399462,58.61831972483956
Bright_Far_20260114_210600_T6,1736904005.36,134,Bright,Far,4,4,1280,720,20.706538763961042,2,3,bob,4,1,0.9654196063012267,1046.0615731666176,270.9749771904641,1128.351758027019,455.09859259260793,15151.566348607887,bob,0.8007240331452964,alice,0.6961709680195017,0.10455306512579465,bob,bob,bob,1,1,1,0,0,23.97684690646553,22.530419643974565,12.111053174399462,58.61831972483956
Bright_Far_20260114_210600_T6,1736904005.4,135,Bright,Far,4,4,1280,720,25.08428239353616,0,0,diana,1,1,0.9491111042311406,107.8716914352556,207.2955718845128,225.26347250490423,397.8601954076173,22370.720564244297,diana,0.9300928284348112,alice,0.8402047797134914,0.08988804872131984,diana,diana,diana,1,1,1,0,0,16.532963926398775,9.709485173851597,14.808175449683969,41.05062454993434
Bright_Far_20260114_210600_T6,1736904005.4,135,Bright,Far,4,4,1280,720,25.08428239353616,0,1,chen,-1,0,-1.0,-1.0,-1.0,-1.0,-1.0,0.0,unknown,-1.0,unknown,-1.0,-1.0,unknown,unknown,unknown,0,0,0,0,1,16.532963926398775,9.709485173851597,14.808175449683969,41.05062454993434
Bright_Far_20260114_210600_T6,1736904005.4,135,Bright,Far,4,4,1280,720,25.08428239353616,0,2,alice,3,1,0.8539181393031308,749.7028025906959,309.0500057689925,849.2258723363457,517.0808360589788,20703.866832195734,alice,0.8288329354421585,chen,0.7427189286863699,0.08611400675578862,alice,alice,alice,1,1,1,0,0,16.532963926398775,9.709485173851597,14.808175449683969,41.05062454993434
Bright_Far_20260114_210600_T6,1736904005.4,135,Bright,Far,4,4,1280,720,25.08428239353616,0,3,bob,4,1,0.668043683327473,1031.4057541467632,276.04108610134045,1124.719411246199,419.7342321959664,13408.532962213038,bob,0.8865586108836163,diana,0.789582194664602,0.09697641621901432,bob,bob,bob,2,1,1,0,0,16.532963926398775,9.709485173851597,14.808175449683969,41.05062454993434
Bright_Far_20260114_210600_T6,1736904005.44,136,Bright,Far,4,4,1280,720,23.39549715158001,2,0,diana,1,1,0.781852030701116,136.5669253020313,223.7368376740933,222.16404921977428,407.19923437731654,15703.85350485192,diana,0.9063857315343158,chen,0.8418240037569527,0.06456172777736313,diana,diana,diana,2,1,1,0,0,15.835702445249023,8.385571457316058,6.906066068043813,31.127339970608894
Bright_Far_20260114_210600_T6,1736904005.44,136,Bright,Far,4,4,1280,720,23.39549715158001,2,1,chen,2,1,0.8620402387051881,427.8067106396859,169.69187819465765,543.6494708245347,384.95553554242247,24936.73623465058,chen,0.8814246801338392,alice,0.781989111476637,0.09943556865720227,chen,chen,chen,2,1,1,0,0,15.835702445249023,8.385571457316058,6.906066068043813,31.127339970608894
Bright_Far_20260114_210600_T6,1736904005.44,136,Bright,Far,4,4,1280,720,23.39549715158001,2,2,alice,3,1,0.8120387377154873,749.3440258740858,233.83838809654284,876.8021633226539,384.85240466264133,19247.96528014212,alice,0.8423989570622612,diana,0.6980947066418903,0.14430425042037087,alice,alice,alice,3,1,1,0,0,15.835702445249023,8.385571457316058,6.906066068043813,31.127339970608894
Bright_Far_20260114_210600_T6,1736904005.44,136,Bright,Far,4,4,1280,720,23.39549715158001,2,3,bob,4,1,0.7317193626159825,1090.2329971598724,235.13688292840362,1178.7737760120608,384.0030295056578,13180.724562674126,bob,0.8280790834908311,chen,0.7432129427045475,0.08486614078628363,bob,bob,bob,1,1,1,0,0,15.835702445249023,8.385571457316058,6.906066068043813,31.127339970608894
Bright_Far_20260114_210600_T6,1736904005.48,137,Bright,Far,4,4,1280,720,26.673534206607286,1,0,diana,1,1,0.7309175479936277,106.93230314442303,258.22210578352,190.74989944700872,420.7283324783679,13620.881305765233,diana,0.725598449727286,chen,0.6618614002257016,0.06373704950158443,unknown,unknown,unknown,0,0,0,0,0,12.831668530477627,6.900704668899251,5.358025436961639,25.090398636338517
Bright_Far_20260114_210600_T6,1736904005.48,137,Bright,Far,4,4,1280,720,26.673534206607286,1,1,chen,2,1,0.7768715984078708,435.3831234133806,220.67604550157583,553.264303288453,380.41978594987245,18830.780601702532,diana,0.6597905464059288,alice,0.5890827538365971,0.07070779256933168,unknown,unknown,unknown,0,0,0,0,0,12.831668530477627,6.900704668899251,5.358025436961639,25.090398636338517
Bright_Far_20260114_210600_T6,1736904005.48,137,Bright,Far,4,4,1280,720,26.673534206607286,1,2,alice,3,1,0.9239626528567083,749.2214532357889,266.0238299884053,839.2237260854179,412.01924159489135,13139.918870200849,alice,0.8795398679868646,bob,0.7028601754869491,0.17667969249991544,alice,alice,alice,1,1,1,0,0,12.831668530477627,6.900704668899251,5.358025436961639,25.090398636338517
Bright_Far_20260114_210600_T6,1736904005.48,137,Bright,Far,4,4,1280,720,26.673534206607286,1,3,bob,4,1,0.634110408691824,1091.6252777431348,235.33088347189883,1186.1882903608464,406.8888019088479,16223.033605821549,bob,0.8223192077214968,alice,0.6851708548977,0.13714835282379678,bob,bob,bob,1,1,1,0,0,12.831668530477627,6.900704668899251,5.358025436961639,25.090398636338517
Bright_Far_20260114_210600_T6,1736904005.52,138,Bright,Far,4,4,1280,720,22.59670438378901,1,0,diana,1,1,0.8587298400711815,74.10452629997778,240.59856358544363,189.38432585052036,413.8090959914351,19967.675455805453,alice,0.8155324508789354,bob,0.7803136816078269,0.03521876927110856,unknown,unknown,unknown,0,0,0,0,0,10.280007113779497,8.756531823725505,8.977974564256906,28.014513501761908
Bright_Far_20260114_210600_T6,1736904005.52,138,Bright,Far,4,4,1280,720,22.59670438378901,1,1,chen,2,1,0.7253751942379647,409.58810327127844,259.0545563600142,536.9348843911717,442.12347326634665,23313.237291126654,chen,0.8456576206612544,diana,0.6812937107185526,0.16436390994270178,chen,chen,chen,2,1,1,0,0,10.280007113779497,8.756531823725505,8.977974564256906,28.014513501761908
Bright_Far_20260114_210600_T6,1736904005.52,138,Bright,Far,4,4,1280,720,22.59670438378901,1,2,alice,3,1,0.7773434457673329,747.9314627655228,241.52242998008785,838.8558138864232,453.7099077487634,19293.0087320973,alice,0.7993704234205682,bob,0.7139873431897192,0.08538308023084895,alice,alice,alice,2,1,1,0,0,10.280007113779497,8.756531823725505,8.977974564256906,28.014513501761908
Bright_Far_20260114_210600_T6,1736904005.52,138,Bright,Far,4,4,1280,720,22.59670438378901,1,3,bob,4,1,0.7495645388447155,1023.7436519265085,243.66489629586573,1123.9367159853866,420.4760551051258,17715.251760900665,bob,0.9092895938775482,diana,0.7703174260343535,0.13897216784319466,bob,bob,bob,3,1,1,0,0,10.280007113779497,8.756531823725505,8.977974564256906,28.014513501761908
Bright_Far_20260114_210600_T6,1736904005.56,139,Bright,Far,4,4,1280,720,29.210213896852537,0,0,diana,1,1,0.6882121581884729,121.20369643439992,215.28452071292824,211.01930318697893,424.70246610974596,18808.999830693643,diana,0.8041991900318808,bob,0.733105509282661,0.07109368074921973,diana,diana,diana,2,1,1,0,0,18.452091054881492,7.456493812835452,10.706942999218194,36.61552786693514
Bright_Far_20260114_210600_T6,1736904005.56,139,Bright,Far,4,4,1280,720,29.210213896852537,0,1,chen,2,1,0.7348580764256646,421.5097190112335,219.58701594610704,507.9933134836882,432.1256906206712,18381.10855026798,chen,0.8362781928914143,alice,0.7575068250471817,0.07877136784423255,chen,chen,chen,3,1,1,0,0,18.452091054881492,7.456493812835452,10.706942999218194,36.61552786693514
Bright_Far_20260114_210600_T6,1736904005.56,139,Bright,Far,4,4,1280,720,29.210213896852537,0,2,alice,3,1,0.7609652540726928,753.158396088731,223.88695899925233,856.7571265363024,376.93647850633624,15855.735916544703,alice,0.8244808819946687,diana,0.6748083569106159,0.14967252508405282,alice,alice,alice,2,1,1,0,0,18.452091054881492,7.456493812835452,10.706942999218194,36.61552786693514
Bright_Far_20260114_210600_T6,1736904005.56,139,Bright,Far,4,4,1280,720,29.210213896852537,0,3,bob,4,1,0.7095211334414702,1074.6042281974849,214.67755276692543,1162.2097692107352,409.12271540826595,17034.47367060409,bob,0.8305629961224578,chen,0.7463776319970844,0.08418536412537336,bob,bob,bob,3,1,1,0,0,18.452091054881492,7.456493812835452,10.706942999218194,36.61552786693514
Bright_Far_20260114_210600_T6,1736904005.6,140,Bright,Far,4,4,1280,720,26.917314708624637,1,0,diana,1,1,0.6893190706284961,90.96974926956186,162.3372083165507,184.86245666037456,373.02448700546415,19781.99900890476,diana,0.8581517852960998,bob,0.79671967592338,0.06143210937271981,diana,diana,diana,2,1,1,0,0,14.901910289609589,10.723226737670878,4.8427282882593055,30.467865315539772
Bright_Far_20260114_210600_T6,1736904005.6,140,Bright,Far,4,4,1280,720,26.917314708624637,1,1,chen,2,1,0.7781094138746345,435.60393052160896,249.91212684911528,561.4968893961181,397.6177310021007,18595.095549166326,diana,0.7034897131424943,chen,0.6895030755841206,0.013986637558373705,unknown,unknown,unknown,0,0,0,0,0,14.901910289609589,10.723226737670878,4.8427282882593055,30.467865315539772
Bright_Far_20260114_210600_T6,1736904005.6,140,Bright,Far,4,4,1280,720,26.917314708624637,1,2,alice,3,1,0.5891593463526925,758.9129017026228,230.63951532008986,863.2419602685698,363.3549763372883,13846.079105069948,alice,0.8212822656250933,chen,0.6512487320810878,0.17003353354400552,alice,alice,alice,2,1,1,0,0,14.901910289609589,10.723226737670878,4.8427282882593055,30.467865315539772
Bright_Far_20260114_210600_T6,1736904005.6,140,Bright,Far,4,4,1280,720,26.917314708624637,1,3,bob,4,1,0.8196980801935831,1064.7961260274813,294.97401928093285,1168.9904346402757,491.5106287114948,20477.996136720216,bob,0.7897941949553035,alice,0.6596423510755051,0.1301518438797984,bob,bob,bob,2,1,1,0,0,14.901910289609589,10.723226737670878,4.8427282882593055,30.467865315539772
Bright_Far_20260114_210600_T6,1736904005.64,141,Bright,Far,4,4,1280,720,27.5952986222131,0,0,diana,1,1,0.7693970788665166,96.58433341160892,314.48498283471196,194.2290660071305,497.2612795431996,17847.142616899986,bob,0.5437273540373636,alice,0.47288293020794303,0.07084442382942058,unknown,unknown,unknown,0,0,0,0,0,14.734461294491144,9.991508333017247,11.593105182568557,36.31907481007695
Bright_Far_20260114_210600_T6,1736904005.64,141,Bright,Far,4,4,1280,720,27.5952986222131,0,1,chen,2,1,0.7663438043859395,424.4585374771328,210.8711180385064,521.4700572141802,404.4008363741674,18774.612090025203,chen,0.8675996978730426,bob,0.692992620027186,0.1746070778458566,chen,chen,chen,2,1,1,0,0,14.734461294491144,9.991508333017247,11.593105182568557,36.31907481007695
Bright_Far_20260114_210600_T6,1736904005.64,141,Bright,Far,4,4,1280,720,27.5952986222131,0,2,alice,3,1,0.6976359921208587,742.6921653887753,259.2289245352231,870.5687458374402,463.223147406753,26086.08365209409,alice,0.8470907453229095,chen,0.6852698813803374,0.1618208639425721,alice,alice,alice,2,1,1,0,0,14.734461294491144,9.991508333017247,11.593105182568557,36.31907481007695
Bright_Far_20260114_210600_T6,1736904005.64,141,Bright,Far,4,4,1280,720,27.5952986222131,0,3,bob,4,1,0.8800556320526571,1076.3402979765633,242.91661783642581,1178.492143990171,417.10369896453625,17793.531888958514,diana,0.651670122624554,bob,0.5819061776092058,0.06976394501534822,diana,diana,diana,1,0,0,1,0,14.734461294491144,9.991508333017247,11.593105182568557,36.31907481007695
Bright_Far_20260114_210600_T6,1736904005.68,142,Bright,Far,4,4,1280,720,23.07469488907808,0,0,diana,1,1,0.9071979859076347,98.53807407692723,278.4955728780254,218.66440006803185,491.392154995336,25574.484225816024,diana,0.7937971481322499,alice,0.6408045559758524,0.1529925921563975,diana,diana,diana,1,1,1,0,0,12.298565160568621,6.507506662407615,9.179276162256627,27.985347985232863
Bright_Far_20260114_210600_T6,1736904005.68,142,Bright,Far,4,4,1280,720,23.07469488907808,0,1,chen,2,1,0.7130211020770297,446.4011137943625,152.63055288669528,543.5156850763575,363.0652376029345,20436.27418907935,chen,0.9095940805690362,alice,0.8209516934473671,0.08864238712166916,chen,chen,chen,2,1,1,0,0,12.298565160568621,6.507506662407615,9.179276162256627,27.985347985232863
Bright_Far_20260114_210600_T6,1736904005.68,142,Bright,Far,4,4,1280,720,23.07469488907808,0,2,alice,3,1,0.7766482686670128,754.825536424658,226.6856432771392,850.6820235204253,404.0382753305523,17000.40028582836,alice,0.8634793856104738,bob,0.7927747053488826,0.07070468026159116,alice,alice,alice,2,1,1,0,0,12.298565160568621,6.507506662407615,9.179276162256627,27.985347985232863
Bright_Far_20260114_210600_T6,1736904005.68,142,Bright,Far,4,4,1280,720,23.07469488907808,0,3,bob,4,1,0.7651417537538306,1107.5138309402234,178.38384433174443,1195.2231690455976,378.706978304319,17570.20948792871,bob,0.8578396794922248,alice,0.7048317655303318,0.15300791396189306,bob,bob,bob,2,1,1,0,0,12.298565160568621,6.507506662407615,9.179276162256627,27.985347985232863
Bright_Far_20260114_210600_T6,1736904005.72,143,Bright,Far,4,4,1280,720,24.220997788332106,0,0,diana,1,1,0.9841178927973051,105.85448016544069,207.15008964075935,220.49433269560285,409.44466035607354,23191.01975445608,diana,0.8428933777970116,bob,0.6796769164636712,0.16321646133334033,diana,diana,diana,2,1,1,0,0,18.77152636757645,18.824020064376086,12.112083670181583,49.70763010213412
Bright_Far_20260114_210600_T6,1736904005.72,143,Bright,Far,4,4,1280,720,24.220997788332106,0,1,chen,2,1,0.8105019037317016,439.6588154327638,218.06243103545444,519.7969112215947,421.77780171468476,16325.361889149346,chen,0.8563804487137954,bob,0.7558737918865577,0.1005066568272377,chen,chen,chen,2,1,1,0,0,18.77152636757645,18.824020064376086,12.112083670181583,49.70763010213412
Bright_Far_20260114_210600_T6,1736904005.72,143,Bright,Far,4,4,1280,720,24.220997788332106,0,2,alice,3,1,0.8808397945482118,722.4547249021615,207.6177430051876,832.169250532308,404.6295733326577,21615.05950790528,alice,0.6054116798893383,chen,0.5486616930586219,0.056749986830716415,unknown,unknown,unknown,0,0,0,0,0,18.77152636757645,18.824020064376086,12.112083670181583,49.70763010213412
Bright_Far_20260114_210600_T6,1736904005.72,143,Bright,Far,4,4,1280,720,24.220997788332106,0,3,bob,4,1,0.8058050103802274,1058.132396511039,243.30324216985736,1141.8799024623897,449.11228503083026,17235.994041841146,bob,0.8244374283548146,alice,0.7111432261470554,0.11329420220775921,bob,bob,bob,1,1,1,0,0,18.77152636757645,18.824020064376086,12.112083670181583,49.70763010213412
Bright_Far_20260114_210600_T6,1736904005.76,144,Bright,Far,4,4,1280,720,22.544735345714425,1,0,diana,1,1,0.7217763098202358,111.22082328682023,240.29052979369177,193.37179641528252,429.8786351304102,15574.847346992832,diana,0.8017013561858546,alice,0.6543055785871883,0.1473957775986663,diana,diana,diana,1,1,1,0,0,25.159388113429394,11.478360212190426,10.238256845380723,46.87600517100054
Bright_Far_20260114_210600_T6,1736904005.76,144,Bright,Far,4,4,1280,720,22.544735345714425,1,1,chen,2,1,0.8146817709085503,408.4242990246558,297.3599313582583,529.2561153719015,471.8780652730863,21087.343106460532,chen,0.9537459804931641,alice,0.8726074000022173,0.0811385804909468,chen,chen,chen,2,1,1,0,0,25.159388113429394,11.478360212190426,10.238256845380723,46.87600517100054
Bright_Far_20260114_210600_T6,1736904005.76,144,Bright,Far,4,4,1280,720,22.544735345714425,1,2,alice,3,1,0.7234275184744928,765.8030305555624,267.0090501715934,856.9488744013349,417.21426697335977,13690.58123543421,alice,0.9180646415384743,chen,0.742225237172834,0.17583940436564038,alice,alice,alice,2,1,1,0,0,25.159388113429394,11.478360212190426,10.238256845380723,46.87600517100054
Bright_Far_20260114_210600_T6,1736904005.76,144,Bright,Far,4,4,1280,720,22.544735345714425,1,3,bob,4,1,0.6575286241688119,1060.3317239288144,234.48456807915582,1174.7392708698017,392.5972195645105,18089.28059677467,bob,0.8408480099128036,chen,0.7399146410051524,0.10093336890765126,bob,bob,bob,2,1,1,0,0,25.159388113429394,11.478360212190426,10.238256845380723,46.87600517100054
Bright_Far_20260114_210600_T6,1736904005.8,145,Bright,Far,4,4,1280,720,21.99800550546272,0,0,diana,1,1,0.8769946699445685,134.21127727208855,204.28454177219263,230.09638180551585,393.2426814228728,18118.270972847422,diana,0.8099956358093818,chen,0.7161958362811298,0.09379979952825201,diana,diana,diana,1,1,1,0,0,13.183932457850702,7.303491623810515,7.6500333077045255,28.137457389365743
Bright_Far_20260114_210600_T6,1736904005.8,145,Bright,Far,4,4,1280,720,21.99800550546272,0,1,chen,2,1,0.7406013298964003,434.2474653776272,229.85409055423867,520.0806042465642,426.58167155131906,16885.745779072466,chen,0.9104191139212637,bob,0.7396383499743504,0.17078076394691333,chen,chen,chen,2,1,1,0,0,13.183932457850702,7.303491623810515,7.6500333077045255,28.137457389365743
Bright_Far_20260114_210600_T6,1736904005.8,145,Bright,Far,4,4,1280,720,21.99800550546272,0,2,alice,3,1,0.874899757107916,731.3265269326236,187.18174579676116,827.2543208330513,367.68204386065094,17314.995391638604,alice,0.89090049040222,chen,0.7686430034351545,0.12225748696706551,alice,alice,alice,3,1,1,0,0,13.183932457850702,7.303491623810515,7.6500333077045255,28.137457389365743
Bright_Far_20260114_210600_T6,1736904005.8,145,Bright,Far,4,4,1280,720,21.99800550546272,0,3,bob,4,1,0.8828981697534403,1046.2226510201826,258.87791491624245,1143.2285707836454,452.4850094039303,18781.034273509802,bob,0.8478218595690372,diana,0.6848781008278337,0.16294375874120348,bob,bob,bob,1,1,1,0,0,13.183932457850702,7.303491623810515,7.6500333077045255,28.137457389365743
Bright_Far_20260114_210600_T6,1736904005.84,146,Bright,Far,4,4,1280,720,23.4093736504978,1,0,diana,1,1,0.6198734834313456,112.03746520352233,128.84167206503892,224.96174928479655,343.34453035860747,24222.581706188244,diana,0.7845587647123641,alice,0.6233217750788841,0.16123698963348,diana,diana,diana,2,1,1,0,0,15.582823460878165,11.380564941868078,5.344840823468688,32.308229226214934
Bright_Far_20260114_210600_T6,1736904005.84,146,Bright,Far,4,4,1280,720,23.4093736504978,1,1,chen,2,1,0.8020863281720504,437.6969515390417,225.42143194575783,528.2010546773963,381.3549895930189,14112.626784038277,chen,0.80576558545903,alice,0.6699163855530772,0.1358491999059528,chen,chen,chen,2,1,1,0,0,15.582823460878165,11.380564941868078,5.344840823468688,32.308229226214934
Bright_Far_20260114_210600_T6,1736904005.84,146,Bright,Far,4,4,1280,720,23.4093736504978,1,2,alice,3,1,0.6384793320536687,774.039773662975,262.9213762171829,881.3615324136711,395.26683814328305,14203.54773658235,alice,0.909240380304397,bob,0.7722382960651888,0.13700208423920823,alice,alice,alice,1,1,1,0,0,15.582823460878165,11.380564941868078,5.344840823468688,32.308229226214934
Bright_Far_20260114_210600_T6,1736904005.84,146,Bright,Far,4,4,1280,720,23.4093736504978,1,3,bob,4,1,0.8433158254190783,1086.8669324885348,238.77206019999602,1210.480242919689,395.531178920351,19377.513605293418,bob,0.8783790396413571,diana,0.8046890486887749,0.07368999095258222,bob,bob,bob,1,1,1,0,0,15.582823460878165,11.380564941868078,5.344840823468688,32.308229226214934
Bright_Far_20260114_210600_T6,1736904005.88,147,Bright,Far,4,4,1280,720,24.47834024953489,2,0,diana,1,1,0.7876192959261032,115.97490952818514,262.5236856856538,243.55772036404977,406.30361214308874,18343.847159213452,diana,0.8953912724354057,alice,0.752608483914371,0.14278278852103476,diana,diana,diana,3,1,1,0,0,18.154617106498872,13.327008370534331,9.858730198817577,41.34035567585078
Bright_Far_20260114_210600_T6,1736904005.88,147,Bright,Far,4,4,1280,720,24.47834024953489,2,1,chen,2,1,0.7799249299720369,450.9556857031077,200.74099671089456,543.9438855479603,406.21484606622664,19106.643366744767,chen,0.8548738108994471,alice,0.7914737950582555,0.06340001584119159,chen,chen,chen,1,1,1,0,0,18.154617106498872,13.327008370534331,9.858730198817577,41.34035567585078
Bright_Far_20260114_210600_T6,1736904005.88,147,Bright,Far,4,4,1280,720,24.47834024953489,2,2,alice,3,1,0.7343823062287341,741.6292897530795,293.8249250212486,860.1980086789213,453.4416797448808,18925.554126681363,alice,0.89033555155339,diana,0.7665796660408201,0.12375588551256989,alice,alice,alice,3,1,1,0,0,18.154617106498872,13.327008370534331,9.858730198817577,41.34035567585078
Bright_Far_20260114_210600_T6,1736904005.88,147,Bright,Far,4,4,1280,720,24.47834024953489,2,3,bob,4,1,0.5958608232274347,1079.3776840880341,252.5800328234274,1204.1785750609283,428.8937738804706,22004.111974683146,bob,0.8699482516854048,diana,0.7279358657608914,0.14201238592451337,bob,bob,bob,2,1,1,0,0,18.154617106498872,13.327008370534331,9.858730198817577,41.34035567585078
Bright_Far_20260114_210600_T6,1736904005.92,148,Bright,Far,4,4,1280,720,24.934845581621765,3,0,diana,-1,0,-1.0,-1.0,-1.0,-1.0,-1.0,0.0,unknown,-1.0,unknown,-1.0,-1.0,unknown,unknown,unknown,0,0,0,0,1,18.63940295474974,13.421730690870822,10.264084229229967,42.32521787485053
Bright_Far_20260114_210600_T6,1736904005.92,148,Bright,Far,4,4,1280,720,24.934845581621765,3,1,chen,2,1,0.7375606472559738,429.4676960941408,188.20749926051386,513.9810817429328,360.7246790734489,14580.010948572572,chen,0.8386864813734445,bob,0.7155328165608318,0.1231536648126127,chen,chen,chen,2,1,1,0,0,18.63940295474974,13.421730690870822,10.264084229229967,42.32521787485053
Bright_Far_20260114_210600_T6,1736904005.92,148,Bright,Far,4,4,1280,720,24.934845581621765,3,2,alice,3,1,0.8589391912068829,751.8875360624671,266.6457102244003,835.596542195376,420.5292027802582,12881.434222111735,alice,0.8865248339841999,diana,0.7342572799439497,0.15226755404025016,alice,alice,alice,3,1,1,0,0,18.63940295474974,13.421730690870822,10.264084229229967,42.32521787485053
Bright_Far_20260114_210600_T6,1736904005.92,148,Bright,Far,4,4,1280,720,24.934845581621765,3,3,bob,4,1,0.6762345793142637,1040.181984506232,234.47558979142187,1151.442466267855,415.4879704923168,20139.524681599865,bob,0.9237471876011066,chen,0.8016651951114948,0.12208199248961182,bob,bob,bob,2,1,1,0,0,18.63940295474974,13.421730690870822,10.264084229229967,42.32521787485053
Bright_Far_20260114_210600_T6,1736904005.96,149,Bright,Far,4,4,1280,720,26.818631817475428,1,0,diana,1,1,0.8668689000521106,126.94505733207798,242.17990618737645,212.0010268924596,440.87895820065114,16900.54051971778,diana,0.8839663221415925,bob,0.7327686878175153,0.1511976343240773,diana,diana,diana,2,1,1,0,0,19.90828448422914,11.047408482012017,15.283797740739342,46.2394907069805
Bright_Far_20260114_210600_T6,1736904005.96,149,Bright,Far,4,4,1280,720,26.818631817475428,1,1,chen,2,1,0.7266320450733983,432.5967110836382,239.70203160138638,555.4883811246759,416.6837113586114,21749.574192033506,chen,0.842628491991983,alice,0.7570575245497209,0.08557096744226211,chen,chen,chen,2,1,1,0,0,19.90828448422914,11.047408482012017,15.283797740739342,46.2394907069805
Bright_Far_20260114_210600_T6,1736904005.96,149,Bright,Far,4,4,1280,720,26.818631817475428,1,2,alice,-1,0,-1.0,-1.0,-1.0,-1.0,-1.0,0.0,unknown,-1.0,unknown,-1.0,-1.0,unknown,unknown,unknown,0,0,0,0,1,19.90828448422914,11.047408482012017,15.283797740739342,46.2394907069805
Bright_Far_20260114_210600_T6,1736904005.96,149,Bright,Far,4,4,1280,720,26.818631817475428,1,3,bob,4,1,0.6405944278890532,1070.1767231911647,165.66845548433483,1168.6034105765336,355.7244292410421,18706.579914673315,bob,0.9249594287884797,diana,0.7662428501569051,0.15871657863157462,bob,bob,bob,3,1,1,0,0,19.90828448422914,11.047408482012017,15.283797740739342,46.2394907069805
Bright_Far_20260114_210600_T6,1736904006.0,150,Bright,Far,4,4,1280,720,25.1176776360272,1,0,diana,1,1,0.8563383928953978,118.69126777859569,244.1530094432358,223.53625140210667,444.40378448968477,20995.289230340324,diana,0.9337968878865995,bob,0.8137983344683631,0.1199985534182364,diana,diana,diana,2,1,1,0,0,22.97015364170259,14.09113748761026,8.248227546084108,45.30951867539696
Bright_Far_20260114_210600_T6,1736904006.0,150,Bright,Far,4,4,1280,720,25.1176776360272,1,1,chen,2,1,0.8368621985877216,433.075526766714,275.57309248089166,548.5464953294527,462.01055762980127,21528.11467712643,chen,0.8588023215002379,diana,0.7782952023594052,0.08050711914083275,chen,chen,chen,2,1,1,0,0,22.97015364170259,14.09113748761026,8.248227546084108,45.30951867539696
Bright_Far_20260114_210600_T6,1736904006.0,150,Bright,Far,4,4,1280,720,25.1176776360272,1,2,alice,3,1,0.8722132390874694,741.0944640203501,239.41783702136507,866.2851828031784,453.5381995877761,26805.882095728797,alice,0.8097211791349969,bob,0.7193812331026324,0.0903399460323645,alice,alice,alice,1,1,1,0,0,22.97015364170259,14.09113748761026,8.248227546084108,45.30951867539696
Bright_Far_20260114_210600_T6,1736904006.0,150,Bright,Far,4,4,1280,720,25.1176776360272,1,3,bob,4,1,0.7108044994591092,1061.6748233387652,189.54096089902072,1150.6861972876254,370.5694712700968,16113.596432044968,bob,0.8683528928539718,chen,0.7875208965150304,0.08083199633894134,bob,bob,bob,2,1,1,0,0,22.97015364170259,14.09113748761026,8.248227546084108,45.30951867539696
Bright_Far_20260114_210600_T6,1736904006.04,151,Bright,Far,4,4,1280,720,26.266407174835173,1,0,diana,1,1,0.7515757684816542,115.96368505094605,213.12044745336186,237.50577492423682,384.34397753460576,20810.86568155665,diana,0.9489165049991894,bob,0.8833297731478801,0.06558673185130937,diana,diana,diana,1,1,1,0,0,13.411669078128105,10.163609916134728,2.477832431892237,26.05311142615507
Bright_Far_20260114_210600_T6,1736904006.04,151,Bright,Far,4,4,1280,720,26.266407174835173,1,1,chen,2,1,0.8668542399468121,426.5696866541807,304.48987264739003,547.1147008840455,447.90022757351494,17287.403275279692,chen,0.9228110710968074,alice,0.7687331408379988,0.15407793025880856,chen,chen,chen,1,1,1,0,0,13.411669078128105,10.163609916134728,2.477832431892237,26.05311142615507
Bright_Far_20260114_210600_T6,1736904006.04,151,Bright,Far,4,4,1280,720,26.266407174835173,1,2,alice,3,1,0.7220741126621478,764.6033042281636,225.37188584685782,863.7342891497201,430.1735677638321,20302.192442020998,alice,0.9150125471154122,bob,0.7464129644393316,0.16859958267608066,alice,alice,alice,2,1,1,0,0,13.411669078128105,10.163609916134728,2.477832431892237,26.05311142615507
Bright_Far_20260114_210600_T6,1736904006.04,151,Bright,Far,4,4,1280,720,26.266407174835173,1,3,bob,-1,0,-1.0,-1.0,-1.0,-1.0,-1.0,0.0,unknown,-1.0,unknown,-1.0,-1.0,unknown,unknown,unknown,0,0,0,0,1,13.411669078128105,10.163609916134728,2.477832431892237,26.05311142615507
Bright_Far_20260114_210600_T6,1736904006.08,152,Bright,Far,4,4,1280,720,25.31231322281085,0,0,diana,1,1,0.7162860606393058,95.10597647596602,267.85987494608696,192.96738179661338,433.37857739339677,16197.892828343813,diana,0.8646589506558833,alice,0.7865127235135806,0.07814622714230268,diana,diana,diana,1,1,1,0,0,19.93872214635729,16.426839780174994,14.28735489401171,50.65291682054399
Bright_Far_20260114_210600_T6,1736904006.08,152,Bright,Far,4,4,1280,720,25.31231322281085,0,1,chen,-1,0,-1.0,-1.0,-1.0,-1.0,-1.0,0.0,unknown,-1.0,unknown,-1.0,-1.0,unknown,unknown,unknown,0,0,0,0,1,19.93872214635729,16.426839780174994,14.28735489401171,50.65291682054399
Bright_Far_20260114_210600_T6,1736904006.08,152,Bright,Far,4,4,1280,720,25.31231322281085,0,2,alice,3,1,0.6415051144475268,755.1536632278985,258.797482923296,843.0787888678278,473.28745903983986,18859.05809855256,alice,0.8547209235123134,diana,0.6840942686766814,0.170626654835632,alice,alice,alice,3,1,1,0,0,19.93872214635729,16.426839780174994,14.28735489401171,50.65291682054399
Bright_Far_20260114_210600_T6,1736904006.08,152,Bright,Far,4,4,1280,720,25.31231322281085,0,3,bob,4,1,0.7981963982376848,1062.4659848544634,212.944684577644,1160.3787637985079,411.68387841359674,19459.106753577245,bob,0.8777120623717826,alice,0.7969778751156065,0.0807341872561761,bob,bob,bob,2,1,1,0,0,19.93872214635729,16.426839780174994,14.28735489401171,50.65291682054399
Bright_Far_20260114_210600_T6,1736904006.12,153,Bright,Far,4,4,1280,720,26.318540200807963,4,0,diana,1,1,0.774750168607498,128.49378122105088,322.0292631116466,243.98059649100816,508.7468809023254,21563.42303343861,diana,0.7704913381373674,alice,0.6805851282179097,0.08990620991945764,diana,diana,diana,2,1,1,0,0,13.983421529683106,6.391037235503713,6.613446656293725,26.987905421480544
Bright_Far_20260114_210600_T6,1736904006.12,153,Bright,Far,4,4,1280,720,26.318540200807963,4,1,chen,-1,0,-1.0,-1.0,-1.0,-1.0,-1.0,0.0,unknown,-1.0,unknown,-1.0,-1.0,unknown,unknown,unknown,0,0,0,0,1,13.983421529683106,6.391037235503713,6.613446656293725,26.987905421480544
Bright_Far_20260114_210600_T6,1736904006.12,153,Bright,Far,4,4,1280,720,26.318540200807963,4,2,alice,3,1,0.9724626276200183,724.9986776970103,180.33885047533144,852.4133851274277,379.14783115492014,25331.188107829294,alice,0.860511487494618,chen,0.7796830586281981,0.08082842886641994,alice,alice,alice,3,1,1,0,0,13.983421529683106,6.391037235503713,6.613446656293725,26.987905421480544
Bright_Far_20260114_210600_T6,1736904006.12,153,Bright,Far,4,4,1280,720,26.318540200807963,4,3,bob,-1,0,-1.0,-1.0,-1.0,-1.0,-1.0,0.0,unknown,-1.0,unknown,-1.0,-1.0,unknown,unknown,unknown,0,0,0,0,1,13.983421529683106,6.391037235503713,6.613446656293725,26.987905421480544
Bright_Far_20260114_210600_T6,1736904006.16,154,Bright,Far,4,4,1280,720,21.520867988413947,1,0,diana,1,1,0.7545646137351509,67.60953046012666,190.28510796646964,191.2908921108725,402.4988820135497,26246.88853518657,diana,0.8589150848539401,chen,0.6970246588931596,0.16189042596078052,diana,diana,diana,1,1,1,0,0,24.401731586367497,16.080027389910164,20.533057882477998,61.01481685875566
Bright_Far_20260114_210600_T6,1736904006.16,154,Bright,Far,4,4,1280,720,21.520867988413947,1,1,chen,2,1,0.8303699108749671,440.47512592171387,198.61856189381422,548.1356119186405,402.5483653640705,21955.181750865526,chen,0.9080964702210339,alice,0.8054323494852815,0.10266412073575237,chen,chen,chen,2,1,1,0,0,24.401731586367497,16.080027389910164,20.533057882477998,61.01481685875566
Bright_Far_20260114_210600_T6,1736904006.16,154,Bright,Far,4,4,1280,720,21.520867988413947,1,2,alice,3,1,0.7778142701900751,717.9545851620596,247.4756071222889,808.2249500436583,436.7876201486989,17089.26449236399,alice,0.7718356602689078,diana,0.6734192520407766,0.09841640822813125,alice,alice,alice,2,1,1,0,0,24.401731586367497,16.080027389910164,20.533057882477998,61.01481685875566
Bright_Far_20260114_210600_T6,1736904006.16,154,Bright,Far,4,4,1280,720,21.520867988413947,1,3,bob,4,1,0.6953084781443573,1063.8694913932015,242.20256983497364,1160.5885721939364,435.40826821709135,18686.67755298246,bob,0.8917371924979876,chen,0.8183083702370958,0.07342882226089176,bob,bob,bob,2,1,1,0,0,24.401731586367497,16.080027389910164,20.533057882477998,61.01481685875566
Bright_Far_20260114_210600_T6,1736904006.2,155,Bright,Far,4,4,1280,720,24.524713632027474,0,0,diana,1,1,0.8459876872235135,118.10501246235818,235.73715490371632,198.90692240678248,400.09293074077647,13280.260598032124,diana,0.9238008837250721,alice,0.8369368916000425,0.0868639921250296,diana,diana,diana,2,1,1,0,0,10.175257193703713,7.4974369537280525,7.482798577259271,25.155492724691037
Bright_Far_20260114_210600_T6,1736904006.2,155,Bright,Far,4,4,1280,720,24.524713632027474,0,1,chen,2,1,0.7448157986296411,437.02544006365775,184.4352213073168,546.1158338919759,351.37579306166566,18211.612718606513,chen,0.8156208736382706,bob,0.6632059953991771,0.1524148782390935,chen,chen,chen,2,1,1,0,0,10.175257193703713,7.4974369537280525,7.482798577259271,25.155492724691037
Bright_Far_20260114_210600_T6,1736904006.2,155,Bright,Far,4,4,1280,720,24.524713632027474,0,2,alice,3,1,0.8295194137750358,772.022350339671,178.57214431706768,894.0345988337274,387.3107449927335,25468.666015940944,alice,0.9090681552033537,diana,0.8146627578673076,0.09440539733604614,alice,alice,alice,2,1,1,0,0,10.175257193703713,7.4974369537280525,7.482798577259271,25.155492724691037
Bright_Far_20260114_210600_T6,1736904006.2,155,Bright,Far,4,4,1280,720,24.524713632027474,0,3,bob,4,1,0.8629996708669332,1059.8984244067851,219.34877509441498,1152.8487330374064,426.79417602130485,19282.114040157387,bob,0.9275721542680955,diana,0.8670852448269962,0.060486909441099246,bob,bob,bob,1,1,1,0,0,10.175257193703713,7.4974369537280525,7.482798577259271,25.155492724691037
Bright_Far_20260114_210600_T6,1736904006.24,156,Bright,Far,4,4,1280,720,24.25642011843377,4,0,diana,1,1,0.7662499338544001,122.17359059687575,207.63849336895305,219.99768321088462,371.15012149518543,15995.376653287933,diana,0.7922873649785812,bob,0.6923215971048543,0.09996576787372691,diana,diana,diana,3,1,1,0,0,6.280807733937263,3.7930034455963075,6.2861364548582355,16.359947634391805
Bright_Far_20260114_210600_T6,1736904006.24,156,Bright,Far,4,4,1280,720,24.25642011843377,4,1,chen,2,1,0.7888578921283937,437.966038534435,259.59698381762735,524.324420557308,459.21738242579795,17238.894642562595,chen,0.8320152187213706,bob,0.6995204339723923,0.13249478474897836,chen,chen,chen,1,1,1,0,0,6.280807733937263,3.7930034455963075,6.2861364548582355,16.359947634391805
Bright_Far_20260114_210600_T6,1736904006.24,156,Bright,Far,4,4,1280,720,24.25642011843377,4,2,alice,3,1,0.7848719080648244,731.3591458407992,255.1264534693941,856.6119706533665,458.2201049515708,25438.053549641674,chen,0.5321042717840399,bob,0.5048122236425956,0.02729204814144426,unknown,unknown,unknown,0,0,0,0,0,6.280807733937263,3.7930034455963075,6.2861364548582355,16.359947634391805
Bright_Far_20260114_210600_T6,1736904006.24,156,Bright,Far,4,4,1280,720,24.25642011843377,4,3,bob,4,1,0.7943590933994619,1086.764011432891,315.9105884862786,1173.3799376469005,512.4464960536563,17023.139668259384,bob,0.8687526910992931,diana,0.72296893999645,0.14578375110284314,bob,bob,bob,1,1,1,0,0,6.280807733937263,3.7930034455963075,6.2861364548582355,16.359947634391805
Bright_Far_20260114_210600_T6,1736904006.28,157,Bright,Far,4,4,1280,720,22.961097692833476,0,0,diana,1,1,0.7922904147166661,99.83819250840648,212.01729021931743,213.55176270064842,395.0302303182015,20811.054810023026,bob,0.6794590747484103,alice,0.6121479237688519,0.06731115097955842,unknown,unknown,unknown,0,0,0,0,0,26.619878943993953,19.047887491264664,4.4956684612279325,50.16343489648655
Bright_Far_20260114_210600_T6,1736904006.28,157,Bright,Far,4,4,1280,720,22.961097692833476,0,1,chen,2,1,0.7860075808467429,407.3410450720299,243.70470205547122,518.1333866058254,391.8965509519801,16418.521935466633,chen,0.8207541007136302,alice,0.7223049794842482,0.09844912122938199,chen,chen,chen,2,1,1,0,0,26.619878943993953,19.047887491264664,4.4956684612279325,50.16343489648655
Bright_Far_20260114_210600_T6,1736904006.28,157,Bright,Far,4,4,1280,720,22.961097692833476,0,2,alice,3,1,0.7898320199849665,737.4042564986271,258.14521199381903,839.9102221034409,387.7697007816035,13287.283389222206,alice,0.8792552170139629,chen,0.7174008159944416,0.1618544010195213,alice,alice,alice,1,1,1,0,0,26.619878943993953,19.047887491264664,4.4956684612279325,50.16343489648655
Bright_Far_20260114_210600_T6,1736904006.28,157,Bright,Far,4,4,1280,720,22.961097692833476,0,3,bob,4,1,0.7865873487309532,1052.6650499735338,276.1228083544869,1168.38013191948,423.3810985735745,17040.005119921643,bob,0.8572268139507309,chen,0.7854439944029531,0.07178281954777777,bob,bob,bob,2,1,1,0,0,26.619878943993953,19.047887491264664,4.4956684612279325,50.16343489648655
Bright_Far_20260114_210600_T6,1736904006.32,158,Bright,Far,4,4,1280,720,24.28188856140062,3,0,diana,1,1,0.7030189062009413,127.84744446564348,266.28177665069774,211.4047046782175,476.31267889629504,17549.606751617073,diana,0.827922370703711,bob,0.7389943806455617,0.08892799005814933,diana,diana,diana,3,1,1,0,0,12.984847893431423,8.608379372392568,9.779182271049367,31.37240953687336
Bright_Far_20260114_210600_T6,1736904006.32,158,Bright,Far,4,4,1280,720,24.28188856140062,3,1,chen,2,1,0.8150693104805615,445.47942394487404,251.52408990184517,530.155052359574,391.1645920751587,11824.1472736696,chen,0.8870924341252626,diana,0.7984333872386155,0.08865904688664716,chen,chen,chen,3,1,1,0,0,12.984847893431423,8.608379372392568,9.779182271049367,31.37240953687336
Bright_Far_20260114_210600_T6,1736904006.32,158,Bright,Far,4,4,1280,720,24.28188856140062,3,2,alice,3,1,0.8378067594826367,759.6459796944966,251.63236847406768,839.9442811778604,459.85671339880184,16720.061224942223,bob,0.8527880808931556,alice,0.7806099355598882,0.07217814533326739,bob,bob,bob,2,0,0,1,0,12.984847893431423,8.608379372392568,9.779182271049367,31.37240953687336
Bright_Far_20260114_210600_T6,1736904006.32,158,Bright,Far,4,4,1280,720,24.28188856140062,3,3,bob,4,1,0.6172753179089456,1054.3173502793627,147.20627872645008,1163.1572727690852,348.88197731921133,21950.36740289678,diana,0.8317832382009136,chen,0.7783851174253067,0.053398120775606905,unknown,unknown,unknown,0,0,0,0,0,12.984847893431423,8.608379372392568,9.779182271049367,31.37240953687336
Bright_Far_20260114_210600_T6,1736904006.36,159,Bright,Far,4,4,1280,720,25.551307694157728,0,0,diana,1,1,0.8464955516550543,133.07228397676872,380.9036901891809,227.061655012731,518.0495981700086,12890.257631273955,diana,0.862173916536918,bob,0.6972782248626275,0.16489569167429052,diana,diana,diana,1,1,1,0,0,18.711914594141806,11.73739281211695,3.6642548856923707,34.113562291951126
Bright_Far_20260114_210600_T6,1736904006.36,159,Bright,Far,4,4,1280,720,25.551307694157728,0,1,chen,2,1,0.7741911796992369,445.8973003101219,241.42662927242858,546.2219902693731,418.13432121459414,17728.14440751263,chen,0.8727792580813084,bob,0.6959334403457873,0.1768458177355211,chen,chen,chen,2,1,1,0,0,18.711914594141806,11.73739281211695,3.6642548856923707,34.113562291951126
Bright_Far_20260114_210600_T6,1736904006.36,159,Bright,Far,4,4,1280,720,25.551307694157728,0,2,alice,3,1,0.849878453215003,782.0119493166263,267.83511778479783,881.5998862917166,401.06707312358265,13268.29557134695,diana,0.4975148646053672,bob,0.48229034710829155,0.015224517497075651,unknown,unknown,unknown,0,0,0,0,0,18.711914594141806,11.73739281211695,3.6642548856923707,34.113562291951126
Bright_Far_20260114_210600_T6,1736904006.36,159,Bright,Far,4,4,1280,720,25.551307694157728,0,3,bob,4,1,0.7483590408307783,1068.8824881080031,316.5206370544713,1190.7651778065433,476.15162634677654,19456.254334185025,chen,0.6756362810175424,diana,0.6154692587623807,0.060167022255161684,unknown,unknown,unknown,0,0,0,0,0,18.711914594141806,11.73739281211695,3.6642548856923707,34.113562291951126
Bright_Far_20260114_210600_T6,1736904006.4,160,Bright,Far,4,4,1280,720,22.869912308800906,3,0,diana,1,1,0.9144744488104936,99.30768646123873,199.9635223720985,192.3635288076893,411.1278220240763,19650.07177761309,diana,0.8070565435994882,alice,0.7014897794460371,0.10556676415345112,diana,diana,diana,2,1,1,0,0,15.19920751023801,14.93451484006341,9.730020453989182,39.8637428042906
Bright_Far_20260114_210600_T6,1736904006.4,160,Bright,Far,4,4,1280,720,22.869912308800906,3,1,chen,2,1,0.7334867293031966,398.35668997531764,262.40807169356265,510.3657017479445,422.2332056260399,17901.85530820451,chen,0.7959366537286573,alice,0.6347348942980922,0.16120175943056514,chen,chen,chen,1,1,1,0,0,15.19920751023801,14.93451484006341,9.730020453989182,39.8637428042906
Bright_Far_20260114_210600_T6,1736904006.4,160,Bright,Far,4,4,1280,720,22.869912308800906,3,2,alice,3,1,0.8419368251393653,753.0432779487402,244.61006100515306,861.9626834739246,393.43801092386343,16210.25183067785,alice,0.8050292647415156,diana,0.6832474057703357,0.12178185897117988,alice,alice,alice,2,1,1,0,0,15.19920751023801,14.93451484006341,9.730020453989182,39.8637428042906
Bright_Far_20260114_210600_T6,1736904006.4,160,Bright,Far,4,4,1280,720,22.869912308800906,3,3,bob,4,1,0.7954854737942477,1051.8502610744054,242.57206645442938,1153.4283370728563,399.1570902260782,15905.605444895788,bob,0.8893590996769756,chen,0.7792092997763546,0.11014979990062101,bob,bob,bob,2,1,1,0,0,15.19920751023801,14.93451484006341,9.730020453989182,39.8637428042906
Bright_Far_20260114_210600_T6,1736904006.44,161,Bright,Far,4,4,1280,720,25.307212892412565,3,0,diana,1,1,0.8827816882767051,77.38218227577806,270.41538650215904,179.92048758261092,429.0961137454664,16270.852856384523,diana,0.8604852686095271,alice,0.7603850106139474,0.10010025799557976,diana,diana,diana,3,1,1,0,0,9.655705227976929,5.088614294017788,6.451116695572578,21.195436217567295
Bright_Far_20260114_210600_T6,1736904006.44,161,Bright,Far,4,4,1280,720,25.307212892412565,3,1,chen,2,1,0.7740674117036479,418.97144956319136,273.4313942480629,506.8822896894471,474.28393794819107,17657.11585817376,chen,0.8334874399095601,alice,0.7010820502559988,0.1324053896535613,chen,chen,chen,2,1,1,0,0,9.655705227976929,5.088614294017788,6.451116695572578,21.195436217567295
Bright_Far_20260114_210600_T6,1736904006.44,161,Bright,Far,4,4,1280,720,25.307212892412565,3,2,alice,-1,0,-1.0,-1.0,-1.0,-1.0,-1.0,0.0,unknown,-1.0,unknown,-1.0,-1.0,unknown,unknown,unknown,0,0,0,0,1,9.655705227976929,5.088614294017788,6.451116695572578,21.195436217567295
Bright_Far_20260114_210600_T6,1736904006.44,161,Bright,Far,4,4,1280,720,25.307212892412565,3,3,bob,4,1,0.8049570339378795,1071.0308004157102,162.3394871111127,1164.8786509739532,373.525026702392,19819.30895962428,bob,0.8496462367104617,alice,0.727018733937797,0.12262750277266465,bob,bob,bob,2,1,1,0,0,9.655705227976929,5.088614294017788,6.451116695572578,21.195436217567295
Bright_Far_20260114_210600_T6,1736904006.48,162,Bright,Far,4,4,1280,720,23.625135315585947,0,0,diana,1,1,0.7481505917099847,110.79649193631808,273.5320788529158,197.1100030362062,443.20166299238156,14644.77753393518,diana,0.8447969456449524,alice,0.7245442848388431,0.1202526608061093,diana,diana,diana,1,1,1,0,0,21.23573386221003,15.477959271365043,13.117754932035337,49.83144806561041
Bright_Far_20260114_210600_T6,1736904006.48,162,Bright,Far,4,4,1280,720,23.625135315585947,0,1,chen,2,1,0.6730131512606456,401.3479587577616,246.71368111234503,516.2439872889139,449.6335149671862,23314.683020122517,chen,0.9290362912473774,diana,0.7522912612935837,0.1767450299537937,chen,chen,chen,2,1,1,0,0,21.23573386221003,15.477959271365043,13.117754932035337,49.83144806561041
Bright_Far_20260114_210600_T6,1736904006.48,162,Bright,Far,4,4,1280,720,23.625135315585947,0,2,alice,3,1,0.7344961765874127,761.3781274402058,240.2528690822606,843.8502061626598,424.6697134694386,15209.240508045883,chen,0.7025878712864252,diana,0.6562022583965977,0.046385612889827454,unknown,unknown,unknown,0,0,0,0,0,21.23573386221003,15.477959271365043,13.117754932035337,49.83144806561041
Bright_Far_20260114_210600_T6,1736904006.48,162,Bright,Far,4,4,1280,720,23.625135315585947,0,3,bob,4,1,0.6833144260644306,1085.5575124716195,286.9862868176143,1172.4808164638123,470.95727764210267,15991.366361181916,bob,0.8363706709958393,diana,0.6618173236249328,0.17455334737090644,bob,bob,bob,2,1,1,0,0,21.23573386221003,15.477959271365043,13.117754932035337,49.83144806561041
Bright_Far_20260114_210600_T6,1736904006.52,163,Bright,Far,4,4,1280,720,26.455504380839752,1,0,diana,1,1,0.5176718862221962,129.8147790007124,174.89689665309527,248.09849420010198,369.15772293404996,22977.89225021454,diana,0.7567533618762217,chen,0.652342956514865,0.1044104053613567,diana,diana,diana,1,1,1,0,0,13.508698896224983,8.115897889427046,15.795949584550634,37.420546370202665
Bright_Far_20260114_210600_T6,1736904006.52,163,Bright,Far,4,4,1280,720,26.455504380839752,1,1,chen,2,1,0.6727028599827329,430.980545167857,273.4460436543896,534.7669046626298,446.54808187109114,17965.630367636495,diana,0.7410061043649414,chen,0.7130484342129112,0.027957670152030212,unknown,unknown,unknown,0,0,0,0,0,13.508698896224983,8.115897889427046,15.795949584550634,37.420546370202665
Bright_Far_20260114_210600_T6,1736904006.52,163,Bright,Far,4,4,1280,720,26.455504380839752,1,2,alice,3,1,0.7368255377027932,731.5935135312441,264.45339148347927,854.4145470106716,446.8452627582214,22401.558128210545,alice,0.8626667347143204,chen,0.791091129883815,0.0715756048305054,alice,alice,alice,1,1,1,0,0,13.508698896224983,8.115897889427046,15.795949584550634,37.420546370202665
Bright_Far_20260114_210600_T6,1736904006.52,163,Bright,Far,4,4,1280,720,26.455504380839752,1,3,bob,4,1,0.6959865272414741,1080.5251107672323,251.74038546730745,1173.394951155358,431.575175572955,16701.228253343594,bob,0.8396245112057212,diana,0.7611609335054645,0.07846357770025669,bob,bob,bob,2,1,1,0,0,13.508698896224983,8.115897889427046,15.795949584550634,37.420546370202665
Bright_Far_20260114_210600_T6,1736904006.56,164,Bright,Far,4,4,1280,720,23.828480534046072,0,0,diana,1,1,0.7158994321124111,102.2484893259471,220.34366561848736,209.9147568817922,369.3390580225135,16041.777783160003,diana,0.8884512582911321,bob,0.7857196699310827,0.10273158836004948,diana,diana,diana,2,1,1,0,0,16.98131502062525,9.442102606565665,11.64857628100247,38.071993908193384
Bright_Far_20260114_210600_T6,1736904006.56,164,Bright,Far,4,4,1280,720,23.828480534046072,0,1,chen,2,1,0.6245612503684382,430.3027093242109,206.0440313159027,526.3128373058504,389.6158796928908,17624.756656500744,chen,0.8419661338711537,bob,0.7056861876861501,0.1362799461850036,chen,chen,chen,2,1,1,0,0,16.98131502062525,9.442102606565665,11.64857628100247,38.071993908193384
Bright_Far_20260114_210600_T6,1736904006.56,164,Bright,Far,4,4,1280,720,23.828480534046072,0,2,alice,3,1,0.7729004585222429,747.9625107661104,146.66854225428654,863.2887487856271,321.01422458213153,20106.631657816102,alice,0.6595801004285133,chen,0.6379672738611769,0.02161282656733643,unknown,unknown,unknown,0,0,0,0,0,16.98131502062525,9.442102606565665,11.64857628100247,38.071993908193384
Bright_Far_20260114_210600_T6,1736904006.56,164,Bright,Far,4,4,1280,720,23.828480534046072,0,3,bob,4,1,0.9235437478665288,1075.569190230335,252.54244736833482,1190.1692026210783,436.37900079115445,21067.671300126683,bob,0.8707214912060421,chen,0.7093020075477958,0.16141948365824632,bob,bob,bob,2,1,1,0,0,16.98131502062525,9.442102606565665,11.64857628100247,38.071993908193384
Bright_Far_20260114_210600_T6,1736904006.6,165,Bright,Far,4,4,1280,720,24.147456619749867,1,0,diana,1,1,0.8076088220806182,114.03336032417377,274.8881829878034,214.644157590492,412.4701322608267,13842.229605813023,diana,0.89229957527004,bob,0.8025208009511043,0.08977877431893566,diana,diana,diana,1,1,1,0,0,22.36465656701282,16.938361248946162,3.1802699170217394,42.48328773298072
Bright_Far_20260114_210600_T6,1736904006.6,165,Bright,Far,4,4,1280,720,24.147456619749867,1,1,chen,2,1,0.7874867474017891,400.46966365775955,197.7342764679347,523.585284453676,369.7648698304365,21179.653297714267,chen,0.8197218558429253,alice,0.7079627646282052,0.11175909121472016,chen,chen,chen,1,1,1,0,0,22.36465656701282,16.938361248946162,3.1802699170217394,42.48328773298072
Bright_Far_20260114_210600_T6,1736904006.6,165,Bright,Far,4,4,1280,720,24.147456619749867,1,2,alice,-1,0,-1.0,-1.0,-1.0,-1.0,-1.0,0.0,unknown,-1.0,unknown,-1.0,-1.0,unknown,unknown,unknown,0,0,0,0,1,22.36465656701282,16.938361248946162,3.1802699170217394,42.48328773298072
Bright_Far_20260114_210600_T6,1736904006.6,165,Bright,Far,4,4,1280,720,24.147456619749867,1,3,bob,4,1,0.8548566751390078,1064.0031721029898,312.5573378615409,1185.258812434188,459.74481181061424,17847.311402426454,bob,0.894372595852072,alice,0.8066725900730147,0.08770000577905723,bob,bob,bob,3,1,1,0,0,22.36465656701282,16.938361248946162,3.1802699170217394,42.48328773298072
Bright_Far_20260114_210600_T6,1736904006.64,166,Bright,Far,4,4,1280,720,26.637804255249147,1,0,diana,1,1,0.786742335154973,135.2479154630633,222.322051032756,220.9581226650892,431.00457945999483,17886.222750941302,chen,0.7009938404514039,diana,0.634664130163479,0.06632971028792489,unknown,unknown,unknown,0,0,0,0,0,12.088084965239542,6.5982380082495835,10.845625710541405,29.53194868403053
Bright_Far_20260114_210600_T6,1736904006.64,166,Bright,Far,4,4,1280,720,26.637804255249147,1,1,chen,2,1,0.697547933719939,427.48829723090796,240.71711646146719,541.5960176536166,424.26103726332826,20943.778400146544,chen,0.8238028810994442,bob,0.6830172206723357,0.1407856604271085,chen,chen,chen,2,1,1,0,0,12.088084965239542,6.5982380082495835,10.845625710541405,29.53194868403053
Bright_Far_20260114_210600_T6,1736904006.64,166,Bright,Far,4,4,1280,720,26.637804255249147,1,2,alice,3,1,0.7450248132984332,736.7563286407587,158.7336319868595,839.8514308454335,335.3082767895332,18203.98105268578,alice,0.7717020765957048,diana,0.606105047118322,0.16559702947738275,alice,alice,alice,2,1,1,0,0,12.088084965239542,6.5982380082495835,10.845625710541405,29.53194868403053
Bright_Far_20260114_210600_T6,1736904006.64,166,Bright,Far,4,4,1280,720,26.637804255249147,1,3,bob,4,1,0.8433363310447322,1096.442419978589,266.3876367836823,1178.932874334313,451.3122864619336,15254.518373532052,bob,0.8391228395315581,alice,0.7130913385793956,0.12603150095216253,bob,bob,bob,2,1,1,0,0,12.088084965239542,6.5982380082495835,10.845625710541405,29.53194868403053
Bright_Far_20260114_210600_T6,1736904006.68,167,Bright,Far,4,4,1280,720,19.27832262169337,1,0,diana,1,1,0.7217698804075252,94.01031055192026,199.69837189953003,190.3943848239785,409.29808810594295,20202.07461424123,diana,0.8601693311041765,alice,0.6806326811208581,0.17953664998331842,diana,diana,diana,2,1,1,0,0,30.424909916283617,11.362397653317887,13.685429840531603,55.47273741013311
Bright_Far_20260114_210600_T6,1736904006.68,167,Bright,Far,4,4,1280,720,19.27832262169337,1,1,chen,2,1,0.7373592308590498,402.3821504408023,198.45708665973228,527.34188950305,367.99537117620736,21185.459794239825,chen,0.801556554250956,bob,0.685580236509563,0.11597631774139294,chen,chen,chen,2,1,1,0,0,30.424909916283617,11.362397653317887,13.685429840531603,55.47273741013311
Bright_Far_20260114_210600_T6,1736904006.68,167,Bright,Far,4,4,1280,720,19.27832262169337,1,2,alice,3,1,0.8000249062024287,766.4345021814847,258.71681443658025,848.3455277554135,423.0459741743006,13460.370005818642,alice,0.9315678698531604,diana,0.7694139436092371,0.16215392624392333,alice,alice,alice,2,1,1,0,0,30.424909916283617,11.362397653317887,13.685429840531603,55.47273741013311
Bright_Far_20260114_210600_T6,1736904006.68,167,Bright,Far,4,4,1280,720,19.27832262169337,1,3,bob,4,1,0.7694037388997901,1062.537955377419,193.6114196101127,1177.0746087965406,396.56920720084946,23246.105775991924,bob,0.8631994799817337,diana,0.7138034481949407,0.14939603178679306,bob,bob,bob,2,1,1,0,0,30.424909916283617,11.362397653317887,13.685429840531603,55.47273741013311
Bright_Far_20260114_210600_T6,1736904006.72,168,Bright,Far,4,4,1280,720,27.441806500009054,0,0,diana,1,1,0.7588531272285479,56.42324310348032,255.5447805826249,172.00077159085538,428.9285181011934,20039.26386229991,diana,0.8225506895790462,alice,0.6446036161687103,0.1779470734103359,diana,diana,diana,1,1,1,0,0,13.312748133678236,10.168898890028567,3.837690707121375,27.319337730828178
Bright_Far_20260114_210600_T6,1736904006.72,168,Bright,Far,4,4,1280,720,27.441806500009054,0,1,chen,2,1,0.8805494363378112,415.8929801376185,228.0632204875552,520.1683547805525,443.15486040767416,22428.761335233456,chen,0.9088467024532778,diana,0.758819017936847,0.15002768451643078,chen,chen,chen,1,1,1,0,0,13.312748133678236,10.168898890028567,3.837690707121375,27.319337730828178
Bright_Far_20260114_210600_T6,1736904006.72,168,Bright,Far,4,4,1280,720,27.441806500009054,0,2,alice,3,1,0.7229767675841033,741.0656230684034,167.39407943071708,863.2600444549115,380.98729634306903,26099.899552687766,alice,0.826449468760853,bob,0.6647074024242674,0.1617420663365856,alice,alice,alice,3,1,1,0,0,13.312748133678236,10.168898890028567,3.837690707121375,27.319337730828178
Bright_Far_20260114_210600_T6,1736904006.72,168,Bright,Far,4,4,1280,720,27.441806500009054,0,3,bob,4,1,0.7461190274004726,1053.9892754766047,250.51273798594923,1180.2761029940016,452.97014815384273,25567.70403749164,bob,0.8858733131595472,chen,0.7766518784551711,0.10922143470437606,bob,bob,bob,2,1,1,0,0,13.312748133678236,10.168898890028567,3.837690707121375,27.319337730828178
Bright_Far_20260114_210600_T6,1736904006.76,169,Bright,Far,4,4,1280,720,25.695051010720764,1,0,diana,1,1,0.7450958770641071,119.57498665748275,213.0338253658229,209.82179777463486,371.62346169069514,14312.208954548589,diana,0.8778517413861862,chen,0.7727508726535175,0.10510086873266866,diana,diana,diana,3,1,1,0,0,15.095913593850469,9.787745233605932,7.326775414909498,32.2104342423659
Bright_Far_20260114_210600_T6,1736904006.76,169,Bright,Far,4,4,1280,720,25.695051010720764,1,1,chen,2,1,0.7747434473323704,414.12764295793374,286.85146781791093,525.1470281594302,468.5606480330432,20173.241472951908,chen,0.8797318615917661,alice,0.7671161644532355,0.11261569713853059,chen,chen,chen,2,1,1,0,0,15.095913593850469,9.787745233605932,7.326775414909498,32.2104342423659
Bright_Far_20260114_210600_T6,1736904006.76,169,Bright,Far,4,4,1280,720,25.695051010720764,1,2,alice,3,1,0.8653595250241319,761.445055060138,272.6190096762246,849.9293681714182,480.06471270432274,18355.69054032789,diana,0.7173050431204876,alice,0.660494202716956,0.05681084040353157,unknown,unknown,unknown,0,0,0,0,0,15.095913593850469,9.787745233605932,7.326775414909498,32.2104342423659
Bright_Far_20260114_210600_T6,1736904006.76,169,Bright,Far,4,4,1280,720,25.695051010720764,1,3,bob,4,1,0.8214915706597882,1068.6423326927315,184.16811940297862,1167.2726006066891,386.31493247996025,19937.794331735404,bob,0.8462874306770831,chen,0.6979142601133126,0.14837317056377053,bob,bob,bob,2,1,1,0,0,15.095913593850469,9.787745233605932,7.326775414909498,32.2104342423659
Bright_Far_20260114_210600_T6,1736904006.8,170,Bright,Far,4,4,1280,720,26.95062039216556,1,0,diana,1,1,0.7418422246516168,97.60458922522585,259.8718099940867,224.48119640725454,441.1504885741547,23000.023692680526,diana,0.9173158643907411,alice,0.8390710662217415,0.07824479816899954,diana,diana,diana,1,1,1,0,0,8.756900879796085,4.484968346919495,8.217814792793948,21.459684019509528
Bright_Far_20260114_210600_T6,1736904006.8,170,Bright,Far,4,4,1280,720,26.95062039216556,1,1,chen,2,1,0.6624216538427512,420.4756259985537,230.15808889714873,545.0649744084322,444.77591318208005,26739.0948848054,chen,0.8379578776815949,alice,0.7042946540960118,0.13366322358558314,chen,chen,chen,2,1,1,0,0,8.756900879796085,4.484968346919495,8.217814792793948,21.459684019509528
Bright_Far_20260114_210600_T6,1736904006.8,170,Bright,Far,4,4,1280,720,26.95062039216556,1,2,alice,3,1,0.8895363931530756,754.8786065949938,235.7592192901243,857.4096702435996,377.94150501598256,14578.100987462232,alice,0.69675876047323,diana,0.6771723567967805,0.019586403676449593,unknown,unknown,unknown,0,0,0,0,0,8.756900879796085,4.484968346919495,8.217814792793948,21.459684019509528
Bright_Far_20260114_210600_T6,1736904006.8,170,Bright,Far,4,4,1280,720,26.95062039216556,1,3,bob,4,1,0.8350839038908573,1071.9383119243787,180.02768081456287,1163.6359565223854,371.06126413982184,17517.3296300433,bob,0.7923706892137108,diana,0.6615717595950725,0.13079892961863826,bob,bob,bob,2,1,1,0,0,8.756900879796085,4.484968346919495,8.217814792793948,21.459684019509528
Bright_Far_20260114_210600_T6,1736904006.84,171,Bright,Far,4,4,1280,720,24.11664226568047,1,0,diana,1,1,0.6999909068165207,105.59515867275792,291.0483054361905,220.24940261109236,429.36763679936644,15858.898359500889,diana,0.817759383337973,bob,0.6918472362886202,0.12591214704935283,diana,diana,diana,1,1,1,0,0,11.118023922908732,6.988241520404776,6.132808736017498,24.239074179331006
Bright_Far_20260114_210600_T6,1736904006.84,171,Bright,Far,4,4,1280,720,24.11664226568047,1,1,chen,2,1,0.7486432511211132,433.5923861695335,299.8279024078428,535.154719709014,512.5846933724101,21608.076166732917,chen,0.8896885956857615,alice,0.761126401313894,0.12856219437186756,chen,chen,chen,2,1,1,0,0,11.118023922908732,6.988241520404776,6.132808736017498,24.239074179331006
Bright_Far_20260114_210600_T6,1736904006.84,171,Bright,Far,4,4,1280,720,24.11664226568047,1,2,alice,3,1,0.8482831233292649,743.4147793439489,265.5804588595949,833.9841677973712,456.8007884438393,17318.708310306876,alice,0.8513213427079117,chen,0.7261512601368163,0.1251700825710954,alice,alice,alice,3,1,1,0,0,11.118023922908732,6.988241520404776,6.132808736017498,24.239074179331006
Bright_Far_20260114_210600_T6,1736904006.84,171,Bright,Far,4,4,1280,720,24.11664226568047,1,3,bob,4,1,0.786800078597928,1044.8373036642158,242.82537583021434,1133.9213056034416,442.81113557203236,17815.531808657663,chen,0.6455123852976116,bob,0.5778758641832263,0.06763652111438523,unknown,unknown,unknown,0,0,0,0,0,11.118023922908732,6.988241520404776,6.132808736017498,24.239074179331006
Bright_Far_20260114_210600_T6,1736904006.88,172,Bright,Far,4,4,1280,720,27.00816204079957,0,0,diana,1,1,0.6672478216581688,107.3811198284169,233.5710466236212,206.8757480978809,432.2288579434621,19765.385090092885,diana,0.8460985869538438,chen,0.7281214255561222,0.11797716139772152,diana,diana,diana,2,1,1,0,0,15.463075204055608,13.768227585219622,9.077916294234496,38.309219083509724
Bright_Far_20260114_210600_T6,1736904006.88,172,Bright,Far,4,4,1280,720,27.00816204079957,0,1,chen,2,1,0.7267269408869149,393.2782355037756,275.3228789455455,516.22279589609,443.8721552902222,20722.216684639003,diana,0.7922562793565137,chen,0.7099961566507931,0.08226012270572058,diana,diana,diana,1,0,0,1,0,15.463075204055608,13.768227585219622,9.077916294234496,38.309219083509724
Bright_Far_20260114_210600_T6,1736904006.88,172,Bright,Far,4,4,1280,720,27.00816204079957,0,2,alice,3,1,0.7575695176588711,763.164265042042,240.99930137095174,857.0269850885502,446.34004590003866,19273.84081787525,alice,0.8541584970747623,chen,0.7159212318757148,0.13823726519904755,alice,alice,alice,3,1,1,0,0,15.463075204055608,13.768227585219622,9.077916294234496,38.309219083509724
Bright_Far_20260114_210600_T6,1736904006.88,172,Bright,Far,4,4,1280,720,27.00816204079957,0,3,bob,4,1,0.8940879115015662,1084.4925314339807,274.8901046000673,1195.1765869296237,422.9992427158759,16393.320062622006,bob,0.8566651206083619,alice,0.7389367393828714,0.11772838122549045,bob,bob,bob,3,1,1,0,0,15.463075204055608,13.768227585219622,9.077916294234496,38.309219083509724
Bright_Far_20260114_210600_T6,1736904006.92,173,Bright,Far,4,4,1280,720,27.011456304737067,1,0,diana,1,1,0.8431009420363716,126.19193528537915,255.18181366409868,212.08918868694326,433.57657310033386,15323.619856805364,diana,0.8976597497112602,alice,0.7607557815946349,0.1369039681166253,diana,diana,diana,2,1,1,0,0,12.820447071224448,8.159999229817766,11.583409679630554,32.56385598067277
Bright_Far_20260114_210600_T6,1736904006.92,173,Bright,Far,4,4,1280,720,27.011456304737067,1,1,chen,2,1,0.883315245391677,456.19275011849334,194.30852327502163,545.0807071990989,402.4951041633306,18505.279866758032,chen,0.8409892045289917,diana,0.7184097613303856,0.12257944319860614,chen,chen,chen,1,1,1,0,0,12.820447071224448,8.159999229817766,11.583409679630554,32.56385598067277
Bright_Far_20260114_210600_T6,1736904006.92,173,Bright,Far,4,4,1280,720,27.011456304737067,1,2,alice,3,1,0.75950136587148,765.2172659161869,228.63753350507898,852.747639822412,388.1997493607872,13966.540415155945,alice,0.800227539075437,bob,0.6992450339652824,0.10098250511015461,alice,alice,alice,2,1,1,0,0,12.820447071224448,8.159999229817766,11.583409679630554,32.56385598067277
Bright_Far_20260114_210600_T6,1736904006.92,173,Bright,Far,4,4,1280,720,27.011456304737067,1,3,bob,4,1,0.7534633368476569,1045.7064372996929,292.681836047388,1168.3783133785987,473.21529549092276,22146.378164953465,bob,0.9243402771574601,diana,0.7806270446688033,0.14371323248865686,bob,bob,bob,2,1,1,0,0,12.820447071224448,8.159999229817766,11.583409679630554,32.56385598067277
Bright_Far_20260114_210600_T6,1736904006.96,174,Bright,Far,4,4,1280,720,20.479000080513615,3,0,diana,-1,0,-1.0,-1.0,-1.0,-1.0,-1.0,0.0,unknown,-1.0,unknown,-1.0,-1.0,unknown,unknown,unknown,0,0,0,0,1,18.03594529113636,8.015827041377204,8.491605617201728,34.54337794971529
Bright_Far_20260114_210600_T6,1736904006.96,174,Bright,Far,4,4,1280,720,20.479000080513615,3,1,chen,-1,0,-1.0,-1.0,-1.0,-1.0,-1.0,0.0,unknown,-1.0,unknown,-1.0,-1.0,unknown,unknown,unknown,0,0,0,0,1,18.03594529113636,8.015827041377204,8.491605617201728,34.54337794971529
Bright_Far_20260114_210600_T6,1736904006.96,174,Bright,Far,4,4,1280,720,20.479000080513615,3,2,alice,3,1,0.6858780444797116,759.3541145405569,259.97298316837816,858.3972331902929,443.3728179233783,18164.491593981456,diana,0.7205088266041364,bob,0.7022419909419116,0.018266835662224756,unknown,unknown,unknown,0,0,0,0,0,18.03594529113636,8.015827041377204,8.491605617201728,34.54337794971529
Bright_Far_20260114_210600_T6,1736904006.96,174,Bright,Far,4,4,1280,720,20.479000080513615,3,3,bob,4,1,0.7993136444102479,1086.9021300060049,228.10061832674543,1172.2255252960258,430.84027467622013,17298.43583966923,bob,0.9366012712899037,diana,0.7813314924990146,0.1552697787908891,bob,bob,bob,1,1,1,0,0,18.03594529113636,8.015827041377204,8.491605617201728,34.54337794971529
Bright_Far_20260114_210600_T6,1736904007.0,175,Bright,Far,4,4,1280,720,25.705184302677516,1,0,diana,1,1,0.7685737550941913,89.33866860274148,189.42457327064622,212.52116518936666,336.15019681057504,18074.028620877732,diana,0.7870190404959049,alice,0.6103461069450703,0.17667293355083458,diana,diana,diana,2,1,1,0,0,9.226246635050813,5.032573316492403,3.01153128505079,17.270351236594006
Bright_Far_20260114_210600_T6,1736904007.0,175,Bright,Far,4,4,1280,720,25.705184302677516,1,1,chen,2,1,0.6531392499314237,396.88748892218825,213.2495710142742,503.20202401024983,372.0559603268192,16883.427448776933,chen,0.7960320879777145,bob,0.6448463162577897,0.15118577171992487,chen,chen,chen,1,1,1,0,0,9.226246635050813,5.032573316492403,3.01153128505079,17.270351236594006
Bright_Far_20260114_210600_T6,1736904007.0,175,Bright,Far,4,4,1280,720,25.705184302677516,1,2,alice,3,1,0.7217131124211446,750.6383564874321,226.0716625327096,862.1886179260372,371.71593187672397,16246.656322359413,alice,0.9013938309237155,bob,0.7640558539029063,0.1373379770208092,alice,alice,alice,2,1,1,0,0,9.226246635050813,5.032573316492403,3.01153128505079,17.270351236594006
Bright_Far_20260114_210600_T6,1736904007.0,175,Bright,Far,4,4,1280,720,25.705184302677516,1,3,bob,-1,0,-1.0,-1.0,-1.0,-1.0,-1.0,0.0,unknown,-1.0,unknown,-1.0,-1.0,unknown,unknown,unknown,0,0,0,0,1,9.226246635050813,5.032573316492403,3.01153128505079,17.270351236594006
Bright_Far_20260114_210600_T6,1736904007.04,176,Bright,Far,4,4,1280,720,24.695883419266714,0,0,diana,1,1,0.776575072438938,139.06037648716517,226.98761121766717,235.92485874169768,402.27540216083804,16979.16111525098,diana,0.8747180155920616,alice,0.8096235464882322,0.06509446910382943,diana,diana,diana,1,1,1,0,0,16.220988080234452,6.923776653079169,10.022033379571269,33.16679811288489
Bright_Far_20260114_210600_T6,1736904007.04,176,Bright,Far,4,4,1280,720,24.695883419266714,0,1,chen,2,1,0.764520878280088,372.7332487784254,121.76316645285691,496.5275551845191,307.1396089969188,22948.548128771225,chen,0.9224540514566881,bob,0.7597015422212536,0.1627525092354345,chen,chen,chen,2,1,1,0,0,16.220988080234452,6.923776653079169,10.022033379571269,33.16679811288489
Bright_Far_20260114_210600_T6,1736904007.04,176,Bright,Far,4,4,1280,720,24.695883419266714,0,2,alice,3,1,0.7683123727850649,743.1257121057797,282.5217004580842,858.4083126468263,491.5615127353161,24098.653175931493,alice,0.8094636272854124,bob,0.6530955891571802,0.1563680381282322,alice,alice,alice,1,1,1,0,0,16.220988080234452,6.923776653079169,10.022033379571269,33.16679811288489
Bright_Far_20260114_210600_T6,1736904007.04,176,Bright,Far,4,4,1280,720,24.695883419266714,0,3,bob,4,1,0.5535679073430035,1052.7847928594108,282.9906522774679,1179.150569914502,426.44389931205785,18127.581032601924,chen,0.6228448493364959,bob,0.5665833925030127,0.05626145683348316,unknown,unknown,unknown,0,0,0,0,0,16.220988080234452,6.923776653079169,10.022033379571269,33.16679811288489
Bright_Far_20260114_210600_T6,1736904007.08,177,Bright,Far,4,4,1280,720,21.137633480030743,0,0,diana,1,1,0.9148355710293679,126.65708747771882,275.6101873935328,217.34026755678636,437.25823242152967,14658.75877670306,diana,0.8445594251002126,bob,0.7044599679697553,0.14009945713045735,diana,diana,diana,2,1,1,0,0,10.632163869581994,10.52601461446914,6.506127429783827,27.664305913834962
Bright_Far_20260114_210600_T6,1736904007.08,177,Bright,Far,4,4,1280,720,21.137633480030743,0,1,chen,2,1,0.8597846215461384,429.8762277953768,270.38986243853424,531.030584436955,482.9024557653423,21496.574656206616,chen,0.9121225930634709,diana,0.775870628066815,0.13625196499665593,chen,chen,chen,1,1,1,0,0,10.632163869581994,10.52601461446914,6.506127429783827,27.664305913834962
Bright_Far_20260114_210600_T6,1736904007.08,177,Bright,Far,4,4,1280,720,21.137633480030743,0,2,alice,3,1,0.7335155945079797,771.257089918612,266.03675656355716,855.0197638651174,397.23881912531516,10989.835587469539,alice,0.7975424526419602,chen,0.6562163357128691,0.14132611692909114,alice,alice,alice,2,1,1,0,0,10.632163869581994,10.52601461446914,6.506127429783827,27.664305913834962
Bright_Far_20260114_210600_T6,1736904007.08,177,Bright,Far,4,4,1280,720,21.137633480030743,0,3,bob,4,1,0.8558204173552322,1063.8755014304343,292.5788239686467,1177.799509489062,491.8073072431314,22696.907334070587,bob,0.928348218561351,diana,0.8134294038918902,0.11491881466946074,bob,bob,bob,3,1,1,0,0,10.632163869581994,10.52601461446914,6.506127429783827,27.664305913834962
Bright_Far_20260114_210600_T6,1736904007.12,178,Bright,Far,4,4,1280,720,24.47041718034142,1,0,diana,1,1,0.718721981629789,146.177404223484,251.42257262566613,242.74188908822944,449.92102550991774,19167.9008492167,diana,0.875920030345006,bob,0.8121637671632806,0.06375626318172534,diana,diana,diana,2,1,1,0,0,34.419435157222566,14.306930013658885,16.217728354055254,64.9440935249367
Bright_Far_20260114_210600_T6,1736904007.12,178,Bright,Far,4,4,1280,720,24.47041718034142,1,1,chen,2,1,0.6676529438666299,417.80857210470924,275.46644746737957,528.7955452265635,469.6254903116418,21549.124469521077,chen,0.8112703219761456,alice,0.6642371060152185,0.1470332159609271,chen,chen,chen,3,1,1,0,0,34.419435157222566,14.306930013658885,16.217728354055254,64.9440935249367
Bright_Far_20260114_210600_T6,1736904007.12,178,Bright,Far,4,4,1280,720,24.47041718034142,1,2,alice,3,1,0.8450426401687834,733.7194911477018,228.43733408576117,837.1766385695853,371.53039216967846,14803.999605235973,alice,0.8294179450539525,chen,0.7531807187427807,0.0762372263111718,alice,alice,alice,2,1,1,0,0,34.419435157222566,14.306930013658885,16.217728354055254,64.9440935249367
Bright_Far_20260114_210600_T6,1736904007.12,178,Bright,Far,4,4,1280,720,24.47041718034142,1,3,bob,4,1,0.7775564444850313,1036.0412790120465,254.12529900404886,1137.7252088067223,422.776503185876,17149.117205812443,bob,0.8479752761384125,alice,0.7030055741738559,0.1449697019645566,bob,bob,bob,2,1,1,0,0,34.419435157222566,14.306930013658885,16.217728354055254,64.9440935249367
Bright_Far_20260114_210600_T6,1736904007.16,179,Bright,Far,4,4,1280,720,27.85726203583676,1,0,diana,1,1,0.765499044386914,137.11877424482958,122.72968179564728,224.42414019092087,335.6994651406452,18593.40487039482,bob,0.7227180760169982,diana,0.6581024768242734,0.06461559919272486,unknown,unknown,unknown,0,0,0,0,0,9.601238074160227,9.078924275723427,5.531827865572724,24.211990215456378
Bright_Far_20260114_210600_T6,1736904007.16,179,Bright,Far,4,4,1280,720,27.85726203583676,1,1,chen,2,1,0.7362288289629507,396.89151557695266,360.6373517103982,518.2739988138065,506.6603309601603,17724.63183097971,chen,0.7826068859467286,diana,0.6702558918595463,0.1123509940871823,chen,chen,chen,2,1,1,0,0,9.601238074160227,9.078924275723427,5.531827865572724,24.211990215456378
Bright_Far_20260114_210600_T6,1736904007.16,179,Bright,Far,4,4,1280,720,27.85726203583676,1,2,alice,3,1,0.6815245526221669,770.7108946436996,190.34284636362247,882.0681033910449,389.9277182875318,22225.214245642954,bob,0.632607891910459,alice,0.6072851158154022,0.02532277609505673,unknown,unknown,unknown,0,0,0,0,0,9.601238074160227,9.078924275723427,5.531827865572724,24.211990215456378
Bright_Far_20260114_210600_T6,1736904007.16,179,Bright,Far,4,4,1280,720,27.85726203583676,1,3,bob,4,1,0.7560655822480462,1043.1663437431353,254.6342692680463,1164.9151294678672,429.64143931847184,21306.910446760994,bob,0.8604637249452028,chen,0.6964860150426883,0.1639777099025146,bob,bob,bob,3,1,1,0,0,9.601238074160227,9.078924275723427,5.531827865572724,24.211990215456378
Bright_Far_20260114_210600_T6,1736904007.2,180,Bright,Far,4,4,1280,720,21.613375669861178,4,0,diana,1,1,0.8375938323021093,102.36729193713904,233.02406448513693,192.93594610963942,388.8678776807021,14114.564422232894,diana,0.6820794511243199,alice,0.6224900874251544,0.059589363699165454,unknown,unknown,unknown,0,0,0,0,0,16.957832898936896,15.563933224144819,11.751296708503904,44.27306283158562
Bright_Far_20260114_210600_T6,1736904007.2,180,Bright,Far,4,4,1280,720,21.613375669861178,4,1,chen,2,1,0.8370197950900382,412.82531148579193,239.58334530456128,517.9740706277039,421.14939280910005,19091.444597403693,chen,0.8674597074698978,alice,0.7259307808722247,0.14152892659767302,chen,chen,chen,2,1,1,0,0,16.957832898936896,15.563933224144819,11.751296708503904,44.27306283158562
Bright_Far_20260114_210600_T6,1736904007.2,180,Bright,Far,4,4,1280,720,21.613375669861178,4,2,alice,3,1,0.8068104000224646,768.7554984444955,224.7089396084817,858.809449987348,395.3713407130814,15368.823599260473,alice,0.7911793520996044,chen,0.7195516150271861,0.07162773707241832,alice,alice,alice,2,1,1,0,0,16.957832898936896,15.563933224144819,11.751296708503904,44.27306283158562
Bright_Far_20260114_210600_T6,1736904007.2,180,Bright,Far,4,4,1280,720,21.613375669861178,4,3,bob,4,1,0.7461645311875419,1061.8408086678041,306.0008424872127,1154.6316046391426,520.420793793703,19896.197953864852,bob,0.7320826636264582,chen,0.566759043653817,0.16532361997264122,bob,bob,bob,2,1,1,0,0,16.957832898936896,15.563933224144819,11.751296708503904,44.27306283158562
Bright_Far_20260114_210600_T6,1736904007.24,181,Bright,Far,4,4,1280,720,23.720742177885136,1,0,diana,1,1,0.7807156388083829,107.61979333625773,195.69150915563097,228.0656425833497,394.1836575117763,23907.555377635694,diana,0.866598642170706,alice,0.68873706374582,0.17786157842488604,diana,diana,diana,2,1,1,0,0,14.368493581946742,8.277519819011541,4.163113484493332,26.809126885451615
Bright_Far_20260114_210600_T6,1736904007.24,181,Bright,Far,4,4,1280,720,23.720742177885136,1,1,chen,2,1,0.8316839969944777,439.04780307876496,222.28112232931284,543.2475884061598,358.80100708496553,14225.342684459698,chen,0.9430159531359682,bob,0.8053761075373029,0.13763984559866527,chen,chen,chen,3,1,1,0,0,14.368493581946742,8.277519819011541,4.163113484493332,26.809126885451615
Bright_Far_20260114_210600_T6,1736904007.24,181,Bright,Far,4,4,1280,720,23.720742177885136,1,2,alice,3,1,0.738506918050871,739.383270583701,333.6457536832715,850.4992232472339,464.7609498500213,14568.989930734399,alice,0.8847409524826071,chen,0.75015330426962,0.13458764821298708,alice,alice,alice,2,1,1,0,0,14.368493581946742,8.277519819011541,4.163113484493332,26.809126885451615
Bright_Far_20260114_210600_T6,1736904007.24,181,Bright,Far,4,4,1280,720,23.720742177885136,1,3,bob,4,1,0.7637686619535622,1067.2997585258647,202.04769665362252,1184.1807831535377,360.93479974191996,18570.887409082912,bob,0.8570155491995342,chen,0.7021788980223396,0.15483665117719458,bob,bob,bob,2,1,1,0,0,14.368493581946742,8.277519819011541,4.163113484493332,26.809126885451615
Bright_Far_20260114_210600_T6,1736904007.28,182,Bright,Far,4,4,1280,720,24.61228127588963,1,0,diana,1,1,0.7946823601484914,116.51660788679465,255.13737717446023,241.98951974383147,394.80187797142105,17524.111598054114,diana,0.8960499853625556,bob,0.7696408042356659,0.1264091811268897,diana,diana,diana,2,1,1,0,0,15.014610112041975,8.810352751454845,4.01853514790824,27.84349801140506
Bright_Far_20260114_210600_T6,1736904007.28,182,Bright,Far,4,4,1280,720,24.61228127588963,1,1,chen,2,1,0.7836087020392404,435.7007305801909,170.06597579402415,551.8736971990621,345.82045303764056,20417.91901793981,chen,0.8611562221304236,alice,0.76879532517594,0.09236089695448368,chen,chen,chen,2,1,1,0,0,15.014610112041975,8.810352751454845,4.01853514790824,27.84349801140506
Bright_Far_20260114_210600_T6,1736904007.28,182,Bright,Far,4,4,1280,720,24.61228127588963,1,2,alice,3,1,0.876189591116532,742.0308769643113,225.5438706248595,862.7275062129238,383.82817166573835,19104.381598606717,alice,0.881150971350966,bob,0.8145583929002447,0.06659257845072131,alice,alice,alice,2,1,1,0,0,15.014610112041975,8.810352751454845,4.01853514790824,27.84349801140506
Bright_Far_20260114_210600_T6,1736904007.28,182,Bright,Far,4,4,1280,720,24.61228127588963,1,3,bob,4,1,0.8401712126015252,1066.7390794293815,210.34293594331888,1182.1109506831185,382.245824419205,19832.75791738545,bob,0.7666717607151545,chen,0.6234205131184433,0.14325124759671126,bob,bob,bob,2,1,1,0,0,15.014610112041975,8.810352751454845,4.01853514790824,27.84349801140506
Bright_Far_20260114_210600_T6,1736904007.32,183,Bright,Far,4,4,1280,720,22.51332163416167,2,0,diana,1,1,0.7516285074504491,91.58861451190259,198.43222508952329,206.8893938313444,385.6553592521957,21586.973275584536,diana,0.8069126906500277,bob,0.6955457709168871,0.11136691973314061,diana,diana,diana,3,1,1,0,0,11.809854957291584,5.622201160808488,4.846487398021057,22.27854351612113
Bright_Far_20260114_210600_T6,1736904007.32,183,Bright,Far,4,4,1280,720,22.51332163416167,2,1,chen,2,1,0.6389520680707811,413.2848445240684,198.06104307413784,536.9652371193818,392.76945648504375,24081.613012271424,chen,0.9143325293414485,bob,0.813523316230625,0.10080921311082347,chen,chen,chen,2,1,1,0,0,11.809854957291584,5.622201160808488,4.846487398021057,22.27854351612113
Bright_Far_20260114_210600_T6,1736904007.32,183,Bright,Far,4,4,1280,720,22.51332163416167,2,2,alice,3,1,0.8057211125025772,747.7297523225204,237.78418346358083,860.6848262755268,376.21063934062647,15635.970560644264,alice,0.8727344329467932,bob,0.7986546975291855,0.0740797354176077,alice,alice,alice,2,1,1,0,0,11.809854957291584,5.622201160808488,4.846487398021057,22.27854351612113
Bright_Far_20260114_210600_T6,1736904007.32,183,Bright,Far,4,4,1280,720,22.51332163416167,2,3,bob,4,1,0.6564590303085385,1074.92099959898,285.51381373831725,1159.9338126036992,419.2747693670659,11371.395108199351,diana,0.6052756470536949,bob,0.546244167490351,0.05903147956334387,unknown,unknown,unknown,0,0,0,0,0,11.809854957291584,5.622201160808488,4.846487398021057,22.27854351612113
Bright_Far_20260114_210600_T6,1736904007.36,184,Bright,Far,4,4,1280,720,27.810771529570246,1,0,diana,1,1,0.6890417151525541,105.31285091611004,257.2138772776535,227.4000614915463,436.6975660121251,21912.66290138149,diana,0.7867556175451378,chen,0.6417145942761596,0.14504102326897816,diana,diana,diana,1,1,1,0,0,17.537337586172345,9.888119200371522,19.757965840563735,47.1834226271076
Bright_Far_20260114_210600_T6,1736904007.36,184,Bright,Far,4,4,1280,720,27.810771529570246,1,1,chen,2,1,0.7504927976598467,430.3415644900292,213.699033834293,546.03065558697,409.9238595030804,22701.07173227768,chen,0.8380272022954687,alice,0.7621492249521868,0.07587797734328183,chen,chen,chen,2,1,1,0,0,17.537337586172345,9.888119200371522,19.757965840563735,47.1834226271076
Bright_Far_20260114_210600_T6,1736904007.36,184,Bright,Far,4,4,1280,720,27.810771529570246,1,2,alice,3,1,0.7212961013210315,749.8177887966203,215.44507846153886,842.0824669874517,381.10619412016706,15284.669524977418,alice,0.927775079639648,diana,0.7517160912536622,0.17605898838598577,alice,alice,alice,1,1,1,0,0,17.537337586172345,9.888119200371522,19.757965840563735,47.1834226271076
Bright_Far_20260114_210600_T6,1736904007.36,184,Bright,Far,4,4,1280,720,27.810771529570246,1,3,bob,4,1,0.8396039982520906,1062.892167751356,301.05105454679193,1157.785469774513,451.83641290211534,14308.520551081672,bob,0.7873472278887689,chen,0.6967583221972784,0.09058890569149047,bob,bob,bob,3,1,1,0,0,17.537337586172345,9.888119200371522,19.757965840563735,47.1834226271076
Bright_Far_20260114_210600_T6,1736904007.4,185,Bright,Far,4,4,1280,720,23.369139759095102,2,0,diana,1,1,0.8041375040333001,95.43461858946915,142.7305059576634,204.62515893356152,304.2893350460369,17640.69584551837,diana,0.831522486644059,chen,0.6993923840415399,0.13213010260251912,diana,diana,diana,2,1,1,0,0,21.614652194841316,16.129334052096745,11.500756909819902,49.24474315675796
Bright_Far_20260114_210600_T6,1736904007.4,185,Bright,Far,4,4,1280,720,23.369139759095102,2,1,chen,2,1,0.5544930771354775,414.9794147696503,275.97652140883156,516.3260597933488,484.1886060119357,21101.596227915074,chen,0.8325491941534348,diana,0.6902113724708829,0.14233782168255182,chen,chen,chen,1,1,1,0,0,21.614652194841316,16.129334052096745,11.500756909819902,49.24474315675796
Bright_Far_20260114_210600_T6,1736904007.4,185,Bright,Far,4,4,1280,720,23.369139759095102,2,2,alice,3,1,0.8320482979763973,785.9285938205181,222.2728965738326,874.0487452976016,376.6232400994374,13601.375652016166,alice,0.8621685503522403,diana,0.7523092311607132,0.10985931919152703,alice,alice,alice,2,1,1,0,0,21.614652194841316,16.129334052096745,11.500756909819902,49.24474315675796
Bright_Far_20260114_210600_T6,1736904007.4,185,Bright,Far,4,4,1280,720,23.369139759095102,2,3,bob,4,1,0.8838256642389857,1064.1003524760865,210.7988429114485,1185.132841605597,407.27774883526814,23780.331045402796,bob,0.8373513098395726,chen,0.6858404324141365,0.15151087742543612,bob,bob,bob,2,1,1,0,0,21.614652194841316,16.129334052096745,11.500756909819902,49.24474315675796
Bright_Far_20260114_210600_T6,1736904007.44,186,Bright,Far,4,4,1280,720,24.353612319917197,1,0,diana,1,1,0.751705047728516,87.29173405714435,271.0098652099221,214.25187041505393,462.93629533547784,24367.00573942736,diana,0.8545890066752425,bob,0.7590762757127619,0.09551273096248059,diana,diana,diana,2,1,1,0,0,14.154212877415112,11.225527437494703,5.155430659822558,30.535170974732374
Bright_Far_20260114_210600_T6,1736904007.44,186,Bright,Far,4,4,1280,720,24.353612319917197,1,1,chen,2,1,0.7871075020148054,460.2815767515159,180.2738717314328,562.8736181567878,337.68198921122075,16148.820106012303,chen,0.8993316244040188,diana,0.832061703332047,0.06726992107197183,chen,chen,chen,1,1,1,0,0,14.154212877415112,11.225527437494703,5.155430659822558,30.535170974732374
Bright_Far_20260114_210600_T6,1736904007.44,186,Bright,Far,4,4,1280,720,24.353612319917197,1,2,alice,3,1,0.9440547465957322,743.396221539559,283.71510306979786,829.7670315794115,423.638332357518,12085.282656972413,alice,0.9023506885777491,bob,0.8395902874437668,0.06276040113398229,alice,alice,alice,1,1,1,0,0,14.154212877415112,11.225527437494703,5.155430659822558,30.535170974732374
Bright_Far_20260114_210600_T6,1736904007.44,186,Bright,Far,4,4,1280,720,24.353612319917197,1,3,bob,4,1,0.8807969150031236,1094.8387906440053,296.9913929765596,1196.5986345145411,452.59567841505714,15834.267791807804,bob,0.9369380420966927,chen,0.7866765576563095,0.15026148444038323,bob,bob,bob,2,1,1,0,0,14.154212877415112,11.225527437494703,5.155430659822558,30.535170974732374
Bright_Far_20260114_210600_T6,1736904007.48,187,Bright,Far,4,4,1280,720,22.992914694978573,1,0,diana,1,1,0.8110347360575199,94.04740220103344,226.36738045811646,221.82388418067586,377.3734302892144,19295.021805060274,diana,0.8614605833393425,bob,0.7387709586438619,0.12268962469548061,diana,diana,diana,2,1,1,0,0,12.724107568430446,7.604921791983103,12.332236391188403,32.66126575160195
Bright_Far_20260114_210600_T6,1736904007.48,187,Bright,Far,4,4,1280,720,22.992914694978573,1,1,chen,2,1,0.7415158602526293,407.84847027925764,227.89786814610878,514.7773546953761,396.51901376702074,18030.47099021197,chen,0.8192728666660121,alice,0.6708322457435678,0.14844062092244426,chen,chen,chen,3,1,1,0,0,12.724107568430446,7.604921791983103,12.332236391188403,32.66126575160195
Bright_Far_20260114_210600_T6,1736904007.48,187,Bright,Far,4,4,1280,720,22.992914694978573,1,2,alice,3,1,0.7236632763822548,729.7225352905131,190.73509469456621,829.8719510391737,404.7806902588302,21436.54133933515,alice,0.9211492754254424,chen,0.7689939553975119,0.15215532002793053,alice,alice,alice,1,1,1,0,0,12.724107568430446,7.604921791983103,12.332236391188403,32.66126575160195
Bright_Far_20260114_210600_T6,1736904007.48,187,Bright,Far,4,4,1280,720,22.992914694978573,1,3,bob,4,1,0.6077995791826836,1062.0856667934895,245.05603415222402,1170.20316017899,409.5481525911781,17784.475527290575,bob,0.7898984609014297,alice,0.6927806998982377,0.09711776100319203,bob,bob,bob,2,1,1,0,0,12.724107568430446,7.604921791983103,12.332236391188403,32.66126575160195
Bright_Far_20260114_210600_T6,1736904007.52,188,Bright,Far,4,4,1280,720,27.55678102528594,2,0,diana,1,1,0.6433451437615281,81.4072510238457,260.53058184997263,193.01972901142162,474.68990541464103,23902.852787195698,bob,0.6573435103720741,chen,0.6281288070601154,0.029214703311958634,unknown,unknown,unknown,0,0,0,0,0,15.568338366711938,13.446359934697648,8.227846690889978,37.242544992299564
Bright_Far_20260114_210600_T6,1736904007.52,188,Bright,Far,4,4,1280,720,27.55678102528594,2,1,chen,-1,0,-1.0,-1.0,-1.0,-1.0,-1.0,0.0,unknown,-1.0,unknown,-1.0,-1.0,unknown,unknown,unknown,0,0,0,0,1,15.568338366711938,13.446359934697648,8.227846690889978,37.242544992299564
Bright_Far_20260114_210600_T6,1736904007.52,188,Bright,Far,4,4,1280,720,27.55678102528594,2,2,alice,3,1,0.7108729665381119,743.6621364696784,259.36161482432067,834.2084724656188,441.5154404511645,16493.361498154132,alice,0.8614387555200594,chen,0.7471400446671236,0.11429871085293586,alice,alice,alice,2,1,1,0,0,15.568338366711938,13.446359934697648,8.227846690889978,37.242544992299564
Bright_Far_20260114_210600_T6,1736904007.52,188,Bright,Far,4,4,1280,720,27.55678102528594,2,3,bob,4,1,0.8423102202913049,1048.4803640443297,253.26070428060416,1142.0661075750877,439.01292012079296,17383.759231889915,alice,0.646793445485209,diana,0.6040971815858018,0.04269626389940717,unknown,unknown,unknown,0,0,0,0,0,15.568338366711938,13.446359934697648,8.227846690889978,37.242544992299564
Bright_Far_20260114_210600_T6,1736904007.56,189,Bright,Far,4,4,1280,720,26.550894308564,0,0,diana,1,1,0.8873948739416964,106.0177403717493,246.92097676057534,229.87010928578525,432.5117305031951,22985.854499564943,bob,0.662400401173488,chen,0.5856811130431568,0.07671928813033113,unknown,unknown,unknown,0,0,0,0,0,24.343541531997474,15.857626666121678,5.645756774116318,45.84692497223547
Bright_Far_20260114_210600_T6,1736904007.56,189,Bright,Far,4,4,1280,720,26.550894308564,0,1,chen,2,1,0.9163005399970741,407.7287676665707,232.69153809080888,504.6855378547861,436.0334761994318,19715.37756282407,chen,0.7936729130136779,alice,0.6966641072158251,0.09700880579785287,chen,chen,chen,2,1,1,0,0,24.343541531997474,15.857626666121678,5.645756774116318,45.84692497223547
Bright_Far_20260114_210600_T6,1736904007.56,189,Bright,Far,4,4,1280,720,26.550894308564,0,2,alice,3,1,0.7172243293740643,758.8893292764094,197.6371353323248,869.0851142539364,401.5361715296815,22468.814349928904,alice,0.8547548142510153,diana,0.7435204787561226,0.1112343354948927,alice,alice,alice,2,1,1,0,0,24.343541531997474,15.857626666121678,5.645756774116318,45.84692497223547
Bright_Far_20260114_210600_T6,1736904007.56,189,Bright,Far,4,4,1280,720,26.550894308564,0,3,bob,4,1,0.8410259067293752,1083.3985158767782,229.20539666862464,1177.5707239254252,384.929651514169,14664.89692553513,bob,0.7856889893867164,diana,0.673388509263917,0.11230048012279936,bob,bob,bob,2,1,1,0,0,24.343541531997474,15.857626666121678,5.645756774116318,45.84692497223547
Bright_Far_20260114_210600_T6,1736904007.6,190,Bright,Far,4,4,1280,720,23.799829636813932,3,0,diana,1,1,0.7383508314130639,114.60109588227499,233.95878345372577,203.3160695041455,398.46653025687453,14594.300418234696,diana,0.8187477089978864,bob,0.7000707575002028,0.11867695149768365,diana,diana,diana,2,1,1,0,0,12.665249466726069,12.195056616814828,8.372150406245364,33.23245648978626
Bright_Far_20260114_210600_T6,1736904007.6,190,Bright,Far,4,4,1280,720,23.799829636813932,3,1,chen,2,1,0.9092509897898621,404.09323147072723,238.54277121259383,518.2749793641051,378.78118161367865,16012.666821384726,chen,0.9151791322276507,bob,0.8260941916168522,0.08908494061079852,chen,chen,chen,2,1,1,0,0,12.665249466726069,12.195056616814828,8.372150406245364,33.23245648978626
Bright_Far_20260114_210600_T6,1736904007.6,190,Bright,Far,4,4,1280,720,23.799829636813932,3,2,alice,3,1,0.7670388101919275,731.9420491617233,183.27092220894923,844.550112687073,393.33618695240835,23655.042676700854,alice,0.816343324283398,chen,0.7346626273302014,0.08168069695319657,alice,alice,alice,2,1,1,0,0,12.665249466726069,12.195056616814828,8.372150406245364,33.23245648978626
Bright_Far_20260114_210600_T6,1736904007.6,190,Bright,Far,4,4,1280,720,23.799829636813932,3,3,bob,4,1,0.7539453543427017,1073.9600727366633,275.9626977936356,1160.0994628232365,420.00288130067827,12407.533555254746,bob,0.8007571147905646,diana,0.6681570436105444,0.13260007118002015,bob,bob,bob,2,1,1,0,0,12.665249466726069,12.195056616814828,8.372150406245364,33.23245648978626
Bright_Far_20260114_210600_T6,1736904007.64,191,Bright,Far,4,4,1280,720,21.817216828914596,0,0,diana,1,1,0.7359169852651359,107.25307825512358,186.71393253444535,197.81258770531525,333.73232724196737,13313.91370486785,chen,0.7878084761657117,diana,0.7420346733083331,0.04577380285737864,chen,chen,chen,1,0,0,1,0,26.303634224793257,17.029623957785947,8.648235191905489,51.98149337448469
Bright_Far_20260114_210600_T6,1736904007.64,191,Bright,Far,4,4,1280,720,21.817216828914596,0,1,chen,-1,0,-1.0,-1.0,-1.0,-1.0,-1.0,0.0,unknown,-1.0,unknown,-1.0,-1.0,unknown,unknown,unknown,0,0,0,0,1,26.303634224793257,17.029623957785947,8.648235191905489,51.98149337448469
Bright_Far_20260114_210600_T6,1736904007.64,191,Bright,Far,4,4,1280,720,21.817216828914596,0,2,alice,3,1,0.7880654074290167,741.7024618549035,135.44834997386633,825.0431206144467,323.71217691930417,15690.03135822543,alice,0.8978845379113443,diana,0.8292171189246712,0.06866741898667306,alice,alice,alice,2,1,1,0,0,26.303634224793257,17.029623957785947,8.648235191905489,51.98149337448469
Bright_Far_20260114_210600_T6,1736904007.64,191,Bright,Far,4,4,1280,720,21.817216828914596,0,3,bob,4,1,0.7466060161061876,1069.040374979997,192.80163091994103,1188.8427803258633,387.95379291487694,23379.698415439456,bob,0.8824759179462339,diana,0.813733440687125,0.06874247725910887,bob,bob,bob,1,1,1,0,0,26.303634224793257,17.029623957785947,8.648235191905489,51.98149337448469
Bright_Far_20260114_210600_T6,1736904007.68,192,Bright,Far,4,4,1280,720,23.11304991186397,2,0,diana,1,1,0.6704978596891638,91.53402152588198,267.7091123009646,213.68352947669803,452.03868819979454,22515.766996824677,diana,0.765792126922707,alice,0.6480015442778828,0.11779058264482423,diana,diana,diana,1,1,1,0,0,17.549611894077078,7.387251368494375,11.0015638736737,35.93842713624515
Bright_Far_20260114_210600_T6,1736904007.68,192,Bright,Far,4,4,1280,720,23.11304991186397,2,1,chen,2,1,0.816262924053579,440.9544384053107,209.6503494302823,567.8054079863713,418.27518830179054,26464.26308954335,chen,0.8030890515417514,alice,0.6860457759026529,0.11704327563909844,chen,chen,chen,2,1,1,0,0,17.549611894077078,7.387251368494375,11.0015638736737,35.93842713624515
Bright_Far_20260114_210600_T6,1736904007.68,192,Bright,Far,4,4,1280,720,23.11304991186397,2,2,alice,3,1,0.7522689748717962,743.6957899884334,69.97657261360263,830.8160768331369,281.806356556812,18454.67153938397,alice,0.8687862516265782,diana,0.802130448028451,0.06665580359812717,alice,alice,alice,3,1,1,0,0,17.549611894077078,7.387251368494375,11.0015638736737,35.93842713624515
Bright_Far_20260114_210600_T6,1736904007.68,192,Bright,Far,4,4,1280,720,23.11304991186397,2,3,bob,4,1,0.7881169284679646,1039.2851193123029,178.27940285423415,1140.6266893279899,359.1773996246235,18332.487005403935,diana,0.6108434554299862,chen,0.5560019928741505,0.05484146255583566,unknown,unknown,unknown,0,0,0,0,0,17.549611894077078,7.387251368494375,11.0015638736737,35.93842713624515
Bright_Far_20260114_210600_T6,1736904007.72,193,Bright,Far,4,4,1280,720,24.60455472280123,1,0,diana,1,1,0.7387578358668385,106.32549265726465,226.48007090165316,200.97326638655306,366.17108985836734,13221.443954228822,diana,0.8188031794662524,alice,0.7174154952585785,0.10138768420767386,diana,diana,diana,2,1,1,0,0,17.51003119063838,10.003091163969357,9.315636286841576,36.82875864144931
Bright_Far_20260114_210600_T6,1736904007.72,193,Bright,Far,4,4,1280,720,24.60455472280123,1,1,chen,2,1,0.8921772890656671,428.44963972277037,293.2381120537018,530.5464277767132,429.24184916102365,13885.544721990405,chen,0.8541517469790546,alice,0.7932852664139792,0.060866480565075376,chen,chen,chen,2,1,1,0,0,17.51003119063838,10.003091163969357,9.315636286841576,36.82875864144931
Bright_Far_20260114_210600_T6,1736904007.72,193,Bright,Far,4,4,1280,720,24.60455472280123,1,2,alice,3,1,0.7536056205568806,747.3064421256188,222.9399850147546,863.7576464102999,428.62385758696473,23952.134662970762,alice,0.8542032484269019,diana,0.7369916213397768,0.11721162708712507,alice,alice,alice,2,1,1,0,0,17.51003119063838,10.003091163969357,9.315636286841576,36.82875864144931
Bright_Far_20260114_210600_T6,1736904007.72,193,Bright,Far,4,4,1280,720,24.60455472280123,1,3,bob,4,1,0.7456918554907142,1068.7698779392454,206.0049021887104,1149.3914574162368,400.3181400726876,15665.840151494609,bob,0.925322630496786,alice,0.7724345733986977,0.15288805709808828,bob,bob,bob,1,1,1,0,0,17.51003119063838,10.003091163969357,9.315636286841576,36.82875864144931
Bright_Far_20260114_210600_T6,1736904007.76,194,Bright,Far,4,4,1280,720,23.12212760503442,2,0,diana,1,1,0.680728500488583,85.97358017237863,285.43057462046136,186.6778408725077,440.1972793236537,15585.666578130169,diana,0.8652410855833643,alice,0.707007377226281,0.15823370835708328,diana,diana,diana,2,1,1,0,0,14.47596331888017,13.53845173647695,8.553480836560588,36.56789589191771
Bright_Far_20260114_210600_T6,1736904007.76,194,Bright,Far,4,4,1280,720,23.12212760503442,2,1,chen,2,1,0.8625688672188387,438.9805450167097,181.42070106560283,520.0892723391408,378.6448864295391,15996.602672072124,chen,0.9085279436532409,diana,0.7541669292591495,0.15436101439409133,chen,chen,chen,3,1,1,0,0,14.47596331888017,13.53845173647695,8.553480836560588,36.56789589191771
Bright_Far_20260114_210600_T6,1736904007.76,194,Bright,Far,4,4,1280,720,23.12212760503442,2,2,alice,3,1,0.8598439314455444,754.332255255282,201.7531151311483,850.1850467903723,337.96629980732416,13056.413995096245,alice,0.9222896431508273,diana,0.770327790421183,0.15196185272964424,alice,alice,alice,2,1,1,0,0,14.47596331888017,13.53845173647695,8.553480836560588,36.56789589191771
Bright_Far_20260114_210600_T6,1736904007.76,194,Bright,Far,4,4,1280,720,23.12212760503442,2,3,bob,4,1,0.79827223861833,1073.7539837836102,188.90664670098224,1199.5682182050036,355.22496466929897,20925.211845437647,bob,0.8210480581941949,chen,0.6905368539130663,0.1305112042811286,bob,bob,bob,3,1,1,0,0,14.47596331888017,13.53845173647695,8.553480836560588,36.56789589191771
Bright_Far_20260114_210600_T6,1736904007.8,195,Bright,Far,4,4,1280,720,24.399192568305583,0,0,diana,1,1,0.7617096489240756,129.76223485606545,220.22898199253166,241.86486579699613,415.60496687811906,21902.161928349855,alice,0.8674041044624258,diana,0.8102304471985777,0.05717365726384804,alice,alice,alice,1,0,0,1,0,14.05237695222849,9.886509043039977,12.14298365579211,36.08186965106058
Bright_Far_20260114_210600_T6,1736904007.8,195,Bright,Far,4,4,1280,720,24.399192568305583,0,1,chen,2,1,0.6743573179806333,421.9668557643335,256.9202448919812,522.5955215725779,463.7882555695325,20816.851912887647,chen,0.8533601945820684,diana,0.7082572246359926,0.14510296994607574,chen,chen,chen,2,1,1,0,0,14.05237695222849,9.886509043039977,12.14298365579211,36.08186965106058
Bright_Far_20260114_210600_T6,1736904007.8,195,Bright,Far,4,4,1280,720,24.399192568305583,0,2,alice,3,1,0.6872131271437835,746.1188479577366,249.905490327365,857.088947501126,404.33508055877917,17137.067000424857,alice,0.8290168686518224,chen,0.6785690266896469,0.15044784196217553,alice,alice,alice,3,1,1,0,0,14.05237695222849,9.886509043039977,12.14298365579211,36.08186965106058
Bright_Far_20260114_210600_T6,1736904007.8,195,Bright,Far,4,4,1280,720,24.399192568305583,0,3,bob,4,1,0.7743951932506679,1053.313402263864,204.6240980696678,1179.1731445184803,380.47547431597576,22132.608889479878,bob,0.836789819572555,diana,0.7737406591389713,0.06304916043358377,bob,bob,bob,3,1,1,0,0,14.05237695222849,9.886509043039977,12.14298365579211,36.08186965106058
Bright_Far_20260114_210600_T6,1736904007.84,196,Bright,Far,4,4,1280,720,22.233198021942968,1,0,diana,1,1,0.7526545286600328,134.34326537397692,238.1973100870573,228.32884941144772,386.88421946087567,13974.42601622481,diana,0.9550983414944649,alice,0.8902741728017685,0.06482416869269647,diana,diana,diana,2,1,1,0,0,15.41878189892101,11.395677841548679,14.173293396585084,40.987753137054774
Bright_Far_20260114_210600_T6,1736904007.84,196,Bright,Far,4,4,1280,720,22.233198021942968,1,1,chen,2,1,0.8172743562178156,393.89765987530245,305.80736995004753,489.08840536199307,498.83691238777277,18374.62604560185,chen,0.8803755221301388,bob,0.7714565337190502,0.1089189884110886,chen,chen,chen,2,1,1,0,0,15.41878189892101,11.395677841548679,14.173293396585084,40.987753137054774
Bright_Far_20260114_210600_T6,1736904007.84,196,Bright,Far,4,4,1280,720,22.233198021942968,1,2,alice,3,1,0.8265084590577109,772.9779687028762,229.89151068869592,887.4853269245626,425.1055816596379,22353.447554583374,diana,0.7328996273092647,chen,0.7045719835173039,0.028327643791960844,unknown,unknown,unknown,0,0,0,0,0,15.41878189892101,11.395677841548679,14.173293396585084,40.987753137054774
Bright_Far_20260114_210600_T6,1736904007.84,196,Bright,Far,4,4,1280,720,22.233198021942968,1,3,bob,4,1,0.752849867172214,1114.920810773538,295.28962380776807,1223.5944603956368,430.05041023364834,14644.946486844596,bob,0.8381372746057749,alice,0.6921012915578999,0.14603598304787502,bob,bob,bob,2,1,1,0,0,15.41878189892101,11.395677841548679,14.173293396585084,40.987753137054774
Bright_Far_20260114_210600_T6,1736904007.88,197,Bright,Far,4,4,1280,720,22.899137467543284,4,0,diana,1,1,0.9612853966406945,88.05403824278545,255.04527065190626,185.27115843555646,427.514868176992,16766.997592195105,diana,0.8226501899914032,alice,0.6801277449522705,0.1425224450391327,diana,diana,diana,3,1,1,0,0,13.718806616154056,6.28286882226922,6.461390115015156,26.463065553438433
Bright_Far_20260114_210600_T6,1736904007.88,197,Bright,Far,4,4,1280,720,22.899137467543284,4,1,chen,-1,0,-1.0,-1.0,-1.0,-1.0,-1.0,0.0,unknown,-1.0,unknown,-1.0,-1.0,unknown,unknown,unknown,0,0,0,0,1,13.718806616154056,6.28286882226922,6.461390115015156,26.463065553438433
Bright_Far_20260114_210600_T6,1736904007.88,197,Bright,Far,4,4,1280,720,22.899137467543284,4,2,alice,3,1,0.7042485998694771,757.13230004614,221.54798347249707,844.9530806471078,391.96135512361946,14965.835323244395,alice,0.8497642912929366,bob,0.6947423169352891,0.15502197435764753,alice,alice,alice,2,1,1,0,0,13.718806616154056,6.28286882226922,6.461390115015156,26.463065553438433
Bright_Far_20260114_210600_T6,1736904007.88,197,Bright,Far,4,4,1280,720,22.899137467543284,4,3,bob,4,1,0.8163311728248076,1059.0696638540173,287.38588698092053,1174.8729702577227,425.8984895672156,16040.217358075406,bob,0.8379710593428767,diana,0.7596430122331255,0.07832804710975128,bob,bob,bob,2,1,1,0,0,13.718806616154056,6.28286882226922,6.461390115015156,26.463065553438433
Bright_Far_20260114_210600_T6,1736904007.92,198,Bright,Far,4,4,1280,720,21.494609354115703,1,0,diana,1,1,0.832459574156273,107.27466254882155,205.59091534480896,190.91550650570423,351.1474674697563,12174.47286318458,diana,0.8151599249734353,alice,0.6578151878036772,0.15734473716975805,diana,diana,diana,1,1,1,0,0,13.983553158803094,12.256282040113836,11.520886760403483,37.76072195932041
Bright_Far_20260114_210600_T6,1736904007.92,198,Bright,Far,4,4,1280,720,21.494609354115703,1,1,chen,-1,0,-1.0,-1.0,-1.0,-1.0,-1.0,0.0,unknown,-1.0,unknown,-1.0,-1.0,unknown,unknown,unknown,0,0,0,0,1,13.983553158803094,12.256282040113836,11.520886760403483,37.76072195932041
Bright_Far_20260114_210600_T6,1736904007.92,198,Bright,Far,4,4,1280,720,21.494609354115703,1,2,alice,3,1,0.7490073575168759,761.2090042006465,180.26395870273637,863.9735743401383,360.4718481907725,18518.98629898307,diana,0.7212605814487119,bob,0.645876542261894,0.07538403918681791,unknown,unknown,unknown,0,0,0,0,0,13.983553158803094,12.256282040113836,11.520886760403483,37.76072195932041
Bright_Far_20260114_210600_T6,1736904007.92,198,Bright,Far,4,4,1280,720,21.494609354115703,1,3,bob,4,1,0.8398106565476093,1068.2917443353163,220.25013522606721,1191.991853554257,392.277217995872,21279.768927240606,bob,0.8821393983894901,diana,0.7480114598423092,0.13412793854718086,bob,bob,bob,3,1,1,0,0,13.983553158803094,12.256282040113836,11.520886760403483,37.76072195932041
Bright_Far_20260114_210600_T6,1736904007.96,199,Bright,Far,4,4,1280,720,23.14641924873081,2,0,diana,1,1,0.8789624385580199,136.5747715429531,229.11906024058385,240.46018071308697,418.6310079127629,19687.526226553324,diana,0.740160204725587,chen,0.6766186494878301,0.06354155523775684,diana,diana,diana,2,1,1,0,0,20.367740884989047,12.76215201462327,8.339714557647147,41.469607457259464
Bright_Far_20260114_210600_T6,1736904007.96,199,Bright,Far,4,4,1280,720,23.14641924873081,2,1,chen,2,1,0.7961548248495356,406.4074926040747,145.70204681683452,513.420350033483,334.7016917416707,20225.392056550285,bob,0.7061881229045166,alice,0.6772150553208416,0.028973067583675016,unknown,unknown,unknown,0,0,0,0,0,20.367740884989047,12.76215201462327,8.339714557647147,41.469607457259464
Bright_Far_20260114_210600_T6,1736904007.96,199,Bright,Far,4,4,1280,720,23.14641924873081,2,2,alice,3,1,0.9085058089752334,740.2536580192027,167.00359754372982,851.3014170518279,312.21395614061964,16125.284910508517,bob,0.6737755385403981,diana,0.6339727890565611,0.039802749483837,unknown,unknown,unknown,0,0,0,0,0,20.367740884989047,12.76215201462327,8.339714557647147,41.469607457259464
Bright_Far_20260114_210600_T6,1736904007.96,199,Bright,Far,4,4,1280,720,23.14641924873081,2,3,bob,4,1,0.7221510887688762,1059.3601441881813,284.7290663000518,1145.1509146649712,421.77706963324323,11757.453798260169,bob,0.9206391995207783,chen,0.8249189944845396,0.09572020503623868,bob,bob,bob,3,1,1,0,0,20.367740884989047,12.76215201462327,8.339714557647147,41.469607457259464
Bright_Far_20260114_210600_T6,1736904008.0,200,Bright,Far,4,4,1280,720,25.51493672084957,1,0,diana,1,1,0.8751109281706014,112.19293800843184,206.8051574864665,193.83320897398346,375.2657054068574,13753.164779226008,diana,0.9084135206250211,chen,0.7359132312466228,0.17250028937839834,diana,diana,diana,2,1,1,0,0,15.415984166093379,5.751385634463052,7.034311836582782,28.201681637139213
Bright_Far_20260114_210600_T6,1736904008.0,200,Bright,Far,4,4,1280,720,25.51493672084957,1,1,chen,2,1,0.7844059114119283,427.8725622433069,287.0096178358529,535.6642925390056,442.9716068007928,16811.41265088954,chen,0.8467894762774529,bob,0.7313958454166561,0.11539363086079679,chen,chen,chen,2,1,1,0,0,15.415984166093379,5.751385634463052,7.034311836582782,28.201681637139213
Bright_Far_20260114_210600_T6,1736904008.0,200,Bright,Far,4,4,1280,720,25.51493672084957,1,2,alice,3,1,0.7512079706303559,740.127004788617,191.77378328058296,862.0137519144752,399.643514146147,25336.565321131202,alice,0.7892011062959674,chen,0.6338010456422623,0.15540006065370515,alice,alice,alice,2,1,1,0,0,15.415984166093379,5.751385634463052,7.034311836582782,28.201681637139213
Bright_Far_20260114_210600_T6,1736904008.0,200,Bright,Far,4,4,1280,720,25.51493672084957,1,3,bob,4,1,0.7616065073828825,1105.4057732980534,238.71351244900524,1201.9988381920627,447.83357603648375,20199.547872744668,bob,0.7940501200220006,diana,0.7219708285109911,0.07207929151100945,bob,bob,bob,2,1,1,0,0,15.415984166093379,5.751385634463052,7.034311836582782,28.201681637139213
Bright_Far_20260114_210600_T6,1736904008.04,201,Bright,Far,4,4,1280,720,26.961204422829432,0,0,diana,1,1,0.5308110812261057,108.93477480058101,240.56091784382386,224.10757849619512,426.4316680195035,21407.255422740083,diana,0.8665620183877902,chen,0.7977459162668615,0.0688161021209287,diana,diana,diana,1,1,1,0,0,26.538812289366444,12.189133586105102,13.621976231541973,52.34992210701352
Bright_Far_20260114_210600_T6,1736904008.04,201,Bright,Far,4,4,1280,720,26.961204422829432,0,1,chen,2,1,0.8245886782600299,427.965574325735,230.45286885546648,541.7050966054762,390.2958344752242,18180.462549368338,chen,0.8578672446521594,alice,0.6936471086422884,0.16422013600987095,chen,chen,chen,2,1,1,0,0,26.538812289366444,12.189133586105102,13.621976231541973,52.34992210701352
Bright_Far_20260114_210600_T6,1736904008.04,201,Bright,Far,4,4,1280,720,26.961204422829432,0,2,alice,3,1,0.9466702401599525,759.2159877558763,175.89152630135018,854.2386588191407,311.1314709261145,12850.860772693071,alice,0.9090689610377071,chen,0.8027849465893,0.10628401444840707,alice,alice,alice,2,1,1,0,0,26.538812289366444,12.189133586105102,13.621976231541973,52.34992210701352
Bright_Far_20260114_210600_T6,1736904008.04,201,Bright,Far,4,4,1280,720,26.961204422829432,0,3,bob,4,1,0.8104381265677789,1070.5033023109306,273.64154412484044,1194.4534365151742,471.93197548114705,24578.12557803155,bob,0.6015363847975943,diana,0.5590655113851516,0.04247087341244271,unknown,unknown,unknown,0,0,0,0,0,26.538812289366444,12.189133586105102,13.621976231541973,52.34992210701352
Bright_Far_20260114_210600_T6,1736904008.08,202,Bright,Far,4,4,1280,720,25.939369368045263,1,0,diana,1,1,0.7473488899489242,109.30645451807754,345.27341491074276,210.37978270194964,521.2812600947204,17789.698699216326,diana,0.8879235995837627,alice,0.8007589313588381,0.08716466822492452,diana,diana,diana,2,1,1,0,0,23.33698681822597,14.69001438249935,11.630025967972355,49.657027168697674
Bright_Far_20260114_210600_T6,1736904008.08,202,Bright,Far,4,4,1280,720,25.939369368045263,1,1,chen,2,1,0.694385958892483,436.75677700396926,297.0706148786795,525.9519483093281,463.49238842989917,14844.01860084268,chen,0.8668785994976703,bob,0.7233522364386556,0.14352636305901467,chen,chen,chen,3,1,1,0,0,23.33698681822597,14.69001438249935,11.630025967972355,49.657027168697674
Bright_Far_20260114_210600_T6,1736904008.08,202,Bright,Far,4,4,1280,720,25.939369368045263,1,2,alice,3,1,0.8479696508713046,740.9249609308174,273.3918353664011,859.0175295897241,462.97411764068875,22388.258685988538,alice,0.8457137556953002,bob,0.7821617201186312,0.063552035576669,alice,alice,alice,1,1,1,0,0,23.33698681822597,14.69001438249935,11.630025967972355,49.657027168697674
Bright_Far_20260114_210600_T6,1736904008.08,202,Bright,Far,4,4,1280,720,25.939369368045263,1,3,bob,4,1,0.7348263704273211,1068.2148843078003,265.22502011092917,1172.5691675638104,452.29574563215505,19521.631479949334,bob,0.8308694268668927,chen,0.7417087482210466,0.08916067864584609,bob,bob,bob,2,1,1,0,0,23.33698681822597,14.69001438249935,11.630025967972355,49.657027168697674
Bright_Far_20260114_210600_T6,1736904008.12,203,Bright,Far,4,4,1280,720,27.198623298822064,0,0,diana,1,1,0.8495592358927607,99.3604072454289,135.88866712364774,211.21499909747752,346.7606441962669,23586.998928492372,diana,0.9342554375427924,chen,0.7898234802546608,0.14443195728813163,diana,diana,diana,3,1,1,0,0,21.37341673251059,10.147402394172659,15.776729722857574,47.297548849540824
Bright_Far_20260114_210600_T6,1736904008.12,203,Bright,Far,4,4,1280,720,27.198623298822064,0,1,chen,2,1,0.7125535652399453,431.5908643724752,255.4915534285402,557.1032131113658,459.5204554722701,25608.146706125575,bob,0.879605848801144,chen,0.8240564348272945,0.05554941397384949,bob,bob,bob,2,0,0,1,0,21.37341673251059,10.147402394172659,15.776729722857574,47.297548849540824
Bright_Far_20260114_210600_T6,1736904008.12,203,Bright,Far,4,4,1280,720,27.198623298822064,0,2,alice,3,1,0.816934813945696,749.6557854859666,259.0921544669401,842.2719892981113,439.82823122251796,16739.08932100203,diana,0.922538318620083,alice,0.890068634602333,0.03246968401774997,diana,diana,diana,1,0,0,1,0,21.37341673251059,10.147402394172659,15.776729722857574,47.297548849540824
Bright_Far_20260114_210600_T6,1736904008.12,203,Bright,Far,4,4,1280,720,27.198623298822064,0,3,bob,4,1,0.6437426518998237,1080.9741749680422,208.0467388101638,1188.2787093767167,337.8720708160715,13930.846805345518,bob,0.8015655069255071,diana,0.6882227282710351,0.11334277865447195,bob,bob,bob,1,1,1,0,0,21.37341673251059,10.147402394172659,15.776729722857574,47.297548849540824
Bright_Far_20260114_210600_T6,1736904008.16,204,Bright,Far,4,4,1280,720,25.836310641398338,1,0,diana,1,1,0.8008734954924968,105.91537316720493,268.3637515646652,206.59051648354412,408.0374005919508,14061.664633338036,diana,0.8887943874703896,bob,0.8240752543761524,0.06471913309423727,diana,diana,diana,3,1,1,0,0,18.28249654265037,14.577489849349632,4.399711712654671,37.259698104654674
Bright_Far_20260114_210600_T6,1736904008.16,204,Bright,Far,4,4,1280,720,25.836310641398338,1,1,chen,2,1,0.6828957899346814,408.02812140021683,281.1704219026221,533.1657926678092,485.68496786498616,25592.474022079234,chen,0.8745599726534943,bob,0.8045204347583925,0.07003953789510176,chen,chen,chen,1,1,1,0,0,18.28249654265037,14.577489849349632,4.399711712654671,37.259698104654674
Bright_Far_20260114_210600_T6,1736904008.16,204,Bright,Far,4,4,1280,720,25.836310641398338,1,2,alice,3,1,0.7562071510736238,733.3675333507292,255.77617039888412,859.7815391469424,444.9954523567669,23919.967406179083,diana,0.772072048596651,alice,0.7320448252445485,0.040027223352102514,unknown,unknown,unknown,0,0,0,0,0,18.28249654265037,14.577489849349632,4.399711712654671,37.259698104654674
Bright_Far_20260114_210600_T6,1736904008.16,204,Bright,Far,4,4,1280,720,25.836310641398338,1,3,bob,4,1,0.8300719894914065,1075.8327684439234,144.8985273888968,1188.8323036784561,351.4493485813413,23340.146797057296,bob,0.8424258550230626,diana,0.7158796626399395,0.12654619238312304,bob,bob,bob,1,1,1,0,0,18.28249654265037,14.577489849349632,4.399711712654671,37.259698104654674
Bright_Far_20260114_210600_T6,1736904008.2,205,Bright,Far,4,4,1280,720,27.45020398555411,0,0,diana,1,1,0.8162339221626731,132.95313952365456,288.3752840390873,216.23586840870047,433.68033606328004,12101.401253358334,diana,0.8681323969785224,chen,0.7548192274407991,0.1133131695377233,diana,diana,diana,2,1,1,0,0,10.998544264208057,6.57679317822783,6.719926978687558,24.295264421123445
Bright_Far_20260114_210600_T6,1736904008.2,205,Bright,Far,4,4,1280,720,27.45020398555411,0,1,chen,2,1,0.6626475645727188,406.6900677079752,163.94821830759835,504.18321565948037,371.2908486126696,20214.485732986555,chen,0.807001463692679,diana,0.6969250830296423,0.11007638066303671,chen,chen,chen,1,1,1,0,0,10.998544264208057,6.57679317822783,6.719926978687558,24.295264421123445
Bright_Far_20260114_210600_T6,1736904008.2,205,Bright,Far,4,4,1280,720,27.45020398555411,0,2,alice,3,1,0.9335851096796346,775.3516153237273,240.57385001086413,893.4671464709232,397.1790198112059,18497.502811364175,alice,0.8070290513890743,chen,0.6643773073909321,0.14265174399814218,alice,alice,alice,3,1,1,0,0,10.998544264208057,6.57679317822783,6.719926978687558,24.295264421123445
Bright_Far_20260114_210600_T6,1736904008.2,205,Bright,Far,4,4,1280,720,27.45020398555411,0,3,bob,-1,0,-1.0,-1.0,-1.0,-1.0,-1.0,0.0,unknown,-1.0,unknown,-1.0,-1.0,unknown,unknown,unknown,0,0,0,0,1,10.998544264208057,6.57679317822783,6.719926978687558,24.295264421123445
Bright_Far_20260114_210600_T6,1736904008.24,206,Bright,Far,4,4,1280,720,23.31785396822807,0,0,diana,1,1,0.8160331455930478,111.20742439395407,229.9260705332101,200.41550698492028,390.64261994225694,14337.215213417354,diana,0.9160908600605282,chen,0.7965498874611984,0.11954097259932983,diana,diana,diana,1,1,1,0,0,15.182347394344204,7.813899456657074,7.230330816067312,30.22657766706859
Bright_Far_20260114_210600_T6,1736904008.24,206,Bright,Far,4,4,1280,720,23.31785396822807,0,1,chen,2,1,0.8138239245935848,405.7983149670153,299.7988847243898,492.3191154260174,430.2821894663911,11289.51997281386,chen,0.8870358472524217,diana,0.8082847660977142,0.07875108115470753,chen,chen,chen,3,1,1,0,0,15.182347394344204,7.813899456657074,7.230330816067312,30.22657766706859
Bright_Far_20260114_210600_T6,1736904008.24,206,Bright,Far,4,4,1280,720,23.31785396822807,0,2,alice,3,1,0.7282767319059401,740.8591832738924,269.77140783489017,835.127431550697,452.9112181626481,17264.269109343983,alice,0.897745883081826,chen,0.8235475396365334,0.07419834344529264,alice,alice,alice,1,1,1,0,0,15.182347394344204,7.813899456657074,7.230330816067312,30.22657766706859
Bright_Far_20260114_210600_T6,1736904008.24,206,Bright,Far,4,4,1280,720,23.31785396822807,0,3,bob,-1,0,-1.0,-1.0,-1.0,-1.0,-1.0,0.0,unknown,-1.0,unknown,-1.0,-1.0,unknown,unknown,unknown,0,0,0,0,1,15.182347394344204,7.813899456657074,7.230330816067312,30.22657766706859
Bright_Far_20260114_210600_T6,1736904008.28,207,Bright,Far,4,4,1280,720,25.783269271096476,1,0,diana,1,1,0.8801093111880626,128.57832892351388,341.1234603110281,216.79350126701166,476.5329406237888,11945.170642733656,diana,0.8307806385752228,alice,0.7695563485490954,0.06122429002612739,diana,diana,diana,1,1,1,0,0,26.210250432503386,14.311510875136818,7.724091649418725,48.24585295705893
Bright_Far_20260114_210600_T6,1736904008.28,207,Bright,Far,4,4,1280,720,25.783269271096476,1,1,chen,2,1,0.7266382327391877,439.92565557993754,217.4468424070208,546.7777237682785,347.13834088141175,13857.804838433742,chen,0.8589532268252007,alice,0.7176967659767233,0.14125646084847743,chen,chen,chen,3,1,1,0,0,26.210250432503386,14.311510875136818,7.724091649418725,48.24585295705893
Bright_Far_20260114_210600_T6,1736904008.28,207,Bright,Far,4,4,1280,720,25.783269271096476,1,2,alice,3,1,0.8637542295752828,747.518003698909,258.48739803732394,862.7154486849564,457.52775801582493,22928.94091862645,alice,0.8988020924767653,bob,0.7294208488755112,0.16938124360125417,alice,alice,alice,2,1,1,0,0,26.210250432503386,14.311510875136818,7.724091649418725,48.24585295705893
Bright_Far_20260114_210600_T6,1736904008.28,207,Bright,Far,4,4,1280,720,25.783269271096476,1,3,bob,4,1,0.9220238885697579,1073.6609666790218,212.46310851809076,1157.5869767932195,383.38301655784164,14344.625930861865,bob,0.9114244088382839,diana,0.8262446150410596,0.08517979379722429,bob,bob,bob,2,1,1,0,0,26.210250432503386,14.311510875136818,7.724091649418725,48.24585295705893
Bright_Far_20260114_210600_T6,1736904008.32,208,Bright,Far,4,4,1280,720,26.74801870363204,2,0,diana,1,1,0.8306672445917488,130.23191887999283,215.26444857537405,220.4748588945868,417.2462884301412,18227.435058051073,diana,0.9508667041374006,chen,0.8209788163914049,0.1298878877459957,diana,diana,diana,3,1,1,0,0,13.169632445489105,7.167405754836782,9.080811860135011,29.417850060460896
Bright_Far_20260114_210600_T6,1736904008.32,208,Bright,Far,4,4,1280,720,26.74801870363204,2,1,chen,2,1,0.7508165728760795,422.3792225601791,212.39616442138703,502.79767973398657,369.9403643600313,12669.461495747631,chen,0.817302608450896,diana,0.7246182932330372,0.0926843152178588,chen,chen,chen,1,1,1,0,0,13.169632445489105,7.167405754836782,9.080811860135011,29.417850060460896
Bright_Far_20260114_210600_T6,1736904008.32,208,Bright,Far,4,4,1280,720,26.74801870363204,2,2,alice,3,1,0.8149945847307088,737.8888040334989,223.92467463604606,837.5420938192883,429.249455369602,20461.28987464472,alice,0.8515268893279831,bob,0.7879875981992859,0.06353929112869727,alice,alice,alice,1,1,1,0,0,13.169632445489105,7.167405754836782,9.080811860135011,29.417850060460896
Bright_Far_20260114_210600_T6,1736904008.32,208,Bright,Far,4,4,1280,720,26.74801870363204,2,3,bob,-1,0,-1.0,-1.0,-1.0,-1.0,-1.0,0.0,unknown,-1.0,unknown,-1.0,-1.0,unknown,unknown,unknown,0,0,0,0,1,13.169632445489105,7.167405754836782,9.080811860135011,29.417850060460896
Bright_Far_20260114_210600_T6,1736904008.36,209,Bright,Far,4,4,1280,720,23.47600985858684,0,0,diana,1,1,0.7777445150572764,103.40754736202423,216.91076444601862,214.18806590215917,386.84791629770115,18825.72580136304,diana,0.8730013412311555,chen,0.7788484052941231,0.09415293593703233,diana,diana,diana,1,1,1,0,0,17.213528776352582,13.778612884078061,8.585209456985861,39.577351117416505
Bright_Far_20260114_210600_T6,1736904008.36,209,Bright,Far,4,4,1280,720,23.47600985858684,0,1,chen,2,1,0.8884631626514725,435.52308029559316,215.46517481173504,516.4464168997373,360.3199381585967,11722.130773031728,chen,0.8721035359494111,bob,0.8113315226293214,0.060772013320089746,chen,chen,chen,1,1,1,0,0,17.213528776352582,13.778612884078061,8.585209456985861,39.577351117416505
Bright_Far_20260114_210600_T6,1736904008.36,209,Bright,Far,4,4,1280,720,23.47600985858684,0,2,alice,3,1,0.7653880149814168,737.0506725592775,177.51442342312328,840.7770262956835,378.7029796917575,20868.555355237186,alice,0.9433300765515885,chen,0.848662882944369,0.09466719360721954,alice,alice,alice,1,1,1,0,0,17.213528776352582,13.778612884078061,8.585209456985861,39.577351117416505
Bright_Far_20260114_210600_T6,1736904008.36,209,Bright,Far,4,4,1280,720,23.47600985858684,0,3,bob,4,1,0.7027611861485119,1058.8629425944362,312.0628349299334,1183.3292815886346,452.58260031330246,17489.98075359164,bob,0.7769076787719597,alice,0.6563822333355406,0.12052544543641908,bob,bob,bob,2,1,1,0,0,17.213528776352582,13.778612884078061,8.585209456985861,39.577351117416505
Bright_Far_20260114_210600_T6,1736904008.4,210,Bright,Far,4,4,1280,720,28.52636607441356,2,0,diana,1,1,0.6253043594206535,105.93795139724013,173.9363963291026,214.50640792702757,366.3991966940786,20895.38917502606,diana,0.8532370435792765,chen,0.7139365805471213,0.13930046303215526,diana,diana,diana,2,1,1,0,0,9.165262798741866,8.433560099584112,5.472776610025214,23.07159950835119
Bright_Far_20260114_210600_T6,1736904008.4,210,Bright,Far,4,4,1280,720,28.52636607441356,2,1,chen,2,1,0.9363382078250633,423.0253043666253,232.1370091044216,521.2173306835098,401.12146581437855,16592.92622040852,chen,0.8535107262068167,alice,0.7918116141357074,0.06169911207110923,chen,chen,chen,1,1,1,0,0,9.165262798741866,8.433560099584112,5.472776610025214,23.07159950835119
Bright_Far_20260114_210600_T6,1736904008.4,210,Bright,Far,4,4,1280,720,28.52636607441356,2,2,alice,3,1,0.8309883547518102,757.4766429601523,273.0853254313933,878.5439385122734,468.31662809436267,23636.125820523317,alice,0.8313662918239452,diana,0.7215055014900892,0.10986079033385598,alice,alice,alice,3,1,1,0,0,9.165262798741866,8.433560099584112,5.472776610025214,23.07159950835119
Bright_Far_20260114_210600_T6,1736904008.4,210,Bright,Far,4,4,1280,720,28.52636607441356,2,3,bob,4,1,0.8935652106929709,1087.6904815887626,240.3862052050016,1171.0079223245846,391.58452063086474,12597.456684850466,bob,0.851587916334891,chen,0.6921296626735047,0.15945825366138622,bob,bob,bob,2,1,1,0,0,9.165262798741866,8.433560099584112,5.472776610025214,23.07159950835119
Bright_Far_20260114_210600_T6,1736904008.44,211,Bright,Far,4,4,1280,720,24.262737786220782,0,0,diana,1,1,0.7474828632628567,142.10111344234056,265.55303121880326,223.30463971392734,457.1623104910038,15559.349143259944,diana,0.8458126494183417,bob,0.6776724448955168,0.16814020452282485,diana,diana,diana,3,1,1,0,0,13.044949359626962,11.009465309772104,5.286306685828535,29.3407213552276
Bright_Far_20260114_210600_T6,1736904008.44,211,Bright,Far,4,4,1280,720,24.262737786220782,0,1,chen,2,1,0.7093842701955546,444.4952296859003,194.6786017245836,525.2417577543941,372.86154448261516,14387.653988738226,chen,0.887645946292978,bob,0.7862661407288686,0.10137980556410942,chen,chen,chen,2,1,1,0,0,13.044949359626962,11.009465309772104,5.286306685828535,29.3407213552276
Bright_Far_20260114_210600_T6,1736904008.44,211,Bright,Far,4,4,1280,720,24.262737786220782,0,2,alice,3,1,0.8024033287993877,731.6901474931683,292.9216308243168,824.8748873606992,443.25711420531775,14008.972911718083,chen,0.7078470525044411,alice,0.6674359091567337,0.04041114334770746,chen,chen,chen,2,0,0,1,0,13.044949359626962,11.009465309772104,5.286306685828535,29.3407213552276
Bright_Far_20260114_210600_T6,1736904008.44,211,Bright,Far,4,4,1280,720,24.262737786220782,0,3,bob,4,1,0.690348116471595,1088.1929456440998,220.31615534021267,1186.029074221091,410.6333227293197,18619.894859089407,bob,0.9866322981587137,diana,0.8786747927206199,0.10795750543809379,bob,bob,bob,2,1,1,0,0,13.044949359626962,11.009465309772104,5.286306685828535,29.3407213552276
Bright_Far_20260114_210600_T6,1736904008.48,212,Bright,Far,4,4,1280,720,24.7161408484105,0,0,diana,1,1,0.6920350803099445,107.73704474256458,197.09955053637418,214.37443956974357,411.4009345501528,22852.541299088214,diana,0.9253923006571467,chen,0.7949273666941271,0.1304649339630196,diana,diana,diana,3,1,1,0,0,18.545816111861964,10.977465917076918,16.87201138414966,46.39529341308854
Bright_Far_20260114_210600_T6,1736904008.48,212,Bright,Far,4,4,1280,720,24.7161408484105,0,1,chen,2,1,0.6635793724169186,401.4861391891753,240.45876324332446,510.9313970096094,451.1090577033075,23054.675787123204,chen,0.8767035195191075,alice,0.7285031252138127,0.14820039430529486,chen,chen,chen,2,1,1,0,0,18.545816111861964,10.977465917076918,16.87201138414966,46.39529341308854
Bright_Far_20260114_210600_T6,1736904008.48,212,Bright,Far,4,4,1280,720,24.7161408484105,0,2,alice,3,1,0.853534396651872,729.7099262255433,138.18728391258176,826.3184604290923,297.4010460508564,15381.408185211214,alice,0.7716413674187936,bob,0.6974936605424173,0.07414770687637628,alice,alice,alice,2,1,1,0,0,18.545816111861964,10.977465917076918,16.87201138414966,46.39529341308854
Bright_Far_20260114_210600_T6,1736904008.48,212,Bright,Far,4,4,1280,720,24.7161408484105,0,3,bob,4,1,0.7996214720427754,1077.105475274869,282.1168326525951,1165.5206535321342,433.46142559859004,13381.1591635934,bob,0.8811620104742852,alice,0.7133143521301091,0.16784765834417614,bob,bob,bob,2,1,1,0,0,18.545816111861964,10.977465917076918,16.87201138414966,46.39529341308854
Bright_Far_20260114_210600_T6,1736904008.52,213,Bright,Far,4,4,1280,720,26.240516277411896,1,0,diana,1,1,0.7745753250569057,80.04349650818342,284.019224512967,176.8655038776193,448.0884858399086,15885.51522929504,diana,0.7607102300064278,bob,0.6266801908208688,0.134030039185559,diana,diana,diana,1,1,1,0,0,11.392333772422443,8.383575395564558,10.374004017035558,30.14991318502256
Bright_Far_20260114_210600_T6,1736904008.52,213,Bright,Far,4,4,1280,720,26.240516277411896,1,1,chen,2,1,0.8129754644272997,406.27892835228727,239.30974256414447,513.489767451877,402.6513173314378,17511.987290649893,diana,0.5837562923298005,chen,0.531951856680829,0.051804435648971525,unknown,unknown,unknown,0,0,0,0,0,11.392333772422443,8.383575395564558,10.374004017035558,30.14991318502256
Bright_Far_20260114_210600_T6,1736904008.52,213,Bright,Far,4,4,1280,720,26.240516277411896,1,2,alice,3,1,0.7270618804033185,742.9180854962252,250.50358839509795,829.7717911665744,380.39867993496796,11281.870048626935,alice,0.8730998984294527,bob,0.7979482259911787,0.07515167243827403,alice,alice,alice,2,1,1,0,0,11.392333772422443,8.383575395564558,10.374004017035558,30.14991318502256
Bright_Far_20260114_210600_T6,1736904008.52,213,Bright,Far,4,4,1280,720,26.240516277411896,1,3,bob,4,1,0.8892745133396854,1080.6048270524545,212.09416519988605,1164.9374711182115,342.5044312081746,10997.842545797686,bob,0.8921568660460574,alice,0.791770515952322,0.10038635009373542,bob,bob,bob,2,1,1,0,0,11.392333772422443,8.383575395564558,10.374004017035558,30.14991318502256
Bright_Far_20260114_210600_T6,1736904008.56,214,Bright,Far,4,4,1280,720,25.86206145432716,1,0,diana,1,1,0.8115770316551667,119.10726025734434,223.79748656791287,199.93003089814616,435.5230659319294,17112.247939728793,diana,0.8492595510941106,bob,0.7731841998746252,0.07607535121948539,diana,diana,diana,3,1,1,0,0,23.872269997352966,15.800692574536113,5.0207479566973365,44.693710528586415
Bright_Far_20260114_210600_T6,1736904008.56,214,Bright,Far,4,4,1280,720,25.86206145432716,1,1,chen,2,1,0.6905320308654221,439.8358343372105,169.3776557487388,533.0979627733049,379.7040700000151,19615.48905940572,chen,0.8185977937668907,alice,0.6819690154248302,0.13662877834206044,chen,chen,chen,2,1,1,0,0,23.872269997352966,15.800692574536113,5.0207479566973365,44.693710528586415
Bright_Far_20260114_210600_T6,1736904008.56,214,Bright,Far,4,4,1280,720,25.86206145432716,1,2,alice,3,1,0.8048410845359675,723.3441549638612,298.04322184444976,842.513503070639,447.92739020985454,17861.59863563181,alice,0.8661647084829804,chen,0.7253838004341102,0.14078090804887022,alice,alice,alice,3,1,1,0,0,23.872269997352966,15.800692574536113,5.0207479566973365,44.693710528586415
Bright_Far_20260114_210600_T6,1736904008.56,214,Bright,Far,4,4,1280,720,25.86206145432716,1,3,bob,4,1,0.8326147342928065,1088.3394662612945,215.61942224731112,1179.3953356593292,426.40429860854806,19193.200173029683,bob,0.9001402117093388,diana,0.8212394288138053,0.07890078289553348,bob,bob,bob,1,1,1,0,0,23.872269997352966,15.800692574536113,5.0207479566973365,44.693710528586415
Bright_Far_20260114_210600_T6,1736904008.6,215,Bright,Far,4,4,1280,720,25.864066555043564,1,0,diana,1,1,0.6895489432527977,102.39866947496984,190.38425074042212,213.21458658298332,398.82495201491713,23098.54747437064,diana,0.7728803680573643,alice,0.6134862960345591,0.1593940720228052,diana,diana,diana,1,1,1,0,0,14.513383821383535,6.7813552739427285,8.696963700515088,29.991702795841352
Bright_Far_20260114_210600_T6,1736904008.6,215,Bright,Far,4,4,1280,720,25.864066555043564,1,1,chen,2,1,0.9213740894807525,431.8201969942792,239.06659428323331,531.2728281327431,438.1872315161523,19803.071286781385,chen,0.7757860690900497,alice,0.681098652937141,0.09468741615290865,chen,chen,chen,3,1,1,0,0,14.513383821383535,6.7813552739427285,8.696963700515088,29.991702795841352
Bright_Far_20260114_210600_T6,1736904008.6,215,Bright,Far,4,4,1280,720,25.864066555043564,1,2,alice,3,1,0.7512312239978641,738.7219190844538,206.44241197665983,857.2902875662049,410.97152788980065,24250.68358083607,alice,0.7364793400895434,bob,0.7033413964779697,0.03313794361157374,unknown,unknown,unknown,0,0,0,0,0,14.513383821383535,6.7813552739427285,8.696963700515088,29.991702795841352
Bright_Far_20260114_210600_T6,1736904008.6,215,Bright,Far,4,4,1280,720,25.864066555043564,1,3,bob,4,1,0.7100049795099804,1046.9944569356337,213.08991855348154,1163.0206080209057,349.17978024285185,15789.982853544647,bob,0.5476497393208848,alice,0.5012141071162293,0.04643563220465552,unknown,unknown,unknown,0,0,0,0,0,14.513383821383535,6.7813552739427285,8.696963700515088,29.991702795841352
Bright_Far_20260114_210600_T6,1736904008.64,216,Bright,Far,4,4,1280,720,24.205537341800103,0,0,diana,1,1,0.8780452980290279,86.85963872309514,337.34873026133795,200.50867761870268,525.020272433643,21328.690395938942,diana,0.8480827558382537,chen,0.7471732018448045,0.10090955399344914,diana,diana,diana,2,1,1,0,0,11.2188206069205,10.21616454435902,4.524334196523984,25.959319347803504
Bright_Far_20260114_210600_T6,1736904008.64,216,Bright,Far,4,4,1280,720,24.205537341800103,0,1,chen,2,1,0.9332276309458046,424.9088492425315,254.69619703979117,520.1536422023343,454.70340038605207,19049.644673183782,chen,0.8606622095152838,bob,0.7362388276875029,0.1244233818277809,chen,chen,chen,2,1,1,0,0,11.2188206069205,10.21616454435902,4.524334196523984,25.959319347803504
Bright_Far_20260114_210600_T6,1736904008.64,216,Bright,Far,4,4,1280,720,24.205537341800103,0,2,alice,3,1,0.8640183341531616,726.0035893266444,171.14892710969866,852.1728897353679,375.6402456539546,25800.526600386205,alice,0.8388845903644896,diana,0.762417639784146,0.07646695058034358,alice,alice,alice,3,1,1,0,0,11.2188206069205,10.21616454435902,4.524334196523984,25.959319347803504
Bright_Far_20260114_210600_T6,1736904008.64,216,Bright,Far,4,4,1280,720,24.205537341800103,0,3,bob,4,1,0.7754054713095988,1049.2604671992387,259.4814661778371,1167.8445382090938,463.5074493277293,24194.23167370231,bob,0.8741779519898598,chen,0.7273101997920108,0.14686775219784898,bob,bob,bob,1,1,1,0,0,11.2188206069205,10.21616454435902,4.524334196523984,25.959319347803504
Bright_Far_20260114_210600_T6,1736904008.68,217,Bright,Far,4,4,1280,720,28.54222396528354,0,0,diana,1,1,0.8243650726792002,127.44546025298504,250.1743256605036,241.6131268245106,434.3217820877914,21023.685405385124,diana,0.8720931748239822,alice,0.694426784895046,0.17766638992893624,diana,diana,diana,2,1,1,0,0,10.050142132901613,6.781926627655598,11.280919826892529,28.11298858744974
Bright_Far_20260114_210600_T6,1736904008.68,217,Bright,Far,4,4,1280,720,28.54222396528354,0,1,chen,2,1,0.6993207905655991,388.39128025795776,183.38527979222604,503.1140459887755,327.4267660319458,16524.837681398178,chen,0.7424646538635593,alice,0.6996377836805904,0.042826870182968935,unknown,unknown,unknown,0,0,0,0,0,10.050142132901613,6.781926627655598,11.280919826892529,28.11298858744974
Bright_Far_20260114_210600_T6,1736904008.68,217,Bright,Far,4,4,1280,720,28.54222396528354,0,2,alice,3,1,0.6806835421376117,779.0574037383402,104.7523143533316,873.9072911995112,315.5392375532545,19993.115943799174,alice,0.8728330290101648,bob,0.7896237398635928,0.083209289146572,alice,alice,alice,2,1,1,0,0,10.050142132901613,6.781926627655598,11.280919826892529,28.11298858744974
Bright_Far_20260114_210600_T6,1736904008.68,217,Bright,Far,4,4,1280,720,28.54222396528354,0,3,bob,4,1,0.833298325662812,1054.1799112568353,261.48957267496587,1157.1694128960419,426.7860141648623,17023.798131778698,bob,0.8985772597900313,chen,0.7706228170006276,0.1279544427894037,bob,bob,bob,2,1,1,0,0,10.050142132901613,6.781926627655598,11.280919826892529,28.11298858744974
Bright_Far_20260114_210600_T6,1736904008.72,218,Bright,Far,4,4,1280,720,28.697565194532118,1,0,diana,1,1,0.842078729828536,113.75902867879664,279.21973281293134,232.11330771761266,425.2878845868186,17287.790793730783,diana,0.8751927164498632,alice,0.7130396834789071,0.16215303297095607,diana,diana,diana,2,1,1,0,0,7.247724479049979,5.61255360350731,1.4218502914716522,14.282128374028941
Bright_Far_20260114_210600_T6,1736904008.72,218,Bright,Far,4,4,1280,720,28.697565194532118,1,1,chen,2,1,0.6711705038118396,457.05700077205654,192.52439802816392,564.6550529116075,388.615024962761,21098.969500986022,chen,0.91305478569607,alice,0.845588315181847,0.06746647051422305,chen,chen,chen,3,1,1,0,0,7.247724479049979,5.61255360350731,1.4218502914716522,14.282128374028941
Bright_Far_20260114_210600_T6,1736904008.72,218,Bright,Far,4,4,1280,720,28.697565194532118,1,2,alice,3,1,0.8221687499891529,767.5583063057311,172.39730799456888,884.0792963282606,357.84022615269794,21607.992416452118,alice,0.8676719795098055,diana,0.7287014677056152,0.1389705118041903,alice,alice,alice,1,1,1,0,0,7.247724479049979,5.61255360350731,1.4218502914716522,14.282128374028941
Bright_Far_20260114_210600_T6,1736904008.72,218,Bright,Far,4,4,1280,720,28.697565194532118,1,3,bob,4,1,0.706415874674692,1084.5220010215678,232.1473901709487,1197.7086516507545,393.508741949263,18263.950948785357,bob,0.8641219999402499,alice,0.7571714551475638,0.10695054479268606,bob,bob,bob,1,1,1,0,0,7.247724479049979,5.61255360350731,1.4218502914716522,14.282128374028941
Bright_Far_20260114_210600_T6,1736904008.76,219,Bright,Far,4,4,1280,720,26.20576204036547,1,0,diana,-1,0,-1.0,-1.0,-1.0,-1.0,-1.0,0.0,unknown,-1.0,unknown,-1.0,-1.0,unknown,unknown,unknown,0,0,0,0,1,15.143601500872757,7.306059282890811,8.683315607344797,31.132976391108365
Bright_Far_20260114_210600_T6,1736904008.76,219,Bright,Far,4,4,1280,720,26.20576204036547,1,1,chen,2,1,0.7290801712679178,446.65106997838205,252.05333338798638,542.995760988327,425.56872065823825,16717.28637202335,alice,0.7063340453437833,bob,0.6558869947027437,0.050447050641039604,unknown,unknown,unknown,0,0,0,0,0,15.143601500872757,7.306059282890811,8.683315607344797,31.132976391108365
Bright_Far_20260114_210600_T6,1736904008.76,219,Bright,Far,4,4,1280,720,26.20576204036547,1,2,alice,3,1,0.5617620250994084,755.162152310655,227.87965150053395,879.8724010077711,380.8627651419018,19078.56214867417,alice,0.8766512134500587,chen,0.7572135256863431,0.11943768776371555,alice,alice,alice,2,1,1,0,0,15.143601500872757,7.306059282890811,8.683315607344797,31.132976391108365
Bright_Far_20260114_210600_T6,1736904008.76,219,Bright,Far,4,4,1280,720,26.20576204036547,1,3,bob,4,1,0.7411215705682644,1096.2237459060123,244.6557232374777,1186.641420693387,376.36686856454776,11909.015504055686,bob,0.9314640049358534,alice,0.8209999983958058,0.11046400654004751,bob,bob,bob,1,1,1,0,0,15.143601500872757,7.306059282890811,8.683315607344797,31.132976391108365
Bright_Far_20260114_210600_T6,1736904008.8,220,Bright,Far,4,4,1280,720,24.413768334689475,0,0,diana,1,1,0.7223712531842555,100.4249601473917,188.7630224883765,195.16171239247632,353.47945844348544,15604.700183772504,diana,0.8249860473675058,chen,0.6880035263839189,0.13698252098358688,diana,diana,diana,3,1,1,0,0,13.81904550250903,12.746884300560868,8.018991858624808,34.58492166169471
Bright_Far_20260114_210600_T6,1736904008.8,220,Bright,Far,4,4,1280,720,24.413768334689475,0,1,chen,2,1,0.5516683611860633,407.20620164922735,243.30963829050478,516.9341325739207,427.83159485679124,20247.212504194744,chen,0.9037984439945503,diana,0.8334334007490243,0.07036504324552606,chen,chen,chen,2,1,1,0,0,13.81904550250903,12.746884300560868,8.018991858624808,34.58492166169471
Bright_Far_20260114_210600_T6,1736904008.8,220,Bright,Far,4,4,1280,720,24.413768334689475,0,2,alice,3,1,0.7100663788761941,740.7339170400669,203.57863576390764,860.1753796218795,379.8931569290928,21059.264282381675,alice,0.8531618822108945,chen,0.7395070750293145,0.11365480718158005,alice,alice,alice,2,1,1,0,0,13.81904550250903,12.746884300560868,8.018991858624808,34.58492166169471
Bright_Far_20260114_210600_T6,1736904008.8,220,Bright,Far,4,4,1280,720,24.413768334689475,0,3,bob,4,1,0.6552317541752438,1055.5327768309778,289.15147928801355,1154.0961396967375,484.63055670720246,19267.07524033145,bob,0.8907898315803,chen,0.7948671702000192,0.09592266138028083,bob,bob,bob,3,1,1,0,0,13.81904550250903,12.746884300560868,8.018991858624808,34.58492166169471
Bright_Far_20260114_210600_T6,1736904008.84,221,Bright,Far,4,4,1280,720,25.86765485481122,2,0,diana,1,1,0.6766765200189483,109.08523565931775,173.921960213305,209.88678457229844,379.11857680310453,20684.136783954822,diana,0.8540895928739439,chen,0.7850980696030315,0.0689915232709124,diana,diana,diana,3,1,1,0,0,13.683482735638481,8.197638543387196,4.279401166203225,26.160522445228903
Bright_Far_20260114_210600_T6,1736904008.84,221,Bright,Far,4,4,1280,720,25.86765485481122,2,1,chen,2,1,0.6918951362420988,448.3395150971286,215.44739627342682,533.8883635522255,350.9770481461349,11594.405649230352,chen,0.8916440540622835,bob,0.722954484372247,0.16868956969003657,chen,chen,chen,1,1,1,0,0,13.683482735638481,8.197638543387196,4.279401166203225,26.160522445228903
Bright_Far_20260114_210600_T6,1736904008.84,221,Bright,Far,4,4,1280,720,25.86765485481122,2,2,alice,3,1,0.7531338671584491,768.8772971275351,239.90516439342866,866.8064358776325,417.6832465365243,17409.654472917406,alice,0.9511688617433693,diana,0.8697944427618031,0.08137441898156628,alice,alice,alice,3,1,1,0,0,13.683482735638481,8.197638543387196,4.279401166203225,26.160522445228903
Bright_Far_20260114_210600_T6,1736904008.84,221,Bright,Far,4,4,1280,720,25.86765485481122,2,3,bob,-1,0,-1.0,-1.0,-1.0,-1.0,-1.0,0.0,unknown,-1.0,unknown,-1.0,-1.0,unknown,unknown,unknown,0,0,0,0,1,13.683482735638481,8.197638543387196,4.279401166203225,26.160522445228903
Bright_Far_20260114_210600_T6,1736904008.88,222,Bright,Far,4,4,1280,720,23.33420929790808,1,0,diana,1,1,0.6290867364580446,86.73303700605894,227.20735543820743,194.02981708244832,377.6037974571824,16137.053963581404,chen,0.9,bob,0.8519245620293906,0.048075437970609425,unknown,unknown,unknown,0,0,0,0,0,9.808191626753395,11.06874287624288,6.8783613771853425,27.755295880181617
Bright_Far_20260114_210600_T6,1736904008.88,222,Bright,Far,4,4,1280,720,23.33420929790808,1,1,chen,2,1,0.8325240542375775,437.4254674956101,199.52378969277333,531.8963305969523,392.2724809004684,18209.135220045046,chen,0.8167937325486962,bob,0.676842453744706,0.13995127880399028,chen,chen,chen,1,1,1,0,0,9.808191626753395,11.06874287624288,6.8783613771853425,27.755295880181617
Bright_Far_20260114_210600_T6,1736904008.88,222,Bright,Far,4,4,1280,720,23.33420929790808,1,2,alice,3,1,0.8017295964108029,709.5995335501655,240.61277018715464,833.1283053863308,395.18579501811575,19094.215916369714,alice,0.9160216728347286,chen,0.8440488505686031,0.07197282226612545,alice,alice,alice,2,1,1,0,0,9.808191626753395,11.06874287624288,6.8783613771853425,27.755295880181617
Bright_Far_20260114_210600_T6,1736904008.88,222,Bright,Far,4,4,1280,720,23.33420929790808,1,3,bob,4,1,0.8183610276779032,1083.8542579033879,186.37881796926072,1172.0616351178064,373.98029402326904,16547.83416427762,bob,0.8496395143164648,chen,0.7464151085980475,0.10322440571841729,bob,bob,bob,3,1,1,0,0,9.808191626753395,11.06874287624288,6.8783613771853425,27.755295880181617
Bright_Far_20260114_210600_T6,1736904008.92,223,Bright,Far,4,4,1280,720,23.98241947990928,0,0,diana,1,1,0.8265702639542415,114.57746693147845,117.06794296739014,211.59536905394708,322.213976439163,19902.837796177133,diana,0.8707662521245266,chen,0.7906098589582353,0.0801563931662913,diana,diana,diana,2,1,1,0,0,21.500121787795813,15.293917328013022,2.873850505475078,39.66788962128391
Bright_Far_20260114_210600_T6,1736904008.92,223,Bright,Far,4,4,1280,720,23.98241947990928,0,1,chen,2,1,0.7671401258050844,425.0078860434004,266.73613077586475,515.6799408625393,444.94052274516883,16158.158397652058,chen,0.5885494348531818,alice,0.5188474155648649,0.06970201928831687,unknown,unknown,unknown,0,0,0,0,0,21.500121787795813,15.293917328013022,2.873850505475078,39.66788962128391
Bright_Far_20260114_210600_T6,1736904008.92,223,Bright,Far,4,4,1280,720,23.98241947990928,0,2,alice,3,1,0.729556839697106,718.6964025622655,188.2564684092971,807.1805148578866,353.44961474102433,14616.968910483523,alice,0.8950565782616795,chen,0.799666878757641,0.09538969950403853,alice,alice,alice,2,1,1,0,0,21.500121787795813,15.293917328013022,2.873850505475078,39.66788962128391
Bright_Far_20260114_210600_T6,1736904008.92,223,Bright,Far,4,4,1280,720,23.98241947990928,0,3,bob,4,1,0.8273898316057485,1089.349276966893,271.2989492781604,1175.1026010694698,421.0182644531933,12838.928958620423,bob,0.8406086794176063,chen,0.6757142155225562,0.16489446389505014,bob,bob,bob,2,1,1,0,0,21.500121787795813,15.293917328013022,2.873850505475078,39.66788962128391
Bright_Far_20260114_210600_T6,1736904008.96,224,Bright,Far,4,4,1280,720,24.850415802906692,1,0,diana,1,1,0.9157025291085266,80.71981024216501,260.72361569365427,191.18099536038352,454.50938506278186,21405.805743559602,diana,0.8278093585077781,bob,0.7227653820195173,0.1050439764882608,diana,diana,diana,1,1,1,0,0,12.852912823268772,5.330474529666925,6.090736266794557,24.274123619730254
Bright_Far_20260114_210600_T6,1736904008.96,224,Bright,Far,4,4,1280,720,24.850415802906692,1,1,chen,2,1,0.7572308677739374,427.9097945666019,250.7100127973338,524.6216913772438,407.3267220863921,15146.699027585712,chen,0.8709880903392859,bob,0.7612975498215938,0.10969054051769211,chen,chen,chen,3,1,1,0,0,12.852912823268772,5.330474529666925,6.090736266794557,24.274123619730254
Bright_Far_20260114_210600_T6,1736904008.96,224,Bright,Far,4,4,1280,720,24.850415802906692,1,2,alice,3,1,0.8872760843227752,736.7203306613269,182.54179766502023,858.465249042981,318.66608946896713,16572.44079543198,alice,0.8457035555052077,diana,0.6970295565185218,0.14867399898668587,alice,alice,alice,2,1,1,0,0,12.852912823268772,5.330474529666925,6.090736266794557,24.274123619730254
Bright_Far_20260114_210600_T6,1736904008.96,224,Bright,Far,4,4,1280,720,24.850415802906692,1,3,bob,4,1,0.8556893407729289,1070.0477426832222,235.31408481674686,1186.9187536724125,418.08400859204556,21360.505770036423,bob,0.7739134539294908,diana,0.6255852445715147,0.1483282093579762,bob,bob,bob,2,1,1,0,0,12.852912823268772,5.330474529666925,6.090736266794557,24.274123619730254
Bright_Far_20260114_210600_T6,1736904009.0,225,Bright,Far,4,4,1280,720,25.17911957862155,2,0,diana,1,1,0.9496812853744465,120.93530872030874,302.96298986090994,225.19057915856735,437.0096334663332,13975.06908042427,diana,0.832125231514786,bob,0.6653201879011224,0.16680504361366366,diana,diana,diana,2,1,1,0,0,5.682963757213687,4.496690628059429,3.571016593111448,13.750670978384566
Bright_Far_20260114_210600_T6,1736904009.0,225,Bright,Far,4,4,1280,720,25.17911957862155,2,1,chen,2,1,0.8565303941675303,453.51024186498074,225.89217418521991,577.1168555178962,368.1986928942903,17590.026878363442,chen,0.8481028041571216,diana,0.8309613378419652,0.01714146631515634,unknown,unknown,unknown,0,0,0,0,0,5.682963757213687,4.496690628059429,3.571016593111448,13.750670978384566
Bright_Far_20260114_210600_T6,1736904009.0,225,Bright,Far,4,4,1280,720,25.17911957862155,2,2,alice,3,1,0.6726079166211671,733.6757734299395,248.41406263358147,854.8494407271337,450.34828496205046,24469.110272347556,diana,0.8954595864951594,alice,0.8673953447885556,0.02806424170660382,diana,diana,diana,1,0,0,1,0,5.682963757213687,4.496690628059429,3.571016593111448,13.750670978384566
Bright_Far_20260114_210600_T6,1736904009.0,225,Bright,Far,4,4,1280,720,25.17911957862155,2,3,bob,4,1,0.5749750995475824,1045.4158029372988,219.0283112504581,1167.604201839671,400.2238805553923,22139.996501573736,bob,0.8901291293265706,alice,0.8153128800356039,0.07481624929096675,bob,bob,bob,1,1,1,0,0,5.682963757213687,4.496690628059429,3.571016593111448,13.750670978384566
Bright_Far_20260114_210600_T6,1736904009.04,226,Bright,Far,4,4,1280,720,23.863081428300397,0,0,diana,1,1,0.6646277186346305,89.09525549438487,171.19095085648726,181.64908400275183,385.37158165839026,19823.237373053187,diana,0.9100457842031143,bob,0.765326927759143,0.1447188564439713,diana,diana,diana,2,1,1,0,0,16.6019696237933,12.039331598589888,4.913971263659759,33.555272486042945
Bright_Far_20260114_210600_T6,1736904009.04,226,Bright,Far,4,4,1280,720,23.863081428300397,0,1,chen,-1,0,-1.0,-1.0,-1.0,-1.0,-1.0,0.0,unknown,-1.0,unknown,-1.0,-1.0,unknown,unknown,unknown,0,0,0,0,1,16.6019696237933,12.039331598589888,4.913971263659759,33.555272486042945
Bright_Far_20260114_210600_T6,1736904009.04,226,Bright,Far,4,4,1280,720,23.863081428300397,0,2,alice,3,1,0.7671445432889344,766.7414305007055,213.0432621025586,851.1940080611928,418.13619080930755,17320.626468714203,alice,0.8047257033226245,chen,0.7251812787542927,0.07954442456833177,alice,alice,alice,1,1,1,0,0,16.6019696237933,12.039331598589888,4.913971263659759,33.555272486042945
Bright_Far_20260114_210600_T6,1736904009.04,226,Bright,Far,4,4,1280,720,23.863081428300397,0,3,bob,4,1,0.8784061484398836,1092.9408443087104,350.6324813814805,1182.7458714036325,483.5196298991184,11933.9339731934,bob,0.8939637607264977,chen,0.7193820437499786,0.17458171697651914,bob,bob,bob,2,1,1,0,0,16.6019696237933,12.039331598589888,4.913971263659759,33.555272486042945
Bright_Far_20260114_210600_T6,1736904009.08,227,Bright,Far,4,4,1280,720,24.166425671760358,0,0,diana,1,1,0.7796035463724486,112.03494907300319,221.43326939127596,217.6357166217141,372.6625925354755,15969.932599899501,diana,0.9118492810044571,bob,0.7527413391583779,0.15910794184607913,diana,diana,diana,2,1,1,0,0,10.84399219118556,7.533762943644515,5.149584798384208,23.527339933214282
Bright_Far_20260114_210600_T6,1736904009.08,227,Bright,Far,4,4,1280,720,24.166425671760358,0,1,chen,2,1,0.7289189784213181,419.84098188751983,272.9239243632862,532.918533830951,448.8868624741115,19897.458274345616,chen,0.8540466427279855,alice,0.7107292609831503,0.14331738174483521,chen,chen,chen,1,1,1,0,0,10.84399219118556,7.533762943644515,5.149584798384208,23.527339933214282
Bright_Far_20260114_210600_T6,1736904009.08,227,Bright,Far,4,4,1280,720,24.166425671760358,0,2,alice,3,1,0.6720835413393035,774.714019600043,249.3899376082352,870.6120824027362,388.95007791477053,13383.547099868798,alice,0.8612952795154771,chen,0.767066932166326,0.09422834734915109,alice,alice,alice,1,1,1,0,0,10.84399219118556,7.533762943644515,5.149584798384208,23.527339933214282
Bright_Far_20260114_210600_T6,1736904009.08,227,Bright,Far,4,4,1280,720,24.166425671760358,0,3,bob,-1,0,-1.0,-1.0,-1.0,-1.0,-1.0,0.0,unknown,-1.0,unknown,-1.0,-1.0,unknown,unknown,unknown,0,0,0,0,1,10.84399219118556,7.533762943644515,5.149584798384208,23.527339933214282
Bright_Far_20260114_210600_T6,1736904009.12,228,Bright,Far,4,4,1280,720,26.998642369439644,1,0,diana,1,1,0.8333313463433686,108.304066030824,288.4632102099448,226.62187597405477,474.3800278985609,21997.270700531964,diana,0.8322108506264932,chen,0.6613403263228353,0.1708705243036579,diana,diana,diana,2,1,1,0,0,19.607591894059958,9.73596522657734,7.8682069392936445,37.21176405993094
Bright_Far_20260114_210600_T6,1736904009.12,228,Bright,Far,4,4,1280,720,26.998642369439644,1,1,chen,2,1,0.7638619551387974,441.8426768062907,189.80648221917454,551.6536161941647,405.4014536929643,23674.68634483875,chen,0.8292261882538795,bob,0.6636712698848315,0.165554918369048,chen,chen,chen,2,1,1,0,0,19.607591894059958,9.73596522657734,7.8682069392936445,37.21176405993094
Bright_Far_20260114_210600_T6,1736904009.12,228,Bright,Far,4,4,1280,720,26.998642369439644,1,2,alice,3,1,0.7562242017708386,741.4580476561932,272.65170516954703,857.5495270582232,413.214980601684,16318.198594511798,alice,0.8654451124645643,bob,0.7571508234058022,0.10829428905876215,alice,alice,alice,2,1,1,0,0,19.607591894059958,9.73596522657734,7.8682069392936445,37.21176405993094
Bright_Far_20260114_210600_T6,1736904009.12,228,Bright,Far,4,4,1280,720,26.998642369439644,1,3,bob,4,1,0.8885230744643384,1083.898263624028,198.66913647226482,1202.5230616917802,368.426357833592,20137.416104530144,chen,0.7450973783906367,alice,0.6938958439468899,0.051201534443746866,unknown,unknown,unknown,0,0,0,0,0,19.607591894059958,9.73596522657734,7.8682069392936445,37.21176405993094
Bright_Far_20260114_210600_T6,1736904009.16,229,Bright,Far,4,4,1280,720,24.51277165374493,1,0,diana,-1,0,-1.0,-1.0,-1.0,-1.0,-1.0,0.0,unknown,-1.0,unknown,-1.0,-1.0,unknown,unknown,unknown,0,0,0,0,1,15.879234215800652,12.46150105239061,6.31302242547013,34.65375769366139
Bright_Far_20260114_210600_T6,1736904009.16,229,Bright,Far,4,4,1280,720,24.51277165374493,1,1,chen,2,1,0.7741007622959927,434.9694538862606,162.04588349614295,525.1082947361272,294.74227575865706,11961.098983502221,chen,0.9176475674015151,alice,0.8379563378932506,0.07969122950826446,chen,chen,chen,2,1,1,0,0,15.879234215800652,12.46150105239061,6.31302242547013,34.65375769366139
Bright_Far_20260114_210600_T6,1736904009.16,229,Bright,Far,4,4,1280,720,24.51277165374493,1,2,alice,3,1,0.8067290033998804,731.383893101642,232.09696368605148,826.1480032953078,408.14263284748745,16682.811191531957,bob,0.8597249011498495,alice,0.7666152158721476,0.0931096852777018,bob,bob,bob,1,0,0,1,0,15.879234215800652,12.46150105239061,6.31302242547013,34.65375769366139
Bright_Far_20260114_210600_T6,1736904009.16,229,Bright,Far,4,4,1280,720,24.51277165374493,1,3,bob,4,1,0.7825097755974944,1092.3475204069405,296.0339971425195,1176.4334920438114,485.5495241465461,15935.597228407221,bob,0.8493628414783313,alice,0.6832172009607529,0.1661456405175784,bob,bob,bob,2,1,1,0,0,15.879234215800652,12.46150105239061,6.31302242547013,34.65375769366139
Bright_Far_20260114_210600_T6,1736904009.2,230,Bright,Far,4,4,1280,720,26.397934498626093,0,0,diana,1,1,0.7647279780193169,133.6072344884721,193.65074271411066,220.92855346826815,398.2608163061622,17866.821502611077,diana,0.8191233230129182,chen,0.6635719149394568,0.15555140807346146,diana,diana,diana,3,1,1,0,0,10.549601967755807,6.599866678944986,8.175127809269775,25.324596455970568
Bright_Far_20260114_210600_T6,1736904009.2,230,Bright,Far,4,4,1280,720,26.397934498626093,0,1,chen,2,1,0.8360598336603973,435.61161822991437,192.78699511464555,535.4527153726858,367.71811028227813,17465.314462744944,chen,0.8696903252992968,bob,0.7986063649509173,0.0710839603483795,chen,chen,chen,2,1,1,0,0,10.549601967755807,6.599866678944986,8.175127809269775,25.324596455970568
Bright_Far_20260114_210600_T6,1736904009.2,230,Bright,Far,4,4,1280,720,26.397934498626093,0,2,alice,3,1,0.7750993135034341,752.4564114712296,308.9953380978307,864.370159511343,496.85553534065133,21024.138780999037,alice,0.876077016517595,diana,0.8060868946965768,0.06999012182101816,alice,alice,alice,2,1,1,0,0,10.549601967755807,6.599866678944986,8.175127809269775,25.324596455970568
Bright_Far_20260114_210600_T6,1736904009.2,230,Bright,Far,4,4,1280,720,26.397934498626093,0,3,bob,4,1,0.6723074723886848,1066.1956738062,253.86870141778752,1185.7792524367164,429.2450020299532,20972.125634184013,bob,0.99,chen,0.8583806707959283,0.1316193292040717,bob,bob,bob,2,1,1,0,0,10.549601967755807,6.599866678944986,8.175127809269775,25.324596455970568
Bright_Far_20260114_210600_T6,1736904009.24,231,Bright,Far,4,4,1280,720,26.776001705774814,0,0,diana,1,1,0.7185586505688896,114.46760312908502,171.2121577404036,234.07221869722412,353.43349135034424,21794.512554730576,bob,0.6728206292974686,chen,0.6601705513264854,0.012650077970983165,unknown,unknown,unknown,0,0,0,0,0,13.066430150313264,9.650323945844004,8.345765459633004,31.06251955579027
Bright_Far_20260114_210600_T6,1736904009.24,231,Bright,Far,4,4,1280,720,26.776001705774814,0,1,chen,2,1,0.7704058196486326,422.25407290073616,189.13412281808317,538.5731424588737,375.07894634121874,21628.928861363212,chen,0.8882503252459921,alice,0.8106998848826797,0.07755044036331238,chen,chen,chen,3,1,1,0,0,13.066430150313264,9.650323945844004,8.345765459633004,31.06251955579027
Bright_Far_20260114_210600_T6,1736904009.24,231,Bright,Far,4,4,1280,720,26.776001705774814,0,2,alice,3,1,0.7288492242366238,752.7867354424179,279.79558220454476,836.611400146508,417.1015158862565,11509.623852751516,alice,0.871781623505128,chen,0.7357359116667488,0.1360457118383792,alice,alice,alice,2,1,1,0,0,13.066430150313264,9.650323945844004,8.345765459633004,31.06251955579027
Bright_Far_20260114_210600_T6,1736904009.24,231,Bright,Far,4,4,1280,720,26.776001705774814,0,3,bob,4,1,0.8130681000290433,1069.0136537619646,234.90595266375453,1187.9043194812243,411.8706592727292,21039.451777554474,bob,0.8722812881728577,chen,0.7566050534238661,0.11567623474899158,bob,bob,bob,2,1,1,0,0,13.066430150313264,9.650323945844004,8.345765459633004,31.06251955579027
Bright_Far_20260114_210600_T6,1736904009.28,232,Bright,Far,4,4,1280,720,22.597098202097598,1,0,diana,1,1,0.776646516240289,105.19567578671415,227.74362686469786,207.24019406492465,377.00962770535523,15231.777151099845,diana,0.9825879417158239,bob,0.8205235217437943,0.16206441997202958,diana,diana,diana,2,1,1,0,0,13.38599832786481,13.527746488807114,10.036036855476649,36.949781672148575
Bright_Far_20260114_210600_T6,1736904009.28,232,Bright,Far,4,4,1280,720,22.597098202097598,1,1,chen,2,1,0.8026128204803042,456.4775379404493,283.6476953684323,539.4011686121366,443.0692628762346,13219.815185118468,chen,0.918728129657814,alice,0.8171990076183229,0.10152912203949116,chen,chen,chen,2,1,1,0,0,13.38599832786481,13.527746488807114,10.036036855476649,36.949781672148575
Bright_Far_20260114_210600_T6,1736904009.28,232,Bright,Far,4,4,1280,720,22.597098202097598,1,2,alice,3,1,0.8422959615890009,761.9373319165136,298.6199319819394,852.4534925550122,460.2258693958865,14627.94899109599,chen,0.726725794713982,alice,0.6942379142891923,0.03248788042478967,unknown,unknown,unknown,0,0,0,0,0,13.38599832786481,13.527746488807114,10.036036855476649,36.949781672148575
Bright_Far_20260114_210600_T6,1736904009.28,232,Bright,Far,4,4,1280,720,22.597098202097598,1,3,bob,4,1,0.7323204567560978,1084.845282754811,146.3936092644154,1184.9231898114588,284.716299870273,13843.045374278461,bob,0.9651164625636529,alice,0.8775426770788408,0.0875737854848121,bob,bob,bob,3,1,1,0,0,13.38599832786481,13.527746488807114,10.036036855476649,36.949781672148575
Bright_Far_20260114_210600_T6,1736904009.32,233,Bright,Far,4,4,1280,720,23.26510149923768,2,0,diana,1,1,0.9421076079695846,140.53752262336428,183.52480034784367,234.91542403424404,391.96411462493063,19672.065052994294,diana,0.9183622915518236,alice,0.8256810505347654,0.09268124101705821,diana,diana,diana,1,1,1,0,0,16.31837254270901,11.931980550487287,7.836852773281782,36.08720586647808
Bright_Far_20260114_210600_T6,1736904009.32,233,Bright,Far,4,4,1280,720,23.26510149923768,2,1,chen,2,1,0.8429662828566842,439.9782321002695,117.60151910820831,544.0194052483607,312.06036435175497,20231.72638816171,alice,0.7435391654932287,chen,0.6990809106692814,0.044458254823947385,alice,alice,alice,1,0,0,1,0,16.31837254270901,11.931980550487287,7.836852773281782,36.08720586647808
Bright_Far_20260114_210600_T6,1736904009.32,233,Bright,Far,4,4,1280,720,23.26510149923768,2,2,alice,3,1,0.7754597310554012,753.0282059959482,284.33217045349056,834.9870155405597,418.414660184229,10989.241239108922,alice,0.7743103667652733,bob,0.6884126359064037,0.08589773085886965,alice,alice,alice,2,1,1,0,0,16.31837254270901,11.931980550487287,7.836852773281782,36.08720586647808
Bright_Far_20260114_210600_T6,1736904009.32,233,Bright,Far,4,4,1280,720,23.26510149923768,2,3,bob,4,1,0.8863656344910958,1049.0019360865854,307.0067452061859,1149.6583628338421,517.9266071844469,21230.43963675634,bob,0.8071838958379457,alice,0.7075438933791486,0.09964000245879712,bob,bob,bob,3,1,1,0,0,16.31837254270901,11.931980550487287,7.836852773281782,36.08720586647808
Bright_Far_20260114_210600_T6,1736904009.36,234,Bright,Far,4,4,1280,720,25.141275903621025,2,0,diana,1,1,0.7650306300790496,129.03168454530106,196.7251982601055,253.77637998883614,398.5254493925262,25173.510867942714,diana,0.7892767656439679,alice,0.6848489127747077,0.10442785286926015,diana,diana,diana,2,1,1,0,0,22.10796058667887,11.440558154094411,11.892483168140458,45.44100190891374
Bright_Far_20260114_210600_T6,1736904009.36,234,Bright,Far,4,4,1280,720,25.141275903621025,2,1,chen,2,1,0.8468092507362404,424.02340356566765,211.29358933919877,551.1901145677539,344.4823658142685,16937.178646726654,chen,0.9438715970925312,bob,0.8446111151514769,0.0992604819410543,chen,chen,chen,2,1,1,0,0,22.10796058667887,11.440558154094411,11.892483168140458,45.44100190891374
Bright_Far_20260114_210600_T6,1736904009.36,234,Bright,Far,4,4,1280,720,25.141275903621025,2,2,alice,3,1,0.7847451466951133,712.9891793560653,280.5645856302501,808.6438448022341,443.4804549646559,15583.662977054335,alice,0.9109223944093187,diana,0.7716408521346931,0.13928154227462552,alice,alice,alice,1,1,1,0,0,22.10796058667887,11.440558154094411,11.892483168140458,45.44100190891374
Bright_Far_20260114_210600_T6,1736904009.36,234,Bright,Far,4,4,1280,720,25.141275903621025,2,3,bob,4,1,0.7174734659076571,1058.9273186927442,232.34630714351155,1146.3444272567747,406.74943572701704,15245.817225290873,bob,0.8855605786173132,diana,0.8069893508153434,0.07857122780196979,bob,bob,bob,1,1,1,0,0,22.10796058667887,11.440558154094411,11.892483168140458,45.44100190891374
Bright_Far_20260114_210600_T6,1736904009.4,235,Bright,Far,4,4,1280,720,23.981740862718624,1,0,diana,1,1,0.6743687167333631,131.98554594916402,290.47764279383165,222.37220641962404,470.6619760156677,16286.260149018322,diana,0.8293842588127287,alice,0.7102116824301431,0.1191725763825856,diana,diana,diana,2,1,1,0,0,22.558020164817687,14.411480586258014,19.23372659899909,56.2032273500748
Bright_Far_20260114_210600_T6,1736904009.4,235,Bright,Far,4,4,1280,720,23.981740862718624,1,1,chen,2,1,0.8392718921639402,444.58629603732095,260.33088983849115,546.856667038636,440.69850869299813,18446.263296874222,chen,0.8769499514374925,alice,0.7647838591277407,0.11216609230975183,chen,chen,chen,2,1,1,0,0,22.558020164817687,14.411480586258014,19.23372659899909,56.2032273500748
Bright_Far_20260114_210600_T6,1736904009.4,235,Bright,Far,4,4,1280,720,23.981740862718624,1,2,alice,3,1,0.9226499744244719,752.072543508377,267.58437416766037,850.5057845937803,399.9946467278428,13033.5722811004,alice,0.7980888874154097,diana,0.6654580592247952,0.13263082819061456,alice,alice,alice,3,1,1,0,0,22.558020164817687,14.411480586258014,19.23372659899909,56.2032273500748
Bright_Far_20260114_210600_T6,1736904009.4,235,Bright,Far,4,4,1280,720,23.981740862718624,1,3,bob,4,1,0.8424166986340001,1052.246598542876,199.89000185936698,1146.60102647085,359.2928400604019,15040.363608554055,bob,0.9340637857388082,alice,0.8288560800682345,0.10520770567057369,bob,bob,bob,1,1,1,0,0,22.558020164817687,14.411480586258014,19.23372659899909,56.2032273500748
Bright_Far_20260114_210600_T6,1736904009.44,236,Bright,Far,4,4,1280,720,22.92949766684017,1,0,diana,1,1,0.6442258554630085,128.62838043461358,319.45788061977936,216.7084290488898,513.0377538330721,17050.52464337225,diana,0.8695781681503664,chen,0.8027931727321201,0.06678499541824623,diana,diana,diana,2,1,1,0,0,10.460269219327554,7.385626277926829,5.137414709467708,22.98331020672209
Bright_Far_20260114_210600_T6,1736904009.44,236,Bright,Far,4,4,1280,720,22.92949766684017,1,1,chen,2,1,0.8615064524439653,433.09746879333414,200.42315797467836,529.0899193613994,337.6243209597774,13170.275855728187,chen,0.8664272998041197,bob,0.7243135278204679,0.14211377198365183,chen,chen,chen,2,1,1,0,0,10.460269219327554,7.385626277926829,5.137414709467708,22.98331020672209
Bright_Far_20260114_210600_T6,1736904009.44,236,Bright,Far,4,4,1280,720,22.92949766684017,1,2,alice,-1,0,-1.0,-1.0,-1.0,-1.0,-1.0,0.0,unknown,-1.0,unknown,-1.0,-1.0,unknown,unknown,unknown,0,0,0,0,1,10.460269219327554,7.385626277926829,5.137414709467708,22.98331020672209
Bright_Far_20260114_210600_T6,1736904009.44,236,Bright,Far,4,4,1280,720,22.92949766684017,1,3,bob,4,1,0.7431699101366745,1066.6290233492857,253.31162651376513,1171.4181367598283,447.58691258939217,20357.934985444477,bob,0.8589483190328354,chen,0.7830729205779979,0.07587539845483748,bob,bob,bob,2,1,1,0,0,10.460269219327554,7.385626277926829,5.137414709467708,22.98331020672209
Bright_Far_20260114_210600_T6,1736904009.48,237,Bright,Far,4,4,1280,720,23.903947674925266,0,0,diana,1,1,0.6784623142403531,81.41217914284476,235.67257559468464,192.62896824552,406.68549677384317,19019.5079886149,diana,0.9256215716478751,bob,0.8507345827063801,0.07488698894149493,diana,diana,diana,1,1,1,0,0,12.210462058738983,5.294941743428111,6.935413173242826,24.44081697540992
Bright_Far_20260114_210600_T6,1736904009.48,237,Bright,Far,4,4,1280,720,23.903947674925266,0,1,chen,2,1,0.8552200103596133,428.344650550878,216.57984819248696,547.3616929784253,406.6107575521649,22616.91680180618,chen,0.8460256361007704,diana,0.7308331628591213,0.11519247324164916,chen,chen,chen,2,1,1,0,0,12.210462058738983,5.294941743428111,6.935413173242826,24.44081697540992
Bright_Far_20260114_210600_T6,1736904009.48,237,Bright,Far,4,4,1280,720,23.903947674925266,0,2,alice,3,1,0.830843688724346,748.0866941090306,166.034183231462,837.2315938797382,359.1474405478339,17215.061967862825,alice,0.8684486412278049,bob,0.801862533117081,0.06658610811072385,alice,alice,alice,3,1,1,0,0,12.210462058738983,5.294941743428111,6.935413173242826,24.44081697540992
Bright_Far_20260114_210600_T6,1736904009.48,237,Bright,Far,4,4,1280,720,23.903947674925266,0,3,bob,4,1,0.7474091879354272,1073.2574285853334,271.0411036487503,1176.3673010344419,454.4539236985456,18911.67248086568,bob,0.7884172103042361,chen,0.7040209434547493,0.08439626684948676,bob,bob,bob,2,1,1,0,0,12.210462058738983,5.294941743428111,6.935413173242826,24.44081697540992
Bright_Far_20260114_210600_T6,1736904009.52,238,Bright,Far,4,4,1280,720,24.65410678640255,1,0,diana,1,1,0.7074735881690879,125.53228733275071,278.087729014902,227.28269963849837,473.93748462033903,19927.793382833133,chen,0.6128498952686138,alice,0.590907292791809,0.021942602476804796,unknown,unknown,unknown,0,0,0,0,0,23.942168822350283,15.858115778261045,7.418648371251827,47.218932971863154
Bright_Far_20260114_210600_T6,1736904009.52,238,Bright,Far,4,4,1280,720,24.65410678640255,1,1,chen,2,1,0.6689074562892837,395.30730639526655,212.30400341147634,519.2541053023599,422.25883568383637,26023.22937523472,chen,0.8242001437030771,diana,0.7021798463541677,0.1220202973489094,chen,chen,chen,2,1,1,0,0,23.942168822350283,15.858115778261045,7.418648371251827,47.218932971863154
Bright_Far_20260114_210600_T6,1736904009.52,238,Bright,Far,4,4,1280,720,24.65410678640255,1,2,alice,3,1,0.7838716031908911,755.539290487474,241.02532926392703,868.7832218794621,418.69415419292636,20119.916220754745,alice,0.806069041088396,chen,0.6613058563481786,0.14476318474021743,alice,alice,alice,1,1,1,0,0,23.942168822350283,15.858115778261045,7.418648371251827,47.218932971863154
Bright_Far_20260114_210600_T6,1736904009.52,238,Bright,Far,4,4,1280,720,24.65410678640255,1,3,bob,4,1,0.8379641261606016,1048.1353447760143,216.9824174972869,1153.9371429719376,413.34526790194445,20775.54267168986,bob,0.9101436719312904,chen,0.8372373757325015,0.07290629619878897,bob,bob,bob,1,1,1,0,0,23.942168822350283,15.858115778261045,7.418648371251827,47.218932971863154
Bright_Far_20260114_210600_T6,1736904009.56,239,Bright,Far,4,4,1280,720,27.696775013617174,1,0,diana,1,1,0.5978410755706135,106.08331614330203,249.35507477992667,209.51811987299718,407.5735966863167,16365.301759789925,diana,0.800289142738143,bob,0.6680016068569703,0.1322875358811727,diana,diana,diana,2,1,1,0,0,15.07966433456547,5.980236570704469,6.71868155636234,27.77858246163228
Bright_Far_20260114_210600_T6,1736904009.56,239,Bright,Far,4,4,1280,720,27.696775013617174,1,1,chen,2,1,0.6772847370318597,409.4613122158434,225.68016380872146,500.3077804624432,380.9238496960252,14103.340580446047,chen,0.9288482310803245,bob,0.7920228871805901,0.13682534389973444,chen,chen,chen,2,1,1,0,0,15.07966433456547,5.980236570704469,6.71868155636234,27.77858246163228
Bright_Far_20260114_210600_T6,1736904009.56,239,Bright,Far,4,4,1280,720,27.696775013617174,1,2,alice,3,1,0.6279386585267341,739.3404558314315,149.41990488530433,834.4125054672346,315.8521158984748,15823.05142644059,alice,0.8701050494361636,diana,0.735347558909117,0.13475749052704666,alice,alice,alice,3,1,1,0,0,15.07966433456547,5.980236570704469,6.71868155636234,27.77858246163228
Bright_Far_20260114_210600_T6,1736904009.56,239,Bright,Far,4,4,1280,720,27.696775013617174,1,3,bob,4,1,0.885881232712311,1030.8703344921487,258.03188799118567,1149.7220787358488,390.6295945711184,15759.468709739349,bob,0.8455375959987765,chen,0.7511109960601348,0.09442659993864178,bob,bob,bob,2,1,1,0,0,15.07966433456547,5.980236570704469,6.71868155636234,27.77858246163228
Bright_Far_20260114_210600_T6,1736904009.6,240,Bright,Far,4,4,1280,720,25.880441713747913,1,0,diana,1,1,0.8128700870483418,132.05029762540565,237.20363195981912,223.065161235536,435.4459127624314,18042.994149010923,diana,0.8163120845201077,bob,0.6594860444868758,0.15682604003323197,diana,diana,diana,2,1,1,0,0,16.505771228541356,11.443876596896178,5.38089450163228,33.330542327069814
Bright_Far_20260114_210600_T6,1736904009.6,240,Bright,Far,4,4,1280,720,25.880441713747913,1,1,chen,2,1,0.7397179159517754,411.39695537855624,237.3387167834269,518.3080340350521,419.4964426657076,19474.678959688918,chen,0.8476077686181707,diana,0.6781479137500812,0.16945985486808945,chen,chen,chen,2,1,1,0,0,16.505771228541356,11.443876596896178,5.38089450163228,33.330542327069814
Bright_Far_20260114_210600_T6,1736904009.6,240,Bright,Far,4,4,1280,720,25.880441713747913,1,2,alice,3,1,0.7825682146283867,747.5893400767742,243.5547001963945,828.4708489976123,382.7559993730589,11258.811121149634,alice,0.8811669409680043,diana,0.7175116402857165,0.16365530068228784,alice,alice,alice,2,1,1,0,0,16.505771228541356,11.443876596896178,5.38089450163228,33.330542327069814
Bright_Far_20260114_210600_T6,1736904009.6,240,Bright,Far,4,4,1280,720,25.880441713747913,1,3,bob,4,1,0.7500050719144474,1075.401346082798,237.44584159947158,1164.1823897976317,430.2082552732643,17113.648274949846,bob,0.8810769511389545,alice,0.7147007387940947,0.16637621234485978,bob,bob,bob,2,1,1,0,0,16.505771228541356,11.443876596896178,5.38089450163228,33.330542327069814
Bright_Far_20260114_210600_T6,1736904009.64,241,Bright,Far,4,4,1280,720,23.65772127532355,1,0,diana,1,1,0.7522240937996093,108.2658955368743,186.38655563317474,234.6886250526816,375.72796301992963,23937.057532197992,bob,0.7325941707880733,diana,0.6739937865110713,0.05860038427700198,bob,bob,bob,2,0,0,1,0,20.418437606238623,12.294179181029829,10.75862933289934,43.47124612016779
Bright_Far_20260114_210600_T6,1736904009.64,241,Bright,Far,4,4,1280,720,23.65772127532355,1,1,chen,2,1,0.6865659792343223,459.6798378699898,232.08474025156312,563.9725403180367,416.93730092526465,19278.7731071019,chen,0.7867648125162678,alice,0.6549492704888957,0.1318155420273721,chen,chen,chen,2,1,1,0,0,20.418437606238623,12.294179181029829,10.75862933289934,43.47124612016779
Bright_Far_20260114_210600_T6,1736904009.64,241,Bright,Far,4,4,1280,720,23.65772127532355,1,2,alice,3,1,0.6815734821119761,757.8906172735175,168.56656122226445,872.1366984099917,371.49663608236983,23183.96579749839,alice,0.9157071986707515,diana,0.8307863558559742,0.0849208428147773,alice,alice,alice,3,1,1,0,0,20.418437606238623,12.294179181029829,10.75862933289934,43.47124612016779
Bright_Far_20260114_210600_T6,1736904009.64,241,Bright,Far,4,4,1280,720,23.65772127532355,1,3,bob,4,1,0.9169647967731496,1061.5202162469398,276.31307246576205,1187.706622000325,410.4490787721844,16926.140517920863,bob,0.7781724512565766,diana,0.6311208862259653,0.14705156503061134,bob,bob,bob,3,1,1,0,0,20.418437606238623,12.294179181029829,10.75862933289934,43.47124612016779
Bright_Far_20260114_210600_T6,1736904009.68,242,Bright,Far,4,4,1280,720,22.981053735330278,0,0,diana,1,1,0.8835129640368617,113.13617289093283,135.65130653772496,207.08350249822956,338.8897717339321,19093.711078669177,diana,0.8263603381734591,bob,0.7819687465048186,0.044391591668640484,unknown,unknown,unknown,0,0,0,0,0,17.973693085848726,11.15740551403206,6.362787095453044,35.49388569533383
Bright_Far_20260114_210600_T6,1736904009.68,242,Bright,Far,4,4,1280,720,22.981053735330278,0,1,chen,2,1,0.7841323645735362,445.1832162118693,278.978661283065,564.4465516373256,446.8587726695133,20021.942035544947,alice,0.9373942560572933,chen,0.8607285463411093,0.07666570971618403,alice,alice,alice,2,0,0,1,0,17.973693085848726,11.15740551403206,6.362787095453044,35.49388569533383
Bright_Far_20260114_210600_T6,1736904009.68,242,Bright,Far,4,4,1280,720,22.981053735330278,0,2,alice,3,1,0.7078895048110039,747.3847923095633,144.82733909193377,856.1766858737432,299.00292709730064,16773.05416047472,alice,0.820712490759153,bob,0.7397801751675045,0.08093231559164848,alice,alice,alice,2,1,1,0,0,17.973693085848726,11.15740551403206,6.362787095453044,35.49388569533383
Bright_Far_20260114_210600_T6,1736904009.68,242,Bright,Far,4,4,1280,720,22.981053735330278,0,3,bob,4,1,0.8931191761290466,1070.3615017579993,229.5471157912578,1194.8878160744755,391.6299981421411,20183.58395294652,bob,0.7896461248396085,alice,0.7183275677103639,0.07131855712924462,bob,bob,bob,1,1,1,0,0,17.973693085848726,11.15740551403206,6.362787095453044,35.49388569533383
Bright_Far_20260114_210600_T6,1736904009.72,243,Bright,Far,4,4,1280,720,23.5836101880185,1,0,diana,1,1,0.9414774373821436,101.12042353614795,192.7416682508939,209.71758075507677,388.8607202567714,21297.971524309556,diana,0.8132736923159503,bob,0.7067565861811168,0.10651710613483345,diana,diana,diana,1,1,1,0,0,12.074669227682435,11.241379732653952,6.5174374441323675,29.833486404468754
Bright_Far_20260114_210600_T6,1736904009.72,243,Bright,Far,4,4,1280,720,23.5836101880185,1,1,chen,2,1,0.8254269379948636,429.59793720292816,291.7600603525752,533.745554994945,433.8126259553084,14794.436308768858,chen,0.5243345672165303,bob,0.4651075238465773,0.05922704336995299,unknown,unknown,unknown,0,0,0,0,0,12.074669227682435,11.241379732653952,6.5174374441323675,29.833486404468754
Bright_Far_20260114_210600_T6,1736904009.72,243,Bright,Far,4,4,1280,720,23.5836101880185,1,2,alice,3,1,0.8176406897435408,768.9692742303289,162.45960014026895,887.7116364574977,336.2191849715239,20632.62356247533,alice,0.7379923618844391,diana,0.5805623402054769,0.15743002167896214,alice,alice,alice,2,1,1,0,0,12.074669227682435,11.241379732653952,6.5174374441323675,29.833486404468754
Bright_Far_20260114_210600_T6,1736904009.72,243,Bright,Far,4,4,1280,720,23.5836101880185,1,3,bob,4,1,0.7752338026440371,1057.3419946474078,293.52794982676573,1168.0550273420536,444.86784807232027,16755.299102464447,bob,0.8443951706631856,chen,0.7727532885784818,0.07164188208470379,bob,bob,bob,3,1,1,0,0,12.074669227682435,11.241379732653952,6.5174374441323675,29.833486404468754
Bright_Far_20260114_210600_T6,1736904009.76,244,Bright,Far,4,4,1280,720,25.924036378103214,2,0,diana,1,1,0.666870691118933,107.59038348397769,241.69467781635456,233.88076249101107,395.2422689915728,19391.58348513533,chen,0.7517703725986088,alice,0.7270183269170782,0.024752045681530555,unknown,unknown,unknown,0,0,0,0,0,27.457644831577223,18.329116844395678,6.831942314535166,52.61870399050807
Bright_Far_20260114_210600_T6,1736904009.76,244,Bright,Far,4,4,1280,720,25.924036378103214,2,1,chen,2,1,0.6667669138574677,454.8997957691987,168.74795020550795,582.0946883994333,365.8571295594367,25071.280904356616,chen,0.8607341429329083,diana,0.7136743885329493,0.147059754399959,chen,chen,chen,2,1,1,0,0,27.457644831577223,18.329116844395678,6.831942314535166,52.61870399050807
Bright_Far_20260114_210600_T6,1736904009.76,244,Bright,Far,4,4,1280,720,25.924036378103214,2,2,alice,-1,0,-1.0,-1.0,-1.0,-1.0,-1.0,0.0,unknown,-1.0,unknown,-1.0,-1.0,unknown,unknown,unknown,0,0,0,0,1,27.457644831577223,18.329116844395678,6.831942314535166,52.61870399050807
Bright_Far_20260114_210600_T6,1736904009.76,244,Bright,Far,4,4,1280,720,25.924036378103214,2,3,bob,4,1,0.816052463958734,1089.4571983168978,212.5359870697658,1202.4979232262106,386.6399487942748,19680.83804292174,alice,0.7561299506614748,bob,0.6991018097788274,0.057028140882647405,alice,alice,alice,1,0,0,1,0,27.457644831577223,18.329116844395678,6.831942314535166,52.61870399050807
Bright_Far_20260114_210600_T6,1736904009.8,245,Bright,Far,4,4,1280,720,27.416002842252784,1,0,diana,1,1,0.6861811652299201,107.1135621267596,217.8004939476155,214.7871868244679,432.77866327601595,23147.478722466574,alice,0.6150833970758666,bob,0.5939016054727752,0.021181791603091416,unknown,unknown,unknown,0,0,0,0,0,10.308672184172504,9.210088487915577,5.379790873462767,24.89855154555085
Bright_Far_20260114_210600_T6,1736904009.8,245,Bright,Far,4,4,1280,720,27.416002842252784,1,1,chen,2,1,0.8497873474342533,411.22023020547385,295.35015731169614,537.8597793242027,449.70141299944527,19546.97342620618,chen,0.8930066754741758,diana,0.7635007094067547,0.12950596606742104,chen,chen,chen,3,1,1,0,0,10.308672184172504,9.210088487915577,5.379790873462767,24.89855154555085
Bright_Far_20260114_210600_T6,1736904009.8,245,Bright,Far,4,4,1280,720,27.416002842252784,1,2,alice,3,1,0.7105606041625264,736.8718154359689,205.15214319267645,863.6170763418353,364.1380095862321,20150.70511639643,alice,0.8984876756763526,bob,0.8068100476594758,0.09167762801687673,alice,alice,alice,2,1,1,0,0,10.308672184172504,9.210088487915577,5.379790873462767,24.89855154555085
Bright_Far_20260114_210600_T6,1736904009.8,245,Bright,Far,4,4,1280,720,27.416002842252784,1,3,bob,4,1,0.9254043673885886,1091.2201177141933,247.29806575514897,1185.7276211766548,457.2252960740723,19839.698446230595,bob,0.8181995697350448,chen,0.7293784383186124,0.08882113141643244,bob,bob,bob,2,1,1,0,0,10.308672184172504,9.210088487915577,5.379790873462767,24.89855154555085
Bright_Far_20260114_210600_T6,1736904009.84,246,Bright,Far,4,4,1280,720,24.991259228260937,2,0,diana,1,1,0.8621538921705485,109.8091341494389,216.7843957042419,231.4964400815803,395.3216345305018,21725.71560133088,diana,0.8512590899991113,bob,0.7870248470194298,0.0642342429796815,diana,diana,diana,2,1,1,0,0,17.453811112601407,13.827693779876315,14.410419097718913,45.691923990196635
Bright_Far_20260114_210600_T6,1736904009.84,246,Bright,Far,4,4,1280,720,24.991259228260937,2,1,chen,2,1,0.7780871933313158,433.1636479879277,259.4642453681145,531.7360372483628,409.09415447592227,14749.377645578348,chen,0.8890707141181587,bob,0.7936533981606781,0.0954173159574806,chen,chen,chen,2,1,1,0,0,17.453811112601407,13.827693779876315,14.410419097718913,45.691923990196635
Bright_Far_20260114_210600_T6,1736904009.84,246,Bright,Far,4,4,1280,720,24.991259228260937,2,2,alice,3,1,0.7512519324406404,754.8368643378853,292.850778589255,858.4975128401293,452.0149252543282,16499.058661607753,alice,0.8291692247847626,chen,0.6829947849736882,0.14617443981107447,alice,alice,alice,1,1,1,0,0,17.453811112601407,13.827693779876315,14.410419097718913,45.691923990196635
Bright_Far_20260114_210600_T6,1736904009.84,246,Bright,Far,4,4,1280,720,24.991259228260937,2,3,bob,4,1,0.828652875075833,1084.3733919209863,241.90507643935803,1204.9900424133875,450.4173310369566,25150.049736181143,bob,0.9008440144978254,diana,0.7510628178904212,0.1497811966074042,bob,bob,bob,2,1,1,0,0,17.453811112601407,13.827693779876315,14.410419097718913,45.691923990196635
Bright_Far_20260114_210600_T6,1736904009.88,247,Bright,Far,4,4,1280,720,25.457591162642487,1,0,diana,1,1,0.5559189136538452,121.38146138782022,240.89764629082185,218.61593359192963,404.6342383207244,15920.841106527163,diana,0.7480276661072681,bob,0.6704959199494731,0.07753174615779501,diana,diana,diana,2,1,1,0,0,10.54960648705829,9.124014304232874,6.157759918367603,25.831380709658767
Bright_Far_20260114_210600_T6,1736904009.88,247,Bright,Far,4,4,1280,720,25.457591162642487,1,1,chen,2,1,0.8127982560973223,445.2841577225942,187.49595325373554,530.5807401325733,351.6701376109366,14003.496845615096,chen,0.8642479354163048,bob,0.7704489145207646,0.09379902089554026,chen,chen,chen,1,1,1,0,0,10.54960648705829,9.124014304232874,6.157759918367603,25.831380709658767
Bright_Far_20260114_210600_T6,1736904009.88,247,Bright,Far,4,4,1280,720,25.457591162642487,1,2,alice,3,1,0.8969284496209575,750.3588532991843,272.84307121356164,855.9731968396926,404.72397679769597,13928.515268796107,diana,0.7544710836745536,alice,0.7028987651386411,0.05157231853591249,diana,diana,diana,2,0,0,1,0,10.54960648705829,9.124014304232874,6.157759918367603,25.831380709658767
Bright_Far_20260114_210600_T6,1736904009.88,247,Bright,Far,4,4,1280,720,25.457591162642487,1,3,bob,4,1,0.9263088393251859,1066.8873764389516,185.18344579270945,1193.3976783190412,333.3483107062747,18744.381788237835,bob,0.7902557271282408,chen,0.7544405158577587,0.03581521127048204,unknown,unknown,unknown,0,0,0,0,0,10.54960648705829,9.124014304232874,6.157759918367603,25.831380709658767
Bright_Far_20260114_210600_T6,1736904009.92,248,Bright,Far,4,4,1280,720,20.669043271700524,1,0,diana,1,1,0.7246719180506738,115.71844665624293,238.88052127508064,238.31589586529685,439.2834689117199,24568.890194227577,diana,0.9262991545078708,bob,0.8486370439828493,0.07766211052502148,diana,diana,diana,2,1,1,0,0,12.89938904132387,9.90464988606144,4.048595281582006,26.852634208967316
Bright_Far_20260114_210600_T6,1736904009.92,248,Bright,Far,4,4,1280,720,20.669043271700524,1,1,chen,2,1,0.8313028839823199,431.0912029361676,258.4627555238154,552.0620617614636,465.45124790060663,25039.575689773676,chen,0.8295317868937676,alice,0.7278617243238582,0.1016700625699094,chen,chen,chen,2,1,1,0,0,12.89938904132387,9.90464988606144,4.048595281582006,26.852634208967316
Bright_Far_20260114_210600_T6,1736904009.92,248,Bright,Far,4,4,1280,720,20.669043271700524,1,2,alice,3,1,0.7514282141089844,719.7715211493654,201.36392524014246,811.5179501828017,387.8669933926249,17110.990506769856,alice,0.8499435779133304,diana,0.7240522678766217,0.12589131003670873,alice,alice,alice,2,1,1,0,0,12.89938904132387,9.90464988606144,4.048595281582006,26.852634208967316
Bright_Far_20260114_210600_T6,1736904009.92,248,Bright,Far,4,4,1280,720,20.669043271700524,1,3,bob,-1,0,-1.0,-1.0,-1.0,-1.0,-1.0,0.0,unknown,-1.0,unknown,-1.0,-1.0,unknown,unknown,unknown,0,0,0,0,1,12.89938904132387,9.90464988606144,4.048595281582006,26.852634208967316
Bright_Far_20260114_210600_T6,1736904009.96,249,Bright,Far,4,4,1280,720,24.950268582329286,1,0,diana,1,1,0.6532999500622138,121.63475164600602,225.7635315506463,228.01715858903924,431.4796169285573,21884.572309400693,diana,0.8133299311912505,alice,0.6699802346903416,0.1433496965009089,diana,diana,diana,1,1,1,0,0,12.12963603291981,8.310603327955985,12.154152050685585,32.59439141156138
Bright_Far_20260114_210600_T6,1736904009.96,249,Bright,Far,4,4,1280,720,24.950268582329286,1,1,chen,2,1,0.8100022933085413,453.7536114914309,256.88920749645354,548.4566293245217,449.013182337153,18194.720215503057,chen,0.8071145774479359,alice,0.686420368423384,0.12069420902455186,chen,chen,chen,2,1,1,0,0,12.12963603291981,8.310603327955985,12.154152050685585,32.59439141156138
Bright_Far_20260114_210600_T6,1736904009.96,249,Bright,Far,4,4,1280,720,24.950268582329286,1,2,alice,3,1,0.6779322664889017,756.2973176378623,280.9043763975671,866.3972388141651,447.0742111042669,18295.285703086916,alice,0.8620624933035091,diana,0.7448298312290413,0.11723266207446781,alice,alice,alice,2,1,1,0,0,12.12963603291981,8.310603327955985,12.154152050685585,32.59439141156138
Bright_Far_20260114_210600_T6,1736904009.96,249,Bright,Far,4,4,1280,720,24.950268582329286,1,3,bob,4,1,0.7256992226635135,1074.3533811503276,251.00346176614966,1191.8892444346543,405.989910655704,18216.466067605958,bob,0.8071108845082048,chen,0.7112390603900063,0.0958718241181985,bob,bob,bob,2,1,1,0,0,12.12963603291981,8.310603327955985,12.154152050685585,32.59439141156138
Bright_Far_20260114_210600_T6,1736904010.0,250,Bright,Far,4,4,1280,720,23.862368835519323,1,0,diana,1,1,0.8854363030741753,100.08992283386284,275.8683204278242,184.3703733811313,426.8839158824943,12727.662424583623,diana,0.99,chen,0.8514351261472324,0.1385648738527676,diana,diana,diana,2,1,1,0,0,10.20158556788311,6.565412459727766,11.286867528122812,28.05386555573369
Bright_Far_20260114_210600_T6,1736904010.0,250,Bright,Far,4,4,1280,720,23.862368835519323,1,1,chen,-1,0,-1.0,-1.0,-1.0,-1.0,-1.0,0.0,unknown,-1.0,unknown,-1.0,-1.0,unknown,unknown,unknown,0,0,0,0,1,10.20158556788311,6.565412459727766,11.286867528122812,28.05386555573369
Bright_Far_20260114_210600_T6,1736904010.0,250,Bright,Far,4,4,1280,720,23.862368835519323,1,2,alice,3,1,0.7508166466213947,743.961776716101,180.07600533993636,860.779693592058,382.62657571239856,23661.53569294798,bob,0.7014751560845639,chen,0.6847630373654555,0.016712118719108382,unknown,unknown,unknown,0,0,0,0,0,10.20158556788311,6.565412459727766,11.286867528122812,28.05386555573369
Bright_Far_20260114_210600_T6,1736904010.0,250,Bright,Far,4,4,1280,720,23.862368835519323,1,3,bob,4,1,0.8276567434930391,1072.8857687758766,245.32465142980908,1174.5095366282537,421.3648310003819,17889.866341370674,bob,0.8445169304636566,chen,0.6864235024314134,0.15809342803224324,bob,bob,bob,1,1,1,0,0,10.20158556788311,6.565412459727766,11.286867528122812,28.05386555573369
