trial_id,t_wall,frame_idx,lighting,distance,n_users_roster,n_users_db,cam_w,cam_h,proc_fps,drained,slot_idx,true_id,track_id,detected,det_score,bbox_x1,bbox_y1,bbox_x2,bbox_y2,bbox_area,best_id,best_sim,second_id,second_sim,margin,accepted_id,stable_id,pending_id,pending_count,is_correct_accepted,is_correct_stable,is_wrong_accepted,is_miss,lat_det_ms,lat_emb_ms,lat_match_ms,lat_total_ms
Bright_Near_20260114_210100_T1,1736899000.04,1,Bright,Near,4,4,1280,720,24.068125258918336,1,0,diana,1,1,0.7799287691313656,82.78182390290834,300.31437565832783,181.06699829403817,435.611276030998,13297.679447707205,diana,0.8900249257959775,bob,0.7954474538790183,0.0945774719169592,diana,diana,diana,3,1,1,0,0,22.040407813378042,12.430061132539354,5.92632824933056,40.396797195247956
Bright_Near_20260114_210100_T1,1736899000.04,1,Bright,Near,4,4,1280,720,24.068125258918336,1,1,chen,2,1,0.7605800737061963,411.2208683036442,259.46310496273304,502.27540649665053,436.45263398472605,16115.69983009527,chen,0.866194045264352,diana,0.6970986402779442,0.16909540498640774,chen,chen,chen,1,1,1,0,0,22.040407813378042,12.430061132539354,5.92632824933056,40.396797195247956
Bright_Near_20260114_210100_T1,1736899000.04,1,Bright,Near,4,4,1280,720,24.068125258918336,1,2,alice,3,1,0.9120559752949181,757.5529904001546,221.2744680412938,847.3857467344487,393.2766408587623,15451.429279680793,alice,0.9614536110380556,bob,0.8567674483118486,0.10468616272620701,alice,alice,alice,2,1,1,0,0,22.040407813378042,12.430061132539354,5.92632824933056,40.396797195247956
Bright_Near_20260114_210100_T1,1736899000.04,1,Bright,Near,4,4,1280,720,24.068125258918336,1,3,bob,4,1,0.8639517239474604,1059.593402920225,215.19636882327666,1167.0794188871346,368.6470065990487,16493.797702099113,bob,0.9136235065787748,chen,0.7992823546732067,0.11434115190556804,bob,bob,bob,2,1,1,0,0,22.040407813378042,12.430061132539354,5.92632824933056,40.396797195247956
Bright_Near_20260114_210100_T1,1736899000.08,2,Bright,Near,4,4,1280,720,27.92395125442705,2,0,diana,1,1,0.7395668038841583,132.56867066612506,323.7095022895881,237.66816831548562,489.155650826756,17388.307099277838,diana,0.8077829298092873,alice,0.7476117041417564,0.06017122566753097,diana,diana,diana,1,1,1,0,0,9.52809917127884,7.415663763720145,4.621873429418242,21.565636364417227
Bright_Near_20260114_210100_T1,1736899000.08,2,Bright,Near,4,4,1280,720,27.92395125442705,2,1,chen,2,1,0.7971725495725521,453.14999326588816,264.09337767740027,565.9298582759081,398.28369655154376,15133.96604827744,chen,0.8635832744916968,diana,0.7665209523080412,0.09706232218365562,chen,chen,chen,2,1,1,0,0,9.52809917127884,7.415663763720145,4.621873429418242,21.565636364417227
Bright_Near_20260114_210100_T1,1736899000.08,2,Bright,Near,4,4,1280,720,27.92395125442705,2,2,alice,3,1,0.878056350165023,747.29863238854,210.04368576830916,849.522459307952,403.7392839073607,19800.30529921838,alice,0.821809429229743,diana,0.7035104017846754,0.1182990274450676,alice,alice,alice,1,1,1,0,0,9.52809917127884,7.415663763720145,4.621873429418242,21.565636364417227
Bright_Near_20260114_210100_T1,1736899000.08,2,Bright,Near,4,4,1280,720,27.92395125442705,2,3,bob,4,1,0.676257597717391,1051.5522484850985,202.76473768661518,1151.4675335686147,371.0823624948505,16817.50346729515,bob,0.8343959008819435,diana,0.6814078557842614,0.15298804509768205,bob,bob,bob,2,1,1,0,0,9.52809917127884,7.415663763720145,4.621873429418242,21.565636364417227
Bright_Near_20260114_210100_T1,1736899000.12,3,Bright,Near,4,4,1280,720,28.064388274832353,3,0,diana,1,1,0.7500094192024439,112.87101290566326,314.84226757418696,227.2986400548743,457.1558177899492,16284.601862369764,diana,0.8541397455582689,alice,0.7150899544837714,0.13904979107449744,diana,diana,diana,1,1,1,0,0,7.894191982346023,5.8929440546431655,1.8250574452492199,15.612193482238409
Bright_Near_20260114_210100_T1,1736899000.12,3,Bright,Near,4,4,1280,720,28.064388274832353,3,1,chen,2,1,0.8690180435678937,414.3897998063944,306.53332218834066,529.3415413974568,507.08738754602746,23054.03909603385,chen,0.7906074577310529,bob,0.6393456433334189,0.15126181439763398,chen,chen,chen,1,1,1,0,0,7.894191982346023,5.8929440546431655,1.8250574452492199,15.612193482238409
Bright_Near_20260114_210100_T1,1736899000.12,3,Bright,Near,4,4,1280,720,28.064388274832353,3,2,alice,3,1,0.6914650780194703,707.1100255798349,226.11089622589787,816.2830216491404,427.28925227356314,21963.243874021115,alice,0.8264809173257814,diana,0.6534638051428077,0.17301711218297378,alice,alice,alice,1,1,1,0,0,7.894191982346023,5.8929440546431655,1.8250574452492199,15.612193482238409
Bright_Near_20260114_210100_T1,1736899000.12,3,Bright,Near,4,4,1280,720,28.064388274832353,3,3,bob,4,1,0.835664508493283,1047.3473100392137,236.81465195192538,1154.9407142434927,381.0615016680458,15520.009606700443,bob,0.8367796137038362,diana,0.6829119955449828,0.15386761815885341,bob,bob,bob,3,1,1,0,0,7.894191982346023,5.8929440546431655,1.8250574452492199,15.612193482238409
Bright_Near_20260114_210100_T1,1736899000.16,4,Bright,Near,4,4,1280,720,23.965003110755855,0,0,diana,1,1,0.9174184039728188,96.71071620410959,211.86060512471207,208.6292264235381,411.2575888078925,22316.213356069253,diana,0.8749904176134949,chen,0.7490247231174076,0.1259656944960873,diana,diana,diana,1,1,1,0,0,14.375402562217024,11.14800561473686,2.6973949416536858,28.22080311860757
Bright_Near_20260114_210100_T1,1736899000.16,4,Bright,Near,4,4,1280,720,23.965003110755855,0,1,chen,2,1,0.7817795790832449,429.9052114956316,216.88721983347412,516.3645935105766,375.116482860626,13680.404298007734,chen,0.9473788619674322,alice,0.816537359450672,0.1308415025167602,chen,chen,chen,3,1,1,0,0,14.375402562217024,11.14800561473686,2.6973949416536858,28.22080311860757
Bright_Near_20260114_210100_T1,1736899000.16,4,Bright,Near,4,4,1280,720,23.965003110755855,0,2,alice,3,1,0.7739348906955266,757.8700738167784,242.6111236547351,867.1315841368373,447.60611227839286,22398.06206506415,alice,0.8781095000475546,chen,0.815241136910475,0.06286836313707966,alice,alice,alice,2,1,1,0,0,14.375402562217024,11.14800561473686,2.6973949416536858,28.22080311860757
Bright_Near_20260114_210100_T1,1736899000.16,4,Bright,Near,4,4,1280,720,23.965003110755855,0,3,bob,4,1,0.7306462440727622,1065.544752494439,218.63209487118286,1162.8622161961296,384.35589535852455,16127.819938433071,bob,0.87048610284883,chen,0.7887175881619459,0.08176851468688406,bob,bob,bob,2,1,1,0,0,14.375402562217024,11.14800561473686,2.6973949416536858,28.22080311860757
Bright_Near_20260114_210100_T1,1736899000.2,5,Bright,Near,4,4,1280,720,25.746661567633378,0,0,diana,1,1,0.6789551276032467,84.99972073692068,191.3164611059397,186.65149367854673,344.79026599455227,15600.884367024662,diana,0.8283865639680396,bob,0.7081697370338287,0.12021682693421087,diana,diana,diana,3,1,1,0,0,9.121589778712814,4.255132989479611,4.961167890079688,18.337890658272112
Bright_Near_20260114_210100_T1,1736899000.2,5,Bright,Near,4,4,1280,720,25.746661567633378,0,1,chen,2,1,0.9037286349172378,419.15428474365024,290.53001791988174,502.1142205918039,484.4827833259901,16090.308975662752,chen,0.8878956862458288,alice,0.7143425749851375,0.17355311126069128,chen,chen,chen,2,1,1,0,0,9.121589778712814,4.255132989479611,4.961167890079688,18.337890658272112
Bright_Near_20260114_210100_T1,1736899000.2,5,Bright,Near,4,4,1280,720,25.746661567633378,0,2,alice,3,1,0.8582935272152689,737.1765894125302,258.19808668954397,824.2292445658203,471.90637578804615,18603.873994291527,alice,0.9243994937259185,bob,0.749753479507413,0.17464601421850545,alice,alice,alice,2,1,1,0,0,9.121589778712814,4.255132989479611,4.961167890079688,18.337890658272112
Bright_Near_20260114_210100_T1,1736899000.2,5,Bright,Near,4,4,1280,720,25.746661567633378,0,3,bob,4,1,0.7408634241398051,1077.0793198978547,301.59485588409694,1166.104756469819,457.77621246811935,13904.113454294225,bob,0.893696691039675,diana,0.8041294537253885,0.08956723731428651,bob,bob,bob,2,1,1,0,0,9.121589778712814,4.255132989479611,4.961167890079688,18.337890658272112
Bright_Near_20260114_210100_T1,1736899000.24,6,Bright,Near,4,4,1280,720,21.79803514478077,2,0,diana,1,1,0.7417265696156348,119.22123712843191,250.0172790557401,213.11113208419684,423.9615088022391,16331.605459060234,diana,0.9209659441984315,alice,0.7855037758306738,0.1354621683677577,diana,diana,diana,2,1,1,0,0,6.250538666890352,5.678273385919437,4.921623524005343,16.850435576815133
Bright_Near_20260114_210100_T1,1736899000.24,6,Bright,Near,4,4,1280,720,21.79803514478077,2,1,chen,2,1,0.7593346933409911,450.75579536560724,238.43745882494713,545.6595345574028,433.18765504429336,18482.52182955185,chen,0.8225467132027237,diana,0.6974309143089958,0.12511579889372781,chen,chen,chen,2,1,1,0,0,6.250538666890352,5.678273385919437,4.921623524005343,16.850435576815133
Bright_Near_20260114_210100_T1,1736899000.24,6,Bright,Near,4,4,1280,720,21.79803514478077,2,2,alice,3,1,0.6271400897902244,755.8243362819452,285.1985155476271,864.540875205393,443.9182772904023,17255.463155428784,alice,0.8673532931550796,bob,0.689126934509534,0.1782263586455456,alice,alice,alice,1,1,1,0,0,6.250538666890352,5.678273385919437,4.921623524005343,16.850435576815133
Bright_Near_20260114_210100_T1,1736899000.24,6,Bright,Near,4,4,1280,720,21.79803514478077,2,3,bob,4,1,0.6646765026689229,1037.1662166365338,215.75564819006738,1159.8376692869713,400.9962095956795,22723.728757409,bob,0.8994252287058498,chen,0.7999392834394384,0.09948594526641141,bob,bob,bob,1,1,1,0,0,6.250538666890352,5.678273385919437,4.921623524005343,16.850435576815133
Bright_Near_20260114_210100_T1,1736899000.28,7,Bright,Near,4,4,1280,720,24.36626909355465,0,0,diana,1,1,0.7426788951862231,124.64403120339719,220.56128273368387,206.71618811207824,430.5957668904371,17237.983139946937,diana,0.887907758221356,alice,0.7849206928862614,0.10298706533509461,diana,diana,diana,2,1,1,0,0,8.962763428893608,8.31315340749568,4.605688256719679,21.881605093108966
Bright_Near_20260114_210100_T1,1736899000.28,7,Bright,Near,4,4,1280,720,24.36626909355465,0,1,chen,2,1,0.7080191375322258,437.99060995306866,250.71332099820805,523.6848413310004,398.87099134264065,12696.257682911139,chen,0.815131991150874,diana,0.6635633424171439,0.1515686487337301,chen,chen,chen,3,1,1,0,0,8.962763428893608,8.31315340749568,4.605688256719679,21.881605093108966
Bright_Near_20260114_210100_T1,1736899000.28,7,Bright,Near,4,4,1280,720,24.36626909355465,0,2,alice,3,1,0.7644549648151346,738.4079212922671,258.3019268981835,861.2111262948696,459.0188133456544,24648.676953892842,alice,0.746449021515706,bob,0.6133226245903511,0.13312639692535488,alice,alice,alice,2,1,1,0,0,8.962763428893608,8.31315340749568,4.605688256719679,21.881605093108966
Bright_Near_20260114_210100_T1,1736899000.28,7,Bright,Near,4,4,1280,720,24.36626909355465,0,3,bob,4,1,0.7873605316825517,1078.9872781195809,263.13006170580746,1163.681070630521,418.5273242966195,13161.183514634302,bob,0.8932841101208381,chen,0.7749734634023413,0.11831064671849678,bob,bob,bob,2,1,1,0,0,8.962763428893608,8.31315340749568,4.605688256719679,21.881605093108966
Bright_Near_20260114_210100_T1,1736899000.32,8,Bright,Near,4,4,1280,720,26.278576231368202,1,0,diana,1,1,0.7033422925805519,106.51283543081729,286.9795636585805,211.67938363012712,419.95202794604,13984.255074668115,alice,0.6744574712052789,bob,0.6089487534419089,0.06550871776336997,unknown,unknown,unknown,0,0,0,0,0,12.123288230433406,6.8996459979289595,6.081295551722406,25.104229780084772
Bright_Near_20260114_210100_T1,1736899000.32,8,Bright,Near,4,4,1280,720,26.278576231368202,1,1,chen,2,1,0.7425473451478891,408.2855122166856,226.37484772351723,519.8419787044547,419.97436004050945,21597.277507838986,chen,0.8914184018151892,diana,0.8182270446307237,0.07319135718446546,chen,chen,chen,3,1,1,0,0,12.123288230433406,6.8996459979289595,6.081295551722406,25.104229780084772
Bright_Near_20260114_210100_T1,1736899000.32,8,Bright,Near,4,4,1280,720,26.278576231368202,1,2,alice,3,1,0.6387647465873338,748.3992479419428,317.614519072264,863.6666195159842,456.5616021081306,16016.065049424418,alice,0.863128818317334,bob,0.7031760052692809,0.1599528130480531,alice,alice,alice,1,1,1,0,0,12.123288230433406,6.8996459979289595,6.081295551722406,25.104229780084772
Bright_Near_20260114_210100_T1,1736899000.32,8,Bright,Near,4,4,1280,720,26.278576231368202,1,3,bob,4,1,0.7789604422833907,1082.8980912286033,250.5859890554152,1201.677912931285,440.5710484142012,22566.39147680998,bob,0.8238057656702168,chen,0.6480242049869814,0.17578156068323536,bob,bob,bob,2,1,1,0,0,12.123288230433406,6.8996459979289595,6.081295551722406,25.104229780084772
Bright_Near_20260114_210100_T1,1736899000.36,9,Bright,Near,4,4,1280,720,24.14841119500974,1,0,diana,1,1,0.6384982639936247,112.13666773283866,264.52122015272965,200.72892726090532,449.199801292518,16361.092789611244,diana,0.8555467690594988,alice,0.718216981508006,0.13732978755149283,diana,diana,diana,2,1,1,0,0,11.333969851104046,6.9281330207559,6.490974589540676,24.753077461400622
Bright_Near_20260114_210100_T1,1736899000.36,9,Bright,Near,4,4,1280,720,24.14841119500974,1,1,chen,2,1,0.8193715567339854,419.346598664586,299.00454554739264,539.6771181372889,459.7682572541385,19344.780942032576,chen,0.8124404770956135,diana,0.6336507810092259,0.17878969608638762,chen,chen,chen,2,1,1,0,0,11.333969851104046,6.9281330207559,6.490974589540676,24.753077461400622
Bright_Near_20260114_210100_T1,1736899000.36,9,Bright,Near,4,4,1280,720,24.14841119500974,1,2,alice,3,1,0.92702355137585,753.5395523994341,291.69983922864367,846.730066799495,501.4106375881112,19543.05717436623,alice,0.8298744692528346,diana,0.7048389287007835,0.12503554055205113,alice,alice,alice,1,1,1,0,0,11.333969851104046,6.9281330207559,6.490974589540676,24.753077461400622
Bright_Near_20260114_210100_T1,1736899000.36,9,Bright,Near,4,4,1280,720,24.14841119500974,1,3,bob,4,1,0.8546199754494713,1069.1868873751725,239.90245029970237,1166.0685678587085,402.01022687814026,15705.27381436866,bob,0.929646365846466,chen,0.7519029229349768,0.17774344291148914,bob,bob,bob,1,1,1,0,0,11.333969851104046,6.9281330207559,6.490974589540676,24.753077461400622
Bright_Near_20260114_210100_T1,1736899000.4,10,Bright,Near,4,4,1280,720,22.60675442785841,2,0,diana,1,1,0.7755580228365723,95.15254238321677,316.21934487615385,180.31691673430493,501.6645049484391,15793.321033993569,alice,0.7577825345731161,diana,0.6832859989256324,0.07449653564748371,unknown,unknown,unknown,0,0,0,0,0,11.272125305642458,8.758901429019526,4.266956193374272,24.297982928036255
Bright_Near_20260114_210100_T1,1736899000.4,10,Bright,Near,4,4,1280,720,22.60675442785841,2,1,chen,2,1,0.7073099306821291,406.9308732152402,269.71692494095794,515.9751405427153,429.78961885969386,17455.009627503736,chen,0.8572904906988728,diana,0.7523915729925407,0.10489891770633208,chen,chen,chen,3,1,1,0,0,11.272125305642458,8.758901429019526,4.266956193374272,24.297982928036255
Bright_Near_20260114_210100_T1,1736899000.4,10,Bright,Near,4,4,1280,720,22.60675442785841,2,2,alice,3,1,0.7591788861858499,758.5015488473159,205.17878896831206,848.9051643812443,383.46361240276866,16117.592633302915,alice,0.7925843769920037,bob,0.705747725798486,0.08683665119351769,alice,alice,alice,2,1,1,0,0,11.272125305642458,8.758901429019526,4.266956193374272,24.297982928036255
Bright_Near_20260114_210100_T1,1736899000.4,10,Bright,Near,4,4,1280,720,22.60675442785841,2,3,bob,4,1,0.7720632615765757,1068.5520946750798,325.33992970419655,1167.1072800911543,476.67923832879063,14915.273622237382,bob,0.8067808345208041,diana,0.7054217500653555,0.10135908445544861,bob,bob,bob,1,1,1,0,0,11.272125305642458,8.758901429019526,4.266956193374272,24.297982928036255
Bright_Near_20260114_210100_T1,1736899000.44,11,Bright,Near,4,4,1280,720,26.5439548580047,1,0,diana,1,1,0.7637178559959785,71.23470474045142,239.75942776041583,175.43985592851482,401.059669011154,16808.316026204273,diana,0.8636253841817515,bob,0.7929565476944462,0.07066883648730526,diana,diana,diana,2,1,1,0,0,13.25786228657325,10.43210648013477,6.984912640055192,30.674881406763213
Bright_Near_20260114_210100_T1,1736899000.44,11,Bright,Near,4,4,1280,720,26.5439548580047,1,1,chen,2,1,0.8301303358264378,452.14999941994233,237.2647088533006,540.0211487441292,368.7295789010235,11551.969226848276,chen,0.8714739880272989,bob,0.7997722447980954,0.07170174322920353,chen,chen,chen,1,1,1,0,0,13.25786228657325,10.43210648013477,6.984912640055192,30.674881406763213
Bright_Near_20260114_210100_T1,1736899000.44,11,Bright,Near,4,4,1280,720,26.5439548580047,1,2,alice,3,1,0.7276166506336028,738.569752604429,242.47954493689915,836.2588706535354,412.3889717203483,16598.30205070436,alice,0.8861710779534815,bob,0.7935058841121382,0.09266519384134331,alice,alice,alice,2,1,1,0,0,13.25786228657325,10.43210648013477,6.984912640055192,30.674881406763213
Bright_Near_20260114_210100_T1,1736899000.44,11,Bright,Near,4,4,1280,720,26.5439548580047,1,3,bob,4,1,0.7897598898587038,1093.340932872989,243.8916926896716,1203.587906526193,402.65423459597105,17503.089774659475,bob,0.8005124997670714,alice,0.6247584214567737,0.17575407831029766,bob,bob,bob,2,1,1,0,0,13.25786228657325,10.43210648013477,6.984912640055192,30.674881406763213
Bright_Near_20260114_210100_T1,1736899000.48,12,Bright,Near,4,4,1280,720,24.90199541232284,0,0,diana,1,1,0.7618950597330154,74.48781999557693,219.25822373988464,169.70896211050265,379.6852849876233,15276.047998150814,diana,0.8585551637468204,alice,0.6838136445231471,0.17474151922367331,diana,diana,diana,3,1,1,0,0,12.08877248518917,12.79369969391282,9.345686871928791,34.22815905103078
Bright_Near_20260114_210100_T1,1736899000.48,12,Bright,Near,4,4,1280,720,24.90199541232284,0,1,chen,2,1,0.8353998324817298,439.3493476902537,218.64406507101077,524.9637565409258,400.700749123185,15586.675382440486,chen,0.908531732692337,alice,0.80977059998855,0.09876113270378695,chen,chen,chen,1,1,1,0,0,12.08877248518917,12.79369969391282,9.345686871928791,34.22815905103078
Bright_Near_20260114_210100_T1,1736899000.48,12,Bright,Near,4,4,1280,720,24.90199541232284,0,2,alice,3,1,0.9604979017268118,760.0222451009018,257.59221319228504,862.4626616463071,437.55288763796443,18435.24645200746,alice,0.870801365416328,diana,0.7836166066358756,0.0871847587804524,alice,alice,alice,1,1,1,0,0,12.08877248518917,12.79369969391282,9.345686871928791,34.22815905103078
Bright_Near_20260114_210100_T1,1736899000.48,12,Bright,Near,4,4,1280,720,24.90199541232284,0,3,bob,4,1,0.6554584105667686,1064.0352443329405,243.57218275107505,1180.0326112514952,397.1110465446076,17810.103919716385,bob,0.8448849252500705,alice,0.6813604526315009,0.16352447261856962,bob,bob,bob,2,1,1,0,0,12.08877248518917,12.79369969391282,9.345686871928791,34.22815905103078
Bright_Near_20260114_210100_T1,1736899000.52,13,Bright,Near,4,4,1280,720,25.60204307582597,2,0,diana,1,1,0.713596041754349,92.54124304048447,241.75761997982318,178.48599875537678,394.8885517336465,13160.800521976193,diana,0.9024458318513641,chen,0.8416806124792101,0.060765219372153956,diana,diana,diana,1,1,1,0,0,12.07064681406289,7.801499483316397,13.219677939201617,33.091824236580905
Bright_Near_20260114_210100_T1,1736899000.52,13,Bright,Near,4,4,1280,720,25.60204307582597,2,1,chen,2,1,0.8190625804892784,393.3348651662768,202.0231957568464,478.2965758554707,388.54537869415987,15847.243743836918,bob,0.7031342588946986,chen,0.6517258132572861,0.051408445637412536,bob,bob,bob,1,0,0,1,0,12.07064681406289,7.801499483316397,13.219677939201617,33.091824236580905
Bright_Near_20260114_210100_T1,1736899000.52,13,Bright,Near,4,4,1280,720,25.60204307582597,2,2,alice,-1,0,-1.0,-1.0,-1.0,-1.0,-1.0,0.0,unknown,-1.0,unknown,-1.0,-1.0,unknown,unknown,unknown,0,0,0,0,1,12.07064681406289,7.801499483316397,13.219677939201617,33.091824236580905
Bright_Near_20260114_210100_T1,1736899000.52,13,Bright,Near,4,4,1280,720,25.60204307582597,2,3,bob,4,1,0.7498064770579125,1074.5336732900932,251.39371091036324,1161.9830088908348,441.9241114313953,16661.75693730743,bob,0.8884986674227214,diana,0.8127171703111404,0.075781497111581,bob,bob,bob,2,1,1,0,0,12.07064681406289,7.801499483316397,13.219677939201617,33.091824236580905
Bright_Near_20260114_210100_T1,1736899000.56,14,Bright,Near,4,4,1280,720,29.36391913439739,0,0,diana,1,1,0.7135898274439769,105.69473050091142,271.2493589371881,226.81551670263934,439.72201925015196,20405.541070602827,alice,0.5882238081383198,diana,0.5562421014266093,0.03198170671171041,unknown,unknown,unknown,0,0,0,0,0,15.763852353210357,7.879744109840856,6.558142136014017,30.20173859906523
Bright_Near_20260114_210100_T1,1736899000.56,14,Bright,Near,4,4,1280,720,29.36391913439739,0,1,chen,2,1,0.7869455291359471,419.248086603124,218.21430019286618,537.2963079143359,367.2436963242659,17592.655136395737,chen,0.9550964072199917,alice,0.7945721194507314,0.1605242877692603,chen,chen,chen,1,1,1,0,0,15.763852353210357,7.879744109840856,6.558142136014017,30.20173859906523
Bright_Near_20260114_210100_T1,1736899000.56,14,Bright,Near,4,4,1280,720,29.36391913439739,0,2,alice,3,1,0.5540935546910889,751.5498275901273,231.6686200801915,848.601631595596,386.5117085542178,15027.801074182658,alice,0.8962490986602233,diana,0.8261766409386159,0.07007245772160742,alice,alice,alice,2,1,1,0,0,15.763852353210357,7.879744109840856,6.558142136014017,30.20173859906523
Bright_Near_20260114_210100_T1,1736899000.56,14,Bright,Near,4,4,1280,720,29.36391913439739,0,3,bob,4,1,0.8660609968245164,1067.1792050254505,207.70317776465248,1175.8835460006778,419.5573854141881,23029.472025371728,bob,0.8289105242101171,chen,0.6884627662323373,0.14044775797777986,bob,bob,bob,2,1,1,0,0,15.763852353210357,7.879744109840856,6.558142136014017,30.20173859906523
Bright_Near_20260114_210100_T1,1736899000.6,15,Bright,Near,4,4,1280,720,27.36467045365934,0,0,diana,1,1,0.6857196744941941,124.06385659569335,264.7878407214658,239.28518451395902,470.01680132331893,23646.75336783095,diana,0.8061782123565799,bob,0.7149409007096424,0.09123731164693749,diana,diana,diana,2,1,1,0,0,15.069180526912797,6.019994422206856,8.092675169717996,29.181850118837648
Bright_Near_20260114_210100_T1,1736899000.6,15,Bright,Near,4,4,1280,720,27.36467045365934,0,1,chen,-1,0,-1.0,-1.0,-1.0,-1.0,-1.0,0.0,unknown,-1.0,unknown,-1.0,-1.0,unknown,unknown,unknown,0,0,0,0,1,15.069180526912797,6.019994422206856,8.092675169717996,29.181850118837648
Bright_Near_20260114_210100_T1,1736899000.6,15,Bright,Near,4,4,1280,720,27.36467045365934,0,2,alice,3,1,0.7167231707497381,733.9488892701686,257.74016422607815,826.6649348482331,426.13542275529153,15612.942464924501,alice,0.9167492910702385,diana,0.7540821405922106,0.16266715047802793,alice,alice,alice,1,1,1,0,0,15.069180526912797,6.019994422206856,8.092675169717996,29.181850118837648
Bright_Near_20260114_210100_T1,1736899000.6,15,Bright,Near,4,4,1280,720,27.36467045365934,0,3,bob,4,1,0.7817045648915852,1080.7172651637993,263.1995971451757,1164.374634189116,428.2236040027322,13805.474239719,bob,0.8333818714343245,alice,0.7046059998421429,0.12877587159218162,bob,bob,bob,1,1,1,0,0,15.069180526912797,6.019994422206856,8.092675169717996,29.181850118837648
Bright_Near_20260114_210100_T1,1736899000.64,16,Bright,Near,4,4,1280,720,26.35495211039539,0,0,diana,1,1,0.6760936092833285,103.65067485153557,310.9064520559294,225.85155584841718,450.5591211384769,17065.679195453275,diana,0.8688344674268231,chen,0.7689659762734847,0.0998684911533384,diana,diana,diana,2,1,1,0,0,11.54097846497895,6.95780429085717,11.684313282385887,30.183096038222008
Bright_Near_20260114_210100_T1,1736899000.64,16,Bright,Near,4,4,1280,720,26.35495211039539,0,1,chen,2,1,0.6774433454154515,403.208066979784,313.4681900065521,497.87282486357594,472.7400519394277,15077.432247576406,chen,0.8475257749534454,alice,0.7406964067492792,0.10682936820416622,chen,chen,chen,1,1,1,0,0,11.54097846497895,6.95780429085717,11.684313282385887,30.183096038222008
Bright_Near_20260114_210100_T1,1736899000.64,16,Bright,Near,4,4,1280,720,26.35495211039539,0,2,alice,3,1,0.6773911508486707,768.0464273127102,202.72566183759628,885.5954157045828,380.6998947807763,20920.691042290302,alice,0.8208708553149293,diana,0.7596455706312184,0.06122528468371091,alice,alice,alice,2,1,1,0,0,11.54097846497895,6.95780429085717,11.684313282385887,30.183096038222008
Bright_Near_20260114_210100_T1,1736899000.64,16,Bright,Near,4,4,1280,720,26.35495211039539,0,3,bob,4,1,0.8859180838713805,1055.412027457622,230.79381561815637,1168.9777540783114,439.2751655214007,23676.335988624152,bob,0.8674647724742535,chen,0.7733061942349224,0.09415857823933105,bob,bob,bob,2,1,1,0,0,11.54097846497895,6.95780429085717,11.684313282385887,30.183096038222008
Bright_Near_20260114_210100_T1,1736899000.68,17,Bright,Near,4,4,1280,720,22.632923766180323,1,0,diana,1,1,0.7394154168332623,116.52872741172325,257.30579332210044,199.27159832701966,472.4155472876236,17798.798604990454,diana,0.7877786033788724,chen,0.6634359127068603,0.12434269067201209,diana,diana,diana,2,1,1,0,0,13.14263605463257,10.552380148864753,5.391967865965652,29.086984069462975
Bright_Near_20260114_210100_T1,1736899000.68,17,Bright,Near,4,4,1280,720,22.632923766180323,1,1,chen,2,1,0.7658173706140281,436.85320663283034,246.74347911995966,528.3699945859751,439.6653416296372,17655.589182823904,chen,0.8509475811295153,bob,0.7812359352285525,0.0697116459009628,chen,chen,chen,2,1,1,0,0,13.14263605463257,10.552380148864753,5.391967865965652,29.086984069462975
Bright_Near_20260114_210100_T1,1736899000.68,17,Bright,Near,4,4,1280,720,22.632923766180323,1,2,alice,3,1,0.6896075465259092,755.687543544487,277.1208973078509,864.0068215531242,420.0452941570793,15481.46747652836,alice,0.762900995960244,chen,0.6536080376660082,0.1092929582942358,alice,alice,alice,3,1,1,0,0,13.14263605463257,10.552380148864753,5.391967865965652,29.086984069462975
Bright_Near_20260114_210100_T1,1736899000.68,17,Bright,Near,4,4,1280,720,22.632923766180323,1,3,bob,4,1,0.8656185635674348,1056.9085655543922,225.51141267481898,1161.7807041505093,406.6073929244279,18991.922739936675,bob,0.7893326688938491,diana,0.6432143119142342,0.14611835697961495,bob,bob,bob,2,1,1,0,0,13.14263605463257,10.552380148864753,5.391967865965652,29.086984069462975
Bright_Near_20260114_210100_T1,1736899000.72,18,Bright,Near,4,4,1280,720,26.216165805619642,2,0,diana,1,1,0.8218748925177373,95.54750505633841,230.68981889913152,203.74528387659,364.1386468286805,14438.866768143156,diana,0.86979402841167,chen,0.7628433023476849,0.10695072606398504,diana,diana,diana,2,1,1,0,0,18.072004047437993,9.091798675233045,7.115913957373094,34.27971668004413
Bright_Near_20260114_210100_T1,1736899000.72,18,Bright,Near,4,4,1280,720,26.216165805619642,2,1,chen,2,1,0.7009335250491121,427.29084528105335,228.81718369815866,546.5924895716036,427.2444286196324,23672.696591175543,bob,0.6553094108854738,chen,0.6201332184780113,0.0351761924074625,unknown,unknown,unknown,0,0,0,0,0,18.072004047437993,9.091798675233045,7.115913957373094,34.27971668004413
Bright_Near_20260114_210100_T1,1736899000.72,18,Bright,Near,4,4,1280,720,26.216165805619642,2,2,alice,3,1,0.912315962687984,748.2993459961482,244.42641221440897,870.3233515020801,401.4781874373883,19164.08668452521,alice,0.914048689009744,diana,0.8277384320602794,0.08631025694946459,alice,alice,alice,2,1,1,0,0,18.072004047437993,9.091798675233045,7.115913957373094,34.27971668004413
Bright_Near_20260114_210100_T1,1736899000.72,18,Bright,Near,4,4,1280,720,26.216165805619642,2,3,bob,4,1,0.82531559039267,1082.0753532292945,319.54509025079585,1168.7384134402748,492.98698049235054,15031.004977110098,bob,0.8459946467759372,chen,0.7338137095831824,0.11218093719275479,bob,bob,bob,2,1,1,0,0,18.072004047437993,9.091798675233045,7.115913957373094,34.27971668004413
Bright_Near_20260114_210100_T1,1736899000.76,19,Bright,Near,4,4,1280,720,22.64672182022702,2,0,diana,1,1,0.8590497121472582,118.22542540091142,327.15313873080106,207.67206687650594,463.9301273822116,12234.242266014178,diana,0.8228285661638192,bob,0.6510482791783514,0.17178028698546777,diana,diana,diana,2,1,1,0,0,14.996290202585579,10.131318829028897,5.829951863002105,30.95756089461658
Bright_Near_20260114_210100_T1,1736899000.76,19,Bright,Near,4,4,1280,720,22.64672182022702,2,1,chen,2,1,0.790129216835748,430.66461531881396,180.50579066325804,513.7960625361816,333.61728026128253,12728.379715890705,chen,0.8470530881842618,bob,0.7111948310960586,0.1358582570882032,chen,chen,chen,3,1,1,0,0,14.996290202585579,10.131318829028897,5.829951863002105,30.95756089461658
Bright_Near_20260114_210100_T1,1736899000.76,19,Bright,Near,4,4,1280,720,22.64672182022702,2,2,alice,3,1,0.8412140342152191,768.075782864987,278.44977493007553,865.8308904145141,437.9016718984108,15587.237337115732,alice,0.9262252958373537,bob,0.8623080920950975,0.06391720374225618,alice,alice,alice,3,1,1,0,0,14.996290202585579,10.131318829028897,5.829951863002105,30.95756089461658
Bright_Near_20260114_210100_T1,1736899000.76,19,Bright,Near,4,4,1280,720,22.64672182022702,2,3,bob,4,1,0.7663184447646519,1085.010330148988,232.19452857412477,1197.2891137430374,382.29027999587356,16852.568392268764,bob,0.8821938130777544,alice,0.7750965171149884,0.10709729596276596,bob,bob,bob,3,1,1,0,0,14.996290202585579,10.131318829028897,5.829951863002105,30.95756089461658
Bright_Near_20260114_210100_T1,1736899000.8,20,Bright,Near,4,4,1280,720,24.64779294796231,0,0,diana,1,1,0.7427565463468455,119.71987036668666,234.05681363261547,218.60246330677967,444.7386199530073,20832.76329426282,diana,0.8592355428157282,chen,0.7000446570345474,0.1591908857811808,diana,diana,diana,2,1,1,0,0,16.075709499380274,8.851824447874016,9.282517645572348,34.21005159282664
Bright_Near_20260114_210100_T1,1736899000.8,20,Bright,Near,4,4,1280,720,24.64779294796231,0,1,chen,2,1,0.7330985041530534,437.3940999838135,326.6117902373598,528.4516963867508,460.66024125210134,12206.129750939246,chen,0.8650952351084612,diana,0.8015670921298621,0.0635281429785991,chen,chen,chen,1,1,1,0,0,16.075709499380274,8.851824447874016,9.282517645572348,34.21005159282664
Bright_Near_20260114_210100_T1,1736899000.8,20,Bright,Near,4,4,1280,720,24.64779294796231,0,2,alice,3,1,0.8365242782018969,742.7786661224147,330.8122968344383,837.8075169105821,486.2310643759038,14769.266870378793,chen,0.5200295024717843,bob,0.47128551800938157,0.04874398446240269,unknown,unknown,unknown,0,0,0,0,0,16.075709499380274,8.851824447874016,9.282517645572348,34.21005159282664
Bright_Near_20260114_210100_T1,1736899000.8,20,Bright,Near,4,4,1280,720,24.64779294796231,0,3,bob,4,1,0.7211031333172078,1066.0249294044395,331.9663351564561,1192.1094356707915,484.84281370336373,19275.355317325404,bob,0.8156925420253673,diana,0.7085488569042527,0.1071436851211146,bob,bob,bob,2,1,1,0,0,16.075709499380274,8.851824447874016,9.282517645572348,34.21005159282664
Bright_Near_20260114_210100_T1,1736899000.84,21,Bright,Near,4,4,1280,720,22.952492355292204,1,0,diana,1,1,0.8184361224346047,112.83622828239133,168.98067146719148,207.75257580363922,352.7022742524609,17438.183497127295,diana,0.8708123089951343,bob,0.7079694964576504,0.1628428125374839,diana,diana,diana,2,1,1,0,0,16.349574367109366,7.641844716035737,6.013776238226353,30.005195321371456
Bright_Near_20260114_210100_T1,1736899000.84,21,Bright,Near,4,4,1280,720,22.952492355292204,1,1,chen,2,1,0.8907494948248227,420.60752139347926,160.76051435666895,537.977676340852,312.51974905620693,17812.004891379478,chen,0.838837924444403,diana,0.7612655290324624,0.07757239541194061,chen,chen,chen,2,1,1,0,0,16.349574367109366,7.641844716035737,6.013776238226353,30.005195321371456
Bright_Near_20260114_210100_T1,1736899000.84,21,Bright,Near,4,4,1280,720,22.952492355292204,1,2,alice,3,1,0.7251925835107799,751.6396183497742,186.30227908122572,857.8321703066737,327.8497092507781,15031.282832645795,alice,0.8457377525122184,chen,0.6928618004799427,0.15287595203227566,alice,alice,alice,3,1,1,0,0,16.349574367109366,7.641844716035737,6.013776238226353,30.005195321371456
Bright_Near_20260114_210100_T1,1736899000.84,21,Bright,Near,4,4,1280,720,22.952492355292204,1,3,bob,4,1,0.6920344926832286,1056.7625070656384,295.025873040942,1139.5596438629125,482.9267091074073,15557.651228117305,bob,0.8908871019210034,alice,0.7331773125697518,0.15770978935125157,bob,bob,bob,2,1,1,0,0,16.349574367109366,7.641844716035737,6.013776238226353,30.005195321371456
Bright_Near_20260114_210100_T1,1736899000.88,22,Bright,Near,4,4,1280,720,24.51563145584475,0,0,diana,1,1,0.8779725690479847,149.5149094216194,269.4124337606962,239.74179660541296,433.34661273304334,14791.270671705788,diana,0.904559238074038,bob,0.7511903363741066,0.15336890169993145,diana,diana,diana,2,1,1,0,0,16.953154586171195,8.758407597773749,11.190023873392134,36.90158605733708
Bright_Near_20260114_210100_T1,1736899000.88,22,Bright,Near,4,4,1280,720,24.51563145584475,0,1,chen,2,1,0.6311632914626615,425.5855540762924,147.91368820091714,518.563974543124,334.67003471855327,17364.310111366074,chen,0.8654134605422896,diana,0.7099854635149521,0.15542799702733756,chen,chen,chen,2,1,1,0,0,16.953154586171195,8.758407597773749,11.190023873392134,36.90158605733708
Bright_Near_20260114_210100_T1,1736899000.88,22,Bright,Near,4,4,1280,720,24.51563145584475,0,2,alice,3,1,0.7729226665510565,734.4150235118343,169.09093382928108,825.9290713210976,365.1841465218081,17945.283641415946,alice,0.7592676250197333,diana,0.6750003117549218,0.08426731326481152,alice,alice,alice,1,1,1,0,0,16.953154586171195,8.758407597773749,11.190023873392134,36.90158605733708
Bright_Near_20260114_210100_T1,1736899000.88,22,Bright,Near,4,4,1280,720,24.51563145584475,0,3,bob,-1,0,-1.0,-1.0,-1.0,-1.0,-1.0,0.0,unknown,-1.0,unknown,-1.0,-1.0,unknown,unknown,unknown,0,0,0,0,1,16.953154586171195,8.758407597773749,11.190023873392134,36.90158605733708
Bright_Near_20260114_210100_T1,1736899000.92,23,Bright,Near,4,4,1280,720,26.79542419050846,1,0,diana,1,1,0.7099739410908209,121.92435543252364,331.8154746990019,211.57952427423348,497.3762124506392,14843.375896681082,diana,0.9661736804392083,bob,0.88908910950729,0.07708457093191823,diana,diana,diana,2,1,1,0,0,10.008458200405832,7.691215614186322,7.271737410068794,24.971411224660947
Bright_Near_20260114_210100_T1,1736899000.92,23,Bright,Near,4,4,1280,720,26.79542419050846,1,1,chen,2,1,0.7928190358446906,421.72649089098377,310.3483189923413,506.1462133631379,465.4090001952777,13090.17967349506,chen,0.8345043608802587,diana,0.6781580368456642,0.15634632403459447,chen,chen,chen,1,1,1,0,0,10.008458200405832,7.691215614186322,7.271737410068794,24.971411224660947
Bright_Near_20260114_210100_T1,1736899000.92,23,Bright,Near,4,4,1280,720,26.79542419050846,1,2,alice,3,1,0.9054292650476021,746.9255384692594,260.72287479527614,861.5910023232445,407.9496960893744,16881.83175543555,alice,0.9404316007705217,chen,0.8465020601536858,0.0939295406168359,alice,alice,alice,2,1,1,0,0,10.008458200405832,7.691215614186322,7.271737410068794,24.971411224660947
Bright_Near_20260114_210100_T1,1736899000.92,23,Bright,Near,4,4,1280,720,26.79542419050846,1,3,bob,4,1,0.7758253099729395,1069.70391429282,247.25378135467315,1176.3990460291832,377.2467966954986,13869.621896596456,bob,0.7862193671339501,alice,0.6841517991437139,0.1020675679902362,bob,bob,bob,3,1,1,0,0,10.008458200405832,7.691215614186322,7.271737410068794,24.971411224660947
Bright_Near_20260114_210100_T1,1736899000.96,24,Bright,Near,4,4,1280,720,25.463714394339572,1,0,diana,1,1,0.8540914310323021,111.69316367200845,187.11952891136735,210.01642486877222,387.42025804278677,19694.22090829078,diana,0.8237264991206514,bob,0.7493266504275651,0.07439984869308636,diana,diana,diana,2,1,1,0,0,16.536477445315395,6.995719294948102,9.637907901363132,33.17010464162663
Bright_Near_20260114_210100_T1,1736899000.96,24,Bright,Near,4,4,1280,720,25.463714394339572,1,1,chen,2,1,0.6550403323772005,410.4322014128071,256.46346388454384,532.9555425195531,430.3549710888912,21305.76845276443,chen,0.8752568647884631,bob,0.7087464594183028,0.16651040537016026,chen,chen,chen,1,1,1,0,0,16.536477445315395,6.995719294948102,9.637907901363132,33.17010464162663
Bright_Near_20260114_210100_T1,1736899000.96,24,Bright,Near,4,4,1280,720,25.463714394339572,1,2,alice,-1,0,-1.0,-1.0,-1.0,-1.0,-1.0,0.0,unknown,-1.0,unknown,-1.0,-1.0,unknown,unknown,unknown,0,0,0,0,1,16.536477445315395,6.995719294948102,9.637907901363132,33.17010464162663
Bright_Near_20260114_210100_T1,1736899000.96,24,Bright,Near,4,4,1280,720,25.463714394339572,1,3,bob,4,1,0.7471263662166623,1079.7244800585584,252.9251253050938,1187.3130596002704,403.39398622568757,16188.731011706117,bob,0.8367232333986339,diana,0.7042959541379286,0.1324272792607053,bob,bob,bob,3,1,1,0,0,16.536477445315395,6.995719294948102,9.637907901363132,33.17010464162663
Bright_Near_20260114_210100_T1,1736899001.0,25,Bright,Near,4,4,1280,720,23.33302877875731,0,0,diana,1,1,0.8210789635665334,91.85649200185692,297.0718386532552,208.1611208653071,464.091929263382,19425.209651150617,diana,0.8911591645682316,chen,0.7211671287461143,0.1699920358221173,diana,diana,diana,1,1,1,0,0,13.241649660132765,5.908306532517453,6.33500984024806,25.484966032898278
Bright_Near_20260114_210100_T1,1736899001.0,25,Bright,Near,4,4,1280,720,23.33302877875731,0,1,chen,2,1,0.6166859245943939,421.85632670575797,157.68666446701087,508.9182255023361,372.24882460684984,18680.18907166985,chen,0.8702877171268026,bob,0.7740325758367632,0.09625514129003943,chen,chen,chen,2,1,1,0,0,13.241649660132765,5.908306532517453,6.33500984024806,25.484966032898278
Bright_Near_20260114_210100_T1,1736899001.0,25,Bright,Near,4,4,1280,720,23.33302877875731,0,2,alice,3,1,0.7603839962618173,766.6417486636371,299.0260029470285,849.908742668988,430.64578728401034,10959.583793373042,alice,0.7601636911664056,bob,0.6242326609897408,0.13593103017666475,alice,alice,alice,2,1,1,0,0,13.241649660132765,5.908306532517453,6.33500984024806,25.484966032898278
Bright_Near_20260114_210100_T1,1736899001.0,25,Bright,Near,4,4,1280,720,23.33302877875731,0,3,bob,4,1,0.7624712390334962,1060.9612834214138,295.3351914455876,1165.220298193782,444.0092142214297,15500.607136853916,bob,0.8993917774838268,diana,0.7386522525782959,0.1607395249055309,bob,bob,bob,1,1,1,0,0,13.241649660132765,5.908306532517453,6.33500984024806,25.484966032898278
Bright_Near_20260114_210100_T1,1736899001.04,26,Bright,Near,4,4,1280,720,25.913455898859276,1,0,diana,1,1,0.9285747886477596,131.35486308967046,319.58744352280775,215.5635533525898,485.23090102835437,13948.618607163617,diana,0.886825686336032,chen,0.7364078228162076,0.15041786351982434,diana,diana,diana,2,1,1,0,0,13.154001484518483,8.68834187095496,2.6543438546547087,24.49668721012815
Bright_Near_20260114_210100_T1,1736899001.04,26,Bright,Near,4,4,1280,720,25.913455898859276,1,1,chen,2,1,0.7827718182962808,437.5442535515738,264.58049645323774,537.8107910980206,441.3709427064002,17726.165917095797,chen,0.8438299623598866,bob,0.7068650612981314,0.13696490106175518,chen,chen,chen,3,1,1,0,0,13.154001484518483,8.68834187095496,2.6543438546547087,24.49668721012815
Bright_Near_20260114_210100_T1,1736899001.04,26,Bright,Near,4,4,1280,720,25.913455898859276,1,2,alice,3,1,0.8095088010891768,747.3665813182301,134.37625530714985,843.4583478964421,348.80211618347386,20604.559771659875,alice,0.91265779009979,diana,0.7390082088138907,0.17364958128589925,alice,alice,alice,2,1,1,0,0,13.154001484518483,8.68834187095496,2.6543438546547087,24.49668721012815
Bright_Near_20260114_210100_T1,1736899001.04,26,Bright,Near,4,4,1280,720,25.913455898859276,1,3,bob,4,1,0.789241472583027,1079.2436357214929,363.6481870673517,1159.5579312557802,509.4477449930264,11709.788784011082,bob,0.8399446596505059,alice,0.7696001049307695,0.07034455471973644,bob,bob,bob,1,1,1,0,0,13.154001484518483,8.68834187095496,2.6543438546547087,24.49668721012815
Bright_Near_20260114_210100_T1,1736899001.08,27,Bright,Near,4,4,1280,720,24.665391485298912,0,0,diana,1,1,0.7404627352736716,123.32317084246964,257.6298317211349,241.15600514455977,418.30392318000634,18932.683595512073,diana,0.8190738725217149,alice,0.7583377194184217,0.06073615310329328,diana,diana,diana,2,1,1,0,0,10.08221141282813,7.356726241541542,9.383172531999756,26.82211018636943
Bright_Near_20260114_210100_T1,1736899001.08,27,Bright,Near,4,4,1280,720,24.665391485298912,0,1,chen,2,1,0.8161941878376502,436.48889841989205,279.7983119098666,532.9569445877545,430.4655637763401,14534.575409039926,chen,0.9393056623404851,alice,0.8715207110948404,0.06778495124564465,chen,chen,chen,3,1,1,0,0,10.08221141282813,7.356726241541542,9.383172531999756,26.82211018636943
Bright_Near_20260114_210100_T1,1736899001.08,27,Bright,Near,4,4,1280,720,24.665391485298912,0,2,alice,3,1,0.640750427101753,749.7312916260607,233.51289056192786,866.1048994919413,381.7572004401287,17251.72518611383,alice,0.82640744694271,bob,0.7601551245983419,0.06625232234436806,alice,alice,alice,2,1,1,0,0,10.08221141282813,7.356726241541542,9.383172531999756,26.82211018636943
Bright_Near_20260114_210100_T1,1736899001.08,27,Bright,Near,4,4,1280,720,24.665391485298912,0,3,bob,4,1,0.8804288447958856,1039.837046328554,168.11276043570058,1166.688619823575,370.6448818626243,25691.518286289942,chen,0.98,bob,0.9497478336966341,0.030252166303365913,chen,chen,chen,1,0,0,1,0,10.08221141282813,7.356726241541542,9.383172531999756,26.82211018636943
Bright_Near_20260114_210100_T1,1736899001.12,28,Bright,Near,4,4,1280,720,24.726210042394847,0,0,diana,1,1,0.7892230075816845,118.10492722532993,252.8969558675542,230.38825884211698,444.49316077118453,21513.060211712207,diana,0.7949783461753863,chen,0.6184171123344249,0.17656123384096145,diana,diana,diana,3,1,1,0,0,11.996163248269362,8.456978189976086,3.4613008553706077,23.914442293616055
Bright_Near_20260114_210100_T1,1736899001.12,28,Bright,Near,4,4,1280,720,24.726210042394847,0,1,chen,2,1,0.6584393180183762,404.82130995777777,251.32019056785913,493.3244455169963,391.30272996882087,12388.893660526968,chen,0.8420258002150963,diana,0.6841243075293397,0.1579014926857566,chen,chen,chen,1,1,1,0,0,11.996163248269362,8.456978189976086,3.4613008553706077,23.914442293616055
Bright_Near_20260114_210100_T1,1736899001.12,28,Bright,Near,4,4,1280,720,24.726210042394847,0,2,alice,3,1,0.8096274493706196,727.2452303834239,168.74639223227356,846.0091682042703,318.9205023681167,17835.268678474215,alice,0.9478356496864153,bob,0.8630413104631088,0.08479433922330648,alice,alice,alice,2,1,1,0,0,11.996163248269362,8.456978189976086,3.4613008553706077,23.914442293616055
Bright_Near_20260114_210100_T1,1736899001.12,28,Bright,Near,4,4,1280,720,24.726210042394847,0,3,bob,4,1,0.8055610572786287,1049.1721429175634,271.36227249504213,1169.5576021208765,452.2659022579728,21778.166540556544,bob,0.8517488083190087,alice,0.7132186181120823,0.13853019020692636,bob,bob,bob,2,1,1,0,0,11.996163248269362,8.456978189976086,3.4613008553706077,23.914442293616055
Bright_Near_20260114_210100_T1,1736899001.16,29,Bright,Near,4,4,1280,720,24.77054708955696,1,0,diana,1,1,0.7898198302411364,125.91006321359093,233.83100393234076,239.62803763872188,423.87784441354404,21611.741745418414,diana,0.8442320245934644,chen,0.7007203236526779,0.14351170094078647,diana,diana,diana,2,1,1,0,0,14.18442094055284,6.894433411869471,5.664722310848841,26.743576663271153
Bright_Near_20260114_210100_T1,1736899001.16,29,Bright,Near,4,4,1280,720,24.77054708955696,1,1,chen,2,1,0.7322041298686035,454.906384682313,215.34802024810557,547.7617401327399,430.7301077809287,19999.380295515246,chen,0.8895869117221621,alice,0.7960444099538571,0.09354250176830503,chen,chen,chen,2,1,1,0,0,14.18442094055284,6.894433411869471,5.664722310848841,26.743576663271153
Bright_Near_20260114_210100_T1,1736899001.16,29,Bright,Near,4,4,1280,720,24.77054708955696,1,2,alice,3,1,0.8571481383230917,756.3603113835583,231.33429511040958,864.1067953230898,412.08194098625097,19474.923323469484,alice,0.8589534551291421,chen,0.7114056811770889,0.1475477739520532,alice,alice,alice,2,1,1,0,0,14.18442094055284,6.894433411869471,5.664722310848841,26.743576663271153
Bright_Near_20260114_210100_T1,1736899001.16,29,Bright,Near,4,4,1280,720,24.77054708955696,1,3,bob,4,1,0.8228585527810852,1073.881039067263,252.614117561483,1186.1906369901967,430.0900127612425,19932.246430897725,chen,0.745393037595961,diana,0.6753714523088606,0.07002158528710034,unknown,unknown,unknown,0,0,0,0,0,14.18442094055284,6.894433411869471,5.664722310848841,26.743576663271153
Bright_Near_20260114_210100_T1,1736899001.2,30,Bright,Near,4,4,1280,720,22.709843906563385,0,0,diana,1,1,0.8158709891653897,105.31548044554737,200.2460142529046,208.5128870351315,399.90070054979446,20603.84583929602,diana,0.8820195247027066,chen,0.718876742944442,0.16314278175826458,diana,diana,diana,2,1,1,0,0,16.53137699716146,11.541126634438772,4.442586317698936,32.51508994929917
Bright_Near_20260114_210100_T1,1736899001.2,30,Bright,Near,4,4,1280,720,22.709843906563385,0,1,chen,2,1,0.7653134659153262,419.00550907739296,246.85076691433574,532.6518822068197,414.7532291662674,19081.505874432507,alice,0.6723597895087737,diana,0.6006921975546591,0.07166759195411465,unknown,unknown,unknown,0,0,0,0,0,16.53137699716146,11.541126634438772,4.442586317698936,32.51508994929917
Bright_Near_20260114_210100_T1,1736899001.2,30,Bright,Near,4,4,1280,720,22.709843906563385,0,2,alice,3,1,0.7529493312712534,750.8137259922074,245.6278450172784,836.678661661709,453.57968207390905,17855.771111222275,alice,0.9775933650254911,chen,0.8429724154091935,0.13462094961629756,alice,alice,alice,2,1,1,0,0,16.53137699716146,11.541126634438772,4.442586317698936,32.51508994929917
Bright_Near_20260114_210100_T1,1736899001.2,30,Bright,Near,4,4,1280,720,22.709843906563385,0,3,bob,-1,0,-1.0,-1.0,-1.0,-1.0,-1.0,0.0,unknown,-1.0,unknown,-1.0,-1.0,unknown,unknown,unknown,0,0,0,0,1,16.53137699716146,11.541126634438772,4.442586317698936,32.51508994929917
Bright_Near_20260114_210100_T1,1736899001.24,31,Bright,Near,4,4,1280,720,26.114353063546897,0,0,diana,1,1,0.7409234743580477,90.57748713037215,199.80359135084416,205.7718471562555,374.9865200428045,20180.085358130327,diana,0.8762505058489256,chen,0.7437022640159808,0.13254824183294478,diana,diana,diana,1,1,1,0,0,11.604453178805342,5.36927485939139,8.519095253083279,25.49282329128001
Bright_Near_20260114_210100_T1,1736899001.24,31,Bright,Near,4,4,1280,720,26.114353063546897,0,1,chen,2,1,0.7326973141051201,453.5793901930124,179.83869458725755,534.6206701523108,392.00829795716027,17194.496225553594,chen,0.818184110747762,alice,0.6384630631992141,0.1797210475485479,chen,chen,chen,2,1,1,0,0,11.604453178805342,5.36927485939139,8.519095253083279,25.49282329128001
Bright_Near_20260114_210100_T1,1736899001.24,31,Bright,Near,4,4,1280,720,26.114353063546897,0,2,alice,3,1,0.8042817250640972,771.0651823120173,247.257273523167,863.4034368497076,411.3636457281784,15153.295967923294,alice,0.9555529089006124,diana,0.8087600838673967,0.14679282503321567,alice,alice,alice,2,1,1,0,0,11.604453178805342,5.36927485939139,8.519095253083279,25.49282329128001
Bright_Near_20260114_210100_T1,1736899001.24,31,Bright,Near,4,4,1280,720,26.114353063546897,0,3,bob,4,1,0.849972006444426,1072.9063995003692,227.46994072735103,1196.3984327475566,393.13327223805516,20458.101642759713,bob,0.9500901067682787,chen,0.8828783731720795,0.06721173359619914,bob,bob,bob,3,1,1,0,0,11.604453178805342,5.36927485939139,8.519095253083279,25.49282329128001
Bright_Near_20260114_210100_T1,1736899001.28,32,Bright,Near,4,4,1280,720,22.673061826992647,2,0,diana,1,1,0.8022335450717918,121.08910646473538,178.92337151116112,212.5301218894005,374.39237774978756,17873.884414510205,diana,0.8372238239491786,chen,0.6727418788195054,0.16448194512967318,diana,diana,diana,1,1,1,0,0,15.542623783474603,10.082687804327575,6.313819861516771,31.93913144931895
Bright_Near_20260114_210100_T1,1736899001.28,32,Bright,Near,4,4,1280,720,22.673061826992647,2,1,chen,2,1,0.6737245937391672,422.63378964559513,249.0065133301283,520.8554822021258,404.36786317776375,15259.854739902054,chen,0.8561351046975244,alice,0.7551165863162529,0.10101851838127152,chen,chen,chen,2,1,1,0,0,15.542623783474603,10.082687804327575,6.313819861516771,31.93913144931895
Bright_Near_20260114_210100_T1,1736899001.28,32,Bright,Near,4,4,1280,720,22.673061826992647,2,2,alice,3,1,0.6795009174680462,714.272895663107,274.8423849437499,840.9294079908007,425.99822262066874,19144.871218129538,alice,0.810580620961491,chen,0.7175051993846908,0.09307542157680015,alice,alice,alice,2,1,1,0,0,15.542623783474603,10.082687804327575,6.313819861516771,31.93913144931895
Bright_Near_20260114_210100_T1,1736899001.28,32,Bright,Near,4,4,1280,720,22.673061826992647,2,3,bob,4,1,0.8412741765603898,1071.0442022947013,231.64730676627596,1170.2604702508747,375.1886617473592,14241.637538595362,bob,0.847992330109761,alice,0.753031588816289,0.0949607412934721,bob,bob,bob,2,1,1,0,0,15.542623783474603,10.082687804327575,6.313819861516771,31.93913144931895
Bright_Near_20260114_210100_T1,1736899001.32,33,Bright,Near,4,4,1280,720,27.34762153886473,2,0,diana,1,1,0.5852728743061006,120.38231935751955,307.1886233207571,204.20736687882064,480.79477740857953,14552.544116402038,diana,0.8650604566028524,chen,0.7579255353913981,0.10713492121145429,diana,diana,diana,1,1,1,0,0,17.012250383326457,8.018348913155354,7.616528274512191,32.647127570994
Bright_Near_20260114_210100_T1,1736899001.32,33,Bright,Near,4,4,1280,720,27.34762153886473,2,1,chen,2,1,0.8725279067398783,418.8970129408687,310.74683811491184,514.4174795321409,472.2949944903726,15431.155273943808,chen,0.7705388957334678,diana,0.6755365518434626,0.09500234389000517,chen,chen,chen,2,1,1,0,0,17.012250383326457,8.018348913155354,7.616528274512191,32.647127570994
Bright_Near_20260114_210100_T1,1736899001.32,33,Bright,Near,4,4,1280,720,27.34762153886473,2,2,alice,3,1,0.7082752920933275,765.4963478492849,228.33836501427874,866.0466365119076,405.967503901102,17860.661189963186,alice,0.8634286700746956,diana,0.7179531155541017,0.1454755545205939,alice,alice,alice,2,1,1,0,0,17.012250383326457,8.018348913155354,7.616528274512191,32.647127570994
Bright_Near_20260114_210100_T1,1736899001.32,33,Bright,Near,4,4,1280,720,27.34762153886473,2,3,bob,4,1,0.7870602714989124,1056.621936736641,273.6378768297999,1143.1085797975277,408.0485419218637,11624.727215393716,bob,0.8712059555237338,diana,0.7381883734549384,0.13301758206879544,bob,bob,bob,1,1,1,0,0,17.012250383326457,8.018348913155354,7.616528274512191,32.647127570994
Bright_Near_20260114_210100_T1,1736899001.36,34,Bright,Near,4,4,1280,720,23.43153341653171,1,0,diana,1,1,0.7856547491633709,105.23966699715493,173.07348789469086,209.12682534944747,348.74396958135515,18249.907148806,diana,0.8235591781343321,alice,0.6660905216013424,0.1574686565329897,diana,diana,diana,2,1,1,0,0,12.208306761282461,6.799212957292787,4.575824230183906,23.583343948759154
Bright_Near_20260114_210100_T1,1736899001.36,34,Bright,Near,4,4,1280,720,23.43153341653171,1,1,chen,2,1,0.9263269455704028,426.2403964971072,265.02600746785083,543.6996819129753,406.0528768900366,16564.915306766874,chen,0.9364217148447639,alice,0.7834932537725524,0.15292846107221147,chen,chen,chen,3,1,1,0,0,12.208306761282461,6.799212957292787,4.575824230183906,23.583343948759154
Bright_Near_20260114_210100_T1,1736899001.36,34,Bright,Near,4,4,1280,720,23.43153341653171,1,2,alice,3,1,0.7966538339805792,740.6434035217524,246.30345869826067,855.5508386983795,399.9367901655363,17653.612076545243,alice,0.8395336440856999,chen,0.7368887693391394,0.10264487474656048,alice,alice,alice,2,1,1,0,0,12.208306761282461,6.799212957292787,4.575824230183906,23.583343948759154
Bright_Near_20260114_210100_T1,1736899001.36,34,Bright,Near,4,4,1280,720,23.43153341653171,1,3,bob,4,1,0.7912979200084465,1070.5007401343132,187.4767627718856,1157.4626848319904,394.0653060723528,17965.341477668913,bob,0.8914473576852731,alice,0.7690549744255157,0.12239238325975732,bob,bob,bob,3,1,1,0,0,12.208306761282461,6.799212957292787,4.575824230183906,23.583343948759154
Bright_Near_20260114_210100_T1,1736899001.4,35,Bright,Near,4,4,1280,720,25.433816724643936,0,0,diana,1,1,0.7209660213563891,122.29307537936646,268.76861706325366,234.6174404001952,484.108895417179,24187.960029513175,diana,0.8282094161628242,chen,0.6575395850953394,0.1706698310674848,diana,diana,diana,1,1,1,0,0,14.735803569024714,12.512355330876797,9.43385283856415,36.68201173846566
Bright_Near_20260114_210100_T1,1736899001.4,35,Bright,Near,4,4,1280,720,25.433816724643936,0,1,chen,2,1,0.7576428606414567,453.5596714493477,224.05216798855088,546.8367520138271,415.88054799869246,17893.191256759543,chen,0.9291684739904307,alice,0.8510824315856768,0.07808604240475392,chen,chen,chen,2,1,1,0,0,14.735803569024714,12.512355330876797,9.43385283856415,36.68201173846566
Bright_Near_20260114_210100_T1,1736899001.4,35,Bright,Near,4,4,1280,720,25.433816724643936,0,2,alice,3,1,0.8621798303612499,734.3882347350853,224.6172870242116,860.5010299525007,436.4516597271661,26715.02486469735,alice,0.8731706031652597,diana,0.700557332770526,0.17261327039473373,alice,alice,alice,1,1,1,0,0,14.735803569024714,12.512355330876797,9.43385283856415,36.68201173846566
Bright_Near_20260114_210100_T1,1736899001.4,35,Bright,Near,4,4,1280,720,25.433816724643936,0,3,bob,4,1,0.7716176893237898,1066.71512730377,243.14904635460988,1166.2948649309612,421.4791219528682,17758.062139111735,bob,0.791406370069431,diana,0.7198370612991758,0.07156930877025525,bob,bob,bob,1,1,1,0,0,14.735803569024714,12.512355330876797,9.43385283856415,36.68201173846566
Bright_Near_20260114_210100_T1,1736899001.44,36,Bright,Near,4,4,1280,720,26.106239655581852,0,0,diana,1,1,0.7876576367068866,114.12098570577348,238.82088777062614,233.75404537174558,378.09325351841443,16661.579241326246,diana,0.8291226496773016,alice,0.6556398965032925,0.17348275317400919,diana,diana,diana,2,1,1,0,0,8.237003056092636,5.702493614918621,6.09066849115697,20.030165162168228
Bright_Near_20260114_210100_T1,1736899001.44,36,Bright,Near,4,4,1280,720,26.106239655581852,0,1,chen,2,1,0.801151786350489,417.200687331286,352.36919231716445,521.7740330554223,500.4576482079708,15486.105295622792,chen,0.7920518576240786,bob,0.6581652250138588,0.13388663261021982,chen,chen,chen,2,1,1,0,0,8.237003056092636,5.702493614918621,6.09066849115697,20.030165162168228
Bright_Near_20260114_210100_T1,1736899001.44,36,Bright,Near,4,4,1280,720,26.106239655581852,0,2,alice,3,1,0.7094486977925177,759.1612153370237,319.2418586542525,871.1289517931478,533.1270942286543,23948.24568865065,alice,0.9793621031374206,chen,0.845676482531128,0.13368562060629252,alice,alice,alice,2,1,1,0,0,8.237003056092636,5.702493614918621,6.09066849115697,20.030165162168228
Bright_Near_20260114_210100_T1,1736899001.44,36,Bright,Near,4,4,1280,720,26.106239655581852,0,3,bob,4,1,0.9178084970436429,1043.3432667120996,226.14438099314208,1149.0907861620558,377.00310260072064,15952.935597392932,bob,0.8991343257575046,alice,0.7431195460857098,0.15601477967179478,bob,bob,bob,2,1,1,0,0,8.237003056092636,5.702493614918621,6.09066849115697,20.030165162168228
Bright_Near_20260114_210100_T1,1736899001.48,37,Bright,Near,4,4,1280,720,25.649657325228794,0,0,diana,1,1,0.6703448815448457,98.9668574505244,221.17975451179535,203.51905679806657,411.03793543033845,19850.090379157245,diana,0.8056313765890206,alice,0.6838508947635493,0.1217804818254713,diana,diana,diana,1,1,1,0,0,11.791694701534821,6.208253067053239,12.031661227026571,30.031608995614633
Bright_Near_20260114_210100_T1,1736899001.48,37,Bright,Near,4,4,1280,720,25.649657325228794,0,1,chen,2,1,0.7706215864999881,441.5846099145476,238.2250329692332,523.5969992851851,417.1173669434727,14671.38774931745,chen,0.8824601391123333,bob,0.8045692285043177,0.07789091060801567,chen,chen,chen,1,1,1,0,0,11.791694701534821,6.208253067053239,12.031661227026571,30.031608995614633
Bright_Near_20260114_210100_T1,1736899001.48,37,Bright,Near,4,4,1280,720,25.649657325228794,0,2,alice,3,1,0.8645886021319311,729.9890802329431,234.37266755860622,850.1563757703724,408.58154695274965,20934.209895400403,alice,0.9139668700416637,diana,0.8282231057830258,0.08574376425863783,alice,alice,alice,2,1,1,0,0,11.791694701534821,6.208253067053239,12.031661227026571,30.031608995614633
Bright_Near_20260114_210100_T1,1736899001.48,37,Bright,Near,4,4,1280,720,25.649657325228794,0,3,bob,4,1,0.721596153911263,1045.329844968227,229.66840392507618,1163.7744578236939,419.629612271945,22499.88178020156,bob,0.8444600520611494,alice,0.747341762500329,0.09711828956082036,bob,bob,bob,3,1,1,0,0,11.791694701534821,6.208253067053239,12.031661227026571,30.031608995614633
Bright_Near_20260114_210100_T1,1736899001.52,38,Bright,Near,4,4,1280,720,26.43145660643227,1,0,diana,1,1,0.8323703426756043,118.89197018216508,215.45533847659954,232.96396866356434,389.0829720735917,19806.051156005036,diana,0.8778401235811725,alice,0.7428990520429072,0.1349410715382653,diana,diana,diana,2,1,1,0,0,10.09745148245628,8.120068244414373,2.6637837408868617,20.881303467757515
Bright_Near_20260114_210100_T1,1736899001.52,38,Bright,Near,4,4,1280,720,26.43145660643227,1,1,chen,2,1,0.6867094969841565,452.6675515026226,228.968002355818,543.8276030732686,436.0707336189145,18879.495662365527,chen,0.8250033851267754,diana,0.7484556124536773,0.07654777267309809,chen,chen,chen,1,1,1,0,0,10.09745148245628,8.120068244414373,2.6637837408868617,20.881303467757515
Bright_Near_20260114_210100_T1,1736899001.52,38,Bright,Near,4,4,1280,720,26.43145660643227,1,2,alice,3,1,0.9023996039293555,744.6008765405245,302.1708402939492,841.2072793376503,506.7356172336585,19762.267239141755,alice,0.8577188777512559,chen,0.7604279884424181,0.09729088930883778,alice,alice,alice,2,1,1,0,0,10.09745148245628,8.120068244414373,2.6637837408868617,20.881303467757515
Bright_Near_20260114_210100_T1,1736899001.52,38,Bright,Near,4,4,1280,720,26.43145660643227,1,3,bob,4,1,0.8208360507245365,1087.5388201151943,244.24767642158878,1181.3822594865562,384.9148528743379,13200.69164498423,bob,0.8995963693850711,alice,0.7262261343715246,0.17337023501354654,bob,bob,bob,2,1,1,0,0,10.09745148245628,8.120068244414373,2.6637837408868617,20.881303467757515
Bright_Near_20260114_210100_T1,1736899001.56,39,Bright,Near,4,4,1280,720,26.64529434321284,1,0,diana,1,1,0.6609575169434194,84.91446892165662,218.21322525585703,178.80071446349672,397.4818194419972,16830.855251700443,diana,0.8401673290530821,bob,0.7470020796975736,0.09316524935550852,diana,diana,diana,2,1,1,0,0,20.138144482003415,9.49901160129305,11.358834581920904,40.99599066521737
Bright_Near_20260114_210100_T1,1736899001.56,39,Bright,Near,4,4,1280,720,26.64529434321284,1,1,chen,2,1,0.7843870554912478,441.5838968403774,243.08538701595728,553.9204351521057,431.3249330745276,21146.17897759093,chen,0.8770395361826923,bob,0.7679866269026646,0.10905290928002764,chen,chen,chen,2,1,1,0,0,20.138144482003415,9.49901160129305,11.358834581920904,40.99599066521737
Bright_Near_20260114_210100_T1,1736899001.56,39,Bright,Near,4,4,1280,720,26.64529434321284,1,2,alice,3,1,0.8188598613072509,735.7763605725731,218.92893156299556,832.0536611103969,399.0030801472068,17337.052922334835,alice,0.8440021327566778,diana,0.7109557860780753,0.1330463466786025,alice,alice,alice,2,1,1,0,0,20.138144482003415,9.49901160129305,11.358834581920904,40.99599066521737
Bright_Near_20260114_210100_T1,1736899001.56,39,Bright,Near,4,4,1280,720,26.64529434321284,1,3,bob,4,1,0.6743014994836213,1073.774268831762,298.52813802672256,1169.3787727260226,490.7490370185343,18377.183686220957,bob,0.7672658565104681,chen,0.6879332548898609,0.07933260162060718,bob,bob,bob,3,1,1,0,0,20.138144482003415,9.49901160129305,11.358834581920904,40.99599066521737
Bright_Near_20260114_210100_T1,1736899001.6,40,Bright,Near,4,4,1280,720,26.382340270276103,1,0,diana,1,1,0.7909195129505742,111.73418806214518,219.28082754896496,213.4282266809854,435.10868800733743,21948.40677647539,chen,0.7604408990481402,diana,0.7503396200135078,0.010101279034632316,unknown,unknown,unknown,0,0,0,0,0,16.877497907111174,12.146385365378897,14.838123782524693,43.862007055014764
Bright_Near_20260114_210100_T1,1736899001.6,40,Bright,Near,4,4,1280,720,26.382340270276103,1,1,chen,2,1,0.7517227992928345,444.9742886629222,237.2952924273718,538.4110223667471,440.1403541607398,18953.18001631663,chen,0.7774799324892007,alice,0.7123154466772315,0.06516448581196921,chen,chen,chen,2,1,1,0,0,16.877497907111174,12.146385365378897,14.838123782524693,43.862007055014764
Bright_Near_20260114_210100_T1,1736899001.6,40,Bright,Near,4,4,1280,720,26.382340270276103,1,2,alice,3,1,0.8530268880728705,767.4476100304948,164.2870668449193,856.9817076943509,295.55913279119306,11753.32597296983,alice,0.873102791809881,diana,0.797809879156173,0.07529291265370808,alice,alice,alice,2,1,1,0,0,16.877497907111174,12.146385365378897,14.838123782524693,43.862007055014764
Bright_Near_20260114_210100_T1,1736899001.6,40,Bright,Near,4,4,1280,720,26.382340270276103,1,3,bob,4,1,0.7200243393376662,1043.595273258069,268.78471483988926,1146.2870639744965,434.0245443224916,16968.77398724556,bob,0.8359994782786809,diana,0.7420328615107603,0.09396661676792062,bob,bob,bob,3,1,1,0,0,16.877497907111174,12.146385365378897,14.838123782524693,43.862007055014764
Bright_Near_20260114_210100_T1,1736899001.64,41,Bright,Near,4,4,1280,720,22.00017268874263,2,0,diana,1,1,0.8786907261087311,87.41693890238605,202.2388588720724,209.17232470246023,416.84313058198455,26129.225896384298,diana,0.8123074150768218,chen,0.6748130669001446,0.13749434817667716,diana,diana,diana,2,1,1,0,0,14.517103080093293,12.384432908355725,10.848201198538499,37.74973718698752
Bright_Near_20260114_210100_T1,1736899001.64,41,Bright,Near,4,4,1280,720,22.00017268874263,2,1,chen,2,1,0.6868741346722406,430.8640795925818,257.37089473502374,543.5240103874276,440.7114978221409,20655.139655679908,chen,0.8596401395801424,alice,0.7146150209367043,0.14502511864343814,chen,chen,chen,2,1,1,0,0,14.517103080093293,12.384432908355725,10.848201198538499,37.74973718698752
Bright_Near_20260114_210100_T1,1736899001.64,41,Bright,Near,4,4,1280,720,22.00017268874263,2,2,alice,3,1,0.7527325535861816,738.6978142847469,194.15687234623795,844.8233969813735,324.70935151097444,13854.957923846874,alice,0.9016254030305964,chen,0.8146510724831388,0.08697433054745751,alice,alice,alice,1,1,1,0,0,14.517103080093293,12.384432908355725,10.848201198538499,37.74973718698752
Bright_Near_20260114_210100_T1,1736899001.64,41,Bright,Near,4,4,1280,720,22.00017268874263,2,3,bob,4,1,0.8602997176796265,1051.7133376258273,189.99165541156947,1177.7863555534311,353.34173492789876,20594.03750333769,bob,0.8621462778975945,alice,0.7840173582513766,0.07812891964621782,bob,bob,bob,1,1,1,0,0,14.517103080093293,12.384432908355725,10.848201198538499,37.74973718698752
Bright_Near_20260114_210100_T1,1736899001.68,42,Bright,Near,4,4,1280,720,22.973305969067606,0,0,diana,1,1,0.8390781605915165,120.04701248119011,280.84026590437793,205.93261314314736,446.78540919381,14252.298308347437,diana,0.811719645118525,chen,0.7259954812972074,0.08572416382131764,diana,diana,diana,1,1,1,0,0,9.551786777337755,5.298431319150987,4.884809353667546,19.735027450156288
Bright_Near_20260114_210100_T1,1736899001.68,42,Bright,Near,4,4,1280,720,22.973305969067606,0,1,chen,2,1,0.7927656182013391,433.94942933243584,203.39576908876944,521.9010869324186,360.1596827562444,13787.646058915016,chen,0.792974738429892,bob,0.7167885193976036,0.0761862190322884,chen,chen,chen,1,1,1,0,0,9.551786777337755,5.298431319150987,4.884809353667546,19.735027450156288
Bright_Near_20260114_210100_T1,1736899001.68,42,Bright,Near,4,4,1280,720,22.973305969067606,0,2,alice,3,1,0.7572686721536106,746.3316945474336,248.20038412864238,848.2010340649475,442.8547451157661,19829.311187962023,alice,0.8939670546279528,chen,0.7269335539839658,0.16703350064398703,alice,alice,alice,2,1,1,0,0,9.551786777337755,5.298431319150987,4.884809353667546,19.735027450156288
Bright_Near_20260114_210100_T1,1736899001.68,42,Bright,Near,4,4,1280,720,22.973305969067606,0,3,bob,4,1,0.8597407216780714,1075.1715134718381,174.91029167901894,1176.887251501097,376.1878707744291,20473.09750643215,bob,0.8989449151895988,alice,0.8377361371457047,0.06120877804389413,bob,bob,bob,2,1,1,0,0,9.551786777337755,5.298431319150987,4.884809353667546,19.735027450156288
Bright_Near_20260114_210100_T1,1736899001.72,43,Bright,Near,4,4,1280,720,25.845085791881992,0,0,diana,1,1,0.8131832737234919,114.8402403769432,255.71789409384527,222.68435496111857,417.17916725023144,17412.64804318415,diana,0.8136907816939382,bob,0.6851168424928293,0.12857393920110882,diana,diana,diana,2,1,1,0,0,9.186607386793057,4.796281612482018,7.930681017175472,21.913570016450546
Bright_Near_20260114_210100_T1,1736899001.72,43,Bright,Near,4,4,1280,720,25.845085791881992,0,1,chen,2,1,0.9092322906149136,443.6261148313793,179.08966460268985,548.0033437724376,359.9342915242072,18876.061026947486,chen,0.909989189971049,bob,0.8320717464786723,0.07791744349237673,chen,chen,chen,2,1,1,0,0,9.186607386793057,4.796281612482018,7.930681017175472,21.913570016450546
Bright_Near_20260114_210100_T1,1736899001.72,43,Bright,Near,4,4,1280,720,25.845085791881992,0,2,alice,3,1,0.7113461621488989,737.0278677553018,235.91473773205723,855.2967108777585,413.42180550047635,20993.55555103045,alice,0.884041989795944,bob,0.7422103491615732,0.1418316406343707,alice,alice,alice,2,1,1,0,0,9.186607386793057,4.796281612482018,7.930681017175472,21.913570016450546
Bright_Near_20260114_210100_T1,1736899001.72,43,Bright,Near,4,4,1280,720,25.845085791881992,0,3,bob,4,1,0.7994984229598973,1060.2805191826626,295.1465019225201,1161.189333237595,455.5144906885524,16182.543558755056,bob,0.8805250304409132,diana,0.7597533978997506,0.12077163254116263,bob,bob,bob,2,1,1,0,0,9.186607386793057,4.796281612482018,7.930681017175472,21.913570016450546
Bright_Near_20260114_210100_T1,1736899001.76,44,Bright,Near,4,4,1280,720,24.71590885700446,2,0,diana,1,1,0.9192202004968026,105.9350643158583,145.24361349768017,208.02486504635016,346.632539538473,20559.755328832303,diana,0.8737527153760193,bob,0.7927929845345303,0.080959730841489,diana,diana,diana,3,1,1,0,0,11.51078021422417,7.179913436961587,8.348466330946835,27.039159982132592
Bright_Near_20260114_210100_T1,1736899001.76,44,Bright,Near,4,4,1280,720,24.71590885700446,2,1,chen,2,1,0.9331359919221645,423.27632282914743,270.75302803755966,539.4760555426426,478.03791450207194,24086.44840272352,chen,0.8929838100053518,diana,0.7178981593443408,0.175085650661011,chen,chen,chen,1,1,1,0,0,11.51078021422417,7.179913436961587,8.348466330946835,27.039159982132592
Bright_Near_20260114_210100_T1,1736899001.76,44,Bright,Near,4,4,1280,720,24.71590885700446,2,2,alice,3,1,0.6401722151201308,772.2317304439332,276.2808633547842,886.6410748804267,459.12626307878327,20919.222315651343,alice,0.9619775714575141,bob,0.8276182488352318,0.13435932262228223,alice,alice,alice,1,1,1,0,0,11.51078021422417,7.179913436961587,8.348466330946835,27.039159982132592
Bright_Near_20260114_210100_T1,1736899001.76,44,Bright,Near,4,4,1280,720,24.71590885700446,2,3,bob,4,1,0.8748664661714103,1048.9774516463629,202.99882124873722,1173.5172880021294,372.94915577844796,21165.58685093795,bob,0.8786019814277206,chen,0.806549955883917,0.07205202554380363,bob,bob,bob,1,1,1,0,0,11.51078021422417,7.179913436961587,8.348466330946835,27.039159982132592
Bright_Near_20260114_210100_T1,1736899001.8,45,Bright,Near,4,4,1280,720,23.65164951065185,0,0,diana,1,1,0.8118279870912674,116.22689841757182,207.91164559378424,236.86453415817016,421.01446035792594,25708.21974281273,diana,0.7735007260640334,bob,0.6517700256982774,0.12173070036575606,diana,diana,diana,3,1,1,0,0,11.60058935544043,10.95937729345793,5.993476263407835,28.553442912306195
Bright_Near_20260114_210100_T1,1736899001.8,45,Bright,Near,4,4,1280,720,23.65164951065185,0,1,chen,2,1,0.8058122434752059,426.2386615990125,249.2094113003949,529.6209127954737,447.74574870362676,20525.13350504629,chen,0.7891922548045378,alice,0.6956677398531242,0.09352451495141356,chen,chen,chen,2,1,1,0,0,11.60058935544043,10.95937729345793,5.993476263407835,28.553442912306195
Bright_Near_20260114_210100_T1,1736899001.8,45,Bright,Near,4,4,1280,720,23.65164951065185,0,2,alice,-1,0,-1.0,-1.0,-1.0,-1.0,-1.0,0.0,unknown,-1.0,unknown,-1.0,-1.0,unknown,unknown,unknown,0,0,0,0,1,11.60058935544043,10.95937729345793,5.993476263407835,28.553442912306195
Bright_Near_20260114_210100_T1,1736899001.8,45,Bright,Near,4,4,1280,720,23.65164951065185,0,3,bob,4,1,0.7553236890050754,1084.803557405308,207.5850638207027,1207.3730299957554,392.10030743929394,22615.936095228622,bob,0.8264774005673472,alice,0.7536514016099854,0.07282599895736175,bob,bob,bob,2,1,1,0,0,11.60058935544043,10.95937729345793,5.993476263407835,28.553442912306195
Bright_Near_20260114_210100_T1,1736899001.84,46,Bright,Near,4,4,1280,720,26.21017041131491,2,0,diana,1,1,0.7953027047769757,136.82355779235394,219.7055543906573,250.79525902394676,368.8232307575772,16995.195259239947,diana,0.8200452000286989,bob,0.7189228594877393,0.10112234054095959,diana,diana,diana,2,1,1,0,0,16.850628125611113,12.43603934740807,3.25101606116829,32.53768353418747
Bright_Near_20260114_210100_T1,1736899001.84,46,Bright,Near,4,4,1280,720,26.21017041131491,2,1,chen,2,1,0.7234153981956577,436.3039132498533,231.60036078113762,542.9123641316104,404.7610542268302,18460.393281856115,chen,0.863184307425943,alice,0.758283131641086,0.10490117578485703,chen,chen,chen,2,1,1,0,0,16.850628125611113,12.43603934740807,3.25101606116829,32.53768353418747
Bright_Near_20260114_210100_T1,1736899001.84,46,Bright,Near,4,4,1280,720,26.21017041131491,2,2,alice,3,1,0.7234514208041072,757.598155345653,200.85622927252615,844.3936467835318,375.78369879727717,15182.915683385334,alice,0.7724361077621069,diana,0.6753053824810185,0.09713072528108846,alice,alice,alice,1,1,1,0,0,16.850628125611113,12.43603934740807,3.25101606116829,32.53768353418747
Bright_Near_20260114_210100_T1,1736899001.84,46,Bright,Near,4,4,1280,720,26.21017041131491,2,3,bob,4,1,0.7500259485859331,1055.3797481592871,304.2194709506101,1158.7182962702911,437.8554372886989,13809.7467367891,bob,0.8893438743026186,alice,0.7565054550064274,0.13283841929619122,bob,bob,bob,3,1,1,0,0,16.850628125611113,12.43603934740807,3.25101606116829,32.53768353418747
Bright_Near_20260114_210100_T1,1736899001.88,47,Bright,Near,4,4,1280,720,24.118323289336168,0,0,diana,1,1,0.7693874449598739,122.0429492051596,193.02504035879923,218.16740576684012,323.62202949407384,12553.564609219968,diana,0.9138523077004383,alice,0.7498543535600911,0.16399795414034724,diana,diana,diana,2,1,1,0,0,9.578389924852507,8.550756247652842,8.976582977982446,27.105729150487793
Bright_Near_20260114_210100_T1,1736899001.88,47,Bright,Near,4,4,1280,720,24.118323289336168,0,1,chen,2,1,0.7222041406607551,412.4856261879782,192.58673234585888,505.9791071795033,406.4229856343992,19992.295682131087,chen,0.8122815124511827,alice,0.6471284452526666,0.1651530671985162,chen,chen,chen,2,1,1,0,0,9.578389924852507,8.550756247652842,8.976582977982446,27.105729150487793
Bright_Near_20260114_210100_T1,1736899001.88,47,Bright,Near,4,4,1280,720,24.118323289336168,0,2,alice,3,1,0.8663019755178878,744.1985637313669,207.62721576923673,862.316404172142,393.6723432881005,21975.24868705681,alice,0.8374337791947637,bob,0.6605362263419735,0.17689755285279019,alice,alice,alice,1,1,1,0,0,9.578389924852507,8.550756247652842,8.976582977982446,27.105729150487793
Bright_Near_20260114_210100_T1,1736899001.88,47,Bright,Near,4,4,1280,720,24.118323289336168,0,3,bob,4,1,0.7541542804841073,1067.0899786312632,204.47927744182755,1168.8934687193535,378.5812271858217,17724.186115079898,bob,0.8703412547154811,chen,0.7999790486300236,0.07036220608545751,bob,bob,bob,2,1,1,0,0,9.578389924852507,8.550756247652842,8.976582977982446,27.105729150487793
Bright_Near_20260114_210100_T1,1736899001.92,48,Bright,Near,4,4,1280,720,25.627318114094937,2,0,diana,1,1,0.7879437438353837,106.0822844488808,205.79226805296994,231.10760223047896,338.7924053265443,16628.384427624816,diana,0.8505698568615019,alice,0.7127400534867312,0.1378298033747707,diana,diana,diana,2,1,1,0,0,9.228113416175066,6.255585723827625,1.4188456948445776,16.90254483484727
Bright_Near_20260114_210100_T1,1736899001.92,48,Bright,Near,4,4,1280,720,25.627318114094937,2,1,chen,2,1,0.8531961709462796,443.4812996557759,249.96855604150218,544.2967274946413,448.84875819719684,20050.192669006407,chen,0.9559870050997347,alice,0.8800537784598678,0.0759332266398669,chen,chen,chen,2,1,1,0,0,9.228113416175066,6.255585723827625,1.4188456948445776,16.90254483484727
Bright_Near_20260114_210100_T1,1736899001.92,48,Bright,Near,4,4,1280,720,25.627318114094937,2,2,alice,3,1,0.8059076816249944,743.8213688386052,200.299597038979,863.6841635789092,413.57400469665686,25563.666548432167,alice,0.867113643525116,bob,0.7518691849266456,0.11524445859847043,alice,alice,alice,2,1,1,0,0,9.228113416175066,6.255585723827625,1.4188456948445776,16.90254483484727
Bright_Near_20260114_210100_T1,1736899001.92,48,Bright,Near,4,4,1280,720,25.627318114094937,2,3,bob,4,1,0.874082350730216,1030.1407498521974,229.69157150962704,1157.7011223799143,402.5811796049404,22053.86281480916,bob,0.8517729786934359,chen,0.7300006276861348,0.1217723510073011,bob,bob,bob,2,1,1,0,0,9.228113416175066,6.255585723827625,1.4188456948445776,16.90254483484727
Bright_Near_20260114_210100_T1,1736899001.96,49,Bright,Near,4,4,1280,720,24.378006484814957,1,0,diana,1,1,0.8151273769606792,106.4494373115469,123.99551309165837,206.63711277959948,280.1182297007663,15641.572064824044,diana,0.8317887770358431,alice,0.7041113781332662,0.1276773989025769,diana,diana,diana,1,1,1,0,0,14.613190542227303,11.271498700624134,2.998342173562925,28.88303141641436
Bright_Near_20260114_210100_T1,1736899001.96,49,Bright,Near,4,4,1280,720,24.378006484814957,1,1,chen,2,1,0.8314031235344608,444.171630216406,228.97211663418108,525.1779476998505,403.0962512620286,14105.154931193447,chen,0.9452056348488672,bob,0.8204669832812106,0.12473865156765662,chen,chen,chen,2,1,1,0,0,14.613190542227303,11.271498700624134,2.998342173562925,28.88303141641436
Bright_Near_20260114_210100_T1,1736899001.96,49,Bright,Near,4,4,1280,720,24.378006484814957,1,2,alice,3,1,0.8061815069988426,772.4316794245897,224.97427643059783,857.5853296398718,364.4535242587201,11877.167081846575,diana,0.6875106078128455,alice,0.6135513854822732,0.07395922233057228,unknown,unknown,unknown,0,0,0,0,0,14.613190542227303,11.271498700624134,2.998342173562925,28.88303141641436
Bright_Near_20260114_210100_T1,1736899001.96,49,Bright,Near,4,4,1280,720,24.378006484814957,1,3,bob,4,1,0.706790527103138,1029.4079643130801,210.00975916867526,1134.9746693339405,389.5721336233231,18955.80821689908,bob,0.8948369556636361,chen,0.7850298600014154,0.10980709566222069,bob,bob,bob,1,1,1,0,0,14.613190542227303,11.271498700624134,2.998342173562925,28.88303141641436
Bright_Near_20260114_210100_T1,1736899002.0,50,Bright,Near,4,4,1280,720,24.626496868283244,0,0,diana,1,1,0.7204131816747827,96.60014880214788,221.99830043133397,209.0943200310997,426.4609966813588,23000.861561883456,diana,0.8728284927913927,chen,0.7720406053691918,0.1007878874222009,diana,diana,diana,2,1,1,0,0,9.420397579737868,6.380833663924753,6.981841117532226,22.783072361194847
Bright_Near_20260114_210100_T1,1736899002.0,50,Bright,Near,4,4,1280,720,24.626496868283244,0,1,chen,2,1,0.701450604583936,416.51906105089876,261.7342516380433,521.2992620744612,458.13315719900885,20578.716805485634,chen,0.8178291211027932,bob,0.7234814338095887,0.09434768729320442,chen,chen,chen,1,1,1,0,0,9.420397579737868,6.380833663924753,6.981841117532226,22.783072361194847
Bright_Near_20260114_210100_T1,1736899002.0,50,Bright,Near,4,4,1280,720,24.626496868283244,0,2,alice,3,1,0.650903911818037,762.0596634535004,198.89826739974382,855.5336508234222,393.5935358312859,18198.943062353505,alice,0.8104975666428093,bob,0.787282659112147,0.023214907530662243,unknown,unknown,unknown,0,0,0,0,0,9.420397579737868,6.380833663924753,6.981841117532226,22.783072361194847
Bright_Near_20260114_210100_T1,1736899002.0,50,Bright,Near,4,4,1280,720,24.626496868283244,0,3,bob,4,1,0.7214488465114491,1089.2739298136664,264.4380391715902,1198.5172342279864,402.6735570686512,15101.304762499802,bob,0.8240725596140209,alice,0.7088654562702749,0.11520710334374606,bob,bob,bob,2,1,1,0,0,9.420397579737868,6.380833663924753,6.981841117532226,22.783072361194847
Bright_Near_20260114_210100_T1,1736899002.04,51,Bright,Near,4,4,1280,720,26.25932714190761,0,0,diana,1,1,0.7070297422337699,129.98689443618514,159.33202043120158,232.07101995335466,331.7518785351897,17601.330436340082,diana,0.8538443601404869,alice,0.6834462338375555,0.17039812630293139,diana,diana,diana,3,1,1,0,0,10.676514768489385,9.209435096605096,3.2261983245553836,23.112148189649865
Bright_Near_20260114_210100_T1,1736899002.04,51,Bright,Near,4,4,1280,720,26.25932714190761,0,1,chen,2,1,0.8870757301868069,427.19220476238513,255.85074941505366,516.7319566887403,440.01474431292536,16489.99841692197,chen,0.9413417371963834,alice,0.7987737573805681,0.14256797981581526,chen,chen,chen,2,1,1,0,0,10.676514768489385,9.209435096605096,3.2261983245553836,23.112148189649865
Bright_Near_20260114_210100_T1,1736899002.04,51,Bright,Near,4,4,1280,720,26.25932714190761,0,2,alice,3,1,0.8702870871181623,749.721074110603,249.14495398204338,832.5052209255032,426.8588511375141,14711.893353166557,alice,0.8051467833900102,bob,0.6674530604231592,0.137693722966851,alice,alice,alice,2,1,1,0,0,10.676514768489385,9.209435096605096,3.2261983245553836,23.112148189649865
Bright_Near_20260114_210100_T1,1736899002.04,51,Bright,Near,4,4,1280,720,26.25932714190761,0,3,bob,4,1,0.7631065891748704,1086.5325010329111,238.6948323486306,1211.1066797736257,396.7050563063764,19683.99388217257,bob,0.8395977735036682,chen,0.6817886788445421,0.15780909465912607,bob,bob,bob,2,1,1,0,0,10.676514768489385,9.209435096605096,3.2261983245553836,23.112148189649865
Bright_Near_20260114_210100_T1,1736899002.08,52,Bright,Near,4,4,1280,720,27.59726527419703,2,0,diana,1,1,0.7369947548923739,112.64275213762213,270.0425511598912,217.31293074615073,425.1070146432262,16230.625088636332,diana,0.7223052373129575,alice,0.5564845150086178,0.16582072230433964,diana,diana,diana,2,1,1,0,0,13.568321923481756,13.013702967793767,8.17620565213909,34.75823054341461
Bright_Near_20260114_210100_T1,1736899002.08,52,Bright,Near,4,4,1280,720,27.59726527419703,2,1,chen,2,1,0.7980786158035112,415.5048728434357,234.91544209478496,503.82587367041253,441.44679911822305,18241.056154463724,chen,0.8224757318410805,diana,0.7530671393062293,0.06940859253485121,chen,chen,chen,2,1,1,0,0,13.568321923481756,13.013702967793767,8.17620565213909,34.75823054341461
Bright_Near_20260114_210100_T1,1736899002.08,52,Bright,Near,4,4,1280,720,27.59726527419703,2,2,alice,3,1,0.8078851964482909,726.5016744937587,184.3695640420995,827.998539132216,366.8398556551411,18520.16248838871,alice,0.7487848472407664,diana,0.6573486355638826,0.09143621167688387,alice,alice,alice,2,1,1,0,0,13.568321923481756,13.013702967793767,8.17620565213909,34.75823054341461
Bright_Near_20260114_210100_T1,1736899002.08,52,Bright,Near,4,4,1280,720,27.59726527419703,2,3,bob,4,1,0.728443894532019,1051.1805697669745,244.05880239620376,1174.784389475655,457.0360226682857,26324.79793656634,bob,0.8687954292260881,chen,0.7955852665308529,0.07321016269523517,bob,bob,bob,2,1,1,0,0,13.568321923481756,13.013702967793767,8.17620565213909,34.75823054341461
Bright_Near_20260114_210100_T1,1736899002.12,53,Bright,Near,4,4,1280,720,27.435001071541198,1,0,diana,1,1,0.8006231969870147,122.52084435465723,137.1630214158489,238.68043156273552,272.9977140207792,15778.501821524907,diana,0.8610987627276488,bob,0.7252108648631974,0.13588789786445143,diana,diana,diana,1,1,1,0,0,15.08571105932821,8.066350535864904,4.406487771525452,27.558549366718566
Bright_Near_20260114_210100_T1,1736899002.12,53,Bright,Near,4,4,1280,720,27.435001071541198,1,1,chen,2,1,0.835103847843578,427.8467588005707,244.95918223023756,533.1212711761466,376.3619214950738,13833.359300920574,chen,0.8485538489341932,alice,0.7464744731078788,0.10207937582631432,chen,chen,chen,2,1,1,0,0,15.08571105932821,8.066350535864904,4.406487771525452,27.558549366718566
Bright_Near_20260114_210100_T1,1736899002.12,53,Bright,Near,4,4,1280,720,27.435001071541198,1,2,alice,3,1,0.8868787094905202,729.4288304174429,246.32022215096995,813.6652820888501,389.4980624651065,12060.793226038217,alice,0.7935695181620297,diana,0.7172770814437097,0.07629243671831998,alice,alice,alice,2,1,1,0,0,15.08571105932821,8.066350535864904,4.406487771525452,27.558549366718566
Bright_Near_20260114_210100_T1,1736899002.12,53,Bright,Near,4,4,1280,720,27.435001071541198,1,3,bob,4,1,0.7744047661009942,1047.6754010519614,198.65387847272152,1164.522999230155,334.8278713613165,15911.604003366727,bob,0.8739778044578764,diana,0.7449934202217604,0.12898438423611602,bob,bob,bob,3,1,1,0,0,15.08571105932821,8.066350535864904,4.406487771525452,27.558549366718566
Bright_Near_20260114_210100_T1,1736899002.16,54,Bright,Near,4,4,1280,720,22.828233087241422,1,0,diana,1,1,0.7737426705610259,122.30253498575497,232.52443848683293,207.78614933557782,369.1592958188732,11680.041450915194,diana,0.8335262982171879,bob,0.6623293928522226,0.17119690536496535,diana,diana,diana,2,1,1,0,0,15.426762886613563,7.793996489345705,5.249610607489419,28.470369983448688
Bright_Near_20260114_210100_T1,1736899002.16,54,Bright,Near,4,4,1280,720,22.828233087241422,1,1,chen,2,1,0.8044258214344695,399.3338418061628,215.38705641353056,526.7463021281663,365.43423437608214,19117.88010858221,chen,0.856727180655858,alice,0.7279286762320325,0.12879850442382546,chen,chen,chen,2,1,1,0,0,15.426762886613563,7.793996489345705,5.249610607489419,28.470369983448688
Bright_Near_20260114_210100_T1,1736899002.16,54,Bright,Near,4,4,1280,720,22.828233087241422,1,2,alice,3,1,0.8015873774296054,742.9975182760236,206.23540464781576,856.7841373400727,375.97166164893514,19313.714816743908,alice,0.8986125555978834,bob,0.8100127632456046,0.08859979235227888,alice,alice,alice,2,1,1,0,0,15.426762886613563,7.793996489345705,5.249610607489419,28.470369983448688
Bright_Near_20260114_210100_T1,1736899002.16,54,Bright,Near,4,4,1280,720,22.828233087241422,1,3,bob,4,1,0.8341804519507725,1050.0390782593986,227.18555500052736,1171.457623771319,371.41658216941806,17512.32153653699,bob,0.8453594960317014,alice,0.7003609753533313,0.14499852067837005,bob,bob,bob,3,1,1,0,0,15.426762886613563,7.793996489345705,5.249610607489419,28.470369983448688
Bright_Near_20260114_210100_T1,1736899002.2,55,Bright,Near,4,4,1280,720,22.188870712844246,3,0,diana,1,1,0.6677414115102931,119.68088489332104,219.90124485105895,201.03773693648867,403.3732994172405,14926.708797396812,diana,0.8370139050586388,chen,0.7553321584804965,0.08168174657814231,diana,diana,diana,3,1,1,0,0,11.283998607508407,5.286265101869976,7.082015563175984,23.652279272554367
Bright_Near_20260114_210100_T1,1736899002.2,55,Bright,Near,4,4,1280,720,22.188870712844246,3,1,chen,2,1,0.7540026589395166,418.7774739702215,242.15947490947585,518.6508604439994,434.9627614736272,19255.917152436035,chen,0.9098305572579931,bob,0.8017329281498811,0.10809762910811205,chen,chen,chen,1,1,1,0,0,11.283998607508407,5.286265101869976,7.082015563175984,23.652279272554367
Bright_Near_20260114_210100_T1,1736899002.2,55,Bright,Near,4,4,1280,720,22.188870712844246,3,2,alice,3,1,0.7084650431621101,774.6084526583902,180.3814248834435,856.4402645653281,391.7184674536984,17294.093116577627,alice,0.8607516263198047,chen,0.7505967484958672,0.11015487782393751,alice,alice,alice,1,1,1,0,0,11.283998607508407,5.286265101869976,7.082015563175984,23.652279272554367
Bright_Near_20260114_210100_T1,1736899002.2,55,Bright,Near,4,4,1280,720,22.188870712844246,3,3,bob,4,1,0.7905697911941303,1092.8279959958263,209.07524716577524,1194.2148859737167,373.94051569623224,16715.1768416728,bob,0.8755082624838209,alice,0.7801933733214164,0.09531488916240449,bob,bob,bob,1,1,1,0,0,11.283998607508407,5.286265101869976,7.082015563175984,23.652279272554367
Bright_Near_20260114_210100_T1,1736899002.24,56,Bright,Near,4,4,1280,720,26.141427600619753,1,0,diana,1,1,0.8000478297398499,119.80318976423032,228.74165988333857,203.0738166812475,398.5261923038182,14138.064455465968,diana,0.855178125572264,alice,0.7701091387577524,0.08506898681451158,diana,diana,diana,1,1,1,0,0,14.039314693353132,7.724748486940595,8.576523025541515,30.34058620583524
Bright_Near_20260114_210100_T1,1736899002.24,56,Bright,Near,4,4,1280,720,26.141427600619753,1,1,chen,2,1,0.8346218819116384,438.67252042834457,257.2480900482021,527.9219784442398,449.97403385364265,17200.686030237455,chen,0.8537514640025322,bob,0.7342730616185998,0.11947840238393237,chen,chen,chen,2,1,1,0,0,14.039314693353132,7.724748486940595,8.576523025541515,30.34058620583524
Bright_Near_20260114_210100_T1,1736899002.24,56,Bright,Near,4,4,1280,720,26.141427600619753,1,2,alice,3,1,0.7392284264533733,771.004794262173,305.07775516315576,857.7448520176366,443.93003322660013,12044.054618700851,alice,0.8170184425327776,bob,0.7077998546004344,0.10921858793234318,alice,alice,alice,2,1,1,0,0,14.039314693353132,7.724748486940595,8.576523025541515,30.34058620583524
Bright_Near_20260114_210100_T1,1736899002.24,56,Bright,Near,4,4,1280,720,26.141427600619753,1,3,bob,4,1,0.6953958140677889,1059.0009274310946,215.30957177624396,1153.8301907566224,412.90105094952105,18737.454409403235,bob,0.9082541789832778,alice,0.7467413932672631,0.16151278571601468,bob,bob,bob,2,1,1,0,0,14.039314693353132,7.724748486940595,8.576523025541515,30.34058620583524
Bright_Near_20260114_210100_T1,1736899002.28,57,Bright,Near,4,4,1280,720,24.550238953387115,1,0,diana,1,1,0.8958948696137341,104.41431002910588,321.0291202237644,196.67872427693203,489.57395744975634,15550.690681151353,diana,0.9426100486752897,chen,0.8500701544138883,0.09253989426140141,diana,diana,diana,1,1,1,0,0,20.392808059846068,8.968951415103357,8.06742563370011,37.429185108649534
Bright_Near_20260114_210100_T1,1736899002.28,57,Bright,Near,4,4,1280,720,24.550238953387115,1,1,chen,2,1,0.8171656423265069,403.9420226164435,342.4788048850904,500.45368053241737,509.75288052593964,16143.898366460373,chen,0.9736622492385251,alice,0.8088173099293241,0.16484493930920097,chen,chen,chen,3,1,1,0,0,20.392808059846068,8.968951415103357,8.06742563370011,37.429185108649534
Bright_Near_20260114_210100_T1,1736899002.28,57,Bright,Near,4,4,1280,720,24.550238953387115,1,2,alice,3,1,0.7610223882877066,757.8310862234663,293.79582616756534,853.556600733012,464.61665027270135,16351.911276408759,alice,0.8921577690623523,chen,0.7294057569516832,0.16275201211066914,alice,alice,alice,2,1,1,0,0,20.392808059846068,8.968951415103357,8.06742563370011,37.429185108649534
Bright_Near_20260114_210100_T1,1736899002.28,57,Bright,Near,4,4,1280,720,24.550238953387115,1,3,bob,4,1,0.7495843416266532,1069.5294170272964,257.5589461711218,1177.020090548459,401.9339665653535,15518.96818180754,bob,0.8442998979598441,diana,0.7837724951825178,0.06052740277732627,bob,bob,bob,1,1,1,0,0,20.392808059846068,8.968951415103357,8.06742563370011,37.429185108649534
Bright_Near_20260114_210100_T1,1736899002.32,58,Bright,Near,4,4,1280,720,27.660622576377527,1,0,diana,1,1,0.7573268125914344,123.89580112098503,213.10567790077695,210.82465266388397,360.2729812147712,12793.084661750987,diana,0.7748277234667952,chen,0.6669550594775152,0.10787266398927997,diana,diana,diana,2,1,1,0,0,9.732736441576936,4.675519391610092,5.864628644141987,20.272884477329015
Bright_Near_20260114_210100_T1,1736899002.32,58,Bright,Near,4,4,1280,720,27.660622576377527,1,1,chen,2,1,0.6401917728102355,428.564583586127,213.87042318816776,532.7250255303477,395.39202343180267,18907.370103799167,chen,0.8570063714405477,diana,0.6891968250692755,0.1678095463712722,chen,chen,chen,2,1,1,0,0,9.732736441576936,4.675519391610092,5.864628644141987,20.272884477329015
Bright_Near_20260114_210100_T1,1736899002.32,58,Bright,Near,4,4,1280,720,27.660622576377527,1,2,alice,3,1,0.7628983239479744,748.0638780473495,292.6854658752319,830.6319873755232,424.72330013061253,10902.114334253547,alice,0.9077186851418251,diana,0.7882181162680357,0.11950056887378935,alice,alice,alice,2,1,1,0,0,9.732736441576936,4.675519391610092,5.864628644141987,20.272884477329015
Bright_Near_20260114_210100_T1,1736899002.32,58,Bright,Near,4,4,1280,720,27.660622576377527,1,3,bob,4,1,0.746801690471059,1063.5343337846575,274.76764260273603,1155.9831350138302,473.9777479304712,18416.73543028634,bob,0.8294581828154082,chen,0.6686364130984883,0.16082176971691986,bob,bob,bob,1,1,1,0,0,9.732736441576936,4.675519391610092,5.864628644141987,20.272884477329015
Bright_Near_20260114_210100_T1,1736899002.36,59,Bright,Near,4,4,1280,720,24.521430311652875,2,0,diana,1,1,0.799532839409647,104.44164875537561,226.4990457854689,212.8544166435901,412.94041538842714,20212.62492752632,diana,0.797777072796525,chen,0.7193529519084689,0.07842412088805606,diana,diana,diana,2,1,1,0,0,9.728265078296062,6.021176027798488,7.712859513731518,23.462300619826067
Bright_Near_20260114_210100_T1,1736899002.36,59,Bright,Near,4,4,1280,720,24.521430311652875,2,1,chen,2,1,0.8150563413624362,420.0973004907665,292.78845204033746,520.7079163644465,424.021704759041,13203.458379135056,chen,0.8881556150561727,diana,0.7202072977423176,0.16794831731385507,chen,chen,chen,1,1,1,0,0,9.728265078296062,6.021176027798488,7.712859513731518,23.462300619826067
Bright_Near_20260114_210100_T1,1736899002.36,59,Bright,Near,4,4,1280,720,24.521430311652875,2,2,alice,3,1,0.9074264678422367,744.1882215350904,224.7054251706389,828.3806568636269,430.6980412955519,17343.02001125278,alice,0.8981188418821122,chen,0.8262993632220527,0.07181947866005955,alice,alice,alice,1,1,1,0,0,9.728265078296062,6.021176027798488,7.712859513731518,23.462300619826067
Bright_Near_20260114_210100_T1,1736899002.36,59,Bright,Near,4,4,1280,720,24.521430311652875,2,3,bob,4,1,0.8082131622349848,1062.5484041989525,287.432961314028,1169.2700721600804,458.3208364452984,18237.439068342126,bob,0.8451196158209833,alice,0.690679119109984,0.15444049671099924,bob,bob,bob,1,1,1,0,0,9.728265078296062,6.021176027798488,7.712859513731518,23.462300619826067
Bright_Near_20260114_210100_T1,1736899002.4,60,Bright,Near,4,4,1280,720,24.52168395040238,3,0,diana,1,1,0.6735152486624918,108.09000400346108,302.7716840108325,231.97451320889363,434.255630779978,16288.82421388881,diana,0.8575828674112428,chen,0.7670547813012469,0.09052808610999585,diana,diana,diana,2,1,1,0,0,14.47219859739802,8.489404669047804,7.780172555959048,30.741775822404872
Bright_Near_20260114_210100_T1,1736899002.4,60,Bright,Near,4,4,1280,720,24.52168395040238,3,1,chen,2,1,0.6832461950612655,417.20355215997154,218.1700545849884,508.76938786071094,410.8605936744159,17643.87024334942,chen,0.7701599953906945,alice,0.7067041765981852,0.06345581879250928,chen,chen,chen,3,1,1,0,0,14.47219859739802,8.489404669047804,7.780172555959048,30.741775822404872
Bright_Near_20260114_210100_T1,1736899002.4,60,Bright,Near,4,4,1280,720,24.52168395040238,3,2,alice,3,1,0.8389324465863478,750.8530556891956,170.54663432933543,860.1557824963297,317.0383412297722,16011.943018849208,alice,0.8256937421838956,chen,0.7151777505199739,0.11051599166392168,alice,alice,alice,2,1,1,0,0,14.47219859739802,8.489404669047804,7.780172555959048,30.741775822404872
Bright_Near_20260114_210100_T1,1736899002.4,60,Bright,Near,4,4,1280,720,24.52168395040238,3,3,bob,4,1,0.7989855498532823,1058.9623847939574,299.40934515502227,1171.549999994661,506.62320006599975,23329.713760971554,bob,0.74094785247535,diana,0.6644556667524789,0.07649218572287109,bob,bob,bob,1,1,1,0,0,14.47219859739802,8.489404669047804,7.780172555959048,30.741775822404872
Bright_Near_20260114_210100_T1,1736899002.44,61,Bright,Near,4,4,1280,720,23.93707820369373,0,0,diana,1,1,0.7555401284412445,131.08588757005776,295.80852358919424,220.80840344161197,464.67709093682004,15151.312714053976,diana,0.9438573819590493,alice,0.8835634181453996,0.06029396381364971,diana,diana,diana,2,1,1,0,0,15.471532514812498,15.565102163221257,9.329308489041262,40.36594316707502
Bright_Near_20260114_210100_T1,1736899002.44,61,Bright,Near,4,4,1280,720,23.93707820369373,0,1,chen,2,1,0.6405471116285552,430.57099731396124,179.68755949680724,518.2264495926551,340.9398840204176,14134.645437107776,chen,0.7748468015115528,diana,0.6336642457380748,0.14118255577347805,chen,chen,chen,2,1,1,0,0,15.471532514812498,15.565102163221257,9.329308489041262,40.36594316707502
Bright_Near_20260114_210100_T1,1736899002.44,61,Bright,Near,4,4,1280,720,23.93707820369373,0,2,alice,3,1,0.7576144435360963,758.4332389316472,174.59695779390523,849.8992047666192,332.64101995114305,14455.652789694095,alice,0.8664956336683111,bob,0.7381798759729755,0.12831575769533554,alice,alice,alice,2,1,1,0,0,15.471532514812498,15.565102163221257,9.329308489041262,40.36594316707502
Bright_Near_20260114_210100_T1,1736899002.44,61,Bright,Near,4,4,1280,720,23.93707820369373,0,3,bob,4,1,0.6470055298940699,1037.84018987991,214.64225439035508,1161.9284329855893,430.03363183150543,26727.5376067846,bob,0.719300365551195,diana,0.6658201076927301,0.053480257858464886,unknown,unknown,unknown,0,0,0,0,0,15.471532514812498,15.565102163221257,9.329308489041262,40.36594316707502
Bright_Near_20260114_210100_T1,1736899002.48,62,Bright,Near,4,4,1280,720,26.719350371313702,0,0,diana,1,1,0.7919091477910422,88.85403911241144,299.748891088195,183.3023861644724,482.9646863390276,17304.42901526998,diana,0.8407870090384629,bob,0.7374761629676438,0.10331084607081908,diana,diana,diana,1,1,1,0,0,12.535657746481316,7.527760371372438,11.735193912568327,31.79861203042208
Bright_Near_20260114_210100_T1,1736899002.48,62,Bright,Near,4,4,1280,720,26.719350371313702,0,1,chen,2,1,0.7214863330203449,440.0137486199698,179.86135247466018,551.1364310314624,324.5139815595638,16074.188161789176,chen,0.8663076295872143,bob,0.7987790369427953,0.06752859264441902,chen,chen,chen,2,1,1,0,0,12.535657746481316,7.527760371372438,11.735193912568327,31.79861203042208
Bright_Near_20260114_210100_T1,1736899002.48,62,Bright,Near,4,4,1280,720,26.719350371313702,0,2,alice,3,1,0.9549134497473892,734.893664350794,274.0495254646536,862.5018583320651,465.60266650069457,24443.750379048906,alice,0.7918441313171599,chen,0.6525811537132273,0.13926297760393258,alice,alice,alice,1,1,1,0,0,12.535657746481316,7.527760371372438,11.735193912568327,31.79861203042208
Bright_Near_20260114_210100_T1,1736899002.48,62,Bright,Near,4,4,1280,720,26.719350371313702,0,3,bob,4,1,0.7883797727224587,1069.353989764515,208.7881542345661,1158.5547302918767,364.74648034215005,13911.598180204246,bob,0.7036877937249728,diana,0.5369052707559125,0.16678252296906027,bob,bob,bob,2,1,1,0,0,12.535657746481316,7.527760371372438,11.735193912568327,31.79861203042208
Bright_Near_20260114_210100_T1,1736899002.52,63,Bright,Near,4,4,1280,720,26.00557378279667,2,0,diana,1,1,0.8308228445071238,91.5504009057738,314.0986739171389,200.3106524809166,492.05593220940915,19354.676181489976,diana,0.8767531496286236,chen,0.7944701637169255,0.08228298591169814,diana,diana,diana,3,1,1,0,0,21.921925386660586,16.246816669797123,6.8252731649051555,44.994015221362865
Bright_Near_20260114_210100_T1,1736899002.52,63,Bright,Near,4,4,1280,720,26.00557378279667,2,1,chen,2,1,0.8389565837050291,442.44094869551185,231.85690679828267,542.6916555305585,402.15939767777843,17072.945086438533,chen,0.8934203585560643,diana,0.7914546209994225,0.10196573755664173,chen,chen,chen,2,1,1,0,0,21.921925386660586,16.246816669797123,6.8252731649051555,44.994015221362865
Bright_Near_20260114_210100_T1,1736899002.52,63,Bright,Near,4,4,1280,720,26.00557378279667,2,2,alice,3,1,0.878983904326254,786.8901964819412,274.31109617585133,870.278899799367,421.8145364149929,12300.12061640142,alice,0.8199852418658036,chen,0.7123833678807352,0.10760187398506837,alice,alice,alice,3,1,1,0,0,21.921925386660586,16.246816669797123,6.8252731649051555,44.994015221362865
Bright_Near_20260114_210100_T1,1736899002.52,63,Bright,Near,4,4,1280,720,26.00557378279667,2,3,bob,4,1,0.8365636114782463,1064.3219898052919,290.86499763484994,1158.5464287532834,504.36457214058555,20116.877623437853,bob,0.8944848124463122,diana,0.7563695643186525,0.13811524812765963,bob,bob,bob,1,1,1,0,0,21.921925386660586,16.246816669797123,6.8252731649051555,44.994015221362865
Bright_Near_20260114_210100_T1,1736899002.56,64,Bright,Near,4,4,1280,720,27.767683753145036,4,0,diana,1,1,0.8329637501976487,118.82024000338498,294.9135424383488,227.73474261091258,466.21845890386066,18657.589771065286,chen,0.8384981949648695,diana,0.7401136588285827,0.09838453613628684,chen,chen,chen,1,0,0,1,0,14.018312941521682,9.22294597906144,3.875729148386263,27.116988068969384
Bright_Near_20260114_210100_T1,1736899002.56,64,Bright,Near,4,4,1280,720,27.767683753145036,4,1,chen,2,1,0.7226214486713856,392.3650331970896,185.56491645190505,498.78390134185963,397.982110271732,22605.197340794224,chen,0.8648787480430999,bob,0.7146750916895546,0.15020365635354538,chen,chen,chen,2,1,1,0,0,14.018312941521682,9.22294597906144,3.875729148386263,27.116988068969384
Bright_Near_20260114_210100_T1,1736899002.56,64,Bright,Near,4,4,1280,720,27.767683753145036,4,2,alice,-1,0,-1.0,-1.0,-1.0,-1.0,-1.0,0.0,unknown,-1.0,unknown,-1.0,-1.0,unknown,unknown,unknown,0,0,0,0,1,14.018312941521682,9.22294597906144,3.875729148386263,27.116988068969384
Bright_Near_20260114_210100_T1,1736899002.56,64,Bright,Near,4,4,1280,720,27.767683753145036,4,3,bob,4,1,0.7658364628544791,1060.6037423364944,243.28187751845292,1140.903228062132,401.89137807439477,12736.261325842364,bob,0.7212840724616082,chen,0.6870732465652469,0.03421082589636126,unknown,unknown,unknown,0,0,0,0,0,14.018312941521682,9.22294597906144,3.875729148386263,27.116988068969384
Bright_Near_20260114_210100_T1,1736899002.6,65,Bright,Near,4,4,1280,720,25.35339763270521,0,0,diana,1,1,0.8833270471092816,120.0263311442466,266.6286220891717,204.66418697180163,471.1065695466285,17306.5750368186,diana,0.8858177032554716,alice,0.7443493212361054,0.14146838201936618,diana,diana,diana,2,1,1,0,0,9.375410873087988,4.064815178678107,4.320680140338834,17.76090619210493
Bright_Near_20260114_210100_T1,1736899002.6,65,Bright,Near,4,4,1280,720,25.35339763270521,0,1,chen,2,1,0.6486984191311156,434.44203459489444,273.8595692135278,551.4266174050921,419.7615333034394,17068.280400246753,chen,0.8439336710029016,diana,0.767944501040083,0.07598916996281857,chen,chen,chen,2,1,1,0,0,9.375410873087988,4.064815178678107,4.320680140338834,17.76090619210493
Bright_Near_20260114_210100_T1,1736899002.6,65,Bright,Near,4,4,1280,720,25.35339763270521,0,2,alice,3,1,0.99,745.8336016516673,302.6931145585817,844.6550302486169,473.44662622829225,16874.105961146688,alice,0.9356093508875376,chen,0.7732171763328113,0.16239217455472632,alice,alice,alice,2,1,1,0,0,9.375410873087988,4.064815178678107,4.320680140338834,17.76090619210493
Bright_Near_20260114_210100_T1,1736899002.6,65,Bright,Near,4,4,1280,720,25.35339763270521,0,3,bob,4,1,0.8096577516241342,1045.1656323349011,171.4904473586486,1166.6908029694632,378.89895947383,25205.354825858056,bob,0.9097888068054306,alice,0.7844689107273806,0.12531989607805005,bob,bob,bob,3,1,1,0,0,9.375410873087988,4.064815178678107,4.320680140338834,17.76090619210493
Bright_Near_20260114_210100_T1,1736899002.64,66,Bright,Near,4,4,1280,720,20.98856648741096,1,0,diana,1,1,0.8379561967767329,114.72800060882582,301.9942931967722,210.26033093662812,472.7396456708831,16311.701414493795,diana,0.8461048389032336,chen,0.7757459549608444,0.0703588839423892,diana,diana,diana,3,1,1,0,0,11.727360849397416,9.625175858577727,3.921713100778616,25.27424980875376
Bright_Near_20260114_210100_T1,1736899002.64,66,Bright,Near,4,4,1280,720,20.98856648741096,1,1,chen,2,1,0.8245590346312603,423.69088963215813,207.1243579137916,526.7160973744473,404.1040626685673,20293.87500337554,chen,0.9147601577867437,diana,0.8108974934240305,0.10386266436271319,chen,chen,chen,2,1,1,0,0,11.727360849397416,9.625175858577727,3.921713100778616,25.27424980875376
Bright_Near_20260114_210100_T1,1736899002.64,66,Bright,Near,4,4,1280,720,20.98856648741096,1,2,alice,3,1,0.7952086230829372,749.2680672356182,258.34393405537264,842.006431994977,419.77630650776746,14970.974240458852,alice,0.8112715710142683,bob,0.7165040222611493,0.09476754875311899,alice,alice,alice,1,1,1,0,0,11.727360849397416,9.625175858577727,3.921713100778616,25.27424980875376
Bright_Near_20260114_210100_T1,1736899002.64,66,Bright,Near,4,4,1280,720,20.98856648741096,1,3,bob,4,1,0.7414384379993155,1098.0560826514645,269.9353402506448,1202.8105086875673,405.6408954301148,14215.757542736063,bob,0.9408321485898413,diana,0.8596137754838274,0.08121837310601387,bob,bob,bob,2,1,1,0,0,11.727360849397416,9.625175858577727,3.921713100778616,25.27424980875376
Bright_Near_20260114_210100_T1,1736899002.68,67,Bright,Near,4,4,1280,720,21.67613195653498,0,0,diana,-1,0,-1.0,-1.0,-1.0,-1.0,-1.0,0.0,unknown,-1.0,unknown,-1.0,-1.0,unknown,unknown,unknown,0,0,0,0,1,17.679276438306015,11.872258429180647,2.938113410812587,32.48964827829925
Bright_Near_20260114_210100_T1,1736899002.68,67,Bright,Near,4,4,1280,720,21.67613195653498,0,1,chen,2,1,0.8868170721054581,421.0474307790365,306.1170503808564,530.8171820982908,444.5048083333319,15190.789776072384,chen,0.8578075828243718,diana,0.7890639472821094,0.06874363554226237,chen,chen,chen,2,1,1,0,0,17.679276438306015,11.872258429180647,2.938113410812587,32.48964827829925
Bright_Near_20260114_210100_T1,1736899002.68,67,Bright,Near,4,4,1280,720,21.67613195653498,0,2,alice,3,1,0.8686818327434083,765.3339893740955,338.8392970470704,877.1622100149951,529.2238900377798,21290.370271592932,alice,0.6646423062402133,diana,0.6445654719792252,0.020076834260988052,unknown,unknown,unknown,0,0,0,0,0,17.679276438306015,11.872258429180647,2.938113410812587,32.48964827829925
Bright_Near_20260114_210100_T1,1736899002.68,67,Bright,Near,4,4,1280,720,21.67613195653498,0,3,bob,4,1,0.6157212740907567,1073.5888299615667,119.32393602303418,1157.0871306810081,317.1758304420406,16520.296978109374,bob,0.8410934620254231,chen,0.7184575204634687,0.12263594156195445,bob,bob,bob,3,1,1,0,0,17.679276438306015,11.872258429180647,2.938113410812587,32.48964827829925
Bright_Near_20260114_210100_T1,1736899002.72,68,Bright,Near,4,4,1280,720,25.090223248800264,0,0,diana,1,1,0.7821032836923548,119.76370661596826,257.0664316616507,228.6419559417746,401.0717038365462,15679.041928088873,diana,0.879952338603469,bob,0.7441022807275639,0.1358500578759051,diana,diana,diana,2,1,1,0,0,14.6692247978119,14.018621515088785,11.453461492918738,40.14130780581942
Bright_Near_20260114_210100_T1,1736899002.72,68,Bright,Near,4,4,1280,720,25.090223248800264,0,1,chen,2,1,0.905543166427446,439.2187530139603,251.51492035244974,550.0658586743383,426.6938417474097,19418.07640933818,chen,0.8941406456863317,alice,0.7794950736093087,0.11464557207702297,chen,chen,chen,2,1,1,0,0,14.6692247978119,14.018621515088785,11.453461492918738,40.14130780581942
Bright_Near_20260114_210100_T1,1736899002.72,68,Bright,Near,4,4,1280,720,25.090223248800264,0,2,alice,3,1,0.8232499848148488,757.68928899824,223.1765076751986,867.151905291845,401.7941662600883,19551.956224939906,alice,0.8381331436833372,bob,0.6680238200204589,0.17010932366287834,alice,alice,alice,3,1,1,0,0,14.6692247978119,14.018621515088785,11.453461492918738,40.14130780581942
Bright_Near_20260114_210100_T1,1736899002.72,68,Bright,Near,4,4,1280,720,25.090223248800264,0,3,bob,4,1,0.7984403675465239,1090.2839959172122,277.8633478874266,1177.306188109034,434.4884323543995,13629.858202545252,bob,0.8834345138063676,diana,0.8204317202540411,0.06300279355232652,bob,bob,bob,2,1,1,0,0,14.6692247978119,14.018621515088785,11.453461492918738,40.14130780581942
Bright_Near_20260114_210100_T1,1736899002.76,69,Bright,Near,4,4,1280,720,24.356544114471426,0,0,diana,-1,0,-1.0,-1.0,-1.0,-1.0,-1.0,0.0,unknown,-1.0,unknown,-1.0,-1.0,unknown,unknown,unknown,0,0,0,0,1,13.392755545683803,7.254010657704775,5.828913144993999,26.475679348382577
Bright_Near_20260114_210100_T1,1736899002.76,69,Bright,Near,4,4,1280,720,24.356544114471426,0,1,chen,2,1,0.6541875416835187,409.14420427647883,256.92621353387165,535.8198161323612,395.3823890401528,17539.020747483602,chen,0.8011717828789353,bob,0.6525702708404477,0.1486015120384876,chen,chen,chen,2,1,1,0,0,13.392755545683803,7.254010657704775,5.828913144993999,26.475679348382577
Bright_Near_20260114_210100_T1,1736899002.76,69,Bright,Near,4,4,1280,720,24.356544114471426,0,2,alice,3,1,0.7012262488721944,748.2138005777526,160.54114405383564,867.913734072511,347.9566647857514,22433.62536749583,alice,0.8975817775496643,bob,0.7259960063274242,0.17158577122224006,alice,alice,alice,1,1,1,0,0,13.392755545683803,7.254010657704775,5.828913144993999,26.475679348382577
Bright_Near_20260114_210100_T1,1736899002.76,69,Bright,Near,4,4,1280,720,24.356544114471426,0,3,bob,4,1,0.6868679380844457,1063.9829073111882,347.58890904092806,1175.8236253259502,489.0881202594772,15825.373381204992,bob,0.8254616244612432,diana,0.6647092981401803,0.16075232632106284,bob,bob,bob,2,1,1,0,0,13.392755545683803,7.254010657704775,5.828913144993999,26.475679348382577
Bright_Near_20260114_210100_T1,1736899002.8,70,Bright,Near,4,4,1280,720,24.174590130922148,1,0,diana,1,1,0.7137377507116627,142.51640847144432,320.9190627773085,229.29873478645789,462.0469397976231,12247.405475722046,diana,0.839792143081138,chen,0.7618948255291242,0.07789731755201379,diana,diana,diana,1,1,1,0,0,8.989998165855642,7.500693882256908,5.042997204825987,21.533689252938537
Bright_Near_20260114_210100_T1,1736899002.8,70,Bright,Near,4,4,1280,720,24.174590130922148,1,1,chen,2,1,0.8912283093904737,453.5527803304116,204.3921435456174,543.3982784589873,419.9623144214837,19368.00938400439,chen,0.862964305456383,alice,0.7190693187732171,0.14389498668316592,chen,chen,chen,2,1,1,0,0,8.989998165855642,7.500693882256908,5.042997204825987,21.533689252938537
Bright_Near_20260114_210100_T1,1736899002.8,70,Bright,Near,4,4,1280,720,24.174590130922148,1,2,alice,3,1,0.7557065776167115,732.970395601131,171.8575014465003,839.5561701349973,378.81544155491434,22058.772342388813,alice,0.7689193789254097,chen,0.660874276378207,0.10804510254720279,alice,alice,alice,3,1,1,0,0,8.989998165855642,7.500693882256908,5.042997204825987,21.533689252938537
Bright_Near_20260114_210100_T1,1736899002.8,70,Bright,Near,4,4,1280,720,24.174590130922148,1,3,bob,4,1,0.7046166038223615,1046.4669147875884,230.55651970956177,1169.3245151873102,370.9969623986744,17254.175787859032,diana,0.7315039798509484,chen,0.6544465995827143,0.07705738026823405,unknown,unknown,unknown,0,0,0,0,0,8.989998165855642,7.500693882256908,5.042997204825987,21.533689252938537
Bright_Near_20260114_210100_T1,1736899002.84,71,Bright,Near,4,4,1280,720,25.0351064822749,1,0,diana,1,1,0.7779483330901134,117.64763094193948,297.9610978628243,219.6434114139323,452.8417863263969,15797.176699881664,diana,0.8492036756678133,alice,0.7598459172994292,0.08935775836838411,diana,diana,diana,2,1,1,0,0,14.594295920400903,13.097190088769308,7.598364529697728,35.28985053886794
Bright_Near_20260114_210100_T1,1736899002.84,71,Bright,Near,4,4,1280,720,25.0351064822749,1,1,chen,2,1,0.90911083687722,443.98376920332385,200.7703737537908,553.3917547949749,368.34051734762744,18333.511855905374,chen,0.9418423501016857,diana,0.8496986611395103,0.0921436889621754,chen,chen,chen,3,1,1,0,0,14.594295920400903,13.097190088769308,7.598364529697728,35.28985053886794
Bright_Near_20260114_210100_T1,1736899002.84,71,Bright,Near,4,4,1280,720,25.0351064822749,1,2,alice,3,1,0.711202145537235,728.770695845689,340.80583265596874,844.9966501099946,496.2978550007481,18072.208677508697,alice,0.8462964720216348,chen,0.7856642284499761,0.06063224357165875,alice,alice,alice,3,1,1,0,0,14.594295920400903,13.097190088769308,7.598364529697728,35.28985053886794
Bright_Near_20260114_210100_T1,1736899002.84,71,Bright,Near,4,4,1280,720,25.0351064822749,1,3,bob,4,1,0.8451856888935394,1092.191126112697,250.1759919768465,1177.42467520434,397.0478279712996,12518.40784341296,bob,0.9083142684380318,diana,0.8372707733978826,0.07104349504014917,bob,bob,bob,2,1,1,0,0,14.594295920400903,13.097190088769308,7.598364529697728,35.28985053886794
Bright_Near_20260114_210100_T1,1736899002.88,72,Bright,Near,4,4,1280,720,26.454201872663617,2,0,diana,1,1,0.7726673435402895,102.18072690476998,281.68167140256514,208.4452309080266,429.7364783441243,15732.970624942696,diana,0.9102831496727702,bob,0.7346366698430622,0.17564647982970805,diana,diana,diana,2,1,1,0,0,13.924771447834276,7.719416936412423,6.115300361736211,27.75948874598291
Bright_Near_20260114_210100_T1,1736899002.88,72,Bright,Near,4,4,1280,720,26.454201872663617,2,1,chen,2,1,0.7382065360522906,427.01239345760854,311.63716895840355,540.2567660627515,472.89290914001856,18261.305125844927,chen,0.8019697270075936,alice,0.681795467261005,0.12017425974658857,chen,chen,chen,1,1,1,0,0,13.924771447834276,7.719416936412423,6.115300361736211,27.75948874598291
Bright_Near_20260114_210100_T1,1736899002.88,72,Bright,Near,4,4,1280,720,26.454201872663617,2,2,alice,3,1,0.7336604572905203,738.2819206330867,262.0784746687031,848.7022442134341,435.38806503743086,19136.901048092393,alice,0.8837959643306941,bob,0.7219212727680301,0.16187469156266399,alice,alice,alice,2,1,1,0,0,13.924771447834276,7.719416936412423,6.115300361736211,27.75948874598291
Bright_Near_20260114_210100_T1,1736899002.88,72,Bright,Near,4,4,1280,720,26.454201872663617,2,3,bob,4,1,0.7669108902193849,1062.7564362324445,210.79622112959694,1174.0081097433447,348.63733000950424,15335.054041487896,bob,0.906218716581102,chen,0.7323148436531257,0.17390387292797627,bob,bob,bob,2,1,1,0,0,13.924771447834276,7.719416936412423,6.115300361736211,27.75948874598291
Bright_Near_20260114_210100_T1,1736899002.92,73,Bright,Near,4,4,1280,720,24.1941016634178,2,0,diana,1,1,0.8079854252656703,99.08368676083596,255.08334795416397,208.84770400834185,417.5570349058113,17833.76457682649,diana,0.8448685943177594,chen,0.7622056072639402,0.08266298705381925,diana,diana,diana,2,1,1,0,0,11.276078078497852,7.658221605628156,12.762797219300403,31.69709690342641
Bright_Near_20260114_210100_T1,1736899002.92,73,Bright,Near,4,4,1280,720,24.1941016634178,2,1,chen,2,1,0.863458487220834,405.9848419359416,233.20085719666395,527.445366301424,419.0659456928802,22575.271109987214,chen,0.9057745525684017,diana,0.7277284691100431,0.1780460834583586,chen,chen,chen,2,1,1,0,0,11.276078078497852,7.658221605628156,12.762797219300403,31.69709690342641
Bright_Near_20260114_210100_T1,1736899002.92,73,Bright,Near,4,4,1280,720,24.1941016634178,2,2,alice,3,1,0.6531254187056982,768.7513294354098,192.01161617531488,885.051904136225,380.9385273167501,21972.308342198743,alice,0.8273563519457346,chen,0.6675973128878228,0.1597590390579119,alice,alice,alice,1,1,1,0,0,11.276078078497852,7.658221605628156,12.762797219300403,31.69709690342641
Bright_Near_20260114_210100_T1,1736899002.92,73,Bright,Near,4,4,1280,720,24.1941016634178,2,3,bob,4,1,0.6335240573274632,1043.9546715960537,146.55532046650535,1168.6762670205126,358.15353427965886,26390.86681574228,bob,0.7748928983064118,alice,0.6004893479182375,0.17440355038817434,bob,bob,bob,2,1,1,0,0,11.276078078497852,7.658221605628156,12.762797219300403,31.69709690342641
Bright_Near_20260114_210100_T1,1736899002.96,74,Bright,Near,4,4,1280,720,26.725760047862995,2,0,diana,1,1,0.8137662449232967,102.96007295885238,257.7186111090623,218.0776694812016,429.55626615513154,19781.53784094003,diana,0.7976604943978617,bob,0.7267172919780981,0.0709432024197636,diana,diana,diana,2,1,1,0,0,10.692111443489674,8.236865933329385,6.815843401826129,25.744820778645188
Bright_Near_20260114_210100_T1,1736899002.96,74,Bright,Near,4,4,1280,720,26.725760047862995,2,1,chen,2,1,0.7405383134332687,438.6800190718577,145.69119670748483,550.8649936759748,336.7026720399934,21428.617509272408,chen,0.8798270395623476,diana,0.7583686776155392,0.12145836194680848,chen,chen,chen,2,1,1,0,0,10.692111443489674,8.236865933329385,6.815843401826129,25.744820778645188
Bright_Near_20260114_210100_T1,1736899002.96,74,Bright,Near,4,4,1280,720,26.725760047862995,2,2,alice,3,1,0.8981407680813623,766.9568636880499,242.66445301705983,859.0470157587674,446.48507854141667,18769.872399686792,alice,0.8283683080420898,bob,0.6677442683337892,0.16062403970830064,alice,alice,alice,2,1,1,0,0,10.692111443489674,8.236865933329385,6.815843401826129,25.744820778645188
Bright_Near_20260114_210100_T1,1736899002.96,74,Bright,Near,4,4,1280,720,26.725760047862995,2,3,bob,4,1,0.8357646423320241,1075.994275692572,241.4134215669421,1192.4198793686583,376.0531198280976,15675.508148821122,bob,0.8828713071549372,diana,0.7217875175734099,0.16108378958152736,bob,bob,bob,2,1,1,0,0,10.692111443489674,8.236865933329385,6.815843401826129,25.744820778645188
Bright_Near_20260114_210100_T1,1736899003.0,75,Bright,Near,4,4,1280,720,21.31958950001359,1,0,diana,1,1,0.8357013816415769,143.5013020317361,322.6669904876579,231.163522743743,488.1075754559773,14502.889074216346,diana,0.8850399065224248,alice,0.8016592130936429,0.08338069342878196,diana,diana,diana,2,1,1,0,0,15.681157812541322,9.800872039635037,3.588024791099956,29.070054643276315
Bright_Near_20260114_210100_T1,1736899003.0,75,Bright,Near,4,4,1280,720,21.31958950001359,1,1,chen,2,1,0.7563292166967733,450.5826680667862,319.9266398048064,548.4916372637014,470.6611866587109,14758.2641048299,chen,0.8304343309559422,alice,0.7063571192294829,0.12407721172645936,chen,chen,chen,2,1,1,0,0,15.681157812541322,9.800872039635037,3.588024791099956,29.070054643276315
Bright_Near_20260114_210100_T1,1736899003.0,75,Bright,Near,4,4,1280,720,21.31958950001359,1,2,alice,3,1,0.8469250646532016,734.2046850560577,212.20266365602006,861.8376111896285,376.5110091325507,20971.154921335285,alice,0.9004090659868755,diana,0.7973816278633991,0.10302743812347648,alice,alice,alice,1,1,1,0,0,15.681157812541322,9.800872039635037,3.588024791099956,29.070054643276315
Bright_Near_20260114_210100_T1,1736899003.0,75,Bright,Near,4,4,1280,720,21.31958950001359,1,3,bob,4,1,0.6325813395986506,1089.6201501904934,243.1279715391879,1176.4697929973577,384.0529566737089,12239.284621495803,bob,0.8239089700968769,alice,0.7482038999356846,0.07570507016119232,bob,bob,bob,1,1,1,0,0,15.681157812541322,9.800872039635037,3.588024791099956,29.070054643276315
Bright_Near_20260114_210100_T1,1736899003.04,76,Bright,Near,4,4,1280,720,24.61400596913501,1,0,diana,1,1,0.8158933139626037,154.07763809455284,174.78561896198585,255.64564431524676,388.9269017631665,21749.90314365769,diana,0.8527665844570266,chen,0.7048463367384304,0.14792024771859613,diana,diana,diana,2,1,1,0,0,16.744867416708658,12.341091939767617,2.7162759530193217,31.802235309495597
Bright_Near_20260114_210100_T1,1736899003.04,76,Bright,Near,4,4,1280,720,24.61400596913501,1,1,chen,2,1,0.9107173434169346,426.8269193132449,187.13638803245328,522.5483460679358,398.2341162080776,20206.575725644663,chen,0.8375668049801315,alice,0.6589889838971128,0.17857782108301867,chen,chen,chen,1,1,1,0,0,16.744867416708658,12.341091939767617,2.7162759530193217,31.802235309495597
Bright_Near_20260114_210100_T1,1736899003.04,76,Bright,Near,4,4,1280,720,24.61400596913501,1,2,alice,3,1,0.8436293719018618,730.2497625686846,194.2278892900182,835.2431612770748,402.00770554166706,21815.509091265434,alice,0.899803382969588,bob,0.8061813095781665,0.09362207339142148,alice,alice,alice,3,1,1,0,0,16.744867416708658,12.341091939767617,2.7162759530193217,31.802235309495597
Bright_Near_20260114_210100_T1,1736899003.04,76,Bright,Near,4,4,1280,720,24.61400596913501,1,3,bob,4,1,0.7222816438535177,1086.6578009020677,274.2358696360132,1200.9405181476736,453.67515300194174,20506.808883662565,bob,0.8843257687253249,diana,0.7566761070803123,0.12764966164501257,bob,bob,bob,2,1,1,0,0,16.744867416708658,12.341091939767617,2.7162759530193217,31.802235309495597
Bright_Near_20260114_210100_T1,1736899003.08,77,Bright,Near,4,4,1280,720,27.718067417952874,1,0,diana,1,1,0.8035688261637118,93.95709922315851,179.86109936368726,190.28364177505617,359.5610965165373,17309.879422319897,diana,0.7784225210442289,chen,0.6263558143948722,0.15206670664935673,diana,diana,diana,1,1,1,0,0,8.939258788617426,5.946662306542438,10.277782032867439,25.163703128027304
Bright_Near_20260114_210100_T1,1736899003.08,77,Bright,Near,4,4,1280,720,27.718067417952874,1,1,chen,2,1,0.6786180670176706,423.1558800999848,248.25912259380686,549.0793172699262,450.53408197765305,25471.15813902419,chen,0.8268859716974545,diana,0.6731916292452411,0.15369434245221336,chen,chen,chen,2,1,1,0,0,8.939258788617426,5.946662306542438,10.277782032867439,25.163703128027304
Bright_Near_20260114_210100_T1,1736899003.08,77,Bright,Near,4,4,1280,720,27.718067417952874,1,2,alice,3,1,0.8551327811559872,765.8147604524476,193.63919698001408,869.3118079822526,408.28592783568104,22215.302905486238,alice,0.8909398894861396,diana,0.7227726792772241,0.16816721020891545,alice,alice,alice,2,1,1,0,0,8.939258788617426,5.946662306542438,10.277782032867439,25.163703128027304
Bright_Near_20260114_210100_T1,1736899003.08,77,Bright,Near,4,4,1280,720,27.718067417952874,1,3,bob,4,1,0.8088938138597631,1071.2721600056848,254.808304121068,1175.82391858982,470.38145603219834,22538.552135833626,bob,0.9141491859056723,diana,0.7355510928354454,0.1785980930702269,bob,bob,bob,2,1,1,0,0,8.939258788617426,5.946662306542438,10.277782032867439,25.163703128027304
Bright_Near_20260114_210100_T1,1736899003.12,78,Bright,Near,4,4,1280,720,27.801857990334923,4,0,diana,1,1,0.8433824156330673,103.82018821483354,153.35915700642857,226.4616344776494,357.2320510484813,25003.26657910316,chen,0.6234707829497604,diana,0.5942086356788542,0.029262147270906258,unknown,unknown,unknown,0,0,0,0,0,12.497868204774107,11.95183041054223,11.200560492254644,35.65025910757098
Bright_Near_20260114_210100_T1,1736899003.12,78,Bright,Near,4,4,1280,720,27.801857990334923,4,1,chen,2,1,0.9148976871423171,426.8729937100637,200.4663565192244,531.028001044322,414.9186327784811,22336.278406631256,chen,0.9551635395769136,bob,0.8392794381695331,0.11588410140738048,chen,chen,chen,1,1,1,0,0,12.497868204774107,11.95183041054223,11.200560492254644,35.65025910757098
Bright_Near_20260114_210100_T1,1736899003.12,78,Bright,Near,4,4,1280,720,27.801857990334923,4,2,alice,3,1,0.9108250617678681,758.1382615577932,162.76991424361,872.1308120426381,374.4904608097199,24134.56509311625,alice,0.958114996003688,bob,0.8025174163414606,0.15559757966222743,alice,alice,alice,2,1,1,0,0,12.497868204774107,11.95183041054223,11.200560492254644,35.65025910757098
Bright_Near_20260114_210100_T1,1736899003.12,78,Bright,Near,4,4,1280,720,27.801857990334923,4,3,bob,4,1,0.76464818893222,1089.0789941067153,269.0023334539812,1175.9928725829952,480.0999790025566,18347.3151118377,bob,0.8100411531342842,chen,0.679794542031428,0.13024661110285618,bob,bob,bob,1,1,1,0,0,12.497868204774107,11.95183041054223,11.200560492254644,35.65025910757098
Bright_Near_20260114_210100_T1,1736899003.16,79,Bright,Near,4,4,1280,720,25.22280307035894,0,0,diana,1,1,0.9176489417995317,103.30539325987966,243.0492260779004,194.18910937051118,378.3412721496824,12295.843907214316,diana,0.9170935204074128,alice,0.7950139525434985,0.12207956786391427,diana,diana,diana,2,1,1,0,0,11.464376273990364,10.87166633926641,9.421398532486636,31.75744114574341
Bright_Near_20260114_210100_T1,1736899003.16,79,Bright,Near,4,4,1280,720,25.22280307035894,0,1,chen,2,1,0.8335530522613657,411.479024631029,250.01796817304665,517.1158798347831,419.2491155648044,17877.046212988276,chen,0.8792085743198989,alice,0.8075473940724099,0.07166118024748891,chen,chen,chen,2,1,1,0,0,11.464376273990364,10.87166633926641,9.421398532486636,31.75744114574341
Bright_Near_20260114_210100_T1,1736899003.16,79,Bright,Near,4,4,1280,720,25.22280307035894,0,2,alice,3,1,0.8253011054693719,739.8389877753768,222.04821895838046,859.9593644296942,367.91873904288246,17522.021815311553,alice,0.8049251096021945,diana,0.7311176288858033,0.0738074807163912,alice,alice,alice,3,1,1,0,0,11.464376273990364,10.87166633926641,9.421398532486636,31.75744114574341
Bright_Near_20260114_210100_T1,1736899003.16,79,Bright,Near,4,4,1280,720,25.22280307035894,0,3,bob,4,1,0.9184703311484951,1059.6401178140459,283.33471955310023,1149.280763458239,443.819023435829,14385.916615806715,bob,0.8829806413202144,diana,0.7611487614906901,0.12183187982952426,bob,bob,bob,1,1,1,0,0,11.464376273990364,10.87166633926641,9.421398532486636,31.75744114574341
Bright_Near_20260114_210100_T1,1736899003.2,80,Bright,Near,4,4,1280,720,23.87730665292919,1,0,diana,1,1,0.8183254392305015,122.08019056212657,203.358569175333,234.7571262416419,334.5029310701687,14776.944829955484,diana,0.8335821300348063,chen,0.7428409589995718,0.09074117103523449,diana,diana,diana,2,1,1,0,0,10.397854362385651,7.339451347491178,11.741509211644232,29.47881492152106
Bright_Near_20260114_210100_T1,1736899003.2,80,Bright,Near,4,4,1280,720,23.87730665292919,1,1,chen,2,1,0.7291130285762237,430.55364254222326,245.88775979244883,521.6159789141252,417.358854922908,15614.55854282827,chen,0.8947372829070225,diana,0.8216814701785301,0.07305581272849238,chen,chen,chen,2,1,1,0,0,10.397854362385651,7.339451347491178,11.741509211644232,29.47881492152106
Bright_Near_20260114_210100_T1,1736899003.2,80,Bright,Near,4,4,1280,720,23.87730665292919,1,2,alice,3,1,0.8374851934382999,726.1346626288723,338.6096597078748,847.056674728814,477.7195426989857,16821.44695427258,alice,0.837838250502952,chen,0.7591640745490946,0.0786741759538574,unknown,unknown,unknown,0,0,0,0,0,10.397854362385651,7.339451347491178,11.741509211644232,29.47881492152106
Bright_Near_20260114_210100_T1,1736899003.2,80,Bright,Near,4,4,1280,720,23.87730665292919,1,3,bob,4,1,0.8185815087339097,1087.0214685905598,191.04281207678918,1192.3110474172695,388.03900391392887,20741.646068998136,bob,0.9218676133870786,chen,0.826740565688362,0.0951270476987166,bob,bob,bob,1,1,1,0,0,10.397854362385651,7.339451347491178,11.741509211644232,29.47881492152106
Bright_Near_20260114_210100_T1,1736899003.24,81,Bright,Near,4,4,1280,720,24.98790981052711,2,0,diana,1,1,0.8468587761510791,146.48114662834473,210.14742172880813,238.70738972866712,382.7655813666547,15919.924354290299,diana,0.7876243802908113,alice,0.717006757610702,0.0706176226801093,diana,diana,diana,1,1,1,0,0,10.61364658101737,8.49245429421442,6.248643541174536,25.354744416406326
Bright_Near_20260114_210100_T1,1736899003.24,81,Bright,Near,4,4,1280,720,24.98790981052711,2,1,chen,2,1,0.7345595109359125,439.61343032921764,252.61146153200204,540.6461316388333,458.326388444606,20783.934765690523,chen,0.8844737045851304,bob,0.7329347083762365,0.15153899620889388,chen,chen,chen,1,1,1,0,0,10.61364658101737,8.49245429421442,6.248643541174536,25.354744416406326
Bright_Near_20260114_210100_T1,1736899003.24,81,Bright,Near,4,4,1280,720,24.98790981052711,2,2,alice,3,1,0.7228491750724247,754.6004669136482,258.54146362644883,856.8947782126677,430.8625986214007,17627.47182657396,alice,0.8274724522506469,diana,0.7609167278825355,0.06655572436811141,alice,alice,alice,2,1,1,0,0,10.61364658101737,8.49245429421442,6.248643541174536,25.354744416406326
Bright_Near_20260114_210100_T1,1736899003.24,81,Bright,Near,4,4,1280,720,24.98790981052711,2,3,bob,4,1,0.985187171231585,1075.8032587991315,267.90687118455025,1167.5472493037996,475.9553310595587,19087.195927283596,bob,0.7959421187409127,chen,0.6644848972915247,0.13145722144938798,bob,bob,bob,1,1,1,0,0,10.61364658101737,8.49245429421442,6.248643541174536,25.354744416406326
Bright_Near_20260114_210100_T1,1736899003.28,82,Bright,Near,4,4,1280,720,23.811421867521595,1,0,diana,1,1,0.7011692232538432,124.80643945991116,267.587282443807,213.22430741039418,448.08523723972985,15959.24433247816,diana,0.7637734040010817,bob,0.6249297107509714,0.13884369325011037,diana,diana,diana,2,1,1,0,0,12.461906963628712,8.805276453771858,4.980390976023845,26.247574393424415
Bright_Near_20260114_210100_T1,1736899003.28,82,Bright,Near,4,4,1280,720,23.811421867521595,1,1,chen,2,1,0.8684106682938106,392.3594266484843,211.00713222058732,499.9103834077893,340.70212954077545,13948.82104868173,chen,0.8126934274545257,bob,0.7254263520783428,0.08726707537618283,chen,chen,chen,3,1,1,0,0,12.461906963628712,8.805276453771858,4.980390976023845,26.247574393424415
Bright_Near_20260114_210100_T1,1736899003.28,82,Bright,Near,4,4,1280,720,23.811421867521595,1,2,alice,3,1,0.8000879595599965,763.2103934176132,159.3814038292358,855.3640090506165,374.9967163682888,19869.730636313754,alice,0.8341974673550965,diana,0.7515905032515555,0.08260696410354096,alice,alice,alice,1,1,1,0,0,12.461906963628712,8.805276453771858,4.980390976023845,26.247574393424415
Bright_Near_20260114_210100_T1,1736899003.28,82,Bright,Near,4,4,1280,720,23.811421867521595,1,3,bob,4,1,0.6817969231579929,1073.7142319740212,398.16951026255686,1175.3979462975583,544.949505366648,14925.135090574578,bob,0.8931216662635721,diana,0.7899388770663505,0.10318278919722168,bob,bob,bob,2,1,1,0,0,12.461906963628712,8.805276453771858,4.980390976023845,26.247574393424415
Bright_Near_20260114_210100_T1,1736899003.32,83,Bright,Near,4,4,1280,720,26.59237304279136,0,0,diana,1,1,0.7916019364755086,96.43430439881756,323.8973876287572,194.16958532017458,482.2779667679274,15479.370394654017,diana,0.8475204843751228,bob,0.7117338879127169,0.13578659646240598,diana,diana,diana,1,1,1,0,0,11.211247903287527,9.919716558115223,7.17190734815269,28.302871809555437
Bright_Near_20260114_210100_T1,1736899003.32,83,Bright,Near,4,4,1280,720,26.59237304279136,0,1,chen,2,1,0.812479634670992,434.4671125077382,324.8466671414431,531.7479798259934,492.0900969330856,16269.585903410705,chen,0.8658562118971844,diana,0.6986288738119307,0.1672273380852537,chen,chen,chen,2,1,1,0,0,11.211247903287527,9.919716558115223,7.17190734815269,28.302871809555437
Bright_Near_20260114_210100_T1,1736899003.32,83,Bright,Near,4,4,1280,720,26.59237304279136,0,2,alice,3,1,0.9507812045190263,749.8450697919027,286.5771120398955,836.8054591134933,427.17071876838236,12226.074777235815,alice,0.8783272494862537,chen,0.7222760368219865,0.15605121266426725,alice,alice,alice,2,1,1,0,0,11.211247903287527,9.919716558115223,7.17190734815269,28.302871809555437
Bright_Near_20260114_210100_T1,1736899003.32,83,Bright,Near,4,4,1280,720,26.59237304279136,0,3,bob,4,1,0.7635275829036617,1055.1075717493147,200.45587451920576,1152.4692046092648,387.77849930536104,18238.036620791834,bob,0.8652212623391001,diana,0.7609790815158329,0.1042421808232672,bob,bob,bob,2,1,1,0,0,11.211247903287527,9.919716558115223,7.17190734815269,28.302871809555437
Bright_Near_20260114_210100_T1,1736899003.36,84,Bright,Near,4,4,1280,720,26.928567088304668,3,0,diana,1,1,0.7321398656276331,147.02724330374997,187.35656123312936,228.35908441127975,362.7109073780231,14261.891818171274,diana,0.8408697466078977,alice,0.7794561099813058,0.06141363662659194,diana,diana,diana,2,1,1,0,0,10.239361032672203,4.915430150593549,6.230560170606369,21.38535135387212
Bright_Near_20260114_210100_T1,1736899003.36,84,Bright,Near,4,4,1280,720,26.928567088304668,3,1,chen,2,1,0.8172382735824699,412.974840436573,276.6764633946676,508.64293028296265,435.9987977138493,15242.063394184,chen,0.8694228812259363,alice,0.7836997201361291,0.08572316108980715,chen,chen,chen,2,1,1,0,0,10.239361032672203,4.915430150593549,6.230560170606369,21.38535135387212
Bright_Near_20260114_210100_T1,1736899003.36,84,Bright,Near,4,4,1280,720,26.928567088304668,3,2,alice,3,1,0.7542693617562993,729.9295251989632,265.48865422775714,845.8317277542366,407.5115461993897,16460.765992781864,alice,0.8299502102790737,bob,0.7002698094047846,0.12968040087428911,alice,alice,alice,2,1,1,0,0,10.239361032672203,4.915430150593549,6.230560170606369,21.38535135387212
Bright_Near_20260114_210100_T1,1736899003.36,84,Bright,Near,4,4,1280,720,26.928567088304668,3,3,bob,4,1,0.7980150219497535,1088.8143082515728,264.19331707959907,1204.2522832823522,397.7241106100672,15414.524409410342,bob,0.9239572626225995,alice,0.7978725441004519,0.12608471852214753,bob,bob,bob,2,1,1,0,0,10.239361032672203,4.915430150593549,6.230560170606369,21.38535135387212
Bright_Near_20260114_210100_T1,1736899003.4,85,Bright,Near,4,4,1280,720,23.98917720191197,3,0,diana,1,1,0.9004212931092777,118.32388920185028,261.39402328261156,207.12613308266984,459.478357357282,17590.33334346862,alice,0.6350591889468697,diana,0.5959187846560037,0.03914040429086607,unknown,unknown,unknown,0,0,0,0,0,9.676701845228232,7.980218604775651,8.915824233699396,26.57274468370328
Bright_Near_20260114_210100_T1,1736899003.4,85,Bright,Near,4,4,1280,720,23.98917720191197,3,1,chen,2,1,0.6845745694909104,398.79716059851387,224.71185248894437,519.5976669003846,425.1457217008185,24212.512880837345,chen,0.8218747977985725,alice,0.7368427065801496,0.08503209121842292,chen,chen,chen,1,1,1,0,0,9.676701845228232,7.980218604775651,8.915824233699396,26.57274468370328
Bright_Near_20260114_210100_T1,1736899003.4,85,Bright,Near,4,4,1280,720,23.98917720191197,3,2,alice,3,1,0.8430319344984825,735.9086997489443,249.3860061947198,846.5202448838601,379.5255135678598,14394.931993639777,alice,0.9090012248713794,chen,0.7812443347519993,0.12775689011938007,alice,alice,alice,2,1,1,0,0,9.676701845228232,7.980218604775651,8.915824233699396,26.57274468370328
Bright_Near_20260114_210100_T1,1736899003.4,85,Bright,Near,4,4,1280,720,23.98917720191197,3,3,bob,4,1,0.7671078724541686,1071.15101915419,209.2798219887575,1168.8422361029536,405.3060970626931,19150.045365905866,bob,0.892561275908499,chen,0.7183322739432534,0.1742290019652456,bob,bob,bob,2,1,1,0,0,9.676701845228232,7.980218604775651,8.915824233699396,26.57274468370328
Bright_Near_20260114_210100_T1,1736899003.44,86,Bright,Near,4,4,1280,720,25.38874452364166,2,0,diana,1,1,0.8075967808168831,119.12257620413715,255.86125852205086,217.53993109834954,450.6977263367013,19175.289799249244,diana,0.7606604532026192,chen,0.673450763627816,0.08720968957480324,diana,diana,diana,3,1,1,0,0,12.83633367677729,8.843283106250924,7.146706034035555,28.82632281706377
Bright_Near_20260114_210100_T1,1736899003.44,86,Bright,Near,4,4,1280,720,25.38874452364166,2,1,chen,2,1,0.6830700332394719,433.086523884837,183.5620648991712,552.2351287198544,352.2967283988015,20104.49974328709,chen,0.8539106464892184,alice,0.7007251385225243,0.15318550796669417,chen,chen,chen,1,1,1,0,0,12.83633367677729,8.843283106250924,7.146706034035555,28.82632281706377
Bright_Near_20260114_210100_T1,1736899003.44,86,Bright,Near,4,4,1280,720,25.38874452364166,2,2,alice,3,1,0.8131990274657285,784.4576272485518,215.35729258936158,876.5944896117973,416.95027753242823,18574.14510709514,alice,0.8532938322935358,diana,0.7339929354964897,0.11930089679704614,alice,alice,alice,1,1,1,0,0,12.83633367677729,8.843283106250924,7.146706034035555,28.82632281706377
Bright_Near_20260114_210100_T1,1736899003.44,86,Bright,Near,4,4,1280,720,25.38874452364166,2,3,bob,4,1,0.8023956696324271,1102.1294713855411,148.01436040697845,1189.8989677050706,362.0915190310453,18789.444385950366,bob,0.8612022733523007,diana,0.8000729328604056,0.06112934049189511,bob,bob,bob,2,1,1,0,0,12.83633367677729,8.843283106250924,7.146706034035555,28.82632281706377
Bright_Near_20260114_210100_T1,1736899003.48,87,Bright,Near,4,4,1280,720,25.55241175472946,1,0,diana,1,1,0.8046899589227893,97.32525833697977,229.00214325508304,217.8565554808109,411.155458229738,21955.175332943996,diana,0.8232546638212448,chen,0.7036192841367271,0.11963537968451765,diana,diana,diana,3,1,1,0,0,10.753886712991333,5.929653725394192,4.372578861366409,21.056119299751934
Bright_Near_20260114_210100_T1,1736899003.48,87,Bright,Near,4,4,1280,720,25.55241175472946,1,1,chen,2,1,0.7368978844881499,442.31015569704425,199.74049669081722,534.457483190915,380.4617999765442,16652.98511898903,chen,0.9625236588092566,bob,0.8863019719487998,0.07622168686045683,chen,chen,chen,3,1,1,0,0,10.753886712991333,5.929653725394192,4.372578861366409,21.056119299751934
Bright_Near_20260114_210100_T1,1736899003.48,87,Bright,Near,4,4,1280,720,25.55241175472946,1,2,alice,3,1,0.6452170780120895,750.2860940514761,240.30823828987872,849.6404521096558,438.1755403442152,19658.978776312553,alice,0.878969460489785,chen,0.7431389456091873,0.13583051488059772,alice,alice,alice,1,1,1,0,0,10.753886712991333,5.929653725394192,4.372578861366409,21.056119299751934
Bright_Near_20260114_210100_T1,1736899003.48,87,Bright,Near,4,4,1280,720,25.55241175472946,1,3,bob,4,1,0.921278043217562,1083.6307080665385,267.67397479257727,1169.0106185826141,454.3833598740654,15941.230590768955,bob,0.8579593789199337,diana,0.7444201343398107,0.11353924458012299,bob,bob,bob,2,1,1,0,0,10.753886712991333,5.929653725394192,4.372578861366409,21.056119299751934
Bright_Near_20260114_210100_T1,1736899003.52,88,Bright,Near,4,4,1280,720,29.808154323729234,3,0,diana,1,1,0.9162199635093824,119.2775071459814,330.8077918520661,212.87863190138893,474.1497944090454,13416.972664025765,diana,0.7668587510632593,chen,0.6744142247939322,0.09244452626932709,diana,diana,diana,2,1,1,0,0,18.554080146648356,8.420521671012402,9.608085972372312,36.58268779003307
Bright_Near_20260114_210100_T1,1736899003.52,88,Bright,Near,4,4,1280,720,29.808154323729234,3,1,chen,2,1,0.9281846453900489,439.26104870728284,230.10682680170368,522.922129350764,368.9038501117672,11611.908960218354,chen,0.8420319730671088,diana,0.6982094229322464,0.14382255013486234,chen,chen,chen,2,1,1,0,0,18.554080146648356,8.420521671012402,9.608085972372312,36.58268779003307
Bright_Near_20260114_210100_T1,1736899003.52,88,Bright,Near,4,4,1280,720,29.808154323729234,3,2,alice,3,1,0.7999905496352742,754.2289620723502,153.7848847242234,859.287456229265,362.0511153604954,21880.136574383447,alice,0.8579994169843737,diana,0.754231852660913,0.10376756432346068,alice,alice,alice,2,1,1,0,0,18.554080146648356,8.420521671012402,9.608085972372312,36.58268779003307
Bright_Near_20260114_210100_T1,1736899003.52,88,Bright,Near,4,4,1280,720,29.808154323729234,3,3,bob,4,1,0.822475736994686,1078.7466734150112,204.0776194663054,1163.5478181840176,357.4551403562854,13006.589353302505,bob,0.8990167343808076,diana,0.7817643596429853,0.11725237473782235,bob,bob,bob,3,1,1,0,0,18.554080146648356,8.420521671012402,9.608085972372312,36.58268779003307
Bright_Near_20260114_210100_T1,1736899003.56,89,Bright,Near,4,4,1280,720,22.491614596986924,1,0,diana,1,1,0.9513650123063319,100.99011413338238,273.42237666325883,193.96806495141348,418.54118296017253,13492.849234645824,diana,0.85708193507256,chen,0.7691626182196074,0.08791931685295262,diana,diana,diana,2,1,1,0,0,12.516730873792502,8.640049593706706,11.751902782300775,32.908683249799985
Bright_Near_20260114_210100_T1,1736899003.56,89,Bright,Near,4,4,1280,720,22.491614596986924,1,1,chen,2,1,0.7976120494806521,396.5949475910571,225.48947154324878,513.1599945110269,420.34926243728887,22713.840668379275,chen,0.8981102540257566,bob,0.7514445421937235,0.14666571183203314,chen,chen,chen,1,1,1,0,0,12.516730873792502,8.640049593706706,11.751902782300775,32.908683249799985
Bright_Near_20260114_210100_T1,1736899003.56,89,Bright,Near,4,4,1280,720,22.491614596986924,1,2,alice,3,1,0.7993859505692159,749.8309366082103,167.74459539381348,844.6796700131699,331.58035637329465,15539.614415341492,alice,0.9346998420337795,chen,0.8094443780517981,0.1252554639819814,alice,alice,alice,3,1,1,0,0,12.516730873792502,8.640049593706706,11.751902782300775,32.908683249799985
Bright_Near_20260114_210100_T1,1736899003.56,89,Bright,Near,4,4,1280,720,22.491614596986924,1,3,bob,4,1,0.7692798153002398,1063.3887346974207,227.56952655735842,1168.5875355762255,415.72440861203535,19793.66797164497,bob,0.8789681338445762,chen,0.8009734541595275,0.0779946796850487,bob,bob,bob,3,1,1,0,0,12.516730873792502,8.640049593706706,11.751902782300775,32.908683249799985
Bright_Near_20260114_210100_T1,1736899003.6,90,Bright,Near,4,4,1280,720,21.922605839191192,1,0,diana,1,1,0.8185300455082585,111.97437159946458,278.6735526954012,192.66746167090002,471.86768019426336,15589.431131538067,diana,0.7884750343565977,alice,0.6858141594484941,0.1026608749081036,diana,diana,diana,1,1,1,0,0,13.63594093246916,6.194727890254231,7.051794783327728,26.882463606051118
Bright_Near_20260114_210100_T1,1736899003.6,90,Bright,Near,4,4,1280,720,21.922605839191192,1,1,chen,2,1,0.8170191446220881,430.3047949919492,204.23418751517565,536.1989358392498,351.3926820264476,15583.222344653333,chen,0.8506012807950475,bob,0.7714767742704421,0.07912450652460534,chen,chen,chen,1,1,1,0,0,13.63594093246916,6.194727890254231,7.051794783327728,26.882463606051118
Bright_Near_20260114_210100_T1,1736899003.6,90,Bright,Near,4,4,1280,720,21.922605839191192,1,2,alice,3,1,0.6038323900337417,719.9491706746455,275.1838626181851,835.620553528634,424.77185457773237,17303.049888312136,alice,0.9320232715093041,bob,0.789046529935621,0.14297674157368312,alice,alice,alice,2,1,1,0,0,13.63594093246916,6.194727890254231,7.051794783327728,26.882463606051118
Bright_Near_20260114_210100_T1,1736899003.6,90,Bright,Near,4,4,1280,720,21.922605839191192,1,3,bob,4,1,0.677468366923833,1067.823019776345,298.74965562855624,1186.9457011902518,493.7879355449764,23233.48288200009,bob,0.8318792648055323,alice,0.7621251378294212,0.06975412697611116,bob,bob,bob,1,1,1,0,0,13.63594093246916,6.194727890254231,7.051794783327728,26.882463606051118
Bright_Near_20260114_210100_T1,1736899003.64,91,Bright,Near,4,4,1280,720,23.560628556686034,1,0,diana,1,1,0.7402581552742519,91.15289932543111,237.7498567783897,186.993985630052,417.1193866061327,17190.97058863999,diana,0.862244762768411,bob,0.7138549900278902,0.1483897727405208,diana,diana,diana,1,1,1,0,0,13.759914171774358,9.35206575674823,9.959432329394607,33.071412257917196
Bright_Near_20260114_210100_T1,1736899003.64,91,Bright,Near,4,4,1280,720,23.560628556686034,1,1,chen,2,1,0.7060073136088483,438.5280538583684,240.82224621546294,552.3008738606425,409.0522788080278,19140.005217130576,chen,0.8820251745639001,alice,0.7255551531098541,0.15647002145404598,chen,chen,chen,2,1,1,0,0,13.759914171774358,9.35206575674823,9.959432329394607,33.071412257917196
Bright_Near_20260114_210100_T1,1736899003.64,91,Bright,Near,4,4,1280,720,23.560628556686034,1,2,alice,3,1,0.664571390987385,761.1633546398768,263.50870208461566,841.4440550413226,418.79006742398957,12466.09676873772,alice,0.8911186672478396,diana,0.8269510004631044,0.06416766678473518,alice,alice,alice,3,1,1,0,0,13.759914171774358,9.35206575674823,9.959432329394607,33.071412257917196
Bright_Near_20260114_210100_T1,1736899003.64,91,Bright,Near,4,4,1280,720,23.560628556686034,1,3,bob,4,1,0.6636386159693478,1093.3524022542422,240.26977535619778,1202.7998210952726,401.0498761393666,17596.967031718556,bob,0.8484121862354027,chen,0.7269377399579032,0.12147444627749948,bob,bob,bob,2,1,1,0,0,13.759914171774358,9.35206575674823,9.959432329394607,33.071412257917196
Bright_Near_20260114_210100_T1,1736899003.68,92,Bright,Near,4,4,1280,720,21.076546530862366,0,0,diana,1,1,0.7348266194001734,118.67795232753065,218.3007045319324,198.8109482736129,378.40680162119463,12829.7812289969,diana,0.8637518808646178,chen,0.7541010536520523,0.10965082721256558,diana,diana,diana,3,1,1,0,0,14.963038522280023,10.34943511536311,4.996340445972642,30.308814083615776
Bright_Near_20260114_210100_T1,1736899003.68,92,Bright,Near,4,4,1280,720,21.076546530862366,0,1,chen,2,1,0.7984429954543841,431.87035202916286,216.28432695445957,549.8340607657406,401.9849724434119,21905.936856653243,chen,0.7733185368785073,diana,0.6775876972159273,0.09573083966258,chen,chen,chen,2,1,1,0,0,14.963038522280023,10.34943511536311,4.996340445972642,30.308814083615776
Bright_Near_20260114_210100_T1,1736899003.68,92,Bright,Near,4,4,1280,720,21.076546530862366,0,2,alice,3,1,0.7612307278344216,692.1001707201422,261.4171032879458,810.2851959321422,412.56662077948886,17863.609535519656,alice,0.8589987938925663,chen,0.7246035342022958,0.13439525969027044,alice,alice,alice,1,1,1,0,0,14.963038522280023,10.34943511536311,4.996340445972642,30.308814083615776
Bright_Near_20260114_210100_T1,1736899003.68,92,Bright,Near,4,4,1280,720,21.076546530862366,0,3,bob,4,1,0.7781634357970355,1064.761643226354,195.9285801618989,1146.053207147871,407.03540175850674,17161.203682088948,bob,0.898606042265827,chen,0.7808210544770522,0.11778498778877478,bob,bob,bob,3,1,1,0,0,14.963038522280023,10.34943511536311,4.996340445972642,30.308814083615776
Bright_Near_20260114_210100_T1,1736899003.72,93,Bright,Near,4,4,1280,720,26.655150885421193,0,0,diana,1,1,0.7131451936488472,97.155927531396,231.76920268920856,180.3612595772172,438.2313862798268,17178.754540562684,diana,0.8946651493550025,alice,0.715010558836918,0.17965459051808452,diana,diana,diana,3,1,1,0,0,9.994846915610712,7.254483502046192,9.20472906950869,26.454059487165594
Bright_Near_20260114_210100_T1,1736899003.72,93,Bright,Near,4,4,1280,720,26.655150885421193,0,1,chen,2,1,0.8312618524018731,427.31188165324915,203.4142387980193,527.1531634442191,414.9972257954783,21124.716626988436,chen,0.8428288421617833,bob,0.674312310004776,0.16851653215700735,chen,chen,chen,3,1,1,0,0,9.994846915610712,7.254483502046192,9.20472906950869,26.454059487165594
Bright_Near_20260114_210100_T1,1736899003.72,93,Bright,Near,4,4,1280,720,26.655150885421193,0,2,alice,3,1,0.6536181195636859,705.2836786013058,247.24013504968025,827.030995436324,379.03586814609616,16045.77687479284,alice,0.8424962464560541,bob,0.687674499596481,0.15482174685957317,alice,alice,alice,1,1,1,0,0,9.994846915610712,7.254483502046192,9.20472906950869,26.454059487165594
Bright_Near_20260114_210100_T1,1736899003.72,93,Bright,Near,4,4,1280,720,26.655150885421193,0,3,bob,4,1,0.8293909374955815,1079.8503443584825,235.18043326105268,1198.3359706397175,438.6482963337588,24108.017184274155,bob,0.9461695556387704,chen,0.8291093071412068,0.11706024849756358,bob,bob,bob,3,1,1,0,0,9.994846915610712,7.254483502046192,9.20472906950869,26.454059487165594
Bright_Near_20260114_210100_T1,1736899003.76,94,Bright,Near,4,4,1280,720,26.54122069846626,0,0,diana,1,1,0.688339061792968,130.8762330511613,183.35643217493345,230.50132986296592,370.36119632426033,18630.36773264538,diana,0.8189727508987006,chen,0.675720836104168,0.1432519147945326,diana,diana,diana,2,1,1,0,0,11.490369482363699,11.263877871614033,9.661166028493371,32.4154133824711
Bright_Near_20260114_210100_T1,1736899003.76,94,Bright,Near,4,4,1280,720,26.54122069846626,0,1,chen,2,1,0.8048523023043098,438.51457195606383,131.18164392454034,536.7281344390087,283.58164461522006,14967.746990234917,chen,0.8800705965812401,bob,0.7294452627391956,0.15062533384204446,chen,chen,chen,1,1,1,0,0,11.490369482363699,11.263877871614033,9.661166028493371,32.4154133824711
Bright_Near_20260114_210100_T1,1736899003.76,94,Bright,Near,4,4,1280,720,26.54122069846626,0,2,alice,3,1,0.6944034048169918,728.6256597974325,258.3639991162475,839.5447137249059,413.74966108725977,17235.23061971887,alice,0.9294229237736117,diana,0.8137505320466142,0.1156723917269975,alice,alice,alice,2,1,1,0,0,11.490369482363699,11.263877871614033,9.661166028493371,32.4154133824711
Bright_Near_20260114_210100_T1,1736899003.76,94,Bright,Near,4,4,1280,720,26.54122069846626,0,3,bob,4,1,0.688075684445086,1087.6008303152594,205.95359297924935,1182.179206980105,391.5795217334454,17556.199008476142,bob,0.8124040120770167,diana,0.7027417951571112,0.10966221691990552,bob,bob,bob,3,1,1,0,0,11.490369482363699,11.263877871614033,9.661166028493371,32.4154133824711
Bright_Near_20260114_210100_T1,1736899003.8,95,Bright,Near,4,4,1280,720,25.114379093168964,0,0,diana,1,1,0.8174179911758006,83.04515421032352,226.1433475079442,205.43665333348844,389.5739172713953,20002.51243590177,chen,0.7992420771466137,bob,0.7495039748706296,0.049738102275984075,unknown,unknown,unknown,0,0,0,0,0,12.72492942026988,6.176113790113708,8.247028273352296,27.148071483735883
Bright_Near_20260114_210100_T1,1736899003.8,95,Bright,Near,4,4,1280,720,25.114379093168964,0,1,chen,2,1,0.7799076795298662,433.4599763021876,201.97536311583463,543.0930211573842,362.4805528685821,17596.672667654806,diana,0.7628541548955947,chen,0.737281132933759,0.02557302196183575,diana,diana,diana,2,0,0,1,0,12.72492942026988,6.176113790113708,8.247028273352296,27.148071483735883
Bright_Near_20260114_210100_T1,1736899003.8,95,Bright,Near,4,4,1280,720,25.114379093168964,0,2,alice,3,1,0.7611005895965868,743.6502968209988,302.59633381241883,856.7110308062543,470.86132023709536,19024.162869192965,alice,0.8775144074478346,chen,0.6994689252658852,0.17804548218194938,alice,alice,alice,2,1,1,0,0,12.72492942026988,6.176113790113708,8.247028273352296,27.148071483735883
Bright_Near_20260114_210100_T1,1736899003.8,95,Bright,Near,4,4,1280,720,25.114379093168964,0,3,bob,4,1,0.8030032735841277,1078.534388074944,261.86040674551407,1190.4821133986245,462.36733213018726,22446.294208459098,bob,0.8299552128040326,chen,0.6706820436568295,0.15927316914720313,bob,bob,bob,3,1,1,0,0,12.72492942026988,6.176113790113708,8.247028273352296,27.148071483735883
Bright_Near_20260114_210100_T1,1736899003.84,96,Bright,Near,4,4,1280,720,24.65255623527463,3,0,diana,1,1,0.7121289389792022,124.82749125481911,319.83445016505647,212.84957448240613,490.4252256792508,15015.755440169027,diana,0.8307769856197774,alice,0.6633780127995157,0.16739897282026173,diana,diana,diana,1,1,1,0,0,21.243487302460558,13.866538207976618,4.355901158365803,39.46592666880298
Bright_Near_20260114_210100_T1,1736899003.84,96,Bright,Near,4,4,1280,720,24.65255623527463,3,1,chen,2,1,0.8184243099532457,417.76732677048926,196.35931290627354,535.126442061094,392.9290029123755,23069.24491206456,chen,0.8487389203879478,diana,0.7625830435947829,0.08615587679316494,chen,chen,chen,1,1,1,0,0,21.243487302460558,13.866538207976618,4.355901158365803,39.46592666880298
Bright_Near_20260114_210100_T1,1736899003.84,96,Bright,Near,4,4,1280,720,24.65255623527463,3,2,alice,3,1,0.8005226820513833,730.3247904862196,170.78858435400434,858.0857777050942,358.9112609998597,24034.738886531595,alice,0.8753136197076609,diana,0.7478333761452389,0.12748024356242194,alice,alice,alice,1,1,1,0,0,21.243487302460558,13.866538207976618,4.355901158365803,39.46592666880298
Bright_Near_20260114_210100_T1,1736899003.84,96,Bright,Near,4,4,1280,720,24.65255623527463,3,3,bob,4,1,0.7714788598660568,1076.8998041167085,214.2843479815222,1166.2228032077603,367.1366306318412,13653.224304239631,bob,0.9245313975187603,diana,0.7527896559230668,0.17174174159569355,bob,bob,bob,1,1,1,0,0,21.243487302460558,13.866538207976618,4.355901158365803,39.46592666880298
Bright_Near_20260114_210100_T1,1736899003.88,97,Bright,Near,4,4,1280,720,22.755841341656897,1,0,diana,1,1,0.6996644795870883,129.3011745895583,234.76362351191062,225.57456967259145,385.0745589922509,14470.944076799107,diana,0.8626502855388266,alice,0.7274488103005344,0.13520147523829218,diana,diana,diana,1,1,1,0,0,10.34879331865679,5.537139986577952,3.4717772180443465,19.35771052327909
Bright_Near_20260114_210100_T1,1736899003.88,97,Bright,Near,4,4,1280,720,22.755841341656897,1,1,chen,2,1,0.7439948890564856,421.7254910971964,214.11659329130703,505.82031354673103,387.9811835376794,14621.11184702977,chen,0.8564140071877714,diana,0.7390290490371814,0.11738495815059002,chen,chen,chen,2,1,1,0,0,10.34879331865679,5.537139986577952,3.4717772180443465,19.35771052327909
Bright_Near_20260114_210100_T1,1736899003.88,97,Bright,Near,4,4,1280,720,22.755841341656897,1,2,alice,3,1,0.7173023882816895,758.1077104055714,208.05860395354784,858.6447385111576,353.1879389263697,14590.872029107622,alice,0.8347195603657275,bob,0.6642289195552636,0.17049064081046383,alice,alice,alice,2,1,1,0,0,10.34879331865679,5.537139986577952,3.4717772180443465,19.35771052327909
Bright_Near_20260114_210100_T1,1736899003.88,97,Bright,Near,4,4,1280,720,22.755841341656897,1,3,bob,4,1,0.7398495947318762,1089.3880300315354,317.0745901393822,1205.63365722736,488.31520665369754,19905.97286810624,bob,0.9351361851746159,chen,0.8361318492888596,0.0990043358857563,bob,bob,bob,1,1,1,0,0,10.34879331865679,5.537139986577952,3.4717772180443465,19.35771052327909
Bright_Near_20260114_210100_T1,1736899003.92,98,Bright,Near,4,4,1280,720,28.49032829578262,2,0,diana,1,1,0.7529231046252988,96.09457365532577,249.14564876253905,223.10008498981048,419.66821099939114,21657.305210957893,diana,0.7751610922193383,chen,0.6470651228513362,0.12809596936800205,diana,diana,diana,2,1,1,0,0,12.930243198319868,9.096765840586523,1.5038307430017621,23.530839781908153
Bright_Near_20260114_210100_T1,1736899003.92,98,Bright,Near,4,4,1280,720,28.49032829578262,2,1,chen,2,1,0.7522712311904826,423.13924749067394,291.897303369188,520.7078803630203,505.4294841968337,20834.04295760404,chen,0.9121866407255496,alice,0.8521173242309484,0.06006931649460112,chen,chen,chen,3,1,1,0,0,12.930243198319868,9.096765840586523,1.5038307430017621,23.530839781908153
Bright_Near_20260114_210100_T1,1736899003.92,98,Bright,Near,4,4,1280,720,28.49032829578262,2,2,alice,3,1,0.8984909595727455,756.5441486999226,125.82988411186989,844.4790523430685,338.8238535075011,18729.604175375986,alice,0.8473465805855735,chen,0.6916724269192712,0.15567415366630233,alice,alice,alice,3,1,1,0,0,12.930243198319868,9.096765840586523,1.5038307430017621,23.530839781908153
Bright_Near_20260114_210100_T1,1736899003.92,98,Bright,Near,4,4,1280,720,28.49032829578262,2,3,bob,4,1,0.8543623299874695,1064.606203642397,222.25814943988036,1168.069487031841,372.0113898141772,15493.961947333382,bob,0.836837902002328,chen,0.661906479490889,0.174931422511439,bob,bob,bob,3,1,1,0,0,12.930243198319868,9.096765840586523,1.5038307430017621,23.530839781908153
Bright_Near_20260114_210100_T1,1736899003.96,99,Bright,Near,4,4,1280,720,24.032258809365587,1,0,diana,1,1,0.8387272469219031,112.93890780886844,261.14805592767965,207.71785813010197,454.45073499103574,18321.025015907177,diana,0.8210318478176115,chen,0.6499280294898819,0.17110381832772958,diana,diana,diana,3,1,1,0,0,9.388222211545868,7.044325052955752,8.205322186701048,24.63786945120267
Bright_Near_20260114_210100_T1,1736899003.96,99,Bright,Near,4,4,1280,720,24.032258809365587,1,1,chen,2,1,0.712503603050458,418.63370041924986,287.4153761312621,535.6075190564901,447.16538443684766,18686.568498835186,chen,0.9432496856125007,diana,0.7738242054563185,0.1694254801561822,chen,chen,chen,2,1,1,0,0,9.388222211545868,7.044325052955752,8.205322186701048,24.63786945120267
Bright_Near_20260114_210100_T1,1736899003.96,99,Bright,Near,4,4,1280,720,24.032258809365587,1,2,alice,3,1,0.76137447800033,770.100735935558,198.86070492009327,883.2671391472289,395.9598262993274,22304.998642668488,alice,0.8693599749122455,chen,0.7185425483818089,0.15081742653043662,alice,alice,alice,2,1,1,0,0,9.388222211545868,7.044325052955752,8.205322186701048,24.63786945120267
Bright_Near_20260114_210100_T1,1736899003.96,99,Bright,Near,4,4,1280,720,24.032258809365587,1,3,bob,4,1,0.9124069904787351,1073.9413578328647,288.7816117072405,1159.2612299142854,488.33078986247665,17025.510354157384,alice,0.7124182143557606,chen,0.6510970216206102,0.061321192735150354,unknown,unknown,unknown,0,0,0,0,0,9.388222211545868,7.044325052955752,8.205322186701048,24.63786945120267
Bright_Near_20260114_210100_T1,1736899004.0,100,Bright,Near,4,4,1280,720,28.39637575867584,1,0,diana,1,1,0.7806482969942758,86.13567506608521,304.80252760662165,209.9660996349804,518.9012798321564,26511.939387758663,diana,0.8028438861986605,chen,0.6755917045608841,0.1272521816377764,diana,diana,diana,2,1,1,0,0,10.253150888636934,6.723642261280763,4.561640713639767,21.538433863557465
Bright_Near_20260114_210100_T1,1736899004.0,100,Bright,Near,4,4,1280,720,28.39637575867584,1,1,chen,2,1,0.6293052531902893,395.39997465932936,225.9644178618864,515.4835573928157,394.0535219058635,20184.741832062507,chen,0.7882970322724487,alice,0.7265542622591088,0.06174277001333994,chen,chen,chen,2,1,1,0,0,10.253150888636934,6.723642261280763,4.561640713639767,21.538433863557465
Bright_Near_20260114_210100_T1,1736899004.0,100,Bright,Near,4,4,1280,720,28.39637575867584,1,2,alice,3,1,0.7786674331899042,745.2355282206358,312.62496508312336,862.2020494097633,450.79077178925206,16160.773757705289,alice,0.8428756160151317,diana,0.744287557187892,0.09858805882723976,alice,alice,alice,3,1,1,0,0,10.253150888636934,6.723642261280763,4.561640713639767,21.538433863557465
Bright_Near_20260114_210100_T1,1736899004.0,100,Bright,Near,4,4,1280,720,28.39637575867584,1,3,bob,4,1,0.8619222006613645,1085.3973300156001,171.12296465161225,1170.145125710326,344.28688727921167,14675.260736541126,bob,0.8364954432556458,alice,0.7150057953705082,0.12148964788513761,bob,bob,bob,2,1,1,0,0,10.253150888636934,6.723642261280763,4.561640713639767,21.538433863557465
Bright_Near_20260114_210100_T1,1736899004.04,101,Bright,Near,4,4,1280,720,26.403138176051822,2,0,diana,1,1,0.7620864437463819,94.99232749882844,270.1696525722286,211.95010991918952,423.3572753105032,17916.48464971548,diana,0.8751855114074732,bob,0.7720958983575452,0.10308961304992803,diana,diana,diana,2,1,1,0,0,12.536744019833185,8.866529943900888,13.01038696522456,34.413660928958635
Bright_Near_20260114_210100_T1,1736899004.04,101,Bright,Near,4,4,1280,720,26.403138176051822,2,1,chen,2,1,0.68583530078613,419.5149532340519,329.00972962990613,523.370601833996,522.3217317616845,20076.543363549627,chen,0.8886089571190074,alice,0.8248585983535096,0.06375035876549784,chen,chen,chen,2,1,1,0,0,12.536744019833185,8.866529943900888,13.01038696522456,34.413660928958635
Bright_Near_20260114_210100_T1,1736899004.04,101,Bright,Near,4,4,1280,720,26.403138176051822,2,2,alice,3,1,0.7075477089434873,783.2471227107301,180.3627005016885,870.4004450627906,393.08843201675705,18539.75425131065,alice,0.8888192172403391,chen,0.826356300423806,0.06246291681653304,alice,alice,alice,2,1,1,0,0,12.536744019833185,8.866529943900888,13.01038696522456,34.413660928958635
Bright_Near_20260114_210100_T1,1736899004.04,101,Bright,Near,4,4,1280,720,26.403138176051822,2,3,bob,4,1,0.8381289300163439,1073.2418690887534,247.99355780813903,1164.2455504309933,429.706022737103,16536.503254308365,bob,0.8720353713435497,alice,0.7045585020102638,0.16747686933328587,bob,bob,bob,2,1,1,0,0,12.536744019833185,8.866529943900888,13.01038696522456,34.413660928958635
Bright_Near_20260114_210100_T1,1736899004.08,102,Bright,Near,4,4,1280,720,24.274880738040395,2,0,diana,1,1,0.8408595697583332,109.33909203589349,245.51919155574646,191.6269806312372,456.64138402627384,17372.799454019467,diana,0.7812359864319387,chen,0.7163512937571123,0.06488469267482644,diana,diana,diana,3,1,1,0,0,13.891362667003472,6.341321059969495,6.1417274382862725,26.37441116525924
Bright_Near_20260114_210100_T1,1736899004.08,102,Bright,Near,4,4,1280,720,24.274880738040395,2,1,chen,2,1,0.7782046936144709,420.1307311828134,254.4718511685864,531.612141227521,427.7392458729624,19316.093476416732,chen,0.6969912257122315,diana,0.5754849486239528,0.12150627708827866,chen,chen,chen,1,1,1,0,0,13.891362667003472,6.341321059969495,6.1417274382862725,26.37441116525924
Bright_Near_20260114_210100_T1,1736899004.08,102,Bright,Near,4,4,1280,720,24.274880738040395,2,2,alice,3,1,0.6579082459092972,738.8129810350282,210.0167676375303,838.0798974611824,373.01342712197754,16180.175774784944,alice,0.8125084613011475,diana,0.6848698953873569,0.12763856591379064,alice,alice,alice,2,1,1,0,0,13.891362667003472,6.341321059969495,6.1417274382862725,26.37441116525924
Bright_Near_20260114_210100_T1,1736899004.08,102,Bright,Near,4,4,1280,720,24.274880738040395,2,3,bob,4,1,0.8957443118572673,1077.3285514062652,212.57712988366757,1194.4549818131638,403.85987625639984,22404.26528106627,bob,0.7960520574838083,chen,0.6927857143541074,0.10326634312970084,bob,bob,bob,2,1,1,0,0,13.891362667003472,6.341321059969495,6.1417274382862725,26.37441116525924
Bright_Near_20260114_210100_T1,1736899004.12,103,Bright,Near,4,4,1280,720,21.495897025447245,3,0,diana,1,1,0.8261744641029368,124.89737184644616,239.01314832972335,204.98319018548176,382.4144281876413,11484.408848286423,diana,0.8259979925762326,bob,0.7983115707250673,0.02768642185116532,unknown,unknown,unknown,0,0,0,0,0,9.621300152325412,6.998792407792152,2.7285823962027305,19.348674956320295
Bright_Near_20260114_210100_T1,1736899004.12,103,Bright,Near,4,4,1280,720,21.495897025447245,3,1,chen,2,1,0.8520788414163952,422.2152658247097,195.02782507581594,539.6219938545706,410.28561752054713,25272.713093866805,chen,0.804074618991116,bob,0.6592293667927399,0.14484525219837607,chen,chen,chen,2,1,1,0,0,9.621300152325412,6.998792407792152,2.7285823962027305,19.348674956320295
Bright_Near_20260114_210100_T1,1736899004.12,103,Bright,Near,4,4,1280,720,21.495897025447245,3,2,alice,3,1,0.6924435162185862,744.2920115663297,234.11798751936493,836.3279765359833,385.3281757349626,13916.775585665475,bob,0.702288793646295,alice,0.6763344806293543,0.025954313016940733,bob,bob,bob,2,0,0,1,0,9.621300152325412,6.998792407792152,2.7285823962027305,19.348674956320295
Bright_Near_20260114_210100_T1,1736899004.12,103,Bright,Near,4,4,1280,720,21.495897025447245,3,3,bob,4,1,0.784781057091441,1059.5039190369064,253.3440884869692,1173.8244006275634,398.6263456798001,16608.73760886212,bob,0.9112440886238649,diana,0.7633308158740899,0.14791327274977495,bob,bob,bob,3,1,1,0,0,9.621300152325412,6.998792407792152,2.7285823962027305,19.348674956320295
Bright_Near_20260114_210100_T1,1736899004.16,104,Bright,Near,4,4,1280,720,23.795437446500674,0,0,diana,1,1,0.6952650379398368,70.0729302915411,139.41923961594807,195.59055920441713,351.09504167751675,26569.044772999376,diana,0.7602588979931766,alice,0.5941616256621807,0.16609727233099592,diana,diana,diana,2,1,1,0,0,6.965660634509026,3.619562296278345,6.818694786583225,17.403917717370597
Bright_Near_20260114_210100_T1,1736899004.16,104,Bright,Near,4,4,1280,720,23.795437446500674,0,1,chen,2,1,0.7070227884400786,436.4546777855041,287.45831813077376,517.4995493870726,442.86051398538365,12594.551009638668,chen,0.8848664465973419,diana,0.7540353905359106,0.1308310560614313,chen,chen,chen,1,1,1,0,0,6.965660634509026,3.619562296278345,6.818694786583225,17.403917717370597
Bright_Near_20260114_210100_T1,1736899004.16,104,Bright,Near,4,4,1280,720,23.795437446500674,0,2,alice,-1,0,-1.0,-1.0,-1.0,-1.0,-1.0,0.0,unknown,-1.0,unknown,-1.0,-1.0,unknown,unknown,unknown,0,0,0,0,1,6.965660634509026,3.619562296278345,6.818694786583225,17.403917717370597
Bright_Near_20260114_210100_T1,1736899004.16,104,Bright,Near,4,4,1280,720,23.795437446500674,0,3,bob,4,1,0.9365670477088495,1059.353333753975,283.98567014347043,1169.4723251743665,444.88294882891637,17717.846051126955,diana,0.7978668380911389,bob,0.7156968016135664,0.08217003647757248,diana,diana,diana,1,0,0,1,0,6.965660634509026,3.619562296278345,6.818694786583225,17.403917717370597
Bright_Near_20260114_210100_T1,1736899004.2,105,Bright,Near,4,4,1280,720,22.902699677094265,1,0,diana,1,1,0.8695246672345743,88.80472798708608,202.19727103365034,189.90755053486646,409.4312384659432,20951.939035179603,diana,0.8665098372197197,bob,0.7696813712855579,0.09682846593416183,diana,diana,diana,1,1,1,0,0,16.703000880659328,9.223694410314147,5.632208983905729,31.558904274879204
Bright_Near_20260114_210100_T1,1736899004.2,105,Bright,Near,4,4,1280,720,22.902699677094265,1,1,chen,2,1,0.7190340116425621,442.3782435505067,229.91023460375814,534.3222112400961,361.5923854370682,12107.379421513493,chen,0.879019775240878,bob,0.7931963832677861,0.08582339197309197,chen,chen,chen,3,1,1,0,0,16.703000880659328,9.223694410314147,5.632208983905729,31.558904274879204
Bright_Near_20260114_210100_T1,1736899004.2,105,Bright,Near,4,4,1280,720,22.902699677094265,1,2,alice,3,1,0.8458615891316474,776.2835229010982,190.05621759535103,860.445705338873,341.5501156659637,12750.05708762857,alice,0.8843487431056949,chen,0.7213042129612895,0.16304453014440534,alice,alice,alice,2,1,1,0,0,16.703000880659328,9.223694410314147,5.632208983905729,31.558904274879204
Bright_Near_20260114_210100_T1,1736899004.2,105,Bright,Near,4,4,1280,720,22.902699677094265,1,3,bob,4,1,0.765822462130747,1071.7908096720794,182.50041148507103,1156.930343966454,354.4001224956786,14635.461340780723,chen,0.6844933196738818,bob,0.6131920767809724,0.0713012428929094,unknown,unknown,unknown,0,0,0,0,0,16.703000880659328,9.223694410314147,5.632208983905729,31.558904274879204
Bright_Near_20260114_210100_T1,1736899004.24,106,Bright,Near,4,4,1280,720,22.008045788389005,3,0,diana,1,1,0.7137752357722685,118.20979333178012,264.7369035016656,206.33361705789702,396.2005520018841,11585.079386825446,diana,0.8534874292908069,alice,0.7629891870211197,0.09049824226968717,diana,diana,diana,2,1,1,0,0,13.18438966384099,8.09946865810687,4.589096742371723,25.872955064319584
Bright_Near_20260114_210100_T1,1736899004.24,106,Bright,Near,4,4,1280,720,22.008045788389005,3,1,chen,2,1,0.9785157995815091,447.7328501129605,182.74281510158136,565.6271571920186,354.954344186471,20302.758892488124,chen,0.914847117389305,bob,0.8178232560156099,0.09702386137369512,chen,chen,chen,2,1,1,0,0,13.18438966384099,8.09946865810687,4.589096742371723,25.872955064319584
Bright_Near_20260114_210100_T1,1736899004.24,106,Bright,Near,4,4,1280,720,22.008045788389005,3,2,alice,3,1,0.8343831281294187,803.7805727190004,217.88230354185595,887.7838880187434,403.49314168275083,15591.925759399159,alice,0.8634719587629156,diana,0.7227320073422541,0.14073995142066154,alice,alice,alice,3,1,1,0,0,13.18438966384099,8.09946865810687,4.589096742371723,25.872955064319584
Bright_Near_20260114_210100_T1,1736899004.24,106,Bright,Near,4,4,1280,720,22.008045788389005,3,3,bob,4,1,0.8937366700701946,1079.911633994581,131.5536013016512,1181.8187474008953,343.5577415691676,21604.729964849943,bob,0.9265327571662316,diana,0.7546263976511458,0.17190635951508582,bob,bob,bob,3,1,1,0,0,13.18438966384099,8.09946865810687,4.589096742371723,25.872955064319584
Bright_Near_20260114_210100_T1,1736899004.28,107,Bright,Near,4,4,1280,720,25.71778533362498,0,0,diana,1,1,0.8685884652005513,106.140503863155,251.3366646733626,197.5252886551046,448.72786399654296,18038.55226997366,diana,0.8302433151986919,bob,0.684857222725352,0.1453860924733399,diana,diana,diana,2,1,1,0,0,7.547355563941163,7.883385015618564,5.20755711644155,20.638297696001278
Bright_Near_20260114_210100_T1,1736899004.28,107,Bright,Near,4,4,1280,720,25.71778533362498,0,1,chen,2,1,0.6846391170528439,404.3019741025035,278.09672907362966,510.519996028968,443.67324096534884,17587.209570622144,chen,0.8681485963532064,diana,0.7612236701546453,0.10692492619856109,chen,chen,chen,1,1,1,0,0,7.547355563941163,7.883385015618564,5.20755711644155,20.638297696001278
Bright_Near_20260114_210100_T1,1736899004.28,107,Bright,Near,4,4,1280,720,25.71778533362498,0,2,alice,3,1,0.7759714429937966,770.2913084255006,241.8771140909024,896.1671233233637,409.512222630789,21101.20589294996,alice,0.9083919181951835,chen,0.7865222211497298,0.1218696970454537,alice,alice,alice,1,1,1,0,0,7.547355563941163,7.883385015618564,5.20755711644155,20.638297696001278
Bright_Near_20260114_210100_T1,1736899004.28,107,Bright,Near,4,4,1280,720,25.71778533362498,0,3,bob,4,1,0.7362350440805798,1057.4315208432035,235.29140139089293,1152.1776147731998,443.9435695682499,19768.977924829247,bob,0.9151692965891278,chen,0.7553866119916942,0.1597826845974336,bob,bob,bob,1,1,1,0,0,7.547355563941163,7.883385015618564,5.20755711644155,20.638297696001278
Bright_Near_20260114_210100_T1,1736899004.32,108,Bright,Near,4,4,1280,720,22.911979429517622,1,0,diana,1,1,0.7781957876790085,95.00405051635579,249.14227835449694,218.95960070548648,414.93813280715153,20551.316357755833,diana,0.8349491126798569,chen,0.7054290802898577,0.1295200323899992,diana,diana,diana,2,1,1,0,0,17.44797722406722,11.600382709759042,4.244634583437318,33.29299451726358
Bright_Near_20260114_210100_T1,1736899004.32,108,Bright,Near,4,4,1280,720,22.911979429517622,1,1,chen,2,1,0.821628130686452,424.5410406839694,207.15757076188788,544.3502305101425,359.41467370462817,18241.80014884995,chen,0.8425456318435042,diana,0.6904594364080012,0.15208619543550295,chen,chen,chen,2,1,1,0,0,17.44797722406722,11.600382709759042,4.244634583437318,33.29299451726358
Bright_Near_20260114_210100_T1,1736899004.32,108,Bright,Near,4,4,1280,720,22.911979429517622,1,2,alice,3,1,0.7893744955259224,723.2194711767182,195.22569258626822,813.9790315591514,374.2374115090977,16247.024912739695,alice,0.8441924926620363,bob,0.6905795935286053,0.153612899133431,alice,alice,alice,1,1,1,0,0,17.44797722406722,11.600382709759042,4.244634583437318,33.29299451726358
Bright_Near_20260114_210100_T1,1736899004.32,108,Bright,Near,4,4,1280,720,22.911979429517622,1,3,bob,4,1,0.735667757240938,1065.0254157660238,329.5185536185293,1170.1854850294148,517.6917437928744,19788.305712247384,bob,0.8608343283107445,chen,0.7749747410564782,0.08585958725426623,bob,bob,bob,3,1,1,0,0,17.44797722406722,11.600382709759042,4.244634583437318,33.29299451726358
Bright_Near_20260114_210100_T1,1736899004.36,109,Bright,Near,4,4,1280,720,26.1639035256824,3,0,diana,1,1,0.7353838398489361,128.5988739747477,221.75321183982885,228.1085064526221,437.4975732820577,21468.642116289888,diana,0.8420574481007996,bob,0.7204049414320083,0.12165250666879135,diana,diana,diana,1,1,1,0,0,10.659735565072097,4.935693541486672,8.599043224743589,24.194472331302357
Bright_Near_20260114_210100_T1,1736899004.36,109,Bright,Near,4,4,1280,720,26.1639035256824,3,1,chen,2,1,0.7513067770571138,410.97951828773284,313.0315798458082,524.734745999927,496.5664772464131,20878.05404694,chen,0.8533376142625506,bob,0.6896802617186524,0.16365735254389824,chen,chen,chen,2,1,1,0,0,10.659735565072097,4.935693541486672,8.599043224743589,24.194472331302357
Bright_Near_20260114_210100_T1,1736899004.36,109,Bright,Near,4,4,1280,720,26.1639035256824,3,2,alice,3,1,0.8208037786943326,774.1669842580432,256.6900857736969,856.5522300987741,441.17738114457853,15199.031183621622,bob,0.7402593354411806,chen,0.7203669626825218,0.01989237275865885,unknown,unknown,unknown,0,0,0,0,0,10.659735565072097,4.935693541486672,8.599043224743589,24.194472331302357
Bright_Near_20260114_210100_T1,1736899004.36,109,Bright,Near,4,4,1280,720,26.1639035256824,3,3,bob,4,1,0.8396598033410847,1066.3776236973993,159.22754683718887,1155.5598672864,330.1501514916193,15243.261363157893,bob,0.8821575843715104,diana,0.8094319126810323,0.07272567169047806,bob,bob,bob,2,1,1,0,0,10.659735565072097,4.935693541486672,8.599043224743589,24.194472331302357
Bright_Near_20260114_210100_T1,1736899004.4,110,Bright,Near,4,4,1280,720,26.969574299259378,1,0,diana,1,1,0.6354140882616796,98.18840094525642,258.0370842521212,178.31787489760137,425.39460326666983,13410.26996060535,diana,0.83474486688272,bob,0.6911694382993148,0.14357542858340522,diana,diana,diana,1,1,1,0,0,11.752756465591156,10.103731244163164,4.065030565263159,25.92151827501748
Bright_Near_20260114_210100_T1,1736899004.4,110,Bright,Near,4,4,1280,720,26.969574299259378,1,1,chen,2,1,0.687948033270002,406.5280027167877,356.809161107577,523.0805462899348,494.76816851846115,16079.473222565199,chen,0.871640763389199,diana,0.7824484330739288,0.0891923303152703,chen,chen,chen,2,1,1,0,0,11.752756465591156,10.103731244163164,4.065030565263159,25.92151827501748
Bright_Near_20260114_210100_T1,1736899004.4,110,Bright,Near,4,4,1280,720,26.969574299259378,1,2,alice,3,1,0.7499858378306852,767.5376524739196,233.99265922968067,857.8440997543295,380.0693504316044,13191.667012923239,alice,0.8755486337739212,bob,0.7658665934871849,0.10968204028673634,alice,alice,alice,2,1,1,0,0,11.752756465591156,10.103731244163164,4.065030565263159,25.92151827501748
Bright_Near_20260114_210100_T1,1736899004.4,110,Bright,Near,4,4,1280,720,26.969574299259378,1,3,bob,4,1,0.7730225160398785,1050.2818220222255,227.1444355475497,1153.7099012496349,420.0742315546048,19954.35822674563,bob,0.899288328584877,diana,0.7724937598922281,0.12679456869264882,bob,bob,bob,2,1,1,0,0,11.752756465591156,10.103731244163164,4.065030565263159,25.92151827501748
Bright_Near_20260114_210100_T1,1736899004.44,111,Bright,Near,4,4,1280,720,25.258851102186892,0,0,diana,1,1,0.917358410740658,115.22962519198934,195.9050869816342,212.259739540557,373.90717720525424,17271.56316868191,diana,0.9071188306904492,chen,0.7509599426109258,0.15615888807952338,diana,diana,diana,2,1,1,0,0,10.635331594207683,10.80988855976152,5.741177909271206,27.18639806324041
Bright_Near_20260114_210100_T1,1736899004.44,111,Bright,Near,4,4,1280,720,25.258851102186892,0,1,chen,2,1,0.8523365194417369,416.96890947298306,232.70135605698636,504.02460601513184,415.8533568971287,15944.425006226813,chen,0.9037194158236483,diana,0.8321355696407865,0.07158384618286184,chen,chen,chen,1,1,1,0,0,10.635331594207683,10.80988855976152,5.741177909271206,27.18639806324041
Bright_Near_20260114_210100_T1,1736899004.44,111,Bright,Near,4,4,1280,720,25.258851102186892,0,2,alice,3,1,0.7663168494955186,758.349182059995,253.57325826251798,862.9634212954654,437.34963313173677,19225.625646395954,alice,0.8131971146720642,bob,0.7002547771935156,0.11294233747854865,alice,alice,alice,1,1,1,0,0,10.635331594207683,10.80988855976152,5.741177909271206,27.18639806324041
Bright_Near_20260114_210100_T1,1736899004.44,111,Bright,Near,4,4,1280,720,25.258851102186892,0,3,bob,4,1,0.565309496255235,1047.4748866695309,226.69512251717788,1171.4773311930403,419.41910888195457,23898.245427547812,bob,0.9796949870508899,alice,0.8083168950339581,0.17137809201693177,bob,bob,bob,1,1,1,0,0,10.635331594207683,10.80988855976152,5.741177909271206,27.18639806324041
Bright_Near_20260114_210100_T1,1736899004.48,112,Bright,Near,4,4,1280,720,25.464912321917648,2,0,diana,1,1,0.7434844924073045,109.1577745638271,334.79189869681454,219.4929953994909,474.0863916540595,15369.08864162944,diana,0.7997768977962469,alice,0.6762412839080596,0.12353561388818735,diana,diana,diana,1,1,1,0,0,16.67411328946469,9.19861337480202,7.233242352673612,33.10596901694032
Bright_Near_20260114_210100_T1,1736899004.48,112,Bright,Near,4,4,1280,720,25.464912321917648,2,1,chen,2,1,0.7158835357689948,407.6082505903531,280.12090028881966,526.1857341997218,423.0588544535877,16949.222917129468,bob,0.6680310389120141,diana,0.6100990813470684,0.057931957564945735,unknown,unknown,unknown,0,0,0,0,0,16.67411328946469,9.19861337480202,7.233242352673612,33.10596901694032
Bright_Near_20260114_210100_T1,1736899004.48,112,Bright,Near,4,4,1280,720,25.464912321917648,2,2,alice,3,1,0.806845863648785,779.6862388540906,246.22423210057337,884.1564605022509,425.552457492103,18734.459454424345,alice,0.8430577993524967,bob,0.6848523318222144,0.1582054675302823,alice,alice,alice,2,1,1,0,0,16.67411328946469,9.19861337480202,7.233242352673612,33.10596901694032
Bright_Near_20260114_210100_T1,1736899004.48,112,Bright,Near,4,4,1280,720,25.464912321917648,2,3,bob,4,1,0.7279834840633416,1060.1022270995547,292.47706984796616,1170.0639922706307,444.9256786246759,16763.51811896179,bob,0.832604367063441,diana,0.7396781170131257,0.0929262500503153,bob,bob,bob,2,1,1,0,0,16.67411328946469,9.19861337480202,7.233242352673612,33.10596901694032
Bright_Near_20260114_210100_T1,1736899004.52,113,Bright,Near,4,4,1280,720,27.230155522959034,2,0,diana,1,1,0.6362351154005987,100.7457522658043,229.63865124591945,205.1523632274684,403.17697529778405,18118.548286222227,diana,0.820884334166265,bob,0.727223901072275,0.09366043309399008,diana,diana,diana,1,1,1,0,0,9.20370914431092,10.234598895692471,6.8444665495273185,26.28277458953071
Bright_Near_20260114_210100_T1,1736899004.52,113,Bright,Near,4,4,1280,720,27.230155522959034,2,1,chen,2,1,0.9839452550810026,457.4255293331647,396.1271774515632,544.9088753657767,526.1167272922752,11371.920769338463,chen,0.8709992433415269,bob,0.7484957135063011,0.12250352983522583,chen,chen,chen,1,1,1,0,0,9.20370914431092,10.234598895692471,6.8444665495273185,26.28277458953071
Bright_Near_20260114_210100_T1,1736899004.52,113,Bright,Near,4,4,1280,720,27.230155522959034,2,2,alice,3,1,0.8955581084643239,738.3821030677234,265.05090821623395,847.3853893287176,406.67641965910053,15437.646165666492,alice,0.9170535606677804,diana,0.7965368084840492,0.12051675218373126,alice,alice,alice,1,1,1,0,0,9.20370914431092,10.234598895692471,6.8444665495273185,26.28277458953071
Bright_Near_20260114_210100_T1,1736899004.52,113,Bright,Near,4,4,1280,720,27.230155522959034,2,3,bob,4,1,0.7474977072097699,1087.893520920521,276.62371096224524,1188.8967036913277,486.8613793155997,21234.673642002104,bob,0.8924647541894746,chen,0.7690596824318816,0.12340507175759297,bob,bob,bob,2,1,1,0,0,9.20370914431092,10.234598895692471,6.8444665495273185,26.28277458953071
Bright_Near_20260114_210100_T1,1736899004.56,114,Bright,Near,4,4,1280,720,26.744905347533653,2,0,diana,1,1,0.7687710949229171,119.88069182487791,206.63548013550275,212.79545987289757,354.50708153072236,13739.45554452605,diana,0.9269465226647389,chen,0.8561790240260244,0.07076749863871445,diana,diana,diana,1,1,1,0,0,10.793373143704764,7.702277394372988,12.11678485630669,30.61243539438444
Bright_Near_20260114_210100_T1,1736899004.56,114,Bright,Near,4,4,1280,720,26.744905347533653,2,1,chen,2,1,0.7358130341044938,415.63176226699727,199.50580921308062,515.9905846693297,331.7598754022447,13272.862340664631,diana,0.7821574435683687,chen,0.7403043659209823,0.04185307764738644,diana,diana,diana,1,0,0,1,0,10.793373143704764,7.702277394372988,12.11678485630669,30.61243539438444
Bright_Near_20260114_210100_T1,1736899004.56,114,Bright,Near,4,4,1280,720,26.744905347533653,2,2,alice,3,1,0.7569341897150185,739.4394231739668,202.74736590994752,861.1798581341711,369.1094321359072,20252.990303226645,alice,0.8591791487566395,chen,0.7074597791849329,0.15171936957170662,alice,alice,alice,3,1,1,0,0,10.793373143704764,7.702277394372988,12.11678485630669,30.61243539438444
Bright_Near_20260114_210100_T1,1736899004.56,114,Bright,Near,4,4,1280,720,26.744905347533653,2,3,bob,4,1,0.8595656185840813,1051.2028867959648,309.779704872683,1169.6040836358152,453.0489374747212,16963.248610408235,bob,0.8696880478226249,chen,0.7310217712928974,0.13866627652972752,bob,bob,bob,2,1,1,0,0,10.793373143704764,7.702277394372988,12.11678485630669,30.61243539438444
Bright_Near_20260114_210100_T1,1736899004.6,115,Bright,Near,4,4,1280,720,22.129618805212885,1,0,diana,1,1,0.8495132791465181,119.45963743412824,253.3867558455595,232.59345488458536,441.18773656322867,21246.6418695296,diana,0.8153405757537273,chen,0.6399609587116388,0.1753796170420885,diana,diana,diana,3,1,1,0,0,12.484173898149052,6.97703241001367,10.170131519242119,29.631337827404842
Bright_Near_20260114_210100_T1,1736899004.6,115,Bright,Near,4,4,1280,720,22.129618805212885,1,1,chen,2,1,0.6304716977694267,415.7715817586603,208.77536501728116,526.9487112098633,410.48722350308253,22425.745402718672,chen,0.822776069482417,bob,0.7451458864423393,0.07763018304007774,chen,chen,chen,2,1,1,0,0,12.484173898149052,6.97703241001367,10.170131519242119,29.631337827404842
Bright_Near_20260114_210100_T1,1736899004.6,115,Bright,Near,4,4,1280,720,22.129618805212885,1,2,alice,3,1,0.6210974695423321,723.441219245282,184.39328446122454,847.811687131258,394.4175400107115,26120.814930093493,alice,0.8164583880601637,bob,0.703517342498119,0.11294104556204465,alice,alice,alice,2,1,1,0,0,12.484173898149052,6.97703241001367,10.170131519242119,29.631337827404842
Bright_Near_20260114_210100_T1,1736899004.6,115,Bright,Near,4,4,1280,720,22.129618805212885,1,3,bob,4,1,0.7464261127185567,1081.3670922478793,230.8050715824021,1168.9119072326055,372.3348789043906,12390.200796827425,bob,0.8483419621524859,alice,0.7490136899340107,0.09932827221847518,bob,bob,bob,2,1,1,0,0,12.484173898149052,6.97703241001367,10.170131519242119,29.631337827404842
Bright_Near_20260114_210100_T1,1736899004.64,116,Bright,Near,4,4,1280,720,22.412335092230975,2,0,diana,1,1,0.6918230383986628,104.67888182412456,268.6582635207219,212.02917345013702,480.9793208153526,22792.727418921906,diana,0.8838322007376764,alice,0.7311817556364059,0.15265044510127057,diana,diana,diana,2,1,1,0,0,14.1079082404615,10.343340820114967,4.716156801012003,29.16740586158847
Bright_Near_20260114_210100_T1,1736899004.64,116,Bright,Near,4,4,1280,720,22.412335092230975,2,1,chen,2,1,0.9299627348617256,432.971948368236,230.6569162494333,517.0091727374929,395.13030816862704,13821.887339486015,chen,0.8040615872372957,diana,0.6344901631795309,0.16957142405776482,chen,chen,chen,2,1,1,0,0,14.1079082404615,10.343340820114967,4.716156801012003,29.16740586158847
Bright_Near_20260114_210100_T1,1736899004.64,116,Bright,Near,4,4,1280,720,22.412335092230975,2,2,alice,3,1,0.7460889926281672,760.3396176586441,201.10700963962597,847.3137288020771,394.1576064326159,16790.404061779576,alice,0.892312795537619,diana,0.7638584372958013,0.12845435824181772,alice,alice,alice,1,1,1,0,0,14.1079082404615,10.343340820114967,4.716156801012003,29.16740586158847
Bright_Near_20260114_210100_T1,1736899004.64,116,Bright,Near,4,4,1280,720,22.412335092230975,2,3,bob,-1,0,-1.0,-1.0,-1.0,-1.0,-1.0,0.0,unknown,-1.0,unknown,-1.0,-1.0,unknown,unknown,unknown,0,0,0,0,1,14.1079082404615,10.343340820114967,4.716156801012003,29.16740586158847
Bright_Near_20260114_210100_T1,1736899004.68,117,Bright,Near,4,4,1280,720,25.63867415083034,0,0,diana,1,1,0.8075137481026382,108.964130263156,213.5568768031522,223.25838882130415,388.1815072174166,19958.592659189,diana,0.8063067623337934,chen,0.6332839911724406,0.17302277116135278,diana,diana,diana,2,1,1,0,0,6.428659200316413,5.647537977287969,4.835591377964518,16.9117885555689
Bright_Near_20260114_210100_T1,1736899004.68,117,Bright,Near,4,4,1280,720,25.63867415083034,0,1,chen,2,1,0.8595086935148797,433.99420821318176,270.91020434732775,538.478776432912,400.76469776678255,13567.790676323537,chen,0.8929940477728525,bob,0.7627329189217998,0.13026112885105268,chen,chen,chen,1,1,1,0,0,6.428659200316413,5.647537977287969,4.835591377964518,16.9117885555689
Bright_Near_20260114_210100_T1,1736899004.68,117,Bright,Near,4,4,1280,720,25.63867415083034,0,2,alice,3,1,0.8157966696753047,773.7908301909338,274.2263090779692,867.0964504545489,449.2537975150385,16331.048371803472,chen,0.8404351093509744,alice,0.7910037764990622,0.04943133285191226,chen,chen,chen,2,0,0,1,0,6.428659200316413,5.647537977287969,4.835591377964518,16.9117885555689
Bright_Near_20260114_210100_T1,1736899004.68,117,Bright,Near,4,4,1280,720,25.63867415083034,0,3,bob,4,1,0.8317307791164532,1070.083825417574,216.87433518152687,1162.6132681639322,386.44500511520215,15690.27959508961,diana,0.7677271863720139,bob,0.6871183966284906,0.08060878974352326,diana,diana,diana,1,0,0,1,0,6.428659200316413,5.647537977287969,4.835591377964518,16.9117885555689
Bright_Near_20260114_210100_T1,1736899004.72,118,Bright,Near,4,4,1280,720,27.173330712155575,4,0,diana,1,1,0.7353760837073302,99.51917873076698,283.3785607708643,190.72421505372083,419.7994772942676,12442.274646727654,diana,0.7951658152094377,bob,0.6432789045003025,0.1518869107091353,diana,diana,diana,2,1,1,0,0,10.212702659713042,5.863721899162834,9.468744281949007,25.545168840824882
Bright_Near_20260114_210100_T1,1736899004.72,118,Bright,Near,4,4,1280,720,27.173330712155575,4,1,chen,2,1,0.8012782109395659,428.29364079956287,187.1613951635197,516.9342785510145,334.6260889164413,13071.364500081472,chen,0.8296892739068064,bob,0.7685909425889854,0.06109833131782094,chen,chen,chen,2,1,1,0,0,10.212702659713042,5.863721899162834,9.468744281949007,25.545168840824882
Bright_Near_20260114_210100_T1,1736899004.72,118,Bright,Near,4,4,1280,720,27.173330712155575,4,2,alice,3,1,0.7752209699071169,744.2609072110716,253.09748866784867,870.3482770581514,383.34688821375005,16422.804212904135,alice,0.7871526892419209,chen,0.7181658117380513,0.06898687750386967,alice,alice,alice,2,1,1,0,0,10.212702659713042,5.863721899162834,9.468744281949007,25.545168840824882
Bright_Near_20260114_210100_T1,1736899004.72,118,Bright,Near,4,4,1280,720,27.173330712155575,4,3,bob,4,1,0.8340266434200576,1043.898576744496,223.17153145951016,1146.5423466263815,366.6951872562078,14731.809098203164,bob,0.7965845196313641,chen,0.6228400157177901,0.173744503913574,bob,bob,bob,2,1,1,0,0,10.212702659713042,5.863721899162834,9.468744281949007,25.545168840824882
Bright_Near_20260114_210100_T1,1736899004.76,119,Bright,Near,4,4,1280,720,23.97296710095467,3,0,diana,1,1,0.5690430600016014,136.14944958091692,290.3049947117635,233.4274321030468,430.7182598187696,13659.119148954525,diana,0.924302662704816,alice,0.7884052397989121,0.1358974229059039,diana,diana,diana,3,1,1,0,0,18.68930002146814,14.264370005342009,3.595353479460467,36.549023506270615
Bright_Near_20260114_210100_T1,1736899004.76,119,Bright,Near,4,4,1280,720,23.97296710095467,3,1,chen,2,1,0.9207689193824996,442.8524238799475,257.2743759127669,546.7546797042822,447.28591258288975,19742.627292674068,chen,0.8574782228333595,diana,0.7469775971795738,0.11050062565378571,chen,chen,chen,2,1,1,0,0,18.68930002146814,14.264370005342009,3.595353479460467,36.549023506270615
Bright_Near_20260114_210100_T1,1736899004.76,119,Bright,Near,4,4,1280,720,23.97296710095467,3,2,alice,3,1,0.7488895784345255,749.9256581629182,217.93524426229692,863.807649259223,411.0155028892308,21988.364293824707,alice,0.8612066867639274,bob,0.7406427717444207,0.1205639150195067,alice,alice,alice,1,1,1,0,0,18.68930002146814,14.264370005342009,3.595353479460467,36.549023506270615
Bright_Near_20260114_210100_T1,1736899004.76,119,Bright,Near,4,4,1280,720,23.97296710095467,3,3,bob,4,1,0.839809961363758,1092.8545241184656,279.22003284634656,1193.6895569581534,422.5368654729131,14451.357524379873,bob,0.8272916875923242,alice,0.7328320731617651,0.09445961443055906,bob,bob,bob,1,1,1,0,0,18.68930002146814,14.264370005342009,3.595353479460467,36.549023506270615
Bright_Near_20260114_210100_T1,1736899004.8,120,Bright,Near,4,4,1280,720,27.369534318849304,0,0,diana,1,1,0.7568284110570217,121.72523115651023,276.1016275013356,212.773144990945,457.49274519423346,16515.282854034784,diana,0.8623161621598634,bob,0.7487516579987552,0.11356450416110819,diana,diana,diana,1,1,1,0,0,12.744270678754276,9.967303629753031,8.075215384096575,30.786789692603882
Bright_Near_20260114_210100_T1,1736899004.8,120,Bright,Near,4,4,1280,720,27.369534318849304,0,1,chen,2,1,0.7105935968032256,439.7371342543065,226.14438052590307,525.9606629096215,430.98037925940105,17661.682606437833,chen,0.8669537160056725,bob,0.7065086230072707,0.16044509299840182,chen,chen,chen,2,1,1,0,0,12.744270678754276,9.967303629753031,8.075215384096575,30.786789692603882
Bright_Near_20260114_210100_T1,1736899004.8,120,Bright,Near,4,4,1280,720,27.369534318849304,0,2,alice,3,1,0.7581801460330393,772.8261987493111,295.58662193459315,897.1082701776675,449.6461583279656,19146.83830626059,alice,0.9083747805985083,chen,0.768519761824646,0.1398550187738623,alice,alice,alice,2,1,1,0,0,12.744270678754276,9.967303629753031,8.075215384096575,30.786789692603882
Bright_Near_20260114_210100_T1,1736899004.8,120,Bright,Near,4,4,1280,720,27.369534318849304,0,3,bob,4,1,0.8610149220071203,1071.7312843889326,233.56568765422526,1181.5757337246223,391.53877721762797,17352.467032949553,bob,0.8911788265854375,chen,0.8288427222198148,0.06233610436562265,bob,bob,bob,2,1,1,0,0,12.744270678754276,9.967303629753031,8.075215384096575,30.786789692603882
Bright_Near_20260114_210100_T1,1736899004.84,121,Bright,Near,4,4,1280,720,24.142713394358893,1,0,diana,1,1,0.9195138858480629,103.15801559892103,206.71389056271076,212.76756660539243,380.0850731470231,19003.13748052745,diana,0.852580790592605,chen,0.7286573815290525,0.12392340906355259,diana,diana,diana,2,1,1,0,0,9.12497781783181,8.93533772128151,5.273162487972632,23.333478027085953
Bright_Near_20260114_210100_T1,1736899004.84,121,Bright,Near,4,4,1280,720,24.142713394358893,1,1,chen,2,1,0.8211140393620455,407.5032986172543,219.43206475438478,508.8074169290284,418.6032715573108,20176.863498262446,chen,0.8957765493537774,alice,0.7393174242051097,0.15645912514866767,chen,chen,chen,1,1,1,0,0,9.12497781783181,8.93533772128151,5.273162487972632,23.333478027085953
Bright_Near_20260114_210100_T1,1736899004.84,121,Bright,Near,4,4,1280,720,24.142713394358893,1,2,alice,3,1,0.7620905683235442,754.8962994646336,258.4853946275116,879.7559942684804,397.90136836754755,17407.43593196202,alice,0.8590069088156104,chen,0.7368016414338295,0.12220526738178084,alice,alice,alice,2,1,1,0,0,9.12497781783181,8.93533772128151,5.273162487972632,23.333478027085953
Bright_Near_20260114_210100_T1,1736899004.84,121,Bright,Near,4,4,1280,720,24.142713394358893,1,3,bob,4,1,0.7034831720485066,1060.2478708015524,238.10102845787986,1173.882978625475,432.904910342993,22136.56012253353,bob,0.8160369848798996,alice,0.7350295075035038,0.0810074773763958,bob,bob,bob,3,1,1,0,0,9.12497781783181,8.93533772128151,5.273162487972632,23.333478027085953
Bright_Near_20260114_210100_T1,1736899004.88,122,Bright,Near,4,4,1280,720,24.79685038201243,0,0,diana,1,1,0.8396643733713884,92.50708465326832,103.07329472468363,211.72891417812664,304.17954745806134,23976.255379761827,diana,0.8455422097212005,bob,0.672649291973246,0.17289291774795457,diana,diana,diana,1,1,1,0,0,13.067683489408848,8.204450550985129,8.297690193180145,29.56982423357412
Bright_Near_20260114_210100_T1,1736899004.88,122,Bright,Near,4,4,1280,720,24.79685038201243,0,1,chen,2,1,0.6696165375074794,411.9280820372138,188.38182963667373,536.0401135947021,345.5295685221347,19503.925127740265,chen,0.7850208795906993,bob,0.7074206242649432,0.0776002553257561,chen,chen,chen,2,1,1,0,0,13.067683489408848,8.204450550985129,8.297690193180145,29.56982423357412
Bright_Near_20260114_210100_T1,1736899004.88,122,Bright,Near,4,4,1280,720,24.79685038201243,0,2,alice,3,1,0.7993417087362754,775.8331993733864,212.7546961581998,876.1782535170532,410.72786839726626,19865.62868732261,alice,0.8079668727441655,chen,0.7033463809324645,0.10462049181170097,alice,alice,alice,1,1,1,0,0,13.067683489408848,8.204450550985129,8.297690193180145,29.56982423357412
Bright_Near_20260114_210100_T1,1736899004.88,122,Bright,Near,4,4,1280,720,24.79685038201243,0,3,bob,4,1,0.8513087392823421,1089.2003640088733,241.67350451282266,1184.7060805976835,431.91767202365065,18169.405544963265,bob,0.8446425892406885,diana,0.749996042292614,0.0946465469480745,bob,bob,bob,1,1,1,0,0,13.067683489408848,8.204450550985129,8.297690193180145,29.56982423357412
Bright_Near_20260114_210100_T1,1736899004.92,123,Bright,Near,4,4,1280,720,24.572187645907213,1,0,diana,1,1,0.9447219337641108,105.29040917330197,280.4207747170881,199.74950976253933,446.9590625279063,15731.056880281443,diana,0.8912244716844603,bob,0.8007418276839506,0.09048264400050965,diana,diana,diana,2,1,1,0,0,19.819461482018674,9.76178703666898,7.4394320668473775,37.02068058553503
Bright_Near_20260114_210100_T1,1736899004.92,123,Bright,Near,4,4,1280,720,24.572187645907213,1,1,chen,2,1,0.8738042200620026,430.2943633585936,219.0258235901216,551.9288142240067,378.3550507101153,19379.923047551114,chen,0.8605713996475947,bob,0.7529561384909418,0.10761526115665287,chen,chen,chen,1,1,1,0,0,19.819461482018674,9.76178703666898,7.4394320668473775,37.02068058553503
Bright_Near_20260114_210100_T1,1736899004.92,123,Bright,Near,4,4,1280,720,24.572187645907213,1,2,alice,3,1,0.8296220877541098,757.0192640972389,201.00158117369247,871.5335092411522,410.8436658492685,24029.907926048723,alice,0.8940870104605859,diana,0.7434596221005573,0.15062738836002865,alice,alice,alice,2,1,1,0,0,19.819461482018674,9.76178703666898,7.4394320668473775,37.02068058553503
Bright_Near_20260114_210100_T1,1736899004.92,123,Bright,Near,4,4,1280,720,24.572187645907213,1,3,bob,4,1,0.7841626627585935,1082.7516816392654,254.6882168815934,1166.9091716665926,402.00062675858857,12397.442665124756,bob,0.7756005023047738,chen,0.648753306741637,0.12684719556313684,bob,bob,bob,2,1,1,0,0,19.819461482018674,9.76178703666898,7.4394320668473775,37.02068058553503
Bright_Near_20260114_210100_T1,1736899004.96,124,Bright,Near,4,4,1280,720,24.47206853947086,0,0,diana,1,1,0.8050868034473986,104.35352508501647,272.9757907579634,197.4056332050289,430.04633215369154,14615.74500042418,diana,0.8959584362311512,chen,0.8144764149154763,0.08148202131567495,diana,diana,diana,3,1,1,0,0,11.563572460451335,4.808759219013059,7.438834480691854,23.811166160156247
Bright_Near_20260114_210100_T1,1736899004.96,124,Bright,Near,4,4,1280,720,24.47206853947086,0,1,chen,2,1,0.6950144604237494,442.44775676418914,231.42282516810198,566.1447577861065,439.7997915108258,25775.605818639957,chen,0.9367371358511647,alice,0.8459529127977155,0.09078422305344924,chen,chen,chen,2,1,1,0,0,11.563572460451335,4.808759219013059,7.438834480691854,23.811166160156247
Bright_Near_20260114_210100_T1,1736899004.96,124,Bright,Near,4,4,1280,720,24.47206853947086,0,2,alice,3,1,0.8456701284834157,713.8761950226851,239.33660763996764,817.0875219745938,407.51699997075355,17358.121459753012,alice,0.7369865643895765,chen,0.6524597740039701,0.0845267903856064,alice,alice,alice,2,1,1,0,0,11.563572460451335,4.808759219013059,7.438834480691854,23.811166160156247
Bright_Near_20260114_210100_T1,1736899004.96,124,Bright,Near,4,4,1280,720,24.47206853947086,0,3,bob,4,1,0.7262507935438979,1064.8446471683224,213.9323932967107,1155.8007970766535,390.04305789789936,16018.348009921534,bob,0.8626924171442897,alice,0.7661809490885957,0.096511468055694,bob,bob,bob,2,1,1,0,0,11.563572460451335,4.808759219013059,7.438834480691854,23.811166160156247
Bright_Near_20260114_210100_T1,1736899005.0,125,Bright,Near,4,4,1280,720,25.739423432921697,0,0,diana,1,1,0.7084560200029831,90.47492443794681,132.10426027517985,185.13863893754979,334.8644449880626,19194.032237547093,diana,0.8444123640205844,alice,0.7401709124798618,0.10424145154072262,diana,diana,diana,1,1,1,0,0,13.044020446540118,9.620646332328253,4.390928035434131,27.055594814302502
Bright_Near_20260114_210100_T1,1736899005.0,125,Bright,Near,4,4,1280,720,25.739423432921697,0,1,chen,2,1,0.7432343572785521,452.56139985901143,164.85736309075514,541.4587908092749,318.2242974054076,13633.920318613034,chen,0.7801908734143602,bob,0.6528143357523297,0.1273765376620305,chen,chen,chen,1,1,1,0,0,13.044020446540118,9.620646332328253,4.390928035434131,27.055594814302502
Bright_Near_20260114_210100_T1,1736899005.0,125,Bright,Near,4,4,1280,720,25.739423432921697,0,2,alice,3,1,0.615541488089901,765.7877806888017,258.0983428545288,893.768049931541,430.9058792948289,22115.955040804078,alice,0.856300116545057,bob,0.68905303374174,0.16724708280331702,alice,alice,alice,2,1,1,0,0,13.044020446540118,9.620646332328253,4.390928035434131,27.055594814302502
Bright_Near_20260114_210100_T1,1736899005.0,125,Bright,Near,4,4,1280,720,25.739423432921697,0,3,bob,4,1,0.8258900673808675,1064.5232298453666,248.17221000105062,1158.7433170264535,385.9743796169829,12983.732434956066,bob,0.9299168542890245,chen,0.8046236300347833,0.12529322425424116,bob,bob,bob,2,1,1,0,0,13.044020446540118,9.620646332328253,4.390928035434131,27.055594814302502
Bright_Near_20260114_210100_T1,1736899005.04,126,Bright,Near,4,4,1280,720,26.54913885459521,1,0,diana,1,1,0.8490261865931812,96.81451349704275,254.85808646859925,180.126022947862,400.0974625274905,12100.11165116141,diana,0.8876963344818573,bob,0.7486264971148385,0.13906983736701872,diana,diana,diana,2,1,1,0,0,12.43762035008946,8.866075733242413,3.1398685666128276,24.4435646499447
Bright_Near_20260114_210100_T1,1736899005.04,126,Bright,Near,4,4,1280,720,26.54913885459521,1,1,chen,2,1,0.7984203124274215,421.411795199664,211.46392270479242,531.6241627047325,382.6209546933681,18863.621710601663,chen,0.8818165252335703,bob,0.7933452830599689,0.08847124217360147,chen,chen,chen,2,1,1,0,0,12.43762035008946,8.866075733242413,3.1398685666128276,24.4435646499447
Bright_Near_20260114_210100_T1,1736899005.04,126,Bright,Near,4,4,1280,720,26.54913885459521,1,2,alice,3,1,0.7648258249632013,768.1072594664903,228.96245650002493,848.2013491115196,416.3829773563534,15011.275998784853,alice,0.8816620179569397,diana,0.8178788812361281,0.0637831367208116,alice,alice,alice,2,1,1,0,0,12.43762035008946,8.866075733242413,3.1398685666128276,24.4435646499447
Bright_Near_20260114_210100_T1,1736899005.04,126,Bright,Near,4,4,1280,720,26.54913885459521,1,3,bob,4,1,0.8234137648755921,1032.7081524007106,235.16562700517176,1123.2296035936113,368.3660951206036,12057.499673382588,bob,0.8869176229422231,chen,0.7647679073710907,0.12214971557113241,bob,bob,bob,2,1,1,0,0,12.43762035008946,8.866075733242413,3.1398685666128276,24.4435646499447
Bright_Near_20260114_210100_T1,1736899005.08,127,Bright,Near,4,4,1280,720,26.097138462680654,1,0,diana,1,1,0.8508719417106623,86.33600920527317,163.8310814149661,192.42892292954946,363.5046390131272,21183.949519281017,diana,0.8228336448076651,alice,0.6549751082599361,0.16785853654772898,diana,diana,diana,2,1,1,0,0,10.972397458747707,11.150293716327932,6.531826773260979,28.65451794833662
Bright_Near_20260114_210100_T1,1736899005.08,127,Bright,Near,4,4,1280,720,26.097138462680654,1,1,chen,2,1,0.7513998973017839,437.1968596988002,204.2512662623986,539.2693447820034,406.3382789755696,20627.52359067424,chen,0.8220722084943141,bob,0.7143187813077762,0.10775342718653791,chen,chen,chen,2,1,1,0,0,10.972397458747707,11.150293716327932,6.531826773260979,28.65451794833662
Bright_Near_20260114_210100_T1,1736899005.08,127,Bright,Near,4,4,1280,720,26.097138462680654,1,2,alice,3,1,0.9000400089862814,783.495439863316,245.93806915728658,871.0380605054172,410.3143261762866,14389.928310782838,alice,0.838642061257763,chen,0.7705821915268652,0.06805986973089773,alice,alice,alice,3,1,1,0,0,10.972397458747707,11.150293716327932,6.531826773260979,28.65451794833662
Bright_Near_20260114_210100_T1,1736899005.08,127,Bright,Near,4,4,1280,720,26.097138462680654,1,3,bob,4,1,0.7518878113625664,1072.8595467522002,143.79537399373754,1162.81764369278,313.70518343630937,15284.763108990302,bob,0.8606644456476708,chen,0.768197235214204,0.09246721043346673,bob,bob,bob,2,1,1,0,0,10.972397458747707,11.150293716327932,6.531826773260979,28.65451794833662
Bright_Near_20260114_210100_T1,1736899005.12,128,Bright,Near,4,4,1280,720,25.70454597177092,1,0,diana,1,1,0.8488918044501268,85.97994887297513,239.68515234862267,172.15118281385276,403.99144617009097,14158.476082848321,diana,0.8415016242293536,chen,0.7740182582659028,0.06748336596345084,diana,diana,diana,3,1,1,0,0,10.186227752819377,9.390191525707131,7.681587175627438,27.258006454153946
Bright_Near_20260114_210100_T1,1736899005.12,128,Bright,Near,4,4,1280,720,25.70454597177092,1,1,chen,2,1,0.8016479768844338,415.85650928635806,236.8378549956771,509.7194523487537,441.3747219239985,19198.432294653823,chen,0.9121889799979681,diana,0.7813849882791848,0.13080399171878332,chen,chen,chen,1,1,1,0,0,10.186227752819377,9.390191525707131,7.681587175627438,27.258006454153946
Bright_Near_20260114_210100_T1,1736899005.12,128,Bright,Near,4,4,1280,720,25.70454597177092,1,2,alice,3,1,0.7435907313802996,745.224383679353,155.85697425663534,834.2643475675081,363.3663280097387,18476.62536463074,alice,0.8800070504672531,diana,0.7069996362424191,0.173007414224834,alice,alice,alice,2,1,1,0,0,10.186227752819377,9.390191525707131,7.681587175627438,27.258006454153946
Bright_Near_20260114_210100_T1,1736899005.12,128,Bright,Near,4,4,1280,720,25.70454597177092,1,3,bob,4,1,0.817526322636089,1065.3667751761514,260.63308985995764,1157.228132761708,464.3669213879076,18715.26635026455,bob,0.8167013904884411,diana,0.7243871319753684,0.09231425851307273,bob,bob,bob,2,1,1,0,0,10.186227752819377,9.390191525707131,7.681587175627438,27.258006454153946
Bright_Near_20260114_210100_T1,1736899005.16,129,Bright,Near,4,4,1280,720,24.55762612009851,1,0,diana,1,1,0.6869037863523725,109.98538258741327,288.62814215326466,223.14695797264346,483.1923826143485,22017.195964206992,diana,0.6922024243095598,alice,0.6658474131574939,0.026355011152065955,unknown,unknown,unknown,0,0,0,0,0,12.339490165960942,6.080905535654519,7.134991444284534,25.555387145899996
Bright_Near_20260114_210100_T1,1736899005.16,129,Bright,Near,4,4,1280,720,24.55762612009851,1,1,chen,2,1,0.6893461422206442,398.067393488577,219.1005168253814,520.9120150472634,420.53922471127214,24745.661837513017,chen,0.9266237258622669,bob,0.7520488152800837,0.17457491058218322,chen,chen,chen,2,1,1,0,0,12.339490165960942,6.080905535654519,7.134991444284534,25.555387145899996
Bright_Near_20260114_210100_T1,1736899005.16,129,Bright,Near,4,4,1280,720,24.55762612009851,1,2,alice,3,1,0.9459360106677766,716.6634518234096,197.24339066703857,827.2157160890408,385.8093934621451,20846.398572518385,alice,0.8966964351319496,diana,0.7838335643914514,0.11286287074049828,alice,alice,alice,2,1,1,0,0,12.339490165960942,6.080905535654519,7.134991444284534,25.555387145899996
Bright_Near_20260114_210100_T1,1736899005.16,129,Bright,Near,4,4,1280,720,24.55762612009851,1,3,bob,4,1,0.8079899262292866,1060.1842498807544,370.2807964465702,1170.585743064493,511.7840803158796,15622.1738295742,bob,0.836392885867237,alice,0.6833354367929547,0.15305744907428231,bob,bob,bob,3,1,1,0,0,12.339490165960942,6.080905535654519,7.134991444284534,25.555387145899996
Bright_Near_20260114_210100_T1,1736899005.2,130,Bright,Near,4,4,1280,720,24.18506461734033,1,0,diana,1,1,0.8368599351665397,112.23028008354774,204.2138176336909,200.83951227337573,404.71050380855644,17765.857418559735,diana,0.824895005466839,alice,0.6605488998210982,0.16434610564574081,diana,diana,diana,2,1,1,0,0,14.364366638594028,9.167001319292845,14.407079329439858,37.93844728732673
Bright_Near_20260114_210100_T1,1736899005.2,130,Bright,Near,4,4,1280,720,24.18506461734033,1,1,chen,2,1,0.7952636354080629,417.29050896898264,175.14730765466817,541.7318435047199,307.97797477830056,16529.625484137097,chen,0.852896156972755,alice,0.6811150924512375,0.17178106452151753,chen,chen,chen,2,1,1,0,0,14.364366638594028,9.167001319292845,14.407079329439858,37.93844728732673
Bright_Near_20260114_210100_T1,1736899005.2,130,Bright,Near,4,4,1280,720,24.18506461734033,1,2,alice,3,1,0.7730148075915787,734.7192793488474,285.54822546886965,853.1892314612295,450.64783229270915,19559.342514193377,bob,0.7156025192988187,alice,0.6513779742199151,0.06422454507890363,bob,bob,bob,1,0,0,1,0,14.364366638594028,9.167001319292845,14.407079329439858,37.93844728732673
Bright_Near_20260114_210100_T1,1736899005.2,130,Bright,Near,4,4,1280,720,24.18506461734033,1,3,bob,4,1,0.5838960981566005,1072.892991425121,222.21594998084112,1155.8597801983572,408.179971187351,15428.837666862122,bob,0.8687525461902729,diana,0.7406678778737,0.12808466831657284,bob,bob,bob,2,1,1,0,0,14.364366638594028,9.167001319292845,14.407079329439858,37.93844728732673
Bright_Near_20260114_210100_T1,1736899005.24,131,Bright,Near,4,4,1280,720,26.055008487868598,1,0,diana,1,1,0.6871976213787185,114.08367983359238,234.5472156164282,228.917016487769,419.3972692437335,21226.948438726948,diana,0.885937468464395,chen,0.722839859057099,0.163097609407296,diana,diana,diana,1,1,1,0,0,15.122563311610888,9.20834510119613,3.877912007190128,28.208820419997146
Bright_Near_20260114_210100_T1,1736899005.24,131,Bright,Near,4,4,1280,720,26.055008487868598,1,1,chen,-1,0,-1.0,-1.0,-1.0,-1.0,-1.0,0.0,unknown,-1.0,unknown,-1.0,-1.0,unknown,unknown,unknown,0,0,0,0,1,15.122563311610888,9.20834510119613,3.877912007190128,28.208820419997146
Bright_Near_20260114_210100_T1,1736899005.24,131,Bright,Near,4,4,1280,720,26.055008487868598,1,2,alice,3,1,0.765065508677865,751.4099916487078,256.7757849866427,834.9621529428473,430.84081187397254,14543.509202158917,alice,0.834083375971436,bob,0.7053071468738206,0.12877622909761544,alice,alice,alice,2,1,1,0,0,15.122563311610888,9.20834510119613,3.877912007190128,28.208820419997146
Bright_Near_20260114_210100_T1,1736899005.24,131,Bright,Near,4,4,1280,720,26.055008487868598,1,3,bob,4,1,0.8530685317068484,1070.9481845486396,289.15665479999774,1150.9536686416398,422.8822719514861,10698.782735840032,bob,0.8723488150192781,diana,0.8059439072021146,0.06640490781716346,bob,bob,bob,3,1,1,0,0,15.122563311610888,9.20834510119613,3.877912007190128,28.208820419997146
Bright_Near_20260114_210100_T1,1736899005.28,132,Bright,Near,4,4,1280,720,27.241834579223834,0,0,diana,1,1,0.6967830644361528,127.23201193890652,196.20087537932977,247.4207224708839,408.63541217512807,25532.233049944898,diana,0.9422925555614056,bob,0.7786323942403675,0.1636601613210381,diana,diana,diana,2,1,1,0,0,9.616576659977328,5.698384533586397,6.148477400529526,21.46343859409325
Bright_Near_20260114_210100_T1,1736899005.28,132,Bright,Near,4,4,1280,720,27.241834579223834,0,1,chen,2,1,0.7823567239661352,429.18340030264295,205.0630586382089,552.5567857796262,395.07395058790405,23442.28701733516,alice,0.7123544049566941,diana,0.6472455250584562,0.06510887989823788,unknown,unknown,unknown,0,0,0,0,0,9.616576659977328,5.698384533586397,6.148477400529526,21.46343859409325
Bright_Near_20260114_210100_T1,1736899005.28,132,Bright,Near,4,4,1280,720,27.241834579223834,0,2,alice,3,1,0.7923413975235366,738.6362688621915,239.4450093957696,852.0413173768555,440.8885662398462,22844.71633686899,alice,0.9081634374841457,diana,0.736503238455153,0.17166019902899277,alice,alice,alice,2,1,1,0,0,9.616576659977328,5.698384533586397,6.148477400529526,21.46343859409325
Bright_Near_20260114_210100_T1,1736899005.28,132,Bright,Near,4,4,1280,720,27.241834579223834,0,3,bob,4,1,0.6991519676002234,1076.3981903628658,164.38021402517438,1162.4215040617757,305.5538847560249,12144.22696330658,bob,0.8251489463810214,chen,0.7408045655121676,0.08434438086885387,bob,bob,bob,2,1,1,0,0,9.616576659977328,5.698384533586397,6.148477400529526,21.46343859409325
Bright_Near_20260114_210100_T1,1736899005.32,133,Bright,Near,4,4,1280,720,26.868470663572946,2,0,diana,1,1,0.7561147745175697,122.52214185546302,276.46294577385936,223.83227319942455,452.82648938816726,17867.41376785202,diana,0.8752001482555132,chen,0.7056862327706797,0.16951391548483352,diana,diana,diana,3,1,1,0,0,11.187569208127849,7.170760917116513,3.4347150395806656,21.793045164825028
Bright_Near_20260114_210100_T1,1736899005.32,133,Bright,Near,4,4,1280,720,26.868470663572946,2,1,chen,2,1,0.7049613283092819,414.485681246692,153.58765658112048,534.1412548004486,304.0777736909055,18006.981276943312,chen,0.8054332192362018,alice,0.6814789277038842,0.12395429153231763,chen,chen,chen,2,1,1,0,0,11.187569208127849,7.170760917116513,3.4347150395806656,21.793045164825028
Bright_Near_20260114_210100_T1,1736899005.32,133,Bright,Near,4,4,1280,720,26.868470663572946,2,2,alice,3,1,0.7803338209693329,748.9620250377918,168.44299447747005,854.929189769585,369.6241205617332,21318.593528698777,alice,0.7535860795611605,bob,0.6673143084782079,0.08627177108295259,alice,alice,alice,3,1,1,0,0,11.187569208127849,7.170760917116513,3.4347150395806656,21.793045164825028
Bright_Near_20260114_210100_T1,1736899005.32,133,Bright,Near,4,4,1280,720,26.868470663572946,2,3,bob,4,1,0.7549680233324709,1062.6370397103528,286.015164884049,1188.7333404953274,424.27892942482754,17434.549241196913,bob,0.8051484074613596,chen,0.6857245233266139,0.1194238841347457,bob,bob,bob,2,1,1,0,0,11.187569208127849,7.170760917116513,3.4347150395806656,21.793045164825028
Bright_Near_20260114_210100_T1,1736899005.36,134,Bright,Near,4,4,1280,720,27.838289661421385,3,0,diana,1,1,0.7002578935867907,146.4669458671548,255.01177149623499,264.5418247848751,438.35421767400277,21648.137132918575,diana,0.910654793736455,alice,0.8437796900549069,0.06687510368154803,diana,diana,diana,2,1,1,0,0,10.576023594709836,8.714482973403006,3.985115549493166,23.27562211760601
Bright_Near_20260114_210100_T1,1736899005.36,134,Bright,Near,4,4,1280,720,27.838289661421385,3,1,chen,2,1,0.7435663482465311,425.45184675025484,271.370413522033,531.55331378514,462.73252621940685,20303.80089208638,chen,0.8930845251745169,alice,0.7932501179519102,0.09983440722260661,chen,chen,chen,2,1,1,0,0,10.576023594709836,8.714482973403006,3.985115549493166,23.27562211760601
Bright_Near_20260114_210100_T1,1736899005.36,134,Bright,Near,4,4,1280,720,27.838289661421385,3,2,alice,3,1,0.7319270763754703,748.5727840837116,263.8875685237216,852.298159530627,420.6004525692915,16255.102734995666,alice,0.9478617446751673,bob,0.7764796992057307,0.17138204546943658,alice,alice,alice,2,1,1,0,0,10.576023594709836,8.714482973403006,3.985115549493166,23.27562211760601
Bright_Near_20260114_210100_T1,1736899005.36,134,Bright,Near,4,4,1280,720,27.838289661421385,3,3,bob,4,1,0.7077176571867685,1060.2071002696348,231.40556607664934,1182.1768699412796,385.00313777516243,18734.260442191593,bob,0.837319308625902,alice,0.669589769148466,0.16772953947743596,bob,bob,bob,2,1,1,0,0,10.576023594709836,8.714482973403006,3.985115549493166,23.27562211760601
Bright_Near_20260114_210100_T1,1736899005.4,135,Bright,Near,4,4,1280,720,24.874593039825772,1,0,diana,1,1,0.7805999373624319,102.78001036775774,201.79596582405193,210.56960977303723,406.86594217665777,22104.41060109752,diana,0.8763564433298449,alice,0.7310351671186814,0.14532127621116342,diana,diana,diana,3,1,1,0,0,8.439537384821628,5.056849140886576,6.487978081526001,19.984364607234205
Bright_Near_20260114_210100_T1,1736899005.4,135,Bright,Near,4,4,1280,720,24.874593039825772,1,1,chen,2,1,0.6263419137695557,392.58586370445596,217.06719809532598,514.6048939717974,402.18890570183186,22588.37124358018,chen,0.8379485868624286,alice,0.6853951749531086,0.15255341190931992,chen,chen,chen,1,1,1,0,0,8.439537384821628,5.056849140886576,6.487978081526001,19.984364607234205
Bright_Near_20260114_210100_T1,1736899005.4,135,Bright,Near,4,4,1280,720,24.874593039825772,1,2,alice,3,1,0.7531471984694534,748.3122695671565,178.12409861723006,846.734972596989,359.0981469812273,17811.955018236244,alice,0.8595770346647571,chen,0.6898032036157249,0.1697738310490322,alice,alice,alice,3,1,1,0,0,8.439537384821628,5.056849140886576,6.487978081526001,19.984364607234205
Bright_Near_20260114_210100_T1,1736899005.4,135,Bright,Near,4,4,1280,720,24.874593039825772,1,3,bob,4,1,0.7604791233142606,1072.3948019506656,220.36566592848075,1169.9832936580838,428.90917181411555,20351.44619475618,bob,0.9381472332053652,chen,0.8352784995140069,0.1028687336913583,bob,bob,bob,3,1,1,0,0,8.439537384821628,5.056849140886576,6.487978081526001,19.984364607234205
Bright_Near_20260114_210100_T1,1736899005.44,136,Bright,Near,4,4,1280,720,27.48284807316648,1,0,diana,1,1,0.8571331746873722,132.63811573822977,210.85090594706026,224.03721364800674,376.1015680584253,15103.761445972124,diana,0.9321408031491307,alice,0.7549059810861375,0.17723482206299324,diana,diana,diana,2,1,1,0,0,11.808909625564574,8.602463662110926,4.951181759058263,25.362555046733764
Bright_Near_20260114_210100_T1,1736899005.44,136,Bright,Near,4,4,1280,720,27.48284807316648,1,1,chen,2,1,0.6902596400130301,450.69195724260493,218.8031681410017,541.1761543909544,400.318034625609,16424.226964349535,chen,0.9048055246121463,diana,0.7755738127972513,0.1292317118148949,chen,chen,chen,1,1,1,0,0,11.808909625564574,8.602463662110926,4.951181759058263,25.362555046733764
Bright_Near_20260114_210100_T1,1736899005.44,136,Bright,Near,4,4,1280,720,27.48284807316648,1,2,alice,3,1,0.7580363028035007,769.8773559774854,233.47961574460504,870.908784674559,420.12035678293597,18856.580720183105,alice,0.8180222182931899,chen,0.7248255662966641,0.09319665199652583,alice,alice,alice,2,1,1,0,0,11.808909625564574,8.602463662110926,4.951181759058263,25.362555046733764
Bright_Near_20260114_210100_T1,1736899005.44,136,Bright,Near,4,4,1280,720,27.48284807316648,1,3,bob,4,1,0.8843880952011844,1074.7189507639948,210.86392495254708,1191.779708196076,393.79292850429647,21413.80771206364,bob,0.7923837207984239,diana,0.7143874552004832,0.0779962655979407,bob,bob,bob,2,1,1,0,0,11.808909625564574,8.602463662110926,4.951181759058263,25.362555046733764
Bright_Near_20260114_210100_T1,1736899005.48,137,Bright,Near,4,4,1280,720,25.198476643444355,1,0,diana,1,1,0.883501721180013,106.29541107327947,324.7827179418142,227.6038411930645,539.6312786488646,26062.94161286762,diana,0.8647485031635153,alice,0.7847545540436097,0.07999394911990554,diana,diana,diana,1,1,1,0,0,14.239835045338586,9.308061886632284,3.011202452343044,26.559099384313914
Bright_Near_20260114_210100_T1,1736899005.48,137,Bright,Near,4,4,1280,720,25.198476643444355,1,1,chen,2,1,0.7529797107346674,428.79952198163085,297.5052195771849,547.9516604123386,474.15770839383583,21048.52180161064,chen,0.8595407384336012,alice,0.6804137099765833,0.1791270284570179,chen,chen,chen,3,1,1,0,0,14.239835045338586,9.308061886632284,3.011202452343044,26.559099384313914
Bright_Near_20260114_210100_T1,1736899005.48,137,Bright,Near,4,4,1280,720,25.198476643444355,1,2,alice,3,1,0.8053080542553818,746.7862104645948,187.87458382368013,846.0553958047811,347.4290015896637,15838.837069056948,alice,0.87023631638822,bob,0.7067435470297857,0.16349276935843426,alice,alice,alice,3,1,1,0,0,14.239835045338586,9.308061886632284,3.011202452343044,26.559099384313914
Bright_Near_20260114_210100_T1,1736899005.48,137,Bright,Near,4,4,1280,720,25.198476643444355,1,3,bob,4,1,0.7259139588879706,1038.3674698071402,185.87499292356895,1160.0544678323652,401.00468048547987,26178.485865513518,bob,0.8419296972501525,alice,0.7438084905594614,0.09812120669069113,bob,bob,bob,1,1,1,0,0,14.239835045338586,9.308061886632284,3.011202452343044,26.559099384313914
Bright_Near_20260114_210100_T1,1736899005.52,138,Bright,Near,4,4,1280,720,22.84258556982243,1,0,diana,1,1,0.8278578909021673,96.83034107627165,209.69297189141025,209.3895834949653,396.5819401359345,21036.08068201494,diana,0.8502874021532507,bob,0.7550856220474668,0.09520178010578395,diana,diana,diana,3,1,1,0,0,13.659704027989255,10.722453707199907,8.229040038980859,32.61119777417002
Bright_Near_20260114_210100_T1,1736899005.52,138,Bright,Near,4,4,1280,720,22.84258556982243,1,1,chen,2,1,0.719866957241266,419.1467355346315,288.63270262184824,542.4818231377545,466.5228420107792,21940.095925265567,chen,0.801671643925788,bob,0.6391667154052961,0.16250492852049192,chen,chen,chen,2,1,1,0,0,13.659704027989255,10.722453707199907,8.229040038980859,32.61119777417002
Bright_Near_20260114_210100_T1,1736899005.52,138,Bright,Near,4,4,1280,720,22.84258556982243,1,2,alice,3,1,0.7577724579820752,786.727993710131,187.98262600066988,895.9988145670821,396.7258998203583,22809.548878644662,alice,0.8570363549110864,chen,0.716138858636221,0.14089749627486547,alice,alice,alice,1,1,1,0,0,13.659704027989255,10.722453707199907,8.229040038980859,32.61119777417002
Bright_Near_20260114_210100_T1,1736899005.52,138,Bright,Near,4,4,1280,720,22.84258556982243,1,3,bob,4,1,0.8950027047532135,1067.8968564923275,211.63930125718542,1170.637954679189,397.857217131377,19132.233178983046,bob,0.9000563524922756,diana,0.8094116897482099,0.09064466274406568,bob,bob,bob,1,1,1,0,0,13.659704027989255,10.722453707199907,8.229040038980859,32.61119777417002
Bright_Near_20260114_210100_T1,1736899005.56,139,Bright,Near,4,4,1280,720,26.589923730822687,0,0,diana,1,1,0.8301917951402198,116.59659470175798,262.2522763466073,216.88257049158887,417.2083006740125,15539.916104186605,diana,0.8206899035186447,chen,0.716467933612889,0.10422196990575572,diana,diana,diana,2,1,1,0,0,11.135471013075941,7.952666072279639,6.013770348507979,25.10190743386356
Bright_Near_20260114_210100_T1,1736899005.56,139,Bright,Near,4,4,1280,720,26.589923730822687,0,1,chen,2,1,0.8500870875027501,406.6286695301253,197.19744182793025,504.6112127933816,336.1772432107964,13617.594401715447,chen,0.864046350171872,alice,0.7403615771565835,0.12368477301528857,chen,chen,chen,1,1,1,0,0,11.135471013075941,7.952666072279639,6.013770348507979,25.10190743386356
Bright_Near_20260114_210100_T1,1736899005.56,139,Bright,Near,4,4,1280,720,26.589923730822687,0,2,alice,3,1,0.8461063171731653,726.6790047830758,258.3526658430552,825.4861984790228,434.2072722445141,17375.70015703348,alice,0.8772728040298106,chen,0.785501657917586,0.09177114611222459,alice,alice,alice,2,1,1,0,0,11.135471013075941,7.952666072279639,6.013770348507979,25.10190743386356
Bright_Near_20260114_210100_T1,1736899005.56,139,Bright,Near,4,4,1280,720,26.589923730822687,0,3,bob,4,1,0.7570662902041794,1050.5779552639492,174.1070382031661,1174.0304006571696,382.62254917181144,25741.749731496137,bob,0.8148373177188747,alice,0.6861494491887741,0.1286878685301006,bob,bob,bob,1,1,1,0,0,11.135471013075941,7.952666072279639,6.013770348507979,25.10190743386356
Bright_Near_20260114_210100_T1,1736899005.6,140,Bright,Near,4,4,1280,720,24.32337681769461,1,0,diana,1,1,0.7881611962119549,105.26401555601296,223.07328909250617,211.95332813207114,432.82698378161757,22378.47749666968,diana,0.8753195928104945,alice,0.7868961791111304,0.08842341369936413,diana,diana,diana,3,1,1,0,0,15.035637486221741,12.54519442391302,4.926055149007475,32.50688705914224
Bright_Near_20260114_210100_T1,1736899005.6,140,Bright,Near,4,4,1280,720,24.32337681769461,1,1,chen,2,1,0.7646128443568403,420.1729283796532,269.19679581691037,518.2820526212433,467.5488788142129,19460.14915436056,chen,0.8968352388894835,bob,0.763163834807578,0.13367140408190548,chen,chen,chen,2,1,1,0,0,15.035637486221741,12.54519442391302,4.926055149007475,32.50688705914224
Bright_Near_20260114_210100_T1,1736899005.6,140,Bright,Near,4,4,1280,720,24.32337681769461,1,2,alice,3,1,0.8621798517130643,713.3824134648876,285.9760597351805,838.8641123490959,421.43514654609413,16997.636342336893,alice,0.8749430972657493,chen,0.791135816460281,0.08380728080546829,alice,alice,alice,1,1,1,0,0,15.035637486221741,12.54519442391302,4.926055149007475,32.50688705914224
Bright_Near_20260114_210100_T1,1736899005.6,140,Bright,Near,4,4,1280,720,24.32337681769461,1,3,bob,4,1,0.7084877132999525,1067.2331199094313,209.3327522943366,1154.4729876507065,368.14857902854965,13855.071719514033,bob,0.6031249087494294,alice,0.5377508578150968,0.06537405093433257,unknown,unknown,unknown,0,0,0,0,0,15.035637486221741,12.54519442391302,4.926055149007475,32.50688705914224
Bright_Near_20260114_210100_T1,1736899005.64,141,Bright,Near,4,4,1280,720,25.4465021424799,2,0,diana,1,1,0.5895020752995663,90.26342080885595,276.26315332890164,193.04541177669032,408.73037982335364,13615.245277086835,diana,0.8965348730359899,chen,0.7320958480013643,0.1644390250346256,diana,diana,diana,1,1,1,0,0,10.240900703977909,6.942419304297751,8.051166041961382,25.23448605023704
Bright_Near_20260114_210100_T1,1736899005.64,141,Bright,Near,4,4,1280,720,25.4465021424799,2,1,chen,2,1,0.9381604960628905,382.255178419758,343.7821238412724,503.8657358652708,492.5464533396528,18091.313038305983,chen,0.9108290190739057,alice,0.7342680784718842,0.17656094060202143,chen,chen,chen,2,1,1,0,0,10.240900703977909,6.942419304297751,8.051166041961382,25.23448605023704
Bright_Near_20260114_210100_T1,1736899005.64,141,Bright,Near,4,4,1280,720,25.4465021424799,2,2,alice,3,1,0.8153469087457093,751.0940668791477,210.34040578380507,872.7369819474359,348.21390798141044,16771.334717990754,alice,0.8889544991563204,chen,0.7912568670453867,0.09769763211093374,alice,alice,alice,1,1,1,0,0,10.240900703977909,6.942419304297751,8.051166041961382,25.23448605023704
Bright_Near_20260114_210100_T1,1736899005.64,141,Bright,Near,4,4,1280,720,25.4465021424799,2,3,bob,4,1,0.8411445877982466,1068.5751105100014,248.5405895570447,1156.3453405669627,423.11197400861926,15322.170574676931,bob,0.8748232170673131,diana,0.7364333954675246,0.13838982159978852,bob,bob,bob,3,1,1,0,0,10.240900703977909,6.942419304297751,8.051166041961382,25.23448605023704
Bright_Near_20260114_210100_T1,1736899005.68,142,Bright,Near,4,4,1280,720,22.874701894955045,3,0,diana,1,1,0.7543885060966629,144.7415690209624,228.9598828974135,229.50435082719895,406.1026859021017,15015.11675963153,diana,0.8993354297989974,chen,0.8294142447358808,0.06992118506311662,diana,diana,diana,2,1,1,0,0,19.048676897465715,16.5880596318472,9.559291585798935,45.19602811511185
Bright_Near_20260114_210100_T1,1736899005.68,142,Bright,Near,4,4,1280,720,22.874701894955045,3,1,chen,2,1,0.7611798186611033,456.7588805668482,248.86814732953695,562.6249875188178,438.71078979406064,20097.90149119379,chen,0.7728066345247975,alice,0.629508407932821,0.14329822659197644,chen,chen,chen,2,1,1,0,0,19.048676897465715,16.5880596318472,9.559291585798935,45.19602811511185
Bright_Near_20260114_210100_T1,1736899005.68,142,Bright,Near,4,4,1280,720,22.874701894955045,3,2,alice,3,1,0.7136640874219914,749.5941556407704,251.17226993600678,860.8929462178528,383.9888165912333,14782.321011351347,alice,0.8423087581447521,bob,0.701958743884955,0.1403500142597971,alice,alice,alice,2,1,1,0,0,19.048676897465715,16.5880596318472,9.559291585798935,45.19602811511185
Bright_Near_20260114_210100_T1,1736899005.68,142,Bright,Near,4,4,1280,720,22.874701894955045,3,3,bob,4,1,0.803135443483837,1079.7540080926674,122.22688503087456,1198.7773202372973,325.5519375966303,24200.421198357235,bob,0.8619580635301338,chen,0.7374936223667106,0.12446444116342326,bob,bob,bob,2,1,1,0,0,19.048676897465715,16.5880596318472,9.559291585798935,45.19602811511185
Bright_Near_20260114_210100_T1,1736899005.72,143,Bright,Near,4,4,1280,720,24.662606302396824,3,0,diana,1,1,0.8268339964250689,105.61856998204249,292.84366997473165,186.11122720209582,438.0903080990751,11691.287854907909,diana,0.847542595508032,chen,0.7703901140857958,0.07715248142223619,diana,diana,diana,1,1,1,0,0,19.283287347406674,14.353547405261805,4.132918361390834,37.76975311405931
Bright_Near_20260114_210100_T1,1736899005.72,143,Bright,Near,4,4,1280,720,24.662606302396824,3,1,chen,2,1,0.7889567830086518,394.9808718677423,216.3447265086328,479.43737830342025,430.5463334722639,18090.719397056473,chen,0.7649660857765974,alice,0.673124992173886,0.09184109360271142,chen,chen,chen,2,1,1,0,0,19.283287347406674,14.353547405261805,4.132918361390834,37.76975311405931
Bright_Near_20260114_210100_T1,1736899005.72,143,Bright,Near,4,4,1280,720,24.662606302396824,3,2,alice,3,1,0.7456932717617136,746.7055615747299,195.24313127545727,848.0483675986954,338.83463588528286,14551.965998362906,alice,0.8619857161801525,chen,0.7148804702439279,0.14710524593622465,alice,alice,alice,2,1,1,0,0,19.283287347406674,14.353547405261805,4.132918361390834,37.76975311405931
Bright_Near_20260114_210100_T1,1736899005.72,143,Bright,Near,4,4,1280,720,24.662606302396824,3,3,bob,4,1,0.8956660677926531,1067.1392017938235,188.23298140218128,1165.9723389383046,377.9325383586096,18748.60232892197,bob,0.8848953804363119,diana,0.7683371579509523,0.11655822248535963,bob,bob,bob,3,1,1,0,0,19.283287347406674,14.353547405261805,4.132918361390834,37.76975311405931
Bright_Near_20260114_210100_T1,1736899005.76,144,Bright,Near,4,4,1280,720,25.157284104786193,4,0,diana,1,1,0.6460270360198319,76.60838817314055,171.99463840275868,168.16655653127174,384.85252037653106,19488.877794109867,diana,0.8411976946799977,alice,0.7460538836982538,0.09514381098174396,diana,diana,diana,1,1,1,0,0,7.3235134618375355,5.274713467613373,3.222553655269153,15.820780584720062
Bright_Near_20260114_210100_T1,1736899005.76,144,Bright,Near,4,4,1280,720,25.157284104786193,4,1,chen,2,1,0.8431104411609271,459.50111164336164,182.88868150216254,547.5920843212753,319.2729648695466,12014.22417981306,chen,0.8069558376555246,diana,0.740607590305542,0.06634824734998257,chen,chen,chen,2,1,1,0,0,7.3235134618375355,5.274713467613373,3.222553655269153,15.820780584720062
Bright_Near_20260114_210100_T1,1736899005.76,144,Bright,Near,4,4,1280,720,25.157284104786193,4,2,alice,3,1,0.591749644288589,794.5162587545658,276.6872989422658,899.9611422667965,432.9676254824227,16478.960827280225,alice,0.8783507266589186,diana,0.7037756529829946,0.17457507367592395,alice,alice,alice,1,1,1,0,0,7.3235134618375355,5.274713467613373,3.222553655269153,15.820780584720062
Bright_Near_20260114_210100_T1,1736899005.76,144,Bright,Near,4,4,1280,720,25.157284104786193,4,3,bob,4,1,0.686210401098281,1085.139754005992,234.23296982592888,1171.422969728409,439.8219327785541,17738.876840589368,bob,0.8624072324967713,chen,0.7843365789166401,0.07807065358013121,bob,bob,bob,2,1,1,0,0,7.3235134618375355,5.274713467613373,3.222553655269153,15.820780584720062
Bright_Near_20260114_210100_T1,1736899005.8,145,Bright,Near,4,4,1280,720,20.18400306736245,2,0,diana,1,1,0.6583460584004261,102.97790538846043,280.88030939599616,206.4794197071509,450.598644120353,17566.104651617323,diana,0.8345858617614214,alice,0.6928410171067816,0.14174484465463977,diana,diana,diana,3,1,1,0,0,12.507843655076343,11.186273000898586,5.431672975324984,29.125789631299913
Bright_Near_20260114_210100_T1,1736899005.8,145,Bright,Near,4,4,1280,720,20.18400306736245,2,1,chen,2,1,0.8259826764125463,429.0995805861414,196.6526860924003,517.0971482984584,409.01906380794725,18687.724702843316,chen,0.8920172834007616,alice,0.7989524187188801,0.09306486468188147,chen,chen,chen,1,1,1,0,0,12.507843655076343,11.186273000898586,5.431672975324984,29.125789631299913
Bright_Near_20260114_210100_T1,1736899005.8,145,Bright,Near,4,4,1280,720,20.18400306736245,2,2,alice,3,1,0.7456547605349838,733.2803772088869,220.44200380955385,840.6881799429434,417.5690136798347,21172.97898970154,alice,0.8392967978821264,bob,0.6763539818592883,0.1629428160228381,alice,alice,alice,3,1,1,0,0,12.507843655076343,11.186273000898586,5.431672975324984,29.125789631299913
Bright_Near_20260114_210100_T1,1736899005.8,145,Bright,Near,4,4,1280,720,20.18400306736245,2,3,bob,4,1,0.7695583604940579,1090.3589145204098,274.88689240594226,1172.104372566793,421.26896423623157,11966.069511545566,bob,0.9218848782560225,alice,0.8366930195398892,0.08519185871613333,bob,bob,bob,1,1,1,0,0,12.507843655076343,11.186273000898586,5.431672975324984,29.125789631299913
Bright_Near_20260114_210100_T1,1736899005.84,146,Bright,Near,4,4,1280,720,22.849010084074507,0,0,diana,1,1,0.671724926490783,119.10325212512132,263.1292493201681,231.0917360369297,410.8546518324441,16543.543862611437,diana,0.8568639331445413,bob,0.7814032938809509,0.07546063926359048,diana,diana,diana,3,1,1,0,0,9.434749039807134,6.020150826428996,8.7251564820093,24.18005634824543
Bright_Near_20260114_210100_T1,1736899005.84,146,Bright,Near,4,4,1280,720,22.849010084074507,0,1,chen,2,1,0.7595884282694414,431.21173854644155,229.82838317532645,524.9409040441983,424.8850544271606,18282.499021204694,chen,0.8535823433178816,diana,0.723076781105869,0.1305055622120126,chen,chen,chen,1,1,1,0,0,9.434749039807134,6.020150826428996,8.7251564820093,24.18005634824543
Bright_Near_20260114_210100_T1,1736899005.84,146,Bright,Near,4,4,1280,720,22.849010084074507,0,2,alice,3,1,0.7626458718581507,759.3442329923436,260.66451913794265,857.8413865559481,465.7696464865031,20202.27122513383,alice,0.9285038814977827,bob,0.860727775550653,0.06777610594712968,alice,alice,alice,2,1,1,0,0,9.434749039807134,6.020150826428996,8.7251564820093,24.18005634824543
Bright_Near_20260114_210100_T1,1736899005.84,146,Bright,Near,4,4,1280,720,22.849010084074507,0,3,bob,4,1,0.8717329161923048,1070.791265729138,190.38272192620042,1161.6339082544127,383.187585466902,17514.903295762313,bob,0.8075199263493325,diana,0.6851783808428396,0.1223415455064929,bob,bob,bob,2,1,1,0,0,9.434749039807134,6.020150826428996,8.7251564820093,24.18005634824543
Bright_Near_20260114_210100_T1,1736899005.88,147,Bright,Near,4,4,1280,720,26.526485829051815,4,0,diana,1,1,0.9152596155840985,59.83609881612808,235.74677340977257,184.2225562990776,430.28092104460313,24197.41348376168,diana,0.7600271838954014,chen,0.6758188006001901,0.0842083832952113,diana,diana,diana,2,1,1,0,0,11.292359355367205,11.846536276454838,6.939028909323564,30.077924541145606
Bright_Near_20260114_210100_T1,1736899005.88,147,Bright,Near,4,4,1280,720,26.526485829051815,4,1,chen,2,1,0.9135969678893315,406.22491883834726,230.53492563487345,514.0556658447299,441.350989065746,22732.45360069593,chen,0.80425351105762,alice,0.7043353076902603,0.09991820336735968,chen,chen,chen,3,1,1,0,0,11.292359355367205,11.846536276454838,6.939028909323564,30.077924541145606
Bright_Near_20260114_210100_T1,1736899005.88,147,Bright,Near,4,4,1280,720,26.526485829051815,4,2,alice,3,1,0.8397622501331341,742.7718384617045,306.1595074511524,842.5444840230672,445.09348484042437,13861.810482490202,alice,0.9300847790953853,chen,0.8156012375022171,0.1144835415931682,alice,alice,alice,2,1,1,0,0,11.292359355367205,11.846536276454838,6.939028909323564,30.077924541145606
Bright_Near_20260114_210100_T1,1736899005.88,147,Bright,Near,4,4,1280,720,26.526485829051815,4,3,bob,4,1,0.7295559669211097,1061.6244762695271,283.53682644410696,1182.9615460067268,451.6662952847754,20400.337085598534,bob,0.8581850879620624,chen,0.735274283012317,0.12291080494974538,bob,bob,bob,3,1,1,0,0,11.292359355367205,11.846536276454838,6.939028909323564,30.077924541145606
Bright_Near_20260114_210100_T1,1736899005.92,148,Bright,Near,4,4,1280,720,28.264717709311988,2,0,diana,1,1,0.8014840823699,103.89655793977904,322.696138211189,204.64692671153125,453.53860150838966,13182.42642819742,diana,0.7941947545712938,chen,0.63089610597718,0.1632986485941138,diana,diana,diana,2,1,1,0,0,20.063423583399317,11.025730226836826,12.475177415346662,43.564331225582805
Bright_Near_20260114_210100_T1,1736899005.92,148,Bright,Near,4,4,1280,720,28.264717709311988,2,1,chen,2,1,0.7692180216762351,402.497586298376,170.43988099285113,522.5367153163971,357.3664034468027,22438.496945739913,chen,0.8533369014938464,diana,0.7642071845658954,0.08912971692795102,chen,chen,chen,2,1,1,0,0,20.063423583399317,11.025730226836826,12.475177415346662,43.564331225582805
Bright_Near_20260114_210100_T1,1736899005.92,148,Bright,Near,4,4,1280,720,28.264717709311988,2,2,alice,3,1,0.8265347931943143,747.3922045390925,303.09049447446523,831.7698123324785,458.4520964382882,13109.040316655604,alice,0.8453909057512081,diana,0.7299154795374966,0.11547542621371154,alice,alice,alice,3,1,1,0,0,20.063423583399317,11.025730226836826,12.475177415346662,43.564331225582805
Bright_Near_20260114_210100_T1,1736899005.92,148,Bright,Near,4,4,1280,720,28.264717709311988,2,3,bob,4,1,0.99,1082.256029648951,176.70428576190886,1195.583854105108,371.4722112818207,22072.625273010435,bob,0.858998478428087,alice,0.7182099628770475,0.14078851555103944,bob,bob,bob,3,1,1,0,0,20.063423583399317,11.025730226836826,12.475177415346662,43.564331225582805
Bright_Near_20260114_210100_T1,1736899005.96,149,Bright,Near,4,4,1280,720,22.036791441310374,0,0,diana,1,1,0.5730632575933593,115.27826900350159,306.22672010288534,241.54627948027127,452.64851612227574,18488.38887380382,diana,0.847675861258355,chen,0.6917789202176623,0.15589694104069274,diana,diana,diana,3,1,1,0,0,8.14122743682211,7.280855219040255,4.705307932151435,20.1273905880138
Bright_Near_20260114_210100_T1,1736899005.96,149,Bright,Near,4,4,1280,720,22.036791441310374,0,1,chen,2,1,0.6576823229113233,394.2750653257541,320.82773992811286,508.6421168981045,519.8561763965519,22762.295457950233,chen,0.9481845218228698,bob,0.8450589309224353,0.1031255909004345,chen,chen,chen,2,1,1,0,0,8.14122743682211,7.280855219040255,4.705307932151435,20.1273905880138
Bright_Near_20260114_210100_T1,1736899005.96,149,Bright,Near,4,4,1280,720,22.036791441310374,0,2,alice,3,1,0.7563564357152199,735.015324031955,249.9904326330839,819.7074485435022,437.0294751368862,15840.733876252605,alice,0.8088734573471537,chen,0.7378563437808018,0.07101711356635187,alice,alice,alice,3,1,1,0,0,8.14122743682211,7.280855219040255,4.705307932151435,20.1273905880138
Bright_Near_20260114_210100_T1,1736899005.96,149,Bright,Near,4,4,1280,720,22.036791441310374,0,3,bob,4,1,0.8079804349124561,1087.121884841982,246.59157126000628,1188.2219908925751,394.5503086550734,14958.644041753165,bob,0.8727433749085564,chen,0.743977224157875,0.12876615075068132,bob,bob,bob,2,1,1,0,0,8.14122743682211,7.280855219040255,4.705307932151435,20.1273905880138
Bright_Near_20260114_210100_T1,1736899006.0,150,Bright,Near,4,4,1280,720,25.617576585133204,4,0,diana,1,1,0.8431577229541067,124.4645833351787,217.51376703127352,230.90193798261475,406.58543741202055,20124.288434098704,diana,0.8559340502779983,chen,0.6914868209599714,0.1644472293180269,diana,diana,diana,2,1,1,0,0,9.958558873632466,6.727048878967506,11.646233387881917,28.331841140481888
Bright_Near_20260114_210100_T1,1736899006.0,150,Bright,Near,4,4,1280,720,25.617576585133204,4,1,chen,2,1,0.7103819263571552,424.0897748730771,245.5246538642672,531.6931926629616,440.6690920183761,20998.208508068852,chen,0.857054714109034,bob,0.6844751252114717,0.1725795888975623,chen,chen,chen,1,1,1,0,0,9.958558873632466,6.727048878967506,11.646233387881917,28.331841140481888
Bright_Near_20260114_210100_T1,1736899006.0,150,Bright,Near,4,4,1280,720,25.617576585133204,4,2,alice,3,1,0.8507705727462195,727.6083427888664,223.35517716006726,846.0652420902431,423.8709196500175,23752.473116472836,alice,0.6980750155717609,diana,0.6753363872561688,0.022738628315592035,unknown,unknown,unknown,0,0,0,0,0,9.958558873632466,6.727048878967506,11.646233387881917,28.331841140481888
Bright_Near_20260114_210100_T1,1736899006.0,150,Bright,Near,4,4,1280,720,25.617576585133204,4,3,bob,4,1,0.9883015722341562,1126.8997491413556,285.00574865731386,1223.8303537777374,460.96236748691337,17055.581452926435,bob,0.8943665663250302,alice,0.740466058952653,0.15390050737237715,bob,bob,bob,2,1,1,0,0,9.958558873632466,6.727048878967506,11.646233387881917,28.331841140481888
Bright_Near_20260114_210100_T1,1736899006.04,151,Bright,Near,4,4,1280,720,26.485653279634565,2,0,diana,1,1,0.9275648898237225,95.53193512423807,247.21147272940374,219.02396125205178,378.2329970961128,16180.113510399615,diana,0.834102594307608,bob,0.7312969734919518,0.10280562081565625,diana,diana,diana,1,1,1,0,0,9.892086407510897,3.852286786830856,4.637462849339455,18.381836043681208
Bright_Near_20260114_210100_T1,1736899006.04,151,Bright,Near,4,4,1280,720,26.485653279634565,2,1,chen,2,1,0.8691672821887005,394.07605550219506,233.39072933291726,517.6278066651166,424.0723856236396,23559.052549365064,chen,0.9162538025573717,bob,0.7437632578353199,0.17249054472205172,chen,chen,chen,1,1,1,0,0,9.892086407510897,3.852286786830856,4.637462849339455,18.381836043681208
Bright_Near_20260114_210100_T1,1736899006.04,151,Bright,Near,4,4,1280,720,26.485653279634565,2,2,alice,3,1,0.8088788331623092,765.3682306405949,144.78289643376422,851.7961729683245,340.1687346923394,16886.795960667245,alice,0.9356887438839874,bob,0.8585847305794878,0.07710401330449956,alice,alice,alice,3,1,1,0,0,9.892086407510897,3.852286786830856,4.637462849339455,18.381836043681208
Bright_Near_20260114_210100_T1,1736899006.04,151,Bright,Near,4,4,1280,720,26.485653279634565,2,3,bob,4,1,0.758157718153215,1069.4518848453772,288.9405030601117,1166.8588582815291,419.5041878429256,12717.813375365666,bob,0.8025945836677417,alice,0.7023705606978694,0.10022402296987232,bob,bob,bob,2,1,1,0,0,9.892086407510897,3.852286786830856,4.637462849339455,18.381836043681208
Bright_Near_20260114_210100_T1,1736899006.08,152,Bright,Near,4,4,1280,720,23.24126643007893,0,0,diana,1,1,0.9029234139909033,103.24781824854617,186.37042732444456,209.98485574268014,400.5433948384848,22860.18806377605,diana,0.8453555970863864,alice,0.6990535304090815,0.14630206667730494,diana,diana,diana,2,1,1,0,0,12.90504398151358,10.589557671657158,10.683715618301509,34.178317271472245
Bright_Near_20260114_210100_T1,1736899006.08,152,Bright,Near,4,4,1280,720,23.24126643007893,0,1,chen,2,1,0.6390735543542191,435.2669210849608,286.73827187074437,557.5588829186182,462.6871069522174,21517.128224459982,chen,0.8408655040994152,diana,0.6909448979672255,0.14992060613218972,chen,chen,chen,3,1,1,0,0,12.90504398151358,10.589557671657158,10.683715618301509,34.178317271472245
Bright_Near_20260114_210100_T1,1736899006.08,152,Bright,Near,4,4,1280,720,23.24126643007893,0,2,alice,-1,0,-1.0,-1.0,-1.0,-1.0,-1.0,0.0,unknown,-1.0,unknown,-1.0,-1.0,unknown,unknown,unknown,0,0,0,0,1,12.90504398151358,10.589557671657158,10.683715618301509,34.178317271472245
Bright_Near_20260114_210100_T1,1736899006.08,152,Bright,Near,4,4,1280,720,23.24126643007893,0,3,bob,-1,0,-1.0,-1.0,-1.0,-1.0,-1.0,0.0,unknown,-1.0,unknown,-1.0,-1.0,unknown,unknown,unknown,0,0,0,0,1,12.90504398151358,10.589557671657158,10.683715618301509,34.178317271472245
Bright_Near_20260114_210100_T1,1736899006.12,153,Bright,Near,4,4,1280,720,26.867681984705584,0,0,diana,1,1,0.729304837781271,97.42334478789378,261.4175425453825,223.62214713476152,423.2560444335379,20423.825111896505,diana,0.8704256909300473,chen,0.7080567065601752,0.16236898436987213,diana,diana,diana,2,1,1,0,0,11.230669125591575,9.898747703653495,5.800782142703799,26.93019897194887
Bright_Near_20260114_210100_T1,1736899006.12,153,Bright,Near,4,4,1280,720,26.867681984705584,0,1,chen,2,1,0.6430254689087966,453.892744209375,330.84600678201826,540.1705611877279,489.46253200546863,13685.087532971149,chen,0.9192094294726066,bob,0.7621373539389413,0.1570720755336653,chen,chen,chen,2,1,1,0,0,11.230669125591575,9.898747703653495,5.800782142703799,26.93019897194887
Bright_Near_20260114_210100_T1,1736899006.12,153,Bright,Near,4,4,1280,720,26.867681984705584,0,2,alice,3,1,0.8058799409954213,717.6398623109395,95.53943018722444,819.9672467925112,273.0409650813175,18163.267807176973,alice,0.8723978801048955,chen,0.6990066677369073,0.17339121236798816,alice,alice,alice,3,1,1,0,0,11.230669125591575,9.898747703653495,5.800782142703799,26.93019897194887
Bright_Near_20260114_210100_T1,1736899006.12,153,Bright,Near,4,4,1280,720,26.867681984705584,0,3,bob,4,1,0.7324275010165218,1077.8655657607808,235.78931663561588,1163.7990907251562,441.2291616359926,17654.170049017303,bob,0.9047933692385193,alice,0.7821992348747319,0.12259413436378741,bob,bob,bob,1,1,1,0,0,11.230669125591575,9.898747703653495,5.800782142703799,26.93019897194887
Bright_Near_20260114_210100_T1,1736899006.16,154,Bright,Near,4,4,1280,720,26.68103597157134,1,0,diana,1,1,0.7233725854800326,105.81566564259472,210.18008826608695,199.14544738142237,376.0621450653299,15481.736155461154,diana,0.7972152483603621,chen,0.6974283450837901,0.09978690327657191,diana,diana,diana,3,1,1,0,0,12.585918418310966,7.883562215621344,3.907329114786183,24.376809748718493
Bright_Near_20260114_210100_T1,1736899006.16,154,Bright,Near,4,4,1280,720,26.68103597157134,1,1,chen,2,1,0.6776367960059615,425.0536132743893,169.63580954525582,539.9979018111079,338.17150815349066,19372.21596956239,chen,0.8773360332671836,alice,0.7039974996944698,0.17333853357271378,chen,chen,chen,1,1,1,0,0,12.585918418310966,7.883562215621344,3.907329114786183,24.376809748718493
Bright_Near_20260114_210100_T1,1736899006.16,154,Bright,Near,4,4,1280,720,26.68103597157134,1,2,alice,3,1,0.8213964813386109,736.2025384397177,274.79135942405185,838.2632621584389,448.3143038341676,17709.877288299842,alice,0.8651662105248764,chen,0.80490232665374,0.06026388387113646,alice,alice,alice,2,1,1,0,0,12.585918418310966,7.883562215621344,3.907329114786183,24.376809748718493
Bright_Near_20260114_210100_T1,1736899006.16,154,Bright,Near,4,4,1280,720,26.68103597157134,1,3,bob,4,1,0.7419571777357303,1066.5317145600952,274.22961456214296,1158.4067124994112,482.5305184884278,19137.64511898508,bob,0.8048916118731252,chen,0.697884301994601,0.10700730987852414,bob,bob,bob,1,1,1,0,0,12.585918418310966,7.883562215621344,3.907329114786183,24.376809748718493
Bright_Near_20260114_210100_T1,1736899006.2,155,Bright,Near,4,4,1280,720,24.541370806576378,0,0,diana,1,1,0.6714081529549351,125.37478925817598,271.07034979478266,209.5072919764406,452.6122293157384,15273.572672275675,diana,0.8577667797681694,bob,0.7955511585123405,0.06221562125582891,diana,diana,diana,2,1,1,0,0,16.77364943999502,12.065245224888463,2.4696125521000827,31.308507216983564
Bright_Near_20260114_210100_T1,1736899006.2,155,Bright,Near,4,4,1280,720,24.541370806576378,0,1,chen,2,1,0.7054335866501812,454.21584563433197,221.6859756841479,560.8390904036451,384.4425060373993,17353.62937365886,chen,0.9391690656356233,bob,0.8210635964385341,0.1181054691970892,chen,chen,chen,2,1,1,0,0,16.77364943999502,12.065245224888463,2.4696125521000827,31.308507216983564
Bright_Near_20260114_210100_T1,1736899006.2,155,Bright,Near,4,4,1280,720,24.541370806576378,0,2,alice,3,1,0.733340083841949,752.6336658138382,175.0479761371924,833.9639801044643,388.13623541853434,17330.53509899397,alice,0.8895732697346445,bob,0.8102853707241735,0.07928789901047095,alice,alice,alice,1,1,1,0,0,16.77364943999502,12.065245224888463,2.4696125521000827,31.308507216983564
Bright_Near_20260114_210100_T1,1736899006.2,155,Bright,Near,4,4,1280,720,24.541370806576378,0,3,bob,4,1,0.6434325601833899,1091.8052655823,250.33483406993025,1199.1398952784596,437.4610179670369,20085.119655051385,bob,0.9430443685967451,diana,0.8634913474560868,0.07955302114065832,bob,bob,bob,2,1,1,0,0,16.77364943999502,12.065245224888463,2.4696125521000827,31.308507216983564
Bright_Near_20260114_210100_T1,1736899006.24,156,Bright,Near,4,4,1280,720,23.629842939524934,0,0,diana,1,1,0.7135703191290219,99.40559775395774,247.0155733679814,223.11329329625391,432.3245504904182,22924.146523116735,diana,0.8607253407635,alice,0.7928466595467258,0.0678786812167742,diana,diana,diana,2,1,1,0,0,17.92214629893009,8.658737175227147,12.650658077419552,39.23154155157679
Bright_Near_20260114_210100_T1,1736899006.24,156,Bright,Near,4,4,1280,720,23.629842939524934,0,1,chen,2,1,0.6957534305736299,423.90551543941683,209.40852649680727,516.5115222269159,405.27585234747386,18138.490907176118,chen,0.7772785642171044,alice,0.75469646114964,0.022582103067464443,unknown,unknown,unknown,0,0,0,0,0,17.92214629893009,8.658737175227147,12.650658077419552,39.23154155157679
Bright_Near_20260114_210100_T1,1736899006.24,156,Bright,Near,4,4,1280,720,23.629842939524934,0,2,alice,3,1,0.6890856725567343,756.1093389364785,179.75265839544312,878.6488811359686,327.82685989922226,18144.94486382815,alice,0.9431156660770265,diana,0.775055929362541,0.16805973671448549,alice,alice,alice,1,1,1,0,0,17.92214629893009,8.658737175227147,12.650658077419552,39.23154155157679
Bright_Near_20260114_210100_T1,1736899006.24,156,Bright,Near,4,4,1280,720,23.629842939524934,0,3,bob,4,1,0.8360953462542944,1026.4703271325898,314.7632209121256,1137.2634966714277,461.39211809067604,16245.480264395972,bob,0.8560096553052654,diana,0.7197761517401127,0.13623350356515274,bob,bob,bob,1,1,1,0,0,17.92214629893009,8.658737175227147,12.650658077419552,39.23154155157679
Bright_Near_20260114_210100_T1,1736899006.28,157,Bright,Near,4,4,1280,720,29.26712220396564,0,0,diana,1,1,0.8584222490994812,93.6815540200565,177.11212750586543,205.98550659409275,391.2010360606079,24043.030632958988,diana,0.79431583097897,chen,0.6756464052273613,0.11866942575160866,diana,diana,diana,2,1,1,0,0,10.874204902986799,7.939879616191878,11.136047797720739,29.950132316899417
Bright_Near_20260114_210100_T1,1736899006.28,157,Bright,Near,4,4,1280,720,29.26712220396564,0,1,chen,2,1,0.780915748804511,432.13777775618513,300.11382903223176,528.659981506998,442.1296683709657,13707.681780495976,chen,0.8304986968139054,diana,0.736984359023165,0.09351433779074048,chen,chen,chen,2,1,1,0,0,10.874204902986799,7.939879616191878,11.136047797720739,29.950132316899417
Bright_Near_20260114_210100_T1,1736899006.28,157,Bright,Near,4,4,1280,720,29.26712220396564,0,2,alice,3,1,0.6284121671791651,737.6238479068498,199.98962128581627,863.0745071727387,409.8186071529203,26323.184610121072,alice,0.9285122154156363,bob,0.7702445459257042,0.1582676694899321,alice,alice,alice,3,1,1,0,0,10.874204902986799,7.939879616191878,11.136047797720739,29.950132316899417
Bright_Near_20260114_210100_T1,1736899006.28,157,Bright,Near,4,4,1280,720,29.26712220396564,0,3,bob,4,1,0.7370509890183048,1068.4081053543791,278.5879604662439,1159.5281033896058,472.3376483319553,17654.471177649404,alice,0.5638789457694724,bob,0.5117593743140206,0.05211957145545176,unknown,unknown,unknown,0,0,0,0,0,10.874204902986799,7.939879616191878,11.136047797720739,29.950132316899417
Bright_Near_20260114_210100_T1,1736899006.32,158,Bright,Near,4,4,1280,720,24.55961889141041,0,0,diana,1,1,0.7981434820642964,134.42526097564746,291.61386454912247,234.44401054241138,425.3664928480017,13377.770633722064,diana,0.8650059095988422,bob,0.6913223281146175,0.1736835814842247,diana,diana,diana,2,1,1,0,0,12.138372906823372,9.983566659170153,4.479582409442788,26.601521975436313
Bright_Near_20260114_210100_T1,1736899006.32,158,Bright,Near,4,4,1280,720,24.55961889141041,0,1,chen,2,1,0.8166060508895087,423.4620284409665,268.74396098737,528.8393328232455,417.0930385399928,15632.625900093051,chen,0.9076976250007045,alice,0.8157076278354062,0.09198999716529832,chen,chen,chen,3,1,1,0,0,12.138372906823372,9.983566659170153,4.479582409442788,26.601521975436313
Bright_Near_20260114_210100_T1,1736899006.32,158,Bright,Near,4,4,1280,720,24.55961889141041,0,2,alice,3,1,0.7272298576081564,777.1453588840125,250.1069119409126,870.4179214156673,389.0143503900712,12956.25273886113,alice,0.8548193477193858,diana,0.7551227065457904,0.09969664117359545,alice,alice,alice,1,1,1,0,0,12.138372906823372,9.983566659170153,4.479582409442788,26.601521975436313
Bright_Near_20260114_210100_T1,1736899006.32,158,Bright,Near,4,4,1280,720,24.55961889141041,0,3,bob,4,1,0.6592681501780925,1034.6542303564834,221.43755706087654,1153.419767927479,371.2366872749077,17790.97422753697,bob,0.8421044794710447,chen,0.6691080158855411,0.17299646358550358,bob,bob,bob,2,1,1,0,0,12.138372906823372,9.983566659170153,4.479582409442788,26.601521975436313
Bright_Near_20260114_210100_T1,1736899006.36,159,Bright,Near,4,4,1280,720,20.501471775038212,0,0,diana,1,1,0.7905544925363714,132.89992977613937,264.4059293869468,214.13419255533253,424.30017661376485,12988.891296104614,diana,0.8268679303178025,alice,0.7175837704768345,0.10928415984096795,diana,diana,diana,1,1,1,0,0,14.774975246100688,9.288912059323726,5.201200540194522,29.265087845618936
Bright_Near_20260114_210100_T1,1736899006.36,159,Bright,Near,4,4,1280,720,20.501471775038212,0,1,chen,2,1,0.8260769472566084,433.42413815967234,166.80263506991997,517.8590743658508,358.6078166218808,16195.058268354289,chen,0.887847071703512,alice,0.7795478816115643,0.10829919009194766,chen,chen,chen,1,1,1,0,0,14.774975246100688,9.288912059323726,5.201200540194522,29.265087845618936
Bright_Near_20260114_210100_T1,1736899006.36,159,Bright,Near,4,4,1280,720,20.501471775038212,0,2,alice,3,1,0.8190945106024058,757.0732967922235,228.04759060855383,875.8019129879996,411.0705670292739,21730.064722464253,alice,0.8454811633441879,chen,0.7712147124971064,0.0742664508470815,alice,alice,alice,1,1,1,0,0,14.774975246100688,9.288912059323726,5.201200540194522,29.265087845618936
Bright_Near_20260114_210100_T1,1736899006.36,159,Bright,Near,4,4,1280,720,20.501471775038212,0,3,bob,4,1,0.7228501020639623,1078.2744503792348,265.4775229856635,1160.2103043508098,460.0459159328187,15942.12743200212,bob,0.7853954762201075,alice,0.6616316273231927,0.12376384889691483,bob,bob,bob,3,1,1,0,0,14.774975246100688,9.288912059323726,5.201200540194522,29.265087845618936
Bright_Near_20260114_210100_T1,1736899006.4,160,Bright,Near,4,4,1280,720,28.472253505750036,0,0,diana,1,1,0.843501212875642,133.8073950023396,256.4834597057025,254.1435146004997,448.5186905591426,23108.774507039856,diana,0.878547283230223,bob,0.7968637677087609,0.08168351552146214,diana,diana,diana,1,1,1,0,0,9.515852782274374,6.5288585707398,10.701823618671476,26.74653497168565
Bright_Near_20260114_210100_T1,1736899006.4,160,Bright,Near,4,4,1280,720,28.472253505750036,0,1,chen,2,1,0.8271235538698805,442.51402819390745,256.32537365193855,567.4596606626579,395.84459443105857,17432.317281794385,chen,0.7762212468269012,diana,0.6446612202992461,0.13156002652765508,chen,chen,chen,3,1,1,0,0,9.515852782274374,6.5288585707398,10.701823618671476,26.74653497168565
Bright_Near_20260114_210100_T1,1736899006.4,160,Bright,Near,4,4,1280,720,28.472253505750036,0,2,alice,3,1,0.7149034436759513,724.3963868470947,110.07098701657517,848.1868268725553,264.2015873887823,19079.89484146394,alice,0.8201224334390289,diana,0.7463414620752132,0.07378097136381567,alice,alice,alice,2,1,1,0,0,9.515852782274374,6.5288585707398,10.701823618671476,26.74653497168565
Bright_Near_20260114_210100_T1,1736899006.4,160,Bright,Near,4,4,1280,720,28.472253505750036,0,3,bob,4,1,0.7448180255679611,1071.8906010076676,258.6515701369442,1168.5214297250027,437.0377928799958,17237.60853541621,bob,0.872754815219664,alice,0.7040279580976136,0.16872685712205038,bob,bob,bob,2,1,1,0,0,9.515852782274374,6.5288585707398,10.701823618671476,26.74653497168565
Bright_Near_20260114_210100_T1,1736899006.44,161,Bright,Near,4,4,1280,720,25.349369622091544,1,0,diana,1,1,0.8240651198151023,115.73599848457917,284.06082765062155,238.12039093997106,426.3491771738166,17413.873209876678,diana,0.8830975453289861,bob,0.7937385910235841,0.08935895430540197,diana,diana,diana,3,1,1,0,0,8.901174007303881,6.2365849632203325,7.58968072368685,22.727439694211064
Bright_Near_20260114_210100_T1,1736899006.44,161,Bright,Near,4,4,1280,720,25.349369622091544,1,1,chen,2,1,0.693806553271913,429.95941186895493,231.7911144069003,523.1507600118816,391.40965726479135,14875.06719753639,chen,0.9588982264305029,alice,0.8133857285779423,0.1455124978525606,chen,chen,chen,2,1,1,0,0,8.901174007303881,6.2365849632203325,7.58968072368685,22.727439694211064
Bright_Near_20260114_210100_T1,1736899006.44,161,Bright,Near,4,4,1280,720,25.349369622091544,1,2,alice,3,1,0.7286722071831265,761.2371427961846,226.18147631024164,861.6591880611795,377.17048969197964,15162.625536337822,alice,0.9106724979353031,bob,0.8113999830289143,0.09927251490638889,alice,alice,alice,3,1,1,0,0,8.901174007303881,6.2365849632203325,7.58968072368685,22.727439694211064
Bright_Near_20260114_210100_T1,1736899006.44,161,Bright,Near,4,4,1280,720,25.349369622091544,1,3,bob,4,1,0.7080122492692558,1087.006864343871,172.717692720384,1198.221529294656,354.13474380510115,20176.236552746253,bob,0.8173823306891741,chen,0.7378803997048063,0.07950193098436775,bob,bob,bob,2,1,1,0,0,8.901174007303881,6.2365849632203325,7.58968072368685,22.727439694211064
Bright_Near_20260114_210100_T1,1736899006.48,162,Bright,Near,4,4,1280,720,23.27339588777258,3,0,diana,1,1,0.8426860441974161,117.35555791914138,231.6397297776311,229.2991747292816,414.556119954601,20476.322290264816,diana,0.8395497406200242,bob,0.6710310631861317,0.16851867743389248,diana,diana,diana,1,1,1,0,0,10.919862459286348,6.261252214934515,4.038532157242356,21.21964683146322
Bright_Near_20260114_210100_T1,1736899006.48,162,Bright,Near,4,4,1280,720,23.27339588777258,3,1,chen,2,1,0.8666095114668068,456.07861229437856,305.467186758037,552.3435878498364,493.2096060781804,18073.019406576113,chen,0.8618575127683327,diana,0.7452129915715142,0.11664452119681845,chen,chen,chen,2,1,1,0,0,10.919862459286348,6.261252214934515,4.038532157242356,21.21964683146322
Bright_Near_20260114_210100_T1,1736899006.48,162,Bright,Near,4,4,1280,720,23.27339588777258,3,2,alice,3,1,0.8082595446217239,715.203061200543,249.45931449505036,837.3540238924974,386.3634152513874,16722.96770386289,alice,0.8689129951506684,chen,0.6901405091798384,0.17877248597083006,alice,alice,alice,2,1,1,0,0,10.919862459286348,6.261252214934515,4.038532157242356,21.21964683146322
Bright_Near_20260114_210100_T1,1736899006.48,162,Bright,Near,4,4,1280,720,23.27339588777258,3,3,bob,4,1,0.8689977270610496,1067.169116047498,203.51503457599355,1164.671720791549,405.246563942006,19669.349572187235,bob,0.8871740633602715,chen,0.7513067090693528,0.13586735429091867,bob,bob,bob,2,1,1,0,0,10.919862459286348,6.261252214934515,4.038532157242356,21.21964683146322
Bright_Near_20260114_210100_T1,1736899006.52,163,Bright,Near,4,4,1280,720,24.94108470771019,1,0,diana,1,1,0.7883160421288146,151.03027939481328,142.15407479827047,231.7775788697343,285.7257008350142,11593.021083690315,bob,0.7160064526699663,diana,0.692213268939773,0.023793183730193346,bob,bob,bob,2,0,0,1,0,13.643279776953534,9.782512526259303,2.4034467067439245,25.829239009956762
Bright_Near_20260114_210100_T1,1736899006.52,163,Bright,Near,4,4,1280,720,24.94108470771019,1,1,chen,2,1,0.7397818275485063,429.06622034320816,240.27349691758468,547.543166589564,376.94836087317594,16192.820510094578,chen,0.6436175136323421,diana,0.6212350756922573,0.022382437940084765,unknown,unknown,unknown,0,0,0,0,0,13.643279776953534,9.782512526259303,2.4034467067439245,25.829239009956762
Bright_Near_20260114_210100_T1,1736899006.52,163,Bright,Near,4,4,1280,720,24.94108470771019,1,2,alice,3,1,0.6518832951664061,771.151201843921,319.7629792079284,857.9820365484252,456.3096829549488,11856.464262502437,diana,0.7644485611086319,chen,0.7261331689772379,0.03831539213139401,unknown,unknown,unknown,0,0,0,0,0,13.643279776953534,9.782512526259303,2.4034467067439245,25.829239009956762
Bright_Near_20260114_210100_T1,1736899006.52,163,Bright,Near,4,4,1280,720,24.94108470771019,1,3,bob,4,1,0.827978939913512,1060.999141926293,262.59687678869307,1181.8942891782692,424.50638919458993,19574.07434380656,bob,0.9044477097920975,alice,0.7363171160209505,0.16813059377114703,bob,bob,bob,2,1,1,0,0,13.643279776953534,9.782512526259303,2.4034467067439245,25.829239009956762
Bright_Near_20260114_210100_T1,1736899006.56,164,Bright,Near,4,4,1280,720,21.85623267261014,4,0,diana,1,1,0.7371798799274265,80.25495793437501,166.7633740939984,207.37132012384222,337.83033709124663,21745.41002701039,chen,0.8207841474527978,diana,0.7511124215842455,0.0696717258685523,chen,chen,chen,2,0,0,1,0,14.956555756099753,9.380428715869277,10.584013712151291,34.92099818412032
Bright_Near_20260114_210100_T1,1736899006.56,164,Bright,Near,4,4,1280,720,21.85623267261014,4,1,chen,2,1,0.8866184630855148,432.90470199995184,282.3870235669299,514.5411194186927,493.4256383759905,17228.436450025336,chen,0.8812456644913932,diana,0.742848984275312,0.1383966802160812,chen,chen,chen,1,1,1,0,0,14.956555756099753,9.380428715869277,10.584013712151291,34.92099818412032
Bright_Near_20260114_210100_T1,1736899006.56,164,Bright,Near,4,4,1280,720,21.85623267261014,4,2,alice,3,1,0.9502482349486545,724.2156721374411,192.27783256926062,836.6895519389295,405.115054450812,23938.62811118834,alice,0.8395459882968396,chen,0.7222990633233817,0.1172469249734579,alice,alice,alice,2,1,1,0,0,14.956555756099753,9.380428715869277,10.584013712151291,34.92099818412032
Bright_Near_20260114_210100_T1,1736899006.56,164,Bright,Near,4,4,1280,720,21.85623267261014,4,3,bob,4,1,0.8319854731942706,1050.1484393564997,197.2964456113313,1174.070658120606,356.94471953297574,19783.968326229977,bob,0.8525763435770197,alice,0.6895401933800896,0.16303615019693007,bob,bob,bob,1,1,1,0,0,14.956555756099753,9.380428715869277,10.584013712151291,34.92099818412032
Bright_Near_20260114_210100_T1,1736899006.6,165,Bright,Near,4,4,1280,720,24.11414341011322,0,0,diana,1,1,0.7246660877358283,143.61633974046748,319.33948344648024,227.51166810774566,463.06243693693307,12057.684376996589,diana,0.9035307288688913,chen,0.7971192424185776,0.10641148645031373,diana,diana,diana,1,1,1,0,0,14.047813130130944,7.877600775122075,15.088912121475328,37.01432602672835
Bright_Near_20260114_210100_T1,1736899006.6,165,Bright,Near,4,4,1280,720,24.11414341011322,0,1,chen,2,1,0.6936461331116054,438.5742803137016,285.0042853798484,555.1027705149029,486.13565875024415,23437.53527094632,chen,0.9050210160216947,bob,0.765631233721701,0.13938978229999366,chen,chen,chen,2,1,1,0,0,14.047813130130944,7.877600775122075,15.088912121475328,37.01432602672835
Bright_Near_20260114_210100_T1,1736899006.6,165,Bright,Near,4,4,1280,720,24.11414341011322,0,2,alice,3,1,0.779227757405142,737.2996392151499,238.19546646132696,818.2113320145511,440.518885706055,16370.33034405389,alice,0.8555032523330813,chen,0.7271326992225994,0.12837055311048196,alice,alice,alice,1,1,1,0,0,14.047813130130944,7.877600775122075,15.088912121475328,37.01432602672835
Bright_Near_20260114_210100_T1,1736899006.6,165,Bright,Near,4,4,1280,720,24.11414341011322,0,3,bob,4,1,0.7038935515207781,1054.6178482520424,280.9130116733353,1175.69952492354,430.8316682269789,18152.402299853547,bob,0.7870412548565491,alice,0.623949644152908,0.1630916107036411,bob,bob,bob,3,1,1,0,0,14.047813130130944,7.877600775122075,15.088912121475328,37.01432602672835
Bright_Near_20260114_210100_T1,1736899006.64,166,Bright,Near,4,4,1280,720,22.904509956300316,1,0,diana,1,1,0.8408071484667141,111.91676194693227,365.4967844471331,227.86846161055078,518.428771443693,17732.723825185523,diana,0.8209098745660015,chen,0.7576392224808443,0.06327065208515725,diana,diana,diana,2,1,1,0,0,13.748795945958236,9.178488310448891,13.207686362762303,36.13497061916943
Bright_Near_20260114_210100_T1,1736899006.64,166,Bright,Near,4,4,1280,720,22.904509956300316,1,1,chen,2,1,0.7676993802852675,442.5697739252937,248.71959102568417,551.9818362033665,420.1824773038195,18760.10799184145,chen,0.8228854698050049,bob,0.6507040611934489,0.17218140861155595,chen,chen,chen,3,1,1,0,0,13.748795945958236,9.178488310448891,13.207686362762303,36.13497061916943
Bright_Near_20260114_210100_T1,1736899006.64,166,Bright,Near,4,4,1280,720,22.904509956300316,1,2,alice,3,1,0.8959005794509379,750.2581550900532,263.5478089970721,877.5153340168752,447.5242948502118,23412.32857854094,alice,0.6555384115295263,diana,0.6384748414098175,0.017063570119708826,unknown,unknown,unknown,0,0,0,0,0,13.748795945958236,9.178488310448891,13.207686362762303,36.13497061916943
Bright_Near_20260114_210100_T1,1736899006.64,166,Bright,Near,4,4,1280,720,22.904509956300316,1,3,bob,4,1,0.8371899540626866,1079.8564975899112,257.4127157425472,1169.1107351750338,399.51504522356447,12683.235076898087,bob,0.9232085508608117,diana,0.7927665971445843,0.13044195371622735,bob,bob,bob,1,1,1,0,0,13.748795945958236,9.178488310448891,13.207686362762303,36.13497061916943
Bright_Near_20260114_210100_T1,1736899006.68,167,Bright,Near,4,4,1280,720,24.81616154230902,0,0,diana,1,1,0.7538570746315753,122.51327735908231,265.4495982665578,203.2734241696647,406.1578049702613,11363.615430844866,diana,0.8095759017316627,bob,0.6405879086835498,0.16898799304811296,diana,diana,diana,2,1,1,0,0,15.126813600315955,8.566326848492928,9.223640300154571,32.916780748963454
Bright_Near_20260114_210100_T1,1736899006.68,167,Bright,Near,4,4,1280,720,24.81616154230902,0,1,chen,2,1,0.6318582304061562,465.75340683056845,337.2016366927438,577.8210903118,478.93959109842103,15884.24421161267,chen,0.8145782524417595,alice,0.707170305443265,0.10740794699849454,chen,chen,chen,2,1,1,0,0,15.126813600315955,8.566326848492928,9.223640300154571,32.916780748963454
Bright_Near_20260114_210100_T1,1736899006.68,167,Bright,Near,4,4,1280,720,24.81616154230902,0,2,alice,3,1,0.8373409383567157,758.7626575718544,309.06397621191906,885.1400830231859,489.1278537183353,22756.009256044792,alice,0.937615862712747,diana,0.8688198660518028,0.06879599666094416,alice,alice,alice,2,1,1,0,0,15.126813600315955,8.566326848492928,9.223640300154571,32.916780748963454
Bright_Near_20260114_210100_T1,1736899006.68,167,Bright,Near,4,4,1280,720,24.81616154230902,0,3,bob,4,1,0.8302989047987324,1069.4517428312208,272.6430422596792,1159.9868814946033,468.8268085842275,17761.5244876976,bob,0.8545961234094308,chen,0.7631956172623406,0.09140050614709017,bob,bob,bob,2,1,1,0,0,15.126813600315955,8.566326848492928,9.223640300154571,32.916780748963454
Bright_Near_20260114_210100_T1,1736899006.72,168,Bright,Near,4,4,1280,720,23.003969613375446,0,0,diana,1,1,0.7758992218312725,127.25508981907663,188.27888738331973,255.07341968038182,385.7808660671146,25244.373059665755,diana,0.8500738391756089,bob,0.7725186951725109,0.07755514400309793,diana,diana,diana,3,1,1,0,0,9.713845261450981,6.536927369957403,4.768889679138664,21.019662310547048
Bright_Near_20260114_210100_T1,1736899006.72,168,Bright,Near,4,4,1280,720,23.003969613375446,0,1,chen,2,1,0.7802444868616502,429.11949784943226,315.032437308094,538.2679786140973,478.5341984785467,17845.96883410201,chen,0.8559950507454965,diana,0.7687122052237123,0.08728284552178422,chen,chen,chen,2,1,1,0,0,9.713845261450981,6.536927369957403,4.768889679138664,21.019662310547048
Bright_Near_20260114_210100_T1,1736899006.72,168,Bright,Near,4,4,1280,720,23.003969613375446,0,2,alice,3,1,0.7284647390254547,753.4330507920864,251.55012053032698,837.140126796908,407.9131125886001,13088.688860563183,alice,0.8995953885253867,diana,0.739565169896988,0.16003021862839872,alice,alice,alice,1,1,1,0,0,9.713845261450981,6.536927369957403,4.768889679138664,21.019662310547048
Bright_Near_20260114_210100_T1,1736899006.72,168,Bright,Near,4,4,1280,720,23.003969613375446,0,3,bob,4,1,0.704867757648894,1066.7829947203177,246.56106657854673,1168.2791530206218,408.33537404806077,16419.470719847875,bob,0.8831578187465369,chen,0.7356723191968286,0.14748549954970824,bob,bob,bob,2,1,1,0,0,9.713845261450981,6.536927369957403,4.768889679138664,21.019662310547048
Bright_Near_20260114_210100_T1,1736899006.76,169,Bright,Near,4,4,1280,720,20.555911520242166,3,0,diana,1,1,0.8747988755373886,105.87284013325824,218.29968150394757,217.74128424432865,380.24383579858363,18116.44057382406,diana,0.7582026955352614,alice,0.58737238744181,0.17083030809345146,diana,diana,diana,2,1,1,0,0,15.65810019562855,8.954994309024288,9.36878819034745,33.98188269500029
Bright_Near_20260114_210100_T1,1736899006.76,169,Bright,Near,4,4,1280,720,20.555911520242166,3,1,chen,2,1,0.8259349499438305,435.7190730144794,283.65277143641447,519.5135931050067,435.73303934518776,12743.493064654482,chen,0.8757645564184938,alice,0.7363781517591074,0.13938640465938645,chen,chen,chen,1,1,1,0,0,15.65810019562855,8.954994309024288,9.36878819034745,33.98188269500029
Bright_Near_20260114_210100_T1,1736899006.76,169,Bright,Near,4,4,1280,720,20.555911520242166,3,2,alice,3,1,0.7657329211603069,763.7197002837895,232.2734479095345,871.1851165818196,389.88777762512416,16938.08955742081,alice,0.8157320370948292,chen,0.7362760033530287,0.07945603374180055,alice,alice,alice,3,1,1,0,0,15.65810019562855,8.954994309024288,9.36878819034745,33.98188269500029
Bright_Near_20260114_210100_T1,1736899006.76,169,Bright,Near,4,4,1280,720,20.555911520242166,3,3,bob,4,1,0.9757701159026558,1060.5640964168394,155.96150497441027,1178.4998304123512,304.9719942858922,17573.661429979984,bob,0.905816365694351,diana,0.7401863741455439,0.1656299915488071,bob,bob,bob,2,1,1,0,0,15.65810019562855,8.954994309024288,9.36878819034745,33.98188269500029
Bright_Near_20260114_210100_T1,1736899006.8,170,Bright,Near,4,4,1280,720,24.476168323783973,1,0,diana,1,1,0.7920081353087062,90.1314652431734,286.7409357466379,206.64756279000682,440.2186869431946,17882.62862968663,diana,0.8271429565514032,chen,0.7210512596328169,0.10609169691858633,diana,diana,diana,3,1,1,0,0,12.393178188735064,10.695121622654783,5.67321706820915,28.761516879598997
Bright_Near_20260114_210100_T1,1736899006.8,170,Bright,Near,4,4,1280,720,24.476168323783973,1,1,chen,2,1,0.7024956473404851,421.4796922088043,269.1979898212443,537.0063841001943,412.46936359717745,16551.6678550684,chen,0.8924840892059985,diana,0.7717031580312519,0.12078093117474664,chen,chen,chen,2,1,1,0,0,12.393178188735064,10.695121622654783,5.67321706820915,28.761516879598997
Bright_Near_20260114_210100_T1,1736899006.8,170,Bright,Near,4,4,1280,720,24.476168323783973,1,2,alice,3,1,0.7084625747544588,748.5567357624288,210.34914370078616,873.6485754904909,401.01437967883976,23850.66514067981,alice,0.971969928983741,diana,0.8577217970235484,0.11424813196019257,alice,alice,alice,2,1,1,0,0,12.393178188735064,10.695121622654783,5.67321706820915,28.761516879598997
Bright_Near_20260114_210100_T1,1736899006.8,170,Bright,Near,4,4,1280,720,24.476168323783973,1,3,bob,4,1,0.858695852453769,1064.8061189304847,274.0895786359463,1153.6024159462943,466.80621247471777,17112.52345823458,bob,0.8245698636511948,chen,0.6607789258490055,0.16379093780218923,bob,bob,bob,2,1,1,0,0,12.393178188735064,10.695121622654783,5.67321706820915,28.761516879598997
Bright_Near_20260114_210100_T1,1736899006.84,171,Bright,Near,4,4,1280,720,23.523782048750203,3,0,diana,1,1,0.7654498217055683,84.08364710356457,238.0673390835471,201.86047965674797,370.25198488768837,15568.288894976202,diana,0.9042382593191788,alice,0.7450315663810094,0.15920669293816936,diana,diana,diana,3,1,1,0,0,15.984624360902083,8.200760717466313,9.579314270048105,33.7646993484165
Bright_Near_20260114_210100_T1,1736899006.84,171,Bright,Near,4,4,1280,720,23.523782048750203,3,1,chen,2,1,0.7857090909046613,424.80779266881234,294.55194156781704,522.6362313427525,456.20440046305566,15814.207661524479,chen,0.8607895366485093,diana,0.7713717791975636,0.08941775745094571,chen,chen,chen,1,1,1,0,0,15.984624360902083,8.200760717466313,9.579314270048105,33.7646993484165
Bright_Near_20260114_210100_T1,1736899006.84,171,Bright,Near,4,4,1280,720,23.523782048750203,3,2,alice,3,1,0.836757699006088,699.76915831848,274.71931185941634,818.3202243401557,437.40931395900424,19287.07317997481,alice,0.917355282807117,chen,0.7568054072531782,0.16054987555393874,alice,alice,alice,1,1,1,0,0,15.984624360902083,8.200760717466313,9.579314270048105,33.7646993484165
Bright_Near_20260114_210100_T1,1736899006.84,171,Bright,Near,4,4,1280,720,23.523782048750203,3,3,bob,4,1,0.7262066437999088,1060.8510007338525,207.87728156665392,1173.835297568268,397.65551210666115,21441.959932042322,bob,0.9385525416600562,alice,0.8148076770935078,0.12374486456654843,bob,bob,bob,1,1,1,0,0,15.984624360902083,8.200760717466313,9.579314270048105,33.7646993484165
Bright_Near_20260114_210100_T1,1736899006.88,172,Bright,Near,4,4,1280,720,25.307469560169395,1,0,diana,1,1,0.7691542919465578,80.63242079199142,291.3334878895236,205.66261036354274,498.74648726638367,25932.88663169287,diana,0.8792282992575944,bob,0.7020219529359544,0.17720634632164,diana,diana,diana,1,1,1,0,0,11.067992743297024,7.071954756662492,3.8153787708769356,21.95532627083645
Bright_Near_20260114_210100_T1,1736899006.88,172,Bright,Near,4,4,1280,720,25.307469560169395,1,1,chen,2,1,0.894804784770654,434.47375921771453,173.45127528020814,552.3301485093559,366.29481464849414,22727.843248166686,chen,0.8294968040159424,alice,0.7087334865112958,0.12076331750464664,chen,chen,chen,3,1,1,0,0,11.067992743297024,7.071954756662492,3.8153787708769356,21.95532627083645
Bright_Near_20260114_210100_T1,1736899006.88,172,Bright,Near,4,4,1280,720,25.307469560169395,1,2,alice,3,1,0.8489323042511387,742.911034139463,241.7617446524502,826.0147176279386,385.55877670918966,11950.063038625449,alice,0.8028841426505031,chen,0.6667577226150893,0.13612642003541386,alice,alice,alice,3,1,1,0,0,11.067992743297024,7.071954756662492,3.8153787708769356,21.95532627083645
Bright_Near_20260114_210100_T1,1736899006.88,172,Bright,Near,4,4,1280,720,25.307469560169395,1,3,bob,4,1,0.8364600910613418,1059.850162698919,108.42535172074744,1171.8938505185345,321.61815146287415,23886.907499696663,bob,0.8207516928882836,diana,0.6732203904333199,0.1475313024549637,bob,bob,bob,2,1,1,0,0,11.067992743297024,7.071954756662492,3.8153787708769356,21.95532627083645
Bright_Near_20260114_210100_T1,1736899006.92,173,Bright,Near,4,4,1280,720,26.569176183428294,1,0,diana,1,1,0.5981036584307166,109.30587744528327,298.86898489175485,226.46228212068252,486.63921215293556,21998.48473100257,diana,0.851607292221234,alice,0.7338527602526921,0.11775453196854191,diana,diana,diana,2,1,1,0,0,11.547859119801995,6.458392598707136,6.808139735052303,24.814391453561434
Bright_Near_20260114_210100_T1,1736899006.92,173,Bright,Near,4,4,1280,720,26.569176183428294,1,1,chen,2,1,0.7814203819583746,408.98083391782984,212.33513720170447,515.9525950080689,400.39184636834295,20116.75736439022,chen,0.99,bob,0.8381101165489571,0.15188988345104293,chen,chen,chen,1,1,1,0,0,11.547859119801995,6.458392598707136,6.808139735052303,24.814391453561434
Bright_Near_20260114_210100_T1,1736899006.92,173,Bright,Near,4,4,1280,720,26.569176183428294,1,2,alice,3,1,0.8096061687771761,747.1140817887788,299.9406904343426,848.202173451941,493.67229634559817,19583.95833640862,alice,0.7645792013429479,bob,0.6477402420996936,0.11683895924325427,alice,alice,alice,3,1,1,0,0,11.547859119801995,6.458392598707136,6.808139735052303,24.814391453561434
Bright_Near_20260114_210100_T1,1736899006.92,173,Bright,Near,4,4,1280,720,26.569176183428294,1,3,bob,-1,0,-1.0,-1.0,-1.0,-1.0,-1.0,0.0,unknown,-1.0,unknown,-1.0,-1.0,unknown,unknown,unknown,0,0,0,0,1,11.547859119801995,6.458392598707136,6.808139735052303,24.814391453561434
Bright_Near_20260114_210100_T1,1736899006.96,174,Bright,Near,4,4,1280,720,25.25463293083492,1,0,diana,1,1,0.8291329442027235,127.06633305219226,227.35714551848895,235.91992876617945,382.79728452551257,16920.21804919652,diana,0.9436524619578045,chen,0.8758901729214298,0.06776228903637471,diana,diana,diana,1,1,1,0,0,11.574842133339608,9.102801871079542,9.744343006829205,30.421987011248355
Bright_Near_20260114_210100_T1,1736899006.96,174,Bright,Near,4,4,1280,720,25.25463293083492,1,1,chen,2,1,0.7660110152703549,438.6457910274616,278.8395732487011,527.9601492971531,475.3363374464635,17549.98239639404,chen,0.8447910042233022,bob,0.6839909331182535,0.16080007110504868,chen,chen,chen,2,1,1,0,0,11.574842133339608,9.102801871079542,9.744343006829205,30.421987011248355
Bright_Near_20260114_210100_T1,1736899006.96,174,Bright,Near,4,4,1280,720,25.25463293083492,1,2,alice,3,1,0.7769249200655587,736.1499770247877,257.4514559048116,831.9398707492804,429.4814344139053,16478.733358812842,alice,0.8998149934442377,diana,0.794757397935833,0.10505759550840466,alice,alice,alice,2,1,1,0,0,11.574842133339608,9.102801871079542,9.744343006829205,30.421987011248355
Bright_Near_20260114_210100_T1,1736899006.96,174,Bright,Near,4,4,1280,720,25.25463293083492,1,3,bob,4,1,0.7954048413584625,1093.5262939637394,300.8082236134653,1178.7772768792154,499.66722125092656,16952.925010179893,bob,0.8994330005935341,alice,0.7400448926573582,0.15938810793617597,bob,bob,bob,2,1,1,0,0,11.574842133339608,9.102801871079542,9.744343006829205,30.421987011248355
Bright_Near_20260114_210100_T1,1736899007.0,175,Bright,Near,4,4,1280,720,25.702726582802573,1,0,diana,1,1,0.8906861659717805,116.79047209008726,286.0395210099435,201.5717833178875,422.04784868759276,11530.964358411422,diana,0.820639136520657,bob,0.6852213897675976,0.1354177467530594,diana,diana,diana,2,1,1,0,0,11.90869761234884,6.502647343520936,6.040162732273785,24.45150768814356
Bright_Near_20260114_210100_T1,1736899007.0,175,Bright,Near,4,4,1280,720,25.702726582802573,1,1,chen,2,1,0.6998216829384526,449.06973260837987,290.7840749686327,530.541443772716,421.8562752233778,10678.676440828614,chen,0.8936899222548971,diana,0.8169206065026421,0.07676931575225499,chen,chen,chen,1,1,1,0,0,11.90869761234884,6.502647343520936,6.040162732273785,24.45150768814356
Bright_Near_20260114_210100_T1,1736899007.0,175,Bright,Near,4,4,1280,720,25.702726582802573,1,2,alice,3,1,0.6545900495482664,786.8368937868456,304.3982379795565,880.7799396357443,466.7180955530963,15248.821822217757,alice,0.8994919279896911,bob,0.7949946083598908,0.10449731962980036,alice,alice,alice,2,1,1,0,0,11.90869761234884,6.502647343520936,6.040162732273785,24.45150768814356
Bright_Near_20260114_210100_T1,1736899007.0,175,Bright,Near,4,4,1280,720,25.702726582802573,1,3,bob,4,1,0.8316066785540102,1094.5446155300078,236.33270844646566,1202.095294875227,434.29117142073164,21290.567175017713,bob,0.841763520713795,diana,0.6755098060166138,0.1662537146971812,bob,bob,bob,1,1,1,0,0,11.90869761234884,6.502647343520936,6.040162732273785,24.45150768814356
Bright_Near_20260114_210100_T1,1736899007.04,176,Bright,Near,4,4,1280,720,27.3607379129752,2,0,diana,1,1,0.8417601739326636,96.12550207998743,235.62921359055886,199.25574781097936,366.92982008974366,13541.063812889204,diana,0.8856661710675139,bob,0.7837616800399461,0.10190449102756782,diana,diana,diana,1,1,1,0,0,10.613636168749167,7.179185454472926,5.998422232301848,23.79124385552394
Bright_Near_20260114_210100_T1,1736899007.04,176,Bright,Near,4,4,1280,720,27.3607379129752,2,1,chen,2,1,0.7996435930533435,446.07382845202346,248.86257512569014,562.1236242114868,427.3258906292292,20710.631314742375,chen,0.8413540105496266,alice,0.6953867367558196,0.14596727379380692,chen,chen,chen,1,1,1,0,0,10.613636168749167,7.179185454472926,5.998422232301848,23.79124385552394
Bright_Near_20260114_210100_T1,1736899007.04,176,Bright,Near,4,4,1280,720,27.3607379129752,2,2,alice,3,1,0.879221060988644,761.6111847760085,247.6987846788818,855.908262071531,392.09354632754776,13616.004000252804,alice,0.7508734867503221,bob,0.6196113887944782,0.13126209795584387,alice,alice,alice,2,1,1,0,0,10.613636168749167,7.179185454472926,5.998422232301848,23.79124385552394
Bright_Near_20260114_210100_T1,1736899007.04,176,Bright,Near,4,4,1280,720,27.3607379129752,2,3,bob,4,1,0.7790982451623257,1093.3293357739115,214.16742746861794,1209.2912689074658,423.2742961923775,24248.43672871153,bob,0.8172981658682502,diana,0.719422234344899,0.09787593152335117,bob,bob,bob,2,1,1,0,0,10.613636168749167,7.179185454472926,5.998422232301848,23.79124385552394
Bright_Near_20260114_210100_T1,1736899007.08,177,Bright,Near,4,4,1280,720,24.616347877815322,1,0,diana,1,1,0.7426638748603724,105.377766315391,258.2618683965799,226.67574035463593,409.1556601035124,18303.111229150727,diana,0.9726469618977023,alice,0.8932848091537652,0.0793621527439371,diana,diana,diana,2,1,1,0,0,8.090802052687836,7.261234654531588,6.045507088942292,21.397543796161717
Bright_Near_20260114_210100_T1,1736899007.08,177,Bright,Near,4,4,1280,720,24.616347877815322,1,1,chen,2,1,0.8586911104496727,450.2547746777163,172.43492701146278,549.7935976406485,369.0179261029278,19567.640344087602,chen,0.87321021972071,alice,0.7539891923641858,0.11922102735652418,chen,chen,chen,3,1,1,0,0,8.090802052687836,7.261234654531588,6.045507088942292,21.397543796161717
Bright_Near_20260114_210100_T1,1736899007.08,177,Bright,Near,4,4,1280,720,24.616347877815322,1,2,alice,3,1,0.7021075139283649,773.4727510688666,209.38540466876884,893.5017228303371,403.0755137754809,23248.424636445685,alice,0.9798547744406301,chen,0.8560483844312321,0.12380639000939797,alice,alice,alice,2,1,1,0,0,8.090802052687836,7.261234654531588,6.045507088942292,21.397543796161717
Bright_Near_20260114_210100_T1,1736899007.08,177,Bright,Near,4,4,1280,720,24.616347877815322,1,3,bob,4,1,0.7920418213569813,1088.3845509167327,251.51628404041256,1202.2876262519844,416.7079291827316,18815.83640139974,bob,0.7877653192336616,diana,0.6839530728730393,0.10381224636062225,bob,bob,bob,1,1,1,0,0,8.090802052687836,7.261234654531588,6.045507088942292,21.397543796161717
Bright_Near_20260114_210100_T1,1736899007.12,178,Bright,Near,4,4,1280,720,28.846874798009384,1,0,diana,1,1,0.83261574852403,112.19078363925536,260.9860731378654,211.63073075824195,438.4053885783729,17642.567345290867,diana,0.8453001577495691,alice,0.7622215604273886,0.08307859732218048,diana,diana,diana,2,1,1,0,0,13.1588227250489,11.780266841168306,9.798940538710674,34.73803010492788
Bright_Near_20260114_210100_T1,1736899007.12,178,Bright,Near,4,4,1280,720,28.846874798009384,1,1,chen,2,1,0.789522827329918,428.8510369235943,289.12236417131777,525.3862981559495,450.998202942153,15626.726382949191,chen,0.7900887777731307,bob,0.7085903113257509,0.08149846644737979,chen,chen,chen,3,1,1,0,0,13.1588227250489,11.780266841168306,9.798940538710674,34.73803010492788
Bright_Near_20260114_210100_T1,1736899007.12,178,Bright,Near,4,4,1280,720,28.846874798009384,1,2,alice,3,1,0.7115294435130088,747.2338533956221,246.2753239364671,856.438074260585,386.2760151118009,15288.666400358627,alice,0.7977544333905767,bob,0.7205134570471684,0.07724097634340832,alice,alice,alice,1,1,1,0,0,13.1588227250489,11.780266841168306,9.798940538710674,34.73803010492788
Bright_Near_20260114_210100_T1,1736899007.12,178,Bright,Near,4,4,1280,720,28.846874798009384,1,3,bob,4,1,0.7503643374245422,1054.7983507535032,258.86011083278447,1169.4752919055122,412.3487882463352,17601.61202725345,bob,0.7171632982971311,chen,0.653839755637255,0.06332354265987605,unknown,unknown,unknown,0,0,0,0,0,13.1588227250489,11.780266841168306,9.798940538710674,34.73803010492788
Bright_Near_20260114_210100_T1,1736899007.16,179,Bright,Near,4,4,1280,720,23.43616731734768,0,0,diana,1,1,0.7411849790361387,84.65760264794525,213.855153742141,205.81479211375168,424.5118244229206,25522.570161907202,diana,0.8027370216529046,alice,0.632516089441937,0.17022093221096757,diana,diana,diana,2,1,1,0,0,9.920175461948213,4.352340856490543,6.204354827901757,20.476871146340514
Bright_Near_20260114_210100_T1,1736899007.16,179,Bright,Near,4,4,1280,720,23.43616731734768,0,1,chen,2,1,0.7156810859370903,436.3774503393171,273.25060199693166,550.718283634541,469.55481484951997,22445.587276927945,chen,0.9731581223024536,bob,0.9011105770244021,0.07204754527805146,chen,chen,chen,1,1,1,0,0,9.920175461948213,4.352340856490543,6.204354827901757,20.476871146340514
Bright_Near_20260114_210100_T1,1736899007.16,179,Bright,Near,4,4,1280,720,23.43616731734768,0,2,alice,3,1,0.8333217188178722,762.8276573870824,245.3738969611891,856.2208909848002,393.137021891157,13800.076043713265,alice,0.8460448151220321,diana,0.7555572891392205,0.09048752598281162,alice,alice,alice,3,1,1,0,0,9.920175461948213,4.352340856490543,6.204354827901757,20.476871146340514
Bright_Near_20260114_210100_T1,1736899007.16,179,Bright,Near,4,4,1280,720,23.43616731734768,0,3,bob,4,1,0.7839171334669012,1068.1667806404412,228.01260236160596,1183.3415655480812,394.6520574387808,19192.66339563996,bob,0.7691146052534993,alice,0.6493094741782095,0.11980513107528978,bob,bob,bob,2,1,1,0,0,9.920175461948213,4.352340856490543,6.204354827901757,20.476871146340514
Bright_Near_20260114_210100_T1,1736899007.2,180,Bright,Near,4,4,1280,720,26.887450538893482,0,0,diana,-1,0,-1.0,-1.0,-1.0,-1.0,-1.0,0.0,unknown,-1.0,unknown,-1.0,-1.0,unknown,unknown,unknown,0,0,0,0,1,8.875776617896346,4.6150112874573,9.27949715826922,22.770285063622865
Bright_Near_20260114_210100_T1,1736899007.2,180,Bright,Near,4,4,1280,720,26.887450538893482,0,1,chen,2,1,0.7020135181883116,418.4723465752246,215.18775282973846,504.01036861750765,366.2564022870936,12922.113467181172,chen,0.8276905004970452,diana,0.6647811072664676,0.16290939323057763,chen,chen,chen,2,1,1,0,0,8.875776617896346,4.6150112874573,9.27949715826922,22.770285063622865
Bright_Near_20260114_210100_T1,1736899007.2,180,Bright,Near,4,4,1280,720,26.887450538893482,0,2,alice,3,1,0.6928522064162069,768.9175381323489,229.49283720486858,870.1370250616726,438.178149981915,21123.020288978078,alice,0.85895274028307,diana,0.7965835143262485,0.062369225956821484,alice,alice,alice,2,1,1,0,0,8.875776617896346,4.6150112874573,9.27949715826922,22.770285063622865
Bright_Near_20260114_210100_T1,1736899007.2,180,Bright,Near,4,4,1280,720,26.887450538893482,0,3,bob,4,1,0.894223070496668,1053.6747025931531,274.3738543803677,1146.7149458751924,477.2349466228927,18874.24537470473,bob,0.8351331970527334,alice,0.70876337202236,0.12636982503037342,bob,bob,bob,2,1,1,0,0,8.875776617896346,4.6150112874573,9.27949715826922,22.770285063622865
Bright_Near_20260114_210100_T1,1736899007.24,181,Bright,Near,4,4,1280,720,22.8316732464093,2,0,diana,1,1,0.8742458422154727,109.39088827452996,182.7324939006722,200.08320038634395,387.0696824528628,18531.812080225856,diana,0.8162686701414792,chen,0.747266169447885,0.06900250069359415,diana,diana,diana,2,1,1,0,0,15.054357887789722,8.030568218158644,9.761349851178961,32.846275957127325
Bright_Near_20260114_210100_T1,1736899007.24,181,Bright,Near,4,4,1280,720,22.8316732464093,2,1,chen,2,1,0.6032829773812142,431.53486544995485,219.3499564266244,532.6302649286653,384.6993568505318,16716.063689420167,chen,0.8230012317584577,alice,0.6599382939769528,0.16306293778150494,chen,chen,chen,2,1,1,0,0,15.054357887789722,8.030568218158644,9.761349851178961,32.846275957127325
Bright_Near_20260114_210100_T1,1736899007.24,181,Bright,Near,4,4,1280,720,22.8316732464093,2,2,alice,-1,0,-1.0,-1.0,-1.0,-1.0,-1.0,0.0,unknown,-1.0,unknown,-1.0,-1.0,unknown,unknown,unknown,0,0,0,0,1,15.054357887789722,8.030568218158644,9.761349851178961,32.846275957127325
Bright_Near_20260114_210100_T1,1736899007.24,181,Bright,Near,4,4,1280,720,22.8316732464093,2,3,bob,4,1,0.7215139643488812,1068.5229145743917,248.95912017749401,1176.315239177359,392.97357878660284,15523.653269913651,bob,0.8456869128427409,alice,0.6743697726574585,0.17131714018528243,bob,bob,bob,1,1,1,0,0,15.054357887789722,8.030568218158644,9.761349851178961,32.846275957127325
Bright_Near_20260114_210100_T1,1736899007.28,182,Bright,Near,4,4,1280,720,22.85397561959977,1,0,diana,1,1,0.7444042915399954,111.34345184322204,267.8553286841144,238.82015212050106,425.9579584757429,20154.40155099703,diana,0.8313204608820391,alice,0.7329038012878282,0.09841665959421098,diana,diana,diana,1,1,1,0,0,13.506373955951764,8.594115218313537,4.180408891808396,26.280898066073696
Bright_Near_20260114_210100_T1,1736899007.28,182,Bright,Near,4,4,1280,720,22.85397561959977,1,1,chen,2,1,0.7297352089693157,454.25502166655184,273.37578347633456,551.7091139015731,463.7277522993606,18550.578326797073,chen,0.8496807769851058,diana,0.748863451131123,0.10081732585398284,chen,chen,chen,1,1,1,0,0,13.506373955951764,8.594115218313537,4.180408891808396,26.280898066073696
Bright_Near_20260114_210100_T1,1736899007.28,182,Bright,Near,4,4,1280,720,22.85397561959977,1,2,alice,3,1,0.7278812628411556,762.3280607043728,287.2795093985968,854.2669178564195,440.96639842107834,14129.796935980381,alice,0.8774686081605403,bob,0.8082402274640648,0.06922838069647552,alice,alice,alice,2,1,1,0,0,13.506373955951764,8.594115218313537,4.180408891808396,26.280898066073696
Bright_Near_20260114_210100_T1,1736899007.28,182,Bright,Near,4,4,1280,720,22.85397561959977,1,3,bob,4,1,0.8301199890039298,1056.3973029290937,220.18771830604,1170.371631286574,377.43646946049466,17922.320797881526,bob,0.9271316100733991,diana,0.7750015440351777,0.15213006603822132,bob,bob,bob,1,1,1,0,0,13.506373955951764,8.594115218313537,4.180408891808396,26.280898066073696
Bright_Near_20260114_210100_T1,1736899007.32,183,Bright,Near,4,4,1280,720,27.033073158244168,1,0,diana,1,1,0.7913907688366952,127.19106944151007,224.94397649547477,221.809673539213,401.6801557002342,16722.530569915813,diana,0.830109068410133,bob,0.763203592533857,0.06690547587627604,diana,diana,diana,3,1,1,0,0,16.830355844412473,8.066844058494071,6.606288129880207,31.503488032786752
Bright_Near_20260114_210100_T1,1736899007.32,183,Bright,Near,4,4,1280,720,27.033073158244168,1,1,chen,2,1,0.698076718694377,434.130980539625,239.4244126748993,515.2705514428338,381.8665483549355,11557.693767614792,chen,0.8654858721430791,diana,0.7987270876522601,0.06675878449081907,chen,chen,chen,2,1,1,0,0,16.830355844412473,8.066844058494071,6.606288129880207,31.503488032786752
Bright_Near_20260114_210100_T1,1736899007.32,183,Bright,Near,4,4,1280,720,27.033073158244168,1,2,alice,3,1,0.8836988644744377,733.5450411143864,273.2422596887531,845.6714798329546,424.47035735814353,16956.66802585254,alice,0.8938188617010842,chen,0.7222716111078942,0.17154725059318998,alice,alice,alice,3,1,1,0,0,16.830355844412473,8.066844058494071,6.606288129880207,31.503488032786752
Bright_Near_20260114_210100_T1,1736899007.32,183,Bright,Near,4,4,1280,720,27.033073158244168,1,3,bob,4,1,0.7661057265160895,1078.1421502332764,186.10629066803062,1193.5262541888305,393.0351945560823,23876.306157627816,bob,0.8942387095151139,alice,0.7224347929900614,0.17180391652505245,bob,bob,bob,1,1,1,0,0,16.830355844412473,8.066844058494071,6.606288129880207,31.503488032786752
Bright_Near_20260114_210100_T1,1736899007.36,184,Bright,Near,4,4,1280,720,26.13186134657535,1,0,diana,1,1,0.8540132886434885,115.83911686509437,152.1264086007639,229.0888934037859,363.20861936539035,23905.013200386933,diana,0.869142988254878,bob,0.7361534985158409,0.13298948973903713,diana,diana,diana,2,1,1,0,0,11.562053359960139,8.147823512654107,10.377430343293721,30.087307215907966
Bright_Near_20260114_210100_T1,1736899007.36,184,Bright,Near,4,4,1280,720,26.13186134657535,1,1,chen,2,1,0.7268451545547387,455.9729398339297,233.41382632432314,570.2749850876891,371.12165285466654,15740.286219868158,chen,0.8382843074279723,diana,0.7323500890790777,0.1059342183488946,chen,chen,chen,2,1,1,0,0,11.562053359960139,8.147823512654107,10.377430343293721,30.087307215907966
Bright_Near_20260114_210100_T1,1736899007.36,184,Bright,Near,4,4,1280,720,26.13186134657535,1,2,alice,3,1,0.83896293235194,743.5542205960942,232.48823897591654,850.6797745237457,406.30463362057964,18620.177558016807,alice,0.8577065111626614,diana,0.7564736496649599,0.1012328614977015,alice,alice,alice,2,1,1,0,0,11.562053359960139,8.147823512654107,10.377430343293721,30.087307215907966
Bright_Near_20260114_210100_T1,1736899007.36,184,Bright,Near,4,4,1280,720,26.13186134657535,1,3,bob,4,1,0.7267612600224632,1060.2357796074364,344.025103602005,1148.407825622725,512.0913139997775,14818.741636807597,bob,0.8834824946789348,alice,0.8159437382961973,0.06753875638273754,bob,bob,bob,3,1,1,0,0,11.562053359960139,8.147823512654107,10.377430343293721,30.087307215907966
Bright_Near_20260114_210100_T1,1736899007.4,185,Bright,Near,4,4,1280,720,27.561072472299525,3,0,diana,1,1,0.7505481558824528,80.57044364354195,260.35241184760696,169.56307250687556,449.4174428135527,16825.39413178709,diana,0.8687080510207729,alice,0.6999024862515029,0.16880556476927,diana,diana,diana,1,1,1,0,0,13.247833061856104,9.938415487009168,11.740758456179533,34.92700700504481
Bright_Near_20260114_210100_T1,1736899007.4,185,Bright,Near,4,4,1280,720,27.561072472299525,3,1,chen,2,1,0.8728727011015581,432.23380995411884,258.50381694442626,539.902804537467,388.59742723113027,14007.048221287338,chen,0.8450579574733308,bob,0.6731522863638875,0.17190567110944333,chen,chen,chen,2,1,1,0,0,13.247833061856104,9.938415487009168,11.740758456179533,34.92700700504481
Bright_Near_20260114_210100_T1,1736899007.4,185,Bright,Near,4,4,1280,720,27.561072472299525,3,2,alice,3,1,0.8356995236657323,720.9306957743527,263.2048752390612,831.7831640926272,447.08319625719463,20383.365755080147,alice,0.8305559324772483,chen,0.7343172520584261,0.09623868041882222,alice,alice,alice,2,1,1,0,0,13.247833061856104,9.938415487009168,11.740758456179533,34.92700700504481
Bright_Near_20260114_210100_T1,1736899007.4,185,Bright,Near,4,4,1280,720,27.561072472299525,3,3,bob,4,1,0.745399964357764,1070.9460191467128,246.9657716866582,1192.871442467921,400.98876084950257,18779.318154877663,bob,0.8435114329069654,alice,0.689047932082058,0.15446350082490745,bob,bob,bob,2,1,1,0,0,13.247833061856104,9.938415487009168,11.740758456179533,34.92700700504481
Bright_Near_20260114_210100_T1,1736899007.44,186,Bright,Near,4,4,1280,720,23.416079916196317,0,0,diana,-1,0,-1.0,-1.0,-1.0,-1.0,-1.0,0.0,unknown,-1.0,unknown,-1.0,-1.0,unknown,unknown,unknown,0,0,0,0,1,10.772309785199068,8.730067392899336,3.7040405892924273,23.206417767390832
Bright_Near_20260114_210100_T1,1736899007.44,186,Bright,Near,4,4,1280,720,23.416079916196317,0,1,chen,2,1,0.6984040951739747,458.1240065997149,277.66108644364925,543.4733019620494,440.93608545680314,13935.406116058542,chen,0.8873444664727697,alice,0.7661654601469021,0.12117900632586753,chen,chen,chen,3,1,1,0,0,10.772309785199068,8.730067392899336,3.7040405892924273,23.206417767390832
Bright_Near_20260114_210100_T1,1736899007.44,186,Bright,Near,4,4,1280,720,23.416079916196317,0,2,alice,3,1,0.747075688172851,755.8533541299564,255.59932426421628,837.1477717191867,422.4728225258774,13565.883852259178,alice,0.900202903387964,diana,0.7911577928724562,0.1090451105155078,alice,alice,alice,1,1,1,0,0,10.772309785199068,8.730067392899336,3.7040405892924273,23.206417767390832
Bright_Near_20260114_210100_T1,1736899007.44,186,Bright,Near,4,4,1280,720,23.416079916196317,0,3,bob,4,1,0.7597358951701789,1076.9876095015936,213.99575962220104,1171.8196819018433,428.36514506323465,20329.093080541126,bob,0.8311021299044113,chen,0.6581819326625347,0.17292019724187668,bob,bob,bob,2,1,1,0,0,10.772309785199068,8.730067392899336,3.7040405892924273,23.206417767390832
Bright_Near_20260114_210100_T1,1736899007.48,187,Bright,Near,4,4,1280,720,24.561469553005374,0,0,diana,1,1,0.8294957711639737,112.69666525941628,178.88242408514185,197.83686843585375,385.03393937016307,17551.78189649716,bob,0.851428171348902,diana,0.7764457452720419,0.07498242607686012,bob,bob,bob,2,0,0,1,0,13.394967219684071,10.741821108721021,3.004547059272312,27.141335387677405
Bright_Near_20260114_210100_T1,1736899007.48,187,Bright,Near,4,4,1280,720,24.561469553005374,0,1,chen,2,1,0.7550870620415219,406.84578912887156,165.16639986967988,526.8637513500232,365.44197021934207,24036.66583604536,diana,0.770597832372908,chen,0.7108224220246944,0.05977541034821365,unknown,unknown,unknown,0,0,0,0,0,13.394967219684071,10.741821108721021,3.004547059272312,27.141335387677405
Bright_Near_20260114_210100_T1,1736899007.48,187,Bright,Near,4,4,1280,720,24.561469553005374,0,2,alice,3,1,0.9225443426846134,742.9168104953701,279.4513658048381,839.8774436735873,452.34169533061623,16763.555821210073,alice,0.7382184526719089,bob,0.6496500034011764,0.08856844927073249,alice,alice,alice,2,1,1,0,0,13.394967219684071,10.741821108721021,3.004547059272312,27.141335387677405
Bright_Near_20260114_210100_T1,1736899007.48,187,Bright,Near,4,4,1280,720,24.561469553005374,0,3,bob,4,1,0.6617799736835408,1074.7084911104669,169.33504550819032,1163.2620637578286,381.0908591406102,18751.73382599969,bob,0.8006532732946684,diana,0.7067985769175612,0.0938546963771072,bob,bob,bob,1,1,1,0,0,13.394967219684071,10.741821108721021,3.004547059272312,27.141335387677405
Bright_Near_20260114_210100_T1,1736899007.52,188,Bright,Near,4,4,1280,720,24.018425825360683,2,0,diana,1,1,0.7390770858472924,92.77331103379079,290.1653561091293,211.7777245433614,419.9185210237558,15441.199291675719,diana,0.9259989172669072,bob,0.8466344384398359,0.07936447882707132,diana,diana,diana,2,1,1,0,0,12.91224070088596,8.717483522808136,9.29401488721035,30.923739110904446
Bright_Near_20260114_210100_T1,1736899007.52,188,Bright,Near,4,4,1280,720,24.018425825360683,2,1,chen,-1,0,-1.0,-1.0,-1.0,-1.0,-1.0,0.0,unknown,-1.0,unknown,-1.0,-1.0,unknown,unknown,unknown,0,0,0,0,1,12.91224070088596,8.717483522808136,9.29401488721035,30.923739110904446
Bright_Near_20260114_210100_T1,1736899007.52,188,Bright,Near,4,4,1280,720,24.018425825360683,2,2,alice,3,1,0.8898323524058555,739.459556599731,256.8926892395389,863.780191042512,436.7049595106261,22354.375520698377,alice,0.9382594849003096,diana,0.8397977570754938,0.09846172782481588,alice,alice,alice,3,1,1,0,0,12.91224070088596,8.717483522808136,9.29401488721035,30.923739110904446
Bright_Near_20260114_210100_T1,1736899007.52,188,Bright,Near,4,4,1280,720,24.018425825360683,2,3,bob,4,1,0.7626350968937587,1083.1284305885733,230.8397788328072,1198.2050840211623,420.5128153583068,21826.938289751703,bob,0.7855067803685111,diana,0.6815222833042297,0.10398449706428137,bob,bob,bob,2,1,1,0,0,12.91224070088596,8.717483522808136,9.29401488721035,30.923739110904446
Bright_Near_20260114_210100_T1,1736899007.56,189,Bright,Near,4,4,1280,720,27.833695003878397,0,0,diana,1,1,0.978726565652245,103.43079558339042,241.91251260424556,206.32163812703453,410.6041106917281,17356.820657254866,alice,0.5744379912585034,diana,0.4982921343935651,0.07614585686493824,unknown,unknown,unknown,0,0,0,0,0,13.759538549512815,8.07903966635214,9.510338631104384,31.348916846969338
Bright_Near_20260114_210100_T1,1736899007.56,189,Bright,Near,4,4,1280,720,27.833695003878397,0,1,chen,2,1,0.7738676892348262,433.32793715545756,125.67566890218181,537.650710588696,325.16797252934197,20811.590392971044,chen,0.8401538608166521,diana,0.6711558957970462,0.16899796501960596,chen,chen,chen,2,1,1,0,0,13.759538549512815,8.07903966635214,9.510338631104384,31.348916846969338
Bright_Near_20260114_210100_T1,1736899007.56,189,Bright,Near,4,4,1280,720,27.833695003878397,0,2,alice,3,1,0.6657573762804545,752.8432927258606,198.41159472440887,873.0524449437033,361.29937021950576,19580.6013989159,alice,0.9539477073685458,chen,0.8560617852823174,0.09788592208622848,alice,alice,alice,2,1,1,0,0,13.759538549512815,8.07903966635214,9.510338631104384,31.348916846969338
Bright_Near_20260114_210100_T1,1736899007.56,189,Bright,Near,4,4,1280,720,27.833695003878397,0,3,bob,4,1,0.7501580024997941,1080.4951354595366,267.1171305355608,1187.104802082955,426.1647546615005,16956.014185313194,bob,0.8092023652854333,chen,0.7425278838042241,0.06667448148120925,bob,bob,bob,2,1,1,0,0,13.759538549512815,8.07903966635214,9.510338631104384,31.348916846969338
Bright_Near_20260114_210100_T1,1736899007.6,190,Bright,Near,4,4,1280,720,26.98991085706481,0,0,diana,1,1,0.5987356471277381,126.51441033510226,254.00133633050524,224.9171132749742,429.9419631311633,17313.033234120026,diana,0.8610941295906801,bob,0.7781325910935254,0.08296153849715471,diana,diana,diana,2,1,1,0,0,12.225558869336309,11.486398139578208,11.154379228237756,34.866336237152275
Bright_Near_20260114_210100_T1,1736899007.6,190,Bright,Near,4,4,1280,720,26.98991085706481,0,1,chen,2,1,0.801533547191305,426.7869458593847,190.33278580702574,524.8161409731305,384.8176766494188,19065.1973110645,chen,0.8522811397508484,bob,0.7030325931288885,0.14924854662195985,chen,chen,chen,2,1,1,0,0,12.225558869336309,11.486398139578208,11.154379228237756,34.866336237152275
Bright_Near_20260114_210100_T1,1736899007.6,190,Bright,Near,4,4,1280,720,26.98991085706481,0,2,alice,3,1,0.7640524994108182,779.655308236954,265.2637545852443,866.1174218145608,413.8659118523045,12848.456599501933,alice,0.7666090309533673,diana,0.6766405166826529,0.0899685142707144,alice,alice,alice,3,1,1,0,0,12.225558869336309,11.486398139578208,11.154379228237756,34.866336237152275
Bright_Near_20260114_210100_T1,1736899007.6,190,Bright,Near,4,4,1280,720,26.98991085706481,0,3,bob,4,1,0.7847912622422494,1067.429297907037,237.28051687014258,1182.1182432438413,394.6845245470495,18052.499632250718,bob,0.8978882032392955,alice,0.7728773765404212,0.1250108266988743,bob,bob,bob,2,1,1,0,0,12.225558869336309,11.486398139578208,11.154379228237756,34.866336237152275
Bright_Near_20260114_210100_T1,1736899007.64,191,Bright,Near,4,4,1280,720,25.302355215633913,1,0,diana,1,1,0.7324320818012093,111.52045374885905,245.11045137127803,221.43151759350707,414.32823183072253,18598.906271727636,diana,0.9146784368367363,alice,0.8520762540790606,0.0626021827576757,diana,diana,diana,3,1,1,0,0,12.891956334588947,9.937712559113153,6.103993175803977,28.933662069506077
Bright_Near_20260114_210100_T1,1736899007.64,191,Bright,Near,4,4,1280,720,25.302355215633913,1,1,chen,2,1,0.7616372821540476,436.78593314535374,254.91297362418237,550.4368305286379,423.69682233106,19182.4358693411,chen,0.9020361708388627,diana,0.8414005970439283,0.06063557379493434,chen,chen,chen,2,1,1,0,0,12.891956334588947,9.937712559113153,6.103993175803977,28.933662069506077
Bright_Near_20260114_210100_T1,1736899007.64,191,Bright,Near,4,4,1280,720,25.302355215633913,1,2,alice,3,1,0.829682966054,753.2059229519128,249.9824890633887,863.8385817676445,457.2315194523338,22928.511268911378,alice,0.8710312063471873,bob,0.6958617036477636,0.17516950269942377,alice,alice,alice,1,1,1,0,0,12.891956334588947,9.937712559113153,6.103993175803977,28.933662069506077
Bright_Near_20260114_210100_T1,1736899007.64,191,Bright,Near,4,4,1280,720,25.302355215633913,1,3,bob,4,1,0.7920163213497794,1041.0024346905284,226.1667470622678,1151.9247166686064,408.928195217,20272.316886941087,bob,0.8716068636926511,diana,0.7751331846979405,0.0964736789947106,bob,bob,bob,2,1,1,0,0,12.891956334588947,9.937712559113153,6.103993175803977,28.933662069506077
Bright_Near_20260114_210100_T1,1736899007.68,192,Bright,Near,4,4,1280,720,20.99596323336459,1,0,diana,1,1,0.9317986231328971,100.66015585426132,152.15149843770618,193.99334345422542,350.96375663801723,18555.781791782134,diana,0.8227428070607762,bob,0.7145824256164545,0.10816038144432172,diana,diana,diana,2,1,1,0,0,9.740933372537938,6.435547471701441,7.572139856136501,23.74862070037588
Bright_Near_20260114_210100_T1,1736899007.68,192,Bright,Near,4,4,1280,720,20.99596323336459,1,1,chen,2,1,0.830729858386024,424.6358503777044,178.3085923731844,533.3568340284297,384.79589898491236,22449.50308621598,chen,0.8653537042659888,diana,0.7526324430568521,0.11272126120913672,chen,chen,chen,2,1,1,0,0,9.740933372537938,6.435547471701441,7.572139856136501,23.74862070037588
Bright_Near_20260114_210100_T1,1736899007.68,192,Bright,Near,4,4,1280,720,20.99596323336459,1,2,alice,3,1,0.713845157950478,767.9232188368873,304.3304311582319,868.8184115802254,447.1275350579777,14407.541321155339,alice,0.871599481501187,diana,0.697202763653802,0.17439671784738509,alice,alice,alice,2,1,1,0,0,9.740933372537938,6.435547471701441,7.572139856136501,23.74862070037588
Bright_Near_20260114_210100_T1,1736899007.68,192,Bright,Near,4,4,1280,720,20.99596323336459,1,3,bob,4,1,0.6926476357097803,1050.9045920427363,213.29523951496446,1136.0748112126973,407.1186149016536,16507.979361945938,bob,0.8297738327353489,chen,0.7681840417908661,0.0615897909444828,bob,bob,bob,1,1,1,0,0,9.740933372537938,6.435547471701441,7.572139856136501,23.74862070037588
Bright_Near_20260114_210100_T1,1736899007.72,193,Bright,Near,4,4,1280,720,24.98682464439776,2,0,diana,1,1,0.7944367339671857,145.63218479074837,207.3952164927929,259.24330018823133,396.67075173072305,21503.804675836833,diana,0.8092287599205026,alice,0.7102185246885268,0.09901023523197583,diana,diana,diana,2,1,1,0,0,8.150987659613005,4.144750347414226,8.307470349224008,20.60320835625124
Bright_Near_20260114_210100_T1,1736899007.72,193,Bright,Near,4,4,1280,720,24.98682464439776,2,1,chen,2,1,0.8205152160147492,442.27108919017815,229.5977842146225,529.3445436053485,422.8408564963646,16826.341845371735,chen,0.928690498556702,diana,0.8400856545198552,0.08860484403684687,chen,chen,chen,2,1,1,0,0,8.150987659613005,4.144750347414226,8.307470349224008,20.60320835625124
Bright_Near_20260114_210100_T1,1736899007.72,193,Bright,Near,4,4,1280,720,24.98682464439776,2,2,alice,3,1,0.7497038218023193,765.8567581552574,218.53404649746955,854.0571893004388,425.4026821823173,18245.902857819045,diana,0.8714169122713512,alice,0.8436885753404035,0.027728336930947672,unknown,unknown,unknown,0,0,0,0,0,8.150987659613005,4.144750347414226,8.307470349224008,20.60320835625124
Bright_Near_20260114_210100_T1,1736899007.72,193,Bright,Near,4,4,1280,720,24.98682464439776,2,3,bob,4,1,0.728040459202118,1082.0523146662945,199.8137029353282,1179.9442809103562,409.01837930058065,20479.45711684714,bob,0.8800052375023941,alice,0.7968850989378287,0.08312013856456546,bob,bob,bob,2,1,1,0,0,8.150987659613005,4.144750347414226,8.307470349224008,20.60320835625124
Bright_Near_20260114_210100_T1,1736899007.76,194,Bright,Near,4,4,1280,720,25.88616900631327,1,0,diana,1,1,0.7637612928781934,101.6845082376094,241.07648934176885,219.17637355490865,395.2995265018951,18119.952310842393,diana,0.8680806391287287,alice,0.6978070821697095,0.17027355695901913,diana,diana,diana,2,1,1,0,0,12.955184492742639,5.415628300256114,6.753725773580029,25.12453856657878
Bright_Near_20260114_210100_T1,1736899007.76,194,Bright,Near,4,4,1280,720,25.88616900631327,1,1,chen,2,1,0.7147474803230005,427.3146286072026,285.9994356797988,536.3119907136644,463.02382171126624,19295.191105945927,chen,0.8279885595790534,bob,0.7491235730368978,0.07886498654215557,chen,chen,chen,1,1,1,0,0,12.955184492742639,5.415628300256114,6.753725773580029,25.12453856657878
Bright_Near_20260114_210100_T1,1736899007.76,194,Bright,Near,4,4,1280,720,25.88616900631327,1,2,alice,3,1,0.7773524769276863,738.4147795042638,232.88532946699866,864.1850701188096,386.03861239735124,19262.13290272219,alice,0.9053527496802221,chen,0.7315324019566882,0.17382034772353383,alice,alice,alice,2,1,1,0,0,12.955184492742639,5.415628300256114,6.753725773580029,25.12453856657878
Bright_Near_20260114_210100_T1,1736899007.76,194,Bright,Near,4,4,1280,720,25.88616900631327,1,3,bob,4,1,0.6831693847554601,1081.5786288366717,217.22673844495392,1190.791936990549,430.9657085695648,23343.1400087115,bob,0.8855092498946215,alice,0.736393045521684,0.1491162043729375,bob,bob,bob,2,1,1,0,0,12.955184492742639,5.415628300256114,6.753725773580029,25.12453856657878
Bright_Near_20260114_210100_T1,1736899007.8,195,Bright,Near,4,4,1280,720,26.72181017331875,0,0,diana,1,1,0.80375336169925,129.26651055962003,267.6528606228097,216.49489678271215,399.2269273614943,11476.993510424876,diana,0.9253275918860031,chen,0.7652326742410926,0.16009491764491046,diana,diana,diana,2,1,1,0,0,12.057667570652898,9.001695258425583,6.023614186167222,27.082977015245703
Bright_Near_20260114_210100_T1,1736899007.8,195,Bright,Near,4,4,1280,720,26.72181017331875,0,1,chen,-1,0,-1.0,-1.0,-1.0,-1.0,-1.0,0.0,unknown,-1.0,unknown,-1.0,-1.0,unknown,unknown,unknown,0,0,0,0,1,12.057667570652898,9.001695258425583,6.023614186167222,27.082977015245703
Bright_Near_20260114_210100_T1,1736899007.8,195,Bright,Near,4,4,1280,720,26.72181017331875,0,2,alice,3,1,0.7032354025224378,738.1545323039965,191.82086068653246,840.3378377679816,399.3056904540704,21201.485739279276,alice,0.8551261804536106,chen,0.6837779409165048,0.17134823953710576,alice,alice,alice,2,1,1,0,0,12.057667570652898,9.001695258425583,6.023614186167222,27.082977015245703
Bright_Near_20260114_210100_T1,1736899007.8,195,Bright,Near,4,4,1280,720,26.72181017331875,0,3,bob,4,1,0.650324763121287,1081.800811119795,265.9652538384001,1170.7422665258614,460.1067900094624,17267.23078182375,bob,0.4820727513419094,chen,0.4436379799826883,0.03843477135922113,unknown,unknown,unknown,0,0,0,0,0,12.057667570652898,9.001695258425583,6.023614186167222,27.082977015245703
Bright_Near_20260114_210100_T1,1736899007.84,196,Bright,Near,4,4,1280,720,25.30855954220142,0,0,diana,1,1,0.7348896243263487,105.48185242358299,249.94137473281685,214.73644173507455,444.62691978510907,21270.289269572073,diana,0.9524281863181954,alice,0.8664565411742242,0.08597164514397115,diana,diana,diana,1,1,1,0,0,11.455581722023737,6.55076819644653,5.878526412854971,23.884876331325238
Bright_Near_20260114_210100_T1,1736899007.84,196,Bright,Near,4,4,1280,720,25.30855954220142,0,1,chen,2,1,0.7552720252009871,443.1222509407234,253.19666250398654,529.2250743094684,418.36730388986086,14221.658560950253,chen,0.8128941873886423,alice,0.7482227147487697,0.06467147263987261,chen,chen,chen,1,1,1,0,0,11.455581722023737,6.55076819644653,5.878526412854971,23.884876331325238
Bright_Near_20260114_210100_T1,1736899007.84,196,Bright,Near,4,4,1280,720,25.30855954220142,0,2,alice,3,1,0.8041083259530135,716.6591910696496,254.60047041161192,821.5433170369776,450.57842733894154,20554.976721185605,alice,0.9474249700588073,chen,0.8846277912041269,0.06279717885468039,alice,alice,alice,1,1,1,0,0,11.455581722023737,6.55076819644653,5.878526412854971,23.884876331325238
Bright_Near_20260114_210100_T1,1736899007.84,196,Bright,Near,4,4,1280,720,25.30855954220142,0,3,bob,4,1,0.5825415872892614,1055.20201094705,177.95911631292415,1164.864900007677,351.0595615429596,18982.694921606537,bob,0.8293554391403437,alice,0.7309560051555108,0.09839943398483286,bob,bob,bob,2,1,1,0,0,11.455581722023737,6.55076819644653,5.878526412854971,23.884876331325238
Bright_Near_20260114_210100_T1,1736899007.88,197,Bright,Near,4,4,1280,720,24.605570641610075,1,0,diana,1,1,0.8526917904912269,154.33064507101767,225.603264643677,235.80475757763872,401.2186963135223,14308.111437767797,diana,0.8466042763497894,alice,0.6717879451444408,0.17481633120534856,diana,diana,diana,2,1,1,0,0,18.93779082675526,14.18351018980384,12.828843496560921,45.95014451312002
Bright_Near_20260114_210100_T1,1736899007.88,197,Bright,Near,4,4,1280,720,24.605570641610075,1,1,chen,2,1,0.7230817679460979,448.53401898859534,266.2693904497848,539.9105965798308,455.39224992663964,17281.399643263143,chen,0.8179207119073993,bob,0.6494160232413351,0.16850468866606427,chen,chen,chen,1,1,1,0,0,18.93779082675526,14.18351018980384,12.828843496560921,45.95014451312002
Bright_Near_20260114_210100_T1,1736899007.88,197,Bright,Near,4,4,1280,720,24.605570641610075,1,2,alice,3,1,0.8362710030834678,732.6508370231182,200.0320128871267,858.1391581649556,390.27370499703375,23873.110554054554,alice,0.8729419071806181,bob,0.7413857237014588,0.13155618347915932,alice,alice,alice,2,1,1,0,0,18.93779082675526,14.18351018980384,12.828843496560921,45.95014451312002
Bright_Near_20260114_210100_T1,1736899007.88,197,Bright,Near,4,4,1280,720,24.605570641610075,1,3,bob,4,1,0.7984522009299877,1088.831582460157,297.55800672586355,1207.1550824189756,445.46501072350435,17500.87438142382,bob,0.8675973897760504,chen,0.7085095757055231,0.1590878140705273,bob,bob,bob,2,1,1,0,0,18.93779082675526,14.18351018980384,12.828843496560921,45.95014451312002
Bright_Near_20260114_210100_T1,1736899007.92,198,Bright,Near,4,4,1280,720,23.755698009091777,1,0,diana,1,1,0.678897838507653,117.68630675353319,265.477036204495,209.95300699335235,415.6773803123307,13858.490125715363,diana,0.8813267628947182,chen,0.7877756633719226,0.09355109952279561,diana,diana,diana,2,1,1,0,0,12.299089257313973,5.708670357537976,9.425300851422644,27.433060466274593
Bright_Near_20260114_210100_T1,1736899007.92,198,Bright,Near,4,4,1280,720,23.755698009091777,1,1,chen,2,1,0.7607721923179781,442.46525166862585,252.51505586182185,527.880203389038,461.7433486786985,17871.224529497777,chen,0.8048797157749593,alice,0.6270177223328725,0.17786199344208686,chen,chen,chen,3,1,1,0,0,12.299089257313973,5.708670357537976,9.425300851422644,27.433060466274593
Bright_Near_20260114_210100_T1,1736899007.92,198,Bright,Near,4,4,1280,720,23.755698009091777,1,2,alice,3,1,0.9601940129098581,722.40052318704,136.20979568537786,834.7384374862678,303.5653356700091,18800.3723082945,alice,0.7375407260751311,chen,0.6627035601638468,0.07483716591128431,unknown,unknown,unknown,0,0,0,0,0,12.299089257313973,5.708670357537976,9.425300851422644,27.433060466274593
Bright_Near_20260114_210100_T1,1736899007.92,198,Bright,Near,4,4,1280,720,23.755698009091777,1,3,bob,4,1,0.772457125787736,1072.236463661456,183.48307024147806,1159.6720376620522,395.2734502589537,18518.013444632394,bob,0.7855376381256033,alice,0.6125635105098536,0.1729741276157497,bob,bob,bob,1,1,1,0,0,12.299089257313973,5.708670357537976,9.425300851422644,27.433060466274593
Bright_Near_20260114_210100_T1,1736899007.96,199,Bright,Near,4,4,1280,720,23.0109456218278,0,0,diana,1,1,0.7398497982144372,103.3680494835022,268.4670423136714,220.71801186459828,449.72368734991403,21270.460476326756,diana,0.8442032260075651,alice,0.694098353926945,0.15010487208062018,diana,diana,diana,3,1,1,0,0,16.08826954850487,6.263201815879195,8.494400611025622,30.845871975409686
Bright_Near_20260114_210100_T1,1736899007.96,199,Bright,Near,4,4,1280,720,23.0109456218278,0,1,chen,2,1,0.7286415611929458,402.2917049670092,258.24996364929626,525.6833374869396,419.472621080515,19893.52689963958,chen,0.8761115237745173,bob,0.759941978958411,0.11616954481610631,chen,chen,chen,2,1,1,0,0,16.08826954850487,6.263201815879195,8.494400611025622,30.845871975409686
Bright_Near_20260114_210100_T1,1736899007.96,199,Bright,Near,4,4,1280,720,23.0109456218278,0,2,alice,3,1,0.732973807527364,778.7167936811816,200.70093564248538,860.9525427692731,395.3228327631122,16004.877498660237,alice,0.8683866150609413,diana,0.8021499747138241,0.06623664034711718,alice,alice,alice,3,1,1,0,0,16.08826954850487,6.263201815879195,8.494400611025622,30.845871975409686
Bright_Near_20260114_210100_T1,1736899007.96,199,Bright,Near,4,4,1280,720,23.0109456218278,0,3,bob,4,1,0.7874224309687161,1054.290114948626,281.33517199152783,1138.6322300305856,477.70544614025795,16562.28426092813,bob,0.7749812479480104,diana,0.6842123260371786,0.09076892191083175,bob,bob,bob,1,1,1,0,0,16.08826954850487,6.263201815879195,8.494400611025622,30.845871975409686
Bright_Near_20260114_210100_T1,1736899008.0,200,Bright,Near,4,4,1280,720,25.731477864946836,4,0,diana,1,1,0.7519020059076976,125.32997466103504,215.54528237967367,235.03862945180552,427.125785690266,23212.21239815925,diana,0.8725533280069958,chen,0.7311721320705609,0.14138119593643494,diana,diana,diana,2,1,1,0,0,9.75444658829928,6.563095341877989,10.679221070425506,26.996763000602773
Bright_Near_20260114_210100_T1,1736899008.0,200,Bright,Near,4,4,1280,720,25.731477864946836,4,1,chen,2,1,0.8687823195825938,406.78122621426706,145.7302858522308,509.934018047754,317.20010631297816,17687.590695712857,chen,0.8186973398928533,bob,0.724275373116386,0.0944219667764673,chen,chen,chen,2,1,1,0,0,9.75444658829928,6.563095341877989,10.679221070425506,26.996763000602773
Bright_Near_20260114_210100_T1,1736899008.0,200,Bright,Near,4,4,1280,720,25.731477864946836,4,2,alice,3,1,0.7965122166926175,747.2228630641118,351.9244509791492,868.1459341008383,484.25679233478996,16002.033114204485,alice,0.8262574581766442,diana,0.747347618262243,0.07890983991440115,alice,alice,alice,1,1,1,0,0,9.75444658829928,6.563095341877989,10.679221070425506,26.996763000602773
Bright_Near_20260114_210100_T1,1736899008.0,200,Bright,Near,4,4,1280,720,25.731477864946836,4,3,bob,4,1,0.7342719861645451,1073.636103442578,286.48892183245516,1174.2807927022498,457.30528922259816,17191.760216446884,bob,0.8485330921712733,chen,0.6686233746935621,0.17990971747771112,bob,bob,bob,2,1,1,0,0,9.75444658829928,6.563095341877989,10.679221070425506,26.996763000602773
Bright_Near_20260114_210100_T1,1736899008.04,201,Bright,Near,4,4,1280,720,24.588463678277634,2,0,diana,1,1,0.6890066870003551,114.38472870391249,207.43300384383394,236.11130277330025,338.0877589448004,15904.155724315511,diana,0.8921605129970327,bob,0.7461291806366627,0.14603133236037003,diana,diana,diana,2,1,1,0,0,18.39927713308393,8.351108667396387,6.970420016183899,33.72080581666422
Bright_Near_20260114_210100_T1,1736899008.04,201,Bright,Near,4,4,1280,720,24.588463678277634,2,1,chen,2,1,0.7230288819236657,419.99441525349215,245.58077526747036,534.3722801253647,406.6217499618192,18419.522842424878,chen,0.8033913436459174,diana,0.7261225678302232,0.07726877581569414,chen,chen,chen,2,1,1,0,0,18.39927713308393,8.351108667396387,6.970420016183899,33.72080581666422
Bright_Near_20260114_210100_T1,1736899008.04,201,Bright,Near,4,4,1280,720,24.588463678277634,2,2,alice,3,1,0.8231322096676422,714.8653738444608,218.32969369460403,821.8483224059593,390.61590620686474,18431.68701105458,alice,0.8863816390913177,diana,0.7337660882422314,0.1526155508490863,alice,alice,alice,2,1,1,0,0,18.39927713308393,8.351108667396387,6.970420016183899,33.72080581666422
Bright_Near_20260114_210100_T1,1736899008.04,201,Bright,Near,4,4,1280,720,24.588463678277634,2,3,bob,4,1,0.8574919200307052,1065.0058121022719,209.44850536475388,1189.240795498564,392.9849886421236,22801.651952577875,bob,0.953899767659341,diana,0.7936202737837355,0.16027949387560558,bob,bob,bob,1,1,1,0,0,18.39927713308393,8.351108667396387,6.970420016183899,33.72080581666422
Bright_Near_20260114_210100_T1,1736899008.08,202,Bright,Near,4,4,1280,720,30.517709910665367,1,0,diana,1,1,0.7375384143852528,114.58804023478532,234.28659567010243,220.27607809027867,421.95565788148247,19834.37495130127,diana,0.9235696979980738,alice,0.7555718479059352,0.16799785009213852,diana,diana,diana,1,1,1,0,0,24.208966696999166,13.59719244048386,9.092215973041876,46.8983751105249
Bright_Near_20260114_210100_T1,1736899008.08,202,Bright,Near,4,4,1280,720,30.517709910665367,1,1,chen,2,1,0.7464982260054573,462.76891618877954,202.5028538085139,549.6834122454413,396.9823693872098,16903.089089866062,alice,0.6743039249802729,bob,0.6531461004765271,0.021157824503745815,unknown,unknown,unknown,0,0,0,0,0,24.208966696999166,13.59719244048386,9.092215973041876,46.8983751105249
Bright_Near_20260114_210100_T1,1736899008.08,202,Bright,Near,4,4,1280,720,30.517709910665367,1,2,alice,3,1,0.7824949461144154,728.5368435560188,256.49372011817564,846.7170982146513,427.7494993385613,20239.051600027724,alice,0.8674073638807133,bob,0.7852101634843894,0.08219720039632383,alice,alice,alice,2,1,1,0,0,24.208966696999166,13.59719244048386,9.092215973041876,46.8983751105249
Bright_Near_20260114_210100_T1,1736899008.08,202,Bright,Near,4,4,1280,720,30.517709910665367,1,3,bob,4,1,0.7925044383517833,1043.0063771863124,283.558851317366,1165.9438612944564,436.0822012352029,18750.836906644952,bob,0.8885390217445112,chen,0.8100332461299127,0.07850577561459848,bob,bob,bob,1,1,1,0,0,24.208966696999166,13.59719244048386,9.092215973041876,46.8983751105249
Bright_Near_20260114_210100_T1,1736899008.12,203,Bright,Near,4,4,1280,720,20.901513162919358,1,0,diana,1,1,0.7282157091332195,114.91139401645698,181.13562148191673,221.35504872113103,397.0218063136891,22979.71451374262,diana,0.8547187689002627,bob,0.777287337708505,0.07743143119175766,diana,diana,diana,2,1,1,0,0,9.481861352540871,5.559954191065558,4.144406985554929,19.18622252916136
Bright_Near_20260114_210100_T1,1736899008.12,203,Bright,Near,4,4,1280,720,20.901513162919358,1,1,chen,2,1,0.7681103526073756,419.6450801100212,243.96168781465877,533.6478774656902,448.1192940643206,23274.538213898657,chen,0.8906066113708402,bob,0.7880602154871789,0.10254639588366132,chen,chen,chen,1,1,1,0,0,9.481861352540871,5.559954191065558,4.144406985554929,19.18622252916136
Bright_Near_20260114_210100_T1,1736899008.12,203,Bright,Near,4,4,1280,720,20.901513162919358,1,2,alice,3,1,0.8198930909398879,754.4698589132155,284.9324971184454,846.9273346105277,435.8021664014953,13949.028781199124,alice,0.7982086834160298,chen,0.7321455141316562,0.06606316928437361,alice,alice,alice,3,1,1,0,0,9.481861352540871,5.559954191065558,4.144406985554929,19.18622252916136
Bright_Near_20260114_210100_T1,1736899008.12,203,Bright,Near,4,4,1280,720,20.901513162919358,1,3,bob,-1,0,-1.0,-1.0,-1.0,-1.0,-1.0,0.0,unknown,-1.0,unknown,-1.0,-1.0,unknown,unknown,unknown,0,0,0,0,1,9.481861352540871,5.559954191065558,4.144406985554929,19.18622252916136
Bright_Near_20260114_210100_T1,1736899008.16,204,Bright,Near,4,4,1280,720,25.791151433870333,2,0,diana,-1,0,-1.0,-1.0,-1.0,-1.0,-1.0,0.0,unknown,-1.0,unknown,-1.0,-1.0,unknown,unknown,unknown,0,0,0,0,1,15.955983147822513,10.891530798913422,3.1992716613844987,30.046785608120434
Bright_Near_20260114_210100_T1,1736899008.16,204,Bright,Near,4,4,1280,720,25.791151433870333,2,1,chen,2,1,0.8532109703035016,435.64343386249743,164.76531277396236,517.3687456048027,323.84230592004303,13000.616855892004,chen,0.710225441708967,alice,0.5728854599287347,0.1373399817802322,chen,chen,chen,2,1,1,0,0,15.955983147822513,10.891530798913422,3.1992716613844987,30.046785608120434
Bright_Near_20260114_210100_T1,1736899008.16,204,Bright,Near,4,4,1280,720,25.791151433870333,2,2,alice,3,1,0.8671644778606127,732.1363549913169,278.9615005688544,846.291214924669,452.33679913946946,19791.632924231664,alice,0.8999930454394286,diana,0.836483247448286,0.06350979799114265,alice,alice,alice,1,1,1,0,0,15.955983147822513,10.891530798913422,3.1992716613844987,30.046785608120434
Bright_Near_20260114_210100_T1,1736899008.16,204,Bright,Near,4,4,1280,720,25.791151433870333,2,3,bob,4,1,0.6693318311329016,1083.6120507680444,273.3078661202287,1201.1097990960511,435.14072077780486,19014.996027758778,bob,0.8136226795044232,chen,0.7279023080136314,0.08572037149079181,bob,bob,bob,2,1,1,0,0,15.955983147822513,10.891530798913422,3.1992716613844987,30.046785608120434
Bright_Near_20260114_210100_T1,1736899008.2,205,Bright,Near,4,4,1280,720,23.904897260501293,0,0,diana,1,1,0.857911551304899,97.56377132030732,209.40705111416213,189.84008261030985,422.83724584177986,19694.55108737151,diana,0.9099671506036262,bob,0.7449505074372337,0.16501664316639253,diana,diana,diana,2,1,1,0,0,15.200791731163733,9.612385343566816,2.8804625455647557,27.693639620295304
Bright_Near_20260114_210100_T1,1736899008.2,205,Bright,Near,4,4,1280,720,23.904897260501293,0,1,chen,2,1,0.7448407295709409,451.56888937592527,183.56168680969267,551.3755946777586,373.60056474079033,18967.154285560144,chen,0.9030198047453488,diana,0.7648286958405384,0.13819110890481046,chen,chen,chen,2,1,1,0,0,15.200791731163733,9.612385343566816,2.8804625455647557,27.693639620295304
Bright_Near_20260114_210100_T1,1736899008.2,205,Bright,Near,4,4,1280,720,23.904897260501293,0,2,alice,3,1,0.730364139407714,752.0087478037119,296.056896747171,852.5153175194666,467.86311249532025,17267.65340069136,alice,0.8384533978344865,diana,0.7254979529717186,0.11295544486276787,alice,alice,alice,2,1,1,0,0,15.200791731163733,9.612385343566816,2.8804625455647557,27.693639620295304
Bright_Near_20260114_210100_T1,1736899008.2,205,Bright,Near,4,4,1280,720,23.904897260501293,0,3,bob,4,1,0.7691155288327083,1075.360431514968,272.5591608235865,1182.3825255950817,446.65604629627813,18632.213256113177,bob,0.9531175658354378,alice,0.802839282669751,0.1502782831656868,bob,bob,bob,2,1,1,0,0,15.200791731163733,9.612385343566816,2.8804625455647557,27.693639620295304
Bright_Near_20260114_210100_T1,1736899008.24,206,Bright,Near,4,4,1280,720,25.875511878488165,1,0,diana,1,1,0.6847753324698127,101.38979539605204,210.8890932424996,229.24833635593416,351.3212856633047,17955.45522672156,diana,0.9067714036108399,chen,0.7374898117121663,0.16928159189867353,diana,diana,diana,2,1,1,0,0,11.770627248929928,8.219882349384536,3.737282437357589,23.727792035672053
Bright_Near_20260114_210100_T1,1736899008.24,206,Bright,Near,4,4,1280,720,25.875511878488165,1,1,chen,2,1,0.8261267354072731,432.17660541964494,278.1457278173474,541.8887422309782,438.08518656396177,17547.29977953915,chen,0.8640250306029827,alice,0.7975328358735672,0.06649219472941559,chen,chen,chen,1,1,1,0,0,11.770627248929928,8.219882349384536,3.737282437357589,23.727792035672053
Bright_Near_20260114_210100_T1,1736899008.24,206,Bright,Near,4,4,1280,720,25.875511878488165,1,2,alice,3,1,0.7246647840653514,752.1561052757982,249.78776348996868,876.251034876376,444.10563245908463,24113.86226985676,alice,0.8787758595552347,diana,0.7497383961592141,0.12903746339602062,alice,alice,alice,3,1,1,0,0,11.770627248929928,8.219882349384536,3.737282437357589,23.727792035672053
Bright_Near_20260114_210100_T1,1736899008.24,206,Bright,Near,4,4,1280,720,25.875511878488165,1,3,bob,4,1,0.7714819797899318,1084.240660485208,247.76326179347376,1165.179922488343,450.96823613655346,16447.26065869483,bob,0.8399870575946892,alice,0.7588073472435513,0.08117971035113791,bob,bob,bob,2,1,1,0,0,11.770627248929928,8.219882349384536,3.737282437357589,23.727792035672053
Bright_Near_20260114_210100_T1,1736899008.28,207,Bright,Near,4,4,1280,720,21.717813862367542,1,0,diana,1,1,0.8335465241302269,99.00525264402744,258.31074712040936,180.01133311185254,457.1734322335219,16109.08667232056,diana,0.8112745634787786,alice,0.733686507028608,0.07758805645017053,diana,diana,diana,1,1,1,0,0,8.77365956192285,8.647172809941726,6.262846571279917,23.683678943144493
Bright_Near_20260114_210100_T1,1736899008.28,207,Bright,Near,4,4,1280,720,21.717813862367542,1,1,chen,2,1,0.8998720551634568,420.95765378941314,334.4389500632368,544.4127294798487,485.87375217016563,18695.394956277032,chen,0.9070822437913844,bob,0.7612650806080774,0.14581716318330695,chen,chen,chen,1,1,1,0,0,8.77365956192285,8.647172809941726,6.262846571279917,23.683678943144493
Bright_Near_20260114_210100_T1,1736899008.28,207,Bright,Near,4,4,1280,720,21.717813862367542,1,2,alice,3,1,0.8837219785222146,742.2227239525021,234.37587219907323,831.6961093488967,374.71483761450406,12556.602338746141,alice,0.858743132019391,bob,0.7358251626188815,0.12291796940050947,alice,alice,alice,2,1,1,0,0,8.77365956192285,8.647172809941726,6.262846571279917,23.683678943144493
Bright_Near_20260114_210100_T1,1736899008.28,207,Bright,Near,4,4,1280,720,21.717813862367542,1,3,bob,4,1,0.7568358595956256,1061.6430077256052,182.95099782497385,1166.8701468810038,355.37080279622336,18143.24281085636,bob,0.8987852917176387,alice,0.8196664470551935,0.07911884466244512,bob,bob,bob,2,1,1,0,0,8.77365956192285,8.647172809941726,6.262846571279917,23.683678943144493
Bright_Near_20260114_210100_T1,1736899008.32,208,Bright,Near,4,4,1280,720,24.128352124055823,4,0,diana,1,1,0.9373577908181668,116.36174494518023,297.31009409946444,209.04337746016256,436.12300821863687,12865.40749472694,diana,0.8434321329329798,alice,0.7235450176152685,0.11988711531771135,diana,diana,diana,3,1,1,0,0,8.246776519348826,7.689351495800234,5.924470517522333,21.860598532671393
Bright_Near_20260114_210100_T1,1736899008.32,208,Bright,Near,4,4,1280,720,24.128352124055823,4,1,chen,2,1,0.7683856587198483,429.41022333003076,176.6217345106256,522.5103879013507,392.2277752074615,20072.95787144612,bob,0.7881294506897997,diana,0.7598923414056705,0.028237109284129147,unknown,unknown,unknown,0,0,0,0,0,8.246776519348826,7.689351495800234,5.924470517522333,21.860598532671393
Bright_Near_20260114_210100_T1,1736899008.32,208,Bright,Near,4,4,1280,720,24.128352124055823,4,2,alice,3,1,0.7296472022444651,740.9371324341021,169.16235695244947,856.5120128546075,377.1098446388554,24033.506023100897,alice,0.7833986824462309,bob,0.7192673474938224,0.06413133495240853,alice,alice,alice,3,1,1,0,0,8.246776519348826,7.689351495800234,5.924470517522333,21.860598532671393
Bright_Near_20260114_210100_T1,1736899008.32,208,Bright,Near,4,4,1280,720,24.128352124055823,4,3,bob,4,1,0.8154154934764101,1082.7654489077117,259.9023522512184,1179.8639534075282,391.82026064269223,12809.031621555901,bob,0.9438304645842265,chen,0.812421098537401,0.13140936604682552,bob,bob,bob,3,1,1,0,0,8.246776519348826,7.689351495800234,5.924470517522333,21.860598532671393
Bright_Near_20260114_210100_T1,1736899008.36,209,Bright,Near,4,4,1280,720,24.964540692901025,1,0,diana,1,1,0.8799009445941899,110.53239567774958,267.820849873323,232.7349060499113,401.2999801599592,16311.484803319783,diana,0.8781245595058198,alice,0.7264604387077285,0.15166412079809133,diana,diana,diana,2,1,1,0,0,13.058663501836953,6.550678612893849,7.4620380927870205,27.071380207517823
Bright_Near_20260114_210100_T1,1736899008.36,209,Bright,Near,4,4,1280,720,24.964540692901025,1,1,chen,2,1,0.6365084146783994,415.60512026514516,223.2058878006839,530.6126946514671,358.0991634039727,15513.74842815986,chen,0.8797336318595679,bob,0.7560515086411081,0.12368212321845973,chen,chen,chen,2,1,1,0,0,13.058663501836953,6.550678612893849,7.4620380927870205,27.071380207517823
Bright_Near_20260114_210100_T1,1736899008.36,209,Bright,Near,4,4,1280,720,24.964540692901025,1,2,alice,3,1,0.8447330374839611,730.8070710942752,190.71950929521896,857.1253888468432,402.05628077269023,26695.70545229306,alice,0.8124149285589781,diana,0.710091667256196,0.10232326130278213,alice,alice,alice,2,1,1,0,0,13.058663501836953,6.550678612893849,7.4620380927870205,27.071380207517823
Bright_Near_20260114_210100_T1,1736899008.36,209,Bright,Near,4,4,1280,720,24.964540692901025,1,3,bob,4,1,0.7448882958525863,1111.5566025617536,256.5421852777956,1198.078733556059,423.3080235537233,14428.935704684956,bob,0.8623046295871838,alice,0.8006479903653807,0.06165663922180309,bob,bob,bob,2,1,1,0,0,13.058663501836953,6.550678612893849,7.4620380927870205,27.071380207517823
Bright_Near_20260114_210100_T1,1736899008.4,210,Bright,Near,4,4,1280,720,26.946153432139983,3,0,diana,1,1,0.8372706060602184,153.55384536912425,213.484320063359,235.63801997504368,365.41700639988863,12471.269153594087,diana,0.8567378378592507,chen,0.7522153145615152,0.10452252329773548,diana,diana,diana,2,1,1,0,0,12.486536204323384,6.957815541876992,10.861633619638464,30.305985365838843
Bright_Near_20260114_210100_T1,1736899008.4,210,Bright,Near,4,4,1280,720,26.946153432139983,3,1,chen,2,1,0.8799004869603795,428.4235753292017,244.40462181416189,550.1369754242277,381.35762891095254,16669.01614698861,chen,0.8819371901031378,alice,0.794657598446266,0.08727959165687171,chen,chen,chen,2,1,1,0,0,12.486536204323384,6.957815541876992,10.861633619638464,30.305985365838843
Bright_Near_20260114_210100_T1,1736899008.4,210,Bright,Near,4,4,1280,720,26.946153432139983,3,2,alice,3,1,0.7326783817562925,742.9073380829083,205.79411136847875,834.533717160403,361.3148561162749,14249.802712675857,alice,0.7810401382609291,bob,0.7052501243725758,0.07579001388835327,unknown,unknown,unknown,0,0,0,0,0,12.486536204323384,6.957815541876992,10.861633619638464,30.305985365838843
Bright_Near_20260114_210100_T1,1736899008.4,210,Bright,Near,4,4,1280,720,26.946153432139983,3,3,bob,4,1,0.8188935563606672,1104.9548590890888,216.2574578787483,1197.9726108098519,370.7315655735038,14368.834196837179,bob,0.9217727295024486,chen,0.7653171394430259,0.15645559005942267,bob,bob,bob,3,1,1,0,0,12.486536204323384,6.957815541876992,10.861633619638464,30.305985365838843
Bright_Near_20260114_210100_T1,1736899008.44,211,Bright,Near,4,4,1280,720,26.68487635472681,0,0,diana,1,1,0.8467483551494351,84.36441560631086,272.96712854197693,186.52185530238052,423.8802678146763,15416.899924595347,diana,0.8479299175479128,chen,0.7010525385833031,0.14687737896460973,diana,diana,diana,2,1,1,0,0,7.571735292608867,5.057255986606711,5.217400506486685,17.846391785702263
Bright_Near_20260114_210100_T1,1736899008.44,211,Bright,Near,4,4,1280,720,26.68487635472681,0,1,chen,2,1,0.7312074508237225,431.7273294472584,181.98039126847164,549.4634017612483,356.0925206729986,20499.278258314152,chen,0.910219240227732,bob,0.8092049705150471,0.1010142697126849,chen,chen,chen,2,1,1,0,0,7.571735292608867,5.057255986606711,5.217400506486685,17.846391785702263
Bright_Near_20260114_210100_T1,1736899008.44,211,Bright,Near,4,4,1280,720,26.68487635472681,0,2,alice,3,1,0.649618335848411,766.3867973860335,239.39226743026575,887.557101150695,369.5504460134655,15771.30603638136,alice,0.7726641374622751,chen,0.6193569248175766,0.1533072126446985,alice,alice,alice,1,1,1,0,0,7.571735292608867,5.057255986606711,5.217400506486685,17.846391785702263
Bright_Near_20260114_210100_T1,1736899008.44,211,Bright,Near,4,4,1280,720,26.68487635472681,0,3,bob,4,1,0.8280235019658944,1076.1373783176466,186.28500075702146,1176.6830819524496,350.9388120487001,16555.233312473894,bob,0.8510326287495514,chen,0.6921979554376829,0.1588346733118685,bob,bob,bob,2,1,1,0,0,7.571735292608867,5.057255986606711,5.217400506486685,17.846391785702263
Bright_Near_20260114_210100_T1,1736899008.48,212,Bright,Near,4,4,1280,720,21.488659975237923,1,0,diana,1,1,0.6665582300725164,84.81245332803485,202.28123339096052,198.315643497902,372.7063064208061,19343.789473820056,diana,0.8330688928773967,chen,0.7311732646461555,0.10189562823124121,diana,diana,diana,2,1,1,0,0,11.189280720841166,6.072217896172094,9.338931994376214,26.600430611389474
Bright_Near_20260114_210100_T1,1736899008.48,212,Bright,Near,4,4,1280,720,21.488659975237923,1,1,chen,2,1,0.8570535245575835,411.6140563684072,185.09754314847984,523.8353533196027,397.47324713683986,23833.07694249695,chen,0.8315123832454917,diana,0.7468070878658425,0.08470529537964921,chen,chen,chen,3,1,1,0,0,11.189280720841166,6.072217896172094,9.338931994376214,26.600430611389474
Bright_Near_20260114_210100_T1,1736899008.48,212,Bright,Near,4,4,1280,720,21.488659975237923,1,2,alice,3,1,0.7826812522478044,736.3346303007628,194.91002407590224,829.4675803806718,362.31076787328914,15590.525115421678,alice,0.829321454939368,diana,0.6884641176133324,0.14085733732603567,alice,alice,alice,2,1,1,0,0,11.189280720841166,6.072217896172094,9.338931994376214,26.600430611389474
Bright_Near_20260114_210100_T1,1736899008.48,212,Bright,Near,4,4,1280,720,21.488659975237923,1,3,bob,4,1,0.8675647400236527,1090.6742163556619,274.84589564987635,1198.5048350365973,466.60543018961795,20677.54924738855,bob,0.9014745545733549,diana,0.8194243407791875,0.08205021379416744,bob,bob,bob,1,1,1,0,0,11.189280720841166,6.072217896172094,9.338931994376214,26.600430611389474
Bright_Near_20260114_210100_T1,1736899008.52,213,Bright,Near,4,4,1280,720,25.783644305992098,0,0,diana,1,1,0.9555891508435587,76.8234162103359,280.4443873481588,173.60800267781417,443.5559545828514,15786.685582872004,diana,0.9578178221723301,bob,0.8864255998352025,0.07139222233712761,diana,diana,diana,1,1,1,0,0,10.810928026574775,7.748835466183413,11.278727979431379,29.838491472189567
Bright_Near_20260114_210100_T1,1736899008.52,213,Bright,Near,4,4,1280,720,25.783644305992098,0,1,chen,2,1,0.8074339438253653,428.2143566509171,338.86076441664204,531.8304495451038,475.79256682281346,14188.338358286266,chen,0.8122900278160653,bob,0.6945935074846055,0.11769652033145983,chen,chen,chen,2,1,1,0,0,10.810928026574775,7.748835466183413,11.278727979431379,29.838491472189567
Bright_Near_20260114_210100_T1,1736899008.52,213,Bright,Near,4,4,1280,720,25.783644305992098,0,2,alice,3,1,0.8192412292215678,741.8237764369967,214.0575110102966,828.7020797400073,348.85561534840326,11711.030593356903,diana,0.7273158100604785,alice,0.6791514239332705,0.04816438612720797,unknown,unknown,unknown,0,0,0,0,0,10.810928026574775,7.748835466183413,11.278727979431379,29.838491472189567
Bright_Near_20260114_210100_T1,1736899008.52,213,Bright,Near,4,4,1280,720,25.783644305992098,0,3,bob,4,1,0.7260862609107147,1058.0554855748517,244.294916273022,1152.6623472874019,383.71528900434015,13190.12392290402,chen,0.7518624152007185,bob,0.6790657738120066,0.07279664138871189,chen,chen,chen,1,0,0,1,0,10.810928026574775,7.748835466183413,11.278727979431379,29.838491472189567
Bright_Near_20260114_210100_T1,1736899008.56,214,Bright,Near,4,4,1280,720,24.268227110064217,0,0,diana,1,1,0.8395155618199335,113.16211854826958,257.93406974774575,207.8851449197241,436.3167883731779,16896.950960568563,diana,0.8429875643991324,alice,0.7736858683679204,0.06930169603121195,diana,diana,diana,3,1,1,0,0,11.963683704711187,10.371851612946983,9.644798403308801,31.98033372096697
Bright_Near_20260114_210100_T1,1736899008.56,214,Bright,Near,4,4,1280,720,24.268227110064217,0,1,chen,2,1,0.8248123300880982,444.8235773805297,255.22999151368458,536.7722320089949,449.5910264893099,17871.235678204826,chen,0.8597010489897035,bob,0.7034016029668029,0.15629944602290058,chen,chen,chen,2,1,1,0,0,11.963683704711187,10.371851612946983,9.644798403308801,31.98033372096697
Bright_Near_20260114_210100_T1,1736899008.56,214,Bright,Near,4,4,1280,720,24.268227110064217,0,2,alice,3,1,0.79401663542485,729.9713369023575,298.7709695598496,855.6019953360221,438.7805842469061,17589.500080178583,alice,0.8538385106758656,diana,0.7114141731570396,0.142424337518826,alice,alice,alice,2,1,1,0,0,11.963683704711187,10.371851612946983,9.644798403308801,31.98033372096697
Bright_Near_20260114_210100_T1,1736899008.56,214,Bright,Near,4,4,1280,720,24.268227110064217,0,3,bob,4,1,0.7340696612751316,1084.645420543154,250.43328078245088,1167.5118922695608,423.40474697553407,14333.53511276427,bob,0.9032066250431159,chen,0.769111119304871,0.1340955057382449,bob,bob,bob,2,1,1,0,0,11.963683704711187,10.371851612946983,9.644798403308801,31.98033372096697
Bright_Near_20260114_210100_T1,1736899008.6,215,Bright,Near,4,4,1280,720,25.03557954106084,0,0,diana,1,1,0.8400198547732107,104.75683630418825,160.40105716266117,188.17753647154427,317.3828302603709,13095.529425323957,diana,0.8874418608810567,chen,0.7383406161436871,0.14910124473736963,diana,diana,diana,2,1,1,0,0,9.827879814853464,6.814217155814045,5.219673391649344,21.861770362316854
Bright_Near_20260114_210100_T1,1736899008.6,215,Bright,Near,4,4,1280,720,25.03557954106084,0,1,chen,2,1,0.7667019620265371,409.8877894876035,207.1404910775289,509.2803775888706,356.8894435216243,14883.9359488722,chen,0.8377732186730636,alice,0.6613497624606957,0.176423456212368,chen,chen,chen,3,1,1,0,0,9.827879814853464,6.814217155814045,5.219673391649344,21.861770362316854
Bright_Near_20260114_210100_T1,1736899008.6,215,Bright,Near,4,4,1280,720,25.03557954106084,0,2,alice,-1,0,-1.0,-1.0,-1.0,-1.0,-1.0,0.0,unknown,-1.0,unknown,-1.0,-1.0,unknown,unknown,unknown,0,0,0,0,1,9.827879814853464,6.814217155814045,5.219673391649344,21.861770362316854
Bright_Near_20260114_210100_T1,1736899008.6,215,Bright,Near,4,4,1280,720,25.03557954106084,0,3,bob,4,1,0.8554618628239596,1037.2598071699695,250.64037038029858,1148.7874624372394,459.97470611637243,23346.56763157578,bob,0.8707436440447063,diana,0.7095043510405528,0.16123929300415352,bob,bob,bob,3,1,1,0,0,9.827879814853464,6.814217155814045,5.219673391649344,21.861770362316854
Bright_Near_20260114_210100_T1,1736899008.64,216,Bright,Near,4,4,1280,720,24.055091004825364,1,0,diana,1,1,0.759687022734359,102.96568029726305,235.56531802142413,190.9897982310401,439.6228615662111,17961.985278263175,diana,0.8867599398797997,chen,0.7295167649134683,0.15724317496633144,diana,diana,diana,2,1,1,0,0,8.908292066368327,6.348720519662325,7.04314882636515,22.300161412395802
Bright_Near_20260114_210100_T1,1736899008.64,216,Bright,Near,4,4,1280,720,24.055091004825364,1,1,chen,2,1,0.8098868394473149,430.8341346506248,273.7803334407316,524.6784093476219,425.9062694160166,14276.148124202444,chen,0.8681971968884855,bob,0.7685008361414054,0.0996963607470801,chen,chen,chen,2,1,1,0,0,8.908292066368327,6.348720519662325,7.04314882636515,22.300161412395802
Bright_Near_20260114_210100_T1,1736899008.64,216,Bright,Near,4,4,1280,720,24.055091004825364,1,2,alice,3,1,0.9585737484632624,726.8290551228702,218.19315814130798,849.4197473139122,393.0852790510902,21440.146161089626,alice,0.8519063729644397,bob,0.7874734229539538,0.06443295001048588,alice,alice,alice,2,1,1,0,0,8.908292066368327,6.348720519662325,7.04314882636515,22.300161412395802
Bright_Near_20260114_210100_T1,1736899008.64,216,Bright,Near,4,4,1280,720,24.055091004825364,1,3,bob,4,1,0.8259063717182463,1052.791959917775,256.28883611849596,1172.3519445495842,433.03213345152267,21131.425912911945,bob,0.8700150582254732,diana,0.7716177170566774,0.09839734116879584,bob,bob,bob,1,1,1,0,0,8.908292066368327,6.348720519662325,7.04314882636515,22.300161412395802
Bright_Near_20260114_210100_T1,1736899008.68,217,Bright,Near,4,4,1280,720,28.220970623990425,2,0,diana,1,1,0.7333046289220658,85.24247837237424,211.12773199050602,203.96645169989637,409.279697587178,23525.38867829537,diana,0.8920813229004851,alice,0.8028419965463232,0.08923932635416199,diana,diana,diana,2,1,1,0,0,14.008398589709644,10.158714562637448,3.2026036724547424,27.369716824801834
Bright_Near_20260114_210100_T1,1736899008.68,217,Bright,Near,4,4,1280,720,28.220970623990425,2,1,chen,2,1,0.7591637877317416,417.9483063828608,247.07511839044423,531.8640741473218,434.65527584134577,21368.33765339794,chen,0.8261495972280046,bob,0.6546631397039894,0.17148645752401526,chen,chen,chen,2,1,1,0,0,14.008398589709644,10.158714562637448,3.2026036724547424,27.369716824801834
Bright_Near_20260114_210100_T1,1736899008.68,217,Bright,Near,4,4,1280,720,28.220970623990425,2,2,alice,3,1,0.753680647841244,744.8621264239474,298.2870102429625,829.8453134890602,450.29295270976485,12917.949443665042,alice,0.7955213042450595,diana,0.6603395278283581,0.13518177641670137,alice,alice,alice,1,1,1,0,0,14.008398589709644,10.158714562637448,3.2026036724547424,27.369716824801834
Bright_Near_20260114_210100_T1,1736899008.68,217,Bright,Near,4,4,1280,720,28.220970623990425,2,3,bob,4,1,0.8774351674671321,1049.2276428001833,225.67515671624423,1173.931505532908,409.05598463430374,22868.297592507104,bob,0.9394202269163002,chen,0.788607784705184,0.15081244221111623,bob,bob,bob,3,1,1,0,0,14.008398589709644,10.158714562637448,3.2026036724547424,27.369716824801834
Bright_Near_20260114_210100_T1,1736899008.72,218,Bright,Near,4,4,1280,720,31.51360596616177,1,0,diana,1,1,0.7863342142166797,130.4644456042194,186.27043797007025,253.27595307972996,392.1321939077361,25282.19257826038,diana,0.9128902291898829,alice,0.8007990367553046,0.11209119243457832,diana,diana,diana,2,1,1,0,0,9.41428805186725,5.382975822896533,3.792410625691687,18.58967450045547
Bright_Near_20260114_210100_T1,1736899008.72,218,Bright,Near,4,4,1280,720,31.51360596616177,1,1,chen,2,1,0.8664997814879427,446.6575711361305,232.356171874284,527.3394266192981,406.5021873981285,14050.42365746429,chen,0.8983078430353351,bob,0.7673396501990386,0.13096819283629646,chen,chen,chen,1,1,1,0,0,9.41428805186725,5.382975822896533,3.792410625691687,18.58967450045547
Bright_Near_20260114_210100_T1,1736899008.72,218,Bright,Near,4,4,1280,720,31.51360596616177,1,2,alice,3,1,0.8206314325021469,744.0152134619866,217.56400718552018,855.7510465843047,353.8383834672708,15226.730967065672,alice,0.8297350420917663,chen,0.7071826988857011,0.12255234320606523,alice,alice,alice,2,1,1,0,0,9.41428805186725,5.382975822896533,3.792410625691687,18.58967450045547
Bright_Near_20260114_210100_T1,1736899008.72,218,Bright,Near,4,4,1280,720,31.51360596616177,1,3,bob,4,1,0.7357605324346495,1031.4036985552057,250.08766550691092,1156.4489225298557,399.5158623693106,18685.28234478687,bob,0.8783260074571795,diana,0.7043787016450394,0.17394730581214013,bob,bob,bob,2,1,1,0,0,9.41428805186725,5.382975822896533,3.792410625691687,18.58967450045547
Bright_Near_20260114_210100_T1,1736899008.76,219,Bright,Near,4,4,1280,720,25.00195322047625,0,0,diana,1,1,0.7035969655454372,104.89900486355322,147.54788605433345,223.6620845155511,328.9522396302197,21544.13969295217,diana,0.900961291088238,bob,0.80683429606587,0.09412699502236799,diana,diana,diana,3,1,1,0,0,11.351542102651319,7.2149468824417875,8.250157750411283,26.81664673550439
Bright_Near_20260114_210100_T1,1736899008.76,219,Bright,Near,4,4,1280,720,25.00195322047625,0,1,chen,2,1,0.7199937736881805,411.90769291960055,189.549794461268,512.8375194303826,338.49008573227877,15032.517758448465,chen,0.88878785130251,diana,0.7607217009716147,0.1280661503308953,chen,chen,chen,2,1,1,0,0,11.351542102651319,7.2149468824417875,8.250157750411283,26.81664673550439
Bright_Near_20260114_210100_T1,1736899008.76,219,Bright,Near,4,4,1280,720,25.00195322047625,0,2,alice,3,1,0.6381256695657059,739.7091110718466,327.89495144090154,830.0648500947727,507.1328128477827,16195.169428307565,alice,0.9050108210739611,chen,0.7894813714343157,0.1155294496396454,alice,alice,alice,2,1,1,0,0,11.351542102651319,7.2149468824417875,8.250157750411283,26.81664673550439
Bright_Near_20260114_210100_T1,1736899008.76,219,Bright,Near,4,4,1280,720,25.00195322047625,0,3,bob,4,1,0.8591755622093886,1098.2825066459227,190.48143735479727,1184.3654357727974,326.8578263814024,11739.679031156336,bob,0.8803149700537075,chen,0.7512894610838586,0.12902550896984888,bob,bob,bob,2,1,1,0,0,11.351542102651319,7.2149468824417875,8.250157750411283,26.81664673550439
Bright_Near_20260114_210100_T1,1736899008.8,220,Bright,Near,4,4,1280,720,24.19063823225782,1,0,diana,1,1,0.6663853659389983,113.65329394808927,242.7558674993973,194.9032985809985,412.05078006112757,13755.212429968546,diana,0.812444233327284,bob,0.7368649211017009,0.07557931222558312,diana,diana,diana,2,1,1,0,0,16.409189241819153,6.442662409783675,7.1462644321843465,29.998116083787174
Bright_Near_20260114_210100_T1,1736899008.8,220,Bright,Near,4,4,1280,720,24.19063823225782,1,1,chen,2,1,0.8785856575129751,422.5514383909066,243.27507887396035,543.6348078069853,415.2478629902084,20823.04414865922,chen,0.8093902010506449,diana,0.7082682848503298,0.10112191620031508,chen,chen,chen,3,1,1,0,0,16.409189241819153,6.442662409783675,7.1462644321843465,29.998116083787174
Bright_Near_20260114_210100_T1,1736899008.8,220,Bright,Near,4,4,1280,720,24.19063823225782,1,2,alice,3,1,0.799698884857904,749.9155084486632,244.64894310942486,854.342708925708,457.9595625262675,22275.43081772524,alice,0.7989384114970399,chen,0.7375877142251094,0.06135069727193054,alice,alice,alice,2,1,1,0,0,16.409189241819153,6.442662409783675,7.1462644321843465,29.998116083787174
Bright_Near_20260114_210100_T1,1736899008.8,220,Bright,Near,4,4,1280,720,24.19063823225782,1,3,bob,4,1,0.7086669886148359,1061.3608737175982,223.8037675202935,1168.8520465971092,378.6407271186325,16643.606392322912,bob,0.8080466172535689,alice,0.6858675427696431,0.12217907448392573,bob,bob,bob,2,1,1,0,0,16.409189241819153,6.442662409783675,7.1462644321843465,29.998116083787174
Bright_Near_20260114_210100_T1,1736899008.84,221,Bright,Near,4,4,1280,720,25.919658964762608,1,0,diana,1,1,0.7302041944210349,121.51320982142438,247.91884557072606,230.3253827505094,403.1957322069976,16896.015440555908,diana,0.8354556145116502,bob,0.7671492414232415,0.0683063730884087,diana,diana,diana,2,1,1,0,0,14.60965425820573,14.755832295441444,9.780208939154015,39.14569549280119
Bright_Near_20260114_210100_T1,1736899008.84,221,Bright,Near,4,4,1280,720,25.919658964762608,1,1,chen,2,1,0.8448501219798286,409.4195988656727,278.11131042294966,536.2005324950611,432.60104743196786,19586.35309416201,chen,0.832039536584519,bob,0.755458714330841,0.07658082225367802,chen,chen,chen,3,1,1,0,0,14.60965425820573,14.755832295441444,9.780208939154015,39.14569549280119
Bright_Near_20260114_210100_T1,1736899008.84,221,Bright,Near,4,4,1280,720,25.919658964762608,1,2,alice,3,1,0.8853432451114591,739.3936131390074,306.87845119149074,835.8874425661104,463.14606022093983,15078.860010668886,alice,0.8893565140545442,diana,0.7220603896971296,0.1672961243574146,alice,alice,alice,2,1,1,0,0,14.60965425820573,14.755832295441444,9.780208939154015,39.14569549280119
Bright_Near_20260114_210100_T1,1736899008.84,221,Bright,Near,4,4,1280,720,25.919658964762608,1,3,bob,4,1,0.8980659886603672,1049.470925901331,194.74527307185238,1161.399935721104,367.6959096585108,19358.19350084408,bob,0.8466320052359656,chen,0.7664369724748505,0.08019503276111506,bob,bob,bob,3,1,1,0,0,14.60965425820573,14.755832295441444,9.780208939154015,39.14569549280119
Bright_Near_20260114_210100_T1,1736899008.88,222,Bright,Near,4,4,1280,720,26.17402631671789,1,0,diana,1,1,0.7504350639089441,107.53279378253049,190.6007215830974,217.1717163832241,389.78487745133566,21838.336248522264,diana,0.7901941615994632,bob,0.6726413866254309,0.11755277497403227,diana,diana,diana,3,1,1,0,0,8.936663502211898,5.515422044022458,5.444248690793197,19.896334237027553
Bright_Near_20260114_210100_T1,1736899008.88,222,Bright,Near,4,4,1280,720,26.17402631671789,1,1,chen,2,1,0.7291226786025661,391.9848980971599,219.69163677483192,492.53541407092507,391.2586881035342,17251.15553519847,chen,0.8802192517572335,bob,0.7974508722835374,0.08276837947369609,chen,chen,chen,2,1,1,0,0,8.936663502211898,5.515422044022458,5.444248690793197,19.896334237027553
Bright_Near_20260114_210100_T1,1736899008.88,222,Bright,Near,4,4,1280,720,26.17402631671789,1,2,alice,3,1,0.8852950855891347,732.694072091584,221.07777672299486,858.2742323178712,380.9085448287125,20071.573467806582,alice,0.7782025918846621,diana,0.6614599825643147,0.11674260932034741,alice,alice,alice,2,1,1,0,0,8.936663502211898,5.515422044022458,5.444248690793197,19.896334237027553
Bright_Near_20260114_210100_T1,1736899008.88,222,Bright,Near,4,4,1280,720,26.17402631671789,1,3,bob,4,1,0.7472213451280115,1058.2962023114137,260.69758324020444,1182.402581398273,408.80107560533037,18380.58816755409,bob,0.8149616733500556,chen,0.6955241325089532,0.11943754084110247,bob,bob,bob,2,1,1,0,0,8.936663502211898,5.515422044022458,5.444248690793197,19.896334237027553
Bright_Near_20260114_210100_T1,1736899008.92,223,Bright,Near,4,4,1280,720,22.815678360568707,0,0,diana,1,1,0.8423109169973303,91.02682288729333,196.39348330248663,189.97132068859867,385.1285867604862,18674.300029129172,diana,0.83075885994176,bob,0.6616922120405544,0.16906664790120562,diana,diana,diana,1,1,1,0,0,10.84578409989102,7.409140615708009,2.116217507772819,20.371142223371848
Bright_Near_20260114_210100_T1,1736899008.92,223,Bright,Near,4,4,1280,720,22.815678360568707,0,1,chen,2,1,0.7464253419604082,456.3610070432982,260.9175668551421,574.060150080899,412.5999143182428,17852.882310338555,chen,0.9302827521217817,bob,0.8287491429184208,0.10153360920336085,chen,chen,chen,2,1,1,0,0,10.84578409989102,7.409140615708009,2.116217507772819,20.371142223371848
Bright_Near_20260114_210100_T1,1736899008.92,223,Bright,Near,4,4,1280,720,22.815678360568707,0,2,alice,3,1,0.7492513465074727,726.393948262312,212.21895663877078,827.4583907752944,408.86159933545036,19873.579058419513,alice,0.9376775787830349,bob,0.8637419712325894,0.07393560755044548,alice,alice,alice,1,1,1,0,0,10.84578409989102,7.409140615708009,2.116217507772819,20.371142223371848
Bright_Near_20260114_210100_T1,1736899008.92,223,Bright,Near,4,4,1280,720,22.815678360568707,0,3,bob,4,1,0.7052276831735895,1084.8836730256203,244.5353904938729,1169.994669963623,435.4947168118697,16252.738637534083,bob,0.7937862885470583,alice,0.6657580229871463,0.1280282655599121,bob,bob,bob,1,1,1,0,0,10.84578409989102,7.409140615708009,2.116217507772819,20.371142223371848
Bright_Near_20260114_210100_T1,1736899008.96,224,Bright,Near,4,4,1280,720,27.78734104652664,1,0,diana,1,1,0.8653063205190134,109.82551177438987,257.6525263729461,209.19597591243289,413.1082243639314,15447.70486226765,diana,0.799616313871699,alice,0.6844704327060237,0.11514588116567526,diana,diana,diana,1,1,1,0,0,14.900646585560652,13.770978951176968,7.117980949487343,35.78960648622496
Bright_Near_20260114_210100_T1,1736899008.96,224,Bright,Near,4,4,1280,720,27.78734104652664,1,1,chen,2,1,0.8540237644238262,412.4801664603666,243.38343479125257,537.7462198780833,399.8257183468534,19596.90744866547,chen,0.9074359453773154,bob,0.8059203331890396,0.10151561218827587,chen,chen,chen,2,1,1,0,0,14.900646585560652,13.770978951176968,7.117980949487343,35.78960648622496
Bright_Near_20260114_210100_T1,1736899008.96,224,Bright,Near,4,4,1280,720,27.78734104652664,1,2,alice,3,1,0.7877569773144153,763.8230678181882,221.18600445692334,862.4389860631653,421.5184882208613,19755.971840677714,alice,0.8041637548830164,diana,0.7293133833113752,0.0748503715716412,alice,alice,alice,3,1,1,0,0,14.900646585560652,13.770978951176968,7.117980949487343,35.78960648622496
Bright_Near_20260114_210100_T1,1736899008.96,224,Bright,Near,4,4,1280,720,27.78734104652664,1,3,bob,4,1,0.8219705510046379,1073.6374609635172,256.81168428920154,1162.2504229361316,453.7797597030622,17453.924576467474,alice,0.5708869430711461,chen,0.49221478790949774,0.07867215516164833,unknown,unknown,unknown,0,0,0,0,0,14.900646585560652,13.770978951176968,7.117980949487343,35.78960648622496
Bright_Near_20260114_210100_T1,1736899009.0,225,Bright,Near,4,4,1280,720,24.256493249663386,2,0,diana,1,1,0.7772570785417742,102.58430004362691,179.57366063721707,225.2660767084306,391.9690811287821,26057.04754137325,diana,0.8403413231809893,alice,0.7070173235382404,0.13332399964274888,diana,diana,diana,2,1,1,0,0,11.67778180235082,5.874354687916829,7.838506440810034,25.390642931077682
Bright_Near_20260114_210100_T1,1736899009.0,225,Bright,Near,4,4,1280,720,24.256493249663386,2,1,chen,2,1,0.7340196189183701,438.7598395863364,280.57478653074895,527.1932512172733,456.96319679717567,15598.628892017494,chen,0.8372658272629452,bob,0.68879034310388,0.1484754841590652,chen,chen,chen,2,1,1,0,0,11.67778180235082,5.874354687916829,7.838506440810034,25.390642931077682
Bright_Near_20260114_210100_T1,1736899009.0,225,Bright,Near,4,4,1280,720,24.256493249663386,2,2,alice,3,1,0.6708668901501011,757.0760861503231,214.93964344820407,872.134538285886,382.06980621389175,19229.737832984712,alice,0.8087319045043803,bob,0.6687439448209858,0.1399879596833945,alice,alice,alice,3,1,1,0,0,11.67778180235082,5.874354687916829,7.838506440810034,25.390642931077682
Bright_Near_20260114_210100_T1,1736899009.0,225,Bright,Near,4,4,1280,720,24.256493249663386,2,3,bob,4,1,0.6330411215126133,1082.159028991091,300.4498147009857,1163.8890189717185,438.62188940556064,11292.802281207434,bob,0.8639852388819901,alice,0.753553400768965,0.11043183811302504,bob,bob,bob,2,1,1,0,0,11.67778180235082,5.874354687916829,7.838506440810034,25.390642931077682
Bright_Near_20260114_210100_T1,1736899009.04,226,Bright,Near,4,4,1280,720,26.981752032573883,4,0,diana,1,1,0.8266444047948597,107.02369328922784,297.97469184873285,215.7322857822419,486.13554223807535,20454.701208114016,diana,0.8324003117533386,alice,0.6893827225649625,0.14301758918837615,diana,diana,diana,2,1,1,0,0,15.730772348968127,10.299275340441199,12.843867292203445,38.87391498161277
Bright_Near_20260114_210100_T1,1736899009.04,226,Bright,Near,4,4,1280,720,26.981752032573883,4,1,chen,2,1,0.810139589005816,433.6796139300549,300.2911457140801,536.6822653521581,465.4117051732292,17007.855428593397,chen,0.8322255993642133,bob,0.7003433932395918,0.13188220612462143,chen,chen,chen,1,1,1,0,0,15.730772348968127,10.299275340441199,12.843867292203445,38.87391498161277
Bright_Near_20260114_210100_T1,1736899009.04,226,Bright,Near,4,4,1280,720,26.981752032573883,4,2,alice,3,1,0.7450830572554129,741.8360137857164,328.54337076367426,829.0738780084023,476.8737341541979,12940.024101564155,alice,0.822536047034231,diana,0.7463316319435811,0.0762044150906499,alice,alice,alice,2,1,1,0,0,15.730772348968127,10.299275340441199,12.843867292203445,38.87391498161277
Bright_Near_20260114_210100_T1,1736899009.04,226,Bright,Near,4,4,1280,720,26.981752032573883,4,3,bob,4,1,0.8237849678523592,1019.6184307901788,238.3840287310835,1122.8115144093101,375.5864236048817,14158.338206956936,bob,0.8142208952181328,alice,0.6866423631224061,0.12757853209572667,bob,bob,bob,1,1,1,0,0,15.730772348968127,10.299275340441199,12.843867292203445,38.87391498161277
Bright_Near_20260114_210100_T1,1736899009.08,227,Bright,Near,4,4,1280,720,24.64196881242334,2,0,diana,1,1,0.8273669841696552,106.34473979612707,224.81377759015464,203.87330503682287,381.73610876189076,15304.409813404738,diana,0.8639943068849514,chen,0.7133572393674914,0.15063706751745998,diana,diana,diana,2,1,1,0,0,15.60024679415693,8.2216250745334,5.821995682648016,29.643867551338346
Bright_Near_20260114_210100_T1,1736899009.08,227,Bright,Near,4,4,1280,720,24.64196881242334,2,1,chen,2,1,0.8212792012889935,408.76693032392376,229.18153323462997,516.8858585980223,434.1825591365603,22164.491215607428,chen,0.9101006247404309,alice,0.7930296323777292,0.11707099236270169,chen,chen,chen,2,1,1,0,0,15.60024679415693,8.2216250745334,5.821995682648016,29.643867551338346
Bright_Near_20260114_210100_T1,1736899009.08,227,Bright,Near,4,4,1280,720,24.64196881242334,2,2,alice,3,1,0.7602814298138101,748.5111141825274,267.41223895774624,870.8968504121032,434.57613396400893,20458.476361344958,alice,0.8546916431046362,diana,0.6975179936885223,0.1571736494161139,alice,alice,alice,2,1,1,0,0,15.60024679415693,8.2216250745334,5.821995682648016,29.643867551338346
Bright_Near_20260114_210100_T1,1736899009.08,227,Bright,Near,4,4,1280,720,24.64196881242334,2,3,bob,4,1,0.8013575886950428,1066.8143001635563,254.96679897017222,1173.2377427237134,410.8550520227832,16590.16454454778,bob,0.8705139423565676,chen,0.7211594000490686,0.149354542307499,bob,bob,bob,2,1,1,0,0,15.60024679415693,8.2216250745334,5.821995682648016,29.643867551338346
Bright_Near_20260114_210100_T1,1736899009.12,228,Bright,Near,4,4,1280,720,25.162850520167442,1,0,diana,1,1,0.7718476190918682,99.60466352414,241.48572879952178,192.63650793210866,384.11996825873166,13269.526372618158,diana,0.7713420369027951,alice,0.6532812821559029,0.11806075474689226,diana,diana,diana,1,1,1,0,0,15.157651719224692,9.196821170168604,3.3806946481202047,27.7351675375135
Bright_Near_20260114_210100_T1,1736899009.12,228,Bright,Near,4,4,1280,720,25.162850520167442,1,1,chen,2,1,0.7371432230018329,443.5464289165219,235.36438796590917,527.9237689385932,442.4827508202558,17476.09652737594,chen,0.8824138132782494,alice,0.7819622790077446,0.1004515342705048,chen,chen,chen,2,1,1,0,0,15.157651719224692,9.196821170168604,3.3806946481202047,27.7351675375135
Bright_Near_20260114_210100_T1,1736899009.12,228,Bright,Near,4,4,1280,720,25.162850520167442,1,2,alice,3,1,0.7736356055209044,758.7586383744805,235.85644470059998,855.5050283917391,398.176556686483,15703.884861831331,alice,0.7935147085811305,chen,0.7001056427575292,0.09340906582360131,alice,alice,alice,1,1,1,0,0,15.157651719224692,9.196821170168604,3.3806946481202047,27.7351675375135
Bright_Near_20260114_210100_T1,1736899009.12,228,Bright,Near,4,4,1280,720,25.162850520167442,1,3,bob,4,1,0.8535364954013586,1102.870562126048,227.48990357656172,1202.7097895604422,435.08810629691584,20726.4441763689,bob,0.9019796640935523,chen,0.7665301694074163,0.1354494946861361,bob,bob,bob,2,1,1,0,0,15.157651719224692,9.196821170168604,3.3806946481202047,27.7351675375135
Bright_Near_20260114_210100_T1,1736899009.16,229,Bright,Near,4,4,1280,720,22.968416500181497,0,0,diana,1,1,0.8539646642446628,120.66155308907906,249.0180327754939,205.7007629867415,404.0203045500573,13181.270724051612,diana,0.854356836774967,chen,0.7712942695150463,0.08306256725992067,diana,diana,diana,1,1,1,0,0,8.685672498423463,7.746289907943728,5.597853093770105,22.029815500137296
Bright_Near_20260114_210100_T1,1736899009.16,229,Bright,Near,4,4,1280,720,22.968416500181497,0,1,chen,2,1,0.757951020349,435.6931123400437,225.4640191207261,532.5643871921068,369.21161981826594,13925.013336495998,bob,0.6835714102719302,alice,0.6055850993538251,0.07798631091810515,unknown,unknown,unknown,0,0,0,0,0,8.685672498423463,7.746289907943728,5.597853093770105,22.029815500137296
Bright_Near_20260114_210100_T1,1736899009.16,229,Bright,Near,4,4,1280,720,22.968416500181497,0,2,alice,3,1,0.8659212346680994,735.4008792400805,289.45672150412514,837.9987893092036,466.4687945734984,18161.068753920616,alice,0.9239633144807896,chen,0.853445155756303,0.07051815872448663,alice,alice,alice,3,1,1,0,0,8.685672498423463,7.746289907943728,5.597853093770105,22.029815500137296
Bright_Near_20260114_210100_T1,1736899009.16,229,Bright,Near,4,4,1280,720,22.968416500181497,0,3,bob,4,1,0.8092621147297995,1055.5089437284644,234.05927081130096,1179.3787676520244,426.4758772848244,23834.61116384429,bob,0.9662445091095522,chen,0.8765464259148132,0.08969808319473893,bob,bob,bob,2,1,1,0,0,8.685672498423463,7.746289907943728,5.597853093770105,22.029815500137296
Bright_Near_20260114_210100_T1,1736899009.2,230,Bright,Near,4,4,1280,720,22.500067518656934,2,0,diana,1,1,0.7765894172018509,77.62625113892268,246.7501934867197,205.11564789956606,378.2956477875367,16770.650615415943,diana,0.9458609189421973,alice,0.8064482896906195,0.1394126292515777,diana,diana,diana,2,1,1,0,0,13.029853269914913,10.113171851106472,5.419485377815118,28.562510498836502
Bright_Near_20260114_210100_T1,1736899009.2,230,Bright,Near,4,4,1280,720,22.500067518656934,2,1,chen,-1,0,-1.0,-1.0,-1.0,-1.0,-1.0,0.0,unknown,-1.0,unknown,-1.0,-1.0,unknown,unknown,unknown,0,0,0,0,1,13.029853269914913,10.113171851106472,5.419485377815118,28.562510498836502
Bright_Near_20260114_210100_T1,1736899009.2,230,Bright,Near,4,4,1280,720,22.500067518656934,2,2,alice,3,1,0.8235141317635711,757.2287866974174,177.90022201941622,845.7748606523663,378.6798440707431,17778.247262803492,alice,0.7525786911363738,bob,0.678794573381709,0.07378411775466476,alice,alice,alice,1,1,1,0,0,13.029853269914913,10.113171851106472,5.419485377815118,28.562510498836502
Bright_Near_20260114_210100_T1,1736899009.2,230,Bright,Near,4,4,1280,720,22.500067518656934,2,3,bob,4,1,0.6449975273771882,1074.1506038316834,260.10044053298145,1196.0275590834044,412.43909124242145,18566.57091562198,bob,0.8310815557480405,alice,0.6584227005152996,0.17265885523274094,bob,bob,bob,1,1,1,0,0,13.029853269914913,10.113171851106472,5.419485377815118,28.562510498836502
Bright_Near_20260114_210100_T1,1736899009.24,231,Bright,Near,4,4,1280,720,23.2520244274625,1,0,diana,1,1,0.7858561530193905,123.401013089468,279.27802463459625,235.44573454213685,431.272917204966,17030.225400275405,diana,0.7489839519427424,chen,0.577996263660167,0.17098768828257538,diana,diana,diana,1,1,1,0,0,13.824464041862846,11.94984070096688,5.845251045940481,31.619555788770207
Bright_Near_20260114_210100_T1,1736899009.24,231,Bright,Near,4,4,1280,720,23.2520244274625,1,1,chen,2,1,0.8052571683340608,412.17250915544713,220.17688459659507,518.0918435467978,386.68623034157997,17636.55907124808,chen,0.943011668162685,alice,0.8413570278453781,0.10165464031730687,chen,chen,chen,3,1,1,0,0,13.824464041862846,11.94984070096688,5.845251045940481,31.619555788770207
Bright_Near_20260114_210100_T1,1736899009.24,231,Bright,Near,4,4,1280,720,23.2520244274625,1,2,alice,3,1,0.7610631195922044,757.7128450473155,230.6132661050222,855.1955369668841,427.6219456133387,19204.936409990256,alice,0.8830960239883319,diana,0.7068515439230023,0.17624448006532956,alice,alice,alice,2,1,1,0,0,13.824464041862846,11.94984070096688,5.845251045940481,31.619555788770207
Bright_Near_20260114_210100_T1,1736899009.24,231,Bright,Near,4,4,1280,720,23.2520244274625,1,3,bob,4,1,0.7480439636327011,1078.5629174256658,321.6250940429509,1161.566478429814,456.1543876494022,11166.410428708048,bob,0.7590784100617705,alice,0.6922687709812323,0.06680963908053816,bob,bob,bob,1,1,1,0,0,13.824464041862846,11.94984070096688,5.845251045940481,31.619555788770207
Bright_Near_20260114_210100_T1,1736899009.28,232,Bright,Near,4,4,1280,720,23.99412686201408,3,0,diana,1,1,0.8997382273201718,107.18054778633382,290.9701014267225,219.93607938774255,422.92080803665965,14878.172068984979,diana,0.8854936904006507,alice,0.7995441320501878,0.08594955835046292,diana,diana,diana,2,1,1,0,0,13.138241701380126,6.853560767091281,10.044109309103902,30.035911777575308
Bright_Near_20260114_210100_T1,1736899009.28,232,Bright,Near,4,4,1280,720,23.99412686201408,3,1,chen,2,1,0.8811322379836044,425.9184108522666,336.2720762737387,550.2848568005074,474.38788480522936,17176.97223632921,chen,0.903393346310478,diana,0.8349626957344004,0.06843065057607756,chen,chen,chen,3,1,1,0,0,13.138241701380126,6.853560767091281,10.044109309103902,30.035911777575308
Bright_Near_20260114_210100_T1,1736899009.28,232,Bright,Near,4,4,1280,720,23.99412686201408,3,2,alice,3,1,0.713672466833007,778.6421668634474,283.27250329415364,860.4436898210578,488.3834020891098,16778.3838966317,alice,0.9157139980466815,diana,0.8466762845880764,0.0690377134586051,alice,alice,alice,3,1,1,0,0,13.138241701380126,6.853560767091281,10.044109309103902,30.035911777575308
Bright_Near_20260114_210100_T1,1736899009.28,232,Bright,Near,4,4,1280,720,23.99412686201408,3,3,bob,4,1,0.7605962780720518,1060.3210295681865,281.67269506426845,1168.1810032449043,488.1627836876847,22272.0155234248,bob,0.8240164438138156,chen,0.7287582154887522,0.09525822832506337,bob,bob,bob,1,1,1,0,0,13.138241701380126,6.853560767091281,10.044109309103902,30.035911777575308
Bright_Near_20260114_210100_T1,1736899009.32,233,Bright,Near,4,4,1280,720,26.13401196978544,2,0,diana,1,1,0.6979192075371079,124.16639461123961,232.93012476089416,208.82128766768054,385.3765295156751,12905.334091354887,diana,0.8707261410706264,chen,0.803190948854394,0.06753519221623239,diana,diana,diana,2,1,1,0,0,11.26635943197633,5.273453977292347,8.704713737461265,25.244527146729943
Bright_Near_20260114_210100_T1,1736899009.32,233,Bright,Near,4,4,1280,720,26.13401196978544,2,1,chen,2,1,0.6927777064089332,427.1137579813919,252.8751846039822,542.8822362109412,420.8685681865172,19448.338369983023,chen,0.8044065839484489,bob,0.6642112238657777,0.1401953600826712,chen,chen,chen,2,1,1,0,0,11.26635943197633,5.273453977292347,8.704713737461265,25.244527146729943
Bright_Near_20260114_210100_T1,1736899009.32,233,Bright,Near,4,4,1280,720,26.13401196978544,2,2,alice,3,1,0.7852329218107567,776.2932295314698,296.8421467123014,867.4750781875358,496.94329830278207,18245.592920227726,diana,0.6692741485702404,chen,0.6284281048583498,0.0408460437118906,unknown,unknown,unknown,0,0,0,0,0,11.26635943197633,5.273453977292347,8.704713737461265,25.244527146729943
Bright_Near_20260114_210100_T1,1736899009.32,233,Bright,Near,4,4,1280,720,26.13401196978544,2,3,bob,4,1,0.6751605765881611,1050.1495802893505,303.5150139676989,1141.358467753099,478.6359348539024,15972.584365657724,bob,0.9173342456339122,diana,0.787853096781132,0.12948114885278017,bob,bob,bob,2,1,1,0,0,11.26635943197633,5.273453977292347,8.704713737461265,25.244527146729943
Bright_Near_20260114_210100_T1,1736899009.36,234,Bright,Near,4,4,1280,720,24.302777309835626,0,0,diana,1,1,0.8996511884313338,115.88078150901569,288.5186711413031,203.0454999243993,424.4285072360135,11846.542593076372,diana,0.7770653409376448,bob,0.6073897286094837,0.16967561232816109,diana,diana,diana,2,1,1,0,0,12.8856565619302,6.067867868690765,7.20012384752672,26.153648278147685
Bright_Near_20260114_210100_T1,1736899009.36,234,Bright,Near,4,4,1280,720,24.302777309835626,0,1,chen,2,1,0.8115023647497975,453.88375439997037,220.06631293082035,554.7496605427483,350.13238600762304,13119.232319324476,chen,0.7848201769986205,diana,0.6545201440909937,0.13030003290762682,chen,chen,chen,2,1,1,0,0,12.8856565619302,6.067867868690765,7.20012384752672,26.153648278147685
Bright_Near_20260114_210100_T1,1736899009.36,234,Bright,Near,4,4,1280,720,24.302777309835626,0,2,alice,3,1,0.8184680746548596,750.2690628955014,272.15438742560656,851.3072333875222,435.65213159547744,16519.512950496206,alice,0.8863340675480871,chen,0.7126073311790838,0.17372673636900327,alice,alice,alice,3,1,1,0,0,12.8856565619302,6.067867868690765,7.20012384752672,26.153648278147685
Bright_Near_20260114_210100_T1,1736899009.36,234,Bright,Near,4,4,1280,720,24.302777309835626,0,3,bob,4,1,0.7901455269460436,1040.2680217752843,240.91115452121488,1152.9014329254098,428.2092803782986,21096.02681730887,bob,0.8793541935916028,chen,0.7716206428251366,0.10773355076646618,bob,bob,bob,2,1,1,0,0,12.8856565619302,6.067867868690765,7.20012384752672,26.153648278147685
Bright_Near_20260114_210100_T1,1736899009.4,235,Bright,Near,4,4,1280,720,25.99582925346872,0,0,diana,1,1,0.8380950771802633,109.7278803313078,206.22437169440423,191.51382418833668,412.4100143126984,16863.08739130523,diana,0.8857563382322944,alice,0.711340711209544,0.17441562702275037,diana,diana,diana,2,1,1,0,0,12.657093552505133,11.346221390233676,8.272631636342343,32.27594657908115
Bright_Near_20260114_210100_T1,1736899009.4,235,Bright,Near,4,4,1280,720,25.99582925346872,0,1,chen,-1,0,-1.0,-1.0,-1.0,-1.0,-1.0,0.0,unknown,-1.0,unknown,-1.0,-1.0,unknown,unknown,unknown,0,0,0,0,1,12.657093552505133,11.346221390233676,8.272631636342343,32.27594657908115
Bright_Near_20260114_210100_T1,1736899009.4,235,Bright,Near,4,4,1280,720,25.99582925346872,0,2,alice,3,1,0.8036982883302397,773.3309105585016,179.37462260865408,863.6724822306352,321.96550813600976,12881.884704662596,alice,0.8193270590240483,bob,0.6708817483658781,0.14844531065817024,alice,alice,alice,1,1,1,0,0,12.657093552505133,11.346221390233676,8.272631636342343,32.27594657908115
Bright_Near_20260114_210100_T1,1736899009.4,235,Bright,Near,4,4,1280,720,25.99582925346872,0,3,bob,4,1,0.7406940169462293,1094.3913180703817,262.72510456086536,1182.4675301950715,471.4574853966793,18384.357451786695,bob,0.8292713476965768,alice,0.6678071937130663,0.16146415398351055,bob,bob,bob,2,1,1,0,0,12.657093552505133,11.346221390233676,8.272631636342343,32.27594657908115
Bright_Near_20260114_210100_T1,1736899009.44,236,Bright,Near,4,4,1280,720,25.816435135683925,1,0,diana,1,1,0.8315090885243982,95.10891183497591,266.63651497111357,219.2193818213421,453.42895418747514,23182.897421042373,diana,0.8600227034217404,alice,0.727102312004491,0.13292039141724932,diana,diana,diana,3,1,1,0,0,9.403616592257459,4.724085533786324,6.287775713736924,20.415477839780706
Bright_Near_20260114_210100_T1,1736899009.44,236,Bright,Near,4,4,1280,720,25.816435135683925,1,1,chen,2,1,0.758722400421799,421.2901017642763,254.6382266763465,545.6886566991107,466.3848037905952,26340.96820541,chen,0.84085003334611,diana,0.7799027035481553,0.0609473297979547,chen,chen,chen,2,1,1,0,0,9.403616592257459,4.724085533786324,6.287775713736924,20.415477839780706
Bright_Near_20260114_210100_T1,1736899009.44,236,Bright,Near,4,4,1280,720,25.816435135683925,1,2,alice,3,1,0.8074043877141809,790.2396239086379,218.3804977440873,887.0357165915302,373.2001367594132,14985.93612725942,alice,0.8451373450397357,chen,0.7294618321331439,0.11567551290659184,alice,alice,alice,2,1,1,0,0,9.403616592257459,4.724085533786324,6.287775713736924,20.415477839780706
Bright_Near_20260114_210100_T1,1736899009.44,236,Bright,Near,4,4,1280,720,25.816435135683925,1,3,bob,-1,0,-1.0,-1.0,-1.0,-1.0,-1.0,0.0,unknown,-1.0,unknown,-1.0,-1.0,unknown,unknown,unknown,0,0,0,0,1,9.403616592257459,4.724085533786324,6.287775713736924,20.415477839780706
Bright_Near_20260114_210100_T1,1736899009.48,237,Bright,Near,4,4,1280,720,26.076207402858746,0,0,diana,1,1,0.5886983301335651,112.24536096845154,199.28463777792246,238.8731351564861,343.6918734621277,18285.966831337828,diana,0.8702953030900586,bob,0.7408255951708246,0.12946970791923407,diana,diana,diana,1,1,1,0,0,7.496527222696896,5.468538881223985,1.4533658536458613,14.418431957566742
Bright_Near_20260114_210100_T1,1736899009.48,237,Bright,Near,4,4,1280,720,26.076207402858746,0,1,chen,2,1,0.7488404327447542,415.77205825704857,263.815804021666,528.3844358402249,396.0947033217439,14896.241354267335,chen,0.881632405871242,alice,0.7285666217360156,0.15306578413522642,chen,chen,chen,2,1,1,0,0,7.496527222696896,5.468538881223985,1.4533658536458613,14.418431957566742
Bright_Near_20260114_210100_T1,1736899009.48,237,Bright,Near,4,4,1280,720,26.076207402858746,0,2,alice,3,1,0.8299420907754133,768.492654853888,214.61604258906203,870.0057336120684,381.6379701068341,16954.910082454695,alice,0.8643388326982626,bob,0.7103732134920426,0.15396561920621998,alice,alice,alice,2,1,1,0,0,7.496527222696896,5.468538881223985,1.4533658536458613,14.418431957566742
Bright_Near_20260114_210100_T1,1736899009.48,237,Bright,Near,4,4,1280,720,26.076207402858746,0,3,bob,4,1,0.8287637538446155,1074.0422080266533,220.18799606275024,1189.6044613531737,368.5384033133838,17143.707343790196,bob,0.9552722805993258,chen,0.8080826256325484,0.14718965496677738,bob,bob,bob,1,1,1,0,0,7.496527222696896,5.468538881223985,1.4533658536458613,14.418431957566742
Bright_Near_20260114_210100_T1,1736899009.52,238,Bright,Near,4,4,1280,720,24.310179892319624,4,0,diana,1,1,0.7036374160043815,134.08897258490597,264.26112971105033,215.78409685946085,409.1468403255519,11836.4561342589,diana,0.8987847061442066,chen,0.7593733219353904,0.13941138420881616,diana,diana,diana,2,1,1,0,0,15.818273321681714,9.587837070190215,5.043459409405562,30.44956980127749
Bright_Near_20260114_210100_T1,1736899009.52,238,Bright,Near,4,4,1280,720,24.310179892319624,4,1,chen,2,1,0.878296047553455,431.5962601278422,207.49297737777073,537.875800954389,345.89950534220003,14709.782239456154,chen,0.8004084219935306,bob,0.6247456392674975,0.17566278272603308,chen,chen,chen,1,1,1,0,0,15.818273321681714,9.587837070190215,5.043459409405562,30.44956980127749
Bright_Near_20260114_210100_T1,1736899009.52,238,Bright,Near,4,4,1280,720,24.310179892319624,4,2,alice,3,1,0.8085910534263636,749.0295190262361,244.3612754534845,851.1124492895842,435.7414742487049,19536.651487398176,alice,0.9843955255176177,chen,0.8524179949280598,0.13197753058955786,alice,alice,alice,2,1,1,0,0,15.818273321681714,9.587837070190215,5.043459409405562,30.44956980127749
Bright_Near_20260114_210100_T1,1736899009.52,238,Bright,Near,4,4,1280,720,24.310179892319624,4,3,bob,4,1,0.8551754129425473,1088.9453716865837,258.1916101434977,1180.2581801551432,429.25032356481034,15619.851535518534,bob,0.8640052468768296,chen,0.7833344480284795,0.08067079884835004,bob,bob,bob,2,1,1,0,0,15.818273321681714,9.587837070190215,5.043459409405562,30.44956980127749
Bright_Near_20260114_210100_T1,1736899009.56,239,Bright,Near,4,4,1280,720,24.484070995551587,1,0,diana,1,1,0.7769112109110908,73.7950658949155,214.47217333281162,162.49565381803734,390.39122025063546,15604.12288848623,diana,0.8827272244365504,bob,0.8064859209777155,0.07624130345883484,diana,diana,diana,2,1,1,0,0,11.010579409476618,10.771725761761926,8.976257340891687,30.75856251213023
Bright_Near_20260114_210100_T1,1736899009.56,239,Bright,Near,4,4,1280,720,24.484070995551587,1,1,chen,-1,0,-1.0,-1.0,-1.0,-1.0,-1.0,0.0,unknown,-1.0,unknown,-1.0,-1.0,unknown,unknown,unknown,0,0,0,0,1,11.010579409476618,10.771725761761926,8.976257340891687,30.75856251213023
Bright_Near_20260114_210100_T1,1736899009.56,239,Bright,Near,4,4,1280,720,24.484070995551587,1,2,alice,3,1,0.6636167919614591,728.2153430338324,192.59741380493466,849.6338982739042,367.3643581015709,21219.949880219672,alice,0.9688775455559263,chen,0.8172889342833793,0.15158861127254697,alice,alice,alice,1,1,1,0,0,11.010579409476618,10.771725761761926,8.976257340891687,30.75856251213023
Bright_Near_20260114_210100_T1,1736899009.56,239,Bright,Near,4,4,1280,720,24.484070995551587,1,3,bob,4,1,0.8963358091835864,1055.6134163828249,213.5545187546536,1166.7906814446885,397.7637083642677,20479.873900059163,bob,0.8412846357187769,alice,0.6801257394382152,0.16115889628056168,bob,bob,bob,3,1,1,0,0,11.010579409476618,10.771725761761926,8.976257340891687,30.75856251213023
Bright_Near_20260114_210100_T1,1736899009.6,240,Bright,Near,4,4,1280,720,23.761702999785822,0,0,diana,1,1,0.7591518804986119,120.66824061271306,274.5861880448218,203.17638364927672,455.1813225801003,14900.569191944212,diana,0.8596697885154734,alice,0.793051800143351,0.0666179883721224,diana,diana,diana,3,1,1,0,0,9.670429521346962,8.605798001670472,6.372411701483665,24.6486392245011
Bright_Near_20260114_210100_T1,1736899009.6,240,Bright,Near,4,4,1280,720,23.761702999785822,0,1,chen,2,1,0.5871874127932026,445.0995442729702,246.92506855289884,546.178313732689,449.6548694098257,20491.678803432023,chen,0.95815492608273,alice,0.8476654561019187,0.11048946998081133,chen,chen,chen,2,1,1,0,0,9.670429521346962,8.605798001670472,6.372411701483665,24.6486392245011
Bright_Near_20260114_210100_T1,1736899009.6,240,Bright,Near,4,4,1280,720,23.761702999785822,0,2,alice,3,1,0.8776459202300102,761.3421013104087,192.52327223067581,847.1095398306204,338.00454436998734,12477.556064050592,alice,0.8449647128213345,diana,0.6877110227756877,0.1572536900456467,alice,alice,alice,2,1,1,0,0,9.670429521346962,8.605798001670472,6.372411701483665,24.6486392245011
Bright_Near_20260114_210100_T1,1736899009.6,240,Bright,Near,4,4,1280,720,23.761702999785822,0,3,bob,4,1,0.8993646589685897,1075.0049256555872,353.8923851554306,1172.6847979869926,548.9188716079918,19050.16229792876,bob,0.8881246629502814,alice,0.7935538456357836,0.09457081731449779,bob,bob,bob,1,1,1,0,0,9.670429521346962,8.605798001670472,6.372411701483665,24.6486392245011
Bright_Near_20260114_210100_T1,1736899009.64,241,Bright,Near,4,4,1280,720,22.609066707887628,1,0,diana,1,1,0.8238856842635763,66.46514090337014,214.08122332271432,186.34018599326072,366.3653784921164,18255.06996740797,diana,0.8601673568931701,alice,0.788764577774762,0.07140277911840809,diana,diana,diana,3,1,1,0,0,10.252900220239425,6.794609322126355,6.890687160042333,23.938196702408113
Bright_Near_20260114_210100_T1,1736899009.64,241,Bright,Near,4,4,1280,720,22.609066707887628,1,1,chen,2,1,0.6932556892080417,416.53415267600406,232.84897750377627,524.8552638771619,436.4395532674222,22053.15739680163,chen,0.8545250475478732,bob,0.7473113634234164,0.10721368412445675,chen,chen,chen,2,1,1,0,0,10.252900220239425,6.794609322126355,6.890687160042333,23.938196702408113
Bright_Near_20260114_210100_T1,1736899009.64,241,Bright,Near,4,4,1280,720,22.609066707887628,1,2,alice,3,1,0.7591921147524833,743.8094619597006,248.55704365446644,841.6001431216656,429.6553204681779,17709.72384687094,alice,0.908231721233818,bob,0.8123339583320874,0.09589776290173058,alice,alice,alice,2,1,1,0,0,10.252900220239425,6.794609322126355,6.890687160042333,23.938196702408113
Bright_Near_20260114_210100_T1,1736899009.64,241,Bright,Near,4,4,1280,720,22.609066707887628,1,3,bob,4,1,0.8718606129240428,1064.3845126593596,228.10652589450825,1152.7482282374303,407.2608699053016,15830.743498745576,bob,0.8475157098724675,alice,0.7539738997301426,0.09354181014232488,bob,bob,bob,1,1,1,0,0,10.252900220239425,6.794609322126355,6.890687160042333,23.938196702408113
Bright_Near_20260114_210100_T1,1736899009.68,242,Bright,Near,4,4,1280,720,24.06511398785102,0,0,diana,1,1,0.6665606957334549,99.46498074538354,232.28996587799583,215.57104019351206,395.7253187810749,18975.834800090764,diana,0.8943541325696742,bob,0.8131815195770692,0.08117261299260503,diana,diana,diana,2,1,1,0,0,17.29297971877681,7.330343812872776,8.000398004110028,32.623721535759614
Bright_Near_20260114_210100_T1,1736899009.68,242,Bright,Near,4,4,1280,720,24.06511398785102,0,1,chen,2,1,0.7014947225473983,393.4555120223109,132.09970204188636,519.1773239330294,342.73492781629847,26481.44223658235,chen,0.8044457860330768,bob,0.6567662353502136,0.1476795506828632,chen,chen,chen,2,1,1,0,0,17.29297971877681,7.330343812872776,8.000398004110028,32.623721535759614
Bright_Near_20260114_210100_T1,1736899009.68,242,Bright,Near,4,4,1280,720,24.06511398785102,0,2,alice,3,1,0.8638091274964816,774.4791558193132,307.1375910089213,857.8626406239149,439.34375763555397,11023.81088598647,alice,0.7438182149447449,bob,0.6011834337471549,0.14263478119759,alice,alice,alice,3,1,1,0,0,17.29297971877681,7.330343812872776,8.000398004110028,32.623721535759614
Bright_Near_20260114_210100_T1,1736899009.68,242,Bright,Near,4,4,1280,720,24.06511398785102,0,3,bob,4,1,0.8001861315174054,1067.3191918822663,202.39616340336664,1177.5223894272053,371.493506827981,18635.06794174717,bob,0.9647218740545364,diana,0.8561976107737572,0.10852426328077913,bob,bob,bob,2,1,1,0,0,17.29297971877681,7.330343812872776,8.000398004110028,32.623721535759614
Bright_Near_20260114_210100_T1,1736899009.72,243,Bright,Near,4,4,1280,720,22.196824025451022,0,0,diana,1,1,0.6798672900243872,105.38579746711896,211.93295960524296,205.9273667839663,382.48617899598474,17147.688329585737,alice,0.6772881853648728,bob,0.6249554972047825,0.05233268816009029,unknown,unknown,unknown,0,0,0,0,0,10.600144945821146,6.793244364614309,10.376465526289117,27.769854836724573
Bright_Near_20260114_210100_T1,1736899009.72,243,Bright,Near,4,4,1280,720,22.196824025451022,0,1,chen,2,1,0.9291453078369918,449.7870786632986,267.4713599045317,540.3888027229393,415.1455120071114,13379.532779539339,chen,0.8298737203077485,diana,0.6743641668958755,0.155509553411873,chen,chen,chen,1,1,1,0,0,10.600144945821146,6.793244364614309,10.376465526289117,27.769854836724573
Bright_Near_20260114_210100_T1,1736899009.72,243,Bright,Near,4,4,1280,720,22.196824025451022,0,2,alice,3,1,0.7860812701059373,735.8426615227633,197.64279977939245,839.4743154978161,391.85798806617436,20126.841189235514,alice,0.9096942076279219,diana,0.7589473109115294,0.1507468967163924,alice,alice,alice,2,1,1,0,0,10.600144945821146,6.793244364614309,10.376465526289117,27.769854836724573
Bright_Near_20260114_210100_T1,1736899009.72,243,Bright,Near,4,4,1280,720,22.196824025451022,0,3,bob,4,1,0.8788199743051069,1080.2564776682477,187.0982643737243,1166.3428578728574,399.73294752376194,18304.95017834085,bob,0.8529956517385208,chen,0.7196665572397787,0.13332909449874208,bob,bob,bob,2,1,1,0,0,10.600144945821146,6.793244364614309,10.376465526289117,27.769854836724573
Bright_Near_20260114_210100_T1,1736899009.76,244,Bright,Near,4,4,1280,720,25.17933554388323,1,0,diana,1,1,0.8100483588980876,95.49800444474434,190.52559982421656,218.79994036760192,403.58109332052334,26270.15480709442,diana,0.859257167963916,chen,0.7430293977936027,0.11622777017031338,diana,diana,diana,2,1,1,0,0,16.66590041761277,13.146861002508329,5.330814401092054,35.143575821213155
Bright_Near_20260114_210100_T1,1736899009.76,244,Bright,Near,4,4,1280,720,25.17933554388323,1,1,chen,2,1,0.7851500273271996,458.12395692968687,203.35956560659622,547.3866107281333,385.066123213221,16219.609544547608,diana,0.6691932622238776,bob,0.6455310522983638,0.023662209925513822,unknown,unknown,unknown,0,0,0,0,0,16.66590041761277,13.146861002508329,5.330814401092054,35.143575821213155
Bright_Near_20260114_210100_T1,1736899009.76,244,Bright,Near,4,4,1280,720,25.17933554388323,1,2,alice,3,1,0.8149782099816487,738.2073964711645,179.63767316829674,860.4076973938908,317.46221051176974,16842.199937907917,alice,0.9297832922790348,diana,0.84463668117994,0.08514661109909483,alice,alice,alice,1,1,1,0,0,16.66590041761277,13.146861002508329,5.330814401092054,35.143575821213155
Bright_Near_20260114_210100_T1,1736899009.76,244,Bright,Near,4,4,1280,720,25.17933554388323,1,3,bob,4,1,0.6968449609193684,1061.8750643191809,239.59956501911233,1168.946168339947,441.49257063890184,21616.907005781606,bob,0.938646005571858,alice,0.7844925555838915,0.15415344998796643,bob,bob,bob,2,1,1,0,0,16.66590041761277,13.146861002508329,5.330814401092054,35.143575821213155
Bright_Near_20260114_210100_T1,1736899009.8,245,Bright,Near,4,4,1280,720,22.98961783895108,3,0,diana,1,1,0.8865998214286979,88.95310052318011,268.64656648492337,196.65512483215053,443.94018096278967,18879.477127702445,diana,0.8563302862327872,alice,0.7631837090475841,0.09314657718520303,diana,diana,diana,2,1,1,0,0,13.886954479169951,8.277054253825254,3.721387918934111,25.885396651929316
Bright_Near_20260114_210100_T1,1736899009.8,245,Bright,Near,4,4,1280,720,22.98961783895108,3,1,chen,2,1,0.8897014053099355,403.8097202811601,209.7583339215795,515.5407158328643,393.73443129009434,20555.832516701434,chen,0.8485142716059103,alice,0.7762690180041827,0.07224525360172762,chen,chen,chen,1,1,1,0,0,13.886954479169951,8.277054253825254,3.721387918934111,25.885396651929316
Bright_Near_20260114_210100_T1,1736899009.8,245,Bright,Near,4,4,1280,720,22.98961783895108,3,2,alice,3,1,0.8160942471848777,747.6818854665815,125.30735811245282,860.033346838304,309.7967046085015,20727.647686345143,alice,0.7492037377509531,diana,0.6715318070255968,0.07767193072535628,alice,alice,alice,1,1,1,0,0,13.886954479169951,8.277054253825254,3.721387918934111,25.885396651929316
Bright_Near_20260114_210100_T1,1736899009.8,245,Bright,Near,4,4,1280,720,22.98961783895108,3,3,bob,4,1,0.706441694045879,1077.2232707950343,299.7035675491048,1196.8918232576439,450.7064220027423,18070.293010188914,bob,0.828603403128127,chen,0.658845671925073,0.16975773120305393,bob,bob,bob,2,1,1,0,0,13.886954479169951,8.277054253825254,3.721387918934111,25.885396651929316
Bright_Near_20260114_210100_T1,1736899009.84,246,Bright,Near,4,4,1280,720,25.441210667532744,0,0,diana,1,1,0.7818104834381019,100.595392667998,292.7889842047597,205.30836228784767,461.4701576672428,17663.106592217588,diana,0.8143435371255497,alice,0.6387600404536071,0.17558349667194262,diana,diana,diana,3,1,1,0,0,12.726919749832444,7.592483411733515,5.948441235091077,26.267844396657036
Bright_Near_20260114_210100_T1,1736899009.84,246,Bright,Near,4,4,1280,720,25.441210667532744,0,1,chen,2,1,0.6924144150434359,440.53950130114606,224.1665678569571,530.0871959262416,386.61652152847734,14547.018843238217,chen,0.8857413505430298,bob,0.7248317887096454,0.16090956183338445,chen,chen,chen,2,1,1,0,0,12.726919749832444,7.592483411733515,5.948441235091077,26.267844396657036
Bright_Near_20260114_210100_T1,1736899009.84,246,Bright,Near,4,4,1280,720,25.441210667532744,0,2,alice,3,1,0.8760145198825453,761.5494722024571,227.65733451906738,866.6618310881593,389.4649232939254,17007.97734173299,alice,0.9476650365037339,chen,0.8061506733906267,0.14151436311310717,alice,alice,alice,1,1,1,0,0,12.726919749832444,7.592483411733515,5.948441235091077,26.267844396657036
Bright_Near_20260114_210100_T1,1736899009.84,246,Bright,Near,4,4,1280,720,25.441210667532744,0,3,bob,4,1,0.7434866287607127,1045.2085544211948,233.94968043151968,1167.783590341429,401.960919807193,20593.983701476245,bob,0.8060189658641879,alice,0.726137166251789,0.07988179961239883,bob,bob,bob,2,1,1,0,0,12.726919749832444,7.592483411733515,5.948441235091077,26.267844396657036
Bright_Near_20260114_210100_T1,1736899009.88,247,Bright,Near,4,4,1280,720,28.440481992342054,2,0,diana,1,1,0.7322710013330576,91.29260161079247,268.35626319120996,211.09592304845597,461.6959504091265,23162.736694425377,diana,0.8531905205490715,bob,0.7554136126250879,0.09777690792398364,diana,diana,diana,3,1,1,0,0,15.42391894953085,11.200493742705408,4.2482581709461265,30.872670863182385
Bright_Near_20260114_210100_T1,1736899009.88,247,Bright,Near,4,4,1280,720,28.440481992342054,2,1,chen,2,1,0.7944224332275396,441.438172913015,217.92358599200617,530.0016800232402,349.94587748103953,11692.357150997223,chen,0.8030548672544257,bob,0.633997312868444,0.1690575543859817,chen,chen,chen,2,1,1,0,0,15.42391894953085,11.200493742705408,4.2482581709461265,30.872670863182385
Bright_Near_20260114_210100_T1,1736899009.88,247,Bright,Near,4,4,1280,720,28.440481992342054,2,2,alice,3,1,0.6467628791128514,765.5067412131826,169.97766368321828,849.4437564264405,311.49302126915273,11878.376722600204,alice,0.8819147617081904,chen,0.707048970971159,0.17486579073703135,alice,alice,alice,3,1,1,0,0,15.42391894953085,11.200493742705408,4.2482581709461265,30.872670863182385
Bright_Near_20260114_210100_T1,1736899009.88,247,Bright,Near,4,4,1280,720,28.440481992342054,2,3,bob,4,1,0.7864377276842993,1059.9739117223342,244.2211550911539,1176.259263961809,426.7296178130277,21223.060874298157,bob,0.9238751946091478,diana,0.8454184406171972,0.07845675399195062,bob,bob,bob,1,1,1,0,0,15.42391894953085,11.200493742705408,4.2482581709461265,30.872670863182385
Bright_Near_20260114_210100_T1,1736899009.92,248,Bright,Near,4,4,1280,720,27.737080187038952,0,0,diana,1,1,0.6879780861221111,125.16965114854906,253.78486165036145,223.42673700368545,452.8446259116075,19559.032347320463,bob,0.7504202248530238,diana,0.6550852077948521,0.09533501705817171,bob,bob,bob,2,0,0,1,0,16.850398553852518,15.526706793349913,10.262875812161255,42.639981159363685
Bright_Near_20260114_210100_T1,1736899009.92,248,Bright,Near,4,4,1280,720,27.737080187038952,0,1,chen,2,1,0.6201514953584275,413.37375576226043,235.97189188505092,524.5880552223695,398.74096416251484,18102.248347110002,chen,0.8779985573658827,bob,0.765340305782068,0.1126582515838147,chen,chen,chen,3,1,1,0,0,16.850398553852518,15.526706793349913,10.262875812161255,42.639981159363685
Bright_Near_20260114_210100_T1,1736899009.92,248,Bright,Near,4,4,1280,720,27.737080187038952,0,2,alice,3,1,0.7800660374795577,753.5712784457894,236.85031305414668,859.499845376361,451.9886206124131,22789.292611515724,alice,0.8032878170914522,bob,0.7250579068614373,0.07822991023001491,alice,alice,alice,2,1,1,0,0,16.850398553852518,15.526706793349913,10.262875812161255,42.639981159363685
Bright_Near_20260114_210100_T1,1736899009.92,248,Bright,Near,4,4,1280,720,27.737080187038952,0,3,bob,4,1,0.8223559065805908,1086.3542818824078,229.33822754866827,1206.1994484257905,391.3771271709489,19419.57891173869,bob,0.7927754912140154,chen,0.7132221869154542,0.07955330429856111,bob,bob,bob,2,1,1,0,0,16.850398553852518,15.526706793349913,10.262875812161255,42.639981159363685
Bright_Near_20260114_210100_T1,1736899009.96,249,Bright,Near,4,4,1280,720,25.484358347294155,1,0,diana,-1,0,-1.0,-1.0,-1.0,-1.0,-1.0,0.0,unknown,-1.0,unknown,-1.0,-1.0,unknown,unknown,unknown,0,0,0,0,1,15.690557150088964,10.657159364616737,6.544172707628734,32.891889222334434
Bright_Near_20260114_210100_T1,1736899009.96,249,Bright,Near,4,4,1280,720,25.484358347294155,1,1,chen,2,1,0.7073713858671702,422.500726155507,235.5028803665804,543.7559474537476,446.6036128525004,25597.066033800922,chen,0.8688268998971782,bob,0.7973163908359316,0.07151050906124656,chen,chen,chen,3,1,1,0,0,15.690557150088964,10.657159364616737,6.544172707628734,32.891889222334434
Bright_Near_20260114_210100_T1,1736899009.96,249,Bright,Near,4,4,1280,720,25.484358347294155,1,2,alice,3,1,0.6791277996526679,745.0666889122178,202.10328759044205,839.0513809014633,380.780324915002,16792.906318499678,alice,0.8504739103351192,diana,0.7894679360745273,0.061005974260591955,alice,alice,alice,1,1,1,0,0,15.690557150088964,10.657159364616737,6.544172707628734,32.891889222334434
Bright_Near_20260114_210100_T1,1736899009.96,249,Bright,Near,4,4,1280,720,25.484358347294155,1,3,bob,4,1,0.8216345401988571,1044.8177562488656,261.14226132338956,1167.8009019696972,400.8089279535843,17176.64601452404,bob,0.927492698549637,alice,0.7579604612948884,0.16953223725474864,bob,bob,bob,3,1,1,0,0,15.690557150088964,10.657159364616737,6.544172707628734,32.891889222334434
Bright_Near_20260114_210100_T1,1736899010.0,250,Bright,Near,4,4,1280,720,23.05857828779652,1,0,diana,1,1,0.7009625354291124,90.97381172443569,267.4235533948852,211.40231944445418,466.14984881953774,23932.311202718447,diana,0.9642552698414262,alice,0.793880124726206,0.17037514511522023,diana,diana,diana,2,1,1,0,0,10.691093875227429,6.734749043325184,8.373947188062692,25.799790106615305
Bright_Near_20260114_210100_T1,1736899010.0,250,Bright,Near,4,4,1280,720,23.05857828779652,1,1,chen,2,1,0.8565902831143786,400.94046113396394,206.6285411239219,520.3152558743016,400.0139904988988,23085.34832490582,chen,0.8347961689894735,alice,0.758124091443479,0.07667207754599448,chen,chen,chen,1,1,1,0,0,10.691093875227429,6.734749043325184,8.373947188062692,25.799790106615305
Bright_Near_20260114_210100_T1,1736899010.0,250,Bright,Near,4,4,1280,720,23.05857828779652,1,2,alice,3,1,0.7928502654597986,761.2884660178379,298.7246918394313,846.497426946494,474.4330487113231,14971.926515535395,alice,0.811438431280709,bob,0.7137079652959257,0.0977304659847833,alice,alice,alice,2,1,1,0,0,10.691093875227429,6.734749043325184,8.373947188062692,25.799790106615305
Bright_Near_20260114_210100_T1,1736899010.0,250,Bright,Near,4,4,1280,720,23.05857828779652,1,3,bob,4,1,0.7656283097117981,1085.076416393158,251.94348800459997,1187.632879317186,389.62767471776215,14120.403189873363,bob,0.9153422041030244,alice,0.7922731656213577,0.12306903848166661,bob,bob,bob,2,1,1,0,0,10.691093875227429,6.734749043325184,8.373947188062692,25.799790106615305
