trial_id,t_wall,frame_idx,lighting,distance,n_users_roster,n_users_db,cam_w,cam_h,proc_fps,drained,slot_idx,true_id,track_id,detected,det_score,bbox_x1,bbox_y1,bbox_x2,bbox_y2,bbox_area,best_id,best_sim,second_id,second_sim,margin,accepted_id,stable_id,pending_id,pending_count,is_correct_accepted,is_correct_stable,is_wrong_accepted,is_miss,lat_det_ms,lat_emb_ms,lat_match_ms,lat_total_ms
Bright_Mid_20260114_210400_T4,1736902000.04,1,Bright,Mid,4,4,1280,720,25.467641473119436,0,0,diana,1,1,0.7371020152838665,115.00927073121342,220.23343228955,212.87457879465916,404.04509541368975,17988.785037298247,diana,0.8876268048494469,chen,0.7166727756111251,0.17095402923832181,diana,diana,diana,1,1,1,0,0,18.329272407994083,7.9602070142353885,7.8048485370926795,34.09432795932215
Bright_Mid_20260114_210400_T4,1736902000.04,1,Bright,Mid,4,4,1280,720,25.467641473119436,0,1,chen,2,1,0.8860534869851519,450.1144826080412,341.32278880751244,539.9509952280468,476.01866774723305,12100.608028230963,chen,0.905912731656218,diana,0.8087123889061324,0.0972003427500856,chen,chen,chen,3,1,1,0,0,18.329272407994083,7.9602070142353885,7.8048485370926795,34.09432795932215
Bright_Mid_20260114_210400_T4,1736902000.04,1,Bright,Mid,4,4,1280,720,25.467641473119436,0,2,alice,3,1,0.7946854555177313,736.1816085304218,291.16698994735935,850.8448844186984,429.98800425242604,15917.672262352244,alice,0.8295392997421825,chen,0.7284573944979025,0.10108190524428007,alice,alice,alice,2,1,1,0,0,18.329272407994083,7.9602070142353885,7.8048485370926795,34.09432795932215
Bright_Mid_20260114_210400_T4,1736902000.04,1,Bright,Mid,4,4,1280,720,25.467641473119436,0,3,bob,4,1,0.7005558596138105,1083.159085256983,222.07559964548562,1173.2249361107247,396.966314588339,15751.681047747292,bob,0.8688247148554974,alice,0.7828003861146076,0.08602432874088983,bob,bob,bob,2,1,1,0,0,18.329272407994083,7.9602070142353885,7.8048485370926795,34.09432795932215
Bright_Mid_20260114_210400_T4,1736902000.08,2,Bright,Mid,4,4,1280,720,27.35833693382777,3,0,diana,1,1,0.7351499926814158,83.48137295299529,313.77572858374856,205.86773328797068,452.33150677650144,16957.33739639118,alice,0.7057751040813709,diana,0.6425441865952479,0.06323091748612297,alice,alice,alice,1,0,0,1,0,9.91411998750384,8.256098829316851,6.1608058309629765,24.331024647783668
Bright_Mid_20260114_210400_T4,1736902000.08,2,Bright,Mid,4,4,1280,720,27.35833693382777,3,1,chen,2,1,0.7914194896698338,426.92432641283665,241.71278674426338,540.8241733950807,400.06770214147133,18036.60063262819,chen,0.840718466990609,diana,0.7645292494686212,0.07618921752198782,chen,chen,chen,2,1,1,0,0,9.91411998750384,8.256098829316851,6.1608058309629765,24.331024647783668
Bright_Mid_20260114_210400_T4,1736902000.08,2,Bright,Mid,4,4,1280,720,27.35833693382777,3,2,alice,3,1,0.7661751825888827,728.2888362172525,201.91140628300178,847.5419130808577,388.6993205933116,22275.033502439877,alice,0.7792333369255618,bob,0.6346140692296942,0.14461926769586764,alice,alice,alice,1,1,1,0,0,9.91411998750384,8.256098829316851,6.1608058309629765,24.331024647783668
Bright_Mid_20260114_210400_T4,1736902000.08,2,Bright,Mid,4,4,1280,720,27.35833693382777,3,3,bob,4,1,0.8200723528168916,1068.6445849922554,255.7429930669137,1182.3598070241067,418.32931473273885,18488.53966757129,bob,0.8071605709340244,chen,0.6570093003896166,0.1501512705444078,bob,bob,bob,2,1,1,0,0,9.91411998750384,8.256098829316851,6.1608058309629765,24.331024647783668
Bright_Mid_20260114_210400_T4,1736902000.12,3,Bright,Mid,4,4,1280,720,22.16989556259068,0,0,diana,1,1,0.760741115281232,103.57289587910108,280.68044740417866,224.2370504660498,448.87901806740837,20295.538331811764,diana,0.8662916643695331,bob,0.804466818284721,0.06182484608481209,diana,diana,diana,2,1,1,0,0,10.661002254478758,7.376265316832269,2.8699081509125435,20.90717572222357
Bright_Mid_20260114_210400_T4,1736902000.12,3,Bright,Mid,4,4,1280,720,22.16989556259068,0,1,chen,2,1,0.6861771399074597,459.18340481444477,239.2871902765856,571.3928658458759,435.13649979599217,21976.145464550547,chen,0.8918500619422955,bob,0.7538286455520039,0.13802141639029164,chen,chen,chen,1,1,1,0,0,10.661002254478758,7.376265316832269,2.8699081509125435,20.90717572222357
Bright_Mid_20260114_210400_T4,1736902000.12,3,Bright,Mid,4,4,1280,720,22.16989556259068,0,2,alice,3,1,0.8551316963400721,740.5862871172766,229.34602427322548,825.7169551933545,394.32400856128584,14044.686020287258,alice,0.9250624437815287,bob,0.7763168038835205,0.14874563989800815,alice,alice,alice,3,1,1,0,0,10.661002254478758,7.376265316832269,2.8699081509125435,20.90717572222357
Bright_Mid_20260114_210400_T4,1736902000.12,3,Bright,Mid,4,4,1280,720,22.16989556259068,0,3,bob,4,1,0.8416894861617393,1048.6790484918715,237.26832317757822,1157.8157882455034,398.05670652769885,17547.919949089315,bob,0.83364002028829,alice,0.721680535020551,0.11195948526773902,bob,bob,bob,1,1,1,0,0,10.661002254478758,7.376265316832269,2.8699081509125435,20.90717572222357
Bright_Mid_20260114_210400_T4,1736902000.16,4,Bright,Mid,4,4,1280,720,23.324274654492836,2,0,diana,1,1,0.7693943402871816,106.22834398443752,221.00048962873308,188.0589047003832,427.80541009550217,16922.962600612267,diana,0.9118787152274858,alice,0.7495279918857134,0.16235072334177236,diana,diana,diana,1,1,1,0,0,16.807351571373708,11.310684719741582,2.5599962306697766,30.678032521785067
Bright_Mid_20260114_210400_T4,1736902000.16,4,Bright,Mid,4,4,1280,720,23.324274654492836,2,1,chen,2,1,0.7322230307241857,424.05813022992396,275.90039344100416,533.2453425768836,443.865365949211,18339.627120104815,chen,0.9787444871367574,bob,0.886517992618209,0.09222649451854847,chen,chen,chen,2,1,1,0,0,16.807351571373708,11.310684719741582,2.5599962306697766,30.678032521785067
Bright_Mid_20260114_210400_T4,1736902000.16,4,Bright,Mid,4,4,1280,720,23.324274654492836,2,2,alice,-1,0,-1.0,-1.0,-1.0,-1.0,-1.0,0.0,unknown,-1.0,unknown,-1.0,-1.0,unknown,unknown,unknown,0,0,0,0,1,16.807351571373708,11.310684719741582,2.5599962306697766,30.678032521785067
Bright_Mid_20260114_210400_T4,1736902000.16,4,Bright,Mid,4,4,1280,720,23.324274654492836,2,3,bob,4,1,0.6926242542461634,1081.5551852227372,209.53015360253227,1192.6062294299309,357.812756559015,16466.937896078103,bob,0.8762191574290249,chen,0.7209256926383932,0.15529346479063166,bob,bob,bob,2,1,1,0,0,16.807351571373708,11.310684719741582,2.5599962306697766,30.678032521785067
Bright_Mid_20260114_210400_T4,1736902000.2,5,Bright,Mid,4,4,1280,720,26.0763747969443,1,0,diana,1,1,0.7201320683480389,86.68460192945282,320.95767053003397,208.49991614399227,491.240980393924,20743.11489656155,diana,0.9671399446325187,bob,0.9031423537227758,0.06399759090974289,diana,diana,diana,2,1,1,0,0,7.883662168268975,4.652648449275633,6.523445255819169,19.059755873363777
Bright_Mid_20260114_210400_T4,1736902000.2,5,Bright,Mid,4,4,1280,720,26.0763747969443,1,1,chen,2,1,0.7404496416356201,430.62585862197625,222.830780769947,556.5273722866406,428.083254548052,25841.597132080242,chen,0.8434407893342397,diana,0.7709396620936015,0.07250112724063817,chen,chen,chen,1,1,1,0,0,7.883662168268975,4.652648449275633,6.523445255819169,19.059755873363777
Bright_Mid_20260114_210400_T4,1736902000.2,5,Bright,Mid,4,4,1280,720,26.0763747969443,1,2,alice,-1,0,-1.0,-1.0,-1.0,-1.0,-1.0,0.0,unknown,-1.0,unknown,-1.0,-1.0,unknown,unknown,unknown,0,0,0,0,1,7.883662168268975,4.652648449275633,6.523445255819169,19.059755873363777
Bright_Mid_20260114_210400_T4,1736902000.2,5,Bright,Mid,4,4,1280,720,26.0763747969443,1,3,bob,4,1,0.7780448932044054,1064.830423355249,178.89241367784808,1182.6598515345636,392.0876349681873,25120.67101520311,bob,0.7961653570094066,alice,0.6162463217694466,0.17991903523996,bob,bob,bob,2,1,1,0,0,7.883662168268975,4.652648449275633,6.523445255819169,19.059755873363777
Bright_Mid_20260114_210400_T4,1736902000.24,6,Bright,Mid,4,4,1280,720,24.935569317225124,2,0,diana,1,1,0.7112219629924859,109.79721217924856,321.693284383542,212.0796019765828,482.34554470666006,16431.89711219198,diana,0.6749011942051915,chen,0.6268435223124786,0.04805767189271282,unknown,unknown,unknown,0,0,0,0,0,16.19209542605186,12.462944824241866,9.52113969304585,38.17617994333958
Bright_Mid_20260114_210400_T4,1736902000.24,6,Bright,Mid,4,4,1280,720,24.935569317225124,2,1,chen,2,1,0.6396059605311206,430.84787703401105,272.48924610139363,531.0316933976897,455.36872980106,18321.56461165173,chen,0.8428254039612744,diana,0.7205301158246812,0.12229528813659318,chen,chen,chen,2,1,1,0,0,16.19209542605186,12.462944824241866,9.52113969304585,38.17617994333958
Bright_Mid_20260114_210400_T4,1736902000.24,6,Bright,Mid,4,4,1280,720,24.935569317225124,2,2,alice,3,1,0.7945904993444787,752.2976601469786,307.06502139031113,857.0609100880804,475.0534167491629,17599.010250184012,alice,0.8681919868321376,diana,0.730176205908236,0.13801578092390165,alice,alice,alice,2,1,1,0,0,16.19209542605186,12.462944824241866,9.52113969304585,38.17617994333958
Bright_Mid_20260114_210400_T4,1736902000.24,6,Bright,Mid,4,4,1280,720,24.935569317225124,2,3,bob,4,1,0.8194824207363807,1068.971502549565,272.2774511531895,1195.4628955621877,402.6086749382833,16485.778049616376,bob,0.7775928678397224,chen,0.6715150132587276,0.10607785458099472,bob,bob,bob,1,1,1,0,0,16.19209542605186,12.462944824241866,9.52113969304585,38.17617994333958
Bright_Mid_20260114_210400_T4,1736902000.28,7,Bright,Mid,4,4,1280,720,26.956344080646986,1,0,diana,1,1,0.9685814933387846,150.87489875443413,283.5154693526888,232.04489608316624,462.4029039365198,14520.292587313303,diana,0.8953059972202195,alice,0.8290195710583018,0.06628642616191771,diana,diana,diana,2,1,1,0,0,14.621267872204168,10.566769248094134,1.4299986673846004,26.618035787682903
Bright_Mid_20260114_210400_T4,1736902000.28,7,Bright,Mid,4,4,1280,720,26.956344080646986,1,1,chen,2,1,0.8780409598463067,422.4264435465791,222.65092980665773,537.867079931088,400.5814571531032,20540.413309104933,chen,0.9187703308211403,bob,0.7793165978449584,0.1394537329761819,chen,chen,chen,1,1,1,0,0,14.621267872204168,10.566769248094134,1.4299986673846004,26.618035787682903
Bright_Mid_20260114_210400_T4,1736902000.28,7,Bright,Mid,4,4,1280,720,26.956344080646986,1,2,alice,3,1,0.7127695055966005,771.8612110116484,244.30998279626107,865.1256486255601,412.68945786845353,15703.817048333693,alice,0.8797261127247679,diana,0.7275494744189548,0.15217663830581307,alice,alice,alice,3,1,1,0,0,14.621267872204168,10.566769248094134,1.4299986673846004,26.618035787682903
Bright_Mid_20260114_210400_T4,1736902000.28,7,Bright,Mid,4,4,1280,720,26.956344080646986,1,3,bob,4,1,0.897965694089162,1068.9289084611269,294.2504245456648,1150.441124541671,465.2097350985247,13935.272262765542,bob,0.912573387547988,alice,0.7996657153332596,0.11290767221472842,bob,bob,bob,3,1,1,0,0,14.621267872204168,10.566769248094134,1.4299986673846004,26.618035787682903
Bright_Mid_20260114_210400_T4,1736902000.32,8,Bright,Mid,4,4,1280,720,25.975662640354226,4,0,diana,1,1,0.6617356349131873,158.49161759668112,351.9263673957365,243.63282242643538,549.284815733296,16803.336074790626,diana,0.8729711646655828,chen,0.7423705009983487,0.1306006636672341,diana,diana,diana,2,1,1,0,0,7.739434891558592,6.015160424502515,7.891920005195271,21.646515321256377
Bright_Mid_20260114_210400_T4,1736902000.32,8,Bright,Mid,4,4,1280,720,25.975662640354226,4,1,chen,2,1,0.8146132995460665,443.0356481421017,288.1323574435898,546.2577879367509,495.9544678158257,21451.842929261948,chen,0.8506195993269751,bob,0.7449834966371822,0.10563610268979284,chen,chen,chen,2,1,1,0,0,7.739434891558592,6.015160424502515,7.891920005195271,21.646515321256377
Bright_Mid_20260114_210400_T4,1736902000.32,8,Bright,Mid,4,4,1280,720,25.975662640354226,4,2,alice,-1,0,-1.0,-1.0,-1.0,-1.0,-1.0,0.0,unknown,-1.0,unknown,-1.0,-1.0,unknown,unknown,unknown,0,0,0,0,1,7.739434891558592,6.015160424502515,7.891920005195271,21.646515321256377
Bright_Mid_20260114_210400_T4,1736902000.32,8,Bright,Mid,4,4,1280,720,25.975662640354226,4,3,bob,4,1,0.7604863157957608,1057.0299341825487,262.13129640327213,1171.7583224616217,436.60144280656493,20016.678699663687,bob,0.8800197969922486,chen,0.7252943772322374,0.1547254197600112,bob,bob,bob,2,1,1,0,0,7.739434891558592,6.015160424502515,7.891920005195271,21.646515321256377
Bright_Mid_20260114_210400_T4,1736902000.36,9,Bright,Mid,4,4,1280,720,26.35723239853892,3,0,diana,1,1,0.8053821744885615,96.92305389835457,252.28634920250147,189.30980299810403,383.7812890048224,12148.390011403682,diana,0.8432382391933693,bob,0.7752509882241909,0.06798725096917835,diana,diana,diana,3,1,1,0,0,11.00116095805579,8.683299648115097,8.800829620780815,28.4852902269517
Bright_Mid_20260114_210400_T4,1736902000.36,9,Bright,Mid,4,4,1280,720,26.35723239853892,3,1,chen,2,1,0.7531063872729414,407.48547666729064,187.3277317584332,529.0805139703225,391.09020745277087,24776.50583301111,alice,0.810003742644572,bob,0.7509583756632842,0.05904536698128782,unknown,unknown,unknown,0,0,0,0,0,11.00116095805579,8.683299648115097,8.800829620780815,28.4852902269517
Bright_Mid_20260114_210400_T4,1736902000.36,9,Bright,Mid,4,4,1280,720,26.35723239853892,3,2,alice,3,1,0.5505633204813423,746.2638519200898,186.82025038387124,841.574939277871,348.9877142022623,15456.357310584484,alice,0.7796960601082493,diana,0.7193171580903553,0.060378902017893976,alice,alice,alice,3,1,1,0,0,11.00116095805579,8.683299648115097,8.800829620780815,28.4852902269517
Bright_Mid_20260114_210400_T4,1736902000.36,9,Bright,Mid,4,4,1280,720,26.35723239853892,3,3,bob,4,1,0.7048557352565152,1076.5577070234735,177.0163629366774,1174.559883866552,313.00359926053284,13327.045182611968,bob,0.8065353728114596,diana,0.7448331317365586,0.061702241074900965,bob,bob,bob,1,1,1,0,0,11.00116095805579,8.683299648115097,8.800829620780815,28.4852902269517
Bright_Mid_20260114_210400_T4,1736902000.4,10,Bright,Mid,4,4,1280,720,28.041067438399732,2,0,diana,1,1,0.7026145756233246,143.3096852704207,273.2200065325878,245.76230561014802,417.6578968150167,14798.040335776885,diana,0.9207013092659728,alice,0.8369422183543744,0.08375909091159839,diana,diana,diana,2,1,1,0,0,5.334422928799322,3.2636105588869353,5.527027540883994,14.12506102857025
Bright_Mid_20260114_210400_T4,1736902000.4,10,Bright,Mid,4,4,1280,720,28.041067438399732,2,1,chen,2,1,0.728863974159034,419.6111094100714,251.16527305326204,520.360952665459,459.3401315951696,20973.58436780967,chen,0.8635502187407569,alice,0.7244678091304291,0.1390824096103278,chen,chen,chen,2,1,1,0,0,5.334422928799322,3.2636105588869353,5.527027540883994,14.12506102857025
Bright_Mid_20260114_210400_T4,1736902000.4,10,Bright,Mid,4,4,1280,720,28.041067438399732,2,2,alice,3,1,0.7664981586133196,750.0539207699508,161.05521416941787,852.1873145811426,369.60472312977623,21299.869127778955,alice,0.819831294855022,diana,0.7563959518675903,0.0634353429874317,alice,alice,alice,2,1,1,0,0,5.334422928799322,3.2636105588869353,5.527027540883994,14.12506102857025
Bright_Mid_20260114_210400_T4,1736902000.4,10,Bright,Mid,4,4,1280,720,28.041067438399732,2,3,bob,4,1,0.7815484700777172,1076.9950939410523,314.83086384682207,1158.5629296143693,464.0002647844735,12167.42518316948,bob,0.8285316056090413,alice,0.7597316254761268,0.06879998013291444,bob,bob,bob,2,1,1,0,0,5.334422928799322,3.2636105588869353,5.527027540883994,14.12506102857025
Bright_Mid_20260114_210400_T4,1736902000.44,11,Bright,Mid,4,4,1280,720,27.069331382231553,1,0,diana,1,1,0.7483050655468194,135.5096958455233,306.7379304406988,223.19967172087235,491.72068958511164,16221.133686729065,diana,0.9054750073099206,chen,0.7607614139871552,0.14471359332276534,diana,diana,diana,2,1,1,0,0,15.484005789731052,12.490409943928304,8.765729978875926,36.74014571253528
Bright_Mid_20260114_210400_T4,1736902000.44,11,Bright,Mid,4,4,1280,720,27.069331382231553,1,1,chen,2,1,0.6730829714151546,451.99620366268243,239.21321472815407,539.443094462185,417.7183118524017,15609.715735378673,chen,0.8616395773369598,alice,0.7265221057608449,0.13511747157611498,chen,chen,chen,1,1,1,0,0,15.484005789731052,12.490409943928304,8.765729978875926,36.74014571253528
Bright_Mid_20260114_210400_T4,1736902000.44,11,Bright,Mid,4,4,1280,720,27.069331382231553,1,2,alice,3,1,0.735926407952778,730.0570301880555,173.28219690518972,819.201748069325,385.9191574811782,18955.461861677133,alice,0.8478359214854979,chen,0.6995232961542129,0.14831262533128498,alice,alice,alice,2,1,1,0,0,15.484005789731052,12.490409943928304,8.765729978875926,36.74014571253528
Bright_Mid_20260114_210400_T4,1736902000.44,11,Bright,Mid,4,4,1280,720,27.069331382231553,1,3,bob,4,1,0.8030201963719632,1080.9124080333966,205.5299842627776,1166.8022902720456,363.80706639457503,13594.39994537707,bob,0.9052321565947028,alice,0.7654367738882135,0.13979538270648928,bob,bob,bob,3,1,1,0,0,15.484005789731052,12.490409943928304,8.765729978875926,36.74014571253528
Bright_Mid_20260114_210400_T4,1736902000.48,12,Bright,Mid,4,4,1280,720,27.042507693857964,1,0,diana,1,1,0.7167588779377316,94.01463178103609,206.30060338398982,213.65471104269102,400.9201361059378,23284.2963207201,diana,0.7924024314462131,bob,0.6354829401487805,0.15691949129743266,diana,diana,diana,2,1,1,0,0,13.531615005653807,6.615105978219407,8.730896652396677,28.87761763626989
Bright_Mid_20260114_210400_T4,1736902000.48,12,Bright,Mid,4,4,1280,720,27.042507693857964,1,1,chen,2,1,0.7123543974994355,424.095086942917,308.1786775786702,543.9473307134284,485.3653170730903,21236.21630956296,chen,0.8982351481305277,alice,0.7567112540719593,0.14152389405856847,chen,chen,chen,1,1,1,0,0,13.531615005653807,6.615105978219407,8.730896652396677,28.87761763626989
Bright_Mid_20260114_210400_T4,1736902000.48,12,Bright,Mid,4,4,1280,720,27.042507693857964,1,2,alice,3,1,0.7556195982844891,731.2714845641308,199.73289985207998,851.5084124264979,410.62435185981315,25356.940301843668,alice,0.8127791233613253,chen,0.7055341713917096,0.1072449519696157,alice,alice,alice,2,1,1,0,0,13.531615005653807,6.615105978219407,8.730896652396677,28.87761763626989
Bright_Mid_20260114_210400_T4,1736902000.48,12,Bright,Mid,4,4,1280,720,27.042507693857964,1,3,bob,4,1,0.7849021543445757,1070.0390887553324,238.56779720655194,1167.1212185152888,439.62857308832474,19519.408333791776,bob,0.8011084653608394,diana,0.7311199862053523,0.069988479155487,bob,bob,bob,2,1,1,0,0,13.531615005653807,6.615105978219407,8.730896652396677,28.87761763626989
Bright_Mid_20260114_210400_T4,1736902000.52,13,Bright,Mid,4,4,1280,720,23.943618648014727,1,0,diana,1,1,0.6946898904748481,91.54612447826548,253.8465997969809,209.24119018092313,390.4599459738992,16078.716754152312,diana,0.8112296961435735,alice,0.7483139253037208,0.06291577083985278,diana,diana,diana,3,1,1,0,0,10.277644532791022,7.273889366574306,9.847479200852682,27.39901310021801
Bright_Mid_20260114_210400_T4,1736902000.52,13,Bright,Mid,4,4,1280,720,23.943618648014727,1,1,chen,2,1,0.8136291820210503,461.0581629501346,153.07884838379098,585.1457919780564,366.1799876041182,26443.215108999484,chen,0.9491941291203836,alice,0.8373562809979461,0.11183784812243747,chen,chen,chen,2,1,1,0,0,10.277644532791022,7.273889366574306,9.847479200852682,27.39901310021801
Bright_Mid_20260114_210400_T4,1736902000.52,13,Bright,Mid,4,4,1280,720,23.943618648014727,1,2,alice,3,1,0.7145621015633005,764.5193102223485,245.59748650198276,864.8197140986484,429.97034294433263,18492.67196499476,alice,0.8663681878683389,bob,0.7602428202399505,0.10612536762838842,alice,alice,alice,2,1,1,0,0,10.277644532791022,7.273889366574306,9.847479200852682,27.39901310021801
Bright_Mid_20260114_210400_T4,1736902000.52,13,Bright,Mid,4,4,1280,720,23.943618648014727,1,3,bob,4,1,0.7346171844064081,1054.2243005472942,290.2548763014934,1157.4429949818946,443.2785141275626,15794.900114039985,bob,0.9260523623719239,chen,0.848283496206514,0.0777688661654099,bob,bob,bob,3,1,1,0,0,10.277644532791022,7.273889366574306,9.847479200852682,27.39901310021801
Bright_Mid_20260114_210400_T4,1736902000.56,14,Bright,Mid,4,4,1280,720,25.18372169197644,4,0,diana,1,1,0.8208285191389243,95.98458825413886,329.77663647885936,188.14718270845358,513.0063884156792,16886.92931971782,diana,0.8746880785627751,bob,0.7172459578123165,0.1574421207504586,diana,diana,diana,1,1,1,0,0,21.371777603425237,15.802888875351995,2.3676368143201234,39.542303293097355
Bright_Mid_20260114_210400_T4,1736902000.56,14,Bright,Mid,4,4,1280,720,25.18372169197644,4,1,chen,2,1,0.8299521957524473,431.19490127334467,248.97494557436585,527.0498218188816,387.6251969753922,13290.3088316641,chen,0.9039022334197938,bob,0.780034753775696,0.12386747964409783,chen,chen,chen,1,1,1,0,0,21.371777603425237,15.802888875351995,2.3676368143201234,39.542303293097355
Bright_Mid_20260114_210400_T4,1736902000.56,14,Bright,Mid,4,4,1280,720,25.18372169197644,4,2,alice,3,1,0.7002389876920948,742.2398646404539,286.0987789927115,829.7170875707221,479.3638278105024,16906.289760063068,alice,0.903296960806239,chen,0.8209253777605457,0.08237158304569325,alice,alice,alice,1,1,1,0,0,21.371777603425237,15.802888875351995,2.3676368143201234,39.542303293097355
Bright_Mid_20260114_210400_T4,1736902000.56,14,Bright,Mid,4,4,1280,720,25.18372169197644,4,3,bob,4,1,0.7077616998300214,1073.2885757580839,251.6153627604926,1157.1055016515575,423.69636933705846,14423.30097590236,bob,0.8319651498028936,chen,0.7157968485286227,0.11616830127427091,bob,bob,bob,2,1,1,0,0,21.371777603425237,15.802888875351995,2.3676368143201234,39.542303293097355
Bright_Mid_20260114_210400_T4,1736902000.6,15,Bright,Mid,4,4,1280,720,22.089427872310125,1,0,diana,1,1,0.7999148165586952,104.6580138117356,220.6094517424389,192.9437319651206,368.4864373475715,13055.425872506908,diana,0.8662598301481114,bob,0.6997018820781026,0.1665579480700088,diana,diana,diana,2,1,1,0,0,16.537667783462073,10.201334317970174,4.660769608363017,31.399771709795264
Bright_Mid_20260114_210400_T4,1736902000.6,15,Bright,Mid,4,4,1280,720,22.089427872310125,1,1,chen,2,1,0.7522378990254477,462.64191472202236,172.41245199574087,552.0294443249015,382.0460400548674,18738.62855839295,chen,0.8604730075799023,bob,0.759249328282664,0.1012236792972383,chen,chen,chen,2,1,1,0,0,16.537667783462073,10.201334317970174,4.660769608363017,31.399771709795264
Bright_Mid_20260114_210400_T4,1736902000.6,15,Bright,Mid,4,4,1280,720,22.089427872310125,1,2,alice,-1,0,-1.0,-1.0,-1.0,-1.0,-1.0,0.0,unknown,-1.0,unknown,-1.0,-1.0,unknown,unknown,unknown,0,0,0,0,1,16.537667783462073,10.201334317970174,4.660769608363017,31.399771709795264
Bright_Mid_20260114_210400_T4,1736902000.6,15,Bright,Mid,4,4,1280,720,22.089427872310125,1,3,bob,4,1,0.907395258047645,1051.20452623016,248.58352765930564,1135.891448676458,450.0828946963842,17064.36126924721,bob,0.7179819661462616,chen,0.6540161924752765,0.0639657736709851,unknown,unknown,unknown,0,0,0,0,0,16.537667783462073,10.201334317970174,4.660769608363017,31.399771709795264
Bright_Mid_20260114_210400_T4,1736902000.64,16,Bright,Mid,4,4,1280,720,23.890389292472566,1,0,diana,1,1,0.8671668860672943,81.90898759120142,245.3115443135794,195.2799659610966,401.86629491663825,17748.76524432372,diana,0.953641804272772,alice,0.8209065032067535,0.1327353010660185,diana,diana,diana,2,1,1,0,0,8.039065318958242,5.657479534972311,4.403223574861383,18.099768428791936
Bright_Mid_20260114_210400_T4,1736902000.64,16,Bright,Mid,4,4,1280,720,23.890389292472566,1,1,chen,2,1,0.7501242826437191,426.5077121985222,226.33301766958675,511.1748719736646,437.7266123050008,17898.09525243829,chen,0.9575362393454085,bob,0.7800107241652432,0.17752551518016535,chen,chen,chen,3,1,1,0,0,8.039065318958242,5.657479534972311,4.403223574861383,18.099768428791936
Bright_Mid_20260114_210400_T4,1736902000.64,16,Bright,Mid,4,4,1280,720,23.890389292472566,1,2,alice,3,1,0.6632817177259318,755.0801691477678,273.6804899011908,851.5272707485464,450.1868567737627,17023.52749894323,alice,0.8810428907514536,chen,0.769257182025318,0.11178570872613558,alice,alice,alice,1,1,1,0,0,8.039065318958242,5.657479534972311,4.403223574861383,18.099768428791936
Bright_Mid_20260114_210400_T4,1736902000.64,16,Bright,Mid,4,4,1280,720,23.890389292472566,1,3,bob,4,1,0.7946620928180093,1087.4785251387816,296.3980261491783,1185.6556076872776,480.0240361985046,18027.865946663653,bob,0.8126204888378858,alice,0.6382504989885475,0.17436998984933838,bob,bob,bob,1,1,1,0,0,8.039065318958242,5.657479534972311,4.403223574861383,18.099768428791936
Bright_Mid_20260114_210400_T4,1736902000.68,17,Bright,Mid,4,4,1280,720,24.216760007970787,2,0,diana,1,1,0.8483898629342554,98.90932769001004,255.6947374760391,220.17135690840996,426.9185403264563,20762.945784132837,bob,0.7337688077218006,diana,0.6656187242470077,0.0681500834747929,unknown,unknown,unknown,0,0,0,0,0,14.32974573078623,9.240398732609956,8.041415735433139,31.611560198829327
Bright_Mid_20260114_210400_T4,1736902000.68,17,Bright,Mid,4,4,1280,720,24.216760007970787,2,1,chen,2,1,0.7652732878172451,412.60330786766207,271.6090749585619,505.561823417579,468.59921895358593,18311.911363741812,chen,0.8078092180992097,alice,0.6402627233853284,0.16754649471388128,chen,chen,chen,2,1,1,0,0,14.32974573078623,9.240398732609956,8.041415735433139,31.611560198829327
Bright_Mid_20260114_210400_T4,1736902000.68,17,Bright,Mid,4,4,1280,720,24.216760007970787,2,2,alice,3,1,0.8832171138274532,751.7097266036351,269.3683653150852,849.6649345515611,434.408617286534,16166.552201641382,alice,0.8536394552699321,diana,0.7205724028027671,0.133067052467165,alice,alice,alice,3,1,1,0,0,14.32974573078623,9.240398732609956,8.041415735433139,31.611560198829327
Bright_Mid_20260114_210400_T4,1736902000.68,17,Bright,Mid,4,4,1280,720,24.216760007970787,2,3,bob,4,1,0.7658567973238292,1005.5384105796218,302.43711323729383,1102.7977229087894,462.9883208933036,15615.100050240904,bob,0.879617131081458,diana,0.7889166649311368,0.09070046615032124,bob,bob,bob,3,1,1,0,0,14.32974573078623,9.240398732609956,8.041415735433139,31.611560198829327
Bright_Mid_20260114_210400_T4,1736902000.72,18,Bright,Mid,4,4,1280,720,28.05138244021856,0,0,diana,1,1,0.6427554595275138,103.2971461713316,244.19146438599336,197.30552725052772,438.2233289413579,18240.62146462768,diana,0.7999276370613215,bob,0.7362894652291473,0.06363817183217424,diana,diana,diana,1,1,1,0,0,12.343447731034162,12.708234449583617,9.857708188095547,34.909390368713325
Bright_Mid_20260114_210400_T4,1736902000.72,18,Bright,Mid,4,4,1280,720,28.05138244021856,0,1,chen,2,1,0.8523080870625267,425.0522871033074,239.72298011000026,532.6516019782998,374.0927718091769,14458.097526726853,chen,0.99,diana,0.9167236850283689,0.07327631497163112,chen,chen,chen,3,1,1,0,0,12.343447731034162,12.708234449583617,9.857708188095547,34.909390368713325
Bright_Mid_20260114_210400_T4,1736902000.72,18,Bright,Mid,4,4,1280,720,28.05138244021856,0,2,alice,3,1,0.7230514521977307,745.9195342617726,254.90079048438196,832.4286478111943,460.3721714543281,17775.147027485564,alice,0.858770614004935,bob,0.758171513526155,0.10059910047878007,alice,alice,alice,2,1,1,0,0,12.343447731034162,12.708234449583617,9.857708188095547,34.909390368713325
Bright_Mid_20260114_210400_T4,1736902000.72,18,Bright,Mid,4,4,1280,720,28.05138244021856,0,3,bob,4,1,0.9045812978742317,1065.6369383843864,206.9076491782824,1148.9515246233507,415.9004601742038,17412.149575043244,bob,0.8734780893816463,chen,0.8049680095411756,0.06851007984047064,bob,bob,bob,2,1,1,0,0,12.343447731034162,12.708234449583617,9.857708188095547,34.909390368713325
Bright_Mid_20260114_210400_T4,1736902000.76,19,Bright,Mid,4,4,1280,720,23.93677159910526,1,0,diana,1,1,0.7454883862775854,120.94337525340515,188.47047351602288,232.58475977728634,396.4905594757867,23223.650405324814,diana,0.8737557710076467,chen,0.7319340438852964,0.1418217271223503,diana,diana,diana,2,1,1,0,0,12.848352046774615,6.599725064388503,6.648807417883157,26.096884529046275
Bright_Mid_20260114_210400_T4,1736902000.76,19,Bright,Mid,4,4,1280,720,23.93677159910526,1,1,chen,2,1,0.8543566013086538,411.17327999343894,248.39792356414424,493.21762594770956,442.407883328288,15917.420257463535,chen,0.8842019073215162,alice,0.8031854927661692,0.08101641455534692,chen,chen,chen,3,1,1,0,0,12.848352046774615,6.599725064388503,6.648807417883157,26.096884529046275
Bright_Mid_20260114_210400_T4,1736902000.76,19,Bright,Mid,4,4,1280,720,23.93677159910526,1,2,alice,3,1,0.7345715849791499,753.3927010970507,196.98950812950312,857.8259808879476,327.33825426804816,13612.747075879266,alice,0.9489013224565571,diana,0.8322982894858337,0.11660303297072339,alice,alice,alice,2,1,1,0,0,12.848352046774615,6.599725064388503,6.648807417883157,26.096884529046275
Bright_Mid_20260114_210400_T4,1736902000.76,19,Bright,Mid,4,4,1280,720,23.93677159910526,1,3,bob,4,1,0.7042809851141727,1057.9914081681209,245.3656304657256,1149.6661665143029,435.39128035645814,17420.55553330909,bob,0.7555899643019813,alice,0.6518989632877039,0.10369100101427742,bob,bob,bob,1,1,1,0,0,12.848352046774615,6.599725064388503,6.648807417883157,26.096884529046275
Bright_Mid_20260114_210400_T4,1736902000.8,20,Bright,Mid,4,4,1280,720,25.64594674774173,1,0,diana,1,1,0.7892908820346495,104.37807715731141,299.30976605653177,222.01443404149694,483.3010315331785,21644.06216918374,diana,0.837145199910823,alice,0.6950940486244053,0.14205115128641777,diana,diana,diana,2,1,1,0,0,7.586820595020867,4.864837105864772,8.23406286391846,20.6857205648041
Bright_Mid_20260114_210400_T4,1736902000.8,20,Bright,Mid,4,4,1280,720,25.64594674774173,1,1,chen,2,1,0.7171926436663896,415.14356759031716,239.11276755121378,532.2174707917012,417.91992287356834,20933.65159392418,chen,0.9325136663560103,diana,0.8389859686708347,0.09352769768517555,chen,chen,chen,2,1,1,0,0,7.586820595020867,4.864837105864772,8.23406286391846,20.6857205648041
Bright_Mid_20260114_210400_T4,1736902000.8,20,Bright,Mid,4,4,1280,720,25.64594674774173,1,2,alice,3,1,0.8580081398607737,726.217283045673,237.56527895738697,847.5081075193216,403.2432660478641,20095.219651338484,alice,0.7836154766039457,bob,0.6933390238707497,0.09027645273319596,alice,alice,alice,2,1,1,0,0,7.586820595020867,4.864837105864772,8.23406286391846,20.6857205648041
Bright_Mid_20260114_210400_T4,1736902000.8,20,Bright,Mid,4,4,1280,720,25.64594674774173,1,3,bob,4,1,0.8737323610236776,1047.383518643224,206.9814619053626,1152.3337630428439,418.3226966719832,22180.314240474254,bob,0.731526183675542,chen,0.7196893151596603,0.011836868515881727,unknown,unknown,unknown,0,0,0,0,0,7.586820595020867,4.864837105864772,8.23406286391846,20.6857205648041
Bright_Mid_20260114_210400_T4,1736902000.84,21,Bright,Mid,4,4,1280,720,23.51036851411415,1,0,diana,1,1,0.6163709176181105,115.53474117506462,218.98685484557365,226.57222242822886,400.211726329335,20122.75326998525,bob,0.7972904777288122,diana,0.7298010185594459,0.06748945916936633,unknown,unknown,unknown,0,0,0,0,0,18.09127886590021,10.88380741887626,13.7120931668564,42.68717945163287
Bright_Mid_20260114_210400_T4,1736902000.84,21,Bright,Mid,4,4,1280,720,23.51036851411415,1,1,chen,2,1,0.7814483091980671,415.3609726149898,175.98289791258549,539.6206987123328,363.8787563966821,23347.887910058966,bob,0.7974693742080832,diana,0.7227723275075166,0.07469704670056654,unknown,unknown,unknown,0,0,0,0,0,18.09127886590021,10.88380741887626,13.7120931668564,42.68717945163287
Bright_Mid_20260114_210400_T4,1736902000.84,21,Bright,Mid,4,4,1280,720,23.51036851411415,1,2,alice,3,1,0.7276837771419039,756.0635302318698,237.56252913760335,843.5792261327214,417.5376756492871,15750.650191827728,alice,0.7507308948363327,bob,0.623983101078259,0.12674779375807366,alice,alice,alice,1,1,1,0,0,18.09127886590021,10.88380741887626,13.7120931668564,42.68717945163287
Bright_Mid_20260114_210400_T4,1736902000.84,21,Bright,Mid,4,4,1280,720,23.51036851411415,1,3,bob,4,1,0.7763148530493763,1080.6308993571618,264.9617252866603,1198.3979138666853,405.2694807374772,16523.62547197503,bob,0.7650688613374532,diana,0.6020898432361612,0.162979018101292,bob,bob,bob,1,1,1,0,0,18.09127886590021,10.88380741887626,13.7120931668564,42.68717945163287
Bright_Mid_20260114_210400_T4,1736902000.88,22,Bright,Mid,4,4,1280,720,26.590779144057798,1,0,diana,1,1,0.7751791807691084,114.34399755190185,292.5174315501282,223.71561253739316,493.84314636830265,22019.318567772196,diana,0.7835195787040832,bob,0.6465052397291632,0.13701433897492,diana,diana,diana,2,1,1,0,0,11.829029722591832,5.359497581225147,5.663022932479411,22.85155023629639
Bright_Mid_20260114_210400_T4,1736902000.88,22,Bright,Mid,4,4,1280,720,26.590779144057798,1,1,chen,2,1,0.8268785415746173,434.7858091093694,206.51673518314618,561.7140370056864,397.6348922547198,24258.288995904797,chen,0.7695774010176203,alice,0.6763429897418304,0.09323441127578991,chen,chen,chen,1,1,1,0,0,11.829029722591832,5.359497581225147,5.663022932479411,22.85155023629639
Bright_Mid_20260114_210400_T4,1736902000.88,22,Bright,Mid,4,4,1280,720,26.590779144057798,1,2,alice,3,1,0.8509273334084078,734.0073983981104,178.99811569927112,847.2293165880903,390.32208969499743,23926.50569532558,alice,0.8874015513495898,bob,0.8197688467144799,0.06763270463510984,alice,alice,alice,2,1,1,0,0,11.829029722591832,5.359497581225147,5.663022932479411,22.85155023629639
Bright_Mid_20260114_210400_T4,1736902000.88,22,Bright,Mid,4,4,1280,720,26.590779144057798,1,3,bob,4,1,0.9018473633684604,1038.1661833882538,309.9657908274118,1166.0318290490547,453.7663003245686,18387.144993206093,bob,0.7950403040672823,chen,0.7125056624845343,0.08253464158274804,bob,bob,bob,2,1,1,0,0,11.829029722591832,5.359497581225147,5.663022932479411,22.85155023629639
Bright_Mid_20260114_210400_T4,1736902000.92,23,Bright,Mid,4,4,1280,720,23.6026985457868,1,0,diana,1,1,0.8341272002253048,112.84399979679915,160.56772153383537,211.50694661549585,340.1621747625157,17719.317987834198,diana,0.8213648976251111,bob,0.7257364428341956,0.09562845479091553,diana,diana,diana,2,1,1,0,0,12.277942812145207,7.143065359903013,5.395279204002692,24.816287376050912
Bright_Mid_20260114_210400_T4,1736902000.92,23,Bright,Mid,4,4,1280,720,23.6026985457868,1,1,chen,2,1,0.8929898761650773,429.2534349399975,262.3544851456822,541.3182567474042,413.07724731904096,16890.719485277597,diana,0.7970356421009677,chen,0.7704562137013194,0.02657942839964822,diana,diana,diana,1,0,0,1,0,12.277942812145207,7.143065359903013,5.395279204002692,24.816287376050912
Bright_Mid_20260114_210400_T4,1736902000.92,23,Bright,Mid,4,4,1280,720,23.6026985457868,1,2,alice,3,1,0.8550690880642661,727.4425741802743,156.68032543303704,852.8912470327427,371.51319784554505,26950.498729232815,alice,0.8816335472020365,bob,0.8023571459401917,0.07927640126184476,alice,alice,alice,1,1,1,0,0,12.277942812145207,7.143065359903013,5.395279204002692,24.816287376050912
Bright_Mid_20260114_210400_T4,1736902000.92,23,Bright,Mid,4,4,1280,720,23.6026985457868,1,3,bob,4,1,0.8330184755662456,1042.8702657787985,223.29808864680984,1162.7558058447871,363.31504501181206,16786.00843221425,bob,0.8050524596247023,diana,0.7531409028613947,0.05191155676330761,unknown,unknown,unknown,0,0,0,0,0,12.277942812145207,7.143065359903013,5.395279204002692,24.816287376050912
Bright_Mid_20260114_210400_T4,1736902000.96,24,Bright,Mid,4,4,1280,720,25.15628483284343,1,0,diana,1,1,0.8076735998370902,119.92517901212365,229.1746024506607,240.42119177072368,412.32036897678313,22068.33462001523,diana,0.8359358421319817,chen,0.7128113622394837,0.12312447989249797,diana,diana,diana,1,1,1,0,0,18.517985389891788,9.495001424496538,6.522961071493983,34.53594788588231
Bright_Mid_20260114_210400_T4,1736902000.96,24,Bright,Mid,4,4,1280,720,25.15628483284343,1,1,chen,2,1,0.7105445737202863,435.2754234409168,263.6495353940978,515.3094768892418,421.207054255614,12609.96688574805,chen,0.7699877682995383,bob,0.6432014146151361,0.12678635368440216,chen,chen,chen,2,1,1,0,0,18.517985389891788,9.495001424496538,6.522961071493983,34.53594788588231
Bright_Mid_20260114_210400_T4,1736902000.96,24,Bright,Mid,4,4,1280,720,25.15628483284343,1,2,alice,3,1,0.7828871591208935,772.442458599284,279.64509607298726,885.8817771580782,421.04508544560395,16040.318438650376,alice,0.9501591121436682,diana,0.7984994234435272,0.15165968870014102,alice,alice,alice,2,1,1,0,0,18.517985389891788,9.495001424496538,6.522961071493983,34.53594788588231
Bright_Mid_20260114_210400_T4,1736902000.96,24,Bright,Mid,4,4,1280,720,25.15628483284343,1,3,bob,4,1,0.7627447051254745,1094.7336224070052,236.4771352481962,1186.8687955727685,443.47602606403154,19071.878650437913,diana,0.7862375548149083,bob,0.7227419584794479,0.06349559633546042,diana,diana,diana,1,0,0,1,0,18.517985389891788,9.495001424496538,6.522961071493983,34.53594788588231
Bright_Mid_20260114_210400_T4,1736902001.0,25,Bright,Mid,4,4,1280,720,25.033376513170268,3,0,diana,1,1,0.8332587844728215,106.66756002890162,285.26757569376775,215.31857750840624,417.05747534881107,14319.10669104227,diana,0.9065395798420064,bob,0.8292974338003066,0.07724214604169977,diana,diana,diana,2,1,1,0,0,15.17471376686499,10.68487033078597,2.5073500462653158,28.366934143916275
Bright_Mid_20260114_210400_T4,1736902001.0,25,Bright,Mid,4,4,1280,720,25.033376513170268,3,1,chen,-1,0,-1.0,-1.0,-1.0,-1.0,-1.0,0.0,unknown,-1.0,unknown,-1.0,-1.0,unknown,unknown,unknown,0,0,0,0,1,15.17471376686499,10.68487033078597,2.5073500462653158,28.366934143916275
Bright_Mid_20260114_210400_T4,1736902001.0,25,Bright,Mid,4,4,1280,720,25.033376513170268,3,2,alice,3,1,0.8884070460580333,704.8182751823499,301.9074596139491,811.6624571146644,434.02146042314655,14115.612338263845,alice,0.912293673360163,bob,0.8037105140775059,0.10858315928265705,alice,alice,alice,3,1,1,0,0,15.17471376686499,10.68487033078597,2.5073500462653158,28.366934143916275
Bright_Mid_20260114_210400_T4,1736902001.0,25,Bright,Mid,4,4,1280,720,25.033376513170268,3,3,bob,4,1,0.8373458537474475,1085.4072111912412,321.332651926949,1191.2239989402285,452.4825080147772,13877.856484955944,bob,0.8523838722144046,chen,0.7824277085866881,0.0699561636277165,bob,bob,bob,1,1,1,0,0,15.17471376686499,10.68487033078597,2.5073500462653158,28.366934143916275
Bright_Mid_20260114_210400_T4,1736902001.04,26,Bright,Mid,4,4,1280,720,22.34080916656959,0,0,diana,1,1,0.8472754659149747,131.04161603466878,143.78517256358913,214.0918833205754,355.94641758143615,17620.04810644292,diana,0.8809344784081896,alice,0.8125706768980964,0.06836380151009325,diana,diana,diana,3,1,1,0,0,16.192273005325127,12.08553139365659,8.097873786395935,36.37567818537765
Bright_Mid_20260114_210400_T4,1736902001.04,26,Bright,Mid,4,4,1280,720,22.34080916656959,0,1,chen,2,1,0.8720126706643375,409.48948635421203,242.11456161261128,526.0278859594888,446.08884960376497,23770.837083114875,bob,0.8684386084493091,chen,0.8142562613473345,0.05418234710197456,bob,bob,bob,1,0,0,1,0,16.192273005325127,12.08553139365659,8.097873786395935,36.37567818537765
Bright_Mid_20260114_210400_T4,1736902001.04,26,Bright,Mid,4,4,1280,720,22.34080916656959,0,2,alice,-1,0,-1.0,-1.0,-1.0,-1.0,-1.0,0.0,unknown,-1.0,unknown,-1.0,-1.0,unknown,unknown,unknown,0,0,0,0,1,16.192273005325127,12.08553139365659,8.097873786395935,36.37567818537765
Bright_Mid_20260114_210400_T4,1736902001.04,26,Bright,Mid,4,4,1280,720,22.34080916656959,0,3,bob,4,1,0.7640162156880609,1058.3806305710048,243.60339271257732,1172.9574584670625,408.73007274076673,18919.691198637247,bob,0.8717207825579972,diana,0.7117866138601305,0.1599341686978667,bob,bob,bob,3,1,1,0,0,16.192273005325127,12.08553139365659,8.097873786395935,36.37567818537765
Bright_Mid_20260114_210400_T4,1736902001.08,27,Bright,Mid,4,4,1280,720,25.076825415712943,1,0,diana,1,1,0.7112548683927347,121.35197725856797,212.28123784152297,245.86963013483853,360.84056715961185,18498.258999561356,diana,0.9489123747073165,alice,0.8545956992788155,0.09431667542850097,diana,diana,diana,1,1,1,0,0,14.014130369373754,8.593887472817993,3.8394565941703096,26.447474436362057
Bright_Mid_20260114_210400_T4,1736902001.08,27,Bright,Mid,4,4,1280,720,25.076825415712943,1,1,chen,2,1,0.7326500752300787,428.9745548805109,249.7529964896254,549.5016522280127,422.4583359451135,20815.67326098497,chen,0.9314031245080672,diana,0.7536568807465112,0.177746243761556,chen,chen,chen,1,1,1,0,0,14.014130369373754,8.593887472817993,3.8394565941703096,26.447474436362057
Bright_Mid_20260114_210400_T4,1736902001.08,27,Bright,Mid,4,4,1280,720,25.076825415712943,1,2,alice,3,1,0.7372223351754971,756.4692563621793,209.2136149993471,846.2526153700155,346.2997742312881,12308.05584932676,bob,0.9,diana,0.8874966993392704,0.012503300660729577,unknown,unknown,unknown,0,0,0,0,0,14.014130369373754,8.593887472817993,3.8394565941703096,26.447474436362057
Bright_Mid_20260114_210400_T4,1736902001.08,27,Bright,Mid,4,4,1280,720,25.076825415712943,1,3,bob,4,1,0.9470563358307427,1080.408460494684,202.48607663982995,1184.7352936994728,386.43985444947583,19191.31509493769,bob,0.8187547170097307,alice,0.7247577061707561,0.0939970108389746,bob,bob,bob,2,1,1,0,0,14.014130369373754,8.593887472817993,3.8394565941703096,26.447474436362057
Bright_Mid_20260114_210400_T4,1736902001.12,28,Bright,Mid,4,4,1280,720,25.27964941096832,3,0,diana,1,1,0.7937699061031483,127.36006939919432,231.23649332367614,221.6103784689216,442.11379696475564,19875.251043962468,diana,0.873279044869877,bob,0.7626572612148735,0.11062178365500341,diana,diana,diana,2,1,1,0,0,11.994722624711851,10.35916987678447,8.090135064808049,30.44402756630437
Bright_Mid_20260114_210400_T4,1736902001.12,28,Bright,Mid,4,4,1280,720,25.27964941096832,3,1,chen,2,1,0.7751851147085674,419.0058658187751,209.96679359080383,535.4445488020135,371.0899000977482,18760.96231983666,chen,0.8480658838967012,alice,0.7002198300833153,0.1478460538133859,chen,chen,chen,3,1,1,0,0,11.994722624711851,10.35916987678447,8.090135064808049,30.44402756630437
Bright_Mid_20260114_210400_T4,1736902001.12,28,Bright,Mid,4,4,1280,720,25.27964941096832,3,2,alice,3,1,0.8429444885043899,733.9926868216887,323.06626989584805,847.3667762281818,461.36813726223073,15679.848275881222,alice,0.7974155320986458,chen,0.6328132226253407,0.16460230947330512,alice,alice,alice,2,1,1,0,0,11.994722624711851,10.35916987678447,8.090135064808049,30.44402756630437
Bright_Mid_20260114_210400_T4,1736902001.12,28,Bright,Mid,4,4,1280,720,25.27964941096832,3,3,bob,-1,0,-1.0,-1.0,-1.0,-1.0,-1.0,0.0,unknown,-1.0,unknown,-1.0,-1.0,unknown,unknown,unknown,0,0,0,0,1,11.994722624711851,10.35916987678447,8.090135064808049,30.44402756630437
Bright_Mid_20260114_210400_T4,1736902001.16,29,Bright,Mid,4,4,1280,720,24.750000756975716,0,0,diana,1,1,0.606208276858074,105.30698726229308,198.28506865568028,229.53290832733478,388.4944119220526,23628.930862441794,diana,0.8942843883570925,bob,0.7408668239442308,0.1534175644128617,diana,diana,diana,2,1,1,0,0,14.861443785374647,11.822802614585024,14.203127731377114,40.887374131336784
Bright_Mid_20260114_210400_T4,1736902001.16,29,Bright,Mid,4,4,1280,720,24.750000756975716,0,1,chen,2,1,0.7879371247469603,438.3963557186896,283.0418973651023,522.2669228435352,443.21513073250514,13433.819920744321,chen,0.8506040116522439,bob,0.7270109032990949,0.12359310835314896,chen,chen,chen,2,1,1,0,0,14.861443785374647,11.822802614585024,14.203127731377114,40.887374131336784
Bright_Mid_20260114_210400_T4,1736902001.16,29,Bright,Mid,4,4,1280,720,24.750000756975716,0,2,alice,3,1,0.9434260335444745,732.6613863981801,206.93336246965612,838.6860586217425,350.7467796334108,15247.770416137542,alice,0.8761343401070679,chen,0.808984559689136,0.06714978041793196,alice,alice,alice,3,1,1,0,0,14.861443785374647,11.822802614585024,14.203127731377114,40.887374131336784
Bright_Mid_20260114_210400_T4,1736902001.16,29,Bright,Mid,4,4,1280,720,24.750000756975716,0,3,bob,4,1,0.7328988451274577,1100.732782253897,152.0108050055838,1185.1259972209953,350.07332540205846,16715.132860744954,diana,0.7721297159098435,bob,0.6957896305778745,0.07634008533196901,unknown,unknown,unknown,0,0,0,0,0,14.861443785374647,11.822802614585024,14.203127731377114,40.887374131336784
Bright_Mid_20260114_210400_T4,1736902001.2,30,Bright,Mid,4,4,1280,720,24.054758256143028,2,0,diana,-1,0,-1.0,-1.0,-1.0,-1.0,-1.0,0.0,unknown,-1.0,unknown,-1.0,-1.0,unknown,unknown,unknown,0,0,0,0,1,10.797371240030913,5.326893040949836,9.933037354115852,26.0573016350966
Bright_Mid_20260114_210400_T4,1736902001.2,30,Bright,Mid,4,4,1280,720,24.054758256143028,2,1,chen,-1,0,-1.0,-1.0,-1.0,-1.0,-1.0,0.0,unknown,-1.0,unknown,-1.0,-1.0,unknown,unknown,unknown,0,0,0,0,1,10.797371240030913,5.326893040949836,9.933037354115852,26.0573016350966
Bright_Mid_20260114_210400_T4,1736902001.2,30,Bright,Mid,4,4,1280,720,24.054758256143028,2,2,alice,3,1,0.7832744777268533,716.7558460995361,308.6068926666415,827.4814296636647,476.1625087172294,18552.69336664841,alice,0.8181971100758828,chen,0.6389502923004186,0.17924681777546425,alice,alice,alice,3,1,1,0,0,10.797371240030913,5.326893040949836,9.933037354115852,26.0573016350966
Bright_Mid_20260114_210400_T4,1736902001.2,30,Bright,Mid,4,4,1280,720,24.054758256143028,2,3,bob,4,1,0.755334416546186,1072.9721819369759,180.19142874457611,1187.9451830096698,372.83049146230996,22148.291164488768,bob,0.923553639912358,chen,0.845383431318868,0.07817020859349,bob,bob,bob,2,1,1,0,0,10.797371240030913,5.326893040949836,9.933037354115852,26.0573016350966
Bright_Mid_20260114_210400_T4,1736902001.24,31,Bright,Mid,4,4,1280,720,24.108923004482794,1,0,diana,1,1,0.9190847444769323,127.48713852846777,278.53314857974857,223.63950286883568,437.80792940206624,15314.646755859732,diana,0.8609304674334028,chen,0.7831175951890431,0.07781287224435973,diana,diana,diana,1,1,1,0,0,14.150202174530401,10.058382642185318,5.779400261889071,29.98798507860479
Bright_Mid_20260114_210400_T4,1736902001.24,31,Bright,Mid,4,4,1280,720,24.108923004482794,1,1,chen,2,1,0.8008913142329227,440.6329209632049,234.2245525952705,543.8622044317018,402.68820431264345,17390.382057270825,chen,0.864936383108207,bob,0.686590031958355,0.17834635114985198,chen,chen,chen,2,1,1,0,0,14.150202174530401,10.058382642185318,5.779400261889071,29.98798507860479
Bright_Mid_20260114_210400_T4,1736902001.24,31,Bright,Mid,4,4,1280,720,24.108923004482794,1,2,alice,3,1,0.6246032379244391,754.1675443473785,346.57842624057224,837.3298600508544,515.3221435018095,14033.118287857103,alice,0.8939142943208112,bob,0.766416086289875,0.12749820803093614,alice,alice,alice,1,1,1,0,0,14.150202174530401,10.058382642185318,5.779400261889071,29.98798507860479
Bright_Mid_20260114_210400_T4,1736902001.24,31,Bright,Mid,4,4,1280,720,24.108923004482794,1,3,bob,4,1,0.6949884401640896,1031.1336540097084,282.51719951229444,1146.3042301673156,417.08269969771226,15497.986187291173,bob,0.8375340230377812,alice,0.7592471228786936,0.07828690015908768,bob,bob,bob,2,1,1,0,0,14.150202174530401,10.058382642185318,5.779400261889071,29.98798507860479
Bright_Mid_20260114_210400_T4,1736902001.28,32,Bright,Mid,4,4,1280,720,22.80109740871206,1,0,diana,1,1,0.752190641595461,113.2500572382819,247.75289118296288,208.9151274260534,408.83152044297685,15409.59837390926,diana,0.8894324011748492,alice,0.8231773517738725,0.0662550494009767,diana,diana,diana,3,1,1,0,0,17.14127894900457,13.998441430356849,4.503542131892235,35.64326251125365
Bright_Mid_20260114_210400_T4,1736902001.28,32,Bright,Mid,4,4,1280,720,22.80109740871206,1,1,chen,2,1,0.7785377598045725,423.96724822925216,238.6076981907571,517.4909399569088,371.503067272811,12428.865530063165,chen,0.8155301616052231,bob,0.7449146315811589,0.07061553002406418,chen,chen,chen,2,1,1,0,0,17.14127894900457,13.998441430356849,4.503542131892235,35.64326251125365
Bright_Mid_20260114_210400_T4,1736902001.28,32,Bright,Mid,4,4,1280,720,22.80109740871206,1,2,alice,3,1,0.9636172768995042,726.6264102965583,267.66043649010845,852.0076749189752,409.5566559986668,17791.12744712311,alice,0.7952111035543309,chen,0.7136154822178633,0.08159562133646758,alice,alice,alice,2,1,1,0,0,17.14127894900457,13.998441430356849,4.503542131892235,35.64326251125365
Bright_Mid_20260114_210400_T4,1736902001.28,32,Bright,Mid,4,4,1280,720,22.80109740871206,1,3,bob,4,1,0.7126916955375973,1047.0799049913742,256.78178984502574,1174.3791931105131,472.62459984941086,27476.63605919279,bob,0.8549655778212913,chen,0.7004902146466614,0.15447536317462995,bob,bob,bob,2,1,1,0,0,17.14127894900457,13.998441430356849,4.503542131892235,35.64326251125365
Bright_Mid_20260114_210400_T4,1736902001.32,33,Bright,Mid,4,4,1280,720,23.776385962882465,3,0,diana,1,1,0.6808438877087382,111.58956740061933,242.17055479648462,219.81363993586416,406.6213590184529,17797.53576459764,diana,0.8205198450775231,chen,0.6987346303896369,0.12178521468788617,diana,diana,diana,2,1,1,0,0,11.687772400560466,7.473136406302376,9.297733266170408,28.45864207303325
Bright_Mid_20260114_210400_T4,1736902001.32,33,Bright,Mid,4,4,1280,720,23.776385962882465,3,1,chen,2,1,0.6834972948832182,417.3992323946161,194.7217906262957,544.056721504473,410.57275272925926,27339.140881908243,chen,0.8881661603526356,diana,0.7362113032948231,0.15195485705781253,chen,chen,chen,3,1,1,0,0,11.687772400560466,7.473136406302376,9.297733266170408,28.45864207303325
Bright_Mid_20260114_210400_T4,1736902001.32,33,Bright,Mid,4,4,1280,720,23.776385962882465,3,2,alice,3,1,0.6889169698309203,743.7664971806743,228.07754097879138,840.286095760477,357.8155878418904,12522.264203753955,alice,0.8223435011322826,diana,0.6655144896482826,0.15682901148399997,alice,alice,alice,1,1,1,0,0,11.687772400560466,7.473136406302376,9.297733266170408,28.45864207303325
Bright_Mid_20260114_210400_T4,1736902001.32,33,Bright,Mid,4,4,1280,720,23.776385962882465,3,3,bob,4,1,0.7251359706011775,1093.1041209934494,284.5322534039909,1184.5344645683024,471.82645942739236,17124.373606298886,bob,0.8555265157633604,alice,0.694846206130205,0.16068030963315538,bob,bob,bob,1,1,1,0,0,11.687772400560466,7.473136406302376,9.297733266170408,28.45864207303325
Bright_Mid_20260114_210400_T4,1736902001.36,34,Bright,Mid,4,4,1280,720,26.121503325380452,2,0,diana,1,1,0.7524814278043003,109.33244739181036,256.6496377592082,232.48931338283654,449.6375357255831,23767.78468773467,diana,0.8505721963892944,chen,0.7106457878461048,0.1399264085431896,diana,diana,diana,2,1,1,0,0,11.43383239728616,8.226278780899168,3.8839449100753285,23.544056088260657
Bright_Mid_20260114_210400_T4,1736902001.36,34,Bright,Mid,4,4,1280,720,26.121503325380452,2,1,chen,2,1,0.764271708105022,403.28062077891195,246.78440277719056,520.9000070643252,425.76348981031384,21051.41037475953,chen,0.9199598408808825,alice,0.7643357130156438,0.1556241278652386,chen,chen,chen,1,1,1,0,0,11.43383239728616,8.226278780899168,3.8839449100753285,23.544056088260657
Bright_Mid_20260114_210400_T4,1736902001.36,34,Bright,Mid,4,4,1280,720,26.121503325380452,2,2,alice,-1,0,-1.0,-1.0,-1.0,-1.0,-1.0,0.0,unknown,-1.0,unknown,-1.0,-1.0,unknown,unknown,unknown,0,0,0,0,1,11.43383239728616,8.226278780899168,3.8839449100753285,23.544056088260657
Bright_Mid_20260114_210400_T4,1736902001.36,34,Bright,Mid,4,4,1280,720,26.121503325380452,2,3,bob,4,1,0.7624702327440113,1058.3555442432287,249.2491495156865,1148.652065803278,389.5294232334018,12666.8207602013,bob,0.8710011000626469,chen,0.7515154673705338,0.1194856326921131,bob,bob,bob,2,1,1,0,0,11.43383239728616,8.226278780899168,3.8839449100753285,23.544056088260657
Bright_Mid_20260114_210400_T4,1736902001.4,35,Bright,Mid,4,4,1280,720,22.428844273161083,0,0,diana,1,1,0.7832580510142967,105.48999568340787,273.25152404912575,232.97433916939008,413.84599121406694,17923.59334428401,diana,0.8851585429584629,alice,0.7076386353219489,0.17751990763651393,diana,diana,diana,2,1,1,0,0,17.02533329218271,10.907703557749903,10.74450387198191,38.677540721914525
Bright_Mid_20260114_210400_T4,1736902001.4,35,Bright,Mid,4,4,1280,720,22.428844273161083,0,1,chen,2,1,0.7138051583119129,466.6755793013172,285.58676719765845,556.3048828986308,421.8510126732026,12213.269427186413,bob,0.6368298808827411,diana,0.5568820890267062,0.07994779185603484,unknown,unknown,unknown,0,0,0,0,0,17.02533329218271,10.907703557749903,10.74450387198191,38.677540721914525
Bright_Mid_20260114_210400_T4,1736902001.4,35,Bright,Mid,4,4,1280,720,22.428844273161083,0,2,alice,3,1,0.7594769055252735,749.3451286813497,173.15986294260003,850.7724467972716,343.33182393295135,17260.08562177862,alice,0.8694031083427503,chen,0.7604945724546249,0.10890853588812532,alice,alice,alice,2,1,1,0,0,17.02533329218271,10.907703557749903,10.74450387198191,38.677540721914525
Bright_Mid_20260114_210400_T4,1736902001.4,35,Bright,Mid,4,4,1280,720,22.428844273161083,0,3,bob,4,1,0.7642305690333997,1080.4523671506365,281.5489603018616,1178.238798776568,435.3148326000362,15036.215957887169,bob,0.86551535114759,alice,0.7786947502226356,0.08682060092495447,bob,bob,bob,3,1,1,0,0,17.02533329218271,10.907703557749903,10.74450387198191,38.677540721914525
Bright_Mid_20260114_210400_T4,1736902001.44,36,Bright,Mid,4,4,1280,720,23.89297690000415,1,0,diana,1,1,0.6738155122779464,118.76130585007324,238.21153886509074,233.96439553407862,392.55019908768935,17780.29051533326,diana,0.8104053544996739,chen,0.7014842619835627,0.10892109251611115,diana,diana,diana,3,1,1,0,0,7.682189945921241,4.7902949191867235,8.167763127967547,20.640247993075512
Bright_Mid_20260114_210400_T4,1736902001.44,36,Bright,Mid,4,4,1280,720,23.89297690000415,1,1,chen,2,1,0.7753375410457062,441.6511922043002,185.05459212556576,548.5537839379402,363.77205757925543,19105.36024506671,chen,0.8471327702147329,bob,0.7116831194366778,0.13544965077805504,chen,chen,chen,2,1,1,0,0,7.682189945921241,4.7902949191867235,8.167763127967547,20.640247993075512
Bright_Mid_20260114_210400_T4,1736902001.44,36,Bright,Mid,4,4,1280,720,23.89297690000415,1,2,alice,3,1,0.99,752.7362381293938,250.72256627454357,850.5407388361382,463.81274931363174,20841.178957646796,alice,0.9276670004913844,diana,0.838273304575211,0.08939369591617341,alice,alice,alice,2,1,1,0,0,7.682189945921241,4.7902949191867235,8.167763127967547,20.640247993075512
Bright_Mid_20260114_210400_T4,1736902001.44,36,Bright,Mid,4,4,1280,720,23.89297690000415,1,3,bob,-1,0,-1.0,-1.0,-1.0,-1.0,-1.0,0.0,unknown,-1.0,unknown,-1.0,-1.0,unknown,unknown,unknown,0,0,0,0,1,7.682189945921241,4.7902949191867235,8.167763127967547,20.640247993075512
Bright_Mid_20260114_210400_T4,1736902001.48,37,Bright,Mid,4,4,1280,720,23.040329716581525,1,0,diana,1,1,0.8999324374537463,111.3464307439949,236.24751808202257,197.62021542926237,389.3899829611063,13212.180041149204,diana,0.9850109703095098,chen,0.8194864043609695,0.16552456594854026,diana,diana,diana,2,1,1,0,0,19.630271872738387,10.164324674460643,8.220790692545327,38.015387239744356
Bright_Mid_20260114_210400_T4,1736902001.48,37,Bright,Mid,4,4,1280,720,23.040329716581525,1,1,chen,2,1,0.7550041331983119,375.7449223031689,97.43969782940819,483.47835507151274,252.08029042534162,16659.961885690842,chen,0.8624944763476261,diana,0.7594100685274331,0.10308440782019301,chen,chen,chen,1,1,1,0,0,19.630271872738387,10.164324674460643,8.220790692545327,38.015387239744356
Bright_Mid_20260114_210400_T4,1736902001.48,37,Bright,Mid,4,4,1280,720,23.040329716581525,1,2,alice,3,1,0.6172094645205286,719.5031670014896,241.4733333345447,810.0289237985996,417.893485754691,15970.56781209525,alice,0.796767871151689,diana,0.7422059504933949,0.05456192065829413,unknown,unknown,unknown,0,0,0,0,0,19.630271872738387,10.164324674460643,8.220790692545327,38.015387239744356
Bright_Mid_20260114_210400_T4,1736902001.48,37,Bright,Mid,4,4,1280,720,23.040329716581525,1,3,bob,4,1,0.7975287882458035,1079.425278429706,143.77161600146053,1169.591697052258,344.3832947127857,18088.43660325827,bob,0.7969878333513452,chen,0.674408472265273,0.12257936108607215,bob,bob,bob,1,1,1,0,0,19.630271872738387,10.164324674460643,8.220790692545327,38.015387239744356
Bright_Mid_20260114_210400_T4,1736902001.52,38,Bright,Mid,4,4,1280,720,28.157244345261052,2,0,diana,1,1,0.7890590350377861,105.37248912298759,224.8077862132077,226.93419072978946,436.0676066107096,25681.103248667685,diana,0.9097347045050201,bob,0.7393301413785514,0.1704045631264688,diana,diana,diana,2,1,1,0,0,12.677762462029763,6.3708605516310834,7.0905077670066,26.139130780667447
Bright_Mid_20260114_210400_T4,1736902001.52,38,Bright,Mid,4,4,1280,720,28.157244345261052,2,1,chen,2,1,0.813543549874107,436.62865720218235,270.9573916744416,528.4739283174889,403.5647896390029,12179.362417950484,chen,0.7732175855328671,bob,0.6912060543317979,0.08201153120106919,chen,chen,chen,1,1,1,0,0,12.677762462029763,6.3708605516310834,7.0905077670066,26.139130780667447
Bright_Mid_20260114_210400_T4,1736902001.52,38,Bright,Mid,4,4,1280,720,28.157244345261052,2,2,alice,-1,0,-1.0,-1.0,-1.0,-1.0,-1.0,0.0,unknown,-1.0,unknown,-1.0,-1.0,unknown,unknown,unknown,0,0,0,0,1,12.677762462029763,6.3708605516310834,7.0905077670066,26.139130780667447
Bright_Mid_20260114_210400_T4,1736902001.52,38,Bright,Mid,4,4,1280,720,28.157244345261052,2,3,bob,4,1,0.80200608607992,1082.1956520279816,200.0373758252147,1181.8400398243614,405.2415938812818,20447.448681431626,bob,0.8938456228095927,alice,0.7406049001762852,0.15324072263330746,bob,bob,bob,3,1,1,0,0,12.677762462029763,6.3708605516310834,7.0905077670066,26.139130780667447
Bright_Mid_20260114_210400_T4,1736902001.56,39,Bright,Mid,4,4,1280,720,28.753663529773732,1,0,diana,1,1,0.8206159439704703,101.82174673799815,187.27568712285597,193.44576149290307,396.1919908765999,19141.75049767323,bob,0.6857132745798872,diana,0.618031186323996,0.06768208825589117,unknown,unknown,unknown,0,0,0,0,0,14.446186862212311,8.553312206870974,18.19306192000529,41.19256098908858
Bright_Mid_20260114_210400_T4,1736902001.56,39,Bright,Mid,4,4,1280,720,28.753663529773732,1,1,chen,2,1,0.7380786998296466,441.66938033419336,213.0291115148312,545.8395911939692,400.1356558819203,19490.92817996368,chen,0.8338960172939409,diana,0.7625443290094737,0.07135168828446725,chen,chen,chen,2,1,1,0,0,14.446186862212311,8.553312206870974,18.19306192000529,41.19256098908858
Bright_Mid_20260114_210400_T4,1736902001.56,39,Bright,Mid,4,4,1280,720,28.753663529773732,1,2,alice,3,1,0.6812122503292528,738.8139104114275,239.6245068749679,861.2388209595297,413.43136892328755,21278.289538911868,alice,0.9205236785187813,diana,0.7988623914283837,0.12166128709039759,alice,alice,alice,1,1,1,0,0,14.446186862212311,8.553312206870974,18.19306192000529,41.19256098908858
Bright_Mid_20260114_210400_T4,1736902001.56,39,Bright,Mid,4,4,1280,720,28.753663529773732,1,3,bob,4,1,0.99,1045.7734664919517,295.16128222307657,1169.0008273413287,466.65469999345135,21132.68127488293,bob,0.8791068429496003,diana,0.7406409622654379,0.13846588068416243,bob,bob,bob,2,1,1,0,0,14.446186862212311,8.553312206870974,18.19306192000529,41.19256098908858
Bright_Mid_20260114_210400_T4,1736902001.6,40,Bright,Mid,4,4,1280,720,26.567026353256683,2,0,diana,1,1,0.8401493878372144,99.7313362481364,230.00770423813987,184.26115594993877,365.8485769111434,11482.604475184484,diana,0.9060142351020197,bob,0.7734181836096825,0.13259605149233722,diana,diana,diana,1,1,1,0,0,14.359387629674655,14.239181997709188,7.699083655415855,36.2976532827997
Bright_Mid_20260114_210400_T4,1736902001.6,40,Bright,Mid,4,4,1280,720,26.567026353256683,2,1,chen,-1,0,-1.0,-1.0,-1.0,-1.0,-1.0,0.0,unknown,-1.0,unknown,-1.0,-1.0,unknown,unknown,unknown,0,0,0,0,1,14.359387629674655,14.239181997709188,7.699083655415855,36.2976532827997
Bright_Mid_20260114_210400_T4,1736902001.6,40,Bright,Mid,4,4,1280,720,26.567026353256683,2,2,alice,3,1,0.7713152196083866,747.8056447941665,262.30953820303927,872.1291681156779,459.97046784350977,24573.903195908657,alice,0.8635546010729287,chen,0.7816844870629482,0.08187011400998045,alice,alice,alice,1,1,1,0,0,14.359387629674655,14.239181997709188,7.699083655415855,36.2976532827997
Bright_Mid_20260114_210400_T4,1736902001.6,40,Bright,Mid,4,4,1280,720,26.567026353256683,2,3,bob,4,1,0.7241900368602506,1048.5121671999993,276.3212219129825,1169.737128623149,412.27913262227145,16481.49248090557,bob,0.7635143857262938,alice,0.6338691217944512,0.1296452639318426,bob,bob,bob,2,1,1,0,0,14.359387629674655,14.239181997709188,7.699083655415855,36.2976532827997
Bright_Mid_20260114_210400_T4,1736902001.64,41,Bright,Mid,4,4,1280,720,25.38029920305501,1,0,diana,1,1,0.7384945059514281,102.28530308875855,173.57808058665512,195.046577501194,359.72458461747453,17267.186941318363,diana,0.7976682668213628,bob,0.6886734376785444,0.10899482914281844,diana,diana,diana,2,1,1,0,0,18.16152106077474,15.558448598002101,10.656031008156596,44.376000666933436
Bright_Mid_20260114_210400_T4,1736902001.64,41,Bright,Mid,4,4,1280,720,25.38029920305501,1,1,chen,2,1,0.9018168579058619,426.9142092742498,245.69771827097662,544.7414604372198,426.1891414467504,21266.808251293794,alice,0.627185621393717,chen,0.5940301239707141,0.033155497423002944,unknown,unknown,unknown,0,0,0,0,0,18.16152106077474,15.558448598002101,10.656031008156596,44.376000666933436
Bright_Mid_20260114_210400_T4,1736902001.64,41,Bright,Mid,4,4,1280,720,25.38029920305501,1,2,alice,3,1,0.8919387344129979,750.2988736649291,281.28178382896016,847.2760698162089,437.6266859571338,15161.890240936526,alice,0.8670515600635241,chen,0.767412027960326,0.09963953210319809,alice,alice,alice,3,1,1,0,0,18.16152106077474,15.558448598002101,10.656031008156596,44.376000666933436
Bright_Mid_20260114_210400_T4,1736902001.64,41,Bright,Mid,4,4,1280,720,25.38029920305501,1,3,bob,4,1,0.7839132306297258,1074.4417205691389,197.40882649834387,1180.9323798726587,366.04459552070557,17958.134225347378,bob,0.8163006227554406,chen,0.7302514475954723,0.08604917515996824,bob,bob,bob,3,1,1,0,0,18.16152106077474,15.558448598002101,10.656031008156596,44.376000666933436
Bright_Mid_20260114_210400_T4,1736902001.68,42,Bright,Mid,4,4,1280,720,27.44386001577226,1,0,diana,-1,0,-1.0,-1.0,-1.0,-1.0,-1.0,0.0,unknown,-1.0,unknown,-1.0,-1.0,unknown,unknown,unknown,0,0,0,0,1,12.545141975693888,8.467521955146943,5.504885002519547,26.517548933360377
Bright_Mid_20260114_210400_T4,1736902001.68,42,Bright,Mid,4,4,1280,720,27.44386001577226,1,1,chen,2,1,0.712793886324049,409.8596893284097,231.36003315414462,530.181556619642,368.10443264470246,16453.341488322163,chen,0.8155270321401743,diana,0.6610246550490431,0.15450237709113124,chen,chen,chen,2,1,1,0,0,12.545141975693888,8.467521955146943,5.504885002519547,26.517548933360377
Bright_Mid_20260114_210400_T4,1736902001.68,42,Bright,Mid,4,4,1280,720,27.44386001577226,1,2,alice,3,1,0.8655336181816796,754.7477826060954,196.66185351649085,872.6307302610785,398.79225749281056,23827.72783142109,alice,0.8026138677459436,bob,0.721275659730656,0.08133820801528757,alice,alice,alice,1,1,1,0,0,12.545141975693888,8.467521955146943,5.504885002519547,26.517548933360377
Bright_Mid_20260114_210400_T4,1736902001.68,42,Bright,Mid,4,4,1280,720,27.44386001577226,1,3,bob,4,1,0.7357920173557645,1079.1912176203928,209.95269117542676,1182.0513299823583,368.25372608724837,16282.862238045402,bob,0.847326569593085,alice,0.7700842348174427,0.07724233477564235,bob,bob,bob,2,1,1,0,0,12.545141975693888,8.467521955146943,5.504885002519547,26.517548933360377
Bright_Mid_20260114_210400_T4,1736902001.72,43,Bright,Mid,4,4,1280,720,24.858746794262874,2,0,diana,1,1,0.7123629665279432,116.56014340029341,307.02455314598717,201.37018677944153,439.10401214874184,11201.664647518039,diana,0.8246064915676655,alice,0.704819348333347,0.1197871432343185,diana,diana,diana,2,1,1,0,0,10.741248222335253,3.9874762308406724,4.86350953854371,19.592233991719635
Bright_Mid_20260114_210400_T4,1736902001.72,43,Bright,Mid,4,4,1280,720,24.858746794262874,2,1,chen,2,1,0.7558129009172309,427.93203019254094,237.107786015619,513.01910562272,433.8928943910955,16743.869359880126,bob,0.592500934237387,diana,0.535005363004062,0.05749557123332505,unknown,unknown,unknown,0,0,0,0,0,10.741248222335253,3.9874762308406724,4.86350953854371,19.592233991719635
Bright_Mid_20260114_210400_T4,1736902001.72,43,Bright,Mid,4,4,1280,720,24.858746794262874,2,2,alice,3,1,0.7530205746657015,731.1069666309779,170.41337891854636,842.1760281460506,385.42664753522257,23881.32195854246,alice,0.8834720537234927,bob,0.74144272012633,0.14202933359716274,alice,alice,alice,3,1,1,0,0,10.741248222335253,3.9874762308406724,4.86350953854371,19.592233991719635
Bright_Mid_20260114_210400_T4,1736902001.72,43,Bright,Mid,4,4,1280,720,24.858746794262874,2,3,bob,4,1,0.7502886813467056,1074.5452023390744,227.289417976867,1170.7821282602595,394.80728732295285,16121.404782734018,bob,0.8178063406450173,chen,0.7523504837462633,0.065455856898754,bob,bob,bob,3,1,1,0,0,10.741248222335253,3.9874762308406724,4.86350953854371,19.592233991719635
Bright_Mid_20260114_210400_T4,1736902001.76,44,Bright,Mid,4,4,1280,720,25.04306064726543,0,0,diana,1,1,0.7520003879584992,99.8348235092906,129.49419766466792,218.8428684992443,338.1898264739747,24836.458782544658,diana,0.8803503048194151,bob,0.7681797835278157,0.11217052129159943,diana,diana,diana,3,1,1,0,0,18.348843190800558,8.78548901685114,8.225729582947514,35.36006179059921
Bright_Mid_20260114_210400_T4,1736902001.76,44,Bright,Mid,4,4,1280,720,25.04306064726543,0,1,chen,2,1,0.712146452391474,426.41871599793086,194.19679056761697,548.3572158431746,377.85596527021846,22395.12424605076,chen,0.8281966542105994,diana,0.6505134569169069,0.17768319729369253,chen,chen,chen,1,1,1,0,0,18.348843190800558,8.78548901685114,8.225729582947514,35.36006179059921
Bright_Mid_20260114_210400_T4,1736902001.76,44,Bright,Mid,4,4,1280,720,25.04306064726543,0,2,alice,3,1,0.8417381399658206,748.3910733296826,256.7029476442902,856.3614015074992,452.54066940614547,21144.663088223442,alice,0.9035122575049623,diana,0.7643907049777192,0.13912155252724312,alice,alice,alice,2,1,1,0,0,18.348843190800558,8.78548901685114,8.225729582947514,35.36006179059921
Bright_Mid_20260114_210400_T4,1736902001.76,44,Bright,Mid,4,4,1280,720,25.04306064726543,0,3,bob,4,1,0.7259418289105533,1057.1106667918436,241.24463661213662,1164.7463315073567,399.0681729864788,16987.441245405273,bob,0.9134130990437882,alice,0.7796894468645654,0.13372365217922277,bob,bob,bob,1,1,1,0,0,18.348843190800558,8.78548901685114,8.225729582947514,35.36006179059921
Bright_Mid_20260114_210400_T4,1736902001.8,45,Bright,Mid,4,4,1280,720,23.770785025970692,0,0,diana,1,1,0.7094284497267741,125.16036518756933,256.99959060304326,214.70761150626066,444.3574221220485,16777.37788876823,diana,0.8190827966729861,alice,0.694834870984215,0.12424792568877108,diana,diana,diana,3,1,1,0,0,17.41106553405251,8.522512463159925,10.340888225671273,36.27446622288371
Bright_Mid_20260114_210400_T4,1736902001.8,45,Bright,Mid,4,4,1280,720,23.770785025970692,0,1,chen,2,1,0.6930999096204035,437.7645866494564,269.6505187727365,525.0589777679567,452.3142175018726,15945.516360013098,chen,0.8923928988972019,alice,0.7455477957118878,0.14684510318531407,chen,chen,chen,2,1,1,0,0,17.41106553405251,8.522512463159925,10.340888225671273,36.27446622288371
Bright_Mid_20260114_210400_T4,1736902001.8,45,Bright,Mid,4,4,1280,720,23.770785025970692,0,2,alice,3,1,0.7890185706493321,761.9396673267469,252.4003005548244,865.6436219474846,388.23177207981007,14086.26075909514,alice,0.9124521928810299,diana,0.765340376590341,0.1471118162906888,alice,alice,alice,2,1,1,0,0,17.41106553405251,8.522512463159925,10.340888225671273,36.27446622288371
Bright_Mid_20260114_210400_T4,1736902001.8,45,Bright,Mid,4,4,1280,720,23.770785025970692,0,3,bob,-1,0,-1.0,-1.0,-1.0,-1.0,-1.0,0.0,unknown,-1.0,unknown,-1.0,-1.0,unknown,unknown,unknown,0,0,0,0,1,17.41106553405251,8.522512463159925,10.340888225671273,36.27446622288371
Bright_Mid_20260114_210400_T4,1736902001.84,46,Bright,Mid,4,4,1280,720,24.58868647635485,1,0,diana,1,1,0.7983869974143812,139.84868114114266,215.3829551574728,255.7176415580024,428.91431968881204,24741.6572246398,diana,0.890472107818455,chen,0.7556254255047647,0.13484668231369024,diana,diana,diana,1,1,1,0,0,15.412909635862153,7.48854745933091,9.765924048701546,32.66738114389461
Bright_Mid_20260114_210400_T4,1736902001.84,46,Bright,Mid,4,4,1280,720,24.58868647635485,1,1,chen,2,1,0.8203553563388636,412.6585126956799,295.29762935521353,500.53488017780154,442.70957699384576,12954.026481947716,chen,0.828839219938587,diana,0.7662870905628568,0.06255212937573018,chen,chen,chen,2,1,1,0,0,15.412909635862153,7.48854745933091,9.765924048701546,32.66738114389461
Bright_Mid_20260114_210400_T4,1736902001.84,46,Bright,Mid,4,4,1280,720,24.58868647635485,1,2,alice,3,1,0.6433971400502283,761.2214138292961,268.3503880125561,881.4542686305945,403.3620750331926,16232.840562030524,alice,0.8006487922927947,bob,0.6343871654515087,0.16626162684128598,alice,alice,alice,1,1,1,0,0,15.412909635862153,7.48854745933091,9.765924048701546,32.66738114389461
Bright_Mid_20260114_210400_T4,1736902001.84,46,Bright,Mid,4,4,1280,720,24.58868647635485,1,3,bob,4,1,0.8782882787033237,1077.0870489585575,218.6302113291222,1176.6649067557707,380.9222529780452,16160.693844935866,alice,0.7646024134379059,bob,0.6779830249516011,0.0866193884863048,alice,alice,alice,2,0,0,1,0,15.412909635862153,7.48854745933091,9.765924048701546,32.66738114389461
Bright_Mid_20260114_210400_T4,1736902001.88,47,Bright,Mid,4,4,1280,720,25.208818512824056,2,0,diana,1,1,0.6545947571132963,113.85961578471776,236.16240716236155,201.399583762172,424.7443727055826,16508.459224778948,diana,0.8148133210172142,chen,0.7930154951519346,0.021797825865279563,unknown,unknown,unknown,0,0,0,0,0,15.936592557774297,10.409957756260845,10.817241911581803,37.163792225616945
Bright_Mid_20260114_210400_T4,1736902001.88,47,Bright,Mid,4,4,1280,720,25.208818512824056,2,1,chen,2,1,0.6270789330494752,415.989395334357,164.55511247962176,514.986062931273,345.2984533032804,17892.988431875816,chen,0.8224887665882683,alice,0.7035933674163153,0.11889539917195302,chen,chen,chen,2,1,1,0,0,15.936592557774297,10.409957756260845,10.817241911581803,37.163792225616945
Bright_Mid_20260114_210400_T4,1736902001.88,47,Bright,Mid,4,4,1280,720,25.208818512824056,2,2,alice,3,1,0.8223995171167923,732.413182663753,217.7627268348301,819.7012532964437,413.5185413840809,17087.147367134912,alice,0.8325110436731094,bob,0.7223414632029327,0.11016958047017666,alice,alice,alice,3,1,1,0,0,15.936592557774297,10.409957756260845,10.817241911581803,37.163792225616945
Bright_Mid_20260114_210400_T4,1736902001.88,47,Bright,Mid,4,4,1280,720,25.208818512824056,2,3,bob,4,1,0.8633664414379819,1090.1056427756903,249.4418217068175,1174.3827056031337,394.4564053563666,12221.403177128592,bob,0.7592521588321532,alice,0.6526574616560796,0.10659469717607362,bob,bob,bob,2,1,1,0,0,15.936592557774297,10.409957756260845,10.817241911581803,37.163792225616945
Bright_Mid_20260114_210400_T4,1736902001.92,48,Bright,Mid,4,4,1280,720,25.829085514665483,4,0,diana,1,1,0.8208841518797414,79.91208569087044,209.58767216199888,189.7013020793735,389.2279919245859,19722.569938514553,diana,0.9297261120280323,alice,0.8629687505703998,0.06675736145763256,diana,diana,diana,3,1,1,0,0,13.26079610980764,13.070722427462957,9.66756793689381,35.99908647416441
Bright_Mid_20260114_210400_T4,1736902001.92,48,Bright,Mid,4,4,1280,720,25.829085514665483,4,1,chen,2,1,0.7756243544085603,419.06892465162724,207.64966976845108,512.789475324993,414.4176979916524,19378.413466724454,chen,0.8626192059276507,diana,0.7153812305557914,0.14723797537185934,chen,chen,chen,2,1,1,0,0,13.26079610980764,13.070722427462957,9.66756793689381,35.99908647416441
Bright_Mid_20260114_210400_T4,1736902001.92,48,Bright,Mid,4,4,1280,720,25.829085514665483,4,2,alice,3,1,0.9296802518856749,704.4570471136041,231.5013774845675,815.2677226649106,437.09259172305605,22781.701337180304,alice,0.8405923402680648,bob,0.7776598662265174,0.06293247404154745,alice,alice,alice,1,1,1,0,0,13.26079610980764,13.070722427462957,9.66756793689381,35.99908647416441
Bright_Mid_20260114_210400_T4,1736902001.92,48,Bright,Mid,4,4,1280,720,25.829085514665483,4,3,bob,4,1,0.8667634990219923,1058.779644628856,207.47524293889057,1150.4680550813976,412.96657884288766,18841.173950806777,bob,0.8333935599065406,alice,0.730345445554071,0.10304811435246963,bob,bob,bob,2,1,1,0,0,13.26079610980764,13.070722427462957,9.66756793689381,35.99908647416441
Bright_Mid_20260114_210400_T4,1736902001.96,49,Bright,Mid,4,4,1280,720,24.329388466193926,1,0,diana,1,1,0.8098843819537684,90.76214548803826,228.79796817922715,197.0326279765069,421.2545311079268,20452.451800505238,diana,0.962845170935055,alice,0.8534579505739249,0.10938722036113002,diana,diana,diana,2,1,1,0,0,8.725807746337148,6.35622615621025,8.703631958555349,23.785665861102746
Bright_Mid_20260114_210400_T4,1736902001.96,49,Bright,Mid,4,4,1280,720,24.329388466193926,1,1,chen,-1,0,-1.0,-1.0,-1.0,-1.0,-1.0,0.0,unknown,-1.0,unknown,-1.0,-1.0,unknown,unknown,unknown,0,0,0,0,1,8.725807746337148,6.35622615621025,8.703631958555349,23.785665861102746
Bright_Mid_20260114_210400_T4,1736902001.96,49,Bright,Mid,4,4,1280,720,24.329388466193926,1,2,alice,3,1,0.795850949042781,746.3351537292823,212.0993216295941,850.759253558717,359.78964141029076,15422.428696620598,alice,0.8847053573915503,diana,0.7872178242845813,0.097487533106969,alice,alice,alice,3,1,1,0,0,8.725807746337148,6.35622615621025,8.703631958555349,23.785665861102746
Bright_Mid_20260114_210400_T4,1736902001.96,49,Bright,Mid,4,4,1280,720,24.329388466193926,1,3,bob,4,1,0.7453468606468399,1071.9149480991164,206.0332509035217,1183.0565450359272,359.6231978572903,17070.231977881907,bob,0.8534719891696149,alice,0.6950598670857285,0.15841212208388633,bob,bob,bob,3,1,1,0,0,8.725807746337148,6.35622615621025,8.703631958555349,23.785665861102746
Bright_Mid_20260114_210400_T4,1736902002.0,50,Bright,Mid,4,4,1280,720,26.818122809720556,1,0,diana,1,1,0.7203942580122656,74.83998662880612,263.37619660924156,200.52528642675418,449.43837038679646,23385.280092289897,chen,0.698524020885687,diana,0.6645062294637635,0.034017791421923516,unknown,unknown,unknown,0,0,0,0,0,11.012054512113743,9.723293563619961,4.3826420119716865,25.11799008770539
Bright_Mid_20260114_210400_T4,1736902002.0,50,Bright,Mid,4,4,1280,720,26.818122809720556,1,1,chen,2,1,0.6787361391523313,409.20384539427926,201.8948251392223,536.0987255847368,411.90954719586927,26649.792993610463,chen,0.9478424789659079,alice,0.7995073523067521,0.14833512665915582,chen,chen,chen,1,1,1,0,0,11.012054512113743,9.723293563619961,4.3826420119716865,25.11799008770539
Bright_Mid_20260114_210400_T4,1736902002.0,50,Bright,Mid,4,4,1280,720,26.818122809720556,1,2,alice,3,1,0.99,746.7572764096789,251.6360075217329,842.9464932599384,400.6082132709434,14329.519803472289,alice,0.7826519060693851,chen,0.6454881856938793,0.13716372037550573,alice,alice,alice,2,1,1,0,0,11.012054512113743,9.723293563619961,4.3826420119716865,25.11799008770539
Bright_Mid_20260114_210400_T4,1736902002.0,50,Bright,Mid,4,4,1280,720,26.818122809720556,1,3,bob,4,1,0.8832274632111634,1043.794214963302,213.1258681175524,1157.1683215395726,384.96379338214615,19481.971252793275,bob,0.8412407136500126,alice,0.7795649200526409,0.06167579359737174,bob,bob,bob,3,1,1,0,0,11.012054512113743,9.723293563619961,4.3826420119716865,25.11799008770539
Bright_Mid_20260114_210400_T4,1736902002.04,51,Bright,Mid,4,4,1280,720,26.481838250835107,1,0,diana,1,1,0.8444662217311916,140.08669655245313,252.14140309023134,225.80349959843005,409.9338521492179,13525.464278131496,diana,0.9070846476793227,chen,0.7421517011012395,0.16493294657808322,diana,diana,diana,2,1,1,0,0,31.807690635881105,16.087028913805465,11.504308085196264,59.399027634882835
Bright_Mid_20260114_210400_T4,1736902002.04,51,Bright,Mid,4,4,1280,720,26.481838250835107,1,1,chen,2,1,0.6987228977763754,431.0139620989919,339.42419720553056,527.4599336081974,505.626091923115,16029.503202708118,chen,0.8335284033549843,diana,0.668157029805487,0.16537137354949738,chen,chen,chen,2,1,1,0,0,31.807690635881105,16.087028913805465,11.504308085196264,59.399027634882835
Bright_Mid_20260114_210400_T4,1736902002.04,51,Bright,Mid,4,4,1280,720,26.481838250835107,1,2,alice,3,1,0.8087291177095801,764.6562817318586,211.69990937055036,890.8200740012771,387.63883025227653,22197.121466227763,alice,0.8422881235783078,chen,0.6816152270421088,0.1606728965361991,alice,alice,alice,3,1,1,0,0,31.807690635881105,16.087028913805465,11.504308085196264,59.399027634882835
Bright_Mid_20260114_210400_T4,1736902002.04,51,Bright,Mid,4,4,1280,720,26.481838250835107,1,3,bob,4,1,0.8468053972882058,1089.2733807598179,268.97093305214594,1209.0199764210188,454.20740740217843,22181.437195699753,bob,0.9071508565361803,chen,0.8100237658005878,0.09712709073559256,bob,bob,bob,2,1,1,0,0,31.807690635881105,16.087028913805465,11.504308085196264,59.399027634882835
Bright_Mid_20260114_210400_T4,1736902002.08,52,Bright,Mid,4,4,1280,720,27.97344455803036,0,0,diana,1,1,0.782375103317137,111.85821817398944,242.3945512005338,229.59389887824756,426.41092604060395,21665.293152525574,diana,0.9374073599060126,chen,0.8474566752111798,0.0899506846948328,diana,diana,diana,1,1,1,0,0,10.082577305746224,4.2469968125343245,5.222583437768857,19.552157556049405
Bright_Mid_20260114_210400_T4,1736902002.08,52,Bright,Mid,4,4,1280,720,27.97344455803036,0,1,chen,2,1,0.6865126847204696,433.70489687345923,205.63168106889356,519.9081046428881,353.9131800754557,12782.340867225044,chen,0.8729208239763965,diana,0.7946669429737457,0.07825388100265074,chen,chen,chen,1,1,1,0,0,10.082577305746224,4.2469968125343245,5.222583437768857,19.552157556049405
Bright_Mid_20260114_210400_T4,1736902002.08,52,Bright,Mid,4,4,1280,720,27.97344455803036,0,2,alice,3,1,0.8015151297313019,757.3972754263074,183.9809032895313,854.5137471470272,327.9614191113774,13982.879693146964,alice,0.8153409805940803,bob,0.6807695137920441,0.13457146680203624,alice,alice,alice,2,1,1,0,0,10.082577305746224,4.2469968125343245,5.222583437768857,19.552157556049405
Bright_Mid_20260114_210400_T4,1736902002.08,52,Bright,Mid,4,4,1280,720,27.97344455803036,0,3,bob,4,1,0.7287471546697263,1046.3575267069127,271.8724396148955,1161.8511908195374,470.16831198684815,22901.916878646185,bob,0.8784469889050308,diana,0.8110082230019651,0.06743876590306574,bob,bob,bob,2,1,1,0,0,10.082577305746224,4.2469968125343245,5.222583437768857,19.552157556049405
Bright_Mid_20260114_210400_T4,1736902002.12,53,Bright,Mid,4,4,1280,720,25.292168681975408,1,0,diana,1,1,0.8617560551004769,114.5138212040273,303.5040054892586,197.06885708862848,461.3898082259998,13034.268110600733,diana,0.8825907183078263,bob,0.7393295400573562,0.14326117825047013,diana,diana,diana,1,1,1,0,0,17.671438098292143,10.08391061131706,16.59155318607921,44.34690189568841
Bright_Mid_20260114_210400_T4,1736902002.12,53,Bright,Mid,4,4,1280,720,25.292168681975408,1,1,chen,2,1,0.99,425.438288832484,234.18366400690735,552.2680017994032,430.6347020960089,24915.82877289407,chen,0.8866940773995788,bob,0.7647507053012981,0.12194337209828077,chen,chen,chen,2,1,1,0,0,17.671438098292143,10.08391061131706,16.59155318607921,44.34690189568841
Bright_Mid_20260114_210400_T4,1736902002.12,53,Bright,Mid,4,4,1280,720,25.292168681975408,1,2,alice,3,1,0.7633804088222448,733.1813705987264,175.42012018590185,824.2488536224058,348.0549655989995,15721.42085395279,alice,0.8781444270046411,diana,0.7258426828962006,0.15230174410844055,alice,alice,alice,1,1,1,0,0,17.671438098292143,10.08391061131706,16.59155318607921,44.34690189568841
Bright_Mid_20260114_210400_T4,1736902002.12,53,Bright,Mid,4,4,1280,720,25.292168681975408,1,3,bob,4,1,0.7358407238167972,1057.6168867018514,267.60072566977743,1147.6983569948911,473.3951561533318,18538.264876077334,bob,0.8709134738028278,chen,0.7900872374483484,0.08082623635447939,bob,bob,bob,2,1,1,0,0,17.671438098292143,10.08391061131706,16.59155318607921,44.34690189568841
Bright_Mid_20260114_210400_T4,1736902002.16,54,Bright,Mid,4,4,1280,720,24.125695369412597,2,0,diana,1,1,0.8536693022227335,111.80777349458208,243.9554447415657,232.03978248687565,449.2832766150711,24686.97772818344,diana,0.8310163082035202,chen,0.75885218795721,0.07216412024631025,diana,diana,diana,3,1,1,0,0,15.701481096945964,11.28684026458633,5.151799470987081,32.14012083251937
Bright_Mid_20260114_210400_T4,1736902002.16,54,Bright,Mid,4,4,1280,720,24.125695369412597,2,1,chen,-1,0,-1.0,-1.0,-1.0,-1.0,-1.0,0.0,unknown,-1.0,unknown,-1.0,-1.0,unknown,unknown,unknown,0,0,0,0,1,15.701481096945964,11.28684026458633,5.151799470987081,32.14012083251937
Bright_Mid_20260114_210400_T4,1736902002.16,54,Bright,Mid,4,4,1280,720,24.125695369412597,2,2,alice,3,1,0.8882190031381018,750.4532573638252,255.3760584228583,863.9342324547057,454.81610197446156,22632.650614403614,alice,0.832728669420148,chen,0.6620120850649548,0.1707165843551932,alice,alice,alice,1,1,1,0,0,15.701481096945964,11.28684026458633,5.151799470987081,32.14012083251937
Bright_Mid_20260114_210400_T4,1736902002.16,54,Bright,Mid,4,4,1280,720,24.125695369412597,2,3,bob,4,1,0.8145592141963572,1069.172517924542,238.55334308736155,1186.9877606892412,452.1068565203009,25159.859028356193,bob,0.8595213068340272,diana,0.7521360983014155,0.10738520853261169,bob,bob,bob,2,1,1,0,0,15.701481096945964,11.28684026458633,5.151799470987081,32.14012083251937
Bright_Mid_20260114_210400_T4,1736902002.2,55,Bright,Mid,4,4,1280,720,26.547184925152578,2,0,diana,1,1,0.9134598680928375,105.55991899807671,197.79669601526984,227.62076362460633,349.1948086997129,18479.781509125627,diana,0.8883439908532865,bob,0.8102382123499337,0.07810577850335287,diana,diana,diana,1,1,1,0,0,16.063244026131674,11.807059349650944,3.6493605489326963,31.519663924715314
Bright_Mid_20260114_210400_T4,1736902002.2,55,Bright,Mid,4,4,1280,720,26.547184925152578,2,1,chen,2,1,0.8195195993047799,400.2904376841591,231.65123532284554,509.96527200378387,421.61932498039937,20834.71875920784,bob,0.5770081764875576,diana,0.5079465006263864,0.06906167586117129,unknown,unknown,unknown,0,0,0,0,0,16.063244026131674,11.807059349650944,3.6493605489326963,31.519663924715314
Bright_Mid_20260114_210400_T4,1736902002.2,55,Bright,Mid,4,4,1280,720,26.547184925152578,2,2,alice,3,1,0.7910745718031617,747.2666535363999,189.1584853969273,830.8093563644122,387.1538962699333,16541.071771873747,alice,0.8625235913407917,diana,0.7728746397632675,0.08964895157752417,alice,alice,alice,2,1,1,0,0,16.063244026131674,11.807059349650944,3.6493605489326963,31.519663924715314
Bright_Mid_20260114_210400_T4,1736902002.2,55,Bright,Mid,4,4,1280,720,26.547184925152578,2,3,bob,4,1,0.9700857850433638,1101.372609278509,250.29222291146698,1194.5323330074755,454.4451013887541,19018.825757417355,bob,0.9074201579786018,alice,0.7951432428546801,0.11227691512392168,bob,bob,bob,2,1,1,0,0,16.063244026131674,11.807059349650944,3.6493605489326963,31.519663924715314
Bright_Mid_20260114_210400_T4,1736902002.24,56,Bright,Mid,4,4,1280,720,25.34520733252246,0,0,diana,1,1,0.8147653175119647,87.95552404461942,284.01130026799393,206.8568904606684,441.1460846203626,18683.54057098783,diana,0.8123821873750023,bob,0.6780826042950773,0.13429958307992507,diana,diana,diana,1,1,1,0,0,11.55987157694393,7.161838042375771,7.334220270462715,26.055929889782416
Bright_Mid_20260114_210400_T4,1736902002.24,56,Bright,Mid,4,4,1280,720,25.34520733252246,0,1,chen,2,1,0.7822174511071429,423.0967464802821,266.4243737671584,515.4232509388378,416.18451657271794,13826.83049245143,chen,0.7665485477957596,diana,0.6941492916156784,0.07239925618008125,chen,chen,chen,2,1,1,0,0,11.55987157694393,7.161838042375771,7.334220270462715,26.055929889782416
Bright_Mid_20260114_210400_T4,1736902002.24,56,Bright,Mid,4,4,1280,720,25.34520733252246,0,2,alice,3,1,0.7770896265215133,788.044407807694,253.70240939747032,874.5028984916715,411.25288915833926,13621.576686661276,alice,0.8624833145297374,diana,0.7460729363194089,0.11641037821032851,alice,alice,alice,1,1,1,0,0,11.55987157694393,7.161838042375771,7.334220270462715,26.055929889782416
Bright_Mid_20260114_210400_T4,1736902002.24,56,Bright,Mid,4,4,1280,720,25.34520733252246,0,3,bob,4,1,0.9163382421327837,1087.9162286366359,247.61515537538753,1170.3740347953062,403.0174753120609,12814.134373945886,bob,0.7156245564196627,alice,0.6578949976360389,0.05772955878362385,unknown,unknown,unknown,0,0,0,0,0,11.55987157694393,7.161838042375771,7.334220270462715,26.055929889782416
Bright_Mid_20260114_210400_T4,1736902002.28,57,Bright,Mid,4,4,1280,720,27.71049456240064,0,0,diana,1,1,0.8735757071176993,96.32863238177423,268.83994601618804,209.36110367163968,434.75805547371453,18754.133943726618,alice,0.6302314400778836,chen,0.5545245489775711,0.07570689110031248,unknown,unknown,unknown,0,0,0,0,0,9.37802247737173,7.499003138174848,2.356068830410292,19.23309444595687
Bright_Mid_20260114_210400_T4,1736902002.28,57,Bright,Mid,4,4,1280,720,27.71049456240064,0,1,chen,2,1,0.6852725440770815,426.4283300963934,291.29907903807384,515.635867672679,427.70525430293105,12168.459005577146,bob,0.7591972144072885,chen,0.746626275391409,0.012570939015879468,unknown,unknown,unknown,0,0,0,0,0,9.37802247737173,7.499003138174848,2.356068830410292,19.23309444595687
Bright_Mid_20260114_210400_T4,1736902002.28,57,Bright,Mid,4,4,1280,720,27.71049456240064,0,2,alice,3,1,0.7976538698236585,743.6526240255233,250.56125231321892,832.7154269175763,414.999739487987,14645.352571113755,alice,0.793742588812252,chen,0.645848441078271,0.14789414773398102,alice,alice,alice,3,1,1,0,0,9.37802247737173,7.499003138174848,2.356068830410292,19.23309444595687
Bright_Mid_20260114_210400_T4,1736902002.28,57,Bright,Mid,4,4,1280,720,27.71049456240064,0,3,bob,4,1,0.7083957520658113,1073.5700257461722,238.08867522323118,1165.9155676944783,382.33925072235667,13320.897570821799,bob,0.903039080681282,chen,0.8323721330410715,0.07066694764021053,bob,bob,bob,3,1,1,0,0,9.37802247737173,7.499003138174848,2.356068830410292,19.23309444595687
Bright_Mid_20260114_210400_T4,1736902002.32,58,Bright,Mid,4,4,1280,720,20.779066625338366,0,0,diana,1,1,0.9518574152336163,118.01084522143555,226.94462399916867,200.41374098348598,360.4165764771558,10998.475387200922,diana,0.9094240891540653,bob,0.815688013310184,0.09373607584388122,diana,diana,diana,3,1,1,0,0,17.930347795324,12.080223181622328,14.549985303486222,44.56055628043255
Bright_Mid_20260114_210400_T4,1736902002.32,58,Bright,Mid,4,4,1280,720,20.779066625338366,0,1,chen,2,1,0.6132531807176241,454.4280377943019,233.34786706273977,539.2496457277061,375.87951781031654,12089.763797811864,chen,0.8062198101830687,bob,0.6936159085598063,0.11260390162326239,chen,chen,chen,3,1,1,0,0,17.930347795324,12.080223181622328,14.549985303486222,44.56055628043255
Bright_Mid_20260114_210400_T4,1736902002.32,58,Bright,Mid,4,4,1280,720,20.779066625338366,0,2,alice,3,1,0.8444586666209872,743.7016010623006,272.4946317660152,837.7801599356449,439.7012548918711,15730.558137758922,alice,0.8925322818833743,chen,0.7440454436956379,0.14848683818773645,alice,alice,alice,3,1,1,0,0,17.930347795324,12.080223181622328,14.549985303486222,44.56055628043255
Bright_Mid_20260114_210400_T4,1736902002.32,58,Bright,Mid,4,4,1280,720,20.779066625338366,0,3,bob,4,1,0.9598301308563102,1119.825527655681,164.92828491752203,1203.8320725756134,366.62746806605895,16944.051489481233,bob,0.9115071146962305,chen,0.8436857914777849,0.06782132321844558,bob,bob,bob,1,1,1,0,0,17.930347795324,12.080223181622328,14.549985303486222,44.56055628043255
Bright_Mid_20260114_210400_T4,1736902002.36,59,Bright,Mid,4,4,1280,720,27.60919107359874,2,0,diana,1,1,0.7036708855764862,102.38035651153169,212.23017615246735,213.53124983829818,411.63577103394914,22164.110005431998,diana,0.88273810287589,chen,0.8015377569431776,0.08120034593271241,diana,diana,diana,3,1,1,0,0,11.609534095891402,7.013097293730005,3.4024622369630757,22.025093626584482
Bright_Mid_20260114_210400_T4,1736902002.36,59,Bright,Mid,4,4,1280,720,27.60919107359874,2,1,chen,2,1,0.7543141565082047,431.2242845095779,182.8945397048607,555.8773902163405,363.60290172192776,22525.858552609378,chen,0.8379613844865438,alice,0.7251927267405668,0.112768657745977,chen,chen,chen,2,1,1,0,0,11.609534095891402,7.013097293730005,3.4024622369630757,22.025093626584482
Bright_Mid_20260114_210400_T4,1736902002.36,59,Bright,Mid,4,4,1280,720,27.60919107359874,2,2,alice,3,1,0.7525208388950583,751.3609524850613,226.71678468583366,862.9807908142031,367.15988063094403,15676.235663837382,alice,0.8675954692694333,bob,0.7975939715243511,0.07000149774508224,alice,alice,alice,2,1,1,0,0,11.609534095891402,7.013097293730005,3.4024622369630757,22.025093626584482
Bright_Mid_20260114_210400_T4,1736902002.36,59,Bright,Mid,4,4,1280,720,27.60919107359874,2,3,bob,4,1,0.8153281510938005,1079.4918182439344,193.71412441644623,1185.5554202346914,349.98491260887306,16574.642681623445,bob,0.83897532436193,chen,0.737293310091232,0.101682014270698,bob,bob,bob,2,1,1,0,0,11.609534095891402,7.013097293730005,3.4024622369630757,22.025093626584482
Bright_Mid_20260114_210400_T4,1736902002.4,60,Bright,Mid,4,4,1280,720,21.559670781873553,0,0,diana,1,1,0.7649464335848388,117.42748224446092,186.70477587040398,230.04382845520269,401.0926469190648,24143.578709399848,diana,0.8339659744941582,alice,0.7592269745803898,0.07473899991376842,diana,diana,diana,1,1,1,0,0,10.011862547839765,7.682975253233848,10.647314742689055,28.34215254376267
Bright_Mid_20260114_210400_T4,1736902002.4,60,Bright,Mid,4,4,1280,720,21.559670781873553,0,1,chen,2,1,0.9382010527472815,416.8091327570231,339.3839198121689,529.6065577470259,490.44685822200535,17039.51046405294,chen,0.8637812991809891,alice,0.7672074741759407,0.09657382500504841,chen,chen,chen,2,1,1,0,0,10.011862547839765,7.682975253233848,10.647314742689055,28.34215254376267
Bright_Mid_20260114_210400_T4,1736902002.4,60,Bright,Mid,4,4,1280,720,21.559670781873553,0,2,alice,3,1,0.8387533221529286,739.1052039323059,253.43785061753925,855.5433542831078,386.14268780115145,15451.905784264114,alice,0.9267420679688775,diana,0.8176589203528047,0.10908314761607274,alice,alice,alice,2,1,1,0,0,10.011862547839765,7.682975253233848,10.647314742689055,28.34215254376267
Bright_Mid_20260114_210400_T4,1736902002.4,60,Bright,Mid,4,4,1280,720,21.559670781873553,0,3,bob,4,1,0.8082666488845701,1088.9428684709353,239.61117689717184,1213.9946519034331,413.7950593385988,21782.00514449698,bob,0.8789037259883064,chen,0.7642506857880891,0.11465304020021727,bob,bob,bob,3,1,1,0,0,10.011862547839765,7.682975253233848,10.647314742689055,28.34215254376267
Bright_Mid_20260114_210400_T4,1736902002.44,61,Bright,Mid,4,4,1280,720,29.232993697369547,3,0,diana,1,1,0.7812888354188692,91.38574162315993,221.345667222756,187.15103833902756,355.7311081599985,12869.461625647733,diana,0.8798601555301755,alice,0.7720314062904395,0.10782874923973595,diana,diana,diana,1,1,1,0,0,10.325645842749774,8.58435454380416,3.6410014788449327,22.551001865398867
Bright_Mid_20260114_210400_T4,1736902002.44,61,Bright,Mid,4,4,1280,720,29.232993697369547,3,1,chen,2,1,0.6849557769607777,418.7063324169135,166.02463006283406,505.41313358439936,306.63019828424115,12191.459046814914,chen,0.8179940369211287,alice,0.700033825479544,0.11796021144158475,chen,chen,chen,2,1,1,0,0,10.325645842749774,8.58435454380416,3.6410014788449327,22.551001865398867
Bright_Mid_20260114_210400_T4,1736902002.44,61,Bright,Mid,4,4,1280,720,29.232993697369547,3,2,alice,3,1,0.6512796101373785,750.5743860515788,252.87497413322225,857.3411079774235,443.6560722861234,20369.07245519807,alice,0.8423658270540617,bob,0.7624326557265038,0.07993317132755795,alice,alice,alice,2,1,1,0,0,10.325645842749774,8.58435454380416,3.6410014788449327,22.551001865398867
Bright_Mid_20260114_210400_T4,1736902002.44,61,Bright,Mid,4,4,1280,720,29.232993697369547,3,3,bob,4,1,0.7909243564054802,1046.5905650890456,317.92315953580436,1142.3699050624539,480.53125638843295,15574.49619087681,bob,0.9008788523565765,chen,0.8074963522911867,0.09338250006538984,bob,bob,bob,2,1,1,0,0,10.325645842749774,8.58435454380416,3.6410014788449327,22.551001865398867
Bright_Mid_20260114_210400_T4,1736902002.48,62,Bright,Mid,4,4,1280,720,24.74485661193594,3,0,diana,1,1,0.9145361316021718,83.11583060534866,296.2731894171142,189.96864776320223,440.63825330548576,15425.813775646013,diana,0.9453205719018063,alice,0.7952383017427258,0.1500822701590805,diana,diana,diana,3,1,1,0,0,12.918517975772845,6.386337137927663,10.443449829064319,29.74830494276483
Bright_Mid_20260114_210400_T4,1736902002.48,62,Bright,Mid,4,4,1280,720,24.74485661193594,3,1,chen,2,1,0.652053385233208,452.7855653476431,218.51375187969404,549.1503681957696,381.96554970296427,15751.000272411266,chen,0.8869456214030196,diana,0.7552828313923652,0.1316627900106544,chen,chen,chen,2,1,1,0,0,12.918517975772845,6.386337137927663,10.443449829064319,29.74830494276483
Bright_Mid_20260114_210400_T4,1736902002.48,62,Bright,Mid,4,4,1280,720,24.74485661193594,3,2,alice,3,1,0.8177433128037375,756.538039207113,213.97348592212182,841.7073937525648,423.1672682300179,17816.899414085266,alice,0.8399084640813911,chen,0.6759223697165484,0.16398609436484268,alice,alice,alice,1,1,1,0,0,12.918517975772845,6.386337137927663,10.443449829064319,29.74830494276483
Bright_Mid_20260114_210400_T4,1736902002.48,62,Bright,Mid,4,4,1280,720,24.74485661193594,3,3,bob,4,1,0.7629365502607521,1089.5917213234402,283.2617058926612,1200.4640753478302,432.85085189499364,16585.300753776766,bob,0.7422779759464925,chen,0.6759353695408841,0.0663426064056084,bob,bob,bob,3,1,1,0,0,12.918517975772845,6.386337137927663,10.443449829064319,29.74830494276483
Bright_Mid_20260114_210400_T4,1736902002.52,63,Bright,Mid,4,4,1280,720,24.596346439492944,3,0,diana,1,1,0.8112534147596933,98.75737904961036,227.91787279117975,197.45463376253198,388.0821513844294,15807.774600229299,diana,0.8100105768606526,bob,0.7204329179450761,0.08957765891557645,diana,diana,diana,3,1,1,0,0,10.06453598745391,7.10351879268384,5.285130953095964,22.453185733233713
Bright_Mid_20260114_210400_T4,1736902002.52,63,Bright,Mid,4,4,1280,720,24.596346439492944,3,1,chen,2,1,0.7047564304346267,434.60118577193134,289.6410639938631,530.6519157119034,479.88403034088253,18272.975783576752,chen,0.8520006270404311,diana,0.7531848320161867,0.09881579502424442,chen,chen,chen,3,1,1,0,0,10.06453598745391,7.10351879268384,5.285130953095964,22.453185733233713
Bright_Mid_20260114_210400_T4,1736902002.52,63,Bright,Mid,4,4,1280,720,24.596346439492944,3,2,alice,3,1,0.6446257621049296,739.8667358581106,272.0394659532713,846.9050974067379,450.5979167266726,19112.604011446107,alice,0.8892909834968058,chen,0.7438739671114235,0.1454170163853823,alice,alice,alice,1,1,1,0,0,10.06453598745391,7.10351879268384,5.285130953095964,22.453185733233713
Bright_Mid_20260114_210400_T4,1736902002.52,63,Bright,Mid,4,4,1280,720,24.596346439492944,3,3,bob,4,1,0.6527578992046621,1056.4554588752765,207.95066515250764,1166.366852507522,420.42164594581004,23352.981605401947,bob,0.7739634653949854,diana,0.7112951443950483,0.06266832099993713,bob,bob,bob,3,1,1,0,0,10.06453598745391,7.10351879268384,5.285130953095964,22.453185733233713
Bright_Mid_20260114_210400_T4,1736902002.56,64,Bright,Mid,4,4,1280,720,25.27962519861627,0,0,diana,1,1,0.7671905825263856,88.42212628093256,199.0735283183453,178.1143490040625,368.70865384674744,15214.951460559549,diana,0.88235025471768,alice,0.7147887001720628,0.16756155454561728,diana,diana,diana,2,1,1,0,0,14.821792072436903,7.644394879460047,15.158984387812495,37.625171339709446
Bright_Mid_20260114_210400_T4,1736902002.56,64,Bright,Mid,4,4,1280,720,25.27962519861627,0,1,chen,2,1,0.8579573985721879,429.04598604573164,197.57543389539882,516.5221277704649,402.94530096256466,17964.96359755702,chen,0.9431657025999747,alice,0.8324004414855068,0.11076526111446783,chen,chen,chen,3,1,1,0,0,14.821792072436903,7.644394879460047,15.158984387812495,37.625171339709446
Bright_Mid_20260114_210400_T4,1736902002.56,64,Bright,Mid,4,4,1280,720,25.27962519861627,0,2,alice,3,1,0.834947497758919,761.5686591377454,203.79211692694838,844.668847327743,362.1126091567416,13156.462698628877,alice,0.824284637894386,bob,0.7254549503240232,0.09882968757036281,alice,alice,alice,2,1,1,0,0,14.821792072436903,7.644394879460047,15.158984387812495,37.625171339709446
Bright_Mid_20260114_210400_T4,1736902002.56,64,Bright,Mid,4,4,1280,720,25.27962519861627,0,3,bob,4,1,0.6752299119851923,1022.7035887785896,224.4409939410648,1147.672912032191,397.15685466355615,21584.184229653034,bob,0.7203078484986136,diana,0.5864362381745032,0.13387161032411043,bob,bob,bob,2,1,1,0,0,14.821792072436903,7.644394879460047,15.158984387812495,37.625171339709446
Bright_Mid_20260114_210400_T4,1736902002.6,65,Bright,Mid,4,4,1280,720,25.209228904239087,2,0,diana,1,1,0.761286986017337,132.09339489677967,282.6583353448479,213.47716933318787,446.9313215876221,13369.155658377123,alice,0.8772810440671395,diana,0.7893442262209329,0.08793681784620655,alice,alice,alice,1,0,0,1,0,12.441026902215711,11.605345655868401,5.733706613908613,29.780079171992725
Bright_Mid_20260114_210400_T4,1736902002.6,65,Bright,Mid,4,4,1280,720,25.209228904239087,2,1,chen,-1,0,-1.0,-1.0,-1.0,-1.0,-1.0,0.0,unknown,-1.0,unknown,-1.0,-1.0,unknown,unknown,unknown,0,0,0,0,1,12.441026902215711,11.605345655868401,5.733706613908613,29.780079171992725
Bright_Mid_20260114_210400_T4,1736902002.6,65,Bright,Mid,4,4,1280,720,25.209228904239087,2,2,alice,3,1,0.7991369966152222,742.1228235277991,197.29029773526176,844.768673400631,405.94415816425897,21417.452832981653,alice,0.8931465844489975,bob,0.8122826387098218,0.08086394573917577,alice,alice,alice,2,1,1,0,0,12.441026902215711,11.605345655868401,5.733706613908613,29.780079171992725
Bright_Mid_20260114_210400_T4,1736902002.6,65,Bright,Mid,4,4,1280,720,25.209228904239087,2,3,bob,4,1,0.681882194735231,1051.9055606376562,283.3860284684578,1135.9554421942241,457.72270211621964,14652.976771060417,bob,0.810467296586723,alice,0.6844646797839173,0.12600261680280567,bob,bob,bob,2,1,1,0,0,12.441026902215711,11.605345655868401,5.733706613908613,29.780079171992725
Bright_Mid_20260114_210400_T4,1736902002.64,66,Bright,Mid,4,4,1280,720,19.352139596404093,1,0,diana,1,1,0.7165722077716223,103.9094777414089,267.04081481154753,213.4576693419549,467.433837303714,21952.693223384373,chen,0.7609707457870982,bob,0.6958950274821611,0.06507571830493708,unknown,unknown,unknown,0,0,0,0,0,10.887643191683232,7.032223189079055,2.1410860594007914,20.060952440163078
Bright_Mid_20260114_210400_T4,1736902002.64,66,Bright,Mid,4,4,1280,720,19.352139596404093,1,1,chen,2,1,0.72467829170699,439.1588608296647,151.16699882748702,524.4420680275948,320.39370377952486,14432.196141847626,diana,0.6081731861582631,chen,0.5377987785420537,0.07037440761620939,unknown,unknown,unknown,0,0,0,0,0,10.887643191683232,7.032223189079055,2.1410860594007914,20.060952440163078
Bright_Mid_20260114_210400_T4,1736902002.64,66,Bright,Mid,4,4,1280,720,19.352139596404093,1,2,alice,3,1,0.7324697249634875,755.8510587721662,220.1313520209782,864.6490851636906,405.47248075630773,20164.749015581314,alice,0.8703714023160384,bob,0.7297038138943983,0.14066758842164007,alice,alice,alice,2,1,1,0,0,10.887643191683232,7.032223189079055,2.1410860594007914,20.060952440163078
Bright_Mid_20260114_210400_T4,1736902002.64,66,Bright,Mid,4,4,1280,720,19.352139596404093,1,3,bob,4,1,0.6438394488537289,1081.6581514461966,230.7123481486527,1194.4698682477522,390.55390570505983,18032.00052417295,bob,0.829619636367601,diana,0.688798695864933,0.14082094050266802,bob,bob,bob,1,1,1,0,0,10.887643191683232,7.032223189079055,2.1410860594007914,20.060952440163078
Bright_Mid_20260114_210400_T4,1736902002.68,67,Bright,Mid,4,4,1280,720,27.205921667328965,1,0,diana,1,1,0.796857329336355,119.91308643977904,256.80890948570783,211.6500760777247,446.3587698779881,17388.73357868066,bob,0.7029440712271781,chen,0.6830117882540605,0.019932282973117554,unknown,unknown,unknown,0,0,0,0,0,12.569480960856389,7.167200458113481,10.944773372865722,30.68145479183559
Bright_Mid_20260114_210400_T4,1736902002.68,67,Bright,Mid,4,4,1280,720,27.205921667328965,1,1,chen,2,1,0.713105728188575,431.01711339250795,151.24636511383488,526.4725341179819,349.84686897993373,18957.494652829584,chen,0.9304434012027003,alice,0.7547175857542129,0.17572581544848742,chen,chen,chen,1,1,1,0,0,12.569480960856389,7.167200458113481,10.944773372865722,30.68145479183559
Bright_Mid_20260114_210400_T4,1736902002.68,67,Bright,Mid,4,4,1280,720,27.205921667328965,1,2,alice,3,1,0.8456353632322346,770.950594301294,183.49848577010587,862.0916747369059,366.6087763541112,16688.8697227051,alice,0.8420421421176267,chen,0.7287149817175899,0.11332716040003687,alice,alice,alice,2,1,1,0,0,12.569480960856389,7.167200458113481,10.944773372865722,30.68145479183559
Bright_Mid_20260114_210400_T4,1736902002.68,67,Bright,Mid,4,4,1280,720,27.205921667328965,1,3,bob,4,1,0.8299901049578255,1027.6497875621333,195.50383713960133,1139.6532707999966,378.1353088592586,20455.360981458936,diana,0.8073171132751343,bob,0.7154371807942054,0.09187993248092896,diana,diana,diana,1,0,0,1,0,12.569480960856389,7.167200458113481,10.944773372865722,30.68145479183559
Bright_Mid_20260114_210400_T4,1736902002.72,68,Bright,Mid,4,4,1280,720,22.994226814048282,0,0,diana,1,1,0.871112343422329,92.54606012752805,239.28779041384902,218.362088699246,415.22328859495224,22135.50566593311,bob,0.82502994630622,diana,0.7621431164445572,0.06288682986166272,unknown,unknown,unknown,0,0,0,0,0,16.205823505536102,9.591335408781134,7.415690339963959,33.212849254281195
Bright_Mid_20260114_210400_T4,1736902002.72,68,Bright,Mid,4,4,1280,720,22.994226814048282,0,1,chen,2,1,0.793806347093439,475.89847169084544,284.68831804705434,556.4293304172946,480.81219914728723,15794.024561765775,chen,0.7864990047322514,diana,0.7144388339172347,0.0720601708150167,chen,chen,chen,3,1,1,0,0,16.205823505536102,9.591335408781134,7.415690339963959,33.212849254281195
Bright_Mid_20260114_210400_T4,1736902002.72,68,Bright,Mid,4,4,1280,720,22.994226814048282,0,2,alice,3,1,0.7686463642192501,738.9344575868156,240.47660421428668,851.4946090931808,380.4247896771135,15752.588958736678,alice,0.9025024922584086,chen,0.8232530829524279,0.07924940930598068,alice,alice,alice,1,1,1,0,0,16.205823505536102,9.591335408781134,7.415690339963959,33.212849254281195
Bright_Mid_20260114_210400_T4,1736902002.72,68,Bright,Mid,4,4,1280,720,22.994226814048282,0,3,bob,4,1,0.8827997261167756,1079.34098068777,233.45108184249565,1181.716736230702,444.1479339127678,21570.249421211487,bob,0.8757856103178124,chen,0.8099838027555042,0.06580180756230825,bob,bob,bob,3,1,1,0,0,16.205823505536102,9.591335408781134,7.415690339963959,33.212849254281195
Bright_Mid_20260114_210400_T4,1736902002.76,69,Bright,Mid,4,4,1280,720,26.16064511398767,1,0,diana,1,1,0.6663881126102211,98.52896838532443,229.4676850568777,210.77076179687975,433.6277282034272,22915.289385749227,diana,0.8897451839105147,alice,0.7737158945781063,0.11602928933240841,diana,diana,diana,1,1,1,0,0,9.246140090998786,7.3488289710424395,7.314245687663861,23.909214749705086
Bright_Mid_20260114_210400_T4,1736902002.76,69,Bright,Mid,4,4,1280,720,26.16064511398767,1,1,chen,2,1,0.7855820479786324,406.8290400074294,255.88106766959442,518.3174628285605,415.22009996452545,17764.457404407127,chen,0.9034791078069944,bob,0.7627633671820391,0.1407157406249553,chen,chen,chen,2,1,1,0,0,9.246140090998786,7.3488289710424395,7.314245687663861,23.909214749705086
Bright_Mid_20260114_210400_T4,1736902002.76,69,Bright,Mid,4,4,1280,720,26.16064511398767,1,2,alice,3,1,0.8297441290317733,766.9813928801692,226.9256943175113,858.1919235366767,429.6565558507192,18491.189460894824,alice,0.8935449484367555,chen,0.7439546355896649,0.14959031284709057,alice,alice,alice,2,1,1,0,0,9.246140090998786,7.3488289710424395,7.314245687663861,23.909214749705086
Bright_Mid_20260114_210400_T4,1736902002.76,69,Bright,Mid,4,4,1280,720,26.16064511398767,1,3,bob,4,1,0.7159966526018782,1069.4701900589007,262.1939818347189,1189.0518723827654,402.7252929110887,16804.97059769066,bob,0.8222451415372226,diana,0.6908553344180883,0.13138980711913428,bob,bob,bob,2,1,1,0,0,9.246140090998786,7.3488289710424395,7.314245687663861,23.909214749705086
Bright_Mid_20260114_210400_T4,1736902002.8,70,Bright,Mid,4,4,1280,720,25.514790319156052,0,0,diana,1,1,0.7007454083850431,124.03702114518975,263.41423478516657,215.78372937009735,412.0855835993123,13640.106861054892,diana,0.9012272892823457,bob,0.7680186109890905,0.13320867829325522,diana,diana,diana,2,1,1,0,0,13.35718121091274,6.103283122410329,6.691436355254159,26.15190068857723
Bright_Mid_20260114_210400_T4,1736902002.8,70,Bright,Mid,4,4,1280,720,25.514790319156052,0,1,chen,2,1,0.8780711046191134,452.6004756846984,145.690099243001,537.765328744659,335.25503218697054,16144.26965949445,chen,0.8857653365298513,diana,0.7488257842427859,0.13693955228706545,chen,chen,chen,2,1,1,0,0,13.35718121091274,6.103283122410329,6.691436355254159,26.15190068857723
Bright_Mid_20260114_210400_T4,1736902002.8,70,Bright,Mid,4,4,1280,720,25.514790319156052,0,2,alice,3,1,0.8637055415179663,733.9351583413223,197.52805610474624,819.9957701449704,404.44432048563556,17807.34030474472,alice,0.8339876321861945,chen,0.6997880724454812,0.1341995597407133,alice,alice,alice,2,1,1,0,0,13.35718121091274,6.103283122410329,6.691436355254159,26.15190068857723
Bright_Mid_20260114_210400_T4,1736902002.8,70,Bright,Mid,4,4,1280,720,25.514790319156052,0,3,bob,4,1,0.5680719618438788,1049.7379412260757,299.57988082784465,1153.3124245272047,444.1636076054388,14975.184794740928,bob,0.9118715695063979,alice,0.8255317590913621,0.0863398104150358,bob,bob,bob,2,1,1,0,0,13.35718121091274,6.103283122410329,6.691436355254159,26.15190068857723
Bright_Mid_20260114_210400_T4,1736902002.84,71,Bright,Mid,4,4,1280,720,28.36485566358357,0,0,diana,1,1,0.7705701709762584,97.81105291505696,240.12667315368435,194.29823405382172,421.06533188057665,17458.261139586797,diana,0.8276316114984299,chen,0.7437966619316876,0.08383494956674231,diana,diana,diana,1,1,1,0,0,17.636294503187624,14.22585438097285,9.724559817542088,41.58670870170256
Bright_Mid_20260114_210400_T4,1736902002.84,71,Bright,Mid,4,4,1280,720,28.36485566358357,0,1,chen,2,1,0.7751105348522278,424.1899349028452,231.3993772462602,511.29719725252545,395.29749644711114,14276.716467847687,chen,0.8959411970441697,alice,0.7928750893252463,0.10306610771892344,chen,chen,chen,2,1,1,0,0,17.636294503187624,14.22585438097285,9.724559817542088,41.58670870170256
Bright_Mid_20260114_210400_T4,1736902002.84,71,Bright,Mid,4,4,1280,720,28.36485566358357,0,2,alice,3,1,0.7138919349047127,759.1128540678139,223.80868040872437,844.6545565009985,357.14822977197844,11406.092054206407,alice,0.8074448801487135,diana,0.6592235550357138,0.14822132511299968,alice,alice,alice,2,1,1,0,0,17.636294503187624,14.22585438097285,9.724559817542088,41.58670870170256
Bright_Mid_20260114_210400_T4,1736902002.84,71,Bright,Mid,4,4,1280,720,28.36485566358357,0,3,bob,4,1,0.9052828653926829,1052.4917478205139,256.25724870939155,1178.6715959716453,390.9112502547682,16990.621467937843,bob,0.9241730608472487,diana,0.8378770545286097,0.08629600631863898,bob,bob,bob,2,1,1,0,0,17.636294503187624,14.22585438097285,9.724559817542088,41.58670870170256
Bright_Mid_20260114_210400_T4,1736902002.88,72,Bright,Mid,4,4,1280,720,26.29608253163814,2,0,diana,1,1,0.6576856456514041,115.9121427120352,217.24554002764614,212.18235949408253,422.63693553657083,19773.0741708114,diana,0.8416708177423106,bob,0.758639434771495,0.08303138297081558,diana,diana,diana,2,1,1,0,0,8.358996996300133,5.487285802907692,6.5746586591619955,20.42094145836982
Bright_Mid_20260114_210400_T4,1736902002.88,72,Bright,Mid,4,4,1280,720,26.29608253163814,2,1,chen,2,1,0.789049006140215,412.06609773321134,270.95900691785505,532.4703553922008,402.1027909146046,15790.269958719487,chen,0.8576822580586904,alice,0.6990865942954112,0.15859566376327916,chen,chen,chen,2,1,1,0,0,8.358996996300133,5.487285802907692,6.5746586591619955,20.42094145836982
Bright_Mid_20260114_210400_T4,1736902002.88,72,Bright,Mid,4,4,1280,720,26.29608253163814,2,2,alice,-1,0,-1.0,-1.0,-1.0,-1.0,-1.0,0.0,unknown,-1.0,unknown,-1.0,-1.0,unknown,unknown,unknown,0,0,0,0,1,8.358996996300133,5.487285802907692,6.5746586591619955,20.42094145836982
Bright_Mid_20260114_210400_T4,1736902002.88,72,Bright,Mid,4,4,1280,720,26.29608253163814,2,3,bob,4,1,0.8155567291547245,1065.5530638080684,265.3389373389076,1186.1947674378905,400.23164843074585,16273.686473364769,bob,0.8483111166114718,alice,0.7356192598753094,0.11269185673616244,bob,bob,bob,3,1,1,0,0,8.358996996300133,5.487285802907692,6.5746586591619955,20.42094145836982
Bright_Mid_20260114_210400_T4,1736902002.92,73,Bright,Mid,4,4,1280,720,23.184450363254594,3,0,diana,1,1,0.7024502709088702,105.57696228587595,218.866331165046,196.58303591117516,392.76932150541637,15826.228342575443,diana,0.856894662909418,bob,0.6945435193366956,0.1623511435727224,diana,diana,diana,1,1,1,0,0,13.10817969584212,12.577675732382836,6.1946218660375365,31.88047729426249
Bright_Mid_20260114_210400_T4,1736902002.92,73,Bright,Mid,4,4,1280,720,23.184450363254594,3,1,chen,2,1,0.8754668150885023,411.46949642911784,156.805452570518,528.6139554765177,364.7553026753724,24360.17269952106,chen,0.8920845028959258,alice,0.8147919782626847,0.0772925246332411,chen,chen,chen,2,1,1,0,0,13.10817969584212,12.577675732382836,6.1946218660375365,31.88047729426249
Bright_Mid_20260114_210400_T4,1736902002.92,73,Bright,Mid,4,4,1280,720,23.184450363254594,3,2,alice,3,1,0.8474338790566792,745.646222362983,158.00915908179581,864.228759774041,359.73605902007694,23921.287658747966,alice,0.9695327658943949,diana,0.865934212562692,0.10359855333170287,alice,alice,alice,2,1,1,0,0,13.10817969584212,12.577675732382836,6.1946218660375365,31.88047729426249
Bright_Mid_20260114_210400_T4,1736902002.92,73,Bright,Mid,4,4,1280,720,23.184450363254594,3,3,bob,4,1,0.6990986951835005,1050.348794442282,165.23424086890543,1165.6510265291429,367.9023725311538,23368.08795353103,bob,0.9388569987632154,chen,0.7642465353999922,0.17461046336322317,bob,bob,bob,3,1,1,0,0,13.10817969584212,12.577675732382836,6.1946218660375365,31.88047729426249
Bright_Mid_20260114_210400_T4,1736902002.96,74,Bright,Mid,4,4,1280,720,26.998866330447353,0,0,diana,1,1,0.7584367495608321,102.29236214450933,288.4109966104264,204.8505614525976,447.7151106611334,16337.94307941083,diana,0.8590533103734947,bob,0.6854818757905042,0.1735714345829905,diana,diana,diana,2,1,1,0,0,14.811930302948987,10.993365699986427,2.9653260785529945,28.77062208148841
Bright_Mid_20260114_210400_T4,1736902002.96,74,Bright,Mid,4,4,1280,720,26.998866330447353,0,1,chen,2,1,0.7575487323173086,458.61475287232173,286.48589693432973,575.0958441842604,420.2690490635954,15583.207559167973,chen,0.799796115837085,alice,0.6251521712921364,0.17464394454494858,chen,chen,chen,2,1,1,0,0,14.811930302948987,10.993365699986427,2.9653260785529945,28.77062208148841
Bright_Mid_20260114_210400_T4,1736902002.96,74,Bright,Mid,4,4,1280,720,26.998866330447353,0,2,alice,3,1,0.7068241967027971,745.7648834569186,252.18138801583393,838.8083501212361,409.7247919859278,14658.38445547454,alice,0.8473519151933094,chen,0.7511148343601648,0.09623708083314464,alice,alice,alice,1,1,1,0,0,14.811930302948987,10.993365699986427,2.9653260785529945,28.77062208148841
Bright_Mid_20260114_210400_T4,1736902002.96,74,Bright,Mid,4,4,1280,720,26.998866330447353,0,3,bob,4,1,0.8758151178177505,1075.440849404865,255.10011543065417,1190.604383633339,427.795332833396,19888.19158045441,bob,0.8519358768665319,alice,0.6897272559555647,0.16220862091096722,bob,bob,bob,2,1,1,0,0,14.811930302948987,10.993365699986427,2.9653260785529945,28.77062208148841
Bright_Mid_20260114_210400_T4,1736902003.0,75,Bright,Mid,4,4,1280,720,27.905505918660936,0,0,diana,1,1,0.821402349909334,114.36385576536006,280.0425618070988,204.66855216911492,426.04295318520127,13184.52101822893,diana,0.8764540346849252,bob,0.7926885568522102,0.08376547783271504,diana,diana,diana,3,1,1,0,0,14.421067145444294,9.786543568068778,7.906916457875324,32.114527171388396
Bright_Mid_20260114_210400_T4,1736902003.0,75,Bright,Mid,4,4,1280,720,27.905505918660936,0,1,chen,2,1,0.7229982187777185,439.2787436463576,210.59799371010197,539.5246896991544,417.8991588846816,20781.101420772815,chen,0.9601087520103952,alice,0.8003909804092115,0.15971777160118372,chen,chen,chen,2,1,1,0,0,14.421067145444294,9.786543568068778,7.906916457875324,32.114527171388396
Bright_Mid_20260114_210400_T4,1736902003.0,75,Bright,Mid,4,4,1280,720,27.905505918660936,0,2,alice,3,1,0.7402244022052263,747.8624351401074,219.63325057892814,853.9550981262951,403.8815054313188,19547.388007847894,alice,0.9161641579628402,bob,0.8500525206097702,0.06611163735307002,alice,alice,alice,3,1,1,0,0,14.421067145444294,9.786543568068778,7.906916457875324,32.114527171388396
Bright_Mid_20260114_210400_T4,1736902003.0,75,Bright,Mid,4,4,1280,720,27.905505918660936,0,3,bob,4,1,0.6720605911678885,1053.3996324464351,249.22144251241446,1158.863056599209,454.4089760343968,21639.77987869031,bob,0.9124570743502002,alice,0.8194663207824571,0.09299075356774311,bob,bob,bob,2,1,1,0,0,14.421067145444294,9.786543568068778,7.906916457875324,32.114527171388396
Bright_Mid_20260114_210400_T4,1736902003.04,76,Bright,Mid,4,4,1280,720,24.151959827895727,1,0,diana,1,1,0.7077165472561179,106.75247809292048,159.86836035268487,232.55345213806388,372.1447953031215,26704.582283595446,diana,0.8163569702055297,bob,0.6554962076490871,0.16086076255644255,diana,diana,diana,2,1,1,0,0,17.009722917437774,7.353936747965368,10.712650851003353,35.076310516406494
Bright_Mid_20260114_210400_T4,1736902003.04,76,Bright,Mid,4,4,1280,720,24.151959827895727,1,1,chen,2,1,0.8236277577690289,426.2424874930538,213.7183395510278,552.8250327505765,366.4269920629006,19330.249917799447,chen,0.8965865389677841,diana,0.7314144416804504,0.16517209728733362,chen,chen,chen,2,1,1,0,0,17.009722917437774,7.353936747965368,10.712650851003353,35.076310516406494
Bright_Mid_20260114_210400_T4,1736902003.04,76,Bright,Mid,4,4,1280,720,24.151959827895727,1,2,alice,3,1,0.722383945508569,721.6672030442802,161.03688101408548,819.1409671381122,367.3549113073361,20110.59501310839,alice,0.9291507323148616,chen,0.7894914002864101,0.1396593320284515,alice,alice,alice,2,1,1,0,0,17.009722917437774,7.353936747965368,10.712650851003353,35.076310516406494
Bright_Mid_20260114_210400_T4,1736902003.04,76,Bright,Mid,4,4,1280,720,24.151959827895727,1,3,bob,4,1,0.8595562437601624,1097.6608091839475,220.2055694678143,1189.6229501001862,417.62215519210355,18154.851875579803,bob,0.7858409221251198,alice,0.6588665735777167,0.12697434854740308,bob,bob,bob,1,1,1,0,0,17.009722917437774,7.353936747965368,10.712650851003353,35.076310516406494
Bright_Mid_20260114_210400_T4,1736902003.08,77,Bright,Mid,4,4,1280,720,24.84078508805957,2,0,diana,1,1,0.7952042453646437,132.42118324465483,349.2155559545506,219.19098358555024,488.6735045543202,12100.73835595286,diana,0.8620190156551313,chen,0.7564961435021258,0.10552287215300549,diana,diana,diana,1,1,1,0,0,6.430342974421514,6.3097104711897725,5.468895668777778,18.208949114389064
Bright_Mid_20260114_210400_T4,1736902003.08,77,Bright,Mid,4,4,1280,720,24.84078508805957,2,1,chen,2,1,0.7416962404949553,414.7057227233069,223.12020864542853,512.132020653636,421.9624515333452,19372.46359673303,chen,0.871552665693747,alice,0.8079214753678463,0.0636311903259007,chen,chen,chen,1,1,1,0,0,6.430342974421514,6.3097104711897725,5.468895668777778,18.208949114389064
Bright_Mid_20260114_210400_T4,1736902003.08,77,Bright,Mid,4,4,1280,720,24.84078508805957,2,2,alice,3,1,0.8557131470716179,745.1720838226056,193.14055579100096,865.0413722146595,373.40523690014874,21608.199046774072,alice,0.8851555787815931,bob,0.7089353155731437,0.1762202632084494,alice,alice,alice,2,1,1,0,0,6.430342974421514,6.3097104711897725,5.468895668777778,18.208949114389064
Bright_Mid_20260114_210400_T4,1736902003.08,77,Bright,Mid,4,4,1280,720,24.84078508805957,2,3,bob,4,1,0.8123682773874947,1066.7808649452509,206.1573218071727,1165.8521795728843,393.6070703323669,18570.893013010285,bob,0.8655670712123704,diana,0.7221471846300644,0.14341988658230598,bob,bob,bob,2,1,1,0,0,6.430342974421514,6.3097104711897725,5.468895668777778,18.208949114389064
Bright_Mid_20260114_210400_T4,1736902003.12,78,Bright,Mid,4,4,1280,720,23.767597445102254,0,0,diana,1,1,0.9419336879658159,102.40358887930464,326.81788297033245,183.74143077378992,457.41615268170096,10622.581413476639,diana,0.8940233417133399,chen,0.824121598611504,0.06990174310183583,diana,diana,diana,3,1,1,0,0,10.393991506059894,9.96080902208483,5.063446204684949,25.418246732829672
Bright_Mid_20260114_210400_T4,1736902003.12,78,Bright,Mid,4,4,1280,720,23.767597445102254,0,1,chen,2,1,0.7619111672764503,441.5471156773387,229.71121464198387,541.5002635749208,386.52534980448144,15674.066444328555,chen,0.9246517946237859,bob,0.8454138709931681,0.07923792363061777,chen,chen,chen,2,1,1,0,0,10.393991506059894,9.96080902208483,5.063446204684949,25.418246732829672
Bright_Mid_20260114_210400_T4,1736902003.12,78,Bright,Mid,4,4,1280,720,23.767597445102254,0,2,alice,3,1,0.9106383742842629,758.6374574854947,257.3317473045067,862.9700731152329,456.3090727890653,20759.824818813777,alice,0.8559775567426097,diana,0.677111490942141,0.1788660658004687,alice,alice,alice,3,1,1,0,0,10.393991506059894,9.96080902208483,5.063446204684949,25.418246732829672
Bright_Mid_20260114_210400_T4,1736902003.12,78,Bright,Mid,4,4,1280,720,23.767597445102254,0,3,bob,4,1,0.8116430341094995,1060.9855088345917,220.77270153568065,1171.5262586048102,409.41597889872946,20852.769318822713,bob,0.8636302360527912,alice,0.6907765492275197,0.17285368682527147,bob,bob,bob,2,1,1,0,0,10.393991506059894,9.96080902208483,5.063446204684949,25.418246732829672
Bright_Mid_20260114_210400_T4,1736902003.16,79,Bright,Mid,4,4,1280,720,23.24393305347824,1,0,diana,1,1,0.8734890620756267,93.47092456696952,270.1591157834349,196.00692507495842,401.0518357760566,13421.216003655503,diana,0.8729205374974042,alice,0.7489499228738246,0.12397061462357961,diana,diana,diana,2,1,1,0,0,19.2920828382155,13.255509546161315,6.606738240774559,39.154330625151374
Bright_Mid_20260114_210400_T4,1736902003.16,79,Bright,Mid,4,4,1280,720,23.24393305347824,1,1,chen,2,1,0.8792122624234507,439.05632808239267,296.4589035440322,555.0700992974558,435.6052588670667,16142.893431856415,chen,0.8393311104051442,bob,0.705639420412413,0.13369168999273118,chen,chen,chen,2,1,1,0,0,19.2920828382155,13.255509546161315,6.606738240774559,39.154330625151374
Bright_Mid_20260114_210400_T4,1736902003.16,79,Bright,Mid,4,4,1280,720,23.24393305347824,1,2,alice,3,1,0.7023621180787006,746.9399674887239,263.82718516588153,866.8703845801398,395.1592174126851,15750.705404822429,alice,0.8228801052819494,chen,0.715355260275473,0.10752484500647641,alice,alice,alice,2,1,1,0,0,19.2920828382155,13.255509546161315,6.606738240774559,39.154330625151374
Bright_Mid_20260114_210400_T4,1736902003.16,79,Bright,Mid,4,4,1280,720,23.24393305347824,1,3,bob,4,1,0.6560493415347208,1079.7414322849472,196.54961341902393,1160.5116466346599,379.17174011800387,14750.428318476994,bob,0.8619998052782769,diana,0.7164065377872316,0.1455932674910453,bob,bob,bob,2,1,1,0,0,19.2920828382155,13.255509546161315,6.606738240774559,39.154330625151374
Bright_Mid_20260114_210400_T4,1736902003.2,80,Bright,Mid,4,4,1280,720,25.65954261853067,1,0,diana,1,1,0.9181328480226948,118.30170254265602,150.1700596849447,203.4880823500278,294.7146291499349,12313.228593537691,diana,0.8566282766214093,chen,0.6859737013114442,0.17065457530996508,diana,diana,diana,2,1,1,0,0,24.07725218441959,12.910265766428477,9.493222965404911,46.48074091625298
Bright_Mid_20260114_210400_T4,1736902003.2,80,Bright,Mid,4,4,1280,720,25.65954261853067,1,1,chen,2,1,0.6592693750735376,453.56442506492624,265.4617911763821,553.259187161195,422.66439192310395,15672.27588235915,chen,0.8096759772250515,bob,0.715273009030354,0.09440296819469751,chen,chen,chen,2,1,1,0,0,24.07725218441959,12.910265766428477,9.493222965404911,46.48074091625298
Bright_Mid_20260114_210400_T4,1736902003.2,80,Bright,Mid,4,4,1280,720,25.65954261853067,1,2,alice,3,1,0.7560234405274984,716.4870214513021,223.27192330462583,815.4217590868714,410.2700113888724,18500.606782968003,alice,0.806119204067089,chen,0.7233064468137488,0.08281275725334025,alice,alice,alice,1,1,1,0,0,24.07725218441959,12.910265766428477,9.493222965404911,46.48074091625298
Bright_Mid_20260114_210400_T4,1736902003.2,80,Bright,Mid,4,4,1280,720,25.65954261853067,1,3,bob,4,1,0.99,1086.754117670087,221.59499874060003,1207.5448801479824,435.8208533133026,25876.504316315488,bob,0.908415977020834,diana,0.8314234507801145,0.0769925262407195,bob,bob,bob,2,1,1,0,0,24.07725218441959,12.910265766428477,9.493222965404911,46.48074091625298
Bright_Mid_20260114_210400_T4,1736902003.24,81,Bright,Mid,4,4,1280,720,27.960993037306405,0,0,diana,1,1,0.8425226676919586,85.91242551519855,272.41182130919265,212.36940670229927,422.37910699102997,18964.41022414866,diana,0.9555153838951954,alice,0.8227471851462944,0.132768198748901,diana,diana,diana,3,1,1,0,0,14.035647767932733,7.65736902789898,12.20422166937811,33.897238465209824
Bright_Mid_20260114_210400_T4,1736902003.24,81,Bright,Mid,4,4,1280,720,27.960993037306405,0,1,chen,2,1,0.8991061740147243,431.24370062827535,189.84892419604517,519.8211926452014,359.4125954511762,15019.524736962048,chen,0.8300947092752332,alice,0.7618836547889222,0.06821105448631104,chen,chen,chen,2,1,1,0,0,14.035647767932733,7.65736902789898,12.20422166937811,33.897238465209824
Bright_Mid_20260114_210400_T4,1736902003.24,81,Bright,Mid,4,4,1280,720,27.960993037306405,0,2,alice,3,1,0.7608284748051096,759.6368603429166,264.2690079408479,854.8309447094268,426.89764176662777,15481.283888821581,alice,0.8670863660756774,chen,0.6899784316299817,0.17710793444569561,alice,alice,alice,1,1,1,0,0,14.035647767932733,7.65736902789898,12.20422166937811,33.897238465209824
Bright_Mid_20260114_210400_T4,1736902003.24,81,Bright,Mid,4,4,1280,720,27.960993037306405,0,3,bob,4,1,0.6378371684710473,1065.0181635647994,173.59808090983807,1146.6779001635998,360.8731031496948,15292.828987641202,bob,0.8697082331112411,chen,0.7909126186203024,0.07879561449093875,bob,bob,bob,1,1,1,0,0,14.035647767932733,7.65736902789898,12.20422166937811,33.897238465209824
Bright_Mid_20260114_210400_T4,1736902003.28,82,Bright,Mid,4,4,1280,720,26.47356794126796,0,0,diana,1,1,0.8598596808604455,109.15074136480453,283.6791839721076,209.540083775667,418.75103000192905,13559.773801155043,diana,0.898263095146902,chen,0.7574932418376384,0.1407698533092635,diana,diana,diana,1,1,1,0,0,19.33282434975072,9.194585493886368,8.172969782530664,36.70037962616775
Bright_Mid_20260114_210400_T4,1736902003.28,82,Bright,Mid,4,4,1280,720,26.47356794126796,0,1,chen,2,1,0.7014761600305702,428.3384340742136,185.21259315859274,520.7111133883129,322.61749266104357,12692.45871792594,chen,0.9024322019749504,bob,0.750737062641231,0.15169513933371948,chen,chen,chen,2,1,1,0,0,19.33282434975072,9.194585493886368,8.172969782530664,36.70037962616775
Bright_Mid_20260114_210400_T4,1736902003.28,82,Bright,Mid,4,4,1280,720,26.47356794126796,0,2,alice,3,1,0.7285742941548582,748.0519754414329,185.93214900977023,863.1106594634639,381.2845664757076,22476.99207415318,alice,0.8317245595847141,diana,0.721500253682849,0.11022430590186516,alice,alice,alice,3,1,1,0,0,19.33282434975072,9.194585493886368,8.172969782530664,36.70037962616775
Bright_Mid_20260114_210400_T4,1736902003.28,82,Bright,Mid,4,4,1280,720,26.47356794126796,0,3,bob,4,1,0.8026914438939905,1069.2687561692421,246.1879659301609,1162.1904512625167,389.0451584569072,13274.532485851543,bob,0.8350459309755902,chen,0.7490790169336465,0.08596691404194368,bob,bob,bob,1,1,1,0,0,19.33282434975072,9.194585493886368,8.172969782530664,36.70037962616775
Bright_Mid_20260114_210400_T4,1736902003.32,83,Bright,Mid,4,4,1280,720,24.897043601022876,3,0,diana,1,1,0.6797801686716479,122.92292895679518,276.9698178766725,204.56481694487448,458.5833130003966,14827.268626014667,diana,0.8297299724544355,alice,0.7455256821993296,0.0842042902551059,diana,diana,diana,2,1,1,0,0,13.34639057531262,10.199010070295225,11.906305494426787,35.45170614003463
Bright_Mid_20260114_210400_T4,1736902003.32,83,Bright,Mid,4,4,1280,720,24.897043601022876,3,1,chen,2,1,0.793165736490302,426.9196433989187,202.6800333830504,544.0837112873155,348.9362137486248,17135.969045449772,chen,0.90250074994065,bob,0.8311970550584578,0.07130369488219224,chen,chen,chen,3,1,1,0,0,13.34639057531262,10.199010070295225,11.906305494426787,35.45170614003463
Bright_Mid_20260114_210400_T4,1736902003.32,83,Bright,Mid,4,4,1280,720,24.897043601022876,3,2,alice,3,1,0.759093611072629,742.9680861547611,274.5825373494433,842.5238364368247,445.4658716434943,17012.41855634494,bob,0.7338603684659926,diana,0.6946856216908096,0.039174746775182956,unknown,unknown,unknown,0,0,0,0,0,13.34639057531262,10.199010070295225,11.906305494426787,35.45170614003463
Bright_Mid_20260114_210400_T4,1736902003.32,83,Bright,Mid,4,4,1280,720,24.897043601022876,3,3,bob,4,1,0.735141710573387,1063.4592320789657,294.46523064532107,1182.7732838090342,483.3031406255832,22531.016159983013,bob,0.9353385937975381,diana,0.8455841457566837,0.08975444804085442,bob,bob,bob,1,1,1,0,0,13.34639057531262,10.199010070295225,11.906305494426787,35.45170614003463
Bright_Mid_20260114_210400_T4,1736902003.36,84,Bright,Mid,4,4,1280,720,25.2370034759501,2,0,diana,1,1,0.703749409843369,112.59343980558373,158.484091637394,200.8225458386612,326.3229192071867,14808.269714122649,diana,0.82627576182742,chen,0.7190569427675186,0.10721881905990138,diana,diana,diana,3,1,1,0,0,14.263540195428206,9.300749428134083,7.351772446337993,30.91606206990028
Bright_Mid_20260114_210400_T4,1736902003.36,84,Bright,Mid,4,4,1280,720,25.2370034759501,2,1,chen,2,1,0.8748001003544739,441.1781426185897,178.5679758367947,537.5405755926374,361.58866170220693,17636.318574570036,chen,0.8850357973246982,diana,0.8343410247225357,0.050694772602162486,unknown,unknown,unknown,0,0,0,0,0,14.263540195428206,9.300749428134083,7.351772446337993,30.91606206990028
Bright_Mid_20260114_210400_T4,1736902003.36,84,Bright,Mid,4,4,1280,720,25.2370034759501,2,2,alice,3,1,0.7634692167594288,692.8122782579434,288.79192227781897,813.3111195077973,419.21326650324914,15715.620853412669,alice,0.9207704039672259,diana,0.8480393555335576,0.07273104843366829,alice,alice,alice,2,1,1,0,0,14.263540195428206,9.300749428134083,7.351772446337993,30.91606206990028
Bright_Mid_20260114_210400_T4,1736902003.36,84,Bright,Mid,4,4,1280,720,25.2370034759501,2,3,bob,4,1,0.7955504246463412,1052.1387527451143,233.23257142509982,1147.0496049035878,445.85061004193295,20179.759229386862,bob,0.8695027714878829,chen,0.775608797928287,0.09389397355959594,bob,bob,bob,2,1,1,0,0,14.263540195428206,9.300749428134083,7.351772446337993,30.91606206990028
Bright_Mid_20260114_210400_T4,1736902003.4,85,Bright,Mid,4,4,1280,720,27.922412445107057,1,0,diana,1,1,0.9048186256054978,121.6847591661113,304.05552639536614,206.19576941380586,501.12107543902454,16654.20863469617,diana,0.845827832547218,chen,0.684533783678581,0.16129404886863707,diana,diana,diana,2,1,1,0,0,15.362094892291983,10.637835266611525,2.933779831255924,28.933709990159432
Bright_Mid_20260114_210400_T4,1736902003.4,85,Bright,Mid,4,4,1280,720,27.922412445107057,1,1,chen,2,1,0.7647436597922602,441.49746633663693,216.31628581691652,527.439374161187,414.77913102575917,17056.275549536294,chen,0.7858514005291874,alice,0.6500371860361952,0.13581421449299225,chen,chen,chen,3,1,1,0,0,15.362094892291983,10.637835266611525,2.933779831255924,28.933709990159432
Bright_Mid_20260114_210400_T4,1736902003.4,85,Bright,Mid,4,4,1280,720,27.922412445107057,1,2,alice,3,1,0.7457674591590887,766.1416952403799,203.2802125480863,871.5699166166598,408.6137859498199,21647.953432580587,alice,0.87186788144162,chen,0.7774783110299623,0.09438957041165763,alice,alice,alice,1,1,1,0,0,15.362094892291983,10.637835266611525,2.933779831255924,28.933709990159432
Bright_Mid_20260114_210400_T4,1736902003.4,85,Bright,Mid,4,4,1280,720,27.922412445107057,1,3,bob,4,1,0.8863943854173889,1095.9172810855664,302.3775209391732,1184.8350678764439,437.63489443756714,12026.78629862427,bob,0.8967603005199389,alice,0.7802794597443434,0.1164808407755955,bob,bob,bob,2,1,1,0,0,15.362094892291983,10.637835266611525,2.933779831255924,28.933709990159432
Bright_Mid_20260114_210400_T4,1736902003.44,86,Bright,Mid,4,4,1280,720,23.492091665247607,0,0,diana,1,1,0.6276651251727221,100.26570778668932,216.09479213148217,217.35550272245862,421.78577010993246,24084.314431634586,diana,0.8976220618263346,alice,0.7657720348631175,0.13185002696321713,diana,diana,diana,3,1,1,0,0,12.092368155227462,6.5476005453607815,7.15115138207957,25.791120082667813
Bright_Mid_20260114_210400_T4,1736902003.44,86,Bright,Mid,4,4,1280,720,23.492091665247607,0,1,chen,2,1,0.8599620304677649,426.29037502348535,236.42853069265362,525.1015842432071,375.7114772075076,13762.716368818545,chen,0.7789599071750813,alice,0.6930923245683618,0.08586758260671956,chen,chen,chen,2,1,1,0,0,12.092368155227462,6.5476005453607815,7.15115138207957,25.791120082667813
Bright_Mid_20260114_210400_T4,1736902003.44,86,Bright,Mid,4,4,1280,720,23.492091665247607,0,2,alice,3,1,0.8208221507567154,766.1636181675377,290.07054028616704,863.1432714396545,426.18706679376777,13200.533545312017,alice,0.8719982450374325,chen,0.7274821060526511,0.14451613898478144,alice,alice,alice,3,1,1,0,0,12.092368155227462,6.5476005453607815,7.15115138207957,25.791120082667813
Bright_Mid_20260114_210400_T4,1736902003.44,86,Bright,Mid,4,4,1280,720,23.492091665247607,0,3,bob,4,1,0.8572908541834534,1061.2121768230188,266.4151330828163,1159.132697335301,398.3684213042892,12920.934665953811,bob,0.8921262632854907,chen,0.77991837561649,0.1122078876690007,bob,bob,bob,2,1,1,0,0,12.092368155227462,6.5476005453607815,7.15115138207957,25.791120082667813
Bright_Mid_20260114_210400_T4,1736902003.48,87,Bright,Mid,4,4,1280,720,23.256972788539965,4,0,diana,1,1,0.6750203851690939,99.99198271582601,286.1316958054231,206.0606216209431,455.78488155080527,17994.8824979297,diana,0.8094395145927674,chen,0.7083950604778941,0.10104445411487328,diana,diana,diana,2,1,1,0,0,14.635635701557208,5.927654578425583,8.220563907462552,28.783854187445343
Bright_Mid_20260114_210400_T4,1736902003.48,87,Bright,Mid,4,4,1280,720,23.256972788539965,4,1,chen,2,1,0.8347300401793147,438.8041810742119,289.8951992359276,524.8746663337029,426.25991646115716,11736.977383848776,alice,0.5958563722899402,diana,0.585039998232108,0.010816374057832201,unknown,unknown,unknown,0,0,0,0,0,14.635635701557208,5.927654578425583,8.220563907462552,28.783854187445343
Bright_Mid_20260114_210400_T4,1736902003.48,87,Bright,Mid,4,4,1280,720,23.256972788539965,4,2,alice,-1,0,-1.0,-1.0,-1.0,-1.0,-1.0,0.0,unknown,-1.0,unknown,-1.0,-1.0,unknown,unknown,unknown,0,0,0,0,1,14.635635701557208,5.927654578425583,8.220563907462552,28.783854187445343
Bright_Mid_20260114_210400_T4,1736902003.48,87,Bright,Mid,4,4,1280,720,23.256972788539965,4,3,bob,4,1,0.701629737545107,1070.0949295125333,136.79055052704484,1168.2014856214869,314.6616996141863,17450.325868081687,bob,0.947871547052203,diana,0.7684797005168071,0.17939184653539586,bob,bob,bob,1,1,1,0,0,14.635635701557208,5.927654578425583,8.220563907462552,28.783854187445343
Bright_Mid_20260114_210400_T4,1736902003.52,88,Bright,Mid,4,4,1280,720,30.62779992750967,0,0,diana,1,1,0.6733177237109307,105.21410722429502,204.0800443835584,214.34823211349882,361.89092453308785,17222.55230311392,diana,0.9616985453142133,alice,0.7947852524948937,0.16691329281931955,diana,diana,diana,3,1,1,0,0,13.402916311462436,11.823890485095204,6.962331918648049,32.18913871520569
Bright_Mid_20260114_210400_T4,1736902003.52,88,Bright,Mid,4,4,1280,720,30.62779992750967,0,1,chen,2,1,0.6860612250807543,424.5865578619426,220.507616633872,532.4698587220433,428.0803450576457,22393.63111089396,chen,0.8946578141300635,alice,0.7486874250890229,0.14597038904104065,chen,chen,chen,1,1,1,0,0,13.402916311462436,11.823890485095204,6.962331918648049,32.18913871520569
Bright_Mid_20260114_210400_T4,1736902003.52,88,Bright,Mid,4,4,1280,720,30.62779992750967,0,2,alice,3,1,0.7011920953117258,745.5829106516805,213.13032123070406,856.9632691963957,427.5747671250811,23884.899271638482,alice,0.828307091363381,bob,0.670041492788862,0.15826559857451894,alice,alice,alice,2,1,1,0,0,13.402916311462436,11.823890485095204,6.962331918648049,32.18913871520569
Bright_Mid_20260114_210400_T4,1736902003.52,88,Bright,Mid,4,4,1280,720,30.62779992750967,0,3,bob,4,1,0.7868480867453631,1055.4597360523962,281.6462818501834,1159.701675970039,477.50954621513176,20417.166636004345,bob,0.9552914349748927,diana,0.884769378733103,0.07052205624178964,bob,bob,bob,3,1,1,0,0,13.402916311462436,11.823890485095204,6.962331918648049,32.18913871520569
Bright_Mid_20260114_210400_T4,1736902003.56,89,Bright,Mid,4,4,1280,720,25.856782480552408,1,0,diana,1,1,0.6872941375915613,98.62689471536348,277.8240813886565,210.41453411679507,475.91094563325964,22143.662950336027,diana,0.8511099625332686,alice,0.7579356623946726,0.09317430013859607,diana,diana,diana,2,1,1,0,0,12.220373125436488,8.825558378656684,8.756020885502831,29.801952389596003
Bright_Mid_20260114_210400_T4,1736902003.56,89,Bright,Mid,4,4,1280,720,25.856782480552408,1,1,chen,2,1,0.6614064323480959,411.5509004901406,309.6947001059725,514.9872352939801,504.9107687439788,20192.434634730136,chen,0.8000564127514849,alice,0.6242215319308226,0.17583488082066223,chen,chen,chen,2,1,1,0,0,12.220373125436488,8.825558378656684,8.756020885502831,29.801952389596003
Bright_Mid_20260114_210400_T4,1736902003.56,89,Bright,Mid,4,4,1280,720,25.856782480552408,1,2,alice,3,1,0.6878740708428844,730.1498045491236,292.0674332276684,847.8484295877166,449.61668101441546,18543.329840364728,alice,0.8442973988630316,chen,0.6969685081531283,0.1473288907099033,alice,alice,alice,3,1,1,0,0,12.220373125436488,8.825558378656684,8.756020885502831,29.801952389596003
Bright_Mid_20260114_210400_T4,1736902003.56,89,Bright,Mid,4,4,1280,720,25.856782480552408,1,3,bob,4,1,0.740054531019413,1051.9580049374065,303.38087371741517,1172.4282658659015,440.1361170256778,16474.939844686218,bob,0.9017769523838403,chen,0.8329952141702031,0.0687817382136372,bob,bob,bob,2,1,1,0,0,12.220373125436488,8.825558378656684,8.756020885502831,29.801952389596003
Bright_Mid_20260114_210400_T4,1736902003.6,90,Bright,Mid,4,4,1280,720,30.087170511232678,0,0,diana,1,1,0.6251429016416971,107.66943136475203,217.37954759916403,233.26069057964588,410.4972124292287,24253.89070264764,diana,0.9229529042112633,alice,0.8501105732636707,0.07284233094759263,diana,diana,diana,2,1,1,0,0,11.33851374080629,7.5960204071581465,7.501112975906567,26.435647123871004
Bright_Mid_20260114_210400_T4,1736902003.6,90,Bright,Mid,4,4,1280,720,30.087170511232678,0,1,chen,2,1,0.9533214857108373,404.7132019031742,199.13315814552692,525.5493449672126,409.27219416526583,25392.390619820293,chen,0.898686402769285,diana,0.7576026743323301,0.14108372843695494,chen,chen,chen,2,1,1,0,0,11.33851374080629,7.5960204071581465,7.501112975906567,26.435647123871004
Bright_Mid_20260114_210400_T4,1736902003.6,90,Bright,Mid,4,4,1280,720,30.087170511232678,0,2,alice,3,1,0.8320191392932349,775.3049684527059,285.1471283180571,857.530895001539,477.3760753919228,15806.203282655199,chen,0.7197986744632492,alice,0.7063722849408068,0.01342638952244235,unknown,unknown,unknown,0,0,0,0,0,11.33851374080629,7.5960204071581465,7.501112975906567,26.435647123871004
Bright_Mid_20260114_210400_T4,1736902003.6,90,Bright,Mid,4,4,1280,720,30.087170511232678,0,3,bob,4,1,0.8149380411604514,1055.7481402439587,249.665109474331,1152.8157070636328,429.2383586284293,17430.73836129142,bob,0.8682473028451285,alice,0.7636851648449493,0.10456213800017922,bob,bob,bob,2,1,1,0,0,11.33851374080629,7.5960204071581465,7.501112975906567,26.435647123871004
Bright_Mid_20260114_210400_T4,1736902003.64,91,Bright,Mid,4,4,1280,720,26.44998593439199,1,0,diana,-1,0,-1.0,-1.0,-1.0,-1.0,-1.0,0.0,unknown,-1.0,unknown,-1.0,-1.0,unknown,unknown,unknown,0,0,0,0,1,17.23981972993563,9.939004022382186,15.154768666587227,42.33359241890504
Bright_Mid_20260114_210400_T4,1736902003.64,91,Bright,Mid,4,4,1280,720,26.44998593439199,1,1,chen,2,1,0.7876870342087571,404.1721880319332,203.90795656210423,524.3649510200553,347.08578429779107,17208.93871418958,diana,0.7497533093344183,chen,0.6585251585849992,0.09122815074941915,diana,diana,diana,2,0,0,1,0,17.23981972993563,9.939004022382186,15.154768666587227,42.33359241890504
Bright_Mid_20260114_210400_T4,1736902003.64,91,Bright,Mid,4,4,1280,720,26.44998593439199,1,2,alice,3,1,0.7829483287932558,759.0509238585321,208.0172162301697,866.1864297428056,405.5862266570559,21166.65587913975,alice,0.8461727733023927,diana,0.7656346159070804,0.08053815739531234,alice,alice,alice,2,1,1,0,0,17.23981972993563,9.939004022382186,15.154768666587227,42.33359241890504
Bright_Mid_20260114_210400_T4,1736902003.64,91,Bright,Mid,4,4,1280,720,26.44998593439199,1,3,bob,4,1,0.881249177704825,1072.5377576176033,185.87708297872774,1179.5106701057039,319.6069392980199,14305.472217089895,bob,0.8853035492442246,alice,0.7246647502100605,0.16063879903416411,bob,bob,bob,3,1,1,0,0,17.23981972993563,9.939004022382186,15.154768666587227,42.33359241890504
Bright_Mid_20260114_210400_T4,1736902003.68,92,Bright,Mid,4,4,1280,720,23.601421114823523,0,0,diana,-1,0,-1.0,-1.0,-1.0,-1.0,-1.0,0.0,unknown,-1.0,unknown,-1.0,-1.0,unknown,unknown,unknown,0,0,0,0,1,18.849675065748198,13.664224889471752,4.4098846961308364,36.923784651350786
Bright_Mid_20260114_210400_T4,1736902003.68,92,Bright,Mid,4,4,1280,720,23.601421114823523,0,1,chen,2,1,0.6827555441849493,431.58797271397924,303.1008164278419,534.4978779163199,443.358708777847,14433.926405619131,chen,0.8389499544847208,diana,0.773570500204708,0.0653794542800128,chen,chen,chen,3,1,1,0,0,18.849675065748198,13.664224889471752,4.4098846961308364,36.923784651350786
Bright_Mid_20260114_210400_T4,1736902003.68,92,Bright,Mid,4,4,1280,720,23.601421114823523,0,2,alice,3,1,0.7552974816184254,762.8917279589419,280.3676593127183,847.4802497290401,469.81137584531666,16024.763940126006,alice,0.8632335569526904,bob,0.7549380469481792,0.10829551000451121,alice,alice,alice,2,1,1,0,0,18.849675065748198,13.664224889471752,4.4098846961308364,36.923784651350786
Bright_Mid_20260114_210400_T4,1736902003.68,92,Bright,Mid,4,4,1280,720,23.601421114823523,0,3,bob,4,1,0.765682176076354,1106.1228895092138,244.30242625514012,1201.0413072354593,431.71919794953163,17789.303424592632,bob,0.8590879309052709,chen,0.766069650372723,0.0930182805325479,bob,bob,bob,1,1,1,0,0,18.849675065748198,13.664224889471752,4.4098846961308364,36.923784651350786
Bright_Mid_20260114_210400_T4,1736902003.72,93,Bright,Mid,4,4,1280,720,24.47639543759879,2,0,diana,1,1,0.6477371300731309,80.00832516749763,279.510567272672,173.77271498511823,436.7158959092826,14740.26171569031,diana,0.8979602936316341,alice,0.7614874056330239,0.13647288799861024,diana,diana,diana,2,1,1,0,0,10.438872245303305,7.21231117841382,2.530413564837332,20.181596988554457
Bright_Mid_20260114_210400_T4,1736902003.72,93,Bright,Mid,4,4,1280,720,24.47639543759879,2,1,chen,2,1,0.807888559825207,424.225026556235,201.47974576148852,518.2365168315608,389.60213099150667,17685.665789622955,chen,0.8902124526374736,alice,0.7669272246734057,0.12328522796406793,chen,chen,chen,1,1,1,0,0,10.438872245303305,7.21231117841382,2.530413564837332,20.181596988554457
Bright_Mid_20260114_210400_T4,1736902003.72,93,Bright,Mid,4,4,1280,720,24.47639543759879,2,2,alice,3,1,0.7759567109752493,742.2346219010204,236.2345209316199,861.5314375680151,394.81768251786656,18918.4661956437,diana,0.8428970777109543,chen,0.8234748844565174,0.019422193254436948,unknown,unknown,unknown,0,0,0,0,0,10.438872245303305,7.21231117841382,2.530413564837332,20.181596988554457
Bright_Mid_20260114_210400_T4,1736902003.72,93,Bright,Mid,4,4,1280,720,24.47639543759879,2,3,bob,4,1,0.8153018332257419,1094.1241432273266,129.93778297508328,1176.1585265481547,337.1170075504244,16995.81992492545,bob,0.8346553227129999,alice,0.7571782198618922,0.07747710285110776,bob,bob,bob,2,1,1,0,0,10.438872245303305,7.21231117841382,2.530413564837332,20.181596988554457
Bright_Mid_20260114_210400_T4,1736902003.76,94,Bright,Mid,4,4,1280,720,28.16961867754403,1,0,diana,1,1,0.7266622266202822,113.75453247559147,227.84549325869537,225.93120320899726,391.31959251803926,18337.980206055512,diana,0.8962576255475833,alice,0.8351193544715452,0.061138271076038087,diana,diana,diana,3,1,1,0,0,14.379675440428803,5.973541037827072,6.818940624284961,27.172157102540837
Bright_Mid_20260114_210400_T4,1736902003.76,94,Bright,Mid,4,4,1280,720,28.16961867754403,1,1,chen,2,1,0.9064630954864805,439.0748611676104,273.6144006263805,520.5639531492455,462.89055771128955,15423.942174622583,chen,0.8944562096680906,alice,0.7899572876858969,0.10449892198219368,chen,chen,chen,2,1,1,0,0,14.379675440428803,5.973541037827072,6.818940624284961,27.172157102540837
Bright_Mid_20260114_210400_T4,1736902003.76,94,Bright,Mid,4,4,1280,720,28.16961867754403,1,2,alice,3,1,0.721281576588617,740.476323067484,246.79800384055875,824.8215827780872,422.6611352014297,14833.221488152582,alice,0.8624359573205994,bob,0.7552536181845511,0.10718233913604835,alice,alice,alice,3,1,1,0,0,14.379675440428803,5.973541037827072,6.818940624284961,27.172157102540837
Bright_Mid_20260114_210400_T4,1736902003.76,94,Bright,Mid,4,4,1280,720,28.16961867754403,1,3,bob,4,1,0.7533278902909286,1053.5421169793372,263.4771831233462,1181.0639303544585,409.020947442954,18560.004751477678,bob,0.5808512319980466,diana,0.53928920381976,0.04156202817828658,unknown,unknown,unknown,0,0,0,0,0,14.379675440428803,5.973541037827072,6.818940624284961,27.172157102540837
Bright_Mid_20260114_210400_T4,1736902003.8,95,Bright,Mid,4,4,1280,720,26.092058998386165,0,0,diana,1,1,0.7518269369501925,82.55947124990607,106.60548863524998,202.5131275443405,317.51584780049365,25299.46873224336,diana,0.88084542548852,chen,0.7881575609745269,0.09268786451399302,diana,diana,diana,2,1,1,0,0,12.965484721191642,8.334591903077978,4.397379660067871,25.69745628433749
Bright_Mid_20260114_210400_T4,1736902003.8,95,Bright,Mid,4,4,1280,720,26.092058998386165,0,1,chen,2,1,0.7632794499896288,406.31372729999566,332.18372902380315,511.76735924067907,528.7586535445511,20729.539739178574,chen,0.8392804772722718,bob,0.683670318075762,0.1556101591965099,chen,chen,chen,2,1,1,0,0,12.965484721191642,8.334591903077978,4.397379660067871,25.69745628433749
Bright_Mid_20260114_210400_T4,1736902003.8,95,Bright,Mid,4,4,1280,720,26.092058998386165,0,2,alice,3,1,0.5592256323394503,747.3198056592514,221.22739279567844,850.0288682439927,372.72555836741475,15560.23456918097,bob,0.731450803477213,diana,0.6859007280814826,0.045550075395730416,unknown,unknown,unknown,0,0,0,0,0,12.965484721191642,8.334591903077978,4.397379660067871,25.69745628433749
Bright_Mid_20260114_210400_T4,1736902003.8,95,Bright,Mid,4,4,1280,720,26.092058998386165,0,3,bob,4,1,0.7244599338593437,1073.5777583690242,177.86146137824767,1166.2230452562626,308.7731316144561,12128.349245921076,bob,0.8214749221219496,chen,0.6703601996573434,0.15111472246460622,bob,bob,bob,2,1,1,0,0,12.965484721191642,8.334591903077978,4.397379660067871,25.69745628433749
Bright_Mid_20260114_210400_T4,1736902003.84,96,Bright,Mid,4,4,1280,720,24.468810211561944,0,0,diana,1,1,0.7970966870034861,73.93968405270023,263.89312383511873,158.7710214834339,405.33217707798775,11998.464051529329,diana,0.9152850778435704,chen,0.7437693085869201,0.17151576925665024,diana,diana,diana,2,1,1,0,0,9.2282986476421,5.114326513842658,9.021527058252126,23.364152219736884
Bright_Mid_20260114_210400_T4,1736902003.84,96,Bright,Mid,4,4,1280,720,24.468810211561944,0,1,chen,2,1,0.7710965736200166,418.09383346597866,176.60603044249297,514.1849415530371,361.910730808583,17806.133991917937,chen,0.8840125482265477,diana,0.783352462877812,0.10066008534873572,chen,chen,chen,2,1,1,0,0,9.2282986476421,5.114326513842658,9.021527058252126,23.364152219736884
Bright_Mid_20260114_210400_T4,1736902003.84,96,Bright,Mid,4,4,1280,720,24.468810211561944,0,2,alice,3,1,0.7505940282708657,770.3861113885405,241.47871538082907,860.3605400150841,395.63877181372857,13870.46299458585,alice,0.9226962650036796,bob,0.8181278956972172,0.1045683693064624,alice,alice,alice,2,1,1,0,0,9.2282986476421,5.114326513842658,9.021527058252126,23.364152219736884
Bright_Mid_20260114_210400_T4,1736902003.84,96,Bright,Mid,4,4,1280,720,24.468810211561944,0,3,bob,4,1,0.8612214327352558,1073.170449165014,245.29649251872053,1201.1560102697053,455.72596852915063,26931.934560161106,bob,0.7079436505962596,chen,0.6593801523560283,0.04856349824023132,unknown,unknown,unknown,0,0,0,0,0,9.2282986476421,5.114326513842658,9.021527058252126,23.364152219736884
Bright_Mid_20260114_210400_T4,1736902003.88,97,Bright,Mid,4,4,1280,720,21.117278987333417,0,0,diana,1,1,0.7664050217340375,90.28972455977117,171.92582957872844,205.83156165900806,380.73556185007203,24126.26007083085,diana,0.7697013570914409,alice,0.7061721108846762,0.0635292462067647,diana,diana,diana,2,1,1,0,0,13.49514056355729,8.827782013551552,4.768260022408535,27.091182599517378
Bright_Mid_20260114_210400_T4,1736902003.88,97,Bright,Mid,4,4,1280,720,21.117278987333417,0,1,chen,2,1,0.7571226524310458,429.88858505786453,186.58544916345454,511.0011648486346,361.41591748562223,14180.95031163952,chen,0.8239658895622071,bob,0.7354409875022339,0.08852490205997321,chen,chen,chen,1,1,1,0,0,13.49514056355729,8.827782013551552,4.768260022408535,27.091182599517378
Bright_Mid_20260114_210400_T4,1736902003.88,97,Bright,Mid,4,4,1280,720,21.117278987333417,0,2,alice,3,1,0.8195632935361411,734.3412262933705,164.9169210106748,832.6382167146905,352.4988409164368,18438.738184189515,alice,0.8752516129929742,diana,0.7794045016744798,0.09584711131849433,alice,alice,alice,2,1,1,0,0,13.49514056355729,8.827782013551552,4.768260022408535,27.091182599517378
Bright_Mid_20260114_210400_T4,1736902003.88,97,Bright,Mid,4,4,1280,720,21.117278987333417,0,3,bob,4,1,0.7773395816934121,1036.5313298497251,236.63770181509835,1162.562846420299,446.9542092703749,26506.508394414894,bob,0.8757773582698336,alice,0.7791363022143988,0.09664105605543483,bob,bob,bob,3,1,1,0,0,13.49514056355729,8.827782013551552,4.768260022408535,27.091182599517378
Bright_Mid_20260114_210400_T4,1736902003.92,98,Bright,Mid,4,4,1280,720,21.437436643660828,2,0,diana,1,1,0.7590062140415388,80.6584783504277,297.2009959115534,202.00341583245768,484.53824496445793,22732.426774380183,diana,0.8939246314949916,bob,0.824621982068845,0.06930264942614661,diana,diana,diana,1,1,1,0,0,12.477756015929666,5.252573222144464,7.770211678498495,25.500540916572625
Bright_Mid_20260114_210400_T4,1736902003.92,98,Bright,Mid,4,4,1280,720,21.437436643660828,2,1,chen,2,1,0.8251133375640811,440.4217133507844,230.04560763800112,561.2497788985072,373.483209132061,17331.287915332414,chen,0.8517047705839201,bob,0.7279320489224461,0.12377272166147402,chen,chen,chen,2,1,1,0,0,12.477756015929666,5.252573222144464,7.770211678498495,25.500540916572625
Bright_Mid_20260114_210400_T4,1736902003.92,98,Bright,Mid,4,4,1280,720,21.437436643660828,2,2,alice,3,1,0.7146893938305467,741.3781467402326,294.7456038206452,856.3277451944972,481.41000581364153,21456.998054800348,alice,0.8425327953860525,bob,0.6678432156124343,0.1746895797736182,alice,alice,alice,3,1,1,0,0,12.477756015929666,5.252573222144464,7.770211678498495,25.500540916572625
Bright_Mid_20260114_210400_T4,1736902003.92,98,Bright,Mid,4,4,1280,720,21.437436643660828,2,3,bob,4,1,0.6212148973957287,1064.8390088927274,241.65965107542178,1145.5214269047403,432.10962493372784,15365.964401212785,bob,0.8046672186943516,diana,0.6669521513368553,0.1377150673574964,bob,bob,bob,2,1,1,0,0,12.477756015929666,5.252573222144464,7.770211678498495,25.500540916572625
Bright_Mid_20260114_210400_T4,1736902003.96,99,Bright,Mid,4,4,1280,720,23.897104363960015,1,0,diana,-1,0,-1.0,-1.0,-1.0,-1.0,-1.0,0.0,unknown,-1.0,unknown,-1.0,-1.0,unknown,unknown,unknown,0,0,0,0,1,18.840365498473584,9.043138078130914,8.756372254253945,36.63987583085844
Bright_Mid_20260114_210400_T4,1736902003.96,99,Bright,Mid,4,4,1280,720,23.897104363960015,1,1,chen,2,1,0.814810871355339,409.20358839864747,192.5422458876394,490.194061479297,358.18682933274056,13415.633176465866,chen,0.7817484466624152,bob,0.6212616112348361,0.16048683542757902,chen,chen,chen,1,1,1,0,0,18.840365498473584,9.043138078130914,8.756372254253945,36.63987583085844
Bright_Mid_20260114_210400_T4,1736902003.96,99,Bright,Mid,4,4,1280,720,23.897104363960015,1,2,alice,3,1,0.7255752454117729,727.2367420489004,187.1755346012174,823.3865567274256,370.1395585846008,17591.95699883956,alice,0.7409370349607017,bob,0.5634463240045955,0.17749071095610625,alice,alice,alice,2,1,1,0,0,18.840365498473584,9.043138078130914,8.756372254253945,36.63987583085844
Bright_Mid_20260114_210400_T4,1736902003.96,99,Bright,Mid,4,4,1280,720,23.897104363960015,1,3,bob,4,1,0.6583962829732461,1067.8016182820013,208.07113762068093,1151.099243467527,362.05566151024993,12826.545155324948,bob,0.7956592407394235,chen,0.6512918028937723,0.1443674378456512,bob,bob,bob,2,1,1,0,0,18.840365498473584,9.043138078130914,8.756372254253945,36.63987583085844
Bright_Mid_20260114_210400_T4,1736902004.0,100,Bright,Mid,4,4,1280,720,27.35511184678049,2,0,diana,1,1,0.7407802290854064,90.16416269124038,189.51410344252668,192.72752123636445,396.5136864425392,21230.572449921456,diana,0.8568121293489586,chen,0.7535177398722059,0.10329438947675262,diana,diana,diana,1,1,1,0,0,16.15544346365215,8.412825168626043,12.268809356328592,36.83707798860679
Bright_Mid_20260114_210400_T4,1736902004.0,100,Bright,Mid,4,4,1280,720,27.35511184678049,2,1,chen,2,1,0.776414134837006,415.4031893811357,238.85715592873157,516.1546312479353,422.49027289019,18501.30130836159,chen,0.7947177995571374,diana,0.6239221883071172,0.17079561125002019,chen,chen,chen,2,1,1,0,0,16.15544346365215,8.412825168626043,12.268809356328592,36.83707798860679
Bright_Mid_20260114_210400_T4,1736902004.0,100,Bright,Mid,4,4,1280,720,27.35511184678049,2,2,alice,3,1,0.9044076322548257,757.2482267270425,224.36808818954222,882.0240443635059,393.97419573702183,21162.740745374722,alice,0.9665898582980185,bob,0.7972863219581807,0.16930353633983775,alice,alice,alice,1,1,1,0,0,16.15544346365215,8.412825168626043,12.268809356328592,36.83707798860679
Bright_Mid_20260114_210400_T4,1736902004.0,100,Bright,Mid,4,4,1280,720,27.35511184678049,2,3,bob,4,1,0.8081935573287401,1045.2156949962448,266.17678269363705,1165.6365028936868,435.50055783040057,20390.105798213874,bob,0.8953885693336933,chen,0.716483857380306,0.1789047119533873,bob,bob,bob,2,1,1,0,0,16.15544346365215,8.412825168626043,12.268809356328592,36.83707798860679
Bright_Mid_20260114_210400_T4,1736902004.04,101,Bright,Mid,4,4,1280,720,28.054559153308766,2,0,diana,1,1,0.6594561561172841,104.85634214101826,243.62227509720447,217.5680686917902,457.7170402408152,24130.99062481839,diana,0.8349624770940344,alice,0.6946740806328641,0.1402883964611703,diana,diana,diana,2,1,1,0,0,12.59590449011072,6.1483442347300485,7.234826832996152,25.97907555783692
Bright_Mid_20260114_210400_T4,1736902004.04,101,Bright,Mid,4,4,1280,720,28.054559153308766,2,1,chen,2,1,0.9254252141913013,410.6003913407514,164.46424004478638,536.6777196030979,377.4937173926785,26858.1873451463,chen,0.8882170445444274,alice,0.7229563988184924,0.16526064572593502,chen,chen,chen,1,1,1,0,0,12.59590449011072,6.1483442347300485,7.234826832996152,25.97907555783692
Bright_Mid_20260114_210400_T4,1736902004.04,101,Bright,Mid,4,4,1280,720,28.054559153308766,2,2,alice,3,1,0.6979752278747806,734.8784822493096,259.40494979794414,845.2095384462123,437.86102125063564,19689.246848125378,alice,0.8454637358516388,bob,0.7257770223132806,0.11968671353835825,alice,alice,alice,2,1,1,0,0,12.59590449011072,6.1483442347300485,7.234826832996152,25.97907555783692
Bright_Mid_20260114_210400_T4,1736902004.04,101,Bright,Mid,4,4,1280,720,28.054559153308766,2,3,bob,4,1,0.7952673989657524,1033.0042937260537,235.23889259201206,1154.6945668682665,366.6979927653487,15997.293807122856,bob,0.8478304628463206,chen,0.6819538492539237,0.16587661359239692,bob,bob,bob,2,1,1,0,0,12.59590449011072,6.1483442347300485,7.234826832996152,25.97907555783692
Bright_Mid_20260114_210400_T4,1736902004.08,102,Bright,Mid,4,4,1280,720,27.937846251836962,0,0,diana,1,1,0.7578470763907517,99.8639402924582,289.1808860236922,188.445646292932,426.7559479356062,12186.633687278143,diana,0.8356462744827073,bob,0.7561868312040343,0.07945944327867305,diana,diana,diana,1,1,1,0,0,14.294639415829103,9.65193845814025,9.20254040863093,33.149118282600284
Bright_Mid_20260114_210400_T4,1736902004.08,102,Bright,Mid,4,4,1280,720,27.937846251836962,0,1,chen,2,1,0.7425715791490427,451.3788793486589,214.15528940923753,550.7503143645337,402.51390156035404,18717.46558705503,chen,0.8110270718768745,alice,0.6828810686754603,0.12814600320141423,chen,chen,chen,2,1,1,0,0,14.294639415829103,9.65193845814025,9.20254040863093,33.149118282600284
Bright_Mid_20260114_210400_T4,1736902004.08,102,Bright,Mid,4,4,1280,720,27.937846251836962,0,2,alice,3,1,0.7822614928780222,749.8245378264869,183.81599967744705,838.685365077245,375.6735930178811,17048.624458570514,alice,0.823263942499344,diana,0.6680864844103719,0.1551774580889721,alice,alice,alice,1,1,1,0,0,14.294639415829103,9.65193845814025,9.20254040863093,33.149118282600284
Bright_Mid_20260114_210400_T4,1736902004.08,102,Bright,Mid,4,4,1280,720,27.937846251836962,0,3,bob,4,1,0.7546842582660311,1063.1693442272956,225.87527912948207,1150.9943913156987,391.2573769813334,14524.69053141774,bob,0.8709199868117231,chen,0.7158825037652936,0.1550374830464295,bob,bob,bob,2,1,1,0,0,14.294639415829103,9.65193845814025,9.20254040863093,33.149118282600284
Bright_Mid_20260114_210400_T4,1736902004.12,103,Bright,Mid,4,4,1280,720,23.376999013549433,2,0,diana,1,1,0.7947060962850668,84.9095111172044,255.8501541645947,205.69321369981085,449.57778019360427,23399.1399643223,bob,0.7274196938911383,diana,0.6908967950379223,0.03652289885321591,bob,bob,bob,2,0,0,1,0,8.875136594297128,6.173446184834351,9.877865505580004,24.926448284711483
Bright_Mid_20260114_210400_T4,1736902004.12,103,Bright,Mid,4,4,1280,720,23.376999013549433,2,1,chen,2,1,0.7872563628440454,431.3479169033568,211.7418818089164,530.0677491019462,406.3053917036926,19207.277048780896,chen,0.8102303251485871,bob,0.6678298382472975,0.1424004869012896,chen,chen,chen,1,1,1,0,0,8.875136594297128,6.173446184834351,9.877865505580004,24.926448284711483
Bright_Mid_20260114_210400_T4,1736902004.12,103,Bright,Mid,4,4,1280,720,23.376999013549433,2,2,alice,3,1,0.8050320519668616,768.3471458805521,245.99245938247822,858.4181638979038,445.9019255140576,18006.04912577664,alice,0.9101530004944869,chen,0.8240199182992842,0.08613308219520266,alice,alice,alice,2,1,1,0,0,8.875136594297128,6.173446184834351,9.877865505580004,24.926448284711483
Bright_Mid_20260114_210400_T4,1736902004.12,103,Bright,Mid,4,4,1280,720,23.376999013549433,2,3,bob,4,1,0.7883201225086031,1062.6884492115864,119.82103056201629,1168.285594604583,288.84934458275916,17848.90745118145,bob,0.8752359514034707,alice,0.7835696047830332,0.09166634662043749,bob,bob,bob,2,1,1,0,0,8.875136594297128,6.173446184834351,9.877865505580004,24.926448284711483
Bright_Mid_20260114_210400_T4,1736902004.16,104,Bright,Mid,4,4,1280,720,28.802266080564806,1,0,diana,1,1,0.7758092408583444,105.00628664680794,282.7435327706953,230.88436045138081,467.7557893666939,23288.986490541683,diana,0.8457817124361073,bob,0.7504917325038718,0.09528997993223554,diana,diana,diana,2,1,1,0,0,7.860584524812034,4.669000014295906,8.150026840322969,20.67961137943091
Bright_Mid_20260114_210400_T4,1736902004.16,104,Bright,Mid,4,4,1280,720,28.802266080564806,1,1,chen,2,1,0.7987851272013567,426.7690307220111,257.74854090010854,531.1272096872415,441.3374639684463,19159.0056895995,chen,0.8587695570848122,alice,0.7507526583267234,0.10801689875808873,chen,chen,chen,2,1,1,0,0,7.860584524812034,4.669000014295906,8.150026840322969,20.67961137943091
Bright_Mid_20260114_210400_T4,1736902004.16,104,Bright,Mid,4,4,1280,720,28.802266080564806,1,2,alice,3,1,0.8410312970191206,780.6389926730143,217.83599476575657,867.0892730660449,416.17757172254346,17146.684941510095,alice,0.8797812409216343,chen,0.7459076067785697,0.13387363414306463,alice,alice,alice,1,1,1,0,0,7.860584524812034,4.669000014295906,8.150026840322969,20.67961137943091
Bright_Mid_20260114_210400_T4,1736902004.16,104,Bright,Mid,4,4,1280,720,28.802266080564806,1,3,bob,4,1,0.9485008152442276,1048.8697479270427,236.8039754187591,1171.551933993001,438.5104993357064,24745.797297896614,bob,0.8643722807972642,chen,0.7746098569359887,0.08976242386127553,bob,bob,bob,2,1,1,0,0,7.860584524812034,4.669000014295906,8.150026840322969,20.67961137943091
Bright_Mid_20260114_210400_T4,1736902004.2,105,Bright,Mid,4,4,1280,720,25.191441502419405,1,0,diana,1,1,0.765696540261495,103.32282129633441,305.3356914051804,228.22165116493855,438.6689635297209,16653.169670907282,diana,0.8404442282110174,alice,0.6708272255586031,0.1696170026524143,diana,diana,diana,1,1,1,0,0,22.07592219662513,14.56483434348535,5.482687635534555,42.123444175645034
Bright_Mid_20260114_210400_T4,1736902004.2,105,Bright,Mid,4,4,1280,720,25.191441502419405,1,1,chen,2,1,0.684174276015665,436.36161564564594,173.23705213616608,521.8068969000917,323.79167719145846,12864.182282007087,chen,0.7809975179800579,bob,0.7018167943187862,0.07918072366127171,chen,chen,chen,3,1,1,0,0,22.07592219662513,14.56483434348535,5.482687635534555,42.123444175645034
Bright_Mid_20260114_210400_T4,1736902004.2,105,Bright,Mid,4,4,1280,720,25.191441502419405,1,2,alice,3,1,0.7571031288531891,721.407115445611,200.30479436717602,839.2320557765527,392.27348286535266,22618.699267706794,alice,0.8871662014747778,chen,0.7775911796301146,0.10957502184466317,alice,alice,alice,2,1,1,0,0,22.07592219662513,14.56483434348535,5.482687635534555,42.123444175645034
Bright_Mid_20260114_210400_T4,1736902004.2,105,Bright,Mid,4,4,1280,720,25.191441502419405,1,3,bob,4,1,0.810131081655501,1070.6705938235123,290.07509487182415,1169.3865869690326,505.6565162273323,21281.33411283187,bob,0.8627954427451415,diana,0.7616559188305164,0.1011395239146251,bob,bob,bob,1,1,1,0,0,22.07592219662513,14.56483434348535,5.482687635534555,42.123444175645034
Bright_Mid_20260114_210400_T4,1736902004.24,106,Bright,Mid,4,4,1280,720,25.04905829582732,1,0,diana,1,1,0.7376487040303071,95.28179651370277,220.9315368008373,200.77611321939668,351.105435732425,13732.606520703903,diana,0.8235989346368934,chen,0.7590704130354357,0.06452852160145772,diana,diana,diana,1,1,1,0,0,10.389995211021224,7.484512807568507,3.5382101901960556,21.412718208785787
Bright_Mid_20260114_210400_T4,1736902004.24,106,Bright,Mid,4,4,1280,720,25.04905829582732,1,1,chen,2,1,0.9203524024566407,419.40349152848603,217.83585115728562,522.5327108709276,370.27275293890233,15720.698679718578,chen,0.9715386319175292,diana,0.8130159007091275,0.15852273120840166,chen,chen,chen,2,1,1,0,0,10.389995211021224,7.484512807568507,3.5382101901960556,21.412718208785787
Bright_Mid_20260114_210400_T4,1736902004.24,106,Bright,Mid,4,4,1280,720,25.04905829582732,1,2,alice,3,1,0.7416691004876098,781.7875609511442,269.23735164599145,868.7527835421639,483.3762924045675,18622.64064847475,alice,0.79984981168576,chen,0.6198532637592171,0.17999654792654285,alice,alice,alice,2,1,1,0,0,10.389995211021224,7.484512807568507,3.5382101901960556,21.412718208785787
Bright_Mid_20260114_210400_T4,1736902004.24,106,Bright,Mid,4,4,1280,720,25.04905829582732,1,3,bob,4,1,0.8172087825117454,1093.9130586316314,283.48608061404207,1184.9452558986836,424.33403402549766,12821.698679612204,bob,0.8442175862479272,chen,0.698290375023409,0.14592721122451824,bob,bob,bob,2,1,1,0,0,10.389995211021224,7.484512807568507,3.5382101901960556,21.412718208785787
Bright_Mid_20260114_210400_T4,1736902004.28,107,Bright,Mid,4,4,1280,720,23.602786607342118,0,0,diana,1,1,0.6823031577372553,121.17918954825493,165.63146587830502,205.61530608244536,361.84313696693175,16567.351525407532,diana,0.945706334994594,chen,0.8226699421789173,0.12303639281567669,diana,diana,diana,1,1,1,0,0,10.55643173153505,7.547258629593978,2.6068591426411007,20.710549503770128
Bright_Mid_20260114_210400_T4,1736902004.28,107,Bright,Mid,4,4,1280,720,23.602786607342118,0,1,chen,2,1,0.7899566928824744,419.5441917508072,201.2292141597013,529.7582581957091,411.03417324891495,23123.457701528518,chen,0.9216691919971098,alice,0.8508927595194695,0.07077643247764032,chen,chen,chen,2,1,1,0,0,10.55643173153505,7.547258629593978,2.6068591426411007,20.710549503770128
Bright_Mid_20260114_210400_T4,1736902004.28,107,Bright,Mid,4,4,1280,720,23.602786607342118,0,2,alice,3,1,0.8708822325607932,744.79591797359,231.3576206550248,854.2515918406044,436.1049544522199,22410.757393246524,alice,0.8129972675921895,diana,0.7279023536657102,0.08509491392647928,alice,alice,alice,2,1,1,0,0,10.55643173153505,7.547258629593978,2.6068591426411007,20.710549503770128
Bright_Mid_20260114_210400_T4,1736902004.28,107,Bright,Mid,4,4,1280,720,23.602786607342118,0,3,bob,4,1,0.718887794030398,1076.1369363746996,243.61558170622962,1161.5117224751596,446.0276416217914,17280.886319444566,bob,0.8470610773225832,alice,0.714246142513947,0.13281493480863615,bob,bob,bob,2,1,1,0,0,10.55643173153505,7.547258629593978,2.6068591426411007,20.710549503770128
Bright_Mid_20260114_210400_T4,1736902004.32,108,Bright,Mid,4,4,1280,720,26.196873556791278,1,0,diana,1,1,0.8365958676703139,104.53071578097493,242.35414317377183,218.27590193338918,394.47104649324547,17302.56548500233,diana,0.9236761208388149,bob,0.8226983182206222,0.10097780261819267,diana,diana,diana,2,1,1,0,0,13.662718490600898,5.874479703296746,8.35189249118531,27.889090685082955
Bright_Mid_20260114_210400_T4,1736902004.32,108,Bright,Mid,4,4,1280,720,26.196873556791278,1,1,chen,2,1,0.7962978761998917,405.77991617687496,232.23108137749438,522.0796258210224,377.2340625524543,16863.804608183622,chen,0.8432323824187972,bob,0.6986968949031984,0.14453548751559875,chen,chen,chen,1,1,1,0,0,13.662718490600898,5.874479703296746,8.35189249118531,27.889090685082955
Bright_Mid_20260114_210400_T4,1736902004.32,108,Bright,Mid,4,4,1280,720,26.196873556791278,1,2,alice,3,1,0.7073770622220171,702.355626177263,271.1626317406493,826.4055184933427,445.1114236663981,21578.32890690128,alice,0.9255027499241171,chen,0.7992902220369581,0.12621252788715898,alice,alice,alice,1,1,1,0,0,13.662718490600898,5.874479703296746,8.35189249118531,27.889090685082955
Bright_Mid_20260114_210400_T4,1736902004.32,108,Bright,Mid,4,4,1280,720,26.196873556791278,1,3,bob,4,1,0.8127431390758916,1066.5023268438704,239.58478994712846,1157.6784219858787,374.5241378668476,12303.242824328872,bob,0.8129395317928267,diana,0.7152796924025502,0.09765983939027656,bob,bob,bob,3,1,1,0,0,13.662718490600898,5.874479703296746,8.35189249118531,27.889090685082955
Bright_Mid_20260114_210400_T4,1736902004.36,109,Bright,Mid,4,4,1280,720,28.80087373612042,2,0,diana,1,1,0.6942907389949226,159.20154889843275,191.71184741239477,254.5331442803917,361.9094946664191,16225.213242982025,diana,0.6478257277815669,alice,0.6068287670459883,0.04099696073557857,unknown,unknown,unknown,0,0,0,0,0,20.415668538393565,12.064940862930538,15.623503771238276,48.10411317256238
Bright_Mid_20260114_210400_T4,1736902004.36,109,Bright,Mid,4,4,1280,720,28.80087373612042,2,1,chen,2,1,0.7234544195946832,434.8674921823816,274.0354616757055,537.4796877343254,482.89808865302416,21431.8527228893,diana,0.7298103769256672,chen,0.692644612951127,0.03716576397454019,unknown,unknown,unknown,0,0,0,0,0,20.415668538393565,12.064940862930538,15.623503771238276,48.10411317256238
Bright_Mid_20260114_210400_T4,1736902004.36,109,Bright,Mid,4,4,1280,720,28.80087373612042,2,2,alice,3,1,0.665148096430309,748.241984419122,228.94585430975664,865.5825279671997,364.958993009804,15959.855624743634,chen,0.6345258007337835,alice,0.5600834563589969,0.07444234437478658,unknown,unknown,unknown,0,0,0,0,0,20.415668538393565,12.064940862930538,15.623503771238276,48.10411317256238
Bright_Mid_20260114_210400_T4,1736902004.36,109,Bright,Mid,4,4,1280,720,28.80087373612042,2,3,bob,4,1,0.7634222862997686,1069.6067601836037,196.84798399421777,1191.0983128586342,404.86461424071,25272.263390874068,bob,0.794642938561505,alice,0.6727347841619359,0.12190815439956915,bob,bob,bob,2,1,1,0,0,20.415668538393565,12.064940862930538,15.623503771238276,48.10411317256238
Bright_Mid_20260114_210400_T4,1736902004.4,110,Bright,Mid,4,4,1280,720,22.449330108171928,1,0,diana,1,1,0.7941041761176914,104.33893834229427,233.3257340549405,205.2780367152559,440.9189003576231,20954.26703498106,diana,0.8686331496148695,bob,0.7495358752062947,0.11909727440857476,diana,diana,diana,3,1,1,0,0,10.30933544673212,7.747770002112988,5.655332942852786,23.712438391697894
Bright_Mid_20260114_210400_T4,1736902004.4,110,Bright,Mid,4,4,1280,720,22.449330108171928,1,1,chen,2,1,0.7786150288775706,385.49527044407677,254.72041761132607,504.80863080396085,386.7707577524584,15755.369818904188,chen,0.867786661650057,bob,0.6936525681446684,0.17413409350538867,chen,chen,chen,2,1,1,0,0,10.30933544673212,7.747770002112988,5.655332942852786,23.712438391697894
Bright_Mid_20260114_210400_T4,1736902004.4,110,Bright,Mid,4,4,1280,720,22.449330108171928,1,2,alice,3,1,0.7697905344288289,784.341795554372,228.5814612541088,882.001214685206,392.9640135809492,16053.50457548317,alice,0.8369545112028371,chen,0.7245199778435802,0.1124345333592569,alice,alice,alice,1,1,1,0,0,10.30933544673212,7.747770002112988,5.655332942852786,23.712438391697894
Bright_Mid_20260114_210400_T4,1736902004.4,110,Bright,Mid,4,4,1280,720,22.449330108171928,1,3,bob,4,1,0.7917323437071839,1075.8052175508076,195.2716281152113,1177.6507133506723,385.2681198983771,19350.28690589144,bob,0.8531247825368046,alice,0.7249935663294956,0.12813121620730894,bob,bob,bob,2,1,1,0,0,10.30933544673212,7.747770002112988,5.655332942852786,23.712438391697894
Bright_Mid_20260114_210400_T4,1736902004.44,111,Bright,Mid,4,4,1280,720,28.412123424478292,1,0,diana,1,1,0.7976993437643164,78.32385386535552,232.42469814426204,182.4481714116479,368.5911993356407,14178.24400921871,diana,0.9175121063719829,chen,0.8128780881875372,0.10463401818444573,diana,diana,diana,2,1,1,0,0,15.593995388048382,9.085028849015925,9.285955623690898,33.96497986075521
Bright_Mid_20260114_210400_T4,1736902004.44,111,Bright,Mid,4,4,1280,720,28.412123424478292,1,1,chen,2,1,0.7370596023686937,413.1166142051295,262.31389302694083,523.9168195865423,395.8292687651317,14793.531053368042,chen,0.8724892476762675,diana,0.7746592739088989,0.09782997376736857,chen,chen,chen,3,1,1,0,0,15.593995388048382,9.085028849015925,9.285955623690898,33.96497986075521
Bright_Mid_20260114_210400_T4,1736902004.44,111,Bright,Mid,4,4,1280,720,28.412123424478292,1,2,alice,3,1,0.6678060259480556,765.5235398668482,260.5567109598759,857.3821055755831,425.3377777477939,15136.552451093397,alice,0.9080538472098787,bob,0.785217732697058,0.12283611451282073,alice,alice,alice,2,1,1,0,0,15.593995388048382,9.085028849015925,9.285955623690898,33.96497986075521
Bright_Mid_20260114_210400_T4,1736902004.44,111,Bright,Mid,4,4,1280,720,28.412123424478292,1,3,bob,4,1,0.7237927670289719,1047.9865796806498,260.6198460722402,1170.563884360598,426.8925090250199,20381.254866709205,bob,0.8206156901758546,alice,0.6828444596013201,0.13777123057453444,bob,bob,bob,3,1,1,0,0,15.593995388048382,9.085028849015925,9.285955623690898,33.96497986075521
Bright_Mid_20260114_210400_T4,1736902004.48,112,Bright,Mid,4,4,1280,720,23.342156769502154,0,0,diana,1,1,0.8327382513283103,125.32293863807276,247.42389314304427,218.9184820855147,384.7512147892575,12853.225299658989,diana,0.7845629985874354,chen,0.6657020795578436,0.11886091902959184,diana,diana,diana,1,1,1,0,0,12.832007019426234,10.018505828845898,7.704418220321584,30.554931068593714
Bright_Mid_20260114_210400_T4,1736902004.48,112,Bright,Mid,4,4,1280,720,23.342156769502154,0,1,chen,2,1,0.8499410198466686,453.67106126609235,334.44316900749686,558.7020505933217,494.39355352404436,16799.74712904373,chen,0.7918351454474593,diana,0.6181070244421514,0.17372812100530788,chen,chen,chen,2,1,1,0,0,12.832007019426234,10.018505828845898,7.704418220321584,30.554931068593714
Bright_Mid_20260114_210400_T4,1736902004.48,112,Bright,Mid,4,4,1280,720,23.342156769502154,0,2,alice,3,1,0.7041015114106193,747.9796976201542,191.62742097171287,867.6987665397346,400.36465673284107,24989.827514169214,alice,0.8559311258453056,bob,0.7590336623803589,0.09689746346494676,alice,alice,alice,2,1,1,0,0,12.832007019426234,10.018505828845898,7.704418220321584,30.554931068593714
Bright_Mid_20260114_210400_T4,1736902004.48,112,Bright,Mid,4,4,1280,720,23.342156769502154,0,3,bob,4,1,0.9746725868975427,1068.9675846257862,179.64394129845329,1185.886220244987,347.1244834795429,19581.59648457701,bob,0.8704911575935873,alice,0.7583538277638306,0.11213732982975666,bob,bob,bob,2,1,1,0,0,12.832007019426234,10.018505828845898,7.704418220321584,30.554931068593714
Bright_Mid_20260114_210400_T4,1736902004.52,113,Bright,Mid,4,4,1280,720,27.481260449460965,0,0,diana,-1,0,-1.0,-1.0,-1.0,-1.0,-1.0,0.0,unknown,-1.0,unknown,-1.0,-1.0,unknown,unknown,unknown,0,0,0,0,1,11.432523553941616,6.533098396756695,4.3506798291457285,22.31630177984404
Bright_Mid_20260114_210400_T4,1736902004.52,113,Bright,Mid,4,4,1280,720,27.481260449460965,0,1,chen,2,1,0.8243848248353163,428.1215512230262,221.96485674607607,538.7737369767663,371.2221660996016,16515.647519689755,chen,0.8961706931596461,diana,0.7200718005695476,0.1760988925900986,chen,chen,chen,3,1,1,0,0,11.432523553941616,6.533098396756695,4.3506798291457285,22.31630177984404
Bright_Mid_20260114_210400_T4,1736902004.52,113,Bright,Mid,4,4,1280,720,27.481260449460965,0,2,alice,3,1,0.6322966213724435,732.8762290087965,178.75458014487486,820.2140934129653,382.5917086226851,17802.69948753013,alice,0.841798481682434,chen,0.7258663007586749,0.11593218092375912,alice,alice,alice,1,1,1,0,0,11.432523553941616,6.533098396756695,4.3506798291457285,22.31630177984404
Bright_Mid_20260114_210400_T4,1736902004.52,113,Bright,Mid,4,4,1280,720,27.481260449460965,0,3,bob,4,1,0.8141504546264311,1072.6393104964347,315.6451183317983,1179.7828445227071,521.6596581360063,22073.12585541901,diana,0.8054572391595004,bob,0.7424008836692969,0.0630563554902035,unknown,unknown,unknown,0,0,0,0,0,11.432523553941616,6.533098396756695,4.3506798291457285,22.31630177984404
Bright_Mid_20260114_210400_T4,1736902004.56,114,Bright,Mid,4,4,1280,720,23.709157803530346,0,0,diana,1,1,0.7649312734519477,111.29528454875165,153.064933023918,229.11612992783884,347.5821458829895,22918.182459839652,chen,0.8060267106068189,diana,0.7844099493355292,0.021616761271289642,unknown,unknown,unknown,0,0,0,0,0,10.602471588073984,6.409841787741055,5.245578105985116,22.257891481800154
Bright_Mid_20260114_210400_T4,1736902004.56,114,Bright,Mid,4,4,1280,720,23.709157803530346,0,1,chen,2,1,0.644231969089921,391.33008702179217,305.8809170805873,515.4318426761138,468.81697946522536,20220.65140133565,chen,0.8816332620728264,alice,0.7122906816765124,0.169342580396314,chen,chen,chen,1,1,1,0,0,10.602471588073984,6.409841787741055,5.245578105985116,22.257891481800154
Bright_Mid_20260114_210400_T4,1736902004.56,114,Bright,Mid,4,4,1280,720,23.709157803530346,0,2,alice,3,1,0.8145433681879518,740.5244952875745,254.94891703396803,824.5559331572257,431.194723811212,14810.188561988525,bob,0.6895350808281646,diana,0.6351596077114021,0.054375473116762496,unknown,unknown,unknown,0,0,0,0,0,10.602471588073984,6.409841787741055,5.245578105985116,22.257891481800154
Bright_Mid_20260114_210400_T4,1736902004.56,114,Bright,Mid,4,4,1280,720,23.709157803530346,0,3,bob,4,1,0.8011774274155894,1063.0026225864265,354.4297841708067,1175.9122630103655,507.76616347574935,17313.15545122979,bob,0.9510835424358302,chen,0.8190718537002235,0.13201168873560665,bob,bob,bob,2,1,1,0,0,10.602471588073984,6.409841787741055,5.245578105985116,22.257891481800154
Bright_Mid_20260114_210400_T4,1736902004.6,115,Bright,Mid,4,4,1280,720,25.48621745612448,1,0,diana,-1,0,-1.0,-1.0,-1.0,-1.0,-1.0,0.0,unknown,-1.0,unknown,-1.0,-1.0,unknown,unknown,unknown,0,0,0,0,1,10.657736851404636,6.8660100571058065,4.88383127966969,22.407578188180132
Bright_Mid_20260114_210400_T4,1736902004.6,115,Bright,Mid,4,4,1280,720,25.48621745612448,1,1,chen,2,1,0.7485635584670464,417.7537099554083,278.49721369325215,508.8802399724711,436.1301087900693,14364.53874671662,chen,0.9498836915231899,diana,0.8231141159973457,0.1267695755258441,chen,chen,chen,2,1,1,0,0,10.657736851404636,6.8660100571058065,4.88383127966969,22.407578188180132
Bright_Mid_20260114_210400_T4,1736902004.6,115,Bright,Mid,4,4,1280,720,25.48621745612448,1,2,alice,3,1,0.6885299364088944,741.9168524380277,263.29835650089376,863.575048985166,463.67243156911763,24377.14860760101,alice,0.8642920831953105,diana,0.6989387573782238,0.16535332581708673,alice,alice,alice,3,1,1,0,0,10.657736851404636,6.8660100571058065,4.88383127966969,22.407578188180132
Bright_Mid_20260114_210400_T4,1736902004.6,115,Bright,Mid,4,4,1280,720,25.48621745612448,1,3,bob,4,1,0.7194488052944676,1069.7798703640183,219.89386569023878,1180.4487296599377,392.4765487535356,19099.528668844257,bob,0.5790285748994758,diana,0.5493884224498475,0.029640152449628254,unknown,unknown,unknown,0,0,0,0,0,10.657736851404636,6.8660100571058065,4.88383127966969,22.407578188180132
Bright_Mid_20260114_210400_T4,1736902004.64,116,Bright,Mid,4,4,1280,720,22.840797059104354,0,0,diana,1,1,0.7405748825420467,114.59395965943403,307.82793933325235,213.54860168086483,496.3993937781407,18660.02077005447,alice,0.7053547826037654,bob,0.6592620294210358,0.04609275318272954,unknown,unknown,unknown,0,0,0,0,0,18.47498611189232,8.48780679837642,9.921324113624662,36.8841170238934
Bright_Mid_20260114_210400_T4,1736902004.64,116,Bright,Mid,4,4,1280,720,22.840797059104354,0,1,chen,2,1,0.99,376.45434415208075,198.23315931299067,501.3326274850925,378.9580890106913,22568.618976128088,chen,0.7379939316088721,alice,0.5687564334847114,0.16923749812416067,chen,chen,chen,2,1,1,0,0,18.47498611189232,8.48780679837642,9.921324113624662,36.8841170238934
Bright_Mid_20260114_210400_T4,1736902004.64,116,Bright,Mid,4,4,1280,720,22.840797059104354,0,2,alice,3,1,0.8617907845679326,750.5740147271406,164.1977933927511,861.8500314505966,372.81279144101734,23213.846011582613,alice,0.8005651497367408,bob,0.6225014450010737,0.17806370473566702,alice,alice,alice,2,1,1,0,0,18.47498611189232,8.48780679837642,9.921324113624662,36.8841170238934
Bright_Mid_20260114_210400_T4,1736902004.64,116,Bright,Mid,4,4,1280,720,22.840797059104354,0,3,bob,4,1,0.8284216044844462,1076.7305680954362,272.2884204581794,1164.774498981177,445.1045383509403,15215.410339692271,bob,0.8330302658285906,chen,0.7534414605971649,0.07958880523142575,bob,bob,bob,1,1,1,0,0,18.47498611189232,8.48780679837642,9.921324113624662,36.8841170238934
Bright_Mid_20260114_210400_T4,1736902004.68,117,Bright,Mid,4,4,1280,720,23.387981459502583,1,0,diana,1,1,0.8167155158943172,99.66382267987541,228.97227763126273,211.34842718902746,395.61375096431243,18611.287044024066,diana,0.7684791877302255,bob,0.674897893699799,0.09358129403042648,diana,diana,diana,2,1,1,0,0,13.930413327861993,7.629561495683758,4.765824540761621,26.32579936430737
Bright_Mid_20260114_210400_T4,1736902004.68,117,Bright,Mid,4,4,1280,720,23.387981459502583,1,1,chen,2,1,0.8762651644213564,437.60446528539126,197.4419230944526,522.66152287296,352.2666720551839,13168.937588333789,chen,0.9029486447178685,alice,0.8293739767949097,0.07357466792295886,chen,chen,chen,3,1,1,0,0,13.930413327861993,7.629561495683758,4.765824540761621,26.32579936430737
Bright_Mid_20260114_210400_T4,1736902004.68,117,Bright,Mid,4,4,1280,720,23.387981459502583,1,2,alice,3,1,0.8483750521585076,769.5908724425896,195.9935838335058,860.2392374586574,367.45626634986945,15542.811831377485,alice,0.870566245969207,chen,0.7637860303144007,0.10678021565480622,alice,alice,alice,2,1,1,0,0,13.930413327861993,7.629561495683758,4.765824540761621,26.32579936430737
Bright_Mid_20260114_210400_T4,1736902004.68,117,Bright,Mid,4,4,1280,720,23.387981459502583,1,3,bob,4,1,0.6937368143895254,1056.5162220213333,222.5057549251732,1165.189573496325,364.2360214691969,15402.303070782944,alice,0.6442728741121982,diana,0.6288647334721535,0.015408140640044699,unknown,unknown,unknown,0,0,0,0,0,13.930413327861993,7.629561495683758,4.765824540761621,26.32579936430737
Bright_Mid_20260114_210400_T4,1736902004.72,118,Bright,Mid,4,4,1280,720,26.460090192414178,0,0,diana,1,1,0.7669454164286813,82.89492946142778,227.67057761107154,203.67883442666133,370.0162054672903,17193.06078720203,diana,0.9232817274747879,chen,0.7726253038584572,0.1506564236163307,diana,diana,diana,2,1,1,0,0,13.302401297615136,6.137294627600658,9.39058270305545,28.830278628271245
Bright_Mid_20260114_210400_T4,1736902004.72,118,Bright,Mid,4,4,1280,720,26.460090192414178,0,1,chen,2,1,0.8694214214345326,434.4394102230152,216.9351623872636,550.3284056161797,373.71761698329965,18169.36115840904,chen,0.8413476361918133,diana,0.7238174091511451,0.11753022704066818,chen,chen,chen,2,1,1,0,0,13.302401297615136,6.137294627600658,9.39058270305545,28.830278628271245
Bright_Mid_20260114_210400_T4,1736902004.72,118,Bright,Mid,4,4,1280,720,26.460090192414178,0,2,alice,3,1,0.8691573300086671,761.0766452249698,292.73731946076,850.6544255049077,459.9528199740887,14978.79336438282,alice,0.9227952846036422,diana,0.8245438089078277,0.0982514756958145,alice,alice,alice,2,1,1,0,0,13.302401297615136,6.137294627600658,9.39058270305545,28.830278628271245
Bright_Mid_20260114_210400_T4,1736902004.72,118,Bright,Mid,4,4,1280,720,26.460090192414178,0,3,bob,4,1,0.8635099034692157,1047.5318791213235,250.10326715144805,1163.4281058101692,391.042553643321,16334.331496626273,bob,0.9192163536368672,chen,0.8472235254536407,0.0719928281832265,bob,bob,bob,1,1,1,0,0,13.302401297615136,6.137294627600658,9.39058270305545,28.830278628271245
Bright_Mid_20260114_210400_T4,1736902004.76,119,Bright,Mid,4,4,1280,720,25.05359657976683,1,0,diana,1,1,0.8917499183557821,97.05991568240196,285.538992780306,210.12780533440142,483.56789894107976,22390.710509692522,diana,0.8240612039819598,bob,0.73835266976946,0.0857085342124998,diana,diana,diana,1,1,1,0,0,16.771423618244537,11.880234871212876,2.545963616799929,31.19762210625734
Bright_Mid_20260114_210400_T4,1736902004.76,119,Bright,Mid,4,4,1280,720,25.05359657976683,1,1,chen,2,1,0.7705353219867016,436.6519747186684,183.5246326489827,535.3643088989575,381.9201480739082,19584.084418495942,chen,0.9016015259014454,alice,0.7896642964278704,0.11193722947357498,chen,chen,chen,2,1,1,0,0,16.771423618244537,11.880234871212876,2.545963616799929,31.19762210625734
Bright_Mid_20260114_210400_T4,1736902004.76,119,Bright,Mid,4,4,1280,720,25.05359657976683,1,2,alice,3,1,0.897485553321252,746.1653095206362,165.09502981874212,839.0964977367527,295.45965894350866,12114.939885917893,alice,0.8799260578793169,chen,0.7781254716657038,0.1018005862136131,alice,alice,alice,3,1,1,0,0,16.771423618244537,11.880234871212876,2.545963616799929,31.19762210625734
Bright_Mid_20260114_210400_T4,1736902004.76,119,Bright,Mid,4,4,1280,720,25.05359657976683,1,3,bob,4,1,0.791395749681578,1081.051786548695,189.68392093606627,1175.069226161871,366.1394390816561,16589.89602166469,bob,0.8730141768636696,diana,0.7472917719488845,0.12572240491478504,bob,bob,bob,2,1,1,0,0,16.771423618244537,11.880234871212876,2.545963616799929,31.19762210625734
Bright_Mid_20260114_210400_T4,1736902004.8,120,Bright,Mid,4,4,1280,720,25.651927881394975,1,0,diana,1,1,0.8131755047342137,94.48916325393263,211.50588451327314,196.9744925107472,373.9874505830793,16651.976796826955,diana,0.9330635300660227,chen,0.7999194490623562,0.13314408100366648,diana,diana,diana,1,1,1,0,0,14.915767624388613,9.646020571649705,3.429537493763327,27.991325689801645
Bright_Mid_20260114_210400_T4,1736902004.8,120,Bright,Mid,4,4,1280,720,25.651927881394975,1,1,chen,2,1,0.7333625683866298,439.0507686689384,232.90573402989173,559.1688954068757,408.46580732047323,21087.94713363962,chen,0.7751310124412981,diana,0.6426856032947906,0.1324454091465075,chen,chen,chen,1,1,1,0,0,14.915767624388613,9.646020571649705,3.429537493763327,27.991325689801645
Bright_Mid_20260114_210400_T4,1736902004.8,120,Bright,Mid,4,4,1280,720,25.651927881394975,1,2,alice,3,1,0.9201546404265918,703.9399692648467,289.35443211527456,828.3250181205706,424.89978369065034,16859.815177869386,alice,0.895272130515498,diana,0.811641580452092,0.08363055006340603,alice,alice,alice,1,1,1,0,0,14.915767624388613,9.646020571649705,3.429537493763327,27.991325689801645
Bright_Mid_20260114_210400_T4,1736902004.8,120,Bright,Mid,4,4,1280,720,25.651927881394975,1,3,bob,4,1,0.8351091925793891,1058.047698078808,275.9600749458189,1184.6943536242989,486.8348869481885,26706.589678884236,bob,0.8624634443233801,diana,0.7125919833103815,0.14987146101299853,bob,bob,bob,1,1,1,0,0,14.915767624388613,9.646020571649705,3.429537493763327,27.991325689801645
Bright_Mid_20260114_210400_T4,1736902004.84,121,Bright,Mid,4,4,1280,720,25.118543081473874,2,0,diana,1,1,0.6827006718824433,110.56256691107943,268.98790256650034,234.4375690059477,399.55584571269696,16174.104230757748,diana,0.8325859110657465,chen,0.750475925242253,0.08210998582349349,diana,diana,diana,2,1,1,0,0,16.00754291219636,12.693960146573618,8.615703037724353,37.31720609649433
Bright_Mid_20260114_210400_T4,1736902004.84,121,Bright,Mid,4,4,1280,720,25.118543081473874,2,1,chen,2,1,0.7702179186728941,417.9774385316783,222.5479202045357,541.8270680911868,418.4481692732203,24262.17327777204,chen,0.671447497607705,alice,0.592430209466159,0.07901728814154596,unknown,unknown,unknown,0,0,0,0,0,16.00754291219636,12.693960146573618,8.615703037724353,37.31720609649433
Bright_Mid_20260114_210400_T4,1736902004.84,121,Bright,Mid,4,4,1280,720,25.118543081473874,2,2,alice,3,1,0.6342505180010575,705.1398840120204,210.64359596929398,831.0776569444337,397.6458177784705,23550.64334806085,alice,0.7409407311575197,diana,0.6288443009509587,0.11209643020656102,alice,alice,alice,2,1,1,0,0,16.00754291219636,12.693960146573618,8.615703037724353,37.31720609649433
Bright_Mid_20260114_210400_T4,1736902004.84,121,Bright,Mid,4,4,1280,720,25.118543081473874,2,3,bob,4,1,0.651900600280281,1091.6049382670694,220.66647326633833,1174.2785038995848,432.79142688405204,17537.126275208346,bob,0.8223929912980581,alice,0.6518262651195343,0.17056672617852375,bob,bob,bob,2,1,1,0,0,16.00754291219636,12.693960146573618,8.615703037724353,37.31720609649433
Bright_Mid_20260114_210400_T4,1736902004.88,122,Bright,Mid,4,4,1280,720,25.215098119012556,1,0,diana,1,1,0.6412987300645803,111.45713825467043,278.3163261519003,213.0464770401569,456.7592375575607,18127.897380658185,alice,0.8724500625587064,diana,0.8142062928925486,0.05824376966615774,alice,alice,alice,2,0,0,1,0,11.948888194235368,8.657177824642659,1.1523363331548442,21.75840235203287
Bright_Mid_20260114_210400_T4,1736902004.88,122,Bright,Mid,4,4,1280,720,25.215098119012556,1,1,chen,2,1,0.8298421963687046,389.5080361064613,199.86725997540876,494.9048233189412,394.56704401692446,20520.731708939424,chen,0.7856759114165446,bob,0.6147884818262873,0.17088742959025727,chen,chen,chen,1,1,1,0,0,11.948888194235368,8.657177824642659,1.1523363331548442,21.75840235203287
Bright_Mid_20260114_210400_T4,1736902004.88,122,Bright,Mid,4,4,1280,720,25.215098119012556,1,2,alice,3,1,0.8656189618199543,767.4518746584283,166.52553504088576,850.7901382591172,379.91940687691954,17783.874741842992,diana,0.7638749253107792,alice,0.7353758936396398,0.02849903167113932,diana,diana,diana,1,0,0,1,0,11.948888194235368,8.657177824642659,1.1523363331548442,21.75840235203287
Bright_Mid_20260114_210400_T4,1736902004.88,122,Bright,Mid,4,4,1280,720,25.215098119012556,1,3,bob,4,1,0.7393142529422829,1044.2447626076032,234.7676949165569,1144.089094170632,437.8396584188283,20275.58445507608,bob,0.8976339023318948,alice,0.7840508044775054,0.11358309785438936,bob,bob,bob,2,1,1,0,0,11.948888194235368,8.657177824642659,1.1523363331548442,21.75840235203287
Bright_Mid_20260114_210400_T4,1736902004.92,123,Bright,Mid,4,4,1280,720,28.27022237982302,1,0,diana,1,1,0.82835442456228,124.98006815868035,246.10454088328902,205.20903010265044,447.0720723004914,16123.416430044344,diana,0.9365912536214956,chen,0.7845765027382982,0.1520147508831975,diana,diana,diana,2,1,1,0,0,8.600219352699535,7.87584527158606,3.4065073136287047,19.8825719379143
Bright_Mid_20260114_210400_T4,1736902004.92,123,Bright,Mid,4,4,1280,720,28.27022237982302,1,1,chen,2,1,0.7755118830826243,425.55144166833355,260.1703283981168,545.5738082171051,456.4607540486754,23559.24141744574,chen,0.8033270695237945,bob,0.6855587563634422,0.1177683131603523,chen,chen,chen,2,1,1,0,0,8.600219352699535,7.87584527158606,3.4065073136287047,19.8825719379143
Bright_Mid_20260114_210400_T4,1736902004.92,123,Bright,Mid,4,4,1280,720,28.27022237982302,1,2,alice,3,1,0.6692969390344019,749.7076862229167,210.69280241380233,831.5082903500286,401.8744275306769,15638.772432563372,alice,0.8590806536218474,diana,0.719926023076877,0.13915463054497035,alice,alice,alice,1,1,1,0,0,8.600219352699535,7.87584527158606,3.4065073136287047,19.8825719379143
Bright_Mid_20260114_210400_T4,1736902004.92,123,Bright,Mid,4,4,1280,720,28.27022237982302,1,3,bob,4,1,0.8297435172693783,1043.9254287452673,184.6425344989395,1152.9364060004527,381.9113815512362,21504.469799174578,alice,0.7329141251649476,bob,0.6828082597413586,0.05010586542358897,alice,alice,alice,1,0,0,1,0,8.600219352699535,7.87584527158606,3.4065073136287047,19.8825719379143
Bright_Mid_20260114_210400_T4,1736902004.96,124,Bright,Mid,4,4,1280,720,25.690491673734122,1,0,diana,1,1,0.7698644779099879,104.98831171434853,277.19239455078633,226.6033594063381,438.90824188095206,19667.080485608607,diana,0.8402687308439991,chen,0.7663990392446931,0.07386969159930601,diana,diana,diana,1,1,1,0,0,14.67085811714398,8.54159900682643,12.114636418844682,35.32709354281509
Bright_Mid_20260114_210400_T4,1736902004.96,124,Bright,Mid,4,4,1280,720,25.690491673734122,1,1,chen,2,1,0.777896848362748,431.8358457969259,191.17977159139446,522.517910185161,395.8908050725853,18563.61911912349,chen,0.8186710849038723,alice,0.7343193903811467,0.08435169452272562,chen,chen,chen,1,1,1,0,0,14.67085811714398,8.54159900682643,12.114636418844682,35.32709354281509
Bright_Mid_20260114_210400_T4,1736902004.96,124,Bright,Mid,4,4,1280,720,25.690491673734122,1,2,alice,3,1,0.8510623913737001,753.7196786349308,257.2616149637312,867.6641103944254,472.042578815532,24473.094878849995,alice,0.9067079965790061,bob,0.8455978375471235,0.06111015903188266,alice,alice,alice,1,1,1,0,0,14.67085811714398,8.54159900682643,12.114636418844682,35.32709354281509
Bright_Mid_20260114_210400_T4,1736902004.96,124,Bright,Mid,4,4,1280,720,25.690491673734122,1,3,bob,4,1,0.748219704273439,1066.1713701336805,237.9775747089038,1175.15313192097,446.1730079631724,22689.505112118237,bob,0.8401487533465983,alice,0.7021266532047554,0.1380221001418429,bob,bob,bob,2,1,1,0,0,14.67085811714398,8.54159900682643,12.114636418844682,35.32709354281509
Bright_Mid_20260114_210400_T4,1736902005.0,125,Bright,Mid,4,4,1280,720,26.298555608845167,0,0,diana,1,1,0.7549947693005816,105.85231441652334,206.18877440096128,208.01485059062176,393.3465999457404,19120.5181224841,alice,0.7882019769682976,bob,0.7304588984385743,0.05774307852972338,unknown,unknown,unknown,0,0,0,0,0,10.649903565384948,7.671876285556421,6.5718148795037115,24.89359473044508
Bright_Mid_20260114_210400_T4,1736902005.0,125,Bright,Mid,4,4,1280,720,26.298555608845167,0,1,chen,2,1,0.7257951554433804,416.2579701442144,267.07114103008223,529.6250141374518,458.9010236109174,21747.186737759093,diana,0.6361441803375121,bob,0.5578485549157632,0.07829562542174884,unknown,unknown,unknown,0,0,0,0,0,10.649903565384948,7.671876285556421,6.5718148795037115,24.89359473044508
Bright_Mid_20260114_210400_T4,1736902005.0,125,Bright,Mid,4,4,1280,720,26.298555608845167,0,2,alice,3,1,0.7346059402749214,777.7748550582236,315.3466754249143,872.1648000294605,475.43520781878823,15110.747763183837,alice,0.8730939192384273,chen,0.7162736017022019,0.15682031753622538,alice,alice,alice,2,1,1,0,0,10.649903565384948,7.671876285556421,6.5718148795037115,24.89359473044508
Bright_Mid_20260114_210400_T4,1736902005.0,125,Bright,Mid,4,4,1280,720,26.298555608845167,0,3,bob,4,1,0.7449761581756575,1050.3690490095314,277.9281264131961,1153.9293328558451,462.27794781237594,19091.319831116307,bob,0.8961116789987382,diana,0.7472858530592925,0.1488258259394457,bob,bob,bob,1,1,1,0,0,10.649903565384948,7.671876285556421,6.5718148795037115,24.89359473044508
Bright_Mid_20260114_210400_T4,1736902005.04,126,Bright,Mid,4,4,1280,720,23.145548173647214,2,0,diana,1,1,0.7580166767625217,131.8693723017135,297.37513770422777,229.02336725948834,457.76647741046406,15582.659409090433,diana,0.7904862351175759,alice,0.696574155294841,0.09391207982273486,diana,diana,diana,3,1,1,0,0,11.284413014793781,7.253824454171036,6.352618492550866,24.890855961515683
Bright_Mid_20260114_210400_T4,1736902005.04,126,Bright,Mid,4,4,1280,720,23.145548173647214,2,1,chen,2,1,0.7976337608260194,422.8973613446643,274.8313479070693,543.6306022548946,450.0095666308734,21149.83408340605,chen,0.9104704885558026,bob,0.8323589413322031,0.07811154722359948,chen,chen,chen,1,1,1,0,0,11.284413014793781,7.253824454171036,6.352618492550866,24.890855961515683
Bright_Mid_20260114_210400_T4,1736902005.04,126,Bright,Mid,4,4,1280,720,23.145548173647214,2,2,alice,3,1,0.775449304193395,769.8402583920057,210.12864806530717,850.7280694907348,353.246642123597,11576.501268215983,alice,0.8792182907380892,bob,0.7454969740826728,0.13372131665541642,alice,alice,alice,2,1,1,0,0,11.284413014793781,7.253824454171036,6.352618492550866,24.890855961515683
Bright_Mid_20260114_210400_T4,1736902005.04,126,Bright,Mid,4,4,1280,720,23.145548173647214,2,3,bob,4,1,0.7296336947481384,1010.2625107649264,249.0875640803822,1132.784962805088,457.81421125798727,25573.70061832185,bob,0.8934910665969091,alice,0.8237969885559514,0.06969407804095773,bob,bob,bob,2,1,1,0,0,11.284413014793781,7.253824454171036,6.352618492550866,24.890855961515683
Bright_Mid_20260114_210400_T4,1736902005.08,127,Bright,Mid,4,4,1280,720,26.185633132134793,1,0,diana,1,1,0.7215633154494754,129.837621648894,253.3148571188613,223.58230826727535,442.89149942999603,17771.8029236223,diana,0.7939486494472842,chen,0.6704309094880742,0.12351773995921,diana,diana,diana,1,1,1,0,0,16.15809769526683,9.62227460746121,9.077578458140097,34.857950760868135
Bright_Mid_20260114_210400_T4,1736902005.08,127,Bright,Mid,4,4,1280,720,26.185633132134793,1,1,chen,2,1,0.7922914286023003,410.56047943257494,158.94062899328844,503.6069016774405,332.9840144116726,16194.114328564847,chen,0.8898968868708259,bob,0.796972177984366,0.09292470888645987,chen,chen,chen,3,1,1,0,0,16.15809769526683,9.62227460746121,9.077578458140097,34.857950760868135
Bright_Mid_20260114_210400_T4,1736902005.08,127,Bright,Mid,4,4,1280,720,26.185633132134793,1,2,alice,3,1,0.7582997878365432,757.7845707678442,312.7926799137641,881.4613066598814,468.3269351947565,19235.96901255199,alice,0.9388675017634619,chen,0.7845392390489658,0.15432826271449607,alice,alice,alice,1,1,1,0,0,16.15809769526683,9.62227460746121,9.077578458140097,34.857950760868135
Bright_Mid_20260114_210400_T4,1736902005.08,127,Bright,Mid,4,4,1280,720,26.185633132134793,1,3,bob,4,1,0.8519090168682647,1071.9323127415078,218.9358239085616,1163.8377654819083,354.21074651932815,12432.503006965142,bob,0.8520967589838849,chen,0.7079015568741587,0.14419520210972625,bob,bob,bob,2,1,1,0,0,16.15809769526683,9.62227460746121,9.077578458140097,34.857950760868135
Bright_Mid_20260114_210400_T4,1736902005.12,128,Bright,Mid,4,4,1280,720,27.263313290934278,0,0,diana,1,1,0.7220266524431809,96.10019664380435,240.32533364873103,223.74137218034622,376.598881981686,17394.11590375413,chen,0.8025334699871343,diana,0.772498198536075,0.03003527145105922,chen,chen,chen,2,0,0,1,0,9.768580752787013,6.585248117420234,10.00041008846717,26.35423895867442
Bright_Mid_20260114_210400_T4,1736902005.12,128,Bright,Mid,4,4,1280,720,27.263313290934278,0,1,chen,2,1,0.7873852143458788,422.45268088725766,300.4917094835648,529.4387989500513,464.92206425309314,17591.765348479792,chen,0.7519467051948836,alice,0.6339115295356341,0.11803517565924948,chen,chen,chen,2,1,1,0,0,9.768580752787013,6.585248117420234,10.00041008846717,26.35423895867442
Bright_Mid_20260114_210400_T4,1736902005.12,128,Bright,Mid,4,4,1280,720,27.263313290934278,0,2,alice,3,1,0.737546887724568,747.6567143083777,208.99155007267333,853.9582679709871,353.92788582081573,15406.957672193135,alice,0.9004670069226535,chen,0.8196305760387028,0.08083643088395065,alice,alice,alice,2,1,1,0,0,9.768580752787013,6.585248117420234,10.00041008846717,26.35423895867442
Bright_Mid_20260114_210400_T4,1736902005.12,128,Bright,Mid,4,4,1280,720,27.263313290934278,0,3,bob,4,1,0.8760167901501765,1045.3382898888572,307.3960802046545,1159.0607033127744,446.9651810281372,15872.134985052491,bob,0.8432295901616046,chen,0.7312039826379599,0.11202560752364465,bob,bob,bob,2,1,1,0,0,9.768580752787013,6.585248117420234,10.00041008846717,26.35423895867442
Bright_Mid_20260114_210400_T4,1736902005.16,129,Bright,Mid,4,4,1280,720,24.070407609011724,1,0,diana,1,1,0.8512179459924402,118.30513909971242,226.2073256882989,215.622649690264,417.7202913361993,18637.56506266749,diana,0.8217760444709928,alice,0.6963390541029809,0.12543699036801192,diana,diana,diana,2,1,1,0,0,23.572993874782775,11.612753968597266,9.08591307613442,44.27166091951446
Bright_Mid_20260114_210400_T4,1736902005.16,129,Bright,Mid,4,4,1280,720,24.070407609011724,1,1,chen,2,1,0.7726491681518592,413.8824576954976,198.48058718183933,518.1198872655707,383.52833694732493,19288.90178328032,chen,0.8694464532788472,alice,0.721611074735087,0.14783537854376017,chen,chen,chen,2,1,1,0,0,23.572993874782775,11.612753968597266,9.08591307613442,44.27166091951446
Bright_Mid_20260114_210400_T4,1736902005.16,129,Bright,Mid,4,4,1280,720,24.070407609011724,1,2,alice,3,1,0.7223500240707031,758.9416917306564,361.87240329466124,880.6473701573104,541.90190772975,21910.612974086787,alice,0.8622547178796613,bob,0.758035603900365,0.1042191139792964,alice,alice,alice,2,1,1,0,0,23.572993874782775,11.612753968597266,9.08591307613442,44.27166091951446
Bright_Mid_20260114_210400_T4,1736902005.16,129,Bright,Mid,4,4,1280,720,24.070407609011724,1,3,bob,4,1,0.8037747725811151,1035.774168875803,202.32704337172603,1132.1579444104684,368.038593867577,15971.904886493461,bob,0.7142398761606052,alice,0.5814128982576923,0.13282697790291298,bob,bob,bob,2,1,1,0,0,23.572993874782775,11.612753968597266,9.08591307613442,44.27166091951446
Bright_Mid_20260114_210400_T4,1736902005.2,130,Bright,Mid,4,4,1280,720,26.78412950216848,1,0,diana,1,1,0.712346409327251,77.10845748593071,278.03424380806393,203.5494725390214,416.7981898555835,17545.454191020683,diana,0.8482604734926762,chen,0.7267257813734361,0.12153469211924006,diana,diana,diana,1,1,1,0,0,15.70666027588694,13.275323720320642,4.576906010345326,33.55889000655291
Bright_Mid_20260114_210400_T4,1736902005.2,130,Bright,Mid,4,4,1280,720,26.78412950216848,1,1,chen,2,1,0.6953589248677927,451.5108023838365,279.27244113370944,541.4669854706223,456.52016986544425,15944.529137508873,chen,0.8064775025348185,alice,0.7291006169559019,0.07737688557891664,chen,chen,chen,1,1,1,0,0,15.70666027588694,13.275323720320642,4.576906010345326,33.55889000655291
Bright_Mid_20260114_210400_T4,1736902005.2,130,Bright,Mid,4,4,1280,720,26.78412950216848,1,2,alice,3,1,0.9613298480631505,775.1898637691029,286.4771405295064,890.8037489673254,453.6063655872265,19322.459039091147,alice,0.8717772595174496,diana,0.7951050580871986,0.076672201430251,alice,alice,alice,2,1,1,0,0,15.70666027588694,13.275323720320642,4.576906010345326,33.55889000655291
Bright_Mid_20260114_210400_T4,1736902005.2,130,Bright,Mid,4,4,1280,720,26.78412950216848,1,3,bob,4,1,0.8482389535339728,1054.0830278266278,239.5466443627525,1163.1308157733285,413.76553540315723,18998.18468648342,bob,0.8870246224850111,diana,0.7937419275470164,0.09328269493799468,bob,bob,bob,1,1,1,0,0,15.70666027588694,13.275323720320642,4.576906010345326,33.55889000655291
Bright_Mid_20260114_210400_T4,1736902005.24,131,Bright,Mid,4,4,1280,720,24.667265679230123,1,0,diana,1,1,0.7824606313736017,117.11701583847,332.40457678001314,208.61010247987267,511.86000370413774,16418.930923838838,diana,0.8210361349023878,chen,0.7542696621828178,0.06676647271957004,diana,diana,diana,3,1,1,0,0,18.50606213126517,20.295568187832703,12.896010317086006,51.69764063618388
Bright_Mid_20260114_210400_T4,1736902005.24,131,Bright,Mid,4,4,1280,720,24.667265679230123,1,1,chen,-1,0,-1.0,-1.0,-1.0,-1.0,-1.0,0.0,unknown,-1.0,unknown,-1.0,-1.0,unknown,unknown,unknown,0,0,0,0,1,18.50606213126517,20.295568187832703,12.896010317086006,51.69764063618388
Bright_Mid_20260114_210400_T4,1736902005.24,131,Bright,Mid,4,4,1280,720,24.667265679230123,1,2,alice,3,1,0.8306704291894779,756.7775511680687,210.34026602906016,851.6824902995369,358.6579268822508,14076.078575393796,alice,0.9183557722171638,chen,0.8281025921565293,0.09025318006063454,alice,alice,alice,2,1,1,0,0,18.50606213126517,20.295568187832703,12.896010317086006,51.69764063618388
Bright_Mid_20260114_210400_T4,1736902005.24,131,Bright,Mid,4,4,1280,720,24.667265679230123,1,3,bob,4,1,0.7986750380026603,1109.5627283077638,195.02236180591728,1231.5992569684881,354.17928959577955,19422.95897978036,bob,0.8376682052071084,diana,0.7755506463546294,0.06211755885247894,bob,bob,bob,2,1,1,0,0,18.50606213126517,20.295568187832703,12.896010317086006,51.69764063618388
Bright_Mid_20260114_210400_T4,1736902005.28,132,Bright,Mid,4,4,1280,720,23.44249168578235,1,0,diana,1,1,0.7119390841625313,115.06970780520551,300.8795704870038,216.6032697467906,470.6317150705896,17235.53988679442,diana,0.8521221046246734,alice,0.7843111409055045,0.06781096371916895,diana,diana,diana,3,1,1,0,0,18.906948926871255,8.710996303955692,9.013641894401665,36.63158712522861
Bright_Mid_20260114_210400_T4,1736902005.28,132,Bright,Mid,4,4,1280,720,23.44249168578235,1,1,chen,2,1,0.7198948738670059,451.6495345398409,207.1739719159589,555.4141447004063,397.24398705702924,19722.541024325925,chen,0.8083940620814317,bob,0.6719940181915391,0.13640004388989257,chen,chen,chen,3,1,1,0,0,18.906948926871255,8.710996303955692,9.013641894401665,36.63158712522861
Bright_Mid_20260114_210400_T4,1736902005.28,132,Bright,Mid,4,4,1280,720,23.44249168578235,1,2,alice,3,1,0.8911985198450999,759.1632410730821,200.94113000670097,869.177170783725,360.279321598891,17529.420610044155,alice,0.9289715837803115,chen,0.8265028295498148,0.10246875423049673,alice,alice,alice,3,1,1,0,0,18.906948926871255,8.710996303955692,9.013641894401665,36.63158712522861
Bright_Mid_20260114_210400_T4,1736902005.28,132,Bright,Mid,4,4,1280,720,23.44249168578235,1,3,bob,4,1,0.595709579450817,1100.599850861222,212.521510561937,1194.1587998614668,373.805751066782,15089.584031936023,bob,0.8619848227536787,alice,0.6955649649257434,0.16641985782793534,bob,bob,bob,2,1,1,0,0,18.906948926871255,8.710996303955692,9.013641894401665,36.63158712522861
Bright_Mid_20260114_210400_T4,1736902005.32,133,Bright,Mid,4,4,1280,720,23.298243798609757,1,0,diana,1,1,0.8317227418822977,104.07979810063566,204.6923180345849,204.81472739818102,351.1165468871221,14750.03434090794,alice,0.766713177458933,chen,0.7565676572479677,0.010145520210965264,unknown,unknown,unknown,0,0,0,0,0,8.183160759330557,5.6190259725459635,4.28167517765018,18.0838619095267
Bright_Mid_20260114_210400_T4,1736902005.32,133,Bright,Mid,4,4,1280,720,23.298243798609757,1,1,chen,2,1,0.8029270475675828,433.76852478328465,180.40136879687608,548.0125585761136,358.9465193767478,20397.718216392605,chen,0.9310545430232647,alice,0.8484638926298306,0.08259065039343416,chen,chen,chen,2,1,1,0,0,8.183160759330557,5.6190259725459635,4.28167517765018,18.0838619095267
Bright_Mid_20260114_210400_T4,1736902005.32,133,Bright,Mid,4,4,1280,720,23.298243798609757,1,2,alice,3,1,0.8017737499349679,757.1890305341855,229.53069368053622,882.1695793141274,377.4330353458975,18484.91582717533,alice,0.8223613064725913,bob,0.7477008783223971,0.07466042815019425,alice,alice,alice,1,1,1,0,0,8.183160759330557,5.6190259725459635,4.28167517765018,18.0838619095267
Bright_Mid_20260114_210400_T4,1736902005.32,133,Bright,Mid,4,4,1280,720,23.298243798609757,1,3,bob,4,1,0.7227406136146111,1048.4128904959562,295.12351343684816,1148.3949604761951,461.92781742614454,16677.439594462885,bob,0.7958971878278355,alice,0.7216830099050957,0.07421417792273977,bob,bob,bob,1,1,1,0,0,8.183160759330557,5.6190259725459635,4.28167517765018,18.0838619095267
Bright_Mid_20260114_210400_T4,1736902005.36,134,Bright,Mid,4,4,1280,720,22.618827732111434,1,0,diana,1,1,0.8091495602749187,116.74116643541774,344.0388206833326,231.7427662093261,543.3673409025602,22923.09870577701,diana,0.8841815824405693,bob,0.8162550104891502,0.06792657195141916,diana,diana,diana,1,1,1,0,0,12.218655084218156,11.043986999281405,10.776628260089854,34.039270343589415
Bright_Mid_20260114_210400_T4,1736902005.36,134,Bright,Mid,4,4,1280,720,22.618827732111434,1,1,chen,2,1,0.8460223360342771,402.92183633025,299.29640563208574,530.7886045305781,457.59465670723006,20241.08577674282,chen,0.8975025342485126,bob,0.7659919919048456,0.131510542343667,chen,chen,chen,1,1,1,0,0,12.218655084218156,11.043986999281405,10.776628260089854,34.039270343589415
Bright_Mid_20260114_210400_T4,1736902005.36,134,Bright,Mid,4,4,1280,720,22.618827732111434,1,2,alice,3,1,0.7287254642465839,748.5740523373868,227.08417714848417,853.2116287077333,415.7907467531436,19745.798088593667,alice,0.8621606043900107,bob,0.7079203896733477,0.15424021471666305,alice,alice,alice,2,1,1,0,0,12.218655084218156,11.043986999281405,10.776628260089854,34.039270343589415
Bright_Mid_20260114_210400_T4,1736902005.36,134,Bright,Mid,4,4,1280,720,22.618827732111434,1,3,bob,4,1,0.7083530529666344,1056.3892140494404,178.23133574020707,1154.8332383610195,352.55675131266537,17161.29544874122,bob,0.871606198908081,alice,0.742761811920827,0.12884438698725398,bob,bob,bob,1,1,1,0,0,12.218655084218156,11.043986999281405,10.776628260089854,34.039270343589415
Bright_Mid_20260114_210400_T4,1736902005.4,135,Bright,Mid,4,4,1280,720,22.306080244192795,0,0,diana,1,1,0.7722462890659565,80.48783072402134,228.01266760410243,198.23320981919548,359.72849957277396,15508.930567987487,diana,0.8162386961805564,alice,0.6824156708267659,0.13382302535379054,diana,diana,diana,3,1,1,0,0,13.052489149442385,12.381670491974173,5.672838415946668,31.106998057363228
Bright_Mid_20260114_210400_T4,1736902005.4,135,Bright,Mid,4,4,1280,720,22.306080244192795,0,1,chen,2,1,0.8247979595403508,410.6415572799148,278.07700160750085,538.0587436425329,483.3134428957609,26150.64988802676,chen,0.8706313412217466,alice,0.7245234419668404,0.1461078992549062,chen,chen,chen,2,1,1,0,0,13.052489149442385,12.381670491974173,5.672838415946668,31.106998057363228
Bright_Mid_20260114_210400_T4,1736902005.4,135,Bright,Mid,4,4,1280,720,22.306080244192795,0,2,alice,3,1,0.9140541442349416,768.6520898743131,281.033066831827,867.9588647245218,424.5620771215855,14253.40310931834,alice,0.8244379186744345,chen,0.6812757397071785,0.14316217896725603,alice,alice,alice,2,1,1,0,0,13.052489149442385,12.381670491974173,5.672838415946668,31.106998057363228
Bright_Mid_20260114_210400_T4,1736902005.4,135,Bright,Mid,4,4,1280,720,22.306080244192795,0,3,bob,4,1,0.7412781810339664,1071.312479895146,239.8394716856984,1176.6957717139792,415.15975011675823,18475.82806365946,bob,0.8433438637849058,diana,0.6772277437908313,0.1661161199940745,bob,bob,bob,1,1,1,0,0,13.052489149442385,12.381670491974173,5.672838415946668,31.106998057363228
Bright_Mid_20260114_210400_T4,1736902005.44,136,Bright,Mid,4,4,1280,720,23.764524481873945,1,0,diana,1,1,0.7068385962885921,145.35435174058017,211.0199328591461,249.4488309492951,424.7635590045877,22249.531447792004,diana,0.8984278151265823,bob,0.7606096730639818,0.13781814206260057,diana,diana,diana,3,1,1,0,0,10.147401438079171,6.828016443034405,5.629163841922721,22.604581723036297
Bright_Mid_20260114_210400_T4,1736902005.44,136,Bright,Mid,4,4,1280,720,23.764524481873945,1,1,chen,2,1,0.8733414141479405,416.4022900074462,211.0059561134226,507.4974369104129,389.0905804878313,16222.645018546402,chen,0.8772522801267562,bob,0.7988916598579134,0.07836062026884272,chen,chen,chen,1,1,1,0,0,10.147401438079171,6.828016443034405,5.629163841922721,22.604581723036297
Bright_Mid_20260114_210400_T4,1736902005.44,136,Bright,Mid,4,4,1280,720,23.764524481873945,1,2,alice,3,1,0.7726656025046195,748.2878411904612,241.49721835689706,835.8229572362111,395.90265055681755,13515.897425714204,alice,0.8671814340217129,bob,0.7283748235009703,0.1388066105207426,alice,alice,alice,2,1,1,0,0,10.147401438079171,6.828016443034405,5.629163841922721,22.604581723036297
Bright_Mid_20260114_210400_T4,1736902005.44,136,Bright,Mid,4,4,1280,720,23.764524481873945,1,3,bob,4,1,0.7446840814241537,1062.746778612281,210.40266550318356,1148.582173176269,402.16289271761354,16459.81476463056,bob,0.8481896848853488,diana,0.7182772648220581,0.12991242006329073,bob,bob,bob,1,1,1,0,0,10.147401438079171,6.828016443034405,5.629163841922721,22.604581723036297
Bright_Mid_20260114_210400_T4,1736902005.48,137,Bright,Mid,4,4,1280,720,25.14539568897389,0,0,diana,1,1,0.7444600416681502,115.79681642251731,299.0342472263534,227.00760548995126,437.98823194854106,15453.182285018653,diana,0.9374162118151473,alice,0.8570793049218808,0.08033690689326656,diana,diana,diana,2,1,1,0,0,10.743412326521293,6.09935294682282,11.626581794819913,28.469347068164026
Bright_Mid_20260114_210400_T4,1736902005.48,137,Bright,Mid,4,4,1280,720,25.14539568897389,0,1,chen,2,1,0.8048876606549367,437.03664172428273,172.97843628846334,529.0774077903044,326.2303704082589,14105.425417485469,chen,0.878302814152541,alice,0.7243287665407779,0.15397404761176303,chen,chen,chen,2,1,1,0,0,10.743412326521293,6.09935294682282,11.626581794819913,28.469347068164026
Bright_Mid_20260114_210400_T4,1736902005.48,137,Bright,Mid,4,4,1280,720,25.14539568897389,0,2,alice,3,1,0.8409490223674467,757.3733493744735,285.54560897640226,868.1257636228652,429.1032665186044,15899.357156642724,alice,0.8955889789754304,diana,0.7562983278213964,0.13929065115403405,alice,alice,alice,2,1,1,0,0,10.743412326521293,6.09935294682282,11.626581794819913,28.469347068164026
Bright_Mid_20260114_210400_T4,1736902005.48,137,Bright,Mid,4,4,1280,720,25.14539568897389,0,3,bob,4,1,0.6575961288287642,1058.0929614901183,241.56644447427348,1152.4675737778111,431.7525850578187,17948.743280064715,chen,0.6782422813490665,alice,0.660928097010942,0.017314184338124483,unknown,unknown,unknown,0,0,0,0,0,10.743412326521293,6.09935294682282,11.626581794819913,28.469347068164026
Bright_Mid_20260114_210400_T4,1736902005.52,138,Bright,Mid,4,4,1280,720,27.36558903125386,1,0,diana,1,1,0.7255987097732551,90.13216717746872,150.17177221404262,189.79769197134146,355.8124717359198,20495.288236826986,diana,0.8780476144348588,bob,0.7654145966653355,0.11263301776952328,diana,diana,diana,1,1,1,0,0,10.72275489726276,8.121543175534518,9.857041206304787,28.701339279102065
Bright_Mid_20260114_210400_T4,1736902005.52,138,Bright,Mid,4,4,1280,720,27.36558903125386,1,1,chen,2,1,0.8233803066499208,438.245986042562,221.58921626664346,535.8675171305246,360.9114607841615,13600.85082441161,chen,0.7732711327019037,alice,0.6806743850924317,0.09259674760947201,chen,chen,chen,2,1,1,0,0,10.72275489726276,8.121543175534518,9.857041206304787,28.701339279102065
Bright_Mid_20260114_210400_T4,1736902005.52,138,Bright,Mid,4,4,1280,720,27.36558903125386,1,2,alice,3,1,0.6743675774275671,761.1913572619875,258.6878413780926,849.0908631123822,465.60761655287484,18188.145988538123,alice,0.9428675542448036,bob,0.8195072679133893,0.12336028633141427,alice,alice,alice,1,1,1,0,0,10.72275489726276,8.121543175534518,9.857041206304787,28.701339279102065
Bright_Mid_20260114_210400_T4,1736902005.52,138,Bright,Mid,4,4,1280,720,27.36558903125386,1,3,bob,-1,0,-1.0,-1.0,-1.0,-1.0,-1.0,0.0,unknown,-1.0,unknown,-1.0,-1.0,unknown,unknown,unknown,0,0,0,0,1,10.72275489726276,8.121543175534518,9.857041206304787,28.701339279102065
Bright_Mid_20260114_210400_T4,1736902005.56,139,Bright,Mid,4,4,1280,720,22.227322465488736,0,0,diana,1,1,0.7408905209318741,87.9816501699766,314.6237813537523,209.89421149830338,450.2291548522826,16531.998413090234,diana,0.8660383809033133,bob,0.8003838075947352,0.06565457330857816,diana,diana,diana,3,1,1,0,0,16.46593410268047,11.691922261409228,7.394067212017287,35.55192357610699
Bright_Mid_20260114_210400_T4,1736902005.56,139,Bright,Mid,4,4,1280,720,22.227322465488736,0,1,chen,2,1,0.9811246689734634,418.0321554239821,257.12113752263235,544.0843891031192,389.05047939849385,16629.988231270858,chen,0.8792847037612949,bob,0.7179178570357883,0.1613668467255066,chen,chen,chen,2,1,1,0,0,16.46593410268047,11.691922261409228,7.394067212017287,35.55192357610699
Bright_Mid_20260114_210400_T4,1736902005.56,139,Bright,Mid,4,4,1280,720,22.227322465488736,0,2,alice,3,1,0.5530678338759559,719.2664188865704,235.64043020435065,846.3463320602989,448.6924889658002,27074.637128889113,alice,0.9426347235802386,chen,0.7705612571387472,0.17207346644149135,alice,alice,alice,2,1,1,0,0,16.46593410268047,11.691922261409228,7.394067212017287,35.55192357610699
Bright_Mid_20260114_210400_T4,1736902005.56,139,Bright,Mid,4,4,1280,720,22.227322465488736,0,3,bob,4,1,0.7361205955335932,1095.4256907467422,239.02617291747987,1176.9862679351957,447.47889476215886,17001.52431015615,bob,0.8292226088104953,chen,0.7027363758001544,0.1264862330103409,bob,bob,bob,2,1,1,0,0,16.46593410268047,11.691922261409228,7.394067212017287,35.55192357610699
Bright_Mid_20260114_210400_T4,1736902005.6,140,Bright,Mid,4,4,1280,720,22.428418504281215,2,0,diana,1,1,0.8978336744125323,89.6188326359437,248.84955390739378,210.23448998576492,430.0886552352947,21860.273344155627,diana,0.7882882498708738,chen,0.6696285930879069,0.11865965678296686,diana,diana,diana,2,1,1,0,0,12.287758391529898,11.876016811241183,9.214140033348524,33.377915236119605
Bright_Mid_20260114_210400_T4,1736902005.6,140,Bright,Mid,4,4,1280,720,22.428418504281215,2,1,chen,2,1,0.8648132114326361,450.4922838955579,238.2103075919423,547.1333045530139,396.8727414690122,15333.299549876163,chen,0.8311448352278706,diana,0.7031361703224626,0.12800866490540808,chen,chen,chen,1,1,1,0,0,12.287758391529898,11.876016811241183,9.214140033348524,33.377915236119605
Bright_Mid_20260114_210400_T4,1736902005.6,140,Bright,Mid,4,4,1280,720,22.428418504281215,2,2,alice,3,1,0.8546904993377056,774.8468843328583,205.9286953131552,863.3748248761858,403.09307308553036,17454.556312694996,alice,0.7402341726749961,diana,0.5723167936856709,0.16791737898932524,alice,alice,alice,2,1,1,0,0,12.287758391529898,11.876016811241183,9.214140033348524,33.377915236119605
Bright_Mid_20260114_210400_T4,1736902005.6,140,Bright,Mid,4,4,1280,720,22.428418504281215,2,3,bob,4,1,0.7525658810650807,1066.1392540283064,240.5542567153382,1189.5402479941272,373.6861140573626,16428.60352452167,bob,0.8163763607700842,chen,0.694768878717271,0.12160748205281324,bob,bob,bob,1,1,1,0,0,12.287758391529898,11.876016811241183,9.214140033348524,33.377915236119605
Bright_Mid_20260114_210400_T4,1736902005.64,141,Bright,Mid,4,4,1280,720,23.483993384825247,1,0,diana,1,1,0.6596844975630767,96.46395328238705,201.181217957417,199.48622342480044,355.0371218692615,15850.584495811241,diana,0.8053799600177611,bob,0.6856678079493833,0.11971215206837782,diana,diana,diana,2,1,1,0,0,17.638782449181818,14.857515012515277,10.457883345718743,42.95418080741584
Bright_Mid_20260114_210400_T4,1736902005.64,141,Bright,Mid,4,4,1280,720,23.483993384825247,1,1,chen,2,1,0.7840378472631909,419.0397593969469,214.24230122171474,523.5075855945773,409.5886702966723,20407.410532860835,chen,0.8193551945747507,alice,0.657788662135746,0.16156653243900465,chen,chen,chen,3,1,1,0,0,17.638782449181818,14.857515012515277,10.457883345718743,42.95418080741584
Bright_Mid_20260114_210400_T4,1736902005.64,141,Bright,Mid,4,4,1280,720,23.483993384825247,1,2,alice,3,1,0.8438872789580029,767.8896556896042,209.15277065696958,882.4925339884054,368.63059066836536,18276.617198124117,alice,0.9474297058529081,chen,0.8688288376320883,0.0786008682208198,alice,alice,alice,2,1,1,0,0,17.638782449181818,14.857515012515277,10.457883345718743,42.95418080741584
Bright_Mid_20260114_210400_T4,1736902005.64,141,Bright,Mid,4,4,1280,720,23.483993384825247,1,3,bob,4,1,0.7597193836889143,1095.9106148422823,246.61552699021945,1189.7035889293359,432.8320666841296,17465.803082091705,bob,0.8351877506415601,diana,0.74858152094841,0.08660622969315013,bob,bob,bob,2,1,1,0,0,17.638782449181818,14.857515012515277,10.457883345718743,42.95418080741584
Bright_Mid_20260114_210400_T4,1736902005.68,142,Bright,Mid,4,4,1280,720,26.7561528661577,3,0,diana,1,1,0.8326395180435225,109.89305552456169,263.6448869012222,220.2456242238689,412.2525670429968,16399.239232089854,diana,0.8095068681210313,bob,0.7256405714647998,0.08386629665623158,diana,diana,diana,2,1,1,0,0,17.181777213131284,15.606919277067083,14.802283990157727,47.590980480356095
Bright_Mid_20260114_210400_T4,1736902005.68,142,Bright,Mid,4,4,1280,720,26.7561528661577,3,1,chen,-1,0,-1.0,-1.0,-1.0,-1.0,-1.0,0.0,unknown,-1.0,unknown,-1.0,-1.0,unknown,unknown,unknown,0,0,0,0,1,17.181777213131284,15.606919277067083,14.802283990157727,47.590980480356095
Bright_Mid_20260114_210400_T4,1736902005.68,142,Bright,Mid,4,4,1280,720,26.7561528661577,3,2,alice,3,1,0.7596882607550661,752.6233860823875,281.29138278744847,879.4750316268119,437.2658315514328,19785.61548859593,alice,0.7928959224002965,diana,0.6628922119849969,0.13000371041529957,alice,alice,alice,2,1,1,0,0,17.181777213131284,15.606919277067083,14.802283990157727,47.590980480356095
Bright_Mid_20260114_210400_T4,1736902005.68,142,Bright,Mid,4,4,1280,720,26.7561528661577,3,3,bob,4,1,0.7815566401356928,1077.8182921314233,285.79002627894096,1181.2259736933497,491.1574076778115,21236.564778901098,bob,0.7858925539380609,diana,0.6400862139830357,0.14580633995502523,bob,bob,bob,2,1,1,0,0,17.181777213131284,15.606919277067083,14.802283990157727,47.590980480356095
Bright_Mid_20260114_210400_T4,1736902005.72,143,Bright,Mid,4,4,1280,720,24.579691398749336,2,0,diana,1,1,0.776058380924008,107.13860351691241,197.9566529171143,198.68014247850513,413.911461114536,19768.83548854756,chen,0.8343805011293187,diana,0.7713634881404089,0.06301701298890983,chen,chen,chen,1,0,0,1,0,16.565462798438293,14.463649361524235,11.226244579266657,42.255356739229185
Bright_Mid_20260114_210400_T4,1736902005.72,143,Bright,Mid,4,4,1280,720,24.579691398749336,2,1,chen,2,1,0.8930291571128551,434.68307754876133,202.516530419893,529.1205365285095,383.62963223823635,17103.861123664763,chen,0.5405480317651665,bob,0.5219114426199611,0.018636589145205384,unknown,unknown,unknown,0,0,0,0,0,16.565462798438293,14.463649361524235,11.226244579266657,42.255356739229185
Bright_Mid_20260114_210400_T4,1736902005.72,143,Bright,Mid,4,4,1280,720,24.579691398749336,2,2,alice,3,1,0.8194448130884865,759.7062957820763,235.09066371592468,859.989627306066,387.3299994618823,15267.067777603857,alice,0.7447131757271754,diana,0.6089477807154421,0.13576539501173335,alice,alice,alice,1,1,1,0,0,16.565462798438293,14.463649361524235,11.226244579266657,42.255356739229185
Bright_Mid_20260114_210400_T4,1736902005.72,143,Bright,Mid,4,4,1280,720,24.579691398749336,2,3,bob,4,1,0.7699506856903917,1081.8898701422493,292.58446770439383,1190.6615289684908,455.03667622605116,17670.196200887152,bob,0.8900794134030819,alice,0.7726085384905498,0.11747087491253216,bob,bob,bob,1,1,1,0,0,16.565462798438293,14.463649361524235,11.226244579266657,42.255356739229185
Bright_Mid_20260114_210400_T4,1736902005.76,144,Bright,Mid,4,4,1280,720,25.3972184495214,0,0,diana,1,1,0.9120180169556251,121.6224983520869,293.47446498537016,233.7794362707957,440.0591858928464,16440.493442651074,diana,0.8718423749267514,alice,0.7553401185127566,0.11650225641399481,diana,diana,diana,1,1,1,0,0,10.346400781815653,7.869660907573699,6.143684358373296,24.35974604776265
Bright_Mid_20260114_210400_T4,1736902005.76,144,Bright,Mid,4,4,1280,720,25.3972184495214,0,1,chen,2,1,0.7996358554289109,437.7835788539376,248.7666911280208,556.2850558189461,386.39439857797964,16309.08660412823,chen,0.8340628932178403,bob,0.7622966835468166,0.07176620967102376,chen,chen,chen,2,1,1,0,0,10.346400781815653,7.869660907573699,6.143684358373296,24.35974604776265
Bright_Mid_20260114_210400_T4,1736902005.76,144,Bright,Mid,4,4,1280,720,25.3972184495214,0,2,alice,3,1,0.8140429908951959,724.4242340922416,151.73784220819462,840.762021798679,353.64130934262926,23489.002696679527,alice,0.8565498488576473,chen,0.7858872720466413,0.07066257681100596,alice,alice,alice,1,1,1,0,0,10.346400781815653,7.869660907573699,6.143684358373296,24.35974604776265
Bright_Mid_20260114_210400_T4,1736902005.76,144,Bright,Mid,4,4,1280,720,25.3972184495214,0,3,bob,4,1,0.7308883913137854,1071.6974190037638,250.15415999653612,1187.6886639181264,408.48026105027293,18364.441563660108,bob,0.8753626986093159,alice,0.8054569507638043,0.06990574784551162,bob,bob,bob,2,1,1,0,0,10.346400781815653,7.869660907573699,6.143684358373296,24.35974604776265
Bright_Mid_20260114_210400_T4,1736902005.8,145,Bright,Mid,4,4,1280,720,22.090855950724098,1,0,diana,1,1,0.7445878968080273,118.77737440273415,191.06879483742986,213.39625059306195,321.44380322077075,12335.93677653628,diana,0.8663636154959405,chen,0.6988914819981992,0.16747213349774137,diana,diana,diana,3,1,1,0,0,8.050977870953677,6.787402781198708,3.920752147158673,18.759132799311057
Bright_Mid_20260114_210400_T4,1736902005.8,145,Bright,Mid,4,4,1280,720,22.090855950724098,1,1,chen,2,1,0.7838038531842012,429.9489846726466,290.3701850161448,521.1423471340593,457.96150829221176,15283.216288902164,chen,0.8435929306128664,alice,0.7650209839098677,0.07857194670299872,chen,chen,chen,2,1,1,0,0,8.050977870953677,6.787402781198708,3.920752147158673,18.759132799311057
Bright_Mid_20260114_210400_T4,1736902005.8,145,Bright,Mid,4,4,1280,720,22.090855950724098,1,2,alice,3,1,0.832419003466228,751.264047999705,211.11491186600827,868.2359456737528,373.5259455380501,18997.52681182241,alice,0.898727509585897,diana,0.8058924052309138,0.09283510435498321,alice,alice,alice,1,1,1,0,0,8.050977870953677,6.787402781198708,3.920752147158673,18.759132799311057
Bright_Mid_20260114_210400_T4,1736902005.8,145,Bright,Mid,4,4,1280,720,22.090855950724098,1,3,bob,4,1,0.7472403651957803,1076.3991638272764,271.34362922491295,1201.8353119182061,417.777748825105,18368.1319117346,bob,0.9311688624629411,chen,0.8114464096892182,0.11972245277372284,bob,bob,bob,3,1,1,0,0,8.050977870953677,6.787402781198708,3.920752147158673,18.759132799311057
Bright_Mid_20260114_210400_T4,1736902005.84,146,Bright,Mid,4,4,1280,720,22.750309371703104,1,0,diana,1,1,0.7225398452782906,131.5147138749765,276.53768391325696,233.94771824613912,411.09393652011886,13783.001211445946,alice,0.8716349136611186,diana,0.8296959266738502,0.04193898698726839,alice,alice,alice,1,0,0,1,0,10.202759758374514,4.94554646147951,7.329668845342316,22.47797506519634
Bright_Mid_20260114_210400_T4,1736902005.84,146,Bright,Mid,4,4,1280,720,22.750309371703104,1,1,chen,2,1,0.9299191827661775,413.76603917763066,213.3628662297703,540.105413713785,417.0663910671016,25735.775918758412,chen,0.7364749933357344,diana,0.6552058764352486,0.08126911690048577,chen,chen,chen,2,1,1,0,0,10.202759758374514,4.94554646147951,7.329668845342316,22.47797506519634
Bright_Mid_20260114_210400_T4,1736902005.84,146,Bright,Mid,4,4,1280,720,22.750309371703104,1,2,alice,3,1,0.754091290848297,747.4078662547174,277.20330125018177,869.3691555303394,472.23218236785306,23785.9737870932,alice,0.808217625492971,chen,0.7064202507645306,0.10179737472844042,alice,alice,alice,1,1,1,0,0,10.202759758374514,4.94554646147951,7.329668845342316,22.47797506519634
Bright_Mid_20260114_210400_T4,1736902005.84,146,Bright,Mid,4,4,1280,720,22.750309371703104,1,3,bob,4,1,0.7096121497935152,1089.3197277820348,238.7295625804434,1199.0994120465618,385.35817722135016,16096.843019423757,bob,0.8235291378229684,diana,0.6850107446018913,0.13851839322107717,bob,bob,bob,2,1,1,0,0,10.202759758374514,4.94554646147951,7.329668845342316,22.47797506519634
Bright_Mid_20260114_210400_T4,1736902005.88,147,Bright,Mid,4,4,1280,720,24.967349478239115,0,0,diana,-1,0,-1.0,-1.0,-1.0,-1.0,-1.0,0.0,unknown,-1.0,unknown,-1.0,-1.0,unknown,unknown,unknown,0,0,0,0,1,14.582556313494443,7.900141798359091,13.020471768560629,35.50316988041416
Bright_Mid_20260114_210400_T4,1736902005.88,147,Bright,Mid,4,4,1280,720,24.967349478239115,0,1,chen,2,1,0.5649413555942817,458.32264231026676,199.00393208870608,538.6429717150786,403.27590191665263,16407.191904750453,chen,0.8055136399605078,bob,0.6420370661096507,0.16347657385085712,chen,chen,chen,2,1,1,0,0,14.582556313494443,7.900141798359091,13.020471768560629,35.50316988041416
Bright_Mid_20260114_210400_T4,1736902005.88,147,Bright,Mid,4,4,1280,720,24.967349478239115,0,2,alice,3,1,0.8664474357974307,757.4535797478911,232.79312583263578,839.3921864675315,396.36287018094214,13402.676953387989,alice,0.8879813230593429,chen,0.8207701499193675,0.06721117313997538,alice,alice,alice,2,1,1,0,0,14.582556313494443,7.900141798359091,13.020471768560629,35.50316988041416
Bright_Mid_20260114_210400_T4,1736902005.88,147,Bright,Mid,4,4,1280,720,24.967349478239115,0,3,bob,4,1,0.7035269144768508,1043.3918749753973,272.61431503200197,1137.1991080080086,409.9709411777991,12885.045037432059,bob,0.9362414046193908,diana,0.825967551767745,0.11027385285164581,bob,bob,bob,2,1,1,0,0,14.582556313494443,7.900141798359091,13.020471768560629,35.50316988041416
Bright_Mid_20260114_210400_T4,1736902005.92,148,Bright,Mid,4,4,1280,720,24.66037092810907,1,0,diana,-1,0,-1.0,-1.0,-1.0,-1.0,-1.0,0.0,unknown,-1.0,unknown,-1.0,-1.0,unknown,unknown,unknown,0,0,0,0,1,13.55091690288224,10.124804424664493,6.688496801279317,30.36421812882605
Bright_Mid_20260114_210400_T4,1736902005.92,148,Bright,Mid,4,4,1280,720,24.66037092810907,1,1,chen,2,1,0.7244476180316833,421.96189746325945,198.4775755955468,524.4422569981303,397.0028880111445,20344.94539312302,chen,0.8698516673404563,alice,0.7138603869386995,0.1559912804017568,chen,chen,chen,2,1,1,0,0,13.55091690288224,10.124804424664493,6.688496801279317,30.36421812882605
Bright_Mid_20260114_210400_T4,1736902005.92,148,Bright,Mid,4,4,1280,720,24.66037092810907,1,2,alice,3,1,0.7291014709516881,730.1028577198781,342.9899996888811,854.7587754020051,493.17805929489725,18721.830395085934,alice,0.9003361360313592,chen,0.8094788697932941,0.09085726623806512,alice,alice,alice,2,1,1,0,0,13.55091690288224,10.124804424664493,6.688496801279317,30.36421812882605
Bright_Mid_20260114_210400_T4,1736902005.92,148,Bright,Mid,4,4,1280,720,24.66037092810907,1,3,bob,4,1,0.7442875108094735,1095.2531070041725,274.56726889206914,1189.3530544992884,447.62627696171626,16284.84357291063,bob,0.8572928320640684,alice,0.6952702344024249,0.1620225976616435,bob,bob,bob,2,1,1,0,0,13.55091690288224,10.124804424664493,6.688496801279317,30.36421812882605
Bright_Mid_20260114_210400_T4,1736902005.96,149,Bright,Mid,4,4,1280,720,26.691232128333137,1,0,diana,1,1,0.6998214232789279,126.64509026525904,199.53457592308348,225.30572146299664,393.63075149456006,19149.651194948776,diana,0.8436008216496318,alice,0.7625253731930253,0.08107544845660652,diana,diana,diana,2,1,1,0,0,18.338262987911172,13.569764761266086,4.760548464135603,36.66857621331286
Bright_Mid_20260114_210400_T4,1736902005.96,149,Bright,Mid,4,4,1280,720,26.691232128333137,1,1,chen,2,1,0.7360173088103936,416.206721663509,203.4730729454425,534.6940156504703,366.2871398254639,19291.39820762588,chen,0.8283678321550473,alice,0.7427694022152765,0.08559842993977074,chen,chen,chen,2,1,1,0,0,18.338262987911172,13.569764761266086,4.760548464135603,36.66857621331286
Bright_Mid_20260114_210400_T4,1736902005.96,149,Bright,Mid,4,4,1280,720,26.691232128333137,1,2,alice,-1,0,-1.0,-1.0,-1.0,-1.0,-1.0,0.0,unknown,-1.0,unknown,-1.0,-1.0,unknown,unknown,unknown,0,0,0,0,1,18.338262987911172,13.569764761266086,4.760548464135603,36.66857621331286
Bright_Mid_20260114_210400_T4,1736902005.96,149,Bright,Mid,4,4,1280,720,26.691232128333137,1,3,bob,4,1,0.690560105919418,1037.834474284649,280.35520697418286,1162.2661113426814,443.0290470910425,20241.77223225745,chen,0.8915869760890661,bob,0.8583913988158506,0.03319557727321554,chen,chen,chen,2,0,0,1,0,18.338262987911172,13.569764761266086,4.760548464135603,36.66857621331286
Bright_Mid_20260114_210400_T4,1736902006.0,150,Bright,Mid,4,4,1280,720,22.38829797734694,2,0,diana,1,1,0.7525836426272939,77.60636711238726,203.5219365312273,181.3945713940804,410.6234519865766,21494.69439312802,diana,0.8321310962197136,bob,0.756620964639751,0.07551013157996256,diana,diana,diana,1,1,1,0,0,7.089096384922501,6.5303664444506575,4.268521834013488,17.887984663386646
Bright_Mid_20260114_210400_T4,1736902006.0,150,Bright,Mid,4,4,1280,720,22.38829797734694,2,1,chen,2,1,0.8227217450893605,403.5166605210747,291.410193548897,513.9685807658395,459.4172656291725,18556.703725967047,chen,0.8506153961335668,diana,0.7163551988338519,0.13426019729971495,chen,chen,chen,3,1,1,0,0,7.089096384922501,6.5303664444506575,4.268521834013488,17.887984663386646
Bright_Mid_20260114_210400_T4,1736902006.0,150,Bright,Mid,4,4,1280,720,22.38829797734694,2,2,alice,3,1,0.7660416252276014,734.1547076730624,181.17601091748065,854.7909747830822,344.12752635933793,19657.862542826417,alice,0.8393225509452695,diana,0.6688913473250794,0.17043120362019015,alice,alice,alice,1,1,1,0,0,7.089096384922501,6.5303664444506575,4.268521834013488,17.887984663386646
Bright_Mid_20260114_210400_T4,1736902006.0,150,Bright,Mid,4,4,1280,720,22.38829797734694,2,3,bob,4,1,0.7604867460783306,1077.1302358325818,313.6287555362685,1174.504457587015,466.3949199057863,14875.486365891615,bob,0.8660524902154809,chen,0.7123714712495448,0.1536810189659361,bob,bob,bob,1,1,1,0,0,7.089096384922501,6.5303664444506575,4.268521834013488,17.887984663386646
Bright_Mid_20260114_210400_T4,1736902006.04,151,Bright,Mid,4,4,1280,720,22.721208351287366,0,0,diana,1,1,0.7677353846776049,95.74962640305905,256.5354763552818,203.85788193076536,442.36880027774765,20090.116468172957,diana,0.8772601458569425,alice,0.737904371454705,0.13935577440223745,diana,diana,diana,1,1,1,0,0,15.574461210883378,7.622349417992931,6.711150190225373,29.90796081910168
Bright_Mid_20260114_210400_T4,1736902006.04,151,Bright,Mid,4,4,1280,720,22.721208351287366,0,1,chen,2,1,0.8767799979315277,419.1766034996452,319.713308405262,508.76540222948046,463.5719551612894,12888.123349772208,chen,0.9163464325501983,bob,0.763950105343874,0.15239632720632434,chen,chen,chen,3,1,1,0,0,15.574461210883378,7.622349417992931,6.711150190225373,29.90796081910168
Bright_Mid_20260114_210400_T4,1736902006.04,151,Bright,Mid,4,4,1280,720,22.721208351287366,0,2,alice,3,1,0.8653717273181852,745.0262326747967,222.89234272212377,851.8203378616598,393.0789901394828,18174.93072568903,alice,0.8585377034113112,diana,0.7426532462982705,0.11588445711304074,alice,alice,alice,2,1,1,0,0,15.574461210883378,7.622349417992931,6.711150190225373,29.90796081910168
Bright_Mid_20260114_210400_T4,1736902006.04,151,Bright,Mid,4,4,1280,720,22.721208351287366,0,3,bob,4,1,0.6304698566409415,1072.5806173900196,257.71553202776937,1153.790091459217,411.933630524192,12523.970670846149,bob,0.7585417712173355,chen,0.613231357476457,0.1453104137408785,bob,bob,bob,1,1,1,0,0,15.574461210883378,7.622349417992931,6.711150190225373,29.90796081910168
Bright_Mid_20260114_210400_T4,1736902006.08,152,Bright,Mid,4,4,1280,720,24.391577946179435,3,0,diana,-1,0,-1.0,-1.0,-1.0,-1.0,-1.0,0.0,unknown,-1.0,unknown,-1.0,-1.0,unknown,unknown,unknown,0,0,0,0,1,15.7070519549799,10.094405497173673,6.512047301652627,32.3135047538062
Bright_Mid_20260114_210400_T4,1736902006.08,152,Bright,Mid,4,4,1280,720,24.391577946179435,3,1,chen,2,1,0.881810235573513,432.13110226055494,283.9954399989504,541.5815463737257,490.2181639920056,22571.168727267726,chen,0.8258773072858657,alice,0.6969742524035106,0.1289030548823551,chen,chen,chen,2,1,1,0,0,15.7070519549799,10.094405497173673,6.512047301652627,32.3135047538062
Bright_Mid_20260114_210400_T4,1736902006.08,152,Bright,Mid,4,4,1280,720,24.391577946179435,3,2,alice,3,1,0.7093017621755926,775.3936024362426,253.66239046637224,872.291178916943,408.2644288931763,14980.56284253341,alice,0.9088501954901157,bob,0.8095543453622058,0.09929585012790987,alice,alice,alice,2,1,1,0,0,15.7070519549799,10.094405497173673,6.512047301652627,32.3135047538062
Bright_Mid_20260114_210400_T4,1736902006.08,152,Bright,Mid,4,4,1280,720,24.391577946179435,3,3,bob,4,1,0.7855359618736216,1040.0304497246627,250.1413264882744,1152.590637229722,438.76410482744456,21231.41529758223,bob,0.8097974125724997,chen,0.7371493372077651,0.07264807536473461,unknown,unknown,unknown,0,0,0,0,0,15.7070519549799,10.094405497173673,6.512047301652627,32.3135047538062
Bright_Mid_20260114_210400_T4,1736902006.12,153,Bright,Mid,4,4,1280,720,25.682704825169896,1,0,diana,1,1,0.7909704996491048,117.74476299577829,264.61350533336184,221.15370942426352,414.84758327742173,15535.547717850164,diana,0.843499115580787,bob,0.6670938524892596,0.1764052630915275,diana,diana,diana,2,1,1,0,0,10.132265603783592,8.698414626784215,6.321890447403199,25.152570677971006
Bright_Mid_20260114_210400_T4,1736902006.12,153,Bright,Mid,4,4,1280,720,25.682704825169896,1,1,chen,2,1,0.6558910271177725,424.7229031995762,205.58523639547022,552.4759663004727,359.24007394520675,19629.87615724949,chen,0.8653980355457103,diana,0.7029958868938282,0.16240214865188207,chen,chen,chen,3,1,1,0,0,10.132265603783592,8.698414626784215,6.321890447403199,25.152570677971006
Bright_Mid_20260114_210400_T4,1736902006.12,153,Bright,Mid,4,4,1280,720,25.682704825169896,1,2,alice,3,1,0.91447710130571,761.7112148335393,282.96247993747096,853.7209667014315,424.40587548680236,13014.17172784611,alice,0.8158606144090285,chen,0.6802810582766703,0.13557955613235817,alice,alice,alice,1,1,1,0,0,10.132265603783592,8.698414626784215,6.321890447403199,25.152570677971006
Bright_Mid_20260114_210400_T4,1736902006.12,153,Bright,Mid,4,4,1280,720,25.682704825169896,1,3,bob,4,1,0.7972362996737292,1096.3449222611432,255.44622979627627,1187.4121329233988,431.2530305476954,16010.234959886673,bob,0.7918499100386308,chen,0.6488311196552285,0.14301879038340226,bob,bob,bob,2,1,1,0,0,10.132265603783592,8.698414626784215,6.321890447403199,25.152570677971006
Bright_Mid_20260114_210400_T4,1736902006.16,154,Bright,Mid,4,4,1280,720,21.961775985987043,1,0,diana,1,1,0.6743558528795436,94.46148342139745,142.59145958889857,191.04437789839378,352.2499242970397,20249.421373115452,diana,0.9016661305588758,bob,0.7784066072701881,0.12325952328868772,diana,diana,diana,2,1,1,0,0,13.544211755236963,9.708793940328016,6.003292367650335,29.256298063215315
Bright_Mid_20260114_210400_T4,1736902006.16,154,Bright,Mid,4,4,1280,720,21.961775985987043,1,1,chen,2,1,0.6975589991948548,417.06900031651224,211.61909121583358,497.4052416846542,388.00798438016545,14170.420695909168,chen,0.8493552214615528,alice,0.7188517218694129,0.13050349959213992,chen,chen,chen,2,1,1,0,0,13.544211755236963,9.708793940328016,6.003292367650335,29.256298063215315
Bright_Mid_20260114_210400_T4,1736902006.16,154,Bright,Mid,4,4,1280,720,21.961775985987043,1,2,alice,3,1,0.8124032471057892,794.5230189282887,247.23970360709023,885.1050447791926,409.6759159872683,14713.801188944197,alice,0.9752858298507269,bob,0.8984896870649354,0.0767961427857915,alice,alice,alice,2,1,1,0,0,13.544211755236963,9.708793940328016,6.003292367650335,29.256298063215315
Bright_Mid_20260114_210400_T4,1736902006.16,154,Bright,Mid,4,4,1280,720,21.961775985987043,1,3,bob,4,1,0.7662945293187858,1068.880091810709,286.00094337282303,1156.4336622428027,425.44779578378973,12209.069814097347,bob,0.8484644170776166,chen,0.7004443061512096,0.148020110926407,bob,bob,bob,2,1,1,0,0,13.544211755236963,9.708793940328016,6.003292367650335,29.256298063215315
Bright_Mid_20260114_210400_T4,1736902006.2,155,Bright,Mid,4,4,1280,720,27.390471573810256,2,0,diana,1,1,0.7980923623555171,86.71645103307353,174.95569156413413,195.95363166262942,310.5241141914695,14809.112270206206,diana,0.7830165037474667,bob,0.6565428776477116,0.1264736260997551,diana,diana,diana,2,1,1,0,0,7.353304533931797,6.254477807854541,6.80166760142922,20.40944994321556
Bright_Mid_20260114_210400_T4,1736902006.2,155,Bright,Mid,4,4,1280,720,27.390471573810256,2,1,chen,2,1,0.9189870860222046,435.08101243123133,125.61822479580621,531.3748087663871,322.58186390998344,18966.376550291705,bob,0.7371684317185864,diana,0.7220016887577914,0.01516674296079501,unknown,unknown,unknown,0,0,0,0,0,7.353304533931797,6.254477807854541,6.80166760142922,20.40944994321556
Bright_Mid_20260114_210400_T4,1736902006.2,155,Bright,Mid,4,4,1280,720,27.390471573810256,2,2,alice,3,1,0.7060577470127584,708.6973489233834,291.8259565610737,823.8224999417592,452.06582552099024,18447.639113175144,alice,0.812892568974371,chen,0.6563270604413098,0.15656550853306117,alice,alice,alice,1,1,1,0,0,7.353304533931797,6.254477807854541,6.80166760142922,20.40944994321556
Bright_Mid_20260114_210400_T4,1736902006.2,155,Bright,Mid,4,4,1280,720,27.390471573810256,2,3,bob,4,1,0.830187943888888,1098.8976692089814,205.26471613682378,1186.6762475984387,348.8495096279228,12603.669050992488,bob,0.8329941403024183,chen,0.7461435855183159,0.08685055478410231,bob,bob,bob,1,1,1,0,0,7.353304533931797,6.254477807854541,6.80166760142922,20.40944994321556
Bright_Mid_20260114_210400_T4,1736902006.24,156,Bright,Mid,4,4,1280,720,25.66488092830312,1,0,diana,1,1,0.6490378559378931,122.80803486298684,288.83982721498967,214.37800122847648,454.10170119048473,15133.02424143387,diana,0.7568226063635545,bob,0.6902915546050715,0.06653105175848295,diana,diana,diana,2,1,1,0,0,12.490533290422363,6.535173023558873,5.561459607991991,24.587165921973227
Bright_Mid_20260114_210400_T4,1736902006.24,156,Bright,Mid,4,4,1280,720,25.66488092830312,1,1,chen,2,1,0.8729369655064068,428.760020977022,262.0706503097675,543.3951812704757,469.4133811413579,23768.7671845618,chen,0.8806076828362429,diana,0.774147082927146,0.10646059990909695,chen,chen,chen,2,1,1,0,0,12.490533290422363,6.535173023558873,5.561459607991991,24.587165921973227
Bright_Mid_20260114_210400_T4,1736902006.24,156,Bright,Mid,4,4,1280,720,25.66488092830312,1,2,alice,3,1,0.8519306486505129,774.3461896610823,201.62089026238732,869.738096681394,382.35812827176017,17240.86980329804,alice,0.8856735457194822,chen,0.7889766206331853,0.0966969250862969,alice,alice,alice,2,1,1,0,0,12.490533290422363,6.535173023558873,5.561459607991991,24.587165921973227
Bright_Mid_20260114_210400_T4,1736902006.24,156,Bright,Mid,4,4,1280,720,25.66488092830312,1,3,bob,4,1,0.9140554044442218,1073.2693441774247,200.60554455566495,1192.4659571860109,383.8961416660247,21847.61837187623,bob,0.8583894698858046,chen,0.7683546182152954,0.09003485167050918,bob,bob,bob,3,1,1,0,0,12.490533290422363,6.535173023558873,5.561459607991991,24.587165921973227
Bright_Mid_20260114_210400_T4,1736902006.28,157,Bright,Mid,4,4,1280,720,29.925319366113207,0,0,diana,1,1,0.858600309406051,91.51772825764039,296.8048941984581,217.8435106107289,466.8548817314687,21481.697714240516,diana,0.9550881562948342,bob,0.8114656037055481,0.14362255258928613,diana,diana,diana,2,1,1,0,0,16.353388656404537,8.51740478260215,6.1028337331539895,30.973627172160676
Bright_Mid_20260114_210400_T4,1736902006.28,157,Bright,Mid,4,4,1280,720,29.925319366113207,0,1,chen,2,1,0.7593898680042903,451.0914733089362,187.88350920493048,562.2104007351153,326.2259345419788,15372.461920989072,chen,0.8268191043924794,bob,0.7631315531452871,0.06368755124719228,chen,chen,chen,2,1,1,0,0,16.353388656404537,8.51740478260215,6.1028337331539895,30.973627172160676
Bright_Mid_20260114_210400_T4,1736902006.28,157,Bright,Mid,4,4,1280,720,29.925319366113207,0,2,alice,3,1,0.7424053511190518,758.8825826062665,186.5687568552301,847.0001805527041,335.41083440952656,13115.606347441983,alice,0.8692833744271757,diana,0.6995702652686547,0.169713109158521,alice,alice,alice,1,1,1,0,0,16.353388656404537,8.51740478260215,6.1028337331539895,30.973627172160676
Bright_Mid_20260114_210400_T4,1736902006.28,157,Bright,Mid,4,4,1280,720,29.925319366113207,0,3,bob,4,1,0.7428040632400281,1075.2245562037729,291.63031849301774,1174.7205262768289,492.7823263665647,20013.814155521555,bob,0.8809668847763636,chen,0.7929471663152754,0.08801971846108825,bob,bob,bob,2,1,1,0,0,16.353388656404537,8.51740478260215,6.1028337331539895,30.973627172160676
Bright_Mid_20260114_210400_T4,1736902006.32,158,Bright,Mid,4,4,1280,720,25.357457116484138,3,0,diana,1,1,0.7945051546269002,101.36759480668428,227.46544577177502,221.9235580817599,383.3045549663596,18787.333924882838,diana,0.849760689242099,chen,0.7322156368494273,0.11754505239267177,diana,diana,diana,1,1,1,0,0,17.48381253437956,11.679390265902121,9.476395841860572,38.63959864214225
Bright_Mid_20260114_210400_T4,1736902006.32,158,Bright,Mid,4,4,1280,720,25.357457116484138,3,1,chen,2,1,0.7737253754312261,396.1948385266789,250.71562696986786,516.3851342015083,414.7101207834991,19710.54670050433,chen,0.9062317495434582,alice,0.7454569919199561,0.16077475762350213,chen,chen,chen,2,1,1,0,0,17.48381253437956,11.679390265902121,9.476395841860572,38.63959864214225
Bright_Mid_20260114_210400_T4,1736902006.32,158,Bright,Mid,4,4,1280,720,25.357457116484138,3,2,alice,3,1,0.8477726735206267,747.4947676383293,254.24786041620365,843.0854241005362,395.9673655850872,13547.060532592697,alice,0.8222949957857112,chen,0.6748973702060546,0.14739762557965663,alice,alice,alice,2,1,1,0,0,17.48381253437956,11.679390265902121,9.476395841860572,38.63959864214225
Bright_Mid_20260114_210400_T4,1736902006.32,158,Bright,Mid,4,4,1280,720,25.357457116484138,3,3,bob,4,1,0.8445151434680329,1076.2058934490879,263.3975832938798,1187.983998752754,476.7750733081338,23850.931548245237,bob,0.8421457983907424,alice,0.6685037251268371,0.17364207326390535,bob,bob,bob,2,1,1,0,0,17.48381253437956,11.679390265902121,9.476395841860572,38.63959864214225
Bright_Mid_20260114_210400_T4,1736902006.36,159,Bright,Mid,4,4,1280,720,23.68540094142873,2,0,diana,1,1,0.8021004202233588,112.71917457913821,277.252311613496,232.5799708718331,490.46727494781794,25556.115286769575,diana,0.865911320196174,bob,0.6875738138933308,0.17833750630284317,diana,diana,diana,3,1,1,0,0,24.74697262241351,17.15810254697333,3.15998450894055,45.06505967832739
Bright_Mid_20260114_210400_T4,1736902006.36,159,Bright,Mid,4,4,1280,720,23.68540094142873,2,1,chen,2,1,0.8373470145345706,416.69003037594086,294.2874414439035,503.0312830910967,438.6160070462512,12461.509156688253,chen,0.873585947455819,alice,0.7684775194222492,0.10510842803356979,chen,chen,chen,2,1,1,0,0,24.74697262241351,17.15810254697333,3.15998450894055,45.06505967832739
Bright_Mid_20260114_210400_T4,1736902006.36,159,Bright,Mid,4,4,1280,720,23.68540094142873,2,2,alice,3,1,0.7469656004855818,765.1602576884756,194.01500971980084,845.4183815295884,346.2972144248634,12221.884044016604,alice,0.8459928165071429,diana,0.7207878630225739,0.12520495348456895,alice,alice,alice,2,1,1,0,0,24.74697262241351,17.15810254697333,3.15998450894055,45.06505967832739
Bright_Mid_20260114_210400_T4,1736902006.36,159,Bright,Mid,4,4,1280,720,23.68540094142873,2,3,bob,4,1,0.8168045712697157,1094.3838789177084,182.11336117578637,1211.3042538266832,351.70180223684497,19828.34410908754,bob,0.8555353045728405,chen,0.6766522512043669,0.17888305336847365,bob,bob,bob,2,1,1,0,0,24.74697262241351,17.15810254697333,3.15998450894055,45.06505967832739
Bright_Mid_20260114_210400_T4,1736902006.4,160,Bright,Mid,4,4,1280,720,26.545454834825218,0,0,diana,1,1,0.7456295251084522,84.85798703930399,272.3607973856948,195.6921863917568,407.31472202256725,14957.510186599011,diana,0.8483051914877978,chen,0.7355205443487746,0.11278464713902325,diana,diana,diana,2,1,1,0,0,12.184729746845973,7.383122323895721,6.992062058870502,26.559914129612196
Bright_Mid_20260114_210400_T4,1736902006.4,160,Bright,Mid,4,4,1280,720,26.545454834825218,0,1,chen,2,1,0.6272715710992802,446.9406850675741,170.42201179405293,529.1099021036337,378.9416756159299,17133.89751286598,chen,0.8658117834870024,bob,0.7894425621648711,0.07636922132213131,chen,chen,chen,2,1,1,0,0,12.184729746845973,7.383122323895721,6.992062058870502,26.559914129612196
Bright_Mid_20260114_210400_T4,1736902006.4,160,Bright,Mid,4,4,1280,720,26.545454834825218,0,2,alice,3,1,0.8280403760145789,737.5631847939352,308.0768557059373,862.7968046304239,467.8641570862228,20010.74215575713,alice,0.878806595224715,bob,0.8171569792396358,0.06164961598507923,alice,alice,alice,1,1,1,0,0,12.184729746845973,7.383122323895721,6.992062058870502,26.559914129612196
Bright_Mid_20260114_210400_T4,1736902006.4,160,Bright,Mid,4,4,1280,720,26.545454834825218,0,3,bob,4,1,0.8765269649880285,1054.4441627519109,190.3478063855991,1175.4495562929333,391.93996781993644,24393.738829147303,bob,0.8701125973059163,diana,0.6939839969194121,0.17612860038650413,bob,bob,bob,1,1,1,0,0,12.184729746845973,7.383122323895721,6.992062058870502,26.559914129612196
Bright_Mid_20260114_210400_T4,1736902006.44,161,Bright,Mid,4,4,1280,720,23.770197559859945,1,0,diana,1,1,0.7240953330542045,109.44234084324371,257.5323244675639,231.1400966739635,464.76759260335876,25220.06706110371,diana,0.8069079851884833,alice,0.733570780147944,0.07333720504053931,diana,diana,diana,3,1,1,0,0,9.216837142973757,7.460233200736237,6.1684491218560655,22.84551946556606
Bright_Mid_20260114_210400_T4,1736902006.44,161,Bright,Mid,4,4,1280,720,23.770197559859945,1,1,chen,2,1,0.7573358682328039,432.77749001865527,235.95940079293587,546.2065106612869,433.82784312017725,22444.02362926202,chen,0.8895626780537322,bob,0.7814872964215055,0.10807538163222674,chen,chen,chen,2,1,1,0,0,9.216837142973757,7.460233200736237,6.1684491218560655,22.84551946556606
Bright_Mid_20260114_210400_T4,1736902006.44,161,Bright,Mid,4,4,1280,720,23.770197559859945,1,2,alice,3,1,0.8299263074080692,751.9463078118457,229.86317099807331,854.5024469139529,413.6517681651719,18848.648936450107,alice,0.8736553417915078,diana,0.7129430258542213,0.16071231593728652,alice,alice,alice,2,1,1,0,0,9.216837142973757,7.460233200736237,6.1684491218560655,22.84551946556606
Bright_Mid_20260114_210400_T4,1736902006.44,161,Bright,Mid,4,4,1280,720,23.770197559859945,1,3,bob,-1,0,-1.0,-1.0,-1.0,-1.0,-1.0,0.0,unknown,-1.0,unknown,-1.0,-1.0,unknown,unknown,unknown,0,0,0,0,1,9.216837142973757,7.460233200736237,6.1684491218560655,22.84551946556606
Bright_Mid_20260114_210400_T4,1736902006.48,162,Bright,Mid,4,4,1280,720,23.950772527246897,1,0,diana,1,1,0.8327483080602759,93.0198849887204,264.98435334288166,178.56325640678298,465.7779264274778,17176.559200735497,diana,0.8063998228265139,chen,0.6808569945889227,0.12554282823759122,diana,diana,diana,3,1,1,0,0,15.9200977639189,11.37235672495061,1.9103408932479162,29.202795382117426
Bright_Mid_20260114_210400_T4,1736902006.48,162,Bright,Mid,4,4,1280,720,23.950772527246897,1,1,chen,2,1,0.747841088115364,416.3533914003548,235.16862315402898,536.845382126793,398.5229483008653,19682.887830716172,chen,0.8131900271662138,bob,0.6915932683912132,0.12159675877500065,chen,chen,chen,3,1,1,0,0,15.9200977639189,11.37235672495061,1.9103408932479162,29.202795382117426
Bright_Mid_20260114_210400_T4,1736902006.48,162,Bright,Mid,4,4,1280,720,23.950772527246897,1,2,alice,3,1,0.7812617564058045,770.4460013494609,285.68339673710346,868.006718700653,486.2508826380212,19567.507801818647,alice,0.9220252785893561,bob,0.7648762775931008,0.15714900099625528,alice,alice,alice,1,1,1,0,0,15.9200977639189,11.37235672495061,1.9103408932479162,29.202795382117426
Bright_Mid_20260114_210400_T4,1736902006.48,162,Bright,Mid,4,4,1280,720,23.950772527246897,1,3,bob,4,1,0.8288170390097346,1076.1074961643665,237.5098117988602,1191.072644262799,435.8795216948585,22805.60307643655,bob,0.9069067901777053,diana,0.8467893820147924,0.06011740816291289,bob,bob,bob,2,1,1,0,0,15.9200977639189,11.37235672495061,1.9103408932479162,29.202795382117426
Bright_Mid_20260114_210400_T4,1736902006.52,163,Bright,Mid,4,4,1280,720,24.073949345717597,0,0,diana,1,1,0.7628157733564618,146.86145244152254,310.52098676116674,242.8527553898113,464.306216354118,14762.044562829129,diana,0.8341385586126447,chen,0.7720187362837962,0.062119822328848495,diana,diana,diana,3,1,1,0,0,15.059541971801888,10.639863053166,2.954900105637442,28.65430513060533
Bright_Mid_20260114_210400_T4,1736902006.52,163,Bright,Mid,4,4,1280,720,24.073949345717597,0,1,chen,2,1,0.8575955689262318,453.88789777546475,202.3826807980986,538.3135187736033,384.56426483469363,15380.793366714097,chen,0.808781129668429,alice,0.7082083582021311,0.10057277146629784,chen,chen,chen,1,1,1,0,0,15.059541971801888,10.639863053166,2.954900105637442,28.65430513060533
Bright_Mid_20260114_210400_T4,1736902006.52,163,Bright,Mid,4,4,1280,720,24.073949345717597,0,2,alice,3,1,0.7889267476145838,780.4827630900115,121.93352326634374,885.1664765301452,336.9340004448535,22507.048342447124,alice,0.8856952655977839,bob,0.7069818937061003,0.17871337189168357,alice,alice,alice,1,1,1,0,0,15.059541971801888,10.639863053166,2.954900105637442,28.65430513060533
Bright_Mid_20260114_210400_T4,1736902006.52,163,Bright,Mid,4,4,1280,720,24.073949345717597,0,3,bob,4,1,0.8663659261069189,1094.0514637922845,218.94938799267624,1187.0105474829213,417.9740091399082,18501.146413722825,bob,0.8556855673571118,diana,0.7145665156087366,0.14111905174837513,bob,bob,bob,3,1,1,0,0,15.059541971801888,10.639863053166,2.954900105637442,28.65430513060533
Bright_Mid_20260114_210400_T4,1736902006.56,164,Bright,Mid,4,4,1280,720,26.424232776669903,1,0,diana,1,1,0.8149369111758515,142.92779587143264,313.9230340337515,223.58968537234648,471.59105446371643,12717.800441749658,diana,0.8832814394964912,alice,0.7573234879484039,0.1259579515480873,diana,diana,diana,1,1,1,0,0,11.977106225049333,5.752660959701681,6.739057164121346,24.46882434887236
Bright_Mid_20260114_210400_T4,1736902006.56,164,Bright,Mid,4,4,1280,720,26.424232776669903,1,1,chen,2,1,0.7914365916127404,417.08297558305634,323.5850389773441,531.2021085141367,487.97036469965565,18759.510838023423,chen,0.7453594576560543,diana,0.6263849074018285,0.11897455025422576,chen,chen,chen,1,1,1,0,0,11.977106225049333,5.752660959701681,6.739057164121346,24.46882434887236
Bright_Mid_20260114_210400_T4,1736902006.56,164,Bright,Mid,4,4,1280,720,26.424232776669903,1,2,alice,3,1,0.8228921457004242,755.3987079746386,213.35814427472965,850.8226905383564,353.34335323317384,13357.946138828971,alice,0.8163299315086998,bob,0.6797218336246831,0.13660809788401673,alice,alice,alice,3,1,1,0,0,11.977106225049333,5.752660959701681,6.739057164121346,24.46882434887236
Bright_Mid_20260114_210400_T4,1736902006.56,164,Bright,Mid,4,4,1280,720,26.424232776669903,1,3,bob,4,1,0.8352635971618341,1060.1046844764944,248.62931391866186,1162.0195609990008,387.85451967926986,14189.119653912903,bob,0.8500941490207033,diana,0.7395984671907009,0.11049568183000247,bob,bob,bob,2,1,1,0,0,11.977106225049333,5.752660959701681,6.739057164121346,24.46882434887236
Bright_Mid_20260114_210400_T4,1736902006.6,165,Bright,Mid,4,4,1280,720,25.42514036010337,2,0,diana,1,1,0.763747117831992,113.90158441702914,268.75398091203243,203.83692051296134,442.9931706724271,15670.260092184002,diana,0.8068996375632216,chen,0.6765186672074929,0.1303809703557287,diana,diana,diana,1,1,1,0,0,19.039143963908337,14.404547109980747,4.166611110472452,37.61030218436154
Bright_Mid_20260114_210400_T4,1736902006.6,165,Bright,Mid,4,4,1280,720,25.42514036010337,2,1,chen,2,1,0.7295596806755761,462.43900182227,219.81196796978116,546.5998015428275,413.0556530651441,16263.543078573337,chen,0.8880785797086996,bob,0.7535323528397927,0.13454622686890694,chen,chen,chen,3,1,1,0,0,19.039143963908337,14.404547109980747,4.166611110472452,37.61030218436154
Bright_Mid_20260114_210400_T4,1736902006.6,165,Bright,Mid,4,4,1280,720,25.42514036010337,2,2,alice,3,1,0.8523411011248669,746.3263107195012,312.78319328611275,835.4112553627178,474.54774241604406,14410.785904474833,alice,0.8749752092540122,diana,0.7827120950068529,0.09226311424715927,alice,alice,alice,2,1,1,0,0,19.039143963908337,14.404547109980747,4.166611110472452,37.61030218436154
Bright_Mid_20260114_210400_T4,1736902006.6,165,Bright,Mid,4,4,1280,720,25.42514036010337,2,3,bob,4,1,0.8367851960115116,1060.5722836022662,230.9496345414666,1176.7199195964438,373.98161795074475,16612.826744546084,bob,0.6804683922249992,alice,0.5448859669516501,0.13558242527334907,bob,bob,bob,2,1,1,0,0,19.039143963908337,14.404547109980747,4.166611110472452,37.61030218436154
Bright_Mid_20260114_210400_T4,1736902006.64,166,Bright,Mid,4,4,1280,720,23.109102705760414,2,0,diana,1,1,0.7587130890347418,93.82576383352199,274.4804492163295,179.94678416343856,483.6169796688556,18011.05139083022,diana,0.8111044821455522,alice,0.7353344979140456,0.0757699842315066,diana,diana,diana,3,1,1,0,0,12.836110342266235,11.088677250909411,6.203739404458835,30.12852699763448
Bright_Mid_20260114_210400_T4,1736902006.64,166,Bright,Mid,4,4,1280,720,23.109102705760414,2,1,chen,2,1,0.7252268344072822,431.18431631013425,217.2481678337057,512.3855756976617,378.1916124353304,13068.81039181868,bob,0.6604408587159929,alice,0.6354895162124348,0.024951342503558127,unknown,unknown,unknown,0,0,0,0,0,12.836110342266235,11.088677250909411,6.203739404458835,30.12852699763448
Bright_Mid_20260114_210400_T4,1736902006.64,166,Bright,Mid,4,4,1280,720,23.109102705760414,2,2,alice,3,1,0.8772733711876864,722.5689932186036,230.0578790536115,846.8961872648996,442.7659705789206,26445.40017028439,alice,0.8130970442560396,chen,0.6884042438134738,0.12469280044256581,alice,alice,alice,1,1,1,0,0,12.836110342266235,11.088677250909411,6.203739404458835,30.12852699763448
Bright_Mid_20260114_210400_T4,1736902006.64,166,Bright,Mid,4,4,1280,720,23.109102705760414,2,3,bob,4,1,0.9359492141965855,1052.9084041170174,258.2104950727864,1177.623930088115,434.434280068756,21977.84203438996,bob,0.8771908011636966,alice,0.701959600270337,0.17523120089335964,bob,bob,bob,2,1,1,0,0,12.836110342266235,11.088677250909411,6.203739404458835,30.12852699763448
Bright_Mid_20260114_210400_T4,1736902006.68,167,Bright,Mid,4,4,1280,720,23.782473788309137,1,0,diana,1,1,0.6904100821596268,131.80904404491295,216.10693298882734,214.54080451845707,393.0392994274466,14637.926160217186,diana,0.8763892889531467,alice,0.7189854383319915,0.15740385062115525,diana,diana,diana,2,1,1,0,0,11.727540493767114,8.111602218044446,2.2337853577455693,22.07292806955713
Bright_Mid_20260114_210400_T4,1736902006.68,167,Bright,Mid,4,4,1280,720,23.782473788309137,1,1,chen,2,1,0.7068643265634446,452.6175119580872,194.58144182971623,543.4032481820271,382.4543983966255,17056.184678495145,chen,0.8338362837718414,diana,0.7254535060200042,0.10838277775183713,chen,chen,chen,1,1,1,0,0,11.727540493767114,8.111602218044446,2.2337853577455693,22.07292806955713
Bright_Mid_20260114_210400_T4,1736902006.68,167,Bright,Mid,4,4,1280,720,23.782473788309137,1,2,alice,3,1,0.8649184035769042,758.5678807316762,110.9113261849203,862.6517186763245,310.435465011713,20767.23813169342,chen,0.554543233756392,bob,0.5035304917279217,0.05101274202847028,unknown,unknown,unknown,0,0,0,0,0,11.727540493767114,8.111602218044446,2.2337853577455693,22.07292806955713
Bright_Mid_20260114_210400_T4,1736902006.68,167,Bright,Mid,4,4,1280,720,23.782473788309137,1,3,bob,4,1,0.7309107516174531,1060.1831443498536,175.62977278296802,1187.4346268312693,330.7650419485488,19741.19298647361,bob,0.9182126464354551,chen,0.814604294313361,0.10360835212209407,bob,bob,bob,1,1,1,0,0,11.727540493767114,8.111602218044446,2.2337853577455693,22.07292806955713
Bright_Mid_20260114_210400_T4,1736902006.72,168,Bright,Mid,4,4,1280,720,25.20082937507394,2,0,diana,1,1,0.7385866149001417,108.09891531029882,206.81415366585952,198.22990297765887,359.3249382615046,13745.947645529492,diana,0.8617996732838146,alice,0.7663745504447953,0.09542512283901927,diana,diana,diana,3,1,1,0,0,12.561052846587074,7.668753929555789,3.0039801158814488,23.233786892024312
Bright_Mid_20260114_210400_T4,1736902006.72,168,Bright,Mid,4,4,1280,720,25.20082937507394,2,1,chen,2,1,0.7284564974691129,428.7691028422013,249.70406618452876,524.6006579062077,444.3373657457968,18652.011764194922,chen,0.7374434068750019,alice,0.7011303609813373,0.036313045893664575,unknown,unknown,unknown,0,0,0,0,0,12.561052846587074,7.668753929555789,3.0039801158814488,23.233786892024312
Bright_Mid_20260114_210400_T4,1736902006.72,168,Bright,Mid,4,4,1280,720,25.20082937507394,2,2,alice,3,1,0.740179494826221,706.5142652504587,218.07285388785107,833.4309766766307,424.5593877147772,26206.59182710249,alice,0.833249926870768,chen,0.7506868464133293,0.08256308045743876,alice,alice,alice,2,1,1,0,0,12.561052846587074,7.668753929555789,3.0039801158814488,23.233786892024312
Bright_Mid_20260114_210400_T4,1736902006.72,168,Bright,Mid,4,4,1280,720,25.20082937507394,2,3,bob,4,1,0.8024848925338155,1109.862874059327,243.3141738991103,1208.9871899376697,401.25773911756346,15656.047849665574,bob,0.8309532721621278,chen,0.7555353740846811,0.0754178980774467,bob,bob,bob,2,1,1,0,0,12.561052846587074,7.668753929555789,3.0039801158814488,23.233786892024312
Bright_Mid_20260114_210400_T4,1736902006.76,169,Bright,Mid,4,4,1280,720,28.10943898059855,1,0,diana,1,1,0.7345207790581881,101.13525382479868,239.2905672557544,208.47011521433166,378.923101440562,14987.438702195546,diana,0.7661130261832347,bob,0.7429000103723113,0.023213015810923388,unknown,unknown,unknown,0,0,0,0,0,11.955075894612088,8.28134349989478,2.372961271034672,22.60938066554154
Bright_Mid_20260114_210400_T4,1736902006.76,169,Bright,Mid,4,4,1280,720,28.10943898059855,1,1,chen,2,1,0.7109787274679253,412.52228707399155,228.3716087248252,531.7087086992733,434.9909169296183,24626.21598362051,diana,0.9593188415541286,chen,0.907024677848493,0.052294163705635555,diana,diana,diana,2,0,0,1,0,11.955075894612088,8.28134349989478,2.372961271034672,22.60938066554154
Bright_Mid_20260114_210400_T4,1736902006.76,169,Bright,Mid,4,4,1280,720,28.10943898059855,1,2,alice,3,1,0.6876576598909783,770.1570712324922,217.36296856708788,894.4334299826148,383.26008355711025,20617.08937811037,alice,0.7698664455900628,bob,0.6040994426872324,0.16576700290283042,alice,alice,alice,1,1,1,0,0,11.955075894612088,8.28134349989478,2.372961271034672,22.60938066554154
Bright_Mid_20260114_210400_T4,1736902006.76,169,Bright,Mid,4,4,1280,720,28.10943898059855,1,3,bob,4,1,0.6131828945500811,1066.9874844326475,181.97215701667997,1183.0434233680787,320.0723908920795,16027.352309612133,bob,0.9146466825597913,alice,0.7670291355895726,0.14761754697021867,bob,bob,bob,2,1,1,0,0,11.955075894612088,8.28134349989478,2.372961271034672,22.60938066554154
Bright_Mid_20260114_210400_T4,1736902006.8,170,Bright,Mid,4,4,1280,720,23.896063820539826,1,0,diana,1,1,0.8651673818899974,87.55846706319329,305.87043719478925,202.7168838499303,474.7485511486178,19447.736232853058,diana,0.7460088392271689,alice,0.6713910231767106,0.07461781605045825,diana,diana,diana,3,1,1,0,0,7.300269405359957,8.063743624794823,5.175630966435492,20.53964399659027
Bright_Mid_20260114_210400_T4,1736902006.8,170,Bright,Mid,4,4,1280,720,23.896063820539826,1,1,chen,2,1,0.7298731078887613,450.6617401808095,269.12670557771224,556.273845708162,436.1883741540981,17643.734571264846,chen,0.8516427194668179,alice,0.7121508983501597,0.13949182111665825,chen,chen,chen,1,1,1,0,0,7.300269405359957,8.063743624794823,5.175630966435492,20.53964399659027
Bright_Mid_20260114_210400_T4,1736902006.8,170,Bright,Mid,4,4,1280,720,23.896063820539826,1,2,alice,3,1,0.9138238526298447,766.3619507478054,264.94096392849,847.329351965968,398.72846833259774,10832.426547064093,alice,0.9350731476997092,diana,0.8375031755907454,0.09756997210896379,alice,alice,alice,2,1,1,0,0,7.300269405359957,8.063743624794823,5.175630966435492,20.53964399659027
Bright_Mid_20260114_210400_T4,1736902006.8,170,Bright,Mid,4,4,1280,720,23.896063820539826,1,3,bob,4,1,0.8631971760075692,1049.7906450003834,223.38580485260076,1156.6915731025179,390.76865430198535,17893.38195451906,bob,0.9859305193850686,alice,0.8603083537603304,0.12562216562473816,bob,bob,bob,3,1,1,0,0,7.300269405359957,8.063743624794823,5.175630966435492,20.53964399659027
Bright_Mid_20260114_210400_T4,1736902006.84,171,Bright,Mid,4,4,1280,720,24.56918034842704,2,0,diana,1,1,0.8136402429597114,94.75799030120965,114.9526176493201,190.6967454725592,314.84196166281777,19177.13483667262,diana,0.8057909039597259,alice,0.634196995347083,0.1715939086126429,diana,diana,diana,1,1,1,0,0,15.605717363454236,7.493083070389053,6.773958167791582,29.87275860163487
Bright_Mid_20260114_210400_T4,1736902006.84,171,Bright,Mid,4,4,1280,720,24.56918034842704,2,1,chen,2,1,0.8910134983127642,436.3088119321501,280.83635041596017,521.3481637270826,474.3469311035526,16456.01434713384,chen,0.9517800235089321,alice,0.8323013077308034,0.11947871577812874,chen,chen,chen,3,1,1,0,0,15.605717363454236,7.493083070389053,6.773958167791582,29.87275860163487
Bright_Mid_20260114_210400_T4,1736902006.84,171,Bright,Mid,4,4,1280,720,24.56918034842704,2,2,alice,3,1,0.571874092655924,771.2150516867573,224.778954499094,869.9910981810056,361.04530281693667,13459.851157044654,alice,0.9526819272600011,diana,0.8712936523827578,0.08138827487724332,alice,alice,alice,2,1,1,0,0,15.605717363454236,7.493083070389053,6.773958167791582,29.87275860163487
Bright_Mid_20260114_210400_T4,1736902006.84,171,Bright,Mid,4,4,1280,720,24.56918034842704,2,3,bob,4,1,0.8591147776158696,1095.932961291815,304.8754988678279,1191.5461901947674,438.8876159652368,12813.331227803821,bob,0.9357877435705096,diana,0.8451968899820754,0.09059085358843422,bob,bob,bob,2,1,1,0,0,15.605717363454236,7.493083070389053,6.773958167791582,29.87275860163487
Bright_Mid_20260114_210400_T4,1736902006.88,172,Bright,Mid,4,4,1280,720,21.287987391648244,1,0,diana,1,1,0.8949079387941944,96.19304233802865,227.42855793971322,212.58918153209578,416.96936259469715,22061.817881576997,diana,0.8567636058807114,bob,0.6860952806608969,0.17066832521981457,diana,diana,diana,2,1,1,0,0,8.916171717721303,5.438899441397347,2.7221046408431677,17.077175799961818
Bright_Mid_20260114_210400_T4,1736902006.88,172,Bright,Mid,4,4,1280,720,21.287987391648244,1,1,chen,2,1,0.8179182171304464,404.65672337375344,243.66814795639158,513.6899111905889,434.9446619474946,20855.488074941484,chen,0.9118234074996899,alice,0.7684135062752641,0.14340990122442587,chen,chen,chen,1,1,1,0,0,8.916171717721303,5.438899441397347,2.7221046408431677,17.077175799961818
Bright_Mid_20260114_210400_T4,1736902006.88,172,Bright,Mid,4,4,1280,720,21.287987391648244,1,2,alice,3,1,0.7391218090377999,734.9800641139153,158.67903273460485,843.2808157615926,363.7609173286391,22210.522250856124,alice,0.8233416218718518,bob,0.7067281022799099,0.11661351959194188,alice,alice,alice,2,1,1,0,0,8.916171717721303,5.438899441397347,2.7221046408431677,17.077175799961818
Bright_Mid_20260114_210400_T4,1736902006.88,172,Bright,Mid,4,4,1280,720,21.287987391648244,1,3,bob,4,1,0.8203256117250181,1063.5157777029958,302.2428809245028,1167.5886893048391,455.8497882268654,15986.318085111327,bob,0.8358855834018522,alice,0.7303568467490301,0.10552873665282203,bob,bob,bob,3,1,1,0,0,8.916171717721303,5.438899441397347,2.7221046408431677,17.077175799961818
Bright_Mid_20260114_210400_T4,1736902006.92,173,Bright,Mid,4,4,1280,720,25.826008820875707,0,0,diana,1,1,0.7163669831640863,96.39836514244438,208.2330910377414,221.98538515347275,355.8049123323391,18533.105273988545,diana,0.8260063946420354,chen,0.6644875441712877,0.16151885047074765,diana,diana,diana,2,1,1,0,0,9.806761920709604,6.779716949657506,2.6687214854049186,19.25520035577203
Bright_Mid_20260114_210400_T4,1736902006.92,173,Bright,Mid,4,4,1280,720,25.826008820875707,0,1,chen,2,1,0.700418886707733,469.05897470959957,311.1300755900809,562.8548048442142,469.40271030456074,14845.313160637263,chen,0.8675695829188744,bob,0.6969816722453763,0.1705879106734981,chen,chen,chen,2,1,1,0,0,9.806761920709604,6.779716949657506,2.6687214854049186,19.25520035577203
Bright_Mid_20260114_210400_T4,1736902006.92,173,Bright,Mid,4,4,1280,720,25.826008820875707,0,2,alice,-1,0,-1.0,-1.0,-1.0,-1.0,-1.0,0.0,unknown,-1.0,unknown,-1.0,-1.0,unknown,unknown,unknown,0,0,0,0,1,9.806761920709604,6.779716949657506,2.6687214854049186,19.25520035577203
Bright_Mid_20260114_210400_T4,1736902006.92,173,Bright,Mid,4,4,1280,720,25.826008820875707,0,3,bob,4,1,0.8736755722794329,1085.3143955317614,221.51910876399393,1183.0139631192737,364.96977354243484,14015.06791899486,bob,0.8184306670314095,chen,0.7219434638424805,0.096487203188929,bob,bob,bob,1,1,1,0,0,9.806761920709604,6.779716949657506,2.6687214854049186,19.25520035577203
Bright_Mid_20260114_210400_T4,1736902006.96,174,Bright,Mid,4,4,1280,720,25.609026259983672,0,0,diana,1,1,0.8893449679655936,97.45056359007651,168.96621383534335,218.00420927279572,366.5134246278412,23815.036455488225,diana,0.8139582920259889,bob,0.7499990921574494,0.06395919986853948,diana,diana,diana,2,1,1,0,0,9.844114849969825,6.458168881282688,7.362951880387653,23.665235611640167
Bright_Mid_20260114_210400_T4,1736902006.96,174,Bright,Mid,4,4,1280,720,25.609026259983672,0,1,chen,2,1,0.7978402348684168,410.7852352344342,273.78756772903296,531.5242630898513,461.88572697365373,22710.788888588944,chen,0.869665965629886,diana,0.6993167912185841,0.17034917441130182,chen,chen,chen,2,1,1,0,0,9.844114849969825,6.458168881282688,7.362951880387653,23.665235611640167
Bright_Mid_20260114_210400_T4,1736902006.96,174,Bright,Mid,4,4,1280,720,25.609026259983672,0,2,alice,3,1,0.7389815698462444,782.6526426013681,242.11714714339718,882.3744825105236,440.7690367468438,19809.93193268614,alice,0.8524231449088417,chen,0.7414989903601525,0.1109241545486892,alice,alice,alice,3,1,1,0,0,9.844114849969825,6.458168881282688,7.362951880387653,23.665235611640167
Bright_Mid_20260114_210400_T4,1736902006.96,174,Bright,Mid,4,4,1280,720,25.609026259983672,0,3,bob,4,1,0.7667281056530261,1084.427157853646,239.49204962267123,1173.1387629551837,401.6754880221136,14387.553141300908,bob,0.7727689870564447,chen,0.6717645571378352,0.10100442991860947,bob,bob,bob,1,1,1,0,0,9.844114849969825,6.458168881282688,7.362951880387653,23.665235611640167
Bright_Mid_20260114_210400_T4,1736902007.0,175,Bright,Mid,4,4,1280,720,28.603690622487242,1,0,diana,1,1,0.7311470077714173,110.7184095025223,164.8572728542246,205.30074539664827,368.47862760820396,19258.98337055786,diana,0.7841798875341944,alice,0.664566261436538,0.11961362609765647,diana,diana,diana,2,1,1,0,0,15.454373664361091,7.040852322614342,7.725093974696092,30.220319961671525
Bright_Mid_20260114_210400_T4,1736902007.0,175,Bright,Mid,4,4,1280,720,28.603690622487242,1,1,chen,2,1,0.6945708069972508,413.0634372802092,329.7499374841765,529.3269139727747,545.3534703871884,25066.81632250411,chen,0.836913212719464,bob,0.6671408793456928,0.16977233337377118,chen,chen,chen,3,1,1,0,0,15.454373664361091,7.040852322614342,7.725093974696092,30.220319961671525
Bright_Mid_20260114_210400_T4,1736902007.0,175,Bright,Mid,4,4,1280,720,28.603690622487242,1,2,alice,3,1,0.9304489761562365,720.201621790942,226.67501042921032,845.5985701450345,410.86139510768845,23096.410567054136,alice,0.8020519134287692,chen,0.6788238510787934,0.12322806234997585,alice,alice,alice,2,1,1,0,0,15.454373664361091,7.040852322614342,7.725093974696092,30.220319961671525
Bright_Mid_20260114_210400_T4,1736902007.0,175,Bright,Mid,4,4,1280,720,28.603690622487242,1,3,bob,4,1,0.8276107043191782,1056.7493559037064,232.90157056859636,1158.45631981655,444.90425322035077,21562.14919388801,bob,0.8580990257948237,chen,0.738343453637179,0.11975557215764465,bob,bob,bob,2,1,1,0,0,15.454373664361091,7.040852322614342,7.725093974696092,30.220319961671525
Bright_Mid_20260114_210400_T4,1736902007.04,176,Bright,Mid,4,4,1280,720,23.83909471353055,0,0,diana,1,1,0.8498590929458507,107.70176704990214,270.4911504069136,205.43944442622856,463.6747455577112,18881.315897247514,diana,0.8531150967830275,alice,0.717157491499937,0.13595760528309053,diana,diana,diana,2,1,1,0,0,8.629775146143714,5.178309291581865,8.02990024227551,21.83798468000109
Bright_Mid_20260114_210400_T4,1736902007.04,176,Bright,Mid,4,4,1280,720,23.83909471353055,0,1,chen,2,1,0.8789909146733655,449.0710455860385,209.51166200837633,535.4352563134374,396.48697634543873,16147.975448227711,bob,0.5984966737889934,alice,0.5462934872457434,0.05220318654324996,unknown,unknown,unknown,0,0,0,0,0,8.629775146143714,5.178309291581865,8.02990024227551,21.83798468000109
Bright_Mid_20260114_210400_T4,1736902007.04,176,Bright,Mid,4,4,1280,720,23.83909471353055,0,2,alice,3,1,0.8554989633082857,748.6653614695022,262.4546668458158,851.676858640237,449.9727097079429,19316.514341753744,alice,0.8019405700792808,diana,0.7336659471174504,0.0682746229618304,alice,alice,alice,2,1,1,0,0,8.629775146143714,5.178309291581865,8.02990024227551,21.83798468000109
Bright_Mid_20260114_210400_T4,1736902007.04,176,Bright,Mid,4,4,1280,720,23.83909471353055,0,3,bob,4,1,0.7077915259847656,1086.7779303425675,296.44110971926204,1201.7068370503664,476.54097519695176,20698.680637572532,bob,0.8258353336657478,alice,0.7106595209325207,0.11517581273322708,bob,bob,bob,2,1,1,0,0,8.629775146143714,5.178309291581865,8.02990024227551,21.83798468000109
Bright_Mid_20260114_210400_T4,1736902007.08,177,Bright,Mid,4,4,1280,720,24.979520995337126,0,0,diana,1,1,0.7784269112175909,113.07265862550754,235.92804955729054,198.81321018392862,429.0446807254893,16557.926471465533,diana,0.8619785255638718,bob,0.7085809313713705,0.15339759419250132,diana,diana,diana,3,1,1,0,0,16.971345363975843,11.587372800077178,6.9484771686145645,35.507195332667585
Bright_Mid_20260114_210400_T4,1736902007.08,177,Bright,Mid,4,4,1280,720,24.979520995337126,0,1,chen,2,1,0.8768024119212008,439.69745655029726,280.7941689853358,548.1999966098159,465.9327600415138,20088.007392635798,chen,0.7796146472199867,diana,0.7192323421496438,0.06038230507034292,chen,chen,chen,1,1,1,0,0,16.971345363975843,11.587372800077178,6.9484771686145645,35.507195332667585
Bright_Mid_20260114_210400_T4,1736902007.08,177,Bright,Mid,4,4,1280,720,24.979520995337126,0,2,alice,3,1,0.7371700937760562,738.3628922446625,264.0711967376945,865.2176853848858,428.80109908511184,20896.777686290825,alice,0.886687876511516,diana,0.7652650800089419,0.12142279650257415,alice,alice,alice,3,1,1,0,0,16.971345363975843,11.587372800077178,6.9484771686145645,35.507195332667585
Bright_Mid_20260114_210400_T4,1736902007.08,177,Bright,Mid,4,4,1280,720,24.979520995337126,0,3,bob,4,1,0.7553153657595639,1099.0720556061672,180.46077727989405,1183.5454501250836,388.5666299942786,17579.407798037715,bob,0.863784675845565,diana,0.7947403321485769,0.06904434369698809,bob,bob,bob,2,1,1,0,0,16.971345363975843,11.587372800077178,6.9484771686145645,35.507195332667585
Bright_Mid_20260114_210400_T4,1736902007.12,178,Bright,Mid,4,4,1280,720,26.022489679470898,0,0,diana,1,1,0.8106404770655535,102.60938011411966,255.62466717726122,227.38968079839438,460.5778946424409,25574.125349317677,diana,0.8604880802868122,chen,0.7044039306788307,0.15608414960798156,diana,diana,diana,3,1,1,0,0,13.97568884132301,9.41086586145248,15.47591000526918,38.86246470804467
Bright_Mid_20260114_210400_T4,1736902007.12,178,Bright,Mid,4,4,1280,720,26.022489679470898,0,1,chen,2,1,0.9043797359524328,410.9888338040041,199.59830012175837,515.4584988542631,406.5364399289915,21618.75815178531,chen,0.8402141164826609,alice,0.7353528647302434,0.10486125175241745,chen,chen,chen,2,1,1,0,0,13.97568884132301,9.41086586145248,15.47591000526918,38.86246470804467
Bright_Mid_20260114_210400_T4,1736902007.12,178,Bright,Mid,4,4,1280,720,26.022489679470898,0,2,alice,3,1,0.7196764461185288,696.5104036655373,231.61871390754226,814.59589278094,405.5731558970154,20541.495366123872,alice,0.8532856081895697,bob,0.7525699375814174,0.10071567060815223,alice,alice,alice,1,1,1,0,0,13.97568884132301,9.41086586145248,15.47591000526918,38.86246470804467
Bright_Mid_20260114_210400_T4,1736902007.12,178,Bright,Mid,4,4,1280,720,26.022489679470898,0,3,bob,4,1,0.8318199171696693,1051.7487706226116,213.65153125144963,1163.377451884343,389.2861200192139,19605.85752809202,bob,0.8498033404156976,diana,0.7736658863144836,0.07613745410121397,bob,bob,bob,1,1,1,0,0,13.97568884132301,9.41086586145248,15.47591000526918,38.86246470804467
Bright_Mid_20260114_210400_T4,1736902007.16,179,Bright,Mid,4,4,1280,720,24.183701870831378,1,0,diana,1,1,0.8384488323755989,134.70785649184637,216.17816012160108,216.9532028515241,396.0210056369988,14791.2371197239,diana,0.8690995873814109,bob,0.7829190015250422,0.08618058585636867,diana,diana,diana,2,1,1,0,0,14.612634451229095,6.2515875164430295,9.725440307310878,30.589662274983002
Bright_Mid_20260114_210400_T4,1736902007.16,179,Bright,Mid,4,4,1280,720,24.183701870831378,1,1,chen,2,1,0.921092383390381,442.7613061425365,265.4329965849979,541.8115367433156,413.61639004469475,14677.599293388956,chen,0.960896400523105,diana,0.8689531065382108,0.0919432939848942,chen,chen,chen,1,1,1,0,0,14.612634451229095,6.2515875164430295,9.725440307310878,30.589662274983002
Bright_Mid_20260114_210400_T4,1736902007.16,179,Bright,Mid,4,4,1280,720,24.183701870831378,1,2,alice,3,1,0.8876103280014102,726.0189180857212,284.3046035952872,833.8350881924746,469.08595501846037,19922.417617596613,bob,0.7586965940620463,alice,0.6914954315332986,0.06720116252874764,unknown,unknown,unknown,0,0,0,0,0,14.612634451229095,6.2515875164430295,9.725440307310878,30.589662274983002
Bright_Mid_20260114_210400_T4,1736902007.16,179,Bright,Mid,4,4,1280,720,24.183701870831378,1,3,bob,4,1,0.573473758056339,1055.8159022280051,226.19759193838394,1177.03335338853,428.41351248795644,24512.098473098387,bob,0.8026955702289192,diana,0.635759975942495,0.16693559428642424,bob,bob,bob,2,1,1,0,0,14.612634451229095,6.2515875164430295,9.725440307310878,30.589662274983002
Bright_Mid_20260114_210400_T4,1736902007.2,180,Bright,Mid,4,4,1280,720,24.705748281065983,3,0,diana,1,1,0.8546588809336516,103.76572363261218,215.46308095753142,199.56753993935294,381.1504632323259,15873.152161034594,diana,0.8679870180993814,bob,0.7442895613288221,0.12369745677055932,diana,diana,diana,3,1,1,0,0,14.83208790973079,11.20086188772688,10.333629401868151,36.36657919932582
Bright_Mid_20260114_210400_T4,1736902007.2,180,Bright,Mid,4,4,1280,720,24.705748281065983,3,1,chen,2,1,0.7666352326923349,398.37701162632493,182.56720048998034,523.9769991330198,378.50443678063687,24609.71443020279,chen,0.8720720870596832,bob,0.7151377370375938,0.15693435002208944,chen,chen,chen,2,1,1,0,0,14.83208790973079,11.20086188772688,10.333629401868151,36.36657919932582
Bright_Mid_20260114_210400_T4,1736902007.2,180,Bright,Mid,4,4,1280,720,24.705748281065983,3,2,alice,3,1,0.8849693975700258,743.2054990611981,281.17406246935604,860.3215519121023,450.6773706782084,19851.558402591058,chen,0.6713064204685038,diana,0.6063028132723781,0.06500360719612563,unknown,unknown,unknown,0,0,0,0,0,14.83208790973079,11.20086188772688,10.333629401868151,36.36657919932582
Bright_Mid_20260114_210400_T4,1736902007.2,180,Bright,Mid,4,4,1280,720,24.705748281065983,3,3,bob,4,1,0.7384442317213608,1056.022557624608,243.14444460570942,1162.5152225627153,391.49886383066564,15798.657458610764,bob,0.5872169352730277,diana,0.5250649157427292,0.062152019530298475,unknown,unknown,unknown,0,0,0,0,0,14.83208790973079,11.20086188772688,10.333629401868151,36.36657919932582
Bright_Mid_20260114_210400_T4,1736902007.24,181,Bright,Mid,4,4,1280,720,23.59124697020441,1,0,diana,1,1,0.7824196313630305,115.86321826364599,177.7902513580442,209.61310852023786,380.96784098664307,19047.87673028,diana,0.9020670876837645,alice,0.7831301838868597,0.1189369037969048,diana,diana,diana,2,1,1,0,0,16.550101180626662,7.016394771393603,7.073847086602086,30.64034303862235
Bright_Mid_20260114_210400_T4,1736902007.24,181,Bright,Mid,4,4,1280,720,23.59124697020441,1,1,chen,2,1,0.7306329710518333,408.7870285824258,185.22885519686673,506.4895259582113,365.79425493820844,17641.690494386094,chen,0.8451660354078534,bob,0.7554693786823241,0.08969665672552929,chen,chen,chen,2,1,1,0,0,16.550101180626662,7.016394771393603,7.073847086602086,30.64034303862235
Bright_Mid_20260114_210400_T4,1736902007.24,181,Bright,Mid,4,4,1280,720,23.59124697020441,1,2,alice,3,1,0.8582883640464932,742.0496456969255,205.91627990796783,842.0920893336503,351.0270432444504,14517.235362172167,alice,0.8782699814629162,diana,0.7406893164103834,0.13758066505253286,alice,alice,alice,2,1,1,0,0,16.550101180626662,7.016394771393603,7.073847086602086,30.64034303862235
Bright_Mid_20260114_210400_T4,1736902007.24,181,Bright,Mid,4,4,1280,720,23.59124697020441,1,3,bob,4,1,0.8785541971913903,1090.280899237269,299.46730973629064,1201.0697909238736,494.008966926393,21553.0545869668,bob,0.8809685121214038,chen,0.7863226731382528,0.09464583898315104,bob,bob,bob,3,1,1,0,0,16.550101180626662,7.016394771393603,7.073847086602086,30.64034303862235
Bright_Mid_20260114_210400_T4,1736902007.28,182,Bright,Mid,4,4,1280,720,27.19151410180309,1,0,diana,1,1,0.8504266722642989,108.92940944715475,214.6540903438107,191.09334593777106,392.25796909043015,14592.63381382436,diana,0.7950841971075231,chen,0.6619000714568669,0.13318412565065618,diana,diana,diana,2,1,1,0,0,7.103701800728378,6.701746675568247,4.327809435262248,18.13325791155887
Bright_Mid_20260114_210400_T4,1736902007.28,182,Bright,Mid,4,4,1280,720,27.19151410180309,1,1,chen,-1,0,-1.0,-1.0,-1.0,-1.0,-1.0,0.0,unknown,-1.0,unknown,-1.0,-1.0,unknown,unknown,unknown,0,0,0,0,1,7.103701800728378,6.701746675568247,4.327809435262248,18.13325791155887
Bright_Mid_20260114_210400_T4,1736902007.28,182,Bright,Mid,4,4,1280,720,27.19151410180309,1,2,alice,3,1,0.8044291919149471,727.8307296438355,225.51968233497757,853.7348727444324,397.4937681922298,21652.24991536583,alice,0.8220669897325072,chen,0.6976536587708185,0.12441333096168872,alice,alice,alice,2,1,1,0,0,7.103701800728378,6.701746675568247,4.327809435262248,18.13325791155887
Bright_Mid_20260114_210400_T4,1736902007.28,182,Bright,Mid,4,4,1280,720,27.19151410180309,1,3,bob,4,1,0.7853154046174339,1067.131510954721,317.61877434310895,1189.2071198298493,480.44824060011365,19877.50623613599,bob,0.8998354757204661,chen,0.773197720122544,0.12663775559792212,bob,bob,bob,1,1,1,0,0,7.103701800728378,6.701746675568247,4.327809435262248,18.13325791155887
Bright_Mid_20260114_210400_T4,1736902007.32,183,Bright,Mid,4,4,1280,720,25.282249716841356,1,0,diana,1,1,0.6832716756549839,89.25260271072281,224.5057474777933,191.72120797589534,437.74062517308505,21849.88051132619,diana,0.8153138730040886,alice,0.7416363520076019,0.07367752099648672,diana,diana,diana,2,1,1,0,0,16.878914960206615,10.03450990200628,11.071945858204662,37.985370720417556
Bright_Mid_20260114_210400_T4,1736902007.32,183,Bright,Mid,4,4,1280,720,25.282249716841356,1,1,chen,2,1,0.6582192547202969,431.449174092015,179.16132195857114,543.0481354815206,323.36293177981827,16092.749886745907,chen,0.7633487492484259,alice,0.6050180387936595,0.15833071045476643,chen,chen,chen,2,1,1,0,0,16.878914960206615,10.03450990200628,11.071945858204662,37.985370720417556
Bright_Mid_20260114_210400_T4,1736902007.32,183,Bright,Mid,4,4,1280,720,25.282249716841356,1,2,alice,3,1,0.7909202584126933,744.8482438422292,213.4162292862593,828.0633446630526,411.2403690326713,16461.955733790335,diana,0.7470557674779764,alice,0.7128804200371428,0.034175347440833614,diana,diana,diana,1,0,0,1,0,16.878914960206615,10.03450990200628,11.071945858204662,37.985370720417556
Bright_Mid_20260114_210400_T4,1736902007.32,183,Bright,Mid,4,4,1280,720,25.282249716841356,1,3,bob,4,1,0.8217432957781116,1079.169877419713,313.25152627192426,1180.7764760623859,498.2321540424738,18795.252402551898,bob,0.8053909253817056,chen,0.7355932735635612,0.06979765181814446,bob,bob,bob,3,1,1,0,0,16.878914960206615,10.03450990200628,11.071945858204662,37.985370720417556
Bright_Mid_20260114_210400_T4,1736902007.36,184,Bright,Mid,4,4,1280,720,24.0109292184169,0,0,diana,1,1,0.5390727109256825,112.7799672569239,271.9499833641966,201.27391506280168,430.308170439056,14013.74114163604,diana,0.887788078011275,alice,0.721798543029572,0.165989534981703,diana,diana,diana,2,1,1,0,0,13.703471037358035,11.372950937167705,13.519161580117352,38.59558355464309
Bright_Mid_20260114_210400_T4,1736902007.36,184,Bright,Mid,4,4,1280,720,24.0109292184169,0,1,chen,2,1,0.8108690917197307,394.8655104883245,270.741254355977,519.8801076188538,414.47386003738376,17968.673793782295,chen,0.8573661655713987,bob,0.6870960680168481,0.17027009755455058,chen,chen,chen,2,1,1,0,0,13.703471037358035,11.372950937167705,13.519161580117352,38.59558355464309
Bright_Mid_20260114_210400_T4,1736902007.36,184,Bright,Mid,4,4,1280,720,24.0109292184169,0,2,alice,3,1,0.6545816839064897,754.6031780304745,255.70776660272318,839.7173915716969,432.09159929413624,15012.771200916175,alice,0.8926751421342997,diana,0.8182223721261752,0.07445277000812445,alice,alice,alice,1,1,1,0,0,13.703471037358035,11.372950937167705,13.519161580117352,38.59558355464309
Bright_Mid_20260114_210400_T4,1736902007.36,184,Bright,Mid,4,4,1280,720,24.0109292184169,0,3,bob,4,1,0.99,1040.634746049995,170.22275939317205,1126.2340548845368,343.5350543957903,14835.412664752323,bob,0.9225248354692422,alice,0.7979224553936342,0.12460238007560809,bob,bob,bob,2,1,1,0,0,13.703471037358035,11.372950937167705,13.519161580117352,38.59558355464309
Bright_Mid_20260114_210400_T4,1736902007.4,185,Bright,Mid,4,4,1280,720,25.995459088425697,2,0,diana,1,1,0.7478080994988731,103.25911002046591,266.75552650229093,205.6866821020261,453.0360883586308,19080.26567693379,diana,0.8590408245563242,alice,0.776748277949455,0.08229254660686924,diana,diana,diana,2,1,1,0,0,13.469676967847255,9.85852595167461,2.323985697756985,25.65218861727885
Bright_Mid_20260114_210400_T4,1736902007.4,185,Bright,Mid,4,4,1280,720,25.995459088425697,2,1,chen,2,1,0.9048245440807524,421.81257477980205,286.72828980499025,511.3369386637693,427.1630617459381,12572.333625203364,chen,0.8493561316026235,bob,0.7844853128993986,0.06487081870322486,chen,chen,chen,1,1,1,0,0,13.469676967847255,9.85852595167461,2.323985697756985,25.65218861727885
Bright_Mid_20260114_210400_T4,1736902007.4,185,Bright,Mid,4,4,1280,720,25.995459088425697,2,2,alice,3,1,0.660597843831131,754.6168532197206,176.73481873553658,859.0557440014521,335.3628613506968,16566.93681760457,alice,0.935965921226465,chen,0.8169231387648942,0.11904278246157085,alice,alice,alice,1,1,1,0,0,13.469676967847255,9.85852595167461,2.323985697756985,25.65218861727885
Bright_Mid_20260114_210400_T4,1736902007.4,185,Bright,Mid,4,4,1280,720,25.995459088425697,2,3,bob,-1,0,-1.0,-1.0,-1.0,-1.0,-1.0,0.0,unknown,-1.0,unknown,-1.0,-1.0,unknown,unknown,unknown,0,0,0,0,1,13.469676967847255,9.85852595167461,2.323985697756985,25.65218861727885
Bright_Mid_20260114_210400_T4,1736902007.44,186,Bright,Mid,4,4,1280,720,27.885664703350926,1,0,diana,-1,0,-1.0,-1.0,-1.0,-1.0,-1.0,0.0,unknown,-1.0,unknown,-1.0,-1.0,unknown,unknown,unknown,0,0,0,0,1,13.010287084665595,6.841074079510327,4.024970791782722,23.876331955958644
Bright_Mid_20260114_210400_T4,1736902007.44,186,Bright,Mid,4,4,1280,720,27.885664703350926,1,1,chen,2,1,0.7710324696492092,426.2848272911343,237.18109077541916,547.6915121908942,439.89614071515985,24610.96219247318,chen,0.8886403490411321,diana,0.8120191948972274,0.07662115414390469,chen,chen,chen,3,1,1,0,0,13.010287084665595,6.841074079510327,4.024970791782722,23.876331955958644
Bright_Mid_20260114_210400_T4,1736902007.44,186,Bright,Mid,4,4,1280,720,27.885664703350926,1,2,alice,3,1,0.8617061505221463,748.4654258916847,219.47599069751993,866.8759675842467,391.74092926546643,20397.98469046646,alice,0.8917848868100323,diana,0.7470902664521093,0.14469462035792302,alice,alice,alice,2,1,1,0,0,13.010287084665595,6.841074079510327,4.024970791782722,23.876331955958644
Bright_Mid_20260114_210400_T4,1736902007.44,186,Bright,Mid,4,4,1280,720,27.885664703350926,1,3,bob,-1,0,-1.0,-1.0,-1.0,-1.0,-1.0,0.0,unknown,-1.0,unknown,-1.0,-1.0,unknown,unknown,unknown,0,0,0,0,1,13.010287084665595,6.841074079510327,4.024970791782722,23.876331955958644
Bright_Mid_20260114_210400_T4,1736902007.48,187,Bright,Mid,4,4,1280,720,27.218003987742094,1,0,diana,1,1,0.8352845878116014,97.641009289252,247.14264439457858,208.674823705437,436.53451620883106,21028.901946957612,diana,0.9331982910993438,chen,0.79419229596057,0.13900599513877387,diana,diana,diana,3,1,1,0,0,13.030093197156363,8.758273926745211,4.545259469341035,26.33362659324261
Bright_Mid_20260114_210400_T4,1736902007.48,187,Bright,Mid,4,4,1280,720,27.218003987742094,1,1,chen,2,1,0.7971868735962739,476.796479363132,180.82831478189632,572.52923953199,311.10668597538034,12471.908064655267,chen,0.8338284120795862,diana,0.7613726847540234,0.07245572732556282,chen,chen,chen,3,1,1,0,0,13.030093197156363,8.758273926745211,4.545259469341035,26.33362659324261
Bright_Mid_20260114_210400_T4,1736902007.48,187,Bright,Mid,4,4,1280,720,27.218003987742094,1,2,alice,-1,0,-1.0,-1.0,-1.0,-1.0,-1.0,0.0,unknown,-1.0,unknown,-1.0,-1.0,unknown,unknown,unknown,0,0,0,0,1,13.030093197156363,8.758273926745211,4.545259469341035,26.33362659324261
Bright_Mid_20260114_210400_T4,1736902007.48,187,Bright,Mid,4,4,1280,720,27.218003987742094,1,3,bob,4,1,0.8757784701118363,1078.4976475758922,156.88417599898236,1173.6584599384241,314.8828907459466,15035.286047557074,bob,0.8709823749124311,chen,0.7097521066318038,0.16123026828062736,bob,bob,bob,3,1,1,0,0,13.030093197156363,8.758273926745211,4.545259469341035,26.33362659324261
Bright_Mid_20260114_210400_T4,1736902007.52,188,Bright,Mid,4,4,1280,720,26.02970616868633,0,0,diana,1,1,0.8034696842045641,95.25709003670005,303.12283433673093,221.8698325860371,449.5348956299817,18537.632622640114,diana,0.8627868637988069,chen,0.7160593164359097,0.14672754736289717,diana,diana,diana,2,1,1,0,0,18.4845645102451,12.480161089404566,5.4315078663218035,36.39623346597147
Bright_Mid_20260114_210400_T4,1736902007.52,188,Bright,Mid,4,4,1280,720,26.02970616868633,0,1,chen,2,1,0.7571787760812737,454.7480200924679,339.0251036307818,558.1316436420959,502.0785683221476,16857.05801211472,chen,0.8252601078356036,diana,0.6828617379198677,0.14239836991573585,chen,chen,chen,2,1,1,0,0,18.4845645102451,12.480161089404566,5.4315078663218035,36.39623346597147
Bright_Mid_20260114_210400_T4,1736902007.52,188,Bright,Mid,4,4,1280,720,26.02970616868633,0,2,alice,3,1,0.8263520327244616,747.625457249658,212.02268283244575,858.7449750065603,352.31737128494547,15589.478124696614,bob,0.7016681263171121,alice,0.6041095966700276,0.09755852964708445,bob,bob,bob,1,0,0,1,0,18.4845645102451,12.480161089404566,5.4315078663218035,36.39623346597147
Bright_Mid_20260114_210400_T4,1736902007.52,188,Bright,Mid,4,4,1280,720,26.02970616868633,0,3,bob,4,1,0.6592387696525659,1067.7333537014483,284.01610149314683,1163.5352213452916,472.28671889224813,18036.676769293354,bob,0.9180746597520253,chen,0.8104284548169125,0.10764620493511279,bob,bob,bob,2,1,1,0,0,18.4845645102451,12.480161089404566,5.4315078663218035,36.39623346597147
Bright_Mid_20260114_210400_T4,1736902007.56,189,Bright,Mid,4,4,1280,720,24.631287613577182,0,0,diana,1,1,0.8276800381257915,103.78667564645446,215.60800161131266,230.26661692591102,373.5427490985289,19975.577588168908,diana,0.8685828207239984,alice,0.7302962173900203,0.13828660333397813,diana,diana,diana,3,1,1,0,0,21.534425317716916,21.281277958882225,10.909190425548122,53.72489370214726
Bright_Mid_20260114_210400_T4,1736902007.56,189,Bright,Mid,4,4,1280,720,24.631287613577182,0,1,chen,2,1,0.8833910370654917,432.4404011369953,270.5308259680058,557.983677859919,465.28626306149005,24450.23573232125,chen,0.8770513958901709,bob,0.7939339975486928,0.08311739834147813,chen,chen,chen,2,1,1,0,0,21.534425317716916,21.281277958882225,10.909190425548122,53.72489370214726
Bright_Mid_20260114_210400_T4,1736902007.56,189,Bright,Mid,4,4,1280,720,24.631287613577182,0,2,alice,3,1,0.6752861107549835,755.1338501030027,191.47103402812462,849.5866730985724,406.53554736640405,20313.450410968846,alice,0.8649355175929413,chen,0.7810812879373727,0.08385422965556855,alice,alice,alice,2,1,1,0,0,21.534425317716916,21.281277958882225,10.909190425548122,53.72489370214726
Bright_Mid_20260114_210400_T4,1736902007.56,189,Bright,Mid,4,4,1280,720,24.631287613577182,0,3,bob,4,1,0.7906645325594104,1115.934056839415,285.4613507925287,1217.6138081301428,475.64505572581857,19337.83181716608,bob,0.9094487323635652,diana,0.8428196286228387,0.0666291037407265,bob,bob,bob,1,1,1,0,0,21.534425317716916,21.281277958882225,10.909190425548122,53.72489370214726
Bright_Mid_20260114_210400_T4,1736902007.6,190,Bright,Mid,4,4,1280,720,25.825454980970118,0,0,diana,1,1,0.7961538943290182,104.37762880896413,292.9172905405062,210.03834889262862,474.7126385935703,19208.627383147166,diana,0.8059789190253448,alice,0.6819102727702853,0.12406864625505953,diana,diana,diana,2,1,1,0,0,17.47966618272303,11.41307482467854,4.491154019027389,33.38389502642896
Bright_Mid_20260114_210400_T4,1736902007.6,190,Bright,Mid,4,4,1280,720,25.825454980970118,0,1,chen,2,1,0.7013951125809121,433.0173004713647,229.8888343859271,518.951002580152,396.3163244000913,14301.73034959036,chen,0.8733689475344696,bob,0.8110380151182669,0.06233093241620269,chen,chen,chen,2,1,1,0,0,17.47966618272303,11.41307482467854,4.491154019027389,33.38389502642896
Bright_Mid_20260114_210400_T4,1736902007.6,190,Bright,Mid,4,4,1280,720,25.825454980970118,0,2,alice,3,1,0.8263314616036134,762.2888677488338,197.21901675297738,878.4117111103781,352.9380927367099,18082.54186886338,alice,0.8490283418833172,diana,0.7352804444861248,0.11374789739719238,alice,alice,alice,2,1,1,0,0,17.47966618272303,11.41307482467854,4.491154019027389,33.38389502642896
Bright_Mid_20260114_210400_T4,1736902007.6,190,Bright,Mid,4,4,1280,720,25.825454980970118,0,3,bob,4,1,0.7982785968595532,1078.77557918187,186.83585291756262,1163.4724331708962,401.01844428973925,18140.591668440527,bob,0.8505738327280776,chen,0.7001730416346472,0.1504007910934304,bob,bob,bob,3,1,1,0,0,17.47966618272303,11.41307482467854,4.491154019027389,33.38389502642896
Bright_Mid_20260114_210400_T4,1736902007.64,191,Bright,Mid,4,4,1280,720,26.513685453068774,0,0,diana,1,1,0.7652342919307742,113.56619751885437,163.62167884075606,199.47452925117392,300.07984761992077,11722.893631065333,diana,0.8921666621107542,alice,0.8161319310022561,0.07603473110849812,diana,diana,diana,2,1,1,0,0,17.031013910454114,10.854203951837455,9.506855554758609,37.39207341705018
Bright_Mid_20260114_210400_T4,1736902007.64,191,Bright,Mid,4,4,1280,720,26.513685453068774,0,1,chen,2,1,0.6878719785067999,413.8273758893187,216.48110707827144,523.2635247394993,382.94131835588496,18216.764459009424,chen,0.750652316035433,bob,0.5929885537127093,0.15766376232272372,chen,chen,chen,2,1,1,0,0,17.031013910454114,10.854203951837455,9.506855554758609,37.39207341705018
Bright_Mid_20260114_210400_T4,1736902007.64,191,Bright,Mid,4,4,1280,720,26.513685453068774,0,2,alice,3,1,0.7703511993091323,760.0264330085516,230.86489025252433,876.0451187345819,433.1429340764154,23468.0327956802,diana,0.6297570233596486,alice,0.5831268336492907,0.04663018971035782,unknown,unknown,unknown,0,0,0,0,0,17.031013910454114,10.854203951837455,9.506855554758609,37.39207341705018
Bright_Mid_20260114_210400_T4,1736902007.64,191,Bright,Mid,4,4,1280,720,26.513685453068774,0,3,bob,4,1,0.8193206395711232,1059.4707439070648,223.74831373543697,1148.341103208239,418.5882164904784,17315.492164046365,bob,0.9677396209448006,alice,0.8601024265247386,0.10763719442006203,bob,bob,bob,1,1,1,0,0,17.031013910454114,10.854203951837455,9.506855554758609,37.39207341705018
Bright_Mid_20260114_210400_T4,1736902007.68,192,Bright,Mid,4,4,1280,720,28.42178139112147,3,0,diana,-1,0,-1.0,-1.0,-1.0,-1.0,-1.0,0.0,unknown,-1.0,unknown,-1.0,-1.0,unknown,unknown,unknown,0,0,0,0,1,15.465156100722119,13.923426191747815,7.245554536359187,36.63413682882912
Bright_Mid_20260114_210400_T4,1736902007.68,192,Bright,Mid,4,4,1280,720,28.42178139112147,3,1,chen,2,1,0.7575200372819397,411.8053771187781,253.03805219252473,529.5098550201719,396.1253211217448,16842.012283650176,chen,0.9029512582346846,diana,0.8366159456211351,0.06633531261354952,chen,chen,chen,2,1,1,0,0,15.465156100722119,13.923426191747815,7.245554536359187,36.63413682882912
Bright_Mid_20260114_210400_T4,1736902007.68,192,Bright,Mid,4,4,1280,720,28.42178139112147,3,2,alice,3,1,0.7887571069594458,768.4233967042112,216.34969998021307,865.6012819932473,387.5648000533752,16638.32135466059,alice,0.7910980127911824,bob,0.7167733811349409,0.07432463165624148,alice,alice,alice,2,1,1,0,0,15.465156100722119,13.923426191747815,7.245554536359187,36.63413682882912
Bright_Mid_20260114_210400_T4,1736902007.68,192,Bright,Mid,4,4,1280,720,28.42178139112147,3,3,bob,4,1,0.8073817857855794,1092.4071343681205,228.1068357957609,1176.0454238096934,438.58692468169073,17604.19459592938,bob,0.8623323820156743,chen,0.6892061777370372,0.17312620427863712,bob,bob,bob,2,1,1,0,0,15.465156100722119,13.923426191747815,7.245554536359187,36.63413682882912
Bright_Mid_20260114_210400_T4,1736902007.72,193,Bright,Mid,4,4,1280,720,27.024978193145905,0,0,diana,1,1,0.7073715988439975,122.98699546234207,225.70831547083696,211.8464828654582,415.61245972355425,16874.78491402388,diana,0.9188511137873562,bob,0.7604292930068983,0.15842182078045786,diana,diana,diana,2,1,1,0,0,10.180310535977164,9.708544877292177,4.936579391028296,24.825434804297636
Bright_Mid_20260114_210400_T4,1736902007.72,193,Bright,Mid,4,4,1280,720,27.024978193145905,0,1,chen,2,1,0.7034739697835766,423.18095307707733,267.137065282632,513.921068676843,423.9947236987468,14233.282057386808,chen,0.8518595559075781,bob,0.7103913684531828,0.14146818745439527,chen,chen,chen,2,1,1,0,0,10.180310535977164,9.708544877292177,4.936579391028296,24.825434804297636
Bright_Mid_20260114_210400_T4,1736902007.72,193,Bright,Mid,4,4,1280,720,27.024978193145905,0,2,alice,3,1,0.7245572876834121,748.2582849666351,251.3655203736235,850.4311920339715,415.4860878482189,16768.675488420347,alice,0.8159554806172761,bob,0.7101531157251099,0.10580236489216621,alice,alice,alice,2,1,1,0,0,10.180310535977164,9.708544877292177,4.936579391028296,24.825434804297636
Bright_Mid_20260114_210400_T4,1736902007.72,193,Bright,Mid,4,4,1280,720,27.024978193145905,0,3,bob,4,1,0.8633072337084073,1050.3427465697314,201.38993864974015,1134.5189820783348,416.17717225917323,18079.980760549064,bob,0.8369506946456917,chen,0.6896973113710281,0.14725338327466364,bob,bob,bob,2,1,1,0,0,10.180310535977164,9.708544877292177,4.936579391028296,24.825434804297636
Bright_Mid_20260114_210400_T4,1736902007.76,194,Bright,Mid,4,4,1280,720,23.103852569797453,0,0,diana,1,1,0.7900350588110564,100.47500200744831,206.60606866790667,216.7769230376042,397.9128439232336,22249.345468278814,diana,0.8550797282844199,alice,0.6876589854601182,0.16742074282430175,diana,diana,diana,1,1,1,0,0,12.928197091337873,6.866312181804883,12.301929742788051,32.096439015930805
Bright_Mid_20260114_210400_T4,1736902007.76,194,Bright,Mid,4,4,1280,720,23.103852569797453,0,1,chen,2,1,0.7443869538533793,413.07837269564317,291.4175730826355,539.2240236213988,472.1323283652663,22796.3804370161,chen,0.8396308929307549,alice,0.7224997226743224,0.11713117025643249,chen,chen,chen,2,1,1,0,0,12.928197091337873,6.866312181804883,12.301929742788051,32.096439015930805
Bright_Mid_20260114_210400_T4,1736902007.76,194,Bright,Mid,4,4,1280,720,23.103852569797453,0,2,alice,3,1,0.9178075765612259,754.8908175385084,213.54978472155,843.6346039581501,397.16591947811645,16294.791046036895,alice,0.8857706758826983,diana,0.7303893060532674,0.15538136982943096,alice,alice,alice,1,1,1,0,0,12.928197091337873,6.866312181804883,12.301929742788051,32.096439015930805
Bright_Mid_20260114_210400_T4,1736902007.76,194,Bright,Mid,4,4,1280,720,23.103852569797453,0,3,bob,4,1,0.7272770280053025,1086.438478834136,116.91869830462937,1190.149519132205,306.5011346173992,19661.79169223974,bob,0.8795465327887174,alice,0.791527645135925,0.08801888765279242,bob,bob,bob,1,1,1,0,0,12.928197091337873,6.866312181804883,12.301929742788051,32.096439015930805
Bright_Mid_20260114_210400_T4,1736902007.8,195,Bright,Mid,4,4,1280,720,24.779432403892777,2,0,diana,1,1,0.7648825095408135,111.75513163429638,261.9871173402739,203.29716909677848,407.26571876201626,13299.099173846142,diana,0.9088798916965733,bob,0.7807781792787123,0.12810171241786106,diana,diana,diana,2,1,1,0,0,11.538968553780505,11.641833938023236,9.770250435752349,32.95105292755609
Bright_Mid_20260114_210400_T4,1736902007.8,195,Bright,Mid,4,4,1280,720,24.779432403892777,2,1,chen,2,1,0.8096235464710426,433.0247271001091,229.36599853956628,537.8481642270303,373.8912381792163,15149.632370620082,chen,0.8110588566977324,bob,0.6410010674415967,0.17005778925613568,chen,chen,chen,2,1,1,0,0,11.538968553780505,11.641833938023236,9.770250435752349,32.95105292755609
Bright_Mid_20260114_210400_T4,1736902007.8,195,Bright,Mid,4,4,1280,720,24.779432403892777,2,2,alice,3,1,0.7834489547914227,760.1599236165266,146.51318698599377,865.6222156315694,322.0558451103617,18513.131072208907,alice,0.9301876004794778,chen,0.8570606578802573,0.07312694259922048,alice,alice,alice,1,1,1,0,0,11.538968553780505,11.641833938023236,9.770250435752349,32.95105292755609
Bright_Mid_20260114_210400_T4,1736902007.8,195,Bright,Mid,4,4,1280,720,24.779432403892777,2,3,bob,4,1,0.6869719323474851,1048.120910518689,255.5564035905923,1147.7936185304816,420.9137101379169,16481.61053310796,bob,0.8851152587013137,alice,0.7543255125904689,0.13078974611084482,bob,bob,bob,3,1,1,0,0,11.538968553780505,11.641833938023236,9.770250435752349,32.95105292755609
Bright_Mid_20260114_210400_T4,1736902007.84,196,Bright,Mid,4,4,1280,720,24.69314500372964,4,0,diana,1,1,0.8296373612225916,94.71254247236952,170.27646415872601,214.54578788341564,364.0420185765509,23219.55523475862,diana,0.8280678646518245,chen,0.6532728132555456,0.17479505139627882,diana,diana,diana,1,1,1,0,0,15.859361225240574,8.153102918292948,8.663307866120174,32.6757720096537
Bright_Mid_20260114_210400_T4,1736902007.84,196,Bright,Mid,4,4,1280,720,24.69314500372964,4,1,chen,2,1,0.9528297939206234,437.1593399698657,225.02180542001344,558.2609670471206,371.2599596355132,17709.67841627155,chen,0.8558244585238878,diana,0.750393348383592,0.10543111014029583,chen,chen,chen,2,1,1,0,0,15.859361225240574,8.153102918292948,8.663307866120174,32.6757720096537
Bright_Mid_20260114_210400_T4,1736902007.84,196,Bright,Mid,4,4,1280,720,24.69314500372964,4,2,alice,3,1,0.8597522953795775,755.5123329289015,280.75892923201155,860.6852773303108,435.6981627636489,16295.415393819861,alice,0.7896662762999116,bob,0.6368075170799427,0.15285875921996894,alice,alice,alice,2,1,1,0,0,15.859361225240574,8.153102918292948,8.663307866120174,32.6757720096537
Bright_Mid_20260114_210400_T4,1736902007.84,196,Bright,Mid,4,4,1280,720,24.69314500372964,4,3,bob,4,1,0.8267832940830242,1078.7000875605897,268.1403779913344,1177.7520685744232,421.39926784297666,15180.596647786067,bob,0.8733593644228481,chen,0.8105453012805609,0.06281406314228721,bob,bob,bob,2,1,1,0,0,15.859361225240574,8.153102918292948,8.663307866120174,32.6757720096537
Bright_Mid_20260114_210400_T4,1736902007.88,197,Bright,Mid,4,4,1280,720,23.58018399383151,0,0,diana,1,1,0.836628767249448,148.19421689774313,243.025965222904,229.66670272368978,396.1929235924006,12478.89284476217,diana,0.8980436276601148,bob,0.7312905235705258,0.166753104089589,diana,diana,diana,2,1,1,0,0,12.645028949864054,14.311651181756806,9.034391524320869,35.99107165594173
Bright_Mid_20260114_210400_T4,1736902007.88,197,Bright,Mid,4,4,1280,720,23.58018399383151,0,1,chen,2,1,0.7120552434058096,416.13890383462694,238.71311444641702,519.8382236759883,443.37032289024415,21222.813316256583,alice,0.844472501622138,chen,0.7736045510197062,0.0708679506024319,alice,alice,alice,1,0,0,1,0,12.645028949864054,14.311651181756806,9.034391524320869,35.99107165594173
Bright_Mid_20260114_210400_T4,1736902007.88,197,Bright,Mid,4,4,1280,720,23.58018399383151,0,2,alice,3,1,0.74533022614001,773.5834271386323,278.2228731307669,862.3581824437654,482.3628207514591,18122.47389802964,alice,0.858939515833414,diana,0.6888118677060905,0.1701276481273235,alice,alice,alice,1,1,1,0,0,12.645028949864054,14.311651181756806,9.034391524320869,35.99107165594173
Bright_Mid_20260114_210400_T4,1736902007.88,197,Bright,Mid,4,4,1280,720,23.58018399383151,0,3,bob,4,1,0.885752969495873,1071.683537642514,215.77018219415402,1183.1513313553926,352.70187981281254,15263.474222910894,diana,0.98,bob,0.8968853157309709,0.08311468426902913,diana,diana,diana,1,0,0,1,0,12.645028949864054,14.311651181756806,9.034391524320869,35.99107165594173
Bright_Mid_20260114_210400_T4,1736902007.92,198,Bright,Mid,4,4,1280,720,22.31084405165269,0,0,diana,1,1,0.7086737612582142,107.8390963619,285.99494108216396,198.5354727341892,483.86716000347684,17946.293240907395,diana,0.8203398391242867,bob,0.6477375187818522,0.1726023203424345,diana,diana,diana,2,1,1,0,0,17.899882914590812,11.678360842136602,7.095382175699537,36.67362593242695
Bright_Mid_20260114_210400_T4,1736902007.92,198,Bright,Mid,4,4,1280,720,22.31084405165269,0,1,chen,2,1,0.725992930167965,409.3370347724871,275.9334298979453,524.2817838449436,420.8068625623571,16652.440364876235,chen,0.9201381167914177,diana,0.8539983563842475,0.06613976040717018,chen,chen,chen,2,1,1,0,0,17.899882914590812,11.678360842136602,7.095382175699537,36.67362593242695
Bright_Mid_20260114_210400_T4,1736902007.92,198,Bright,Mid,4,4,1280,720,22.31084405165269,0,2,alice,3,1,0.7041230243306387,750.0034406863494,230.64538645598168,862.1920890441904,386.31186654107887,17464.011995369823,alice,0.8027295907559355,diana,0.7164170820751941,0.08631250868074147,alice,alice,alice,3,1,1,0,0,17.899882914590812,11.678360842136602,7.095382175699537,36.67362593242695
Bright_Mid_20260114_210400_T4,1736902007.92,198,Bright,Mid,4,4,1280,720,22.31084405165269,0,3,bob,4,1,0.7686344703104866,1076.4743242375982,183.8880082470169,1178.5170985139055,368.2950421399708,18817.405334502033,bob,0.9340213476945294,alice,0.7647910954792745,0.1692302522152549,bob,bob,bob,1,1,1,0,0,17.899882914590812,11.678360842136602,7.095382175699537,36.67362593242695
Bright_Mid_20260114_210400_T4,1736902007.96,199,Bright,Mid,4,4,1280,720,24.214213274163644,0,0,diana,1,1,0.8009456418010183,126.45578108242727,224.0529166198616,216.8974040469704,364.34385815943,12688.140440062407,diana,0.915006763825299,alice,0.7575901683155835,0.15741659550971554,diana,diana,diana,2,1,1,0,0,13.114476203890504,9.453604761338577,3.503370088487843,26.071451053716924
Bright_Mid_20260114_210400_T4,1736902007.96,199,Bright,Mid,4,4,1280,720,24.214213274163644,0,1,chen,2,1,0.7823548895365089,445.96604818530324,217.60721580465002,529.2706448257754,367.1504829345104,12457.641548551404,chen,0.7741753914401887,alice,0.6641805743287205,0.10999481711146819,chen,chen,chen,1,1,1,0,0,13.114476203890504,9.453604761338577,3.503370088487843,26.071451053716924
Bright_Mid_20260114_210400_T4,1736902007.96,199,Bright,Mid,4,4,1280,720,24.214213274163644,0,2,alice,3,1,0.8143688154011498,730.0523835989865,189.43547389086126,825.7691270935287,389.86212841540174,19184.186680594677,diana,0.8173175777839375,alice,0.7174869705578372,0.09983060722610038,diana,diana,diana,2,0,0,1,0,13.114476203890504,9.453604761338577,3.503370088487843,26.071451053716924
Bright_Mid_20260114_210400_T4,1736902007.96,199,Bright,Mid,4,4,1280,720,24.214213274163644,0,3,bob,4,1,0.7839367794691583,1086.3804488006147,304.05553892564524,1176.8875854872556,446.9707984998761,12934.85093289168,bob,0.7415650421559463,chen,0.613911267004299,0.12765377515164733,bob,bob,bob,2,1,1,0,0,13.114476203890504,9.453604761338577,3.503370088487843,26.071451053716924
Bright_Mid_20260114_210400_T4,1736902008.0,200,Bright,Mid,4,4,1280,720,25.00761896466669,2,0,diana,1,1,0.639027299105687,108.687443677342,231.24249541515945,202.22621703382748,394.9318404950164,15311.300550296279,alice,0.8945099808902485,diana,0.8280713601668357,0.06643862072341278,alice,alice,alice,2,0,0,1,0,18.920884996954744,12.539092538432765,8.5259085200396,39.98588605542711
Bright_Mid_20260114_210400_T4,1736902008.0,200,Bright,Mid,4,4,1280,720,25.00761896466669,2,1,chen,2,1,0.9467149813252587,421.9228969157063,257.8740221489157,544.2150092489759,401.9170294049058,17615.32362417151,chen,0.8615777120041139,diana,0.7626163024404661,0.09896140956364785,chen,chen,chen,2,1,1,0,0,18.920884996954744,12.539092538432765,8.5259085200396,39.98588605542711
Bright_Mid_20260114_210400_T4,1736902008.0,200,Bright,Mid,4,4,1280,720,25.00761896466669,2,2,alice,3,1,0.7277537496880118,768.9192133107916,248.6277842578526,858.7956997367395,461.3519254614031,19118.898389352322,alice,0.8676221472325151,diana,0.6889576845888394,0.17866446264367564,alice,alice,alice,2,1,1,0,0,18.920884996954744,12.539092538432765,8.5259085200396,39.98588605542711
Bright_Mid_20260114_210400_T4,1736902008.0,200,Bright,Mid,4,4,1280,720,25.00761896466669,2,3,bob,4,1,0.749768136150157,1057.8084635776636,184.196544831584,1168.4032958579364,340.7657682617637,17315.74700551329,bob,0.9232335016754509,alice,0.7574356651812268,0.16579783649422408,bob,bob,bob,2,1,1,0,0,18.920884996954744,12.539092538432765,8.5259085200396,39.98588605542711
Bright_Mid_20260114_210400_T4,1736902008.04,201,Bright,Mid,4,4,1280,720,24.553233714358353,0,0,diana,1,1,0.7715342828294928,129.909657607189,215.63369663700968,247.45759741080218,419.8875002339593,24009.613809873266,diana,0.8312353127407711,alice,0.8165840714673108,0.014651241273460291,unknown,unknown,unknown,0,0,0,0,0,23.76043609200327,13.881568285781745,5.8955034995362805,43.537507877321296
Bright_Mid_20260114_210400_T4,1736902008.04,201,Bright,Mid,4,4,1280,720,24.553233714358353,0,1,chen,2,1,0.7394496661206138,412.54512080473086,254.3242169637337,499.15237643215886,434.94545004845094,15643.109305509362,chen,0.7989104923645437,alice,0.7317208889392662,0.06718960342527747,chen,chen,chen,3,1,1,0,0,23.76043609200327,13.881568285781745,5.8955034995362805,43.537507877321296
Bright_Mid_20260114_210400_T4,1736902008.04,201,Bright,Mid,4,4,1280,720,24.553233714358353,0,2,alice,3,1,0.7985392811095117,744.6382655468888,344.63886195095984,834.8745257564049,510.78784300769985,14992.662688181954,alice,0.8303724386236899,diana,0.6548056105244301,0.17556682809925983,alice,alice,alice,2,1,1,0,0,23.76043609200327,13.881568285781745,5.8955034995362805,43.537507877321296
Bright_Mid_20260114_210400_T4,1736902008.04,201,Bright,Mid,4,4,1280,720,24.553233714358353,0,3,bob,4,1,0.6881716820035773,1085.8634876670062,312.37102218041866,1187.4310891634486,510.2654255799091,20099.659902855667,bob,0.8116721525106642,diana,0.7020093952412753,0.1096627572693889,bob,bob,bob,2,1,1,0,0,23.76043609200327,13.881568285781745,5.8955034995362805,43.537507877321296
Bright_Mid_20260114_210400_T4,1736902008.08,202,Bright,Mid,4,4,1280,720,24.231422839664564,1,0,diana,1,1,0.7534464413941787,106.74085756756024,275.60537068977044,196.24740766947042,440.7702402883932,14783.33767580459,diana,0.836397715671124,alice,0.7039237775143143,0.13247393815680963,diana,diana,diana,2,1,1,0,0,21.823091626025935,12.162415591154561,14.019868468572357,48.00537568575285
Bright_Mid_20260114_210400_T4,1736902008.08,202,Bright,Mid,4,4,1280,720,24.231422839664564,1,1,chen,2,1,0.7123841372214608,436.8500665908281,299.6745456683706,560.723039088533,464.7391914339161,20447.048325258827,chen,0.7448629775264849,alice,0.6782394010190776,0.06662357650740725,unknown,unknown,unknown,0,0,0,0,0,21.823091626025935,12.162415591154561,14.019868468572357,48.00537568575285
Bright_Mid_20260114_210400_T4,1736902008.08,202,Bright,Mid,4,4,1280,720,24.231422839664564,1,2,alice,3,1,0.8013695074939121,752.8732192625163,223.39217056364305,835.6287115383622,383.588418878893,13257.119390072154,alice,0.8898212408353443,chen,0.7526902073095264,0.1371310335258179,alice,alice,alice,1,1,1,0,0,21.823091626025935,12.162415591154561,14.019868468572357,48.00537568575285
Bright_Mid_20260114_210400_T4,1736902008.08,202,Bright,Mid,4,4,1280,720,24.231422839664564,1,3,bob,4,1,0.7799792632793924,1094.7709772024393,216.6011419573747,1195.0405484019414,432.0209666614845,21600.053450952986,bob,0.8055899073556219,chen,0.7366054155481856,0.06898449180743627,bob,bob,bob,2,1,1,0,0,21.823091626025935,12.162415591154561,14.019868468572357,48.00537568575285
Bright_Mid_20260114_210400_T4,1736902008.12,203,Bright,Mid,4,4,1280,720,24.260644973300096,3,0,diana,1,1,0.7812779202785674,109.68622035606577,256.0721095247191,225.07643220658125,414.3342059440333,18261.896833731367,diana,0.8971213938474504,chen,0.8264854102345199,0.07063598361293044,diana,diana,diana,2,1,1,0,0,10.202674638391592,5.810010786210023,9.96534014441235,25.978025569013965
Bright_Mid_20260114_210400_T4,1736902008.12,203,Bright,Mid,4,4,1280,720,24.260644973300096,3,1,chen,2,1,0.648653983406599,401.91522927080587,242.0358581155696,514.3343524006449,435.0088323415031,21693.85255023647,chen,0.8528828175583709,bob,0.771367293240145,0.08151552431822595,chen,chen,chen,2,1,1,0,0,10.202674638391592,5.810010786210023,9.96534014441235,25.978025569013965
Bright_Mid_20260114_210400_T4,1736902008.12,203,Bright,Mid,4,4,1280,720,24.260644973300096,3,2,alice,3,1,0.7271973048010654,760.9469502855077,283.0176268009617,861.1502130243296,472.30725188384974,18967.438035913718,chen,0.6011603419827016,bob,0.577172764552674,0.023987577430027662,unknown,unknown,unknown,0,0,0,0,0,10.202674638391592,5.810010786210023,9.96534014441235,25.978025569013965
Bright_Mid_20260114_210400_T4,1736902008.12,203,Bright,Mid,4,4,1280,720,24.260644973300096,3,3,bob,-1,0,-1.0,-1.0,-1.0,-1.0,-1.0,0.0,unknown,-1.0,unknown,-1.0,-1.0,unknown,unknown,unknown,0,0,0,0,1,10.202674638391592,5.810010786210023,9.96534014441235,25.978025569013965
Bright_Mid_20260114_210400_T4,1736902008.16,204,Bright,Mid,4,4,1280,720,22.87212058623387,0,0,diana,-1,0,-1.0,-1.0,-1.0,-1.0,-1.0,0.0,unknown,-1.0,unknown,-1.0,-1.0,unknown,unknown,unknown,0,0,0,0,1,19.022014388520457,9.416253353249536,6.471013623327563,34.909281365097556
Bright_Mid_20260114_210400_T4,1736902008.16,204,Bright,Mid,4,4,1280,720,22.87212058623387,0,1,chen,2,1,0.7639267094866347,443.3793102800517,220.4917923128266,535.1634817895177,362.40995320956205,13025.840820053963,chen,0.8266170054182205,bob,0.6508979330192788,0.1757190723989417,chen,chen,chen,2,1,1,0,0,19.022014388520457,9.416253353249536,6.471013623327563,34.909281365097556
Bright_Mid_20260114_210400_T4,1736902008.16,204,Bright,Mid,4,4,1280,720,22.87212058623387,0,2,alice,3,1,0.6169822878926725,758.9227268025614,261.8699705521176,877.1773051352687,447.741627097618,21980.174368789943,alice,0.883063320025038,chen,0.7909225009474613,0.09214081907757665,alice,alice,alice,2,1,1,0,0,19.022014388520457,9.416253353249536,6.471013623327563,34.909281365097556
Bright_Mid_20260114_210400_T4,1736902008.16,204,Bright,Mid,4,4,1280,720,22.87212058623387,0,3,bob,4,1,0.841403440095221,1021.2157029355834,228.52858450710266,1148.4508427057092,400.76525559429285,21914.556919319824,bob,0.840207260182316,diana,0.7439273005059056,0.09627995967641034,bob,bob,bob,2,1,1,0,0,19.022014388520457,9.416253353249536,6.471013623327563,34.909281365097556
Bright_Mid_20260114_210400_T4,1736902008.2,205,Bright,Mid,4,4,1280,720,22.337697255893485,1,0,diana,1,1,0.8895554244494434,106.74934848509298,206.89931092849906,230.19550800854842,373.8624672266749,20610.960426924234,diana,0.8407497943568396,chen,0.718566853772971,0.12218294058386858,diana,diana,diana,2,1,1,0,0,14.83267794173678,9.451680297314844,6.030883289206365,30.31524152825799
Bright_Mid_20260114_210400_T4,1736902008.2,205,Bright,Mid,4,4,1280,720,22.337697255893485,1,1,chen,2,1,0.9625467950973883,402.591609601675,270.5483147808178,519.1436916868072,427.13483630780013,18250.485110438167,alice,0.6014881934357322,diana,0.5502106739911897,0.05127751944454251,unknown,unknown,unknown,0,0,0,0,0,14.83267794173678,9.451680297314844,6.030883289206365,30.31524152825799
Bright_Mid_20260114_210400_T4,1736902008.2,205,Bright,Mid,4,4,1280,720,22.337697255893485,1,2,alice,3,1,0.8397558746748006,747.3743066110569,287.1689050750472,857.9982523444648,421.96647413066046,14911.838964203473,alice,0.8662871271374302,diana,0.693886941759094,0.17240018537833612,alice,alice,alice,2,1,1,0,0,14.83267794173678,9.451680297314844,6.030883289206365,30.31524152825799
Bright_Mid_20260114_210400_T4,1736902008.2,205,Bright,Mid,4,4,1280,720,22.337697255893485,1,3,bob,4,1,0.7861929358974012,1077.3534184440846,210.22507081674618,1163.1855341937885,373.6483848388423,14026.968805344763,bob,0.8176862234519922,chen,0.7300797098818458,0.08760651357014637,bob,bob,bob,2,1,1,0,0,14.83267794173678,9.451680297314844,6.030883289206365,30.31524152825799
Bright_Mid_20260114_210400_T4,1736902008.24,206,Bright,Mid,4,4,1280,720,23.856145135623457,0,0,diana,1,1,0.8663826545155412,118.48757098803738,222.65744794958113,232.32293018059363,411.4869109373515,21495.46974535035,diana,0.8127312106372654,alice,0.6673153147271076,0.1454158959101578,diana,diana,diana,3,1,1,0,0,5.0,3.0930006826842416,5.4310491487082935,13.524049831392535
Bright_Mid_20260114_210400_T4,1736902008.24,206,Bright,Mid,4,4,1280,720,23.856145135623457,0,1,chen,2,1,0.7778092853707591,438.95816054673105,245.87404719830752,534.9170637194095,411.6731941133021,15909.904284928652,bob,0.6711017486256727,diana,0.6439883123753462,0.027113436250326584,unknown,unknown,unknown,0,0,0,0,0,5.0,3.0930006826842416,5.4310491487082935,13.524049831392535
Bright_Mid_20260114_210400_T4,1736902008.24,206,Bright,Mid,4,4,1280,720,23.856145135623457,0,2,alice,3,1,0.747533674854011,746.0642017995797,212.98302177151737,853.3085218119497,351.69803289965813,14876.3970439458,alice,0.8760018107517934,chen,0.722486313723711,0.15351549702808243,alice,alice,alice,2,1,1,0,0,5.0,3.0930006826842416,5.4310491487082935,13.524049831392535
Bright_Mid_20260114_210400_T4,1736902008.24,206,Bright,Mid,4,4,1280,720,23.856145135623457,0,3,bob,4,1,0.7991479089165757,1069.1692405393476,182.82321762377077,1168.464177878753,393.2786855968244,20897.16250511959,bob,0.9094149925191924,diana,0.7306095820802647,0.17880541043892773,bob,bob,bob,2,1,1,0,0,5.0,3.0930006826842416,5.4310491487082935,13.524049831392535
Bright_Mid_20260114_210400_T4,1736902008.28,207,Bright,Mid,4,4,1280,720,25.37141961883275,1,0,diana,1,1,0.9378577458191643,139.2475141756771,307.1203451191757,226.30099829454508,436.8474278717241,11293.194538186046,diana,0.8744655926798542,alice,0.7404648658644615,0.13400072681539277,diana,diana,diana,2,1,1,0,0,7.895453144780255,6.350719676525319,6.458675475694786,20.70484829700036
Bright_Mid_20260114_210400_T4,1736902008.28,207,Bright,Mid,4,4,1280,720,25.37141961883275,1,1,chen,2,1,0.7342704320235611,418.83526790485524,281.97140655303014,515.719664974859,457.4497921564826,17001.117588008125,chen,0.9215294225259525,alice,0.837379819463069,0.08414960306288344,chen,chen,chen,1,1,1,0,0,7.895453144780255,6.350719676525319,6.458675475694786,20.70484829700036
Bright_Mid_20260114_210400_T4,1736902008.28,207,Bright,Mid,4,4,1280,720,25.37141961883275,1,2,alice,3,1,0.732608794952567,775.8376717587635,321.48386590258013,882.5140439787126,534.1643648032733,22687.98406465483,alice,0.9000246928027713,chen,0.7935990147784535,0.1064256780243178,alice,alice,alice,1,1,1,0,0,7.895453144780255,6.350719676525319,6.458675475694786,20.70484829700036
Bright_Mid_20260114_210400_T4,1736902008.28,207,Bright,Mid,4,4,1280,720,25.37141961883275,1,3,bob,4,1,0.9044085385059795,1042.195800083775,206.35717953455583,1168.6973099801423,385.28701467565145,22634.894310856664,bob,0.8301093301747718,chen,0.6561214740804766,0.17398785609429523,bob,bob,bob,3,1,1,0,0,7.895453144780255,6.350719676525319,6.458675475694786,20.70484829700036
Bright_Mid_20260114_210400_T4,1736902008.32,208,Bright,Mid,4,4,1280,720,27.196970271725874,1,0,diana,1,1,0.6994571637212124,90.11823853305161,190.30799495887993,217.3623763726443,404.8884018041614,27304.09886629687,diana,0.8843200527410486,bob,0.8115215324999461,0.07279852024110256,diana,diana,diana,2,1,1,0,0,11.69390659457544,6.712184438763009,11.81542951843229,30.22152055177074
Bright_Mid_20260114_210400_T4,1736902008.32,208,Bright,Mid,4,4,1280,720,27.196970271725874,1,1,chen,-1,0,-1.0,-1.0,-1.0,-1.0,-1.0,0.0,unknown,-1.0,unknown,-1.0,-1.0,unknown,unknown,unknown,0,0,0,0,1,11.69390659457544,6.712184438763009,11.81542951843229,30.22152055177074
Bright_Mid_20260114_210400_T4,1736902008.32,208,Bright,Mid,4,4,1280,720,27.196970271725874,1,2,alice,3,1,0.8346786290198583,774.7247790964913,226.54154241279315,873.5719469911049,382.3337698418789,15399.620461358678,alice,0.8543534613376821,diana,0.6827636236238335,0.17158983771384861,alice,alice,alice,2,1,1,0,0,11.69390659457544,6.712184438763009,11.81542951843229,30.22152055177074
Bright_Mid_20260114_210400_T4,1736902008.32,208,Bright,Mid,4,4,1280,720,27.196970271725874,1,3,bob,4,1,0.8411645614411162,1101.5731045052805,296.5070680313974,1183.0333003738203,467.5280743453861,13931.404671972301,bob,0.9212486809090454,chen,0.792759723132727,0.1284889577763184,bob,bob,bob,1,1,1,0,0,11.69390659457544,6.712184438763009,11.81542951843229,30.22152055177074
Bright_Mid_20260114_210400_T4,1736902008.36,209,Bright,Mid,4,4,1280,720,25.768136905702583,3,0,diana,1,1,0.9101440339097239,115.68444095874938,232.46807976426396,234.74036304310894,380.71508597705736,17649.6840209099,diana,0.853344810282168,alice,0.7058249559445342,0.14751985433763382,diana,diana,diana,1,1,1,0,0,29.18406321214517,21.52351727023035,4.19470404584974,54.90228452822526
Bright_Mid_20260114_210400_T4,1736902008.36,209,Bright,Mid,4,4,1280,720,25.768136905702583,3,1,chen,-1,0,-1.0,-1.0,-1.0,-1.0,-1.0,0.0,unknown,-1.0,unknown,-1.0,-1.0,unknown,unknown,unknown,0,0,0,0,1,29.18406321214517,21.52351727023035,4.19470404584974,54.90228452822526
Bright_Mid_20260114_210400_T4,1736902008.36,209,Bright,Mid,4,4,1280,720,25.768136905702583,3,2,alice,3,1,0.7285228732450412,768.3737187678764,271.9751173972944,860.5126721789077,427.79223854809993,14356.826466355082,alice,0.8945453156043631,bob,0.7537795145870619,0.14076580101730118,alice,alice,alice,1,1,1,0,0,29.18406321214517,21.52351727023035,4.19470404584974,54.90228452822526
Bright_Mid_20260114_210400_T4,1736902008.36,209,Bright,Mid,4,4,1280,720,25.768136905702583,3,3,bob,4,1,0.7204661210197169,1077.7781649932826,209.13439205266542,1158.48356090466,376.1097088208143,13475.809047201095,bob,0.8661162381288616,diana,0.7808318392624,0.08528439886646166,bob,bob,bob,2,1,1,0,0,29.18406321214517,21.52351727023035,4.19470404584974,54.90228452822526
Bright_Mid_20260114_210400_T4,1736902008.4,210,Bright,Mid,4,4,1280,720,22.58591779888898,3,0,diana,1,1,0.7929441572823437,120.79309604253298,258.19951413395086,209.10242270625616,451.60633121597584,17079.625788687503,diana,0.9355881290234238,chen,0.8658214278344267,0.06976670118899708,diana,diana,diana,2,1,1,0,0,20.559044851992923,12.599887638153772,9.649424264075863,42.80835675422256
Bright_Mid_20260114_210400_T4,1736902008.4,210,Bright,Mid,4,4,1280,720,22.58591779888898,3,1,chen,2,1,0.7312879639668528,431.5090770876129,164.45675266198504,516.1867888848585,345.20366827842173,15305.235228809695,chen,0.9100847987151134,alice,0.7900427872239975,0.12004201149111593,chen,chen,chen,2,1,1,0,0,20.559044851992923,12.599887638153772,9.649424264075863,42.80835675422256
Bright_Mid_20260114_210400_T4,1736902008.4,210,Bright,Mid,4,4,1280,720,22.58591779888898,3,2,alice,3,1,0.7503389447552598,763.9556657453968,349.98515365857156,879.5847685506315,528.3914676862116,20628.96202580497,diana,0.7835438736886762,alice,0.6853368710265265,0.09820700266214966,diana,diana,diana,1,0,0,1,0,20.559044851992923,12.599887638153772,9.649424264075863,42.80835675422256
Bright_Mid_20260114_210400_T4,1736902008.4,210,Bright,Mid,4,4,1280,720,22.58591779888898,3,3,bob,4,1,0.7942198685062712,1068.8742529193928,267.70993348213426,1167.5360118113786,473.5855073970563,20312.04623534323,bob,0.863280102491974,alice,0.7381929972156576,0.1250871052763164,bob,bob,bob,2,1,1,0,0,20.559044851992923,12.599887638153772,9.649424264075863,42.80835675422256
Bright_Mid_20260114_210400_T4,1736902008.44,211,Bright,Mid,4,4,1280,720,27.232191637031494,2,0,diana,-1,0,-1.0,-1.0,-1.0,-1.0,-1.0,0.0,unknown,-1.0,unknown,-1.0,-1.0,unknown,unknown,unknown,0,0,0,0,1,14.031603630764762,14.120947923528224,7.428323419240332,35.58087497353332
Bright_Mid_20260114_210400_T4,1736902008.44,211,Bright,Mid,4,4,1280,720,27.232191637031494,2,1,chen,2,1,0.7201349381479801,407.44438759947997,186.02152887737483,528.6383950417382,393.67884637698273,25166.82248248687,chen,0.8725116391346739,bob,0.7335871047489484,0.1389245343857255,chen,chen,chen,3,1,1,0,0,14.031603630764762,14.120947923528224,7.428323419240332,35.58087497353332
Bright_Mid_20260114_210400_T4,1736902008.44,211,Bright,Mid,4,4,1280,720,27.232191637031494,2,2,alice,3,1,0.7534626318272756,723.8736676070755,323.17736341603995,846.7976571508705,471.7674794122197,18265.28986502568,alice,0.8864128455524892,chen,0.714351022213022,0.17206182333946718,alice,alice,alice,2,1,1,0,0,14.031603630764762,14.120947923528224,7.428323419240332,35.58087497353332
Bright_Mid_20260114_210400_T4,1736902008.44,211,Bright,Mid,4,4,1280,720,27.232191637031494,2,3,bob,4,1,0.8645767493875064,1081.3326887087599,232.1307833091198,1193.9960039754621,401.56202354596394,19088.685234831944,bob,0.8099248448226211,diana,0.7254663130366434,0.08445853178597762,bob,bob,bob,2,1,1,0,0,14.031603630764762,14.120947923528224,7.428323419240332,35.58087497353332
Bright_Mid_20260114_210400_T4,1736902008.48,212,Bright,Mid,4,4,1280,720,23.586370734661724,4,0,diana,1,1,0.7949637855599846,83.349834429349,280.98844117856555,207.94898737526705,446.39632084355804,20609.68169683841,diana,0.9186462279127876,alice,0.8157572231836674,0.10288900472912021,diana,diana,diana,3,1,1,0,0,9.149121904179099,4.833807630440726,5.039751953476994,19.02268148809682
Bright_Mid_20260114_210400_T4,1736902008.48,212,Bright,Mid,4,4,1280,720,23.586370734661724,4,1,chen,2,1,0.7174079029143908,445.99075436979354,132.7156578679045,542.8035679270138,340.6066624069905,20126.51306266576,chen,0.8532213191454989,alice,0.7109120193640017,0.1423092997814972,chen,chen,chen,1,1,1,0,0,9.149121904179099,4.833807630440726,5.039751953476994,19.02268148809682
Bright_Mid_20260114_210400_T4,1736902008.48,212,Bright,Mid,4,4,1280,720,23.586370734661724,4,2,alice,3,1,0.7042988499709377,755.3274996313324,222.7880952749703,865.4107395539232,388.39067319406297,18230.068316867015,alice,0.8455400471876119,chen,0.6821209382102408,0.1634191089773711,alice,alice,alice,2,1,1,0,0,9.149121904179099,4.833807630440726,5.039751953476994,19.02268148809682
Bright_Mid_20260114_210400_T4,1736902008.48,212,Bright,Mid,4,4,1280,720,23.586370734661724,4,3,bob,4,1,0.71330833602507,1054.7913165623156,265.49950778976915,1181.193777150717,459.72435803777455,24550.498978761683,bob,0.8224511153445138,diana,0.760677974974955,0.06177314036955872,bob,bob,bob,2,1,1,0,0,9.149121904179099,4.833807630440726,5.039751953476994,19.02268148809682
Bright_Mid_20260114_210400_T4,1736902008.52,213,Bright,Mid,4,4,1280,720,23.946323807192968,0,0,diana,1,1,0.7199483299810061,101.07059922803805,243.38258054416258,194.19266498291816,403.85280399708915,14943.318700083733,diana,0.7824161463492417,chen,0.701550274360037,0.0808658719892047,diana,diana,diana,1,1,1,0,0,14.301796556989478,9.190741029721664,4.039500662023562,27.532038248734704
Bright_Mid_20260114_210400_T4,1736902008.52,213,Bright,Mid,4,4,1280,720,23.946323807192968,0,1,chen,2,1,0.8483275964264865,441.83549639762686,246.9252685230673,561.2677060128988,398.83913387633004,18143.40861033707,chen,0.8904765470380196,bob,0.7937139570441234,0.0967625899938962,chen,chen,chen,3,1,1,0,0,14.301796556989478,9.190741029721664,4.039500662023562,27.532038248734704
Bright_Mid_20260114_210400_T4,1736902008.52,213,Bright,Mid,4,4,1280,720,23.946323807192968,0,2,alice,3,1,0.8581197536738454,745.5662811718173,314.1043633671761,856.2704681172836,460.9235100474077,16253.494261262194,alice,0.8526068400558897,diana,0.6809358229945963,0.1716710170612934,alice,alice,alice,2,1,1,0,0,14.301796556989478,9.190741029721664,4.039500662023562,27.532038248734704
Bright_Mid_20260114_210400_T4,1736902008.52,213,Bright,Mid,4,4,1280,720,23.946323807192968,0,3,bob,4,1,0.5487701457742695,1044.0303306103579,217.4145819729172,1161.7403477926646,430.7312353836452,25109.50693824896,bob,0.818421595861911,alice,0.6417748136511774,0.1766467822107336,bob,bob,bob,3,1,1,0,0,14.301796556989478,9.190741029721664,4.039500662023562,27.532038248734704
Bright_Mid_20260114_210400_T4,1736902008.56,214,Bright,Mid,4,4,1280,720,24.928216500153056,2,0,diana,1,1,0.8694907071694313,106.92022637393913,186.3385165971793,194.52193094673228,328.4879013181691,12452.528405532466,diana,0.8136791005519921,chen,0.6521027506844794,0.16157634986751268,diana,diana,diana,2,1,1,0,0,13.362674366835702,7.600667170064187,8.31473296843447,29.27807450533436
Bright_Mid_20260114_210400_T4,1736902008.56,214,Bright,Mid,4,4,1280,720,24.928216500153056,2,1,chen,2,1,0.8386301881232854,436.6357404174369,219.91735901258374,518.0230335558657,388.0880642694627,13686.958486037913,chen,0.9440453211911666,bob,0.7765430142864702,0.16750230690469636,chen,chen,chen,3,1,1,0,0,13.362674366835702,7.600667170064187,8.31473296843447,29.27807450533436
Bright_Mid_20260114_210400_T4,1736902008.56,214,Bright,Mid,4,4,1280,720,24.928216500153056,2,2,alice,3,1,0.8407701563758413,751.7671430784052,270.485427432085,879.062267172004,453.1805986434423,23256.204490651013,alice,0.9024758297168158,bob,0.8066491678756108,0.09582666184120503,alice,alice,alice,3,1,1,0,0,13.362674366835702,7.600667170064187,8.31473296843447,29.27807450533436
Bright_Mid_20260114_210400_T4,1736902008.56,214,Bright,Mid,4,4,1280,720,24.928216500153056,2,3,bob,4,1,0.8174742987217191,1040.0502897780273,235.45205958303586,1156.1846644207278,427.8008449725528,22338.305904494566,bob,0.9396325522364916,chen,0.8288787457959416,0.11075380644055,bob,bob,bob,2,1,1,0,0,13.362674366835702,7.600667170064187,8.31473296843447,29.27807450533436
Bright_Mid_20260114_210400_T4,1736902008.6,215,Bright,Mid,4,4,1280,720,25.96259458414568,1,0,diana,-1,0,-1.0,-1.0,-1.0,-1.0,-1.0,0.0,unknown,-1.0,unknown,-1.0,-1.0,unknown,unknown,unknown,0,0,0,0,1,8.503219550403657,4.205697657416436,7.92281096615135,20.631728173971442
Bright_Mid_20260114_210400_T4,1736902008.6,215,Bright,Mid,4,4,1280,720,25.96259458414568,1,1,chen,2,1,0.7989764500226539,424.44597329139833,229.08843692634275,551.7818888113338,372.2799828349464,18233.426592986918,chen,0.7442367362383259,bob,0.6256067485184165,0.1186299877199094,chen,chen,chen,2,1,1,0,0,8.503219550403657,4.205697657416436,7.92281096615135,20.631728173971442
Bright_Mid_20260114_210400_T4,1736902008.6,215,Bright,Mid,4,4,1280,720,25.96259458414568,1,2,alice,3,1,0.8578815670765673,739.5029071973174,261.09465222196934,842.0694681855059,395.77591432050554,13813.793882995711,alice,0.9182070250936437,diana,0.8156306959981323,0.1025763290955114,alice,alice,alice,2,1,1,0,0,8.503219550403657,4.205697657416436,7.92281096615135,20.631728173971442
Bright_Mid_20260114_210400_T4,1736902008.6,215,Bright,Mid,4,4,1280,720,25.96259458414568,1,3,bob,4,1,0.8473776281452993,1058.8925276220502,148.11423372527184,1183.5886879595378,301.9424604558598,19181.789224828783,bob,0.9373646740310698,alice,0.7945970122098337,0.14276766182123612,bob,bob,bob,3,1,1,0,0,8.503219550403657,4.205697657416436,7.92281096615135,20.631728173971442
Bright_Mid_20260114_210400_T4,1736902008.64,216,Bright,Mid,4,4,1280,720,25.2596792874176,0,0,diana,1,1,0.6608259866693891,99.63977808271318,236.67267000776263,207.95373360429943,429.58368772126147,20894.95539224385,diana,0.8936024350803119,bob,0.8251515149155881,0.06845092016472376,diana,diana,diana,2,1,1,0,0,13.196516951876959,8.650586405288209,6.619504738197843,28.46660809536301
Bright_Mid_20260114_210400_T4,1736902008.64,216,Bright,Mid,4,4,1280,720,25.2596792874176,0,1,chen,2,1,0.7968374740167089,451.9527509769741,318.4915441314331,569.1428995517188,472.2335664290125,18017.05043523504,bob,0.6503853494453431,diana,0.6162187898203006,0.03416655962504245,unknown,unknown,unknown,0,0,0,0,0,13.196516951876959,8.650586405288209,6.619504738197843,28.46660809536301
Bright_Mid_20260114_210400_T4,1736902008.64,216,Bright,Mid,4,4,1280,720,25.2596792874176,0,2,alice,3,1,0.8388970032936516,746.2848222965881,203.23295864659553,836.2977398659591,347.23614838933577,12962.147248039766,alice,0.8532420607281765,chen,0.767163571951253,0.08607848877692359,alice,alice,alice,2,1,1,0,0,13.196516951876959,8.650586405288209,6.619504738197843,28.46660809536301
Bright_Mid_20260114_210400_T4,1736902008.64,216,Bright,Mid,4,4,1280,720,25.2596792874176,0,3,bob,4,1,0.8189261735125916,1021.4750161290599,205.40260628468363,1142.0619732082414,391.85685394991594,22483.950360438448,bob,0.9205471884368078,diana,0.8048725111504615,0.11567467728634628,bob,bob,bob,2,1,1,0,0,13.196516951876959,8.650586405288209,6.619504738197843,28.46660809536301
Bright_Mid_20260114_210400_T4,1736902008.68,217,Bright,Mid,4,4,1280,720,25.00869666376203,0,0,diana,1,1,0.8386190463393213,112.1936656129208,278.1321904142236,225.01449030429526,407.9922394361038,14650.917825110837,diana,0.9570476761332274,chen,0.8634514723270307,0.09359620380619671,diana,diana,diana,3,1,1,0,0,20.322809977352563,11.79066434614032,14.341754385700687,46.45522870919357
Bright_Mid_20260114_210400_T4,1736902008.68,217,Bright,Mid,4,4,1280,720,25.00869666376203,0,1,chen,2,1,0.8861874013164893,429.7704495453821,260.4446816303979,518.9507482628989,445.066984115623,16464.672085548103,diana,0.8740031660395219,chen,0.7875135858986729,0.08648958014084895,diana,diana,diana,1,0,0,1,0,20.322809977352563,11.79066434614032,14.341754385700687,46.45522870919357
Bright_Mid_20260114_210400_T4,1736902008.68,217,Bright,Mid,4,4,1280,720,25.00869666376203,0,2,alice,3,1,0.8446152750774414,745.5003676151382,304.85596012360054,826.2191792206086,448.8667035900261,11624.376071030125,alice,0.9094153021853133,chen,0.8190067501802654,0.09040855200504794,alice,alice,alice,2,1,1,0,0,20.322809977352563,11.79066434614032,14.341754385700687,46.45522870919357
Bright_Mid_20260114_210400_T4,1736902008.68,217,Bright,Mid,4,4,1280,720,25.00869666376203,0,3,bob,4,1,0.6815612178793846,1072.7768614342638,232.5737799305183,1169.51213162286,372.88593110555155,13573.133854659987,bob,0.8747984699364084,alice,0.7218818962687483,0.1529165736676601,bob,bob,bob,2,1,1,0,0,20.322809977352563,11.79066434614032,14.341754385700687,46.45522870919357
Bright_Mid_20260114_210400_T4,1736902008.72,218,Bright,Mid,4,4,1280,720,26.659287561811094,0,0,diana,1,1,0.8178157269260667,97.24055993714157,203.04602317350944,207.91136964116075,407.92015050039606,22673.585558670864,diana,0.8807712984284359,chen,0.716558724897002,0.16421257353143393,diana,diana,diana,2,1,1,0,0,11.52483337294587,9.342620476134059,4.514136486749795,25.381590335829724
Bright_Mid_20260114_210400_T4,1736902008.72,218,Bright,Mid,4,4,1280,720,26.659287561811094,0,1,chen,2,1,0.796910163636627,421.36724914816807,259.718299042975,517.4170848213289,428.64787774288004,16225.65827446217,chen,0.8559096690368491,diana,0.7411029598888415,0.11480670914800761,chen,chen,chen,3,1,1,0,0,11.52483337294587,9.342620476134059,4.514136486749795,25.381590335829724
Bright_Mid_20260114_210400_T4,1736902008.72,218,Bright,Mid,4,4,1280,720,26.659287561811094,0,2,alice,3,1,0.8817005377524509,752.4833784527232,224.24872155584666,848.0338260269577,372.59159859254186,14174.22829530587,alice,0.8388337647808893,bob,0.7761409714647949,0.06269279331609445,alice,alice,alice,2,1,1,0,0,11.52483337294587,9.342620476134059,4.514136486749795,25.381590335829724
Bright_Mid_20260114_210400_T4,1736902008.72,218,Bright,Mid,4,4,1280,720,26.659287561811094,0,3,bob,4,1,0.7906076535000451,1053.1874359015724,226.85096506821984,1180.5974389332323,437.3524778402682,26819.998380455683,bob,0.6843424929679758,alice,0.6588879993753044,0.02545449359267138,unknown,unknown,unknown,0,0,0,0,0,11.52483337294587,9.342620476134059,4.514136486749795,25.381590335829724
Bright_Mid_20260114_210400_T4,1736902008.76,219,Bright,Mid,4,4,1280,720,19.943442520794775,1,0,diana,1,1,0.8287999719576429,126.20248870188277,271.94929183656114,217.14044700054524,442.58768762764413,15517.507320600165,diana,0.8119258150695211,bob,0.6670470983447357,0.14487871672478536,diana,diana,diana,3,1,1,0,0,10.965798726003612,7.797975504914053,5.1537063110212,23.917480541938865
Bright_Mid_20260114_210400_T4,1736902008.76,219,Bright,Mid,4,4,1280,720,19.943442520794775,1,1,chen,2,1,0.8440822082931845,414.64173775439093,237.48508805976684,536.264866254197,437.60509810776927,24339.22169745069,chen,0.8169512984638024,diana,0.6457644585124047,0.17118683995139772,chen,chen,chen,3,1,1,0,0,10.965798726003612,7.797975504914053,5.1537063110212,23.917480541938865
Bright_Mid_20260114_210400_T4,1736902008.76,219,Bright,Mid,4,4,1280,720,19.943442520794775,1,2,alice,3,1,0.7998059607975632,749.2692393043633,135.4017429956525,846.2083782710326,344.8742645299259,20306.085874709566,alice,0.8279355138616082,bob,0.7046772124416631,0.1232583014199451,alice,alice,alice,2,1,1,0,0,10.965798726003612,7.797975504914053,5.1537063110212,23.917480541938865
Bright_Mid_20260114_210400_T4,1736902008.76,219,Bright,Mid,4,4,1280,720,19.943442520794775,1,3,bob,4,1,0.7509459485333165,1051.895885969686,198.529639685954,1164.569369694272,351.1338158408095,17194.44415828794,bob,0.8848956817308508,chen,0.8016442668158673,0.08325141491498345,bob,bob,bob,2,1,1,0,0,10.965798726003612,7.797975504914053,5.1537063110212,23.917480541938865
Bright_Mid_20260114_210400_T4,1736902008.8,220,Bright,Mid,4,4,1280,720,26.060549538215287,1,0,diana,1,1,0.8753212073881577,144.60485640487994,303.3397610082983,241.35054217350003,481.8665234414367,17271.6940596455,diana,0.8749401867352402,chen,0.701804159035156,0.17313602770008418,diana,diana,diana,2,1,1,0,0,21.890449842232755,10.744376295735437,9.42155742838772,42.05638356635591
Bright_Mid_20260114_210400_T4,1736902008.8,220,Bright,Mid,4,4,1280,720,26.060549538215287,1,1,chen,2,1,0.641310977672859,437.38964700384247,184.97932682568654,529.3465875436071,358.3564857582082,15943.233094911222,chen,0.8411624151416929,alice,0.6638498403713915,0.17731257477030138,chen,chen,chen,2,1,1,0,0,21.890449842232755,10.744376295735437,9.42155742838772,42.05638356635591
Bright_Mid_20260114_210400_T4,1736902008.8,220,Bright,Mid,4,4,1280,720,26.060549538215287,1,2,alice,3,1,0.9367820598771585,709.3821184895806,214.83229230352788,823.7205918244682,427.54713292511656,24321.490132346375,alice,0.8463280878844766,chen,0.7698143095188054,0.07651377836567119,alice,alice,alice,1,1,1,0,0,21.890449842232755,10.744376295735437,9.42155742838772,42.05638356635591
Bright_Mid_20260114_210400_T4,1736902008.8,220,Bright,Mid,4,4,1280,720,26.060549538215287,1,3,bob,4,1,0.6379156914102906,1108.978815384022,153.29461346830533,1193.123707423412,364.8878532879886,17804.49032089201,bob,0.8992297592154884,diana,0.7951391874834948,0.10409057173199365,bob,bob,bob,3,1,1,0,0,21.890449842232755,10.744376295735437,9.42155742838772,42.05638356635591
Bright_Mid_20260114_210400_T4,1736902008.84,221,Bright,Mid,4,4,1280,720,24.56916170156146,0,0,diana,1,1,0.7880913996122317,124.30628180448994,258.4353683096699,222.16873255591068,451.53909524040114,18897.603966674484,diana,0.7446971943080695,alice,0.610330680739867,0.1343665135682025,diana,diana,diana,1,1,1,0,0,12.892447353359854,6.849206488421226,7.585778910169907,27.327432751950987
Bright_Mid_20260114_210400_T4,1736902008.84,221,Bright,Mid,4,4,1280,720,24.56916170156146,0,1,chen,2,1,0.6440744466337638,453.80434949020093,243.43358318498133,549.4840658859933,424.43910245885957,17318.556750197808,chen,0.7956630778653688,diana,0.6207442938165288,0.17491878404883998,chen,chen,chen,2,1,1,0,0,12.892447353359854,6.849206488421226,7.585778910169907,27.327432751950987
Bright_Mid_20260114_210400_T4,1736902008.84,221,Bright,Mid,4,4,1280,720,24.56916170156146,0,2,alice,3,1,0.7516836371401496,757.7236426026678,246.1898878187754,873.8212588323953,410.5379572600796,19080.41909409314,alice,0.7642918521440887,diana,0.6895169162891646,0.07477493585492412,alice,alice,alice,1,1,1,0,0,12.892447353359854,6.849206488421226,7.585778910169907,27.327432751950987
Bright_Mid_20260114_210400_T4,1736902008.84,221,Bright,Mid,4,4,1280,720,24.56916170156146,0,3,bob,4,1,0.7868205595221391,1067.7691981078672,228.49760971441603,1189.6553672338039,403.269140165292,21302.232318934268,bob,0.8298632220763743,alice,0.7683880434275654,0.061475178648808915,bob,bob,bob,2,1,1,0,0,12.892447353359854,6.849206488421226,7.585778910169907,27.327432751950987
Bright_Mid_20260114_210400_T4,1736902008.88,222,Bright,Mid,4,4,1280,720,25.483395555093747,3,0,diana,1,1,0.9161377637993803,147.100742623984,205.83017367907138,259.90279106383576,388.17171392908364,20568.499255879065,diana,0.9083743346348779,bob,0.7795852532324573,0.12878908140242062,diana,diana,diana,2,1,1,0,0,10.496693856030989,8.556123134052234,8.067475696384124,27.120292686467348
Bright_Mid_20260114_210400_T4,1736902008.88,222,Bright,Mid,4,4,1280,720,25.483395555093747,3,1,chen,2,1,0.8097971606763397,415.48278396857074,167.97062581821035,538.3196874641002,304.4380163818319,16763.231684950308,chen,0.8300278501626827,alice,0.6948853052055137,0.13514254495716893,chen,chen,chen,1,1,1,0,0,10.496693856030989,8.556123134052234,8.067475696384124,27.120292686467348
Bright_Mid_20260114_210400_T4,1736902008.88,222,Bright,Mid,4,4,1280,720,25.483395555093747,3,2,alice,3,1,0.7700525427523651,771.787468559505,294.9169162914253,870.4937146414545,439.10353852139815,14232.120215556793,alice,0.897923390470684,bob,0.7671181238410657,0.13080526662961833,alice,alice,alice,2,1,1,0,0,10.496693856030989,8.556123134052234,8.067475696384124,27.120292686467348
Bright_Mid_20260114_210400_T4,1736902008.88,222,Bright,Mid,4,4,1280,720,25.483395555093747,3,3,bob,4,1,0.7976411060366613,1054.820989634358,279.43659340792846,1136.8006413084438,423.4761828590262,11808.31537047931,bob,0.8944247658788603,chen,0.7828244236190294,0.11160034225983095,bob,bob,bob,2,1,1,0,0,10.496693856030989,8.556123134052234,8.067475696384124,27.120292686467348
Bright_Mid_20260114_210400_T4,1736902008.92,223,Bright,Mid,4,4,1280,720,23.094213231808244,3,0,diana,1,1,0.6650585346110087,138.2608004020483,249.20223035413358,245.68499727908284,410.4139823248629,17318.04298259529,diana,0.8168275129353595,alice,0.6796425440358949,0.13718496889946463,diana,diana,diana,2,1,1,0,0,19.10598855849527,13.059555412778197,3.8016190654459887,35.967163036719455
Bright_Mid_20260114_210400_T4,1736902008.92,223,Bright,Mid,4,4,1280,720,23.094213231808244,3,1,chen,2,1,0.7786528498770253,436.74014712534176,203.2743192659857,528.6544925596431,350.9368579557557,13572.305588837413,chen,0.5222909693964852,diana,0.46289650770298607,0.059394461693499156,unknown,unknown,unknown,0,0,0,0,0,19.10598855849527,13.059555412778197,3.8016190654459887,35.967163036719455
Bright_Mid_20260114_210400_T4,1736902008.92,223,Bright,Mid,4,4,1280,720,23.094213231808244,3,2,alice,3,1,0.9113995979710079,739.453396822277,220.23311226572923,843.5937435241228,432.9080098799193,22148.03757232132,diana,0.860754326341252,alice,0.7921510712671722,0.06860325507407983,diana,diana,diana,1,0,0,1,0,19.10598855849527,13.059555412778197,3.8016190654459887,35.967163036719455
Bright_Mid_20260114_210400_T4,1736902008.92,223,Bright,Mid,4,4,1280,720,23.094213231808244,3,3,bob,4,1,0.7954633894590791,1067.9160212061345,285.4196911153564,1186.1798092324227,441.75467754254134,18488.76769591725,bob,0.8929763456569987,alice,0.717919141365393,0.17505720429160565,bob,bob,bob,2,1,1,0,0,19.10598855849527,13.059555412778197,3.8016190654459887,35.967163036719455
Bright_Mid_20260114_210400_T4,1736902008.96,224,Bright,Mid,4,4,1280,720,25.84682935264991,1,0,diana,1,1,0.7914349445675666,98.04065263219081,226.2964821681964,220.3633995555038,361.66515941279766,16558.668447934997,diana,0.8880230228932693,alice,0.7168949975198382,0.17112802537343108,diana,diana,diana,2,1,1,0,0,14.94582254654428,9.95037773499578,17.222384507530283,42.11858478907034
Bright_Mid_20260114_210400_T4,1736902008.96,224,Bright,Mid,4,4,1280,720,25.84682935264991,1,1,chen,2,1,0.8299386887036448,430.6601110105816,207.25553198902423,557.7679291910327,364.6510536805588,20006.201353584827,alice,0.753627376891491,bob,0.7140839746079048,0.039543402283586104,unknown,unknown,unknown,0,0,0,0,0,14.94582254654428,9.95037773499578,17.222384507530283,42.11858478907034
Bright_Mid_20260114_210400_T4,1736902008.96,224,Bright,Mid,4,4,1280,720,25.84682935264991,1,2,alice,3,1,0.7408739013544183,713.6947096341354,275.716309810907,817.7005493994853,461.285736852298,19300.30409421471,chen,0.8692945157984389,alice,0.7888187878729161,0.08047572792552271,chen,chen,chen,1,0,0,1,0,14.94582254654428,9.95037773499578,17.222384507530283,42.11858478907034
Bright_Mid_20260114_210400_T4,1736902008.96,224,Bright,Mid,4,4,1280,720,25.84682935264991,1,3,bob,4,1,0.8091721452833072,1059.8476156370261,185.20652653717963,1186.292734653035,397.69954572751084,26868.705101592495,bob,0.9168672022356571,chen,0.7841516596986526,0.13271554253700446,bob,bob,bob,1,1,1,0,0,14.94582254654428,9.95037773499578,17.222384507530283,42.11858478907034
Bright_Mid_20260114_210400_T4,1736902009.0,225,Bright,Mid,4,4,1280,720,25.167857361905163,1,0,diana,1,1,0.7937134348601904,119.72027797960743,224.48158156400996,204.02738966294743,422.3518421976578,16681.870162052543,chen,0.6139590279077464,alice,0.5676460318568333,0.0463129960509131,unknown,unknown,unknown,0,0,0,0,0,17.21029421369508,13.737641188862602,10.075459557304102,41.02339495986178
Bright_Mid_20260114_210400_T4,1736902009.0,225,Bright,Mid,4,4,1280,720,25.167857361905163,1,1,chen,2,1,0.7466298254509272,423.9544904560106,232.06619532161028,550.9880958094935,386.12195422009677,19570.25847834165,chen,0.8031227592123525,bob,0.6958470879258253,0.10727567128652726,chen,chen,chen,2,1,1,0,0,17.21029421369508,13.737641188862602,10.075459557304102,41.02339495986178
Bright_Mid_20260114_210400_T4,1736902009.0,225,Bright,Mid,4,4,1280,720,25.167857361905163,1,2,alice,3,1,0.78482326350715,753.5411593184729,175.8512921136786,881.3103237502523,321.0605345064918,18553.263568301474,bob,0.5730124208626157,diana,0.5094848256117366,0.06352759525087914,unknown,unknown,unknown,0,0,0,0,0,17.21029421369508,13.737641188862602,10.075459557304102,41.02339495986178
Bright_Mid_20260114_210400_T4,1736902009.0,225,Bright,Mid,4,4,1280,720,25.167857361905163,1,3,bob,4,1,0.7981035339093224,1055.0025628492829,252.83130037932492,1170.56313337484,468.45000472504785,24917.020490173152,bob,0.9124920250503143,chen,0.7661800123420767,0.14631201270823768,bob,bob,bob,2,1,1,0,0,17.21029421369508,13.737641188862602,10.075459557304102,41.02339495986178
Bright_Mid_20260114_210400_T4,1736902009.04,226,Bright,Mid,4,4,1280,720,25.878031952504028,0,0,diana,1,1,0.659843365291769,129.39496628139995,219.0218351366768,237.26107851267176,395.4890069240208,19034.827757148774,diana,0.9203644712536244,alice,0.8573158155273161,0.06304865572630836,diana,diana,diana,3,1,1,0,0,21.564635364097704,8.092727681327473,9.70994320304987,39.367306248475046
Bright_Mid_20260114_210400_T4,1736902009.04,226,Bright,Mid,4,4,1280,720,25.878031952504028,0,1,chen,2,1,0.7277895659561756,421.6599424671455,311.19797858549924,530.1425742474086,492.44695326803657,19662.365781035915,chen,0.8696158231175206,alice,0.7283394060189796,0.141276417098541,chen,chen,chen,2,1,1,0,0,21.564635364097704,8.092727681327473,9.70994320304987,39.367306248475046
Bright_Mid_20260114_210400_T4,1736902009.04,226,Bright,Mid,4,4,1280,720,25.878031952504028,0,2,alice,3,1,0.661454210210089,741.7539698725069,206.5228479223158,836.1941384141013,418.5734425116384,20026.093892360932,alice,0.8520117416719161,diana,0.7606815182331855,0.09133022343873054,alice,alice,alice,2,1,1,0,0,21.564635364097704,8.092727681327473,9.70994320304987,39.367306248475046
Bright_Mid_20260114_210400_T4,1736902009.04,226,Bright,Mid,4,4,1280,720,25.878031952504028,0,3,bob,4,1,0.9388218200111651,1051.891800329768,245.3232638916635,1176.947828536755,452.81123448015137,25947.621502524402,bob,0.8936224564107852,diana,0.7781318161450292,0.11549064026575595,bob,bob,bob,2,1,1,0,0,21.564635364097704,8.092727681327473,9.70994320304987,39.367306248475046
Bright_Mid_20260114_210400_T4,1736902009.08,227,Bright,Mid,4,4,1280,720,27.01207013864569,1,0,diana,1,1,0.7596734174507032,89.78999864616827,248.61928768672587,213.51260181947868,380.46420932043395,16312.196919703472,diana,0.8844690571523398,chen,0.7380178853198796,0.14645117183246026,diana,diana,diana,2,1,1,0,0,15.841358365309796,10.757622134451879,15.209114390044157,41.80809488980583
Bright_Mid_20260114_210400_T4,1736902009.08,227,Bright,Mid,4,4,1280,720,27.01207013864569,1,1,chen,2,1,0.8174322193377294,433.64690957010157,322.7321350784401,524.8035715082415,501.2836178652329,16276.157154949278,chen,0.9082284044055238,diana,0.8043651333351655,0.10386327107035831,chen,chen,chen,2,1,1,0,0,15.841358365309796,10.757622134451879,15.209114390044157,41.80809488980583
Bright_Mid_20260114_210400_T4,1736902009.08,227,Bright,Mid,4,4,1280,720,27.01207013864569,1,2,alice,3,1,0.8686516878836533,758.708024689211,170.66105344707472,852.115949083495,376.1874824841837,19197.797144525455,alice,0.8043605670483236,chen,0.7188049576283768,0.08555560941994678,alice,alice,alice,2,1,1,0,0,15.841358365309796,10.757622134451879,15.209114390044157,41.80809488980583
Bright_Mid_20260114_210400_T4,1736902009.08,227,Bright,Mid,4,4,1280,720,27.01207013864569,1,3,bob,4,1,0.7137987175005297,1067.8408300731332,225.11315227205463,1193.7511895725409,419.9041655855697,24526.206513558573,bob,0.8800122443828167,alice,0.7739046489004715,0.10610759548234516,bob,bob,bob,2,1,1,0,0,15.841358365309796,10.757622134451879,15.209114390044157,41.80809488980583
Bright_Mid_20260114_210400_T4,1736902009.12,228,Bright,Mid,4,4,1280,720,23.09210210446961,1,0,diana,1,1,0.9320962347589918,121.09329402437399,224.84168839346387,237.76993326204715,439.6361796788251,25061.499369941623,diana,0.8343680449507244,bob,0.7449099914854479,0.08945805346527647,diana,diana,diana,2,1,1,0,0,12.790869350347094,7.399213443942804,5.370686024204156,25.560768818494054
Bright_Mid_20260114_210400_T4,1736902009.12,228,Bright,Mid,4,4,1280,720,23.09210210446961,1,1,chen,2,1,0.8731034823953469,438.0831743385019,200.4761152760599,542.3767274471288,346.27573803516236,15205.96069944422,chen,0.8447143125945606,diana,0.7184177900209968,0.12629652257356383,chen,chen,chen,2,1,1,0,0,12.790869350347094,7.399213443942804,5.370686024204156,25.560768818494054
Bright_Mid_20260114_210400_T4,1736902009.12,228,Bright,Mid,4,4,1280,720,23.09210210446961,1,2,alice,3,1,0.7428187284750468,753.4877646711099,270.7088515723992,878.5970607789112,429.67827099538454,19888.552166675538,alice,0.8428242370663147,diana,0.6929391631435827,0.14988507392273198,alice,alice,alice,2,1,1,0,0,12.790869350347094,7.399213443942804,5.370686024204156,25.560768818494054
Bright_Mid_20260114_210400_T4,1736902009.12,228,Bright,Mid,4,4,1280,720,23.09210210446961,1,3,bob,-1,0,-1.0,-1.0,-1.0,-1.0,-1.0,0.0,unknown,-1.0,unknown,-1.0,-1.0,unknown,unknown,unknown,0,0,0,0,1,12.790869350347094,7.399213443942804,5.370686024204156,25.560768818494054
Bright_Mid_20260114_210400_T4,1736902009.16,229,Bright,Mid,4,4,1280,720,21.484116857272266,1,0,diana,1,1,0.7172332549002248,94.9214775404422,222.32451978859507,220.29597682958996,426.2893805882953,25571.992295343134,diana,0.8926263730442466,bob,0.7214622422806396,0.17116413076360704,diana,diana,diana,2,1,1,0,0,15.226641345815727,7.276669014444206,8.005266792230158,30.50857715249009
Bright_Mid_20260114_210400_T4,1736902009.16,229,Bright,Mid,4,4,1280,720,21.484116857272266,1,1,chen,2,1,0.8862722590339298,416.33076647072585,240.44993502246552,535.5198276329304,437.734350410238,23514.14425200298,chen,0.8179130142150199,bob,0.6894237527847837,0.1284892614302362,chen,chen,chen,3,1,1,0,0,15.226641345815727,7.276669014444206,8.005266792230158,30.50857715249009
Bright_Mid_20260114_210400_T4,1736902009.16,229,Bright,Mid,4,4,1280,720,21.484116857272266,1,2,alice,3,1,0.7936863386669655,742.8479701443952,240.03386541047416,836.466825346717,454.90779746983924,20116.251532219234,alice,0.8070144781002271,diana,0.7290136381645033,0.07800083993572382,alice,alice,alice,2,1,1,0,0,15.226641345815727,7.276669014444206,8.005266792230158,30.50857715249009
Bright_Mid_20260114_210400_T4,1736902009.16,229,Bright,Mid,4,4,1280,720,21.484116857272266,1,3,bob,4,1,0.9028913444514277,1063.2613419224995,215.91409778588076,1166.424743509831,380.0724970671784,16935.138868990012,bob,0.7518773341319275,alice,0.5846069550508264,0.1672703790811011,bob,bob,bob,2,1,1,0,0,15.226641345815727,7.276669014444206,8.005266792230158,30.50857715249009
Bright_Mid_20260114_210400_T4,1736902009.2,230,Bright,Mid,4,4,1280,720,25.015029461483845,2,0,diana,1,1,0.8176059089095435,114.07121953988116,324.5454010038437,216.4923854351876,475.3304552984026,15443.581060435807,diana,0.7997370635328114,bob,0.693053646323143,0.10668341720966834,diana,diana,diana,1,1,1,0,0,12.977986556332207,8.331822133572048,11.38139498718604,32.69120367709029
Bright_Mid_20260114_210400_T4,1736902009.2,230,Bright,Mid,4,4,1280,720,25.015029461483845,2,1,chen,2,1,0.8055447037808213,441.76176072648315,279.6656901517607,533.4744366145457,445.7351165510255,15230.671478272223,chen,0.8115507997193544,alice,0.7462322874403017,0.06531851227905272,chen,chen,chen,2,1,1,0,0,12.977986556332207,8.331822133572048,11.38139498718604,32.69120367709029
Bright_Mid_20260114_210400_T4,1736902009.2,230,Bright,Mid,4,4,1280,720,25.015029461483845,2,2,alice,3,1,0.6765253993504011,749.837861615334,223.05443949391906,838.5065104070412,356.61384380622326,11842.531913797333,alice,0.8352814347745513,chen,0.6718729131097837,0.1634085216647676,alice,alice,alice,1,1,1,0,0,12.977986556332207,8.331822133572048,11.38139498718604,32.69120367709029
Bright_Mid_20260114_210400_T4,1736902009.2,230,Bright,Mid,4,4,1280,720,25.015029461483845,2,3,bob,4,1,0.8270624770119313,1081.8554710314143,280.0810160807183,1170.4975522370287,462.5066876307193,16170.591191523932,bob,0.7913628653016355,chen,0.7105186810001078,0.08084418430152762,bob,bob,bob,2,1,1,0,0,12.977986556332207,8.331822133572048,11.38139498718604,32.69120367709029
Bright_Mid_20260114_210400_T4,1736902009.24,231,Bright,Mid,4,4,1280,720,27.230612451859688,1,0,diana,1,1,0.766938539795151,91.46611314164345,376.7599782489457,197.2453584771731,507.16904608700224,13794.572780819515,diana,0.8110922813017883,chen,0.7189079691732233,0.09218431212856504,diana,diana,diana,2,1,1,0,0,14.352660501667293,6.599706106845829,5.994090712819675,26.946457321332797
Bright_Mid_20260114_210400_T4,1736902009.24,231,Bright,Mid,4,4,1280,720,27.230612451859688,1,1,chen,2,1,0.8518863397886163,438.1709998047551,240.17839533805628,531.7939063641855,370.91653862887256,12240.084973069517,chen,0.972554556497103,diana,0.8690997854144642,0.10345477108263879,chen,chen,chen,2,1,1,0,0,14.352660501667293,6.599706106845829,5.994090712819675,26.946457321332797
Bright_Mid_20260114_210400_T4,1736902009.24,231,Bright,Mid,4,4,1280,720,27.230612451859688,1,2,alice,3,1,0.7465529155063084,739.3449873622767,210.4163651700274,856.4272828572371,404.8496593202156,22764.696399750883,alice,0.8167399398348405,chen,0.7344933020643103,0.0822466377705302,alice,alice,alice,2,1,1,0,0,14.352660501667293,6.599706106845829,5.994090712819675,26.946457321332797
Bright_Mid_20260114_210400_T4,1736902009.24,231,Bright,Mid,4,4,1280,720,27.230612451859688,1,3,bob,4,1,0.890540533246461,1069.3927295694957,217.55950015342836,1181.2641264544254,425.2607434235919,23235.828219369803,bob,0.8222636997623147,alice,0.6461422275461941,0.17612147221612062,bob,bob,bob,2,1,1,0,0,14.352660501667293,6.599706106845829,5.994090712819675,26.946457321332797
Bright_Mid_20260114_210400_T4,1736902009.28,232,Bright,Mid,4,4,1280,720,25.444241673273886,0,0,diana,1,1,0.7243150355185737,149.64497625319524,214.43024174527295,231.2393427287995,407.033942328404,15715.376929937549,diana,0.8274898767437986,chen,0.7244056153266313,0.10308426141716731,diana,diana,diana,2,1,1,0,0,16.97227676063546,10.457649718998901,11.210113631519846,38.64004011115421
Bright_Mid_20260114_210400_T4,1736902009.28,232,Bright,Mid,4,4,1280,720,25.444241673273886,0,1,chen,2,1,0.7209544237459907,427.79520108163996,280.2495229243156,549.1486590226257,480.76709495485824,24333.50074383703,chen,0.8333412973047611,diana,0.6661690215462555,0.16717227575850568,chen,chen,chen,2,1,1,0,0,16.97227676063546,10.457649718998901,11.210113631519846,38.64004011115421
Bright_Mid_20260114_210400_T4,1736902009.28,232,Bright,Mid,4,4,1280,720,25.444241673273886,0,2,alice,3,1,0.847714474526903,765.0807305482515,170.69723760021225,853.385861459458,314.1878803476791,12670.959992348231,alice,0.7784753711063217,bob,0.6209788557627407,0.157496515343581,alice,alice,alice,1,1,1,0,0,16.97227676063546,10.457649718998901,11.210113631519846,38.64004011115421
Bright_Mid_20260114_210400_T4,1736902009.28,232,Bright,Mid,4,4,1280,720,25.444241673273886,0,3,bob,4,1,0.8928450231886799,1095.5833074213567,254.7807060942693,1193.0374191592634,412.0425909165261,15325.817295582028,bob,0.7591952355833216,alice,0.6812077399764123,0.07798749560690932,bob,bob,bob,2,1,1,0,0,16.97227676063546,10.457649718998901,11.210113631519846,38.64004011115421
Bright_Mid_20260114_210400_T4,1736902009.32,233,Bright,Mid,4,4,1280,720,23.844587223118133,1,0,diana,1,1,0.8080339166040909,116.95822763624581,329.98773089815904,209.04116372482565,473.8430778313208,13246.622717646813,diana,0.8695199632462832,alice,0.7559221975515429,0.11359776569474034,diana,diana,diana,2,1,1,0,0,15.822643917970272,7.848913595977636,5.740033897962795,29.411591411910702
Bright_Mid_20260114_210400_T4,1736902009.32,233,Bright,Mid,4,4,1280,720,23.844587223118133,1,1,chen,2,1,0.750600307338074,424.81024869105175,243.48961284338927,537.6596907885113,455.30045906697444,23902.73582652238,chen,0.8584036159221283,diana,0.7906036313210113,0.06779998460111702,chen,chen,chen,1,1,1,0,0,15.822643917970272,7.848913595977636,5.740033897962795,29.411591411910702
Bright_Mid_20260114_210400_T4,1736902009.32,233,Bright,Mid,4,4,1280,720,23.844587223118133,1,2,alice,3,1,0.7406245405821752,696.0933163318141,225.65449415045993,821.6086499717615,374.4210946744459,18672.489499248866,alice,0.8798145345001215,diana,0.8019058355248636,0.07790869897525787,alice,alice,alice,1,1,1,0,0,15.822643917970272,7.848913595977636,5.740033897962795,29.411591411910702
Bright_Mid_20260114_210400_T4,1736902009.32,233,Bright,Mid,4,4,1280,720,23.844587223118133,1,3,bob,4,1,0.8041126553838123,1073.8068325456647,387.1453518312738,1195.1370341562188,539.3180697175171,18463.14654076386,bob,0.8599290221030307,chen,0.7014610474963843,0.1584679746066464,bob,bob,bob,2,1,1,0,0,15.822643917970272,7.848913595977636,5.740033897962795,29.411591411910702
Bright_Mid_20260114_210400_T4,1736902009.36,234,Bright,Mid,4,4,1280,720,25.61624170234663,1,0,diana,1,1,0.7941277367101411,93.54592585484636,271.1514639024531,197.06618129039373,415.53178079351915,14946.287284428432,diana,0.8815778263837101,chen,0.7778712676470794,0.1037065587366307,diana,diana,diana,1,1,1,0,0,17.319938943985417,15.651308053155164,8.860409011362039,41.83165600850262
Bright_Mid_20260114_210400_T4,1736902009.36,234,Bright,Mid,4,4,1280,720,25.61624170234663,1,1,chen,2,1,0.7334182022891222,444.2437073275152,308.57319951577085,549.2558820108087,504.70866383661735,20596.61164084961,chen,0.9017082253212789,bob,0.7981862297689504,0.10352199555232855,chen,chen,chen,1,1,1,0,0,17.319938943985417,15.651308053155164,8.860409011362039,41.83165600850262
Bright_Mid_20260114_210400_T4,1736902009.36,234,Bright,Mid,4,4,1280,720,25.61624170234663,1,2,alice,3,1,0.7939146241483426,727.1509312935287,236.0255101568067,825.0093204998049,446.3726472822357,20584.23201324616,alice,0.9087267334414244,diana,0.7754225122804881,0.13330422116093632,alice,alice,alice,2,1,1,0,0,17.319938943985417,15.651308053155164,8.860409011362039,41.83165600850262
Bright_Mid_20260114_210400_T4,1736902009.36,234,Bright,Mid,4,4,1280,720,25.61624170234663,1,3,bob,4,1,0.6234848901643714,1060.9790280758793,238.70653446246848,1188.3648293906117,429.2551645665315,24273.189935230603,bob,0.8830220691337672,alice,0.7815802089489535,0.10144186018481371,bob,bob,bob,2,1,1,0,0,17.319938943985417,15.651308053155164,8.860409011362039,41.83165600850262
Bright_Mid_20260114_210400_T4,1736902009.4,235,Bright,Mid,4,4,1280,720,26.434969918788642,0,0,diana,1,1,0.8330133311732684,109.2532855299898,274.56572069885095,215.12533647909754,419.84188960738646,15380.685956375653,diana,0.8669221572108524,chen,0.7236959714142747,0.14322618579657775,diana,diana,diana,1,1,1,0,0,13.76033086113451,10.23364478600396,2.8545137519867545,26.848489399125224
Bright_Mid_20260114_210400_T4,1736902009.4,235,Bright,Mid,4,4,1280,720,26.434969918788642,0,1,chen,2,1,0.8409710925361129,406.6016890704817,286.0287679941862,526.5023814489051,432.57203396923967,17570.63905380437,chen,0.7724744910174117,bob,0.6787793749950847,0.09369511602232705,chen,chen,chen,2,1,1,0,0,13.76033086113451,10.23364478600396,2.8545137519867545,26.848489399125224
Bright_Mid_20260114_210400_T4,1736902009.4,235,Bright,Mid,4,4,1280,720,26.434969918788642,0,2,alice,3,1,0.8009672165494609,739.4202340621044,260.28526732431146,843.3960004955576,411.6596456529787,15739.267005110678,alice,0.8595502075234926,chen,0.7010668660372981,0.15848334148619458,alice,alice,alice,2,1,1,0,0,13.76033086113451,10.23364478600396,2.8545137519867545,26.848489399125224
Bright_Mid_20260114_210400_T4,1736902009.4,235,Bright,Mid,4,4,1280,720,26.434969918788642,0,3,bob,4,1,0.6675610840498014,1085.0151290995022,359.1079559375777,1177.1601694422557,553.4336612576641,17906.149956353373,diana,0.5598995464147984,alice,0.5327500947413236,0.027149451673474823,unknown,unknown,unknown,0,0,0,0,0,13.76033086113451,10.23364478600396,2.8545137519867545,26.848489399125224
Bright_Mid_20260114_210400_T4,1736902009.44,236,Bright,Mid,4,4,1280,720,24.080917352624727,3,0,diana,1,1,0.7600090360723596,102.17920269807232,200.59761869483805,226.54135007812337,340.4878912892782,17397.054697425283,diana,0.833178885716379,alice,0.7232013624858176,0.10997752323056142,diana,diana,diana,2,1,1,0,0,15.766080971384197,7.878207229890482,10.456467746111958,34.10075594738664
Bright_Mid_20260114_210400_T4,1736902009.44,236,Bright,Mid,4,4,1280,720,24.080917352624727,3,1,chen,2,1,0.7907001005428693,436.8760324982079,207.01830796659493,534.657423663694,420.6792533014937,20892.064472579274,chen,0.8712550173152702,alice,0.7736137434587195,0.09764127385655075,chen,chen,chen,2,1,1,0,0,15.766080971384197,7.878207229890482,10.456467746111958,34.10075594738664
Bright_Mid_20260114_210400_T4,1736902009.44,236,Bright,Mid,4,4,1280,720,24.080917352624727,3,2,alice,3,1,0.7291889446006669,762.5070348302967,246.15628719361175,863.1409833392275,455.7980379728307,21097.07715323804,alice,0.8651821228412853,diana,0.751079410209554,0.11410271263173122,alice,alice,alice,1,1,1,0,0,15.766080971384197,7.878207229890482,10.456467746111958,34.10075594738664
Bright_Mid_20260114_210400_T4,1736902009.44,236,Bright,Mid,4,4,1280,720,24.080917352624727,3,3,bob,4,1,0.7395721952411418,1059.5364453767083,294.1338544311657,1187.1121533487376,466.53593520608877,21994.317510711786,bob,0.7621455613185536,chen,0.6479315406223317,0.11421402069622189,bob,bob,bob,2,1,1,0,0,15.766080971384197,7.878207229890482,10.456467746111958,34.10075594738664
Bright_Mid_20260114_210400_T4,1736902009.48,237,Bright,Mid,4,4,1280,720,29.40634062092213,3,0,diana,1,1,0.8943903459467348,130.08374819390892,226.81363182096015,241.78374537923648,411.02687864324776,20576.619151549578,diana,0.8703930903673314,alice,0.7827135196498235,0.08767957071750787,diana,diana,diana,2,1,1,0,0,13.601449485152493,7.171734627204059,6.9757827542085815,27.748966866565134
Bright_Mid_20260114_210400_T4,1736902009.48,237,Bright,Mid,4,4,1280,720,29.40634062092213,3,1,chen,2,1,0.7665609030227154,409.0533661177398,253.60454683058973,533.6846559025973,435.7038193270846,22695.26720012239,chen,0.8905981500568599,alice,0.7925139979366098,0.09808415212025012,chen,chen,chen,2,1,1,0,0,13.601449485152493,7.171734627204059,6.9757827542085815,27.748966866565134
Bright_Mid_20260114_210400_T4,1736902009.48,237,Bright,Mid,4,4,1280,720,29.40634062092213,3,2,alice,3,1,0.99,719.7552120594673,237.4819631522431,839.9897802560959,391.67059705249244,18538.803817824515,alice,0.8703490443841401,diana,0.7130049642298237,0.15734408015431633,alice,alice,alice,2,1,1,0,0,13.601449485152493,7.171734627204059,6.9757827542085815,27.748966866565134
Bright_Mid_20260114_210400_T4,1736902009.48,237,Bright,Mid,4,4,1280,720,29.40634062092213,3,3,bob,4,1,0.8153279314228642,1085.9679239882366,179.2522532070227,1202.8090923487894,376.9948851979449,23104.48015651016,bob,0.717394154352649,diana,0.6197009867025554,0.09769316765009362,bob,bob,bob,2,1,1,0,0,13.601449485152493,7.171734627204059,6.9757827542085815,27.748966866565134
Bright_Mid_20260114_210400_T4,1736902009.52,238,Bright,Mid,4,4,1280,720,24.544360858721717,2,0,diana,1,1,0.7763546888229904,125.627397210321,278.96159403096357,206.15690969698028,421.99868622951675,11518.707302258821,diana,0.8635918638663358,alice,0.7689044145563954,0.09468744930994044,diana,diana,diana,2,1,1,0,0,16.756293444050247,10.69978858289113,7.9746963067245,35.43077833366588
Bright_Mid_20260114_210400_T4,1736902009.52,238,Bright,Mid,4,4,1280,720,24.544360858721717,2,1,chen,2,1,0.6888835310620682,421.4648053432376,214.05449901030062,543.6652306008239,394.95691670273646,22106.352372141162,chen,0.9230659151421691,bob,0.7630996477776666,0.15996626736450248,chen,chen,chen,1,1,1,0,0,16.756293444050247,10.69978858289113,7.9746963067245,35.43077833366588
Bright_Mid_20260114_210400_T4,1736902009.52,238,Bright,Mid,4,4,1280,720,24.544360858721717,2,2,alice,3,1,0.7946084463309776,760.329528543357,244.4802349945914,845.2335570639576,418.801450814348,14800.573479706389,alice,0.7936809599654293,bob,0.6774981803139611,0.11618277965146817,alice,alice,alice,1,1,1,0,0,16.756293444050247,10.69978858289113,7.9746963067245,35.43077833366588
Bright_Mid_20260114_210400_T4,1736902009.52,238,Bright,Mid,4,4,1280,720,24.544360858721717,2,3,bob,4,1,0.7582036231598931,1079.3454306867445,186.46445008247537,1164.514421986604,374.8425246484772,16043.970593796093,bob,0.8851752581544285,diana,0.799779891970166,0.08539536618426258,bob,bob,bob,3,1,1,0,0,16.756293444050247,10.69978858289113,7.9746963067245,35.43077833366588
Bright_Mid_20260114_210400_T4,1736902009.56,239,Bright,Mid,4,4,1280,720,27.488298606083383,1,0,diana,1,1,0.8170171629110397,90.31189331245706,228.18866291845694,206.94601263185774,407.37402408796305,20899.12679493408,alice,0.7972011105493653,diana,0.7591399348394636,0.03806117570990164,alice,alice,alice,2,0,0,1,0,11.612018783811685,6.206773264197601,9.579401065874237,27.398193113883522
Bright_Mid_20260114_210400_T4,1736902009.56,239,Bright,Mid,4,4,1280,720,27.488298606083383,1,1,chen,2,1,0.7512402675635278,448.7774364943024,170.80765039587362,533.6686513193715,386.52571727796277,18312.568757336063,chen,0.8059739452775916,alice,0.666546936194617,0.13942700908297456,chen,chen,chen,1,1,1,0,0,11.612018783811685,6.206773264197601,9.579401065874237,27.398193113883522
Bright_Mid_20260114_210400_T4,1736902009.56,239,Bright,Mid,4,4,1280,720,27.488298606083383,1,2,alice,3,1,0.7192899352975276,770.7482776048183,186.66625742290336,854.5016516520119,363.1741415947401,14783.130845322561,alice,0.8338227362765163,bob,0.65730328234703,0.17651945392948631,alice,alice,alice,3,1,1,0,0,11.612018783811685,6.206773264197601,9.579401065874237,27.398193113883522
Bright_Mid_20260114_210400_T4,1736902009.56,239,Bright,Mid,4,4,1280,720,27.488298606083383,1,3,bob,4,1,0.8745428406725283,1057.7969223268756,223.05655292004874,1147.0279009017718,371.94035419905526,13285.047282076133,bob,0.8054880513140648,alice,0.7363571931097249,0.06913085820433984,bob,bob,bob,1,1,1,0,0,11.612018783811685,6.206773264197601,9.579401065874237,27.398193113883522
Bright_Mid_20260114_210400_T4,1736902009.6,240,Bright,Mid,4,4,1280,720,21.864445735062905,2,0,diana,1,1,0.8003321807484015,115.62930394618718,260.166377296301,217.9388893358178,448.5853246529175,19277.064383606074,diana,0.8125232367224442,alice,0.7182432412433417,0.09427999547910249,diana,diana,diana,2,1,1,0,0,10.891879831148659,11.92951824609642,7.499850336539362,30.32124841378444
Bright_Mid_20260114_210400_T4,1736902009.6,240,Bright,Mid,4,4,1280,720,21.864445735062905,2,1,chen,2,1,0.7764710656706755,415.2903058820392,272.96612526048693,519.849961332106,423.35300918350447,15724.400767199899,chen,0.8207991196969989,alice,0.6496724145301638,0.17112670516683515,chen,chen,chen,2,1,1,0,0,10.891879831148659,11.92951824609642,7.499850336539362,30.32124841378444
Bright_Mid_20260114_210400_T4,1736902009.6,240,Bright,Mid,4,4,1280,720,21.864445735062905,2,2,alice,3,1,0.851784367453133,750.6169241162319,161.16111635490324,877.2841358900397,342.1771185820585,22928.79228855514,alice,0.8804174331111445,chen,0.7952376119950256,0.08517982111611888,alice,alice,alice,2,1,1,0,0,10.891879831148659,11.92951824609642,7.499850336539362,30.32124841378444
Bright_Mid_20260114_210400_T4,1736902009.6,240,Bright,Mid,4,4,1280,720,21.864445735062905,2,3,bob,4,1,0.7957337410457297,1058.6665636078342,247.93909066172557,1182.4036422638928,419.9283277737933,21281.445760531446,bob,0.8901270635222085,alice,0.829967124636574,0.060159938885634534,bob,bob,bob,3,1,1,0,0,10.891879831148659,11.92951824609642,7.499850336539362,30.32124841378444
Bright_Mid_20260114_210400_T4,1736902009.64,241,Bright,Mid,4,4,1280,720,26.587143269168152,3,0,diana,1,1,0.9162029558708062,123.82437622219163,318.4114051506084,218.8209153416028,451.98132193292963,12688.679824788274,diana,0.8740500739092937,alice,0.8108555712751178,0.06319450263417592,diana,diana,diana,2,1,1,0,0,8.156343715326335,4.439928604616397,5.195551051431354,17.791823371374086
Bright_Mid_20260114_210400_T4,1736902009.64,241,Bright,Mid,4,4,1280,720,26.587143269168152,3,1,chen,2,1,0.7967551307345436,458.38293347997813,296.09616315269943,542.5828146904825,451.94482144717006,13122.438515210904,chen,0.8723134599159483,diana,0.7633607064035762,0.1089527535123721,chen,chen,chen,2,1,1,0,0,8.156343715326335,4.439928604616397,5.195551051431354,17.791823371374086
Bright_Mid_20260114_210400_T4,1736902009.64,241,Bright,Mid,4,4,1280,720,26.587143269168152,3,2,alice,3,1,0.7265993320801639,732.2908693426355,223.52283968386627,845.9838095694197,406.3497078416752,20786.12419331593,alice,0.8497289189507178,bob,0.6839198735848244,0.16580904536589336,alice,alice,alice,2,1,1,0,0,8.156343715326335,4.439928604616397,5.195551051431354,17.791823371374086
Bright_Mid_20260114_210400_T4,1736902009.64,241,Bright,Mid,4,4,1280,720,26.587143269168152,3,3,bob,4,1,0.7429950019448986,1022.020304481386,228.86511092618795,1138.7073631318597,396.5903691294875,19571.367041134254,bob,0.8916460845143931,chen,0.712435716702023,0.1792103678123701,bob,bob,bob,2,1,1,0,0,8.156343715326335,4.439928604616397,5.195551051431354,17.791823371374086
Bright_Mid_20260114_210400_T4,1736902009.68,242,Bright,Mid,4,4,1280,720,27.604109627738453,2,0,diana,1,1,0.7105913499763769,108.57249929707315,271.945793860971,206.41755693696342,471.3273898870617,19508.503755506164,diana,0.892669619959514,alice,0.7215020248397213,0.17116759511979274,diana,diana,diana,2,1,1,0,0,22.27282864333268,19.25655355170002,13.079767000454648,54.60914919548735
Bright_Mid_20260114_210400_T4,1736902009.68,242,Bright,Mid,4,4,1280,720,27.604109627738453,2,1,chen,2,1,0.661734650242728,403.3330299806132,216.59915876405347,509.49992025305187,424.10185977554653,22029.916489521827,chen,0.8621779783689252,bob,0.7717796106019839,0.09039836776694132,chen,chen,chen,3,1,1,0,0,22.27282864333268,19.25655355170002,13.079767000454648,54.60914919548735
Bright_Mid_20260114_210400_T4,1736902009.68,242,Bright,Mid,4,4,1280,720,27.604109627738453,2,2,alice,3,1,0.7802133713387464,756.0370772868248,188.13790942598993,848.0872611534071,392.6109246025668,18821.778642758374,alice,0.9077653569995296,bob,0.7706110251521675,0.13715433184736214,alice,alice,alice,2,1,1,0,0,22.27282864333268,19.25655355170002,13.079767000454648,54.60914919548735
Bright_Mid_20260114_210400_T4,1736902009.68,242,Bright,Mid,4,4,1280,720,27.604109627738453,2,3,bob,4,1,0.9382186264471526,1057.2389903075596,296.1847950404388,1173.1121115066462,501.5195151618968,23792.774911014236,bob,0.8768813569090297,chen,0.7751938002165126,0.10168755669251706,bob,bob,bob,2,1,1,0,0,22.27282864333268,19.25655355170002,13.079767000454648,54.60914919548735
Bright_Mid_20260114_210400_T4,1736902009.72,243,Bright,Mid,4,4,1280,720,24.24431108477163,1,0,diana,1,1,0.8203646018884542,97.80516431243753,273.10038645946366,213.7627745803082,463.1715275017198,22040.195296147416,alice,0.7830866537039873,diana,0.7242153210719351,0.05887133263205224,alice,alice,alice,2,0,0,1,0,10.788739631042924,4.788712860940149,5.896602587547915,21.474055079530988
Bright_Mid_20260114_210400_T4,1736902009.72,243,Bright,Mid,4,4,1280,720,24.24431108477163,1,1,chen,2,1,0.7079298539032806,434.51443135074055,209.87202058676968,523.9051312088953,361.9328170301523,13592.821015062387,chen,0.8239324855379399,diana,0.7144260698376859,0.10950641570025399,chen,chen,chen,3,1,1,0,0,10.788739631042924,4.788712860940149,5.896602587547915,21.474055079530988
Bright_Mid_20260114_210400_T4,1736902009.72,243,Bright,Mid,4,4,1280,720,24.24431108477163,1,2,alice,3,1,0.8912934656496664,760.5793147114368,190.24966265299832,884.4972599165874,373.27179494409955,22679.726560578496,alice,0.9804489601038765,diana,0.877969614074587,0.10247934602928954,alice,alice,alice,1,1,1,0,0,10.788739631042924,4.788712860940149,5.896602587547915,21.474055079530988
Bright_Mid_20260114_210400_T4,1736902009.72,243,Bright,Mid,4,4,1280,720,24.24431108477163,1,3,bob,4,1,0.7226173911461125,1049.871424438971,194.81751642567406,1147.3683818445163,367.3822848133667,16824.53987319267,bob,0.8887024142057897,alice,0.794484999785636,0.09421741442015363,bob,bob,bob,1,1,1,0,0,10.788739631042924,4.788712860940149,5.896602587547915,21.474055079530988
Bright_Mid_20260114_210400_T4,1736902009.76,244,Bright,Mid,4,4,1280,720,21.646172202757334,1,0,diana,1,1,0.8802560339903069,119.77679670302552,250.8273487242961,214.96851264459872,389.61376506787855,13211.317121127213,diana,0.8889431627547162,bob,0.7814111970777342,0.10753196567698198,diana,diana,diana,2,1,1,0,0,13.32346361464434,6.8975083617907185,13.254064079529991,33.47503605596505
Bright_Mid_20260114_210400_T4,1736902009.76,244,Bright,Mid,4,4,1280,720,21.646172202757334,1,1,chen,2,1,0.7767982364897758,416.74500541158864,201.7790516163741,508.45938410079,406.6263132612331,18787.43932794251,chen,0.7733151844272504,bob,0.7050394789415715,0.06827570548567896,chen,chen,chen,2,1,1,0,0,13.32346361464434,6.8975083617907185,13.254064079529991,33.47503605596505
Bright_Mid_20260114_210400_T4,1736902009.76,244,Bright,Mid,4,4,1280,720,21.646172202757334,1,2,alice,3,1,0.6360586973141145,744.9683372141296,199.81396817462516,844.9270758847099,402.57881253105484,20268.118088605235,alice,0.8530284812226175,chen,0.7458928915984956,0.10713558962412195,alice,alice,alice,2,1,1,0,0,13.32346361464434,6.8975083617907185,13.254064079529991,33.47503605596505
Bright_Mid_20260114_210400_T4,1736902009.76,244,Bright,Mid,4,4,1280,720,21.646172202757334,1,3,bob,4,1,0.8555073330911888,1078.1916356446277,236.35907889568955,1189.3919365332245,437.55078646170875,22372.578417631903,bob,0.904737817239254,diana,0.829311490511323,0.07542632672793093,bob,bob,bob,2,1,1,0,0,13.32346361464434,6.8975083617907185,13.254064079529991,33.47503605596505
Bright_Mid_20260114_210400_T4,1736902009.8,245,Bright,Mid,4,4,1280,720,24.37156868246009,1,0,diana,1,1,0.7636078644325908,94.28849330648296,187.28434166274238,199.00890600570716,335.1524589188672,15484.810264118665,diana,0.9124641527835218,chen,0.7905953553700852,0.12186879741343659,diana,diana,diana,2,1,1,0,0,13.5993560845695,7.2173147699827185,6.80956489208426,27.62623574663648
Bright_Mid_20260114_210400_T4,1736902009.8,245,Bright,Mid,4,4,1280,720,24.37156868246009,1,1,chen,2,1,0.7879385440300835,449.39775665576246,219.4185292417083,546.7817698709839,374.32831122404156,15085.736255734613,chen,0.8873517198317616,bob,0.8151721363783002,0.07217958345346143,chen,chen,chen,2,1,1,0,0,13.5993560845695,7.2173147699827185,6.80956489208426,27.62623574663648
Bright_Mid_20260114_210400_T4,1736902009.8,245,Bright,Mid,4,4,1280,720,24.37156868246009,1,2,alice,3,1,0.7732644105208154,752.1158822004597,273.97210010215014,834.030235898834,429.635347897617,12751.054337755553,alice,0.8954245622699205,bob,0.7387452375977012,0.15667932467221934,alice,alice,alice,2,1,1,0,0,13.5993560845695,7.2173147699827185,6.80956489208426,27.62623574663648
Bright_Mid_20260114_210400_T4,1736902009.8,245,Bright,Mid,4,4,1280,720,24.37156868246009,1,3,bob,4,1,0.8463006177434509,1040.9654135974079,221.93419259735612,1155.7563882123663,423.59013463463026,23148.282123356275,alice,0.8188101485623152,chen,0.765497186031749,0.053312962530566166,unknown,unknown,unknown,0,0,0,0,0,13.5993560845695,7.2173147699827185,6.80956489208426,27.62623574663648
Bright_Mid_20260114_210400_T4,1736902009.84,246,Bright,Mid,4,4,1280,720,24.59938959116767,0,0,diana,1,1,0.6774189201627131,118.66968165803482,212.53505508038756,225.73247328711014,349.8130587239665,14697.366299347934,diana,0.9165686176598148,bob,0.8478573436765139,0.0687112739833009,diana,diana,diana,3,1,1,0,0,17.707706551872207,13.561534818553579,3.9731379594586578,35.24237932988444
Bright_Mid_20260114_210400_T4,1736902009.84,246,Bright,Mid,4,4,1280,720,24.59938959116767,0,1,chen,2,1,0.7580147679659137,441.1523310400519,227.0364310925333,539.7633105199773,368.72957505899234,13972.499712122608,chen,0.8666487011499474,bob,0.804820021627197,0.061828679522750396,chen,chen,chen,2,1,1,0,0,17.707706551872207,13.561534818553579,3.9731379594586578,35.24237932988444
Bright_Mid_20260114_210400_T4,1736902009.84,246,Bright,Mid,4,4,1280,720,24.59938959116767,0,2,alice,3,1,0.825619213595291,722.4582440151989,304.4468599100027,846.6447635963843,465.45898807042056,19995.535806602067,alice,0.8238906891111115,diana,0.7121336150533117,0.11175707405779978,alice,alice,alice,3,1,1,0,0,17.707706551872207,13.561534818553579,3.9731379594586578,35.24237932988444
Bright_Mid_20260114_210400_T4,1736902009.84,246,Bright,Mid,4,4,1280,720,24.59938959116767,0,3,bob,4,1,0.7618097966639603,1058.3728828979379,256.0508791141758,1176.4528222753825,447.7134224645707,22631.501499741476,bob,0.6405139243426257,alice,0.5911045760542897,0.049409348288335986,unknown,unknown,unknown,0,0,0,0,0,17.707706551872207,13.561534818553579,3.9731379594586578,35.24237932988444
Bright_Mid_20260114_210400_T4,1736902009.88,247,Bright,Mid,4,4,1280,720,21.378345939005513,2,0,diana,-1,0,-1.0,-1.0,-1.0,-1.0,-1.0,0.0,unknown,-1.0,unknown,-1.0,-1.0,unknown,unknown,unknown,0,0,0,0,1,21.472476120960675,15.322372242396778,2.9029945763688403,39.69784293972629
Bright_Mid_20260114_210400_T4,1736902009.88,247,Bright,Mid,4,4,1280,720,21.378345939005513,2,1,chen,2,1,0.8385540439788238,432.5529266804409,179.84787685867423,537.8567386601574,389.3086568508403,22057.01859341981,chen,0.9195222346956107,alice,0.802564041580393,0.11695819311521771,chen,chen,chen,2,1,1,0,0,21.472476120960675,15.322372242396778,2.9029945763688403,39.69784293972629
Bright_Mid_20260114_210400_T4,1736902009.88,247,Bright,Mid,4,4,1280,720,21.378345939005513,2,2,alice,3,1,0.8074672255558553,748.3878269793971,246.54274919636208,858.6511128629055,433.18172189259536,20579.42640340909,alice,0.8826255682986287,bob,0.7713804153610767,0.111245152937552,alice,alice,alice,1,1,1,0,0,21.472476120960675,15.322372242396778,2.9029945763688403,39.69784293972629
Bright_Mid_20260114_210400_T4,1736902009.88,247,Bright,Mid,4,4,1280,720,21.378345939005513,2,3,bob,4,1,0.7667066493854675,1066.9247344233586,314.60084460922616,1187.4684047619317,458.5942228388888,17357.49031625392,bob,0.9322178690634978,diana,0.7862991318764003,0.14591873718709747,bob,bob,bob,3,1,1,0,0,21.472476120960675,15.322372242396778,2.9029945763688403,39.69784293972629
Bright_Mid_20260114_210400_T4,1736902009.92,248,Bright,Mid,4,4,1280,720,21.605256334621032,1,0,diana,1,1,0.7759586878131823,79.8054566168963,207.1874358167649,205.28887344647993,380.34271890338124,21728.116563802432,diana,0.8689377820309145,bob,0.760476726091066,0.10846105593984856,diana,diana,diana,2,1,1,0,0,14.229443016439856,11.311567809674239,7.043366913731704,32.5843777398458
Bright_Mid_20260114_210400_T4,1736902009.92,248,Bright,Mid,4,4,1280,720,21.605256334621032,1,1,chen,2,1,0.7507605722682094,448.24653331254365,209.39278798032865,551.6115792994618,356.1892373912649,15173.621744077733,chen,0.8089108813336899,diana,0.691704280300278,0.11720660103341196,chen,chen,chen,2,1,1,0,0,14.229443016439856,11.311567809674239,7.043366913731704,32.5843777398458
Bright_Mid_20260114_210400_T4,1736902009.92,248,Bright,Mid,4,4,1280,720,21.605256334621032,1,2,alice,3,1,0.8677053892119271,743.1477256668602,170.46338578692183,837.7986731963576,331.31239020582206,15224.510677425227,alice,0.8669493977772295,chen,0.7295418179318636,0.1374075798453659,alice,alice,alice,3,1,1,0,0,14.229443016439856,11.311567809674239,7.043366913731704,32.5843777398458
Bright_Mid_20260114_210400_T4,1736902009.92,248,Bright,Mid,4,4,1280,720,21.605256334621032,1,3,bob,4,1,0.7512713307582621,1070.6807331954715,214.4124310916408,1177.7581354126678,390.61725611305485,18867.55492142865,bob,0.8788668774469209,alice,0.7065816025240566,0.17228527492286438,bob,bob,bob,2,1,1,0,0,14.229443016439856,11.311567809674239,7.043366913731704,32.5843777398458
Bright_Mid_20260114_210400_T4,1736902009.96,249,Bright,Mid,4,4,1280,720,29.585499450025907,2,0,diana,1,1,0.8075534481693163,122.18277724196781,189.75456556622672,237.4967569568622,371.17492696374893,20920.303874062687,diana,0.8888779131735701,bob,0.7734560134102678,0.1154218997633023,diana,diana,diana,1,1,1,0,0,14.416016932439213,9.527166251647207,10.71356104981402,34.65674423390044
Bright_Mid_20260114_210400_T4,1736902009.96,249,Bright,Mid,4,4,1280,720,29.585499450025907,2,1,chen,2,1,0.7100715055260924,405.7631569582508,222.47931689706348,498.8534949301641,421.56377004463974,18532.83902846141,chen,0.9380684559042709,alice,0.8208573725833834,0.11721108332088748,chen,chen,chen,1,1,1,0,0,14.416016932439213,9.527166251647207,10.71356104981402,34.65674423390044
Bright_Mid_20260114_210400_T4,1736902009.96,249,Bright,Mid,4,4,1280,720,29.585499450025907,2,2,alice,3,1,0.986425195453047,733.2832410750983,313.27903867125923,831.859201722806,496.99468956428,18109.94677279842,alice,0.8103815697194001,diana,0.7337239380689105,0.07665763165048967,alice,alice,alice,1,1,1,0,0,14.416016932439213,9.527166251647207,10.71356104981402,34.65674423390044
Bright_Mid_20260114_210400_T4,1736902009.96,249,Bright,Mid,4,4,1280,720,29.585499450025907,2,3,bob,4,1,0.8021334671180649,1078.5736561353008,287.2504097613759,1165.0707543778205,424.2329247260423,11848.590054406184,bob,0.859973268759291,chen,0.7927933932722321,0.06717987548705895,bob,bob,bob,2,1,1,0,0,14.416016932439213,9.527166251647207,10.71356104981402,34.65674423390044
Bright_Mid_20260114_210400_T4,1736902010.0,250,Bright,Mid,4,4,1280,720,24.895346711027827,3,0,diana,1,1,0.7617752763183874,121.41113253191021,183.4717629632664,206.3871291199253,381.8231192382332,16855.104174049742,diana,0.8046583814088827,chen,0.6468524368453973,0.1578059445634854,diana,diana,diana,2,1,1,0,0,15.765374437972474,9.545774335886803,19.58775877814883,44.89890755200811
Bright_Mid_20260114_210400_T4,1736902010.0,250,Bright,Mid,4,4,1280,720,24.895346711027827,3,1,chen,2,1,0.6933766704506474,415.280834126643,166.72919149544802,536.1584273057042,367.29783510558616,24244.25490678239,chen,0.8389957022788602,alice,0.7537597835117842,0.08523591876707604,chen,chen,chen,1,1,1,0,0,15.765374437972474,9.545774335886803,19.58775877814883,44.89890755200811
Bright_Mid_20260114_210400_T4,1736902010.0,250,Bright,Mid,4,4,1280,720,24.895346711027827,3,2,alice,3,1,0.7500686255498185,753.6723197191404,225.64344113466532,858.019818766048,398.9000881688926,18078.897811274437,alice,0.8874892094521384,bob,0.7758822485770377,0.11160696087510069,alice,alice,alice,2,1,1,0,0,15.765374437972474,9.545774335886803,19.58775877814883,44.89890755200811
Bright_Mid_20260114_210400_T4,1736902010.0,250,Bright,Mid,4,4,1280,720,24.895346711027827,3,3,bob,4,1,0.7843714203600568,1114.6128287028043,185.4038700846818,1205.5107253869871,394.7955187085963,19033.260443147286,bob,0.844926154675651,chen,0.7512300524136067,0.09369610226204428,bob,bob,bob,3,1,1,0,0,15.765374437972474,9.545774335886803,19.58775877814883,44.89890755200811
