trial_id,t_wall,frame_idx,lighting,distance,n_users_roster,n_users_db,cam_w,cam_h,proc_fps,drained,slot_idx,true_id,track_id,detected,det_score,bbox_x1,bbox_y1,bbox_x2,bbox_y2,bbox_area,best_id,best_sim,second_id,second_sim,margin,accepted_id,stable_id,pending_id,pending_count,is_correct_accepted,is_correct_stable,is_wrong_accepted,is_miss,lat_det_ms,lat_emb_ms,lat_match_ms,lat_total_ms
Daylight_Far_20260114_211200_T12,1736910000.04,1,Daylight,Far,4,4,1280,720,24.170865355695405,0,0,diana,1,1,0.8541853893427256,90.63750950669404,222.90732605452033,175.8200152834285,394.68654636948077,14632.584426802057,diana,0.8989981771745064,bob,0.7221298938903884,0.17686828328411797,diana,diana,diana,2,1,1,0,0,10.173975838392497,9.448705103584151,6.103899059669095,25.726580001645743
Daylight_Far_20260114_211200_T12,1736910000.04,1,Daylight,Far,4,4,1280,720,24.170865355695405,0,1,chen,2,1,0.7275086610967477,460.16297578176153,165.97172122504236,544.8697767325285,374.80306613740464,17689.43516577244,chen,0.8628686727316205,bob,0.8006215900193762,0.06224708271224433,chen,chen,chen,2,1,1,0,0,10.173975838392497,9.448705103584151,6.103899059669095,25.726580001645743
Daylight_Far_20260114_211200_T12,1736910000.04,1,Daylight,Far,4,4,1280,720,24.170865355695405,0,2,alice,-1,0,-1.0,-1.0,-1.0,-1.0,-1.0,0.0,unknown,-1.0,unknown,-1.0,-1.0,unknown,unknown,unknown,0,0,0,0,1,10.173975838392497,9.448705103584151,6.103899059669095,25.726580001645743
Daylight_Far_20260114_211200_T12,1736910000.04,1,Daylight,Far,4,4,1280,720,24.170865355695405,0,3,bob,4,1,0.8555551759271206,1088.222480638758,267.62262914803046,1187.5820012289832,457.69938805372976,18885.935640214102,bob,0.8005801823800734,alice,0.6295925173379892,0.1709876650420843,bob,bob,bob,1,1,1,0,0,10.173975838392497,9.448705103584151,6.103899059669095,25.726580001645743
Daylight_Far_20260114_211200_T12,1736910000.08,2,Daylight,Far,4,4,1280,720,23.543794313486675,1,0,diana,1,1,0.7887925470800312,121.34275635490387,213.06179837398605,238.93703179866526,416.66019227888734,23942.005612760393,diana,0.908268159019828,alice,0.7424725084603063,0.16579565055952172,diana,diana,diana,3,1,1,0,0,11.495818972847728,10.318453733452476,8.168715719733878,29.982988426034083
Daylight_Far_20260114_211200_T12,1736910000.08,2,Daylight,Far,4,4,1280,720,23.543794313486675,1,1,chen,2,1,0.8536817229349133,435.72062674169047,181.2619992358918,528.0761561482965,379.1998950013415,18280.659153047705,chen,0.8616634589136674,diana,0.6862584912323251,0.17540496768134228,chen,chen,chen,2,1,1,0,0,11.495818972847728,10.318453733452476,8.168715719733878,29.982988426034083
Daylight_Far_20260114_211200_T12,1736910000.08,2,Daylight,Far,4,4,1280,720,23.543794313486675,1,2,alice,-1,0,-1.0,-1.0,-1.0,-1.0,-1.0,0.0,unknown,-1.0,unknown,-1.0,-1.0,unknown,unknown,unknown,0,0,0,0,1,11.495818972847728,10.318453733452476,8.168715719733878,29.982988426034083
Daylight_Far_20260114_211200_T12,1736910000.08,2,Daylight,Far,4,4,1280,720,23.543794313486675,1,3,bob,4,1,0.802520955225633,1047.6884864240228,255.18322228984613,1158.1325540893522,405.327287143056,16582.521258195517,bob,0.7971425136481736,diana,0.6812363361273248,0.11590617752084875,bob,bob,bob,3,1,1,0,0,11.495818972847728,10.318453733452476,8.168715719733878,29.982988426034083
Daylight_Far_20260114_211200_T12,1736910000.12,3,Daylight,Far,4,4,1280,720,22.41861441700229,0,0,diana,1,1,0.6438276063693351,88.94892366515765,257.26773322612576,195.18441381801986,445.453696056485,19992.028001171522,diana,0.8397178377116099,chen,0.7282187441798289,0.111499093531781,diana,diana,diana,2,1,1,0,0,18.93010190513805,17.16654762015158,12.29963961493334,48.39628914022297
Daylight_Far_20260114_211200_T12,1736910000.12,3,Daylight,Far,4,4,1280,720,22.41861441700229,0,1,chen,2,1,0.7984243031362911,425.5514247191324,269.36620401193835,541.6612888799193,464.1091302630858,22611.57471329487,chen,0.9453850415317304,bob,0.7992209125562564,0.14616412897547404,chen,chen,chen,2,1,1,0,0,18.93010190513805,17.16654762015158,12.29963961493334,48.39628914022297
Daylight_Far_20260114_211200_T12,1736910000.12,3,Daylight,Far,4,4,1280,720,22.41861441700229,0,2,alice,3,1,0.8069957020973777,731.2320940721568,147.91847176646388,846.7071691647536,315.08715695971114,19303.81647582091,diana,0.8582738758405495,alice,0.8328057340583436,0.02546814178220591,diana,diana,diana,1,0,0,1,0,18.93010190513805,17.16654762015158,12.29963961493334,48.39628914022297
Daylight_Far_20260114_211200_T12,1736910000.12,3,Daylight,Far,4,4,1280,720,22.41861441700229,0,3,bob,4,1,0.6216096244136292,1081.784296868427,162.44983986351008,1185.7405738578111,348.70053729393777,19361.92909154352,bob,0.8205292086419648,alice,0.71430027868344,0.10622892995852473,bob,bob,bob,2,1,1,0,0,18.93010190513805,17.16654762015158,12.29963961493334,48.39628914022297
Daylight_Far_20260114_211200_T12,1736910000.16,4,Daylight,Far,4,4,1280,720,26.124115137324303,1,0,diana,1,1,0.7172883763298964,80.57880825519526,244.5150060215631,202.6315041716095,412.99638881790315,20563.60698201868,diana,0.7748103205423749,chen,0.6031385405473082,0.17167177999506666,diana,diana,diana,2,1,1,0,0,13.302090687642545,8.683006758098795,14.012406386010266,35.99750383175161
Daylight_Far_20260114_211200_T12,1736910000.16,4,Daylight,Far,4,4,1280,720,26.124115137324303,1,1,chen,2,1,0.7730736436976845,447.964498119024,235.82790077820727,539.3527132066438,432.6522812563001,17987.428817619468,chen,0.8707914379658234,alice,0.7740646813734713,0.09672675659235208,chen,chen,chen,1,1,1,0,0,13.302090687642545,8.683006758098795,14.012406386010266,35.99750383175161
Daylight_Far_20260114_211200_T12,1736910000.16,4,Daylight,Far,4,4,1280,720,26.124115137324303,1,2,alice,3,1,0.7755655738596812,750.0138870163438,339.9318174771194,831.2122665843896,510.0964495759461,13817.092386217395,bob,0.8031599873233867,alice,0.7098937767051119,0.09326621061827478,bob,bob,bob,1,0,0,1,0,13.302090687642545,8.683006758098795,14.012406386010266,35.99750383175161
Daylight_Far_20260114_211200_T12,1736910000.16,4,Daylight,Far,4,4,1280,720,26.124115137324303,1,3,bob,4,1,0.7895197146647618,1080.3521469076334,241.5384222278565,1199.5537768049628,427.7575579497927,22197.624496126802,bob,0.8758268454242487,diana,0.8039630562816897,0.07186378914255898,bob,bob,bob,3,1,1,0,0,13.302090687642545,8.683006758098795,14.012406386010266,35.99750383175161
Daylight_Far_20260114_211200_T12,1736910000.2,5,Daylight,Far,4,4,1280,720,27.106830947487307,0,0,diana,1,1,0.8413156818013269,117.84351534609159,312.7753886235899,225.18475739532238,514.7833840075721,21683.789128391927,diana,0.8841685911840316,alice,0.7091444984428468,0.1750240927411848,diana,diana,diana,3,1,1,0,0,18.964739488238397,14.016471349934786,2.5122789579283733,35.49348979610156
Daylight_Far_20260114_211200_T12,1736910000.2,5,Daylight,Far,4,4,1280,720,27.106830947487307,0,1,chen,2,1,0.7714531192185539,426.5964674787147,276.6142271694702,549.7744107931439,441.18082605606463,20270.97518910134,chen,0.8762377711403001,alice,0.8048252439363066,0.07141252720399349,chen,chen,chen,3,1,1,0,0,18.964739488238397,14.016471349934786,2.5122789579283733,35.49348979610156
Daylight_Far_20260114_211200_T12,1736910000.2,5,Daylight,Far,4,4,1280,720,27.106830947487307,0,2,alice,3,1,0.7076883256813354,732.1417495111798,170.28921180773108,848.8178538745333,311.83816383241475,16515.380298955308,alice,0.9283624978390168,bob,0.7845607564164632,0.14380174142255364,alice,alice,alice,1,1,1,0,0,18.964739488238397,14.016471349934786,2.5122789579283733,35.49348979610156
Daylight_Far_20260114_211200_T12,1736910000.2,5,Daylight,Far,4,4,1280,720,27.106830947487307,0,3,bob,4,1,0.8257361840906354,1066.402032941064,251.42706463854014,1162.2037483873353,433.86208029727027,17477.587457573725,bob,0.8493302168962175,chen,0.6728041715257558,0.17652604537046168,bob,bob,bob,2,1,1,0,0,18.964739488238397,14.016471349934786,2.5122789579283733,35.49348979610156
Daylight_Far_20260114_211200_T12,1736910000.24,6,Daylight,Far,4,4,1280,720,26.631383379070744,0,0,diana,1,1,0.6742072755627195,101.6276353497817,230.5756411285655,229.59646855852725,422.1490572412489,24515.426533753587,diana,0.8373681581429446,bob,0.6626227014522554,0.1747454566906892,diana,diana,diana,1,1,1,0,0,12.148430362800491,7.22926205761665,10.333047252036195,29.71073967245334
Daylight_Far_20260114_211200_T12,1736910000.24,6,Daylight,Far,4,4,1280,720,26.631383379070744,0,1,chen,-1,0,-1.0,-1.0,-1.0,-1.0,-1.0,0.0,unknown,-1.0,unknown,-1.0,-1.0,unknown,unknown,unknown,0,0,0,0,1,12.148430362800491,7.22926205761665,10.333047252036195,29.71073967245334
Daylight_Far_20260114_211200_T12,1736910000.24,6,Daylight,Far,4,4,1280,720,26.631383379070744,0,2,alice,3,1,0.8938200402529601,746.8168687712148,326.90566588514844,852.2093687721572,472.5783732836537,15352.81081463425,alice,0.8297056117182705,bob,0.7653018343565711,0.06440377736169944,alice,alice,alice,3,1,1,0,0,12.148430362800491,7.22926205761665,10.333047252036195,29.71073967245334
Daylight_Far_20260114_211200_T12,1736910000.24,6,Daylight,Far,4,4,1280,720,26.631383379070744,0,3,bob,4,1,0.7092868790795416,1052.6135388805749,267.6493181915251,1145.079735632353,402.7234908371242,12489.79502393162,bob,0.7641086125009896,diana,0.7154886774731283,0.04861993502786133,unknown,unknown,unknown,0,0,0,0,0,12.148430362800491,7.22926205761665,10.333047252036195,29.71073967245334
Daylight_Far_20260114_211200_T12,1736910000.28,7,Daylight,Far,4,4,1280,720,26.602621537787194,1,0,diana,1,1,0.8811792354924914,123.91839530443366,271.6375677323831,251.72788112879522,413.5935486168829,18143.32092654082,diana,0.8142970218091633,alice,0.6979260452411381,0.1163709765680252,diana,diana,diana,2,1,1,0,0,17.422428972722834,9.221291876877222,7.12880226803806,33.772523117638116
Daylight_Far_20260114_211200_T12,1736910000.28,7,Daylight,Far,4,4,1280,720,26.602621537787194,1,1,chen,2,1,0.7644103816721323,424.5883939654166,259.2400208748667,527.3298611532247,396.15719571936836,14067.071426733746,chen,0.7932857095406177,alice,0.6898004493606803,0.10348526017993742,chen,chen,chen,2,1,1,0,0,17.422428972722834,9.221291876877222,7.12880226803806,33.772523117638116
Daylight_Far_20260114_211200_T12,1736910000.28,7,Daylight,Far,4,4,1280,720,26.602621537787194,1,2,alice,3,1,0.8291841810607974,727.2722700664725,284.760488661479,852.1196640989668,452.5458749108399,20947.568229968223,alice,0.8195848644165291,chen,0.6747015054315169,0.14488335898501226,alice,alice,alice,3,1,1,0,0,17.422428972722834,9.221291876877222,7.12880226803806,33.772523117638116
Daylight_Far_20260114_211200_T12,1736910000.28,7,Daylight,Far,4,4,1280,720,26.602621537787194,1,3,bob,4,1,0.6240472887050791,1064.4860061435304,311.62062673301824,1187.7072205769803,471.57226505011096,19709.435124052095,bob,0.7787030370921634,alice,0.7109005633779649,0.06780247371419845,bob,bob,bob,2,1,1,0,0,17.422428972722834,9.221291876877222,7.12880226803806,33.772523117638116
Daylight_Far_20260114_211200_T12,1736910000.32,8,Daylight,Far,4,4,1280,720,24.049490727953827,3,0,diana,1,1,0.8374997515162691,92.05991964558969,205.3196581594828,187.86789734280995,338.0009038719124,12711.921830055855,diana,0.8447725527249843,chen,0.7376705101850163,0.10710204253996802,diana,diana,diana,1,1,1,0,0,13.389743648928494,8.2119028519371,8.670413310624657,30.27205981149025
Daylight_Far_20260114_211200_T12,1736910000.32,8,Daylight,Far,4,4,1280,720,24.049490727953827,3,1,chen,2,1,0.8232892615701518,426.48339151179914,306.2024831261344,509.1559439567967,450.5822483462227,11936.243712154186,chen,0.7907290661896914,bob,0.7244409483014564,0.06628811788823497,chen,chen,chen,3,1,1,0,0,13.389743648928494,8.2119028519371,8.670413310624657,30.27205981149025
Daylight_Far_20260114_211200_T12,1736910000.32,8,Daylight,Far,4,4,1280,720,24.049490727953827,3,2,alice,3,1,0.8448678280319226,745.6233206692632,239.2624531129131,869.4799358237699,418.2000735569226,22162.607991996872,alice,0.8227663173513954,diana,0.6881719589826288,0.13459435836876654,alice,alice,alice,2,1,1,0,0,13.389743648928494,8.2119028519371,8.670413310624657,30.27205981149025
Daylight_Far_20260114_211200_T12,1736910000.32,8,Daylight,Far,4,4,1280,720,24.049490727953827,3,3,bob,-1,0,-1.0,-1.0,-1.0,-1.0,-1.0,0.0,unknown,-1.0,unknown,-1.0,-1.0,unknown,unknown,unknown,0,0,0,0,1,13.389743648928494,8.2119028519371,8.670413310624657,30.27205981149025
Daylight_Far_20260114_211200_T12,1736910000.36,9,Daylight,Far,4,4,1280,720,29.805923962074534,1,0,diana,1,1,0.9025219899519232,86.19650756631603,161.42029905479694,181.05998443669324,376.14454336057327,20369.48838321024,diana,0.7681263008711909,chen,0.6265297672767118,0.1415965335944791,diana,diana,diana,2,1,1,0,0,9.879499685541582,6.854454852849918,6.64660646732676,23.38056100571826
Daylight_Far_20260114_211200_T12,1736910000.36,9,Daylight,Far,4,4,1280,720,29.805923962074534,1,1,chen,2,1,0.8319700635961191,412.22799323738514,181.69795848684623,538.7859038334979,323.04788645326545,17888.951546341057,chen,0.88124792843942,alice,0.7993382728294387,0.08190965560998131,chen,chen,chen,2,1,1,0,0,9.879499685541582,6.854454852849918,6.64660646732676,23.38056100571826
Daylight_Far_20260114_211200_T12,1736910000.36,9,Daylight,Far,4,4,1280,720,29.805923962074534,1,2,alice,3,1,0.7383456488145402,730.3812673887526,301.17500278155535,842.3155782074689,437.7185479334968,15283.907623326837,alice,0.8591863172654811,diana,0.6798203699533281,0.17936594731215305,alice,alice,alice,1,1,1,0,0,9.879499685541582,6.854454852849918,6.64660646732676,23.38056100571826
Daylight_Far_20260114_211200_T12,1736910000.36,9,Daylight,Far,4,4,1280,720,29.805923962074534,1,3,bob,4,1,0.800064793920619,1056.3993091049563,236.82054596362832,1159.5672896918447,386.53713677784685,15445.958334656421,bob,0.7983191837760466,diana,0.641019555776612,0.15729962799943464,bob,bob,bob,2,1,1,0,0,9.879499685541582,6.854454852849918,6.64660646732676,23.38056100571826
Daylight_Far_20260114_211200_T12,1736910000.4,10,Daylight,Far,4,4,1280,720,23.379246848034732,1,0,diana,1,1,0.7071830869725761,101.75527627908654,256.8603993445421,223.54359473082013,395.4949001110019,16884.062727742716,diana,0.7925181645101348,bob,0.6158930302988989,0.17662513421123593,diana,diana,diana,2,1,1,0,0,24.8199736912707,20.856659310891317,8.419520794580425,54.09615379674244
Daylight_Far_20260114_211200_T12,1736910000.4,10,Daylight,Far,4,4,1280,720,23.379246848034732,1,1,chen,2,1,0.8631190050426599,409.90370377360387,314.898670345616,516.6308053144749,458.7367472530865,15351.421039547216,chen,0.9153061436518081,diana,0.8013650047642287,0.1139411388875794,chen,chen,chen,1,1,1,0,0,24.8199736912707,20.856659310891317,8.419520794580425,54.09615379674244
Daylight_Far_20260114_211200_T12,1736910000.4,10,Daylight,Far,4,4,1280,720,23.379246848034732,1,2,alice,3,1,0.7730439813571637,771.1711856789642,225.3641020532873,886.3213461567658,401.2752837599893,20256.20080336645,alice,0.7495086741279677,diana,0.6119882370737217,0.137520437054246,alice,alice,alice,1,1,1,0,0,24.8199736912707,20.856659310891317,8.419520794580425,54.09615379674244
Daylight_Far_20260114_211200_T12,1736910000.4,10,Daylight,Far,4,4,1280,720,23.379246848034732,1,3,bob,4,1,0.7828708665074022,1086.3705270307385,226.0709360041629,1206.875383203315,386.54294493228446,19337.656355607724,bob,0.8596411006507935,diana,0.6868125486237647,0.17282855202702874,bob,bob,bob,3,1,1,0,0,24.8199736912707,20.856659310891317,8.419520794580425,54.09615379674244
Daylight_Far_20260114_211200_T12,1736910000.44,11,Daylight,Far,4,4,1280,720,25.422381883129475,1,0,diana,1,1,0.7896963734239372,113.98229506200342,190.26932605840528,219.9742561691524,364.74176546901145,18492.676012278378,diana,0.8878682313035673,alice,0.7845493231292087,0.10331890817435863,diana,diana,diana,2,1,1,0,0,9.787266588396406,7.045108227242312,6.499834740653349,23.332209556292067
Daylight_Far_20260114_211200_T12,1736910000.44,11,Daylight,Far,4,4,1280,720,25.422381883129475,1,1,chen,-1,0,-1.0,-1.0,-1.0,-1.0,-1.0,0.0,unknown,-1.0,unknown,-1.0,-1.0,unknown,unknown,unknown,0,0,0,0,1,9.787266588396406,7.045108227242312,6.499834740653349,23.332209556292067
Daylight_Far_20260114_211200_T12,1736910000.44,11,Daylight,Far,4,4,1280,720,25.422381883129475,1,2,alice,3,1,0.7434142998448424,717.3972486906919,242.17608024549588,809.2034165268919,433.6133186501818,17575.119239079242,alice,0.8787486366025435,diana,0.7978348427166396,0.08091379388590392,alice,alice,alice,2,1,1,0,0,9.787266588396406,7.045108227242312,6.499834740653349,23.332209556292067
Daylight_Far_20260114_211200_T12,1736910000.44,11,Daylight,Far,4,4,1280,720,25.422381883129475,1,3,bob,4,1,0.8596477680782774,1060.0667978710253,230.2778543772916,1170.2809456548594,384.64351464072564,17013.27969302324,alice,0.562226841473386,diana,0.5413713559948327,0.020855485478553315,unknown,unknown,unknown,0,0,0,0,0,9.787266588396406,7.045108227242312,6.499834740653349,23.332209556292067
Daylight_Far_20260114_211200_T12,1736910000.48,12,Daylight,Far,4,4,1280,720,21.78391115534135,4,0,diana,-1,0,-1.0,-1.0,-1.0,-1.0,-1.0,0.0,unknown,-1.0,unknown,-1.0,-1.0,unknown,unknown,unknown,0,0,0,0,1,18.012690479649603,10.370198773638478,4.702119578217289,33.08500883150537
Daylight_Far_20260114_211200_T12,1736910000.48,12,Daylight,Far,4,4,1280,720,21.78391115534135,4,1,chen,2,1,0.8750496858074525,471.70438045770817,197.67415183114258,557.6791418030198,412.4531771860819,18465.57544686954,chen,0.9262568629122343,diana,0.7513074464383527,0.17494941647388162,chen,chen,chen,1,1,1,0,0,18.012690479649603,10.370198773638478,4.702119578217289,33.08500883150537
Daylight_Far_20260114_211200_T12,1736910000.48,12,Daylight,Far,4,4,1280,720,21.78391115534135,4,2,alice,3,1,0.8998851189329422,752.7017127602718,179.54915673059057,862.7831561585559,374.7941764862644,21492.85359103108,alice,0.5937991904887254,diana,0.5521861700717855,0.04161302041693993,unknown,unknown,unknown,0,0,0,0,0,18.012690479649603,10.370198773638478,4.702119578217289,33.08500883150537
Daylight_Far_20260114_211200_T12,1736910000.48,12,Daylight,Far,4,4,1280,720,21.78391115534135,4,3,bob,4,1,0.8645143854371842,1063.8397637790451,284.243350293411,1153.5270409102634,467.9494477535836,16476.09967360509,bob,0.878760571067125,chen,0.7422225372741563,0.1365380337929687,bob,bob,bob,1,1,1,0,0,18.012690479649603,10.370198773638478,4.702119578217289,33.08500883150537
Daylight_Far_20260114_211200_T12,1736910000.52,13,Daylight,Far,4,4,1280,720,24.903535326860172,0,0,diana,-1,0,-1.0,-1.0,-1.0,-1.0,-1.0,0.0,unknown,-1.0,unknown,-1.0,-1.0,unknown,unknown,unknown,0,0,0,0,1,13.516997850462646,14.130122069513632,9.608021119957627,37.2551410399339
Daylight_Far_20260114_211200_T12,1736910000.52,13,Daylight,Far,4,4,1280,720,24.903535326860172,0,1,chen,-1,0,-1.0,-1.0,-1.0,-1.0,-1.0,0.0,unknown,-1.0,unknown,-1.0,-1.0,unknown,unknown,unknown,0,0,0,0,1,13.516997850462646,14.130122069513632,9.608021119957627,37.2551410399339
Daylight_Far_20260114_211200_T12,1736910000.52,13,Daylight,Far,4,4,1280,720,24.903535326860172,0,2,alice,3,1,0.7665999673239026,731.9084448101588,300.27528489846395,843.76229228165,455.64991284264715,17379.249935008367,alice,0.8725659643003141,diana,0.8068913151223854,0.06567464917792865,alice,alice,alice,1,1,1,0,0,13.516997850462646,14.130122069513632,9.608021119957627,37.2551410399339
Daylight_Far_20260114_211200_T12,1736910000.52,13,Daylight,Far,4,4,1280,720,24.903535326860172,0,3,bob,4,1,0.759296316051729,1064.4263140529185,186.98075788059919,1178.4683638924373,360.68338159666223,19809.403271082436,bob,0.8373022515133437,chen,0.7725898841685367,0.06471236734480701,bob,bob,bob,2,1,1,0,0,13.516997850462646,14.130122069513632,9.608021119957627,37.2551410399339
Daylight_Far_20260114_211200_T12,1736910000.56,14,Daylight,Far,4,4,1280,720,22.72790344055484,1,0,diana,1,1,0.8213078728433195,110.59639846147867,170.13926517589778,202.9204014584891,331.72973248087646,14918.678787753168,diana,0.8847772485689527,alice,0.7655920357972172,0.11918521277173544,diana,diana,diana,3,1,1,0,0,22.924045835933736,13.500372735421104,17.49286802706881,53.91728659842365
Daylight_Far_20260114_211200_T12,1736910000.56,14,Daylight,Far,4,4,1280,720,22.72790344055484,1,1,chen,2,1,0.8742252066578897,412.74595297916136,280.1884346875067,502.5639804765812,453.3654296854332,15554.416098644302,chen,0.8219629066082818,diana,0.7285296687125642,0.09343323789571756,chen,chen,chen,3,1,1,0,0,22.924045835933736,13.500372735421104,17.49286802706881,53.91728659842365
Daylight_Far_20260114_211200_T12,1736910000.56,14,Daylight,Far,4,4,1280,720,22.72790344055484,1,2,alice,-1,0,-1.0,-1.0,-1.0,-1.0,-1.0,0.0,unknown,-1.0,unknown,-1.0,-1.0,unknown,unknown,unknown,0,0,0,0,1,22.924045835933736,13.500372735421104,17.49286802706881,53.91728659842365
Daylight_Far_20260114_211200_T12,1736910000.56,14,Daylight,Far,4,4,1280,720,22.72790344055484,1,3,bob,4,1,0.7788355252251762,1067.5289549075849,225.6308535138466,1180.0515058241292,425.2440308923986,22460.98391519131,bob,0.9267137178203898,chen,0.8266620654156944,0.10005165240469538,bob,bob,bob,1,1,1,0,0,22.924045835933736,13.500372735421104,17.49286802706881,53.91728659842365
Daylight_Far_20260114_211200_T12,1736910000.6,15,Daylight,Far,4,4,1280,720,24.39992170608021,1,0,diana,1,1,0.7974018577149239,145.1808123398913,142.18567359277722,254.28320534379748,351.16675877665006,22800.336486113687,diana,0.9230161298517127,chen,0.7884040723515345,0.13461205750017813,diana,diana,diana,2,1,1,0,0,17.89489511370344,15.329585278538612,15.736774185177186,48.96125457741924
Daylight_Far_20260114_211200_T12,1736910000.6,15,Daylight,Far,4,4,1280,720,24.39992170608021,1,1,chen,2,1,0.8275125710269388,421.4390898998246,267.03785238145736,533.7708219833717,470.2076526611394,22822.41557248501,chen,0.9037193863423179,diana,0.7724090886453228,0.1313102976969951,chen,chen,chen,2,1,1,0,0,17.89489511370344,15.329585278538612,15.736774185177186,48.96125457741924
Daylight_Far_20260114_211200_T12,1736910000.6,15,Daylight,Far,4,4,1280,720,24.39992170608021,1,2,alice,3,1,0.8482425427386928,735.8137667363897,195.08562990945182,839.6021206856949,391.5926676664837,20395.141988256313,alice,0.8374956988227495,bob,0.6882955305828755,0.14920016823987403,alice,alice,alice,2,1,1,0,0,17.89489511370344,15.329585278538612,15.736774185177186,48.96125457741924
Daylight_Far_20260114_211200_T12,1736910000.6,15,Daylight,Far,4,4,1280,720,24.39992170608021,1,3,bob,4,1,0.7509730082236004,1030.786816906754,165.18272959071754,1154.8272991487431,327.5003571598936,20133.956800056192,bob,0.8852407882506106,alice,0.7062906669784301,0.17895012127218046,bob,bob,bob,2,1,1,0,0,17.89489511370344,15.329585278538612,15.736774185177186,48.96125457741924
Daylight_Far_20260114_211200_T12,1736910000.64,16,Daylight,Far,4,4,1280,720,24.17062915771799,1,0,diana,1,1,0.8505355038948939,106.01501003586074,272.496175573653,231.26262652259712,487.99057083402863,26990.15937261271,diana,0.8968216323836148,bob,0.832727195124316,0.06409443725929875,diana,diana,diana,2,1,1,0,0,12.712717654532748,5.3314050404786535,7.08481602104982,25.12893871606122
Daylight_Far_20260114_211200_T12,1736910000.64,16,Daylight,Far,4,4,1280,720,24.17062915771799,1,1,chen,2,1,0.7175443562276829,426.02107909803954,240.3161550734165,551.3269448396428,420.7121443651384,22604.675614512205,chen,0.7863020788253323,alice,0.6548947363469011,0.13140734247843122,chen,chen,chen,2,1,1,0,0,12.712717654532748,5.3314050404786535,7.08481602104982,25.12893871606122
Daylight_Far_20260114_211200_T12,1736910000.64,16,Daylight,Far,4,4,1280,720,24.17062915771799,1,2,alice,3,1,0.8807943017431659,773.932067507372,258.16527755453336,887.1473139345849,466.36077362643454,23570.90439281611,alice,0.848145644653431,bob,0.7797046294267961,0.06844101522663493,alice,alice,alice,1,1,1,0,0,12.712717654532748,5.3314050404786535,7.08481602104982,25.12893871606122
Daylight_Far_20260114_211200_T12,1736910000.64,16,Daylight,Far,4,4,1280,720,24.17062915771799,1,3,bob,4,1,0.7708341774765148,1052.6371717912502,243.1972790275102,1143.8385307691337,435.38094875549876,17527.41185254929,bob,0.8363823155936065,alice,0.6800996712665975,0.156282644327009,bob,bob,bob,1,1,1,0,0,12.712717654532748,5.3314050404786535,7.08481602104982,25.12893871606122
Daylight_Far_20260114_211200_T12,1736910000.68,17,Daylight,Far,4,4,1280,720,22.761265525407467,2,0,diana,1,1,0.8784314775818866,104.42380988986855,251.647936344652,187.46243650887772,388.2078212126898,11339.74529069187,diana,0.923460895723638,bob,0.814851063412334,0.10860983231130394,diana,diana,diana,1,1,1,0,0,20.90146952615875,11.179623341154226,17.539653846319645,49.62074671363262
Daylight_Far_20260114_211200_T12,1736910000.68,17,Daylight,Far,4,4,1280,720,22.761265525407467,2,1,chen,2,1,0.7431937276268572,424.4745166211105,251.6522860021226,531.9861048639136,445.7661116099909,20869.485690988426,chen,0.8858812942381529,diana,0.8148405984229162,0.07104069581523664,chen,chen,chen,1,1,1,0,0,20.90146952615875,11.179623341154226,17.539653846319645,49.62074671363262
Daylight_Far_20260114_211200_T12,1736910000.68,17,Daylight,Far,4,4,1280,720,22.761265525407467,2,2,alice,3,1,0.7858665552780089,762.5253227651706,225.45864277885536,847.8006688856267,423.77621788260865,16911.59985874211,alice,0.8713689041825344,bob,0.7621010342475806,0.10926786993495385,alice,alice,alice,2,1,1,0,0,20.90146952615875,11.179623341154226,17.539653846319645,49.62074671363262
Daylight_Far_20260114_211200_T12,1736910000.68,17,Daylight,Far,4,4,1280,720,22.761265525407467,2,3,bob,4,1,0.7752634350075636,1083.5372360459921,290.3324117845796,1182.7983584627425,467.14002171533303,17550.121813549562,bob,0.8835729138555473,alice,0.7215012581364764,0.1620716557190709,bob,bob,bob,2,1,1,0,0,20.90146952615875,11.179623341154226,17.539653846319645,49.62074671363262
Daylight_Far_20260114_211200_T12,1736910000.72,18,Daylight,Far,4,4,1280,720,23.114035463596963,0,0,diana,1,1,0.669611808364294,155.3200732723459,181.71559386521457,242.36726381729306,383.9613420611254,17604.924180114853,bob,0.9071463710135862,diana,0.8436224682769172,0.06352390273666897,bob,bob,bob,2,0,0,1,0,7.618017979365984,5.0784201464628485,6.0615639092066065,18.75800203503544
Daylight_Far_20260114_211200_T12,1736910000.72,18,Daylight,Far,4,4,1280,720,23.114035463596963,0,1,chen,2,1,0.8678714397497135,431.8644324818175,298.79966351285896,514.7658046132317,438.28965366849445,11563.911582499639,chen,0.8647734664800569,diana,0.7505328440066327,0.11424062247342426,chen,chen,chen,3,1,1,0,0,7.618017979365984,5.0784201464628485,6.0615639092066065,18.75800203503544
Daylight_Far_20260114_211200_T12,1736910000.72,18,Daylight,Far,4,4,1280,720,23.114035463596963,0,2,alice,3,1,0.8628376090993696,736.4007746733251,187.06272133876934,853.3526898552799,396.3300760555374,24474.217919187497,alice,0.880305505984414,diana,0.71272144531664,0.1675840606677741,alice,alice,alice,2,1,1,0,0,7.618017979365984,5.0784201464628485,6.0615639092066065,18.75800203503544
Daylight_Far_20260114_211200_T12,1736910000.72,18,Daylight,Far,4,4,1280,720,23.114035463596963,0,3,bob,4,1,0.5816803206068615,1085.2126427069825,253.09948452481422,1187.0263651959535,414.0507093026847,16387.043333794107,bob,0.8189296451358028,chen,0.7336903785106301,0.08523926662517267,bob,bob,bob,2,1,1,0,0,7.618017979365984,5.0784201464628485,6.0615639092066065,18.75800203503544
Daylight_Far_20260114_211200_T12,1736910000.76,19,Daylight,Far,4,4,1280,720,23.095374320197855,1,0,diana,1,1,0.8167267061562833,108.08587715130611,201.24152886598023,222.6114828809801,402.9282849563131,23098.297908898392,alice,0.9089044270268515,diana,0.844043572486332,0.06486085454051949,alice,alice,alice,2,0,0,1,0,17.689423782870655,9.271201392589735,8.591650134238645,35.552275309699034
Daylight_Far_20260114_211200_T12,1736910000.76,19,Daylight,Far,4,4,1280,720,23.095374320197855,1,1,chen,2,1,0.7675933860696035,406.18986935825376,224.1759503897735,492.36302542788667,439.65019394419875,18568.09561880158,alice,0.7664923962348651,chen,0.6952349016963024,0.07125749453856267,alice,alice,alice,1,0,0,1,0,17.689423782870655,9.271201392589735,8.591650134238645,35.552275309699034
Daylight_Far_20260114_211200_T12,1736910000.76,19,Daylight,Far,4,4,1280,720,23.095374320197855,1,2,alice,3,1,0.7949628691729248,732.1692569508598,211.65096324279455,850.1262969442189,419.50653975506054,24518.028551500072,alice,0.8563097118486906,diana,0.7142820611778671,0.14202765067082357,alice,alice,alice,1,1,1,0,0,17.689423782870655,9.271201392589735,8.591650134238645,35.552275309699034
Daylight_Far_20260114_211200_T12,1736910000.76,19,Daylight,Far,4,4,1280,720,23.095374320197855,1,3,bob,4,1,0.8880803609182837,1063.163786963062,198.1451729418831,1173.5594818637908,358.3173521531196,17682.319027788522,alice,0.7667582798778051,chen,0.7140896764633047,0.052668603414500414,unknown,unknown,unknown,0,0,0,0,0,17.689423782870655,9.271201392589735,8.591650134238645,35.552275309699034
Daylight_Far_20260114_211200_T12,1736910000.8,20,Daylight,Far,4,4,1280,720,26.308072079954293,0,0,diana,1,1,0.911517065121533,107.12785393889939,218.28944319926467,224.2357257157614,428.52048265419165,24619.709612004004,diana,0.945970676347624,bob,0.7727604212604555,0.17321025508716847,diana,diana,diana,2,1,1,0,0,20.178868232380847,14.149326967575396,10.40106473190738,44.72925993186362
Daylight_Far_20260114_211200_T12,1736910000.8,20,Daylight,Far,4,4,1280,720,26.308072079954293,0,1,chen,2,1,0.7747110533385086,416.7776832040314,215.4633442357134,516.7370260871813,397.8008902306956,18226.341280584544,chen,0.8152634765012118,bob,0.7433686434159252,0.07189483308528655,unknown,unknown,unknown,0,0,0,0,0,20.178868232380847,14.149326967575396,10.40106473190738,44.72925993186362
Daylight_Far_20260114_211200_T12,1736910000.8,20,Daylight,Far,4,4,1280,720,26.308072079954293,0,2,alice,3,1,0.903611800727427,697.5142026654894,246.105752468667,818.9356845687571,435.24178333503176,22965.17714909619,alice,0.8567775356340243,bob,0.7091707801207358,0.1476067555132885,alice,alice,alice,2,1,1,0,0,20.178868232380847,14.149326967575396,10.40106473190738,44.72925993186362
Daylight_Far_20260114_211200_T12,1736910000.8,20,Daylight,Far,4,4,1280,720,26.308072079954293,0,3,bob,4,1,0.7193452804319107,1020.3138525209845,199.78108914230575,1146.4443338959734,359.1421881208008,20100.292126604836,bob,0.8572800581352502,chen,0.7762233330170982,0.08105672511815198,bob,bob,bob,3,1,1,0,0,20.178868232380847,14.149326967575396,10.40106473190738,44.72925993186362
Daylight_Far_20260114_211200_T12,1736910000.84,21,Daylight,Far,4,4,1280,720,22.45007631159356,1,0,diana,1,1,0.6819568034354377,131.72215455621162,264.6170717509448,229.82928147734717,406.0911865808142,13879.618939669306,diana,0.6245792233169386,bob,0.5447230117125378,0.07985621160440082,unknown,unknown,unknown,0,0,0,0,0,23.926961971940774,11.735952025032013,17.420724043605784,53.08363804057857
Daylight_Far_20260114_211200_T12,1736910000.84,21,Daylight,Far,4,4,1280,720,22.45007631159356,1,1,chen,2,1,0.8772922512259342,439.9417056026688,192.72563743983434,551.2521392891027,341.07179061598265,16512.47464575123,diana,0.7009555024501866,chen,0.6227255504745461,0.07822995197564042,diana,diana,diana,2,0,0,1,0,23.926961971940774,11.735952025032013,17.420724043605784,53.08363804057857
Daylight_Far_20260114_211200_T12,1736910000.84,21,Daylight,Far,4,4,1280,720,22.45007631159356,1,2,alice,3,1,0.7305373371689076,742.6161127976734,208.76243931359457,841.9375305830799,396.0183899656806,18598.52650751931,alice,0.742206586947256,bob,0.6148195057676296,0.1273870811796265,alice,alice,alice,2,1,1,0,0,23.926961971940774,11.735952025032013,17.420724043605784,53.08363804057857
Daylight_Far_20260114_211200_T12,1736910000.84,21,Daylight,Far,4,4,1280,720,22.45007631159356,1,3,bob,4,1,0.5891562892824442,1088.1859155027435,180.79957979412228,1185.022007893482,375.2193547875641,18826.85129385152,bob,0.8278848842976492,alice,0.7456054692367753,0.08227941506087388,bob,bob,bob,2,1,1,0,0,23.926961971940774,11.735952025032013,17.420724043605784,53.08363804057857
Daylight_Far_20260114_211200_T12,1736910000.88,22,Daylight,Far,4,4,1280,720,26.7296100649629,2,0,diana,1,1,0.8121447490554421,80.68100449962773,255.4567679200049,205.8249799170159,425.8504909241497,21323.74788290795,diana,0.8973992629275215,bob,0.7484176172892776,0.1489816456382439,diana,diana,diana,3,1,1,0,0,10.972766339681181,6.481736370587662,10.277281457477415,27.731784167746255
Daylight_Far_20260114_211200_T12,1736910000.88,22,Daylight,Far,4,4,1280,720,26.7296100649629,2,1,chen,2,1,0.7236365922941832,413.61109216301435,298.50180579591796,501.90451436589495,428.22814865883794,11453.98276123144,chen,0.7978847554275796,alice,0.6588037929287487,0.13908096249883095,chen,chen,chen,3,1,1,0,0,10.972766339681181,6.481736370587662,10.277281457477415,27.731784167746255
Daylight_Far_20260114_211200_T12,1736910000.88,22,Daylight,Far,4,4,1280,720,26.7296100649629,2,2,alice,3,1,0.7730554068472585,737.2883370860537,256.86560539952734,852.5717018399024,470.2625641786358,24601.119436293968,alice,0.8377374618748088,chen,0.7610159841839357,0.07672147769087312,alice,alice,alice,3,1,1,0,0,10.972766339681181,6.481736370587662,10.277281457477415,27.731784167746255
Daylight_Far_20260114_211200_T12,1736910000.88,22,Daylight,Far,4,4,1280,720,26.7296100649629,2,3,bob,4,1,0.8338093492615303,1065.499074444311,262.96811380116515,1149.620445080576,421.2249503119806,13312.78199984911,bob,0.8831604806652305,chen,0.7825622176091604,0.10059826305607,bob,bob,bob,3,1,1,0,0,10.972766339681181,6.481736370587662,10.277281457477415,27.731784167746255
Daylight_Far_20260114_211200_T12,1736910000.92,23,Daylight,Far,4,4,1280,720,26.388670931325766,1,0,diana,1,1,0.7937012561799224,74.0770700527551,233.60533984083588,191.27840753687474,401.89494499458795,19723.766808694134,diana,0.909153492206684,bob,0.7776596628891156,0.13149382931756837,diana,diana,diana,2,1,1,0,0,11.626299764202368,5.805467556989403,8.99701634209962,26.42878366329139
Daylight_Far_20260114_211200_T12,1736910000.92,23,Daylight,Far,4,4,1280,720,26.388670931325766,1,1,chen,2,1,0.8076455681253178,424.4026152043151,234.65980105142978,506.02719329471745,403.14673444829737,13752.674852265036,chen,0.8348805082919265,alice,0.6769615137794969,0.15791899451242963,chen,chen,chen,2,1,1,0,0,11.626299764202368,5.805467556989403,8.99701634209962,26.42878366329139
Daylight_Far_20260114_211200_T12,1736910000.92,23,Daylight,Far,4,4,1280,720,26.388670931325766,1,2,alice,3,1,0.7756403262668535,772.5095893617429,206.08422192305363,857.548233219029,352.46776129239913,12448.257670998799,alice,0.7901537480159294,diana,0.6389550303104932,0.15119871770543625,alice,alice,alice,2,1,1,0,0,11.626299764202368,5.805467556989403,8.99701634209962,26.42878366329139
Daylight_Far_20260114_211200_T12,1736910000.92,23,Daylight,Far,4,4,1280,720,26.388670931325766,1,3,bob,4,1,0.7195379324169794,1068.3181453017717,351.4884965826685,1182.3901675365835,529.0462470773952,20254.371662397625,bob,0.7639520624687791,diana,0.6968626636492079,0.06708939881957121,bob,bob,bob,1,1,1,0,0,11.626299764202368,5.805467556989403,8.99701634209962,26.42878366329139
Daylight_Far_20260114_211200_T12,1736910000.96,24,Daylight,Far,4,4,1280,720,25.489305172345453,4,0,diana,-1,0,-1.0,-1.0,-1.0,-1.0,-1.0,0.0,unknown,-1.0,unknown,-1.0,-1.0,unknown,unknown,unknown,0,0,0,0,1,12.990446465310752,6.579827179203512,13.183843507924301,32.75411715243857
Daylight_Far_20260114_211200_T12,1736910000.96,24,Daylight,Far,4,4,1280,720,25.489305172345453,4,1,chen,2,1,0.7302220089728483,427.1578739751248,225.85316498277905,555.0501319763429,419.55325813286504,24772.74228801077,chen,0.8678078589869538,alice,0.7573992205814895,0.11040863840546433,chen,chen,chen,1,1,1,0,0,12.990446465310752,6.579827179203512,13.183843507924301,32.75411715243857
Daylight_Far_20260114_211200_T12,1736910000.96,24,Daylight,Far,4,4,1280,720,25.489305172345453,4,2,alice,3,1,0.8332762175933849,749.3954569924681,231.33598916403048,839.8889587843971,395.00849640503395,14811.298327303264,alice,0.8716890202701554,diana,0.7098345470896995,0.16185447318045587,alice,alice,alice,2,1,1,0,0,12.990446465310752,6.579827179203512,13.183843507924301,32.75411715243857
Daylight_Far_20260114_211200_T12,1736910000.96,24,Daylight,Far,4,4,1280,720,25.489305172345453,4,3,bob,4,1,0.758549060017322,1078.2755172225886,181.73935720349834,1195.1761456995953,393.5315474136031,24758.640142082982,alice,0.8550413365644838,bob,0.7741706425140669,0.08087069405041691,alice,alice,alice,1,0,0,1,0,12.990446465310752,6.579827179203512,13.183843507924301,32.75411715243857
Daylight_Far_20260114_211200_T12,1736910001.0,25,Daylight,Far,4,4,1280,720,27.295565137690133,1,0,diana,1,1,0.8187923795338187,95.82447226951705,246.3077015962714,196.8013622657425,440.2915104221312,19587.881724857674,diana,0.9273073913110146,alice,0.7574227883342306,0.16988460297678398,diana,diana,diana,3,1,1,0,0,22.774913870325438,15.807250927859155,5.683469088459674,44.26563388664427
Daylight_Far_20260114_211200_T12,1736910001.0,25,Daylight,Far,4,4,1280,720,27.295565137690133,1,1,chen,2,1,0.8480514045077148,413.8989077243584,184.4598047980717,525.1723268235555,379.66907051550527,21721.602436222514,chen,0.864927102262855,bob,0.7536874020380187,0.11123970022483631,chen,chen,chen,3,1,1,0,0,22.774913870325438,15.807250927859155,5.683469088459674,44.26563388664427
Daylight_Far_20260114_211200_T12,1736910001.0,25,Daylight,Far,4,4,1280,720,27.295565137690133,1,2,alice,3,1,0.8523691090882126,749.7024711935228,240.19770136139545,851.9890316706487,434.9162990466037,19917.095618149207,alice,0.7694151983138958,diana,0.5931725458964067,0.17624265241748915,alice,alice,alice,2,1,1,0,0,22.774913870325438,15.807250927859155,5.683469088459674,44.26563388664427
Daylight_Far_20260114_211200_T12,1736910001.0,25,Daylight,Far,4,4,1280,720,27.295565137690133,1,3,bob,4,1,0.7374151528412866,1074.4884630806996,232.68941343947444,1168.9848291447006,415.9259374339492,17315.185647676986,bob,0.7747772278615943,diana,0.6647046926527048,0.11007253520888949,bob,bob,bob,2,1,1,0,0,22.774913870325438,15.807250927859155,5.683469088459674,44.26563388664427
Daylight_Far_20260114_211200_T12,1736910001.04,26,Daylight,Far,4,4,1280,720,26.183489155618364,1,0,diana,1,1,0.792211164077067,108.70201645601176,302.9662405467982,214.75844348432392,436.00464314062265,14109.577636655158,diana,0.8511399144290096,bob,0.7354941953594087,0.11564571906960086,diana,diana,diana,1,1,1,0,0,9.872843459367962,6.679408163468326,10.44130877526646,26.99356039810275
Daylight_Far_20260114_211200_T12,1736910001.04,26,Daylight,Far,4,4,1280,720,26.183489155618364,1,1,chen,2,1,0.8699234446408146,418.5562721012155,247.33266087750513,537.3089083028249,415.2299719432544,19938.248300219366,chen,0.7924165349585852,alice,0.6829702096939859,0.1094463252645993,chen,chen,chen,2,1,1,0,0,9.872843459367962,6.679408163468326,10.44130877526646,26.99356039810275
Daylight_Far_20260114_211200_T12,1736910001.04,26,Daylight,Far,4,4,1280,720,26.183489155618364,1,2,alice,3,1,0.7492884107364096,738.9866165569953,213.1007662800041,845.22396941655,364.41560981956945,16075.28842600111,alice,0.8420149468126772,bob,0.6898310417226687,0.15218390509000845,alice,alice,alice,1,1,1,0,0,9.872843459367962,6.679408163468326,10.44130877526646,26.99356039810275
Daylight_Far_20260114_211200_T12,1736910001.04,26,Daylight,Far,4,4,1280,720,26.183489155618364,1,3,bob,4,1,0.7987992075819353,1066.3741817488255,253.4566145777764,1162.4956673278,397.4813968857197,13843.876035627902,bob,0.7739072446537967,alice,0.600705531135642,0.17320171351815472,bob,bob,bob,3,1,1,0,0,9.872843459367962,6.679408163468326,10.44130877526646,26.99356039810275
Daylight_Far_20260114_211200_T12,1736910001.08,27,Daylight,Far,4,4,1280,720,23.889990230994172,3,0,diana,1,1,0.8831625972125678,89.17904369815237,208.65198318977508,214.70996202965665,364.26060306050664,19533.6929526709,bob,0.6122341253998491,diana,0.559549061688247,0.05268506371160209,unknown,unknown,unknown,0,0,0,0,0,11.102533637189126,8.123626719970018,8.965688846245952,28.191849203405095
Daylight_Far_20260114_211200_T12,1736910001.08,27,Daylight,Far,4,4,1280,720,23.889990230994172,3,1,chen,2,1,0.7799384496001447,450.6441215151148,200.76127738783308,538.6920790229735,414.71849142904784,18838.49569040071,chen,0.853088993606917,diana,0.7413580392711362,0.11173095433578084,chen,chen,chen,2,1,1,0,0,11.102533637189126,8.123626719970018,8.965688846245952,28.191849203405095
Daylight_Far_20260114_211200_T12,1736910001.08,27,Daylight,Far,4,4,1280,720,23.889990230994172,3,2,alice,3,1,0.8097972134414146,755.893877676894,279.6498603709249,840.667250556099,490.8250986632396,17902.037218609363,alice,0.7885427686481651,bob,0.6232704884100171,0.165272280238148,alice,alice,alice,3,1,1,0,0,11.102533637189126,8.123626719970018,8.965688846245952,28.191849203405095
Daylight_Far_20260114_211200_T12,1736910001.08,27,Daylight,Far,4,4,1280,720,23.889990230994172,3,3,bob,4,1,0.8499563922468885,1084.1158502601231,306.81068353812583,1167.0618824519877,451.9863105465144,12041.74223131192,bob,0.790793360121909,diana,0.647441113476798,0.14335224664511104,bob,bob,bob,2,1,1,0,0,11.102533637189126,8.123626719970018,8.965688846245952,28.191849203405095
Daylight_Far_20260114_211200_T12,1736910001.12,28,Daylight,Far,4,4,1280,720,23.584109271811933,1,0,diana,1,1,0.7914673513547141,102.21268346499521,198.73106716107594,220.23433891532,394.99942871027525,23163.916942559375,diana,0.7979212064863523,bob,0.6714288327204119,0.12649237376594047,diana,diana,diana,1,1,1,0,0,18.395370979485577,17.122264793387735,11.958922367351207,47.47655814022452
Daylight_Far_20260114_211200_T12,1736910001.12,28,Daylight,Far,4,4,1280,720,23.584109271811933,1,1,chen,2,1,0.7539943596075354,423.2731955363063,244.04981747895422,509.38981943148326,393.1729993495761,12841.98496720442,chen,0.9136508424158645,diana,0.7368150082715335,0.17683583414433102,chen,chen,chen,3,1,1,0,0,18.395370979485577,17.122264793387735,11.958922367351207,47.47655814022452
Daylight_Far_20260114_211200_T12,1736910001.12,28,Daylight,Far,4,4,1280,720,23.584109271811933,1,2,alice,3,1,0.9283023852235675,742.2726821722891,311.1684417475171,836.4173755022583,457.3298478092942,13760.32075036311,bob,0.8154068380654924,chen,0.7544846215402656,0.06092221652522678,unknown,unknown,unknown,0,0,0,0,0,18.395370979485577,17.122264793387735,11.958922367351207,47.47655814022452
Daylight_Far_20260114_211200_T12,1736910001.12,28,Daylight,Far,4,4,1280,720,23.584109271811933,1,3,bob,4,1,0.7703593983233984,1056.272919066408,262.7784227082223,1171.8788376454902,420.6089764328628,18246.14614318226,bob,0.8583027623784758,diana,0.7539557437676798,0.10434701861079598,bob,bob,bob,1,1,1,0,0,18.395370979485577,17.122264793387735,11.958922367351207,47.47655814022452
Daylight_Far_20260114_211200_T12,1736910001.16,29,Daylight,Far,4,4,1280,720,26.76982164287309,2,0,diana,1,1,0.8527006732054268,109.70244037980581,260.8378013505709,227.3036149262747,436.31815824463865,20636.69608057592,diana,0.9596772889746096,bob,0.8112406717844007,0.14843661719020884,diana,diana,diana,1,1,1,0,0,13.501568990149934,6.252590728474929,10.579331814456367,30.33349153308123
Daylight_Far_20260114_211200_T12,1736910001.16,29,Daylight,Far,4,4,1280,720,26.76982164287309,2,1,chen,-1,0,-1.0,-1.0,-1.0,-1.0,-1.0,0.0,unknown,-1.0,unknown,-1.0,-1.0,unknown,unknown,unknown,0,0,0,0,1,13.501568990149934,6.252590728474929,10.579331814456367,30.33349153308123
Daylight_Far_20260114_211200_T12,1736910001.16,29,Daylight,Far,4,4,1280,720,26.76982164287309,2,2,alice,3,1,0.8237191245117746,762.0339333781925,292.13759804526535,852.1606784198356,426.645660960383,12122.773892396093,alice,0.9379045384812772,chen,0.83413105327859,0.10377348520268714,alice,alice,alice,2,1,1,0,0,13.501568990149934,6.252590728474929,10.579331814456367,30.33349153308123
Daylight_Far_20260114_211200_T12,1736910001.16,29,Daylight,Far,4,4,1280,720,26.76982164287309,2,3,bob,4,1,0.9360407140490707,1061.6070759076347,245.4195404296634,1181.4087773139154,403.65038116800184,18956.323935399178,bob,0.8854262846627909,chen,0.7683893786250959,0.11703690603769501,bob,bob,bob,2,1,1,0,0,13.501568990149934,6.252590728474929,10.579331814456367,30.33349153308123
Daylight_Far_20260114_211200_T12,1736910001.2,30,Daylight,Far,4,4,1280,720,29.29448608353604,3,0,diana,-1,0,-1.0,-1.0,-1.0,-1.0,-1.0,0.0,unknown,-1.0,unknown,-1.0,-1.0,unknown,unknown,unknown,0,0,0,0,1,10.751104187655745,4.610204815900922,4.95603940236527,20.317348405921937
Daylight_Far_20260114_211200_T12,1736910001.2,30,Daylight,Far,4,4,1280,720,29.29448608353604,3,1,chen,2,1,0.7937908853356289,417.76347413282025,277.63427977008587,534.3327852285779,450.570516784759,20159.05801229311,chen,0.9,diana,0.8508219358592607,0.04917806414073933,unknown,unknown,unknown,0,0,0,0,0,10.751104187655745,4.610204815900922,4.95603940236527,20.317348405921937
Daylight_Far_20260114_211200_T12,1736910001.2,30,Daylight,Far,4,4,1280,720,29.29448608353604,3,2,alice,3,1,0.7718460902564898,747.0385798189388,153.61511396809584,851.2467112805095,366.9930226141145,22235.71315517934,alice,0.8398917623479107,diana,0.6966348878531305,0.1432568744947802,alice,alice,alice,1,1,1,0,0,10.751104187655745,4.610204815900922,4.95603940236527,20.317348405921937
Daylight_Far_20260114_211200_T12,1736910001.2,30,Daylight,Far,4,4,1280,720,29.29448608353604,3,3,bob,4,1,0.802926805697468,1075.546335507076,214.92757466959415,1189.5618869482228,415.773344899887,22899.54124742869,bob,0.8978619705850839,alice,0.7938357459045374,0.10402622468054645,bob,bob,bob,2,1,1,0,0,10.751104187655745,4.610204815900922,4.95603940236527,20.317348405921937
Daylight_Far_20260114_211200_T12,1736910001.24,31,Daylight,Far,4,4,1280,720,26.357982138988802,1,0,diana,1,1,0.8330706756306552,85.31215282532911,188.04299193705572,201.79994642536883,321.65530513663526,15564.203562416486,diana,0.8056112953052424,chen,0.6720722320701487,0.1335390632350938,diana,diana,diana,2,1,1,0,0,19.97880814872674,10.047737965599525,11.967084397419102,41.993630511745366
Daylight_Far_20260114_211200_T12,1736910001.24,31,Daylight,Far,4,4,1280,720,26.357982138988802,1,1,chen,2,1,0.7749563556261977,405.03313201014356,266.1429480432056,532.3992209652715,401.0708175708064,17185.235032778306,chen,0.7717863908094579,bob,0.651600853144986,0.12018553766447193,chen,chen,chen,2,1,1,0,0,19.97880814872674,10.047737965599525,11.967084397419102,41.993630511745366
Daylight_Far_20260114_211200_T12,1736910001.24,31,Daylight,Far,4,4,1280,720,26.357982138988802,1,2,alice,-1,0,-1.0,-1.0,-1.0,-1.0,-1.0,0.0,unknown,-1.0,unknown,-1.0,-1.0,unknown,unknown,unknown,0,0,0,0,1,19.97880814872674,10.047737965599525,11.967084397419102,41.993630511745366
Daylight_Far_20260114_211200_T12,1736910001.24,31,Daylight,Far,4,4,1280,720,26.357982138988802,1,3,bob,4,1,0.7905703929504788,1066.1630913164734,249.32702030312674,1191.7732589046448,446.6289721265841,24783.131234017797,bob,0.8362658347104512,chen,0.706060455920426,0.13020537879002525,bob,bob,bob,1,1,1,0,0,19.97880814872674,10.047737965599525,11.967084397419102,41.993630511745366
Daylight_Far_20260114_211200_T12,1736910001.28,32,Daylight,Far,4,4,1280,720,25.07766031143558,2,0,diana,1,1,0.7211267576704465,91.94975970827838,210.94689910746484,215.05040106721898,342.5263054873371,16197.509314990953,diana,0.9320706322309368,chen,0.7521360149297797,0.17993461730115712,diana,diana,diana,2,1,1,0,0,38.98677640862683,26.13009625790141,11.123534631487143,76.24040729801538
Daylight_Far_20260114_211200_T12,1736910001.28,32,Daylight,Far,4,4,1280,720,25.07766031143558,2,1,chen,-1,0,-1.0,-1.0,-1.0,-1.0,-1.0,0.0,unknown,-1.0,unknown,-1.0,-1.0,unknown,unknown,unknown,0,0,0,0,1,38.98677640862683,26.13009625790141,11.123534631487143,76.24040729801538
Daylight_Far_20260114_211200_T12,1736910001.28,32,Daylight,Far,4,4,1280,720,25.07766031143558,2,2,alice,3,1,0.6995265941688944,757.2889567241515,243.66439012079158,883.8369769687075,411.05601037947133,21183.078149264442,alice,0.892211634620114,chen,0.7133051430666041,0.1789064915535099,alice,alice,alice,1,1,1,0,0,38.98677640862683,26.13009625790141,11.123534631487143,76.24040729801538
Daylight_Far_20260114_211200_T12,1736910001.28,32,Daylight,Far,4,4,1280,720,25.07766031143558,2,3,bob,4,1,0.7554606455064267,1079.8516650329116,292.7459450154803,1186.3941623213477,438.59944332827274,15539.595948499616,bob,0.8410768348423454,chen,0.7581302719520027,0.08294656289034275,bob,bob,bob,2,1,1,0,0,38.98677640862683,26.13009625790141,11.123534631487143,76.24040729801538
Daylight_Far_20260114_211200_T12,1736910001.32,33,Daylight,Far,4,4,1280,720,25.44891225108212,1,0,diana,1,1,0.7973564769545382,107.6787375819759,231.8662778731788,201.99053071184403,392.3032822898962,15131.10157092519,diana,0.719735817142748,alice,0.7076413104076648,0.012094506735083277,unknown,unknown,unknown,0,0,0,0,0,18.915803119322455,9.533276800809663,7.730812794315138,36.179892714447256
Daylight_Far_20260114_211200_T12,1736910001.32,33,Daylight,Far,4,4,1280,720,25.44891225108212,1,1,chen,2,1,0.8191653676987887,448.4050294121679,263.58102267207147,535.9588354919402,415.8555688315267,13332.216085330287,chen,0.8370175281297736,diana,0.6643194180747847,0.17269811005498892,chen,chen,chen,3,1,1,0,0,18.915803119322455,9.533276800809663,7.730812794315138,36.179892714447256
Daylight_Far_20260114_211200_T12,1736910001.32,33,Daylight,Far,4,4,1280,720,25.44891225108212,1,2,alice,-1,0,-1.0,-1.0,-1.0,-1.0,-1.0,0.0,unknown,-1.0,unknown,-1.0,-1.0,unknown,unknown,unknown,0,0,0,0,1,18.915803119322455,9.533276800809663,7.730812794315138,36.179892714447256
Daylight_Far_20260114_211200_T12,1736910001.32,33,Daylight,Far,4,4,1280,720,25.44891225108212,1,3,bob,4,1,0.8130400935250791,1052.1483234545763,207.5200379919128,1173.1993325543003,349.1750111265858,17147.477441946467,bob,0.8743069140168542,alice,0.7047639416292752,0.16954297238757898,bob,bob,bob,1,1,1,0,0,18.915803119322455,9.533276800809663,7.730812794315138,36.179892714447256
Daylight_Far_20260114_211200_T12,1736910001.36,34,Daylight,Far,4,4,1280,720,23.64678058748212,2,0,diana,1,1,0.9450413670450895,74.33142661479188,254.39723617483287,180.51761950506108,422.4477634484749,17844.645704390397,diana,0.9017899912806677,alice,0.7831495667688613,0.11864042451180645,diana,diana,diana,1,1,1,0,0,15.012508614128315,7.941053801176871,6.440864230453201,29.394426645758386
Daylight_Far_20260114_211200_T12,1736910001.36,34,Daylight,Far,4,4,1280,720,23.64678058748212,2,1,chen,-1,0,-1.0,-1.0,-1.0,-1.0,-1.0,0.0,unknown,-1.0,unknown,-1.0,-1.0,unknown,unknown,unknown,0,0,0,0,1,15.012508614128315,7.941053801176871,6.440864230453201,29.394426645758386
Daylight_Far_20260114_211200_T12,1736910001.36,34,Daylight,Far,4,4,1280,720,23.64678058748212,2,2,alice,3,1,0.6893028328456046,736.032572142612,197.4156941948466,854.624023981989,396.37692676452474,23595.10143019007,alice,0.9152316057070239,diana,0.7630530005889391,0.1521786051180848,alice,alice,alice,2,1,1,0,0,15.012508614128315,7.941053801176871,6.440864230453201,29.394426645758386
Daylight_Far_20260114_211200_T12,1736910001.36,34,Daylight,Far,4,4,1280,720,23.64678058748212,2,3,bob,4,1,0.850642710003184,1071.626135912085,239.70040364098762,1174.9122551106093,443.2733815934462,21026.26286639621,diana,0.6469167936059383,bob,0.5815437080912886,0.06537308551464971,unknown,unknown,unknown,0,0,0,0,0,15.012508614128315,7.941053801176871,6.440864230453201,29.394426645758386
Daylight_Far_20260114_211200_T12,1736910001.4,35,Daylight,Far,4,4,1280,720,26.86902127080034,1,0,diana,1,1,0.9144839197097556,84.41507887951683,265.02704296915056,205.25816294331838,459.4849586761644,23498.89425465431,diana,0.8405095772576251,alice,0.7436391593932654,0.09687041786435968,diana,diana,diana,1,1,1,0,0,10.196221836085051,10.21486203700185,6.766996834855611,27.178080707942513
Daylight_Far_20260114_211200_T12,1736910001.4,35,Daylight,Far,4,4,1280,720,26.86902127080034,1,1,chen,2,1,0.8573328747800206,416.9804520091491,211.36277981034294,536.9886535267364,371.40010051495887,19205.79103345429,chen,0.8074411646240065,diana,0.7352164229263981,0.0722247416976084,chen,chen,chen,2,1,1,0,0,10.196221836085051,10.21486203700185,6.766996834855611,27.178080707942513
Daylight_Far_20260114_211200_T12,1736910001.4,35,Daylight,Far,4,4,1280,720,26.86902127080034,1,2,alice,3,1,0.6896886745626761,759.9456411967718,254.98321851963823,869.3897484920739,416.45884032824,17672.555278796226,alice,0.8756378388577769,diana,0.7547039519632915,0.12093388689448537,alice,alice,alice,3,1,1,0,0,10.196221836085051,10.21486203700185,6.766996834855611,27.178080707942513
Daylight_Far_20260114_211200_T12,1736910001.4,35,Daylight,Far,4,4,1280,720,26.86902127080034,1,3,bob,4,1,0.7378727128988537,1089.159449925257,243.3712466264472,1173.610626282673,400.35138820536673,13257.157621093464,bob,0.8904676772884625,chen,0.8012761951010571,0.08919148218740547,bob,bob,bob,2,1,1,0,0,10.196221836085051,10.21486203700185,6.766996834855611,27.178080707942513
Daylight_Far_20260114_211200_T12,1736910001.44,36,Daylight,Far,4,4,1280,720,21.972641108177005,1,0,diana,1,1,0.721508610146514,68.97933745218687,174.27311268649458,196.734698851718,365.4283332569742,24421.104287388713,diana,0.9263211367710926,bob,0.7836302931597224,0.1426908436113702,diana,diana,diana,2,1,1,0,0,13.657146300783953,9.62073489064397,6.498883872678434,29.776765064106357
Daylight_Far_20260114_211200_T12,1736910001.44,36,Daylight,Far,4,4,1280,720,21.972641108177005,1,1,chen,2,1,0.8773148587452401,466.7650355400658,166.82191974255284,553.1331525444668,363.8858829062259,17020.04342787109,alice,0.6206142932950991,bob,0.5513546560877832,0.06925963720731587,unknown,unknown,unknown,0,0,0,0,0,13.657146300783953,9.62073489064397,6.498883872678434,29.776765064106357
Daylight_Far_20260114_211200_T12,1736910001.44,36,Daylight,Far,4,4,1280,720,21.972641108177005,1,2,alice,-1,0,-1.0,-1.0,-1.0,-1.0,-1.0,0.0,unknown,-1.0,unknown,-1.0,-1.0,unknown,unknown,unknown,0,0,0,0,1,13.657146300783953,9.62073489064397,6.498883872678434,29.776765064106357
Daylight_Far_20260114_211200_T12,1736910001.44,36,Daylight,Far,4,4,1280,720,21.972641108177005,1,3,bob,-1,0,-1.0,-1.0,-1.0,-1.0,-1.0,0.0,unknown,-1.0,unknown,-1.0,-1.0,unknown,unknown,unknown,0,0,0,0,1,13.657146300783953,9.62073489064397,6.498883872678434,29.776765064106357
Daylight_Far_20260114_211200_T12,1736910001.48,37,Daylight,Far,4,4,1280,720,24.57001801185618,3,0,diana,1,1,0.8515598123865468,102.83094722667805,209.88962806174413,209.96879351226949,408.1556859511202,21241.798433802145,diana,0.890432989364388,alice,0.8166975712620307,0.07373541810235729,diana,diana,diana,2,1,1,0,0,24.095447735895778,17.374118960125887,9.594338750722358,51.06390544674402
Daylight_Far_20260114_211200_T12,1736910001.48,37,Daylight,Far,4,4,1280,720,24.57001801185618,3,1,chen,2,1,0.8139664552185167,428.81288653678683,223.99563941787557,516.5074972559429,364.97683856733073,12363.291378131285,chen,0.757616521149399,bob,0.6534204726442325,0.1041960485051665,chen,chen,chen,2,1,1,0,0,24.095447735895778,17.374118960125887,9.594338750722358,51.06390544674402
Daylight_Far_20260114_211200_T12,1736910001.48,37,Daylight,Far,4,4,1280,720,24.57001801185618,3,2,alice,3,1,0.818486214622363,752.5967258662339,240.0753917124363,844.929735876222,405.893175019305,15310.455045907149,alice,0.9425338465036235,bob,0.8395827010647077,0.10295114543891581,alice,alice,alice,2,1,1,0,0,24.095447735895778,17.374118960125887,9.594338750722358,51.06390544674402
Daylight_Far_20260114_211200_T12,1736910001.48,37,Daylight,Far,4,4,1280,720,24.57001801185618,3,3,bob,-1,0,-1.0,-1.0,-1.0,-1.0,-1.0,0.0,unknown,-1.0,unknown,-1.0,-1.0,unknown,unknown,unknown,0,0,0,0,1,24.095447735895778,17.374118960125887,9.594338750722358,51.06390544674402
Daylight_Far_20260114_211200_T12,1736910001.52,38,Daylight,Far,4,4,1280,720,22.167542269839952,0,0,diana,1,1,0.7257007618786462,133.6897065810131,266.8711557074267,220.1142958059962,470.6479109699191,17611.32236716082,diana,0.6204023830677817,bob,0.5963912673529534,0.02401111571482828,unknown,unknown,unknown,0,0,0,0,0,11.063445173082108,10.276732760595282,8.025193380254256,29.365371313931647
Daylight_Far_20260114_211200_T12,1736910001.52,38,Daylight,Far,4,4,1280,720,22.167542269839952,0,1,chen,2,1,0.8991852685426119,418.1449781312319,252.64495735926644,522.4701914537102,407.4775916924218,16152.947606087713,chen,0.9348972948126556,bob,0.7785772293118468,0.1563200655008088,chen,chen,chen,2,1,1,0,0,11.063445173082108,10.276732760595282,8.025193380254256,29.365371313931647
Daylight_Far_20260114_211200_T12,1736910001.52,38,Daylight,Far,4,4,1280,720,22.167542269839952,0,2,alice,3,1,0.712195773510173,732.4251192065717,285.62480346240176,854.3526922180338,447.51335017304945,19738.677598781986,alice,0.8624418277903289,bob,0.7014928138706766,0.16094901391965222,alice,alice,alice,3,1,1,0,0,11.063445173082108,10.276732760595282,8.025193380254256,29.365371313931647
Daylight_Far_20260114_211200_T12,1736910001.52,38,Daylight,Far,4,4,1280,720,22.167542269839952,0,3,bob,4,1,0.7693383761268285,1074.4731616258427,224.48196019356524,1164.881074502067,391.6636843286876,15114.550750105083,bob,0.8139826298731155,alice,0.7303549935889238,0.08362763628419179,bob,bob,bob,3,1,1,0,0,11.063445173082108,10.276732760595282,8.025193380254256,29.365371313931647
Daylight_Far_20260114_211200_T12,1736910001.56,39,Daylight,Far,4,4,1280,720,24.538455565526327,1,0,diana,1,1,0.7471077017879176,126.54694532439868,285.98673242274606,213.03580732744416,496.56366193748863,18212.558997825607,diana,0.7928052774483808,chen,0.6988485363071928,0.09395674114118802,diana,diana,diana,2,1,1,0,0,15.2406322973893,10.024409376262177,3.7672378392252064,29.032279512876684
Daylight_Far_20260114_211200_T12,1736910001.56,39,Daylight,Far,4,4,1280,720,24.538455565526327,1,1,chen,2,1,0.7949736716435596,423.9150193839213,363.83650992255787,551.8692606594809,523.8033056738195,20468.429979635104,chen,0.8735007354302804,alice,0.763729407416079,0.10977132801420142,chen,chen,chen,2,1,1,0,0,15.2406322973893,10.024409376262177,3.7672378392252064,29.032279512876684
Daylight_Far_20260114_211200_T12,1736910001.56,39,Daylight,Far,4,4,1280,720,24.538455565526327,1,2,alice,3,1,0.8060584137002894,714.1976182435152,235.28066695684765,825.8665679206966,447.175944429437,23662.123076918975,alice,0.9322226647828014,diana,0.7860934014180481,0.1461292633647533,alice,alice,alice,1,1,1,0,0,15.2406322973893,10.024409376262177,3.7672378392252064,29.032279512876684
Daylight_Far_20260114_211200_T12,1736910001.56,39,Daylight,Far,4,4,1280,720,24.538455565526327,1,3,bob,4,1,0.6368335522855944,1072.4606808605836,245.21695483764972,1169.6257842686637,394.3373164290597,14489.295354279642,bob,0.8348612876431658,alice,0.7324141385756282,0.1024471490675376,bob,bob,bob,3,1,1,0,0,15.2406322973893,10.024409376262177,3.7672378392252064,29.032279512876684
Daylight_Far_20260114_211200_T12,1736910001.6,40,Daylight,Far,4,4,1280,720,24.614306525020268,2,0,diana,1,1,0.7104769207535472,110.37077578552606,227.51805399370522,204.10689071644947,439.866581266998,19904.725957901697,bob,0.743655022289112,diana,0.6740586285953815,0.0695963936937305,bob,bob,bob,1,0,0,1,0,14.252770500080246,9.360433061930934,15.275912453037364,38.88911601504854
Daylight_Far_20260114_211200_T12,1736910001.6,40,Daylight,Far,4,4,1280,720,24.614306525020268,2,1,chen,2,1,0.8321127127566663,455.1100640762482,245.84299898422785,547.3448457571048,406.77053038376687,14843.115725075686,chen,0.9522830052033868,alice,0.8582536576096742,0.09402934759371262,chen,chen,chen,2,1,1,0,0,14.252770500080246,9.360433061930934,15.275912453037364,38.88911601504854
Daylight_Far_20260114_211200_T12,1736910001.6,40,Daylight,Far,4,4,1280,720,24.614306525020268,2,2,alice,3,1,0.8890744524336942,762.4816732481593,182.9499074624519,858.2056040149214,381.93599202261606,19047.730181986226,chen,0.7342391011042468,alice,0.6954272602111777,0.038811840893069105,unknown,unknown,unknown,0,0,0,0,0,14.252770500080246,9.360433061930934,15.275912453037364,38.88911601504854
Daylight_Far_20260114_211200_T12,1736910001.6,40,Daylight,Far,4,4,1280,720,24.614306525020268,2,3,bob,4,1,0.8565642500977494,1071.319203002653,282.0184420087384,1173.9836203940567,461.74446352818796,18451.46728936918,bob,0.8376827421678432,chen,0.6914339953158761,0.1462487468519671,bob,bob,bob,2,1,1,0,0,14.252770500080246,9.360433061930934,15.275912453037364,38.88911601504854
Daylight_Far_20260114_211200_T12,1736910001.64,41,Daylight,Far,4,4,1280,720,23.396570212976716,1,0,diana,1,1,0.7960580008436904,93.64369420203568,281.817531088133,211.80693958798915,447.5729265379018,19586.195466576788,diana,0.8506103046669456,bob,0.6897888787138935,0.16082142595305216,diana,diana,diana,1,1,1,0,0,11.279069210048862,10.805116168720849,6.08287476621039,28.1670601449801
Daylight_Far_20260114_211200_T12,1736910001.64,41,Daylight,Far,4,4,1280,720,23.396570212976716,1,1,chen,2,1,0.8283327913202146,396.0303514315319,273.0132562096178,506.7829676074871,441.6496743242906,18676.924488742246,chen,0.8473696667135469,bob,0.7762655309922141,0.07110413572133278,chen,chen,chen,2,1,1,0,0,11.279069210048862,10.805116168720849,6.08287476621039,28.1670601449801
Daylight_Far_20260114_211200_T12,1736910001.64,41,Daylight,Far,4,4,1280,720,23.396570212976716,1,2,alice,3,1,0.7652786642431169,734.859892807723,276.79777420064545,837.3932739066348,453.2380770947194,18091.02081784552,alice,0.9196163238144418,diana,0.7533590154051377,0.16625730840930408,alice,alice,alice,2,1,1,0,0,11.279069210048862,10.805116168720849,6.08287476621039,28.1670601449801
Daylight_Far_20260114_211200_T12,1736910001.64,41,Daylight,Far,4,4,1280,720,23.396570212976716,1,3,bob,4,1,0.8197663943795059,1076.7063201968906,231.67851055650766,1198.9539880317436,369.83485024760904,16889.29032383688,bob,0.8024069664564333,chen,0.721747822927665,0.08065914352876824,bob,bob,bob,2,1,1,0,0,11.279069210048862,10.805116168720849,6.08287476621039,28.1670601449801
Daylight_Far_20260114_211200_T12,1736910001.68,42,Daylight,Far,4,4,1280,720,25.80879071362224,1,0,diana,1,1,0.7694422181309349,78.12919913290023,183.1537151758823,197.87222625837097,394.522358637008,25309.92120743953,diana,0.8585168737030926,bob,0.6908585713702472,0.1676583023328454,diana,diana,diana,1,1,1,0,0,10.968348283065463,7.788581783189518,10.475539104049897,29.232469170304878
Daylight_Far_20260114_211200_T12,1736910001.68,42,Daylight,Far,4,4,1280,720,25.80879071362224,1,1,chen,2,1,0.7851650933172192,418.63409296450726,211.89219073720773,524.2391207102103,366.5443932098031,16332.050133052515,bob,0.7163733760515079,diana,0.7061308732544249,0.010242502797082942,unknown,unknown,unknown,0,0,0,0,0,10.968348283065463,7.788581783189518,10.475539104049897,29.232469170304878
Daylight_Far_20260114_211200_T12,1736910001.68,42,Daylight,Far,4,4,1280,720,25.80879071362224,1,2,alice,3,1,0.563978604185739,766.5988099528497,245.19943104742225,849.2372397087177,400.35709651567237,12821.985838882445,alice,0.7776360777207124,diana,0.6092104635038331,0.1684256142168793,alice,alice,alice,2,1,1,0,0,10.968348283065463,7.788581783189518,10.475539104049897,29.232469170304878
Daylight_Far_20260114_211200_T12,1736910001.68,42,Daylight,Far,4,4,1280,720,25.80879071362224,1,3,bob,-1,0,-1.0,-1.0,-1.0,-1.0,-1.0,0.0,unknown,-1.0,unknown,-1.0,-1.0,unknown,unknown,unknown,0,0,0,0,1,10.968348283065463,7.788581783189518,10.475539104049897,29.232469170304878
Daylight_Far_20260114_211200_T12,1736910001.72,43,Daylight,Far,4,4,1280,720,27.093856633829365,1,0,diana,1,1,0.9042233305120049,89.39507100362344,215.26647494472041,181.61744684233605,407.38583124355995,17717.703482483117,diana,0.8130734958875526,chen,0.6365103002044865,0.1765631956830661,diana,diana,diana,2,1,1,0,0,15.817128780482447,13.593106233378592,7.641338514842275,37.051573528703315
Daylight_Far_20260114_211200_T12,1736910001.72,43,Daylight,Far,4,4,1280,720,27.093856633829365,1,1,chen,-1,0,-1.0,-1.0,-1.0,-1.0,-1.0,0.0,unknown,-1.0,unknown,-1.0,-1.0,unknown,unknown,unknown,0,0,0,0,1,15.817128780482447,13.593106233378592,7.641338514842275,37.051573528703315
Daylight_Far_20260114_211200_T12,1736910001.72,43,Daylight,Far,4,4,1280,720,27.093856633829365,1,2,alice,3,1,0.8043243764263863,750.1157417140862,207.55438804816202,856.0662339350636,382.8250764868479,18570.015711988333,alice,0.8354736806390172,chen,0.6984748348666764,0.13699884577234078,alice,alice,alice,2,1,1,0,0,15.817128780482447,13.593106233378592,7.641338514842275,37.051573528703315
Daylight_Far_20260114_211200_T12,1736910001.72,43,Daylight,Far,4,4,1280,720,27.093856633829365,1,3,bob,4,1,0.6987846320223409,1053.2914742740752,301.50264302102454,1165.9066601902584,465.79239372399394,18501.520819538295,bob,0.8418182829946383,alice,0.7384482325110132,0.10337005048362513,bob,bob,bob,2,1,1,0,0,15.817128780482447,13.593106233378592,7.641338514842275,37.051573528703315
Daylight_Far_20260114_211200_T12,1736910001.76,44,Daylight,Far,4,4,1280,720,26.093179967332112,0,0,diana,1,1,0.8180934416911461,114.8868534252725,217.66896031531658,198.27606476750051,398.99661908531164,15120.770459362522,diana,0.9012784000077791,chen,0.7663787967299425,0.13489960327783668,diana,diana,diana,2,1,1,0,0,11.980827593501454,11.7481280873073,9.343260105879857,33.07221578668861
Daylight_Far_20260114_211200_T12,1736910001.76,44,Daylight,Far,4,4,1280,720,26.093179967332112,0,1,chen,2,1,0.7175077176130344,385.2506919283873,232.1206710428279,511.62664763752815,383.07714288660895,19077.26839973784,alice,0.823328158964272,chen,0.7367265855897823,0.0866015733744897,alice,alice,alice,1,0,0,1,0,11.980827593501454,11.7481280873073,9.343260105879857,33.07221578668861
Daylight_Far_20260114_211200_T12,1736910001.76,44,Daylight,Far,4,4,1280,720,26.093179967332112,0,2,alice,3,1,0.7215503402306847,762.1064472266557,311.2961167180431,853.5912886040617,482.5846778700044,15670.306846751273,bob,0.7321914616168306,alice,0.6931330075823885,0.03905845403444208,unknown,unknown,unknown,0,0,0,0,0,11.980827593501454,11.7481280873073,9.343260105879857,33.07221578668861
Daylight_Far_20260114_211200_T12,1736910001.76,44,Daylight,Far,4,4,1280,720,26.093179967332112,0,3,bob,4,1,0.7414201079980378,1077.1960698986895,195.18260449710385,1161.751915076807,387.64673703146525,16273.967392916165,bob,0.9003830952231819,diana,0.8367364481094971,0.06364664711368484,bob,bob,bob,2,1,1,0,0,11.980827593501454,11.7481280873073,9.343260105879857,33.07221578668861
Daylight_Far_20260114_211200_T12,1736910001.8,45,Daylight,Far,4,4,1280,720,28.60247053370953,1,0,diana,1,1,0.9015667006983275,85.90440733781675,333.1343266689365,204.62494280569547,502.93835429358774,20159.22508420106,diana,0.8307750447257115,bob,0.6880059378692114,0.14276910685650013,diana,diana,diana,1,1,1,0,0,32.387008895553095,15.783951158791991,20.413148038974597,68.58410809331968
Daylight_Far_20260114_211200_T12,1736910001.8,45,Daylight,Far,4,4,1280,720,28.60247053370953,1,1,chen,2,1,0.80823368947678,420.16311581498496,280.06136356175483,518.5382445527196,418.8790957386388,13656.212273981322,chen,0.9214997869952235,bob,0.7638121941888898,0.1576875928063337,chen,chen,chen,3,1,1,0,0,32.387008895553095,15.783951158791991,20.413148038974597,68.58410809331968
Daylight_Far_20260114_211200_T12,1736910001.8,45,Daylight,Far,4,4,1280,720,28.60247053370953,1,2,alice,3,1,0.7097608732809366,750.1879873007167,227.2387450214477,858.6866311360757,415.88372401437846,20467.72438708277,alice,0.9160743022798981,diana,0.7744464237257289,0.14162787855416914,alice,alice,alice,1,1,1,0,0,32.387008895553095,15.783951158791991,20.413148038974597,68.58410809331968
Daylight_Far_20260114_211200_T12,1736910001.8,45,Daylight,Far,4,4,1280,720,28.60247053370953,1,3,bob,4,1,0.6459581135732438,1067.7805536748604,240.07725886868656,1181.8833754258924,386.9249748248506,16755.73875829237,chen,0.5536862082054097,alice,0.488859220751824,0.06482698745358573,unknown,unknown,unknown,0,0,0,0,0,32.387008895553095,15.783951158791991,20.413148038974597,68.58410809331968
Daylight_Far_20260114_211200_T12,1736910001.84,46,Daylight,Far,4,4,1280,720,27.301658331923026,2,0,diana,1,1,0.7460369468237864,100.8260315354795,253.85597472145395,208.0397518115393,448.2252597449114,20839.054154762707,diana,0.7872893428428152,alice,0.6178216660179476,0.16946767682486752,diana,diana,diana,3,1,1,0,0,17.609253608910148,11.403941445510936,19.685561319068327,48.69875637348941
Daylight_Far_20260114_211200_T12,1736910001.84,46,Daylight,Far,4,4,1280,720,27.301658331923026,2,1,chen,2,1,0.7755917672186551,442.42522031627414,327.5961663277752,522.8086095790736,478.4545393787025,12126.507324505308,chen,0.8245056072000988,bob,0.6675947951503356,0.1569108120497632,chen,chen,chen,1,1,1,0,0,17.609253608910148,11.403941445510936,19.685561319068327,48.69875637348941
Daylight_Far_20260114_211200_T12,1736910001.84,46,Daylight,Far,4,4,1280,720,27.301658331923026,2,2,alice,3,1,0.9028067892498247,747.3786557370998,221.28257449273673,873.9215501362368,430.3589092887808,26457.1245554544,alice,0.904289648206383,chen,0.8372260766436669,0.06706357156271614,alice,alice,alice,3,1,1,0,0,17.609253608910148,11.403941445510936,19.685561319068327,48.69875637348941
Daylight_Far_20260114_211200_T12,1736910001.84,46,Daylight,Far,4,4,1280,720,27.301658331923026,2,3,bob,4,1,0.7197794773256069,1060.9108566154841,246.7958331428674,1150.3942844520625,410.38202123143014,14638.252856883839,bob,0.9004113732049142,chen,0.7399251209903948,0.1604862522145194,bob,bob,bob,2,1,1,0,0,17.609253608910148,11.403941445510936,19.685561319068327,48.69875637348941
Daylight_Far_20260114_211200_T12,1736910001.88,47,Daylight,Far,4,4,1280,720,24.32492061976183,2,0,diana,1,1,0.8153986051225608,108.05167052808906,282.5945631539614,217.24095740535427,461.60476921194424,19545.996743223444,diana,0.8493214450410551,alice,0.7652301926073523,0.08409125243370286,diana,diana,diana,1,1,1,0,0,14.88762262738504,13.530153060894248,5.570746696796208,33.9885223850755
Daylight_Far_20260114_211200_T12,1736910001.88,47,Daylight,Far,4,4,1280,720,24.32492061976183,2,1,chen,2,1,0.7295212006440739,431.14877500024846,228.1949164429897,528.8853728531328,379.19449072604505,14758.18466765972,chen,0.9041251937133407,bob,0.8213187755630572,0.08280641815028345,chen,chen,chen,2,1,1,0,0,14.88762262738504,13.530153060894248,5.570746696796208,33.9885223850755
Daylight_Far_20260114_211200_T12,1736910001.88,47,Daylight,Far,4,4,1280,720,24.32492061976183,2,2,alice,3,1,0.7953512824201099,728.164179109555,198.33522057964512,840.7232881656568,412.2830875305192,24081.781288443784,alice,0.8380433150838554,diana,0.7135013537394229,0.12454196134443252,alice,alice,alice,3,1,1,0,0,14.88762262738504,13.530153060894248,5.570746696796208,33.9885223850755
Daylight_Far_20260114_211200_T12,1736910001.88,47,Daylight,Far,4,4,1280,720,24.32492061976183,2,3,bob,4,1,0.8003926088687653,1073.0859404378284,174.9215475262997,1185.7396998981435,369.51838080842595,21922.06484830369,bob,0.9322427092341787,diana,0.8593754230510039,0.07286728618317484,bob,bob,bob,3,1,1,0,0,14.88762262738504,13.530153060894248,5.570746696796208,33.9885223850755
Daylight_Far_20260114_211200_T12,1736910001.92,48,Daylight,Far,4,4,1280,720,24.37117459368776,2,0,diana,1,1,0.8355392256806045,134.04536819275182,232.10667495255487,238.1012377801756,394.45210009592233,16892.994386833114,diana,0.81749720314363,bob,0.6768079162737464,0.14068928686988358,diana,diana,diana,1,1,1,0,0,12.637635724914597,10.451111085495022,8.148973588840292,31.23772039924991
Daylight_Far_20260114_211200_T12,1736910001.92,48,Daylight,Far,4,4,1280,720,24.37117459368776,2,1,chen,2,1,0.712260452972021,424.66598253378027,283.17874078270086,546.7813711724543,494.74262077955245,25835.205427721336,chen,0.9331907841380741,diana,0.7755208909231663,0.15766989321490776,chen,chen,chen,2,1,1,0,0,12.637635724914597,10.451111085495022,8.148973588840292,31.23772039924991
Daylight_Far_20260114_211200_T12,1736910001.92,48,Daylight,Far,4,4,1280,720,24.37117459368776,2,2,alice,3,1,0.7821720518410445,766.9829315292842,263.3919347382589,870.0787650096853,466.3624237470357,20925.411736284434,alice,0.8569340919045387,bob,0.6925736597475193,0.16436043215701945,alice,alice,alice,1,1,1,0,0,12.637635724914597,10.451111085495022,8.148973588840292,31.23772039924991
Daylight_Far_20260114_211200_T12,1736910001.92,48,Daylight,Far,4,4,1280,720,24.37117459368776,2,3,bob,4,1,0.7425651263428099,1098.6323557160606,180.82087691921498,1201.5375854049505,382.1669531049574,20719.564216850547,bob,0.7717381231606482,chen,0.6148878373823553,0.15685028577829285,bob,bob,bob,2,1,1,0,0,12.637635724914597,10.451111085495022,8.148973588840292,31.23772039924991
Daylight_Far_20260114_211200_T12,1736910001.96,49,Daylight,Far,4,4,1280,720,23.133250016712275,1,0,diana,1,1,0.7168876932840912,99.60445917622827,203.25501991943776,225.21589355526368,352.12280900813045,18699.496520266403,diana,0.7278342127705787,bob,0.5670130948184131,0.16082111795216558,diana,diana,diana,1,1,1,0,0,17.60720268666955,8.171778445200294,13.690887988854383,39.469869120724226
Daylight_Far_20260114_211200_T12,1736910001.96,49,Daylight,Far,4,4,1280,720,23.133250016712275,1,1,chen,2,1,0.6344622447162148,409.4663029520619,233.63296556040245,520.5525188391797,420.2837689131246,20734.33143674447,chen,0.7808253725737895,diana,0.7117734617346446,0.06905191083914486,chen,chen,chen,2,1,1,0,0,17.60720268666955,8.171778445200294,13.690887988854383,39.469869120724226
Daylight_Far_20260114_211200_T12,1736910001.96,49,Daylight,Far,4,4,1280,720,23.133250016712275,1,2,alice,3,1,0.8675366131681557,724.0359125088083,264.74960865972616,833.061412346562,399.90465351555144,14735.346321000361,alice,0.8884632471332068,diana,0.722833179463712,0.16563006766949484,alice,alice,alice,1,1,1,0,0,17.60720268666955,8.171778445200294,13.690887988854383,39.469869120724226
Daylight_Far_20260114_211200_T12,1736910001.96,49,Daylight,Far,4,4,1280,720,23.133250016712275,1,3,bob,-1,0,-1.0,-1.0,-1.0,-1.0,-1.0,0.0,unknown,-1.0,unknown,-1.0,-1.0,unknown,unknown,unknown,0,0,0,0,1,17.60720268666955,8.171778445200294,13.690887988854383,39.469869120724226
Daylight_Far_20260114_211200_T12,1736910002.0,50,Daylight,Far,4,4,1280,720,24.818377078085053,3,0,diana,1,1,0.8676513270959763,117.28480108188097,286.6532038838953,238.9488141363267,455.33995350894696,20523.106908494305,diana,0.8711276355128492,bob,0.8043305095468868,0.06679712596596243,diana,diana,diana,2,1,1,0,0,23.42627838815458,14.163893677460893,7.537291434531836,45.12746350014731
Daylight_Far_20260114_211200_T12,1736910002.0,50,Daylight,Far,4,4,1280,720,24.818377078085053,3,1,chen,-1,0,-1.0,-1.0,-1.0,-1.0,-1.0,0.0,unknown,-1.0,unknown,-1.0,-1.0,unknown,unknown,unknown,0,0,0,0,1,23.42627838815458,14.163893677460893,7.537291434531836,45.12746350014731
Daylight_Far_20260114_211200_T12,1736910002.0,50,Daylight,Far,4,4,1280,720,24.818377078085053,3,2,alice,3,1,0.8554730098252594,744.5224658700155,218.7853935074038,850.0295835559597,384.49784594494224,17483.8432213538,alice,0.6859277837756057,diana,0.6706664372693015,0.015261346506304174,unknown,unknown,unknown,0,0,0,0,0,23.42627838815458,14.163893677460893,7.537291434531836,45.12746350014731
Daylight_Far_20260114_211200_T12,1736910002.0,50,Daylight,Far,4,4,1280,720,24.818377078085053,3,3,bob,4,1,0.792085781278186,1080.859527052371,291.73591837769675,1179.4497830080522,502.86857189043883,20815.622350423393,bob,0.8359804142796886,chen,0.7472099724388829,0.08877044184080574,bob,bob,bob,2,1,1,0,0,23.42627838815458,14.163893677460893,7.537291434531836,45.12746350014731
Daylight_Far_20260114_211200_T12,1736910002.04,51,Daylight,Far,4,4,1280,720,21.017748106393,1,0,diana,1,1,0.86859249528757,109.02057367188729,226.23524460656319,223.6221457616317,392.0857188465491,19006.72507973205,diana,0.8403905804921689,alice,0.6777847577102782,0.16260582278189062,diana,diana,diana,1,1,1,0,0,12.771904226040393,9.930231582659841,3.7737178951442694,26.475853703844503
Daylight_Far_20260114_211200_T12,1736910002.04,51,Daylight,Far,4,4,1280,720,21.017748106393,1,1,chen,2,1,0.8160918557774156,451.9229013614132,282.35939597988744,552.2322722147368,423.93307682910034,14201.16685537377,chen,0.9319061191122107,bob,0.8607586854102767,0.071147433701934,chen,chen,chen,2,1,1,0,0,12.771904226040393,9.930231582659841,3.7737178951442694,26.475853703844503
Daylight_Far_20260114_211200_T12,1736910002.04,51,Daylight,Far,4,4,1280,720,21.017748106393,1,2,alice,3,1,0.8055247372273906,775.6626972249908,242.00858413746852,875.6427949818619,454.20302998373603,21215.221439174926,alice,0.8229813670841746,chen,0.6502764401890355,0.17270492689513905,alice,alice,alice,3,1,1,0,0,12.771904226040393,9.930231582659841,3.7737178951442694,26.475853703844503
Daylight_Far_20260114_211200_T12,1736910002.04,51,Daylight,Far,4,4,1280,720,21.017748106393,1,3,bob,4,1,0.642544151054065,1074.08589032824,260.34120785789844,1189.9583983869961,401.4196098672156,16347.108273741025,bob,0.8600665433740461,diana,0.7026469985466495,0.15741954482739662,bob,bob,bob,3,1,1,0,0,12.771904226040393,9.930231582659841,3.7737178951442694,26.475853703844503
Daylight_Far_20260114_211200_T12,1736910002.08,52,Daylight,Far,4,4,1280,720,25.653293700005907,3,0,diana,1,1,0.8563446304605895,103.18928336643518,242.544581058103,187.91242941702927,374.5858356082328,11186.950493954319,diana,0.8073887536017257,alice,0.7064826445442061,0.10090610905751962,diana,diana,diana,2,1,1,0,0,17.313192547092104,8.778938509187832,8.747135917543236,34.83926697382317
Daylight_Far_20260114_211200_T12,1736910002.08,52,Daylight,Far,4,4,1280,720,25.653293700005907,3,1,chen,2,1,0.7231808305869728,415.16781552669784,164.96382191707676,508.0035742774437,376.6777482568723,19654.62298985444,chen,0.8441116302454716,alice,0.6724508901905684,0.17166074005490328,chen,chen,chen,2,1,1,0,0,17.313192547092104,8.778938509187832,8.747135917543236,34.83926697382317
Daylight_Far_20260114_211200_T12,1736910002.08,52,Daylight,Far,4,4,1280,720,25.653293700005907,3,2,alice,-1,0,-1.0,-1.0,-1.0,-1.0,-1.0,0.0,unknown,-1.0,unknown,-1.0,-1.0,unknown,unknown,unknown,0,0,0,0,1,17.313192547092104,8.778938509187832,8.747135917543236,34.83926697382317
Daylight_Far_20260114_211200_T12,1736910002.08,52,Daylight,Far,4,4,1280,720,25.653293700005907,3,3,bob,4,1,0.7231963766579271,1054.003282256786,235.94445925485542,1180.7702143888923,410.29889346669444,22102.376728664003,bob,0.8460748511802453,diana,0.7443478038594978,0.10172704732074744,bob,bob,bob,2,1,1,0,0,17.313192547092104,8.778938509187832,8.747135917543236,34.83926697382317
Daylight_Far_20260114_211200_T12,1736910002.12,53,Daylight,Far,4,4,1280,720,25.793939924748905,1,0,diana,1,1,0.6871266884092041,100.09094102987541,269.9561389949671,194.80989873864468,428.9728931988244,15061.901216420918,diana,0.9156964254002791,chen,0.7908055109620172,0.12489091443826184,diana,diana,diana,2,1,1,0,0,17.946224394837188,17.381557099415947,13.553373166085489,48.88115466033862
Daylight_Far_20260114_211200_T12,1736910002.12,53,Daylight,Far,4,4,1280,720,25.793939924748905,1,1,chen,2,1,0.7760289909034518,423.6782315942844,279.2810518584388,519.7907557728786,471.2341162529044,18449.093542768325,chen,0.9028453363241731,alice,0.7624134445057662,0.14043189181840687,chen,chen,chen,1,1,1,0,0,17.946224394837188,17.381557099415947,13.553373166085489,48.88115466033862
Daylight_Far_20260114_211200_T12,1736910002.12,53,Daylight,Far,4,4,1280,720,25.793939924748905,1,2,alice,3,1,0.7851855954390329,717.8061634197563,153.60612539623486,845.3753640698867,352.3675359321871,25355.834262163826,alice,0.8355269835928439,diana,0.6890420721046279,0.14648491148821607,alice,alice,alice,2,1,1,0,0,17.946224394837188,17.381557099415947,13.553373166085489,48.88115466033862
Daylight_Far_20260114_211200_T12,1736910002.12,53,Daylight,Far,4,4,1280,720,25.793939924748905,1,3,bob,4,1,0.6542425715365701,1072.1451890525568,344.92561245618356,1174.4809881765723,536.8728517012654,19643.074117794033,bob,0.7983445785924158,diana,0.6575116897398209,0.14083288885259493,bob,bob,bob,3,1,1,0,0,17.946224394837188,17.381557099415947,13.553373166085489,48.88115466033862
Daylight_Far_20260114_211200_T12,1736910002.16,54,Daylight,Far,4,4,1280,720,28.609137038852392,0,0,diana,1,1,0.907700201063582,125.88626521315632,207.23122338645442,222.20852750562057,416.48478242602096,20155.77619944078,diana,0.8759465807040313,alice,0.723620328077605,0.1523262526264263,diana,diana,diana,1,1,1,0,0,15.014980152116854,8.639048437076456,3.7897703500656803,27.44379893925899
Daylight_Far_20260114_211200_T12,1736910002.16,54,Daylight,Far,4,4,1280,720,28.609137038852392,0,1,chen,2,1,0.7116426473204637,428.4698586614685,185.67063983774253,510.69435570758685,396.6587387456053,17348.39031541569,chen,0.8404530947701893,alice,0.7182677765479821,0.12218531822220713,chen,chen,chen,1,1,1,0,0,15.014980152116854,8.639048437076456,3.7897703500656803,27.44379893925899
Daylight_Far_20260114_211200_T12,1736910002.16,54,Daylight,Far,4,4,1280,720,28.609137038852392,0,2,alice,3,1,0.72902825651541,705.3983905550929,242.88339383494682,829.6398432005624,387.8501286983728,18010.877724702677,alice,0.8920390668092428,chen,0.7740480479464341,0.11799101886280872,alice,alice,alice,2,1,1,0,0,15.014980152116854,8.639048437076456,3.7897703500656803,27.44379893925899
Daylight_Far_20260114_211200_T12,1736910002.16,54,Daylight,Far,4,4,1280,720,28.609137038852392,0,3,bob,4,1,0.8678643858514887,1095.5740032071074,206.75718675264108,1195.1857846512473,386.93876154068647,17948.20764804774,bob,0.782073451128238,diana,0.7344512508151073,0.04762220031313069,unknown,unknown,unknown,0,0,0,0,0,15.014980152116854,8.639048437076456,3.7897703500656803,27.44379893925899
Daylight_Far_20260114_211200_T12,1736910002.2,55,Daylight,Far,4,4,1280,720,20.61883287583614,2,0,diana,1,1,0.6777715661900354,111.3783925927481,292.1818550939981,196.53766314937027,501.76433504256767,17847.891113868078,diana,0.8817104064536921,bob,0.8014629331690486,0.08024747328464354,diana,diana,diana,1,1,1,0,0,28.569070025794932,14.68164630197001,11.925431039690343,55.176147367455286
Daylight_Far_20260114_211200_T12,1736910002.2,55,Daylight,Far,4,4,1280,720,20.61883287583614,2,1,chen,2,1,0.6070945238709962,441.8112513838235,213.45384675139388,526.7793577638402,428.2550279448497,18251.249614198787,chen,0.8882816906622134,alice,0.8132833432482071,0.07499834741400635,chen,chen,chen,3,1,1,0,0,28.569070025794932,14.68164630197001,11.925431039690343,55.176147367455286
Daylight_Far_20260114_211200_T12,1736910002.2,55,Daylight,Far,4,4,1280,720,20.61883287583614,2,2,alice,3,1,0.7925635199235446,766.892059270102,286.5144389096032,879.2218293934677,423.7640991469698,15417.222783973439,alice,0.8321814345187232,chen,0.758134441083237,0.07404699343548615,alice,alice,alice,2,1,1,0,0,28.569070025794932,14.68164630197001,11.925431039690343,55.176147367455286
Daylight_Far_20260114_211200_T12,1736910002.2,55,Daylight,Far,4,4,1280,720,20.61883287583614,2,3,bob,4,1,0.7790809100647503,1085.9399094218074,180.97578745644722,1201.678772540774,385.94767221388184,23723.2129131773,bob,0.8439648890281842,diana,0.7042798316869067,0.13968505734127756,bob,bob,bob,2,1,1,0,0,28.569070025794932,14.68164630197001,11.925431039690343,55.176147367455286
Daylight_Far_20260114_211200_T12,1736910002.24,56,Daylight,Far,4,4,1280,720,25.999832320768178,2,0,diana,1,1,0.7847983330911085,86.71845897150276,213.8820018797004,198.35089809544957,402.8362324702441,21093.42164361108,chen,0.75147413708231,diana,0.7083658765361275,0.04310826054618255,unknown,unknown,unknown,0,0,0,0,0,11.71743262448118,7.363498953322556,6.419027778350606,25.499959356154342
Daylight_Far_20260114_211200_T12,1736910002.24,56,Daylight,Far,4,4,1280,720,25.999832320768178,2,1,chen,2,1,0.7681921120286898,400.58860131467554,232.71515258755232,495.8467372310487,401.9985977480044,16125.62542748624,chen,0.9034295162250585,alice,0.7636505398793543,0.13977897634570424,chen,chen,chen,1,1,1,0,0,11.71743262448118,7.363498953322556,6.419027778350606,25.499959356154342
Daylight_Far_20260114_211200_T12,1736910002.24,56,Daylight,Far,4,4,1280,720,25.999832320768178,2,2,alice,-1,0,-1.0,-1.0,-1.0,-1.0,-1.0,0.0,unknown,-1.0,unknown,-1.0,-1.0,unknown,unknown,unknown,0,0,0,0,1,11.71743262448118,7.363498953322556,6.419027778350606,25.499959356154342
Daylight_Far_20260114_211200_T12,1736910002.24,56,Daylight,Far,4,4,1280,720,25.999832320768178,2,3,bob,4,1,0.7725248680090162,1071.528073009489,243.3884929548552,1178.3397788306745,424.6374616004872,19359.51151937053,bob,0.7858784071045967,diana,0.6172148746187917,0.168663532485805,bob,bob,bob,1,1,1,0,0,11.71743262448118,7.363498953322556,6.419027778350606,25.499959356154342
Daylight_Far_20260114_211200_T12,1736910002.28,57,Daylight,Far,4,4,1280,720,27.12336700099484,1,0,diana,1,1,0.8434814437425047,131.6286875516298,207.2588077753411,242.44510878989826,406.46348080055736,22075.148958593898,diana,0.9189115395678008,bob,0.8135706025628816,0.1053409370049192,diana,diana,diana,2,1,1,0,0,14.028957280905358,8.428159925028666,4.315106809654571,26.772224015588595
Daylight_Far_20260114_211200_T12,1736910002.28,57,Daylight,Far,4,4,1280,720,27.12336700099484,1,1,chen,-1,0,-1.0,-1.0,-1.0,-1.0,-1.0,0.0,unknown,-1.0,unknown,-1.0,-1.0,unknown,unknown,unknown,0,0,0,0,1,14.028957280905358,8.428159925028666,4.315106809654571,26.772224015588595
Daylight_Far_20260114_211200_T12,1736910002.28,57,Daylight,Far,4,4,1280,720,27.12336700099484,1,2,alice,3,1,0.8299195086834198,758.9844022688004,216.4992759324923,853.7986517646958,398.25763347812835,17233.2822602961,alice,0.8468546989595104,diana,0.7163178978544924,0.13053680110501797,alice,alice,alice,2,1,1,0,0,14.028957280905358,8.428159925028666,4.315106809654571,26.772224015588595
Daylight_Far_20260114_211200_T12,1736910002.28,57,Daylight,Far,4,4,1280,720,27.12336700099484,1,3,bob,4,1,0.7700188194616362,1068.0739511256622,211.89804048188256,1192.560161762927,389.42077034593643,22099.131942758864,bob,0.9077797176637908,diana,0.753116775801145,0.15466294186264584,bob,bob,bob,2,1,1,0,0,14.028957280905358,8.428159925028666,4.315106809654571,26.772224015588595
Daylight_Far_20260114_211200_T12,1736910002.32,58,Daylight,Far,4,4,1280,720,25.29907225641107,2,0,diana,1,1,0.8785460383178313,105.55280229017349,307.6254547478808,211.45219775202418,437.6837859412526,13773.098648155234,alice,0.7226160281935221,diana,0.6667820325713864,0.05583399562213576,alice,alice,alice,1,0,0,1,0,10.445861473869034,6.247628403492526,12.065146975069311,28.75863685243087
Daylight_Far_20260114_211200_T12,1736910002.32,58,Daylight,Far,4,4,1280,720,25.29907225641107,2,1,chen,2,1,0.7778512293870644,447.0815482716748,221.98257635339337,547.1311980979876,420.9307310957021,19904.69321555908,chen,0.8503315800010961,alice,0.7009270394154732,0.1494045405856229,chen,chen,chen,2,1,1,0,0,10.445861473869034,6.247628403492526,12.065146975069311,28.75863685243087
Daylight_Far_20260114_211200_T12,1736910002.32,58,Daylight,Far,4,4,1280,720,25.29907225641107,2,2,alice,3,1,0.8177095076975538,766.5809073606744,221.80143505265121,871.0082526835321,367.8930315702752,15255.957598313516,alice,0.6446313928701928,bob,0.6160175736144612,0.028613819255731587,unknown,unknown,unknown,0,0,0,0,0,10.445861473869034,6.247628403492526,12.065146975069311,28.75863685243087
Daylight_Far_20260114_211200_T12,1736910002.32,58,Daylight,Far,4,4,1280,720,25.29907225641107,2,3,bob,4,1,0.8056306012288532,1040.1180249134068,187.49861990207813,1128.587203597151,357.1902036393031,15012.475042776114,bob,0.9078415320109533,chen,0.7375509880124091,0.17029054399854415,bob,bob,bob,3,1,1,0,0,10.445861473869034,6.247628403492526,12.065146975069311,28.75863685243087
Daylight_Far_20260114_211200_T12,1736910002.36,59,Daylight,Far,4,4,1280,720,23.009825481301494,2,0,diana,1,1,0.727343692386098,91.24120472814855,181.51426075778298,207.56157302430813,342.21595758628405,18692.880560909027,bob,0.5553950646712529,diana,0.4824787020100766,0.07291636266117629,unknown,unknown,unknown,0,0,0,0,0,16.022767735126614,12.098277892495004,8.94621309542872,37.06725872305034
Daylight_Far_20260114_211200_T12,1736910002.36,59,Daylight,Far,4,4,1280,720,23.009825481301494,2,1,chen,-1,0,-1.0,-1.0,-1.0,-1.0,-1.0,0.0,unknown,-1.0,unknown,-1.0,-1.0,unknown,unknown,unknown,0,0,0,0,1,16.022767735126614,12.098277892495004,8.94621309542872,37.06725872305034
Daylight_Far_20260114_211200_T12,1736910002.36,59,Daylight,Far,4,4,1280,720,23.009825481301494,2,2,alice,3,1,0.7970553372828427,735.0155721398118,259.82296361124565,836.9815324337886,397.101112023145,13997.698230198394,alice,0.8160186609755793,diana,0.6594239463675693,0.15659471460801,alice,alice,alice,2,1,1,0,0,16.022767735126614,12.098277892495004,8.94621309542872,37.06725872305034
Daylight_Far_20260114_211200_T12,1736910002.36,59,Daylight,Far,4,4,1280,720,23.009825481301494,2,3,bob,4,1,0.7190597042662036,1093.7511225284322,263.13652886937984,1191.8158538505602,409.67338027601636,14370.096961982397,bob,0.78428454565532,diana,0.7055850333388218,0.07869951231649819,bob,bob,bob,2,1,1,0,0,16.022767735126614,12.098277892495004,8.94621309542872,37.06725872305034
Daylight_Far_20260114_211200_T12,1736910002.4,60,Daylight,Far,4,4,1280,720,25.832433717658784,1,0,diana,1,1,0.662997869902987,84.60894648964597,258.9808547262958,199.69327102766692,423.85648042207094,18974.600015981858,bob,0.6088160555193401,alice,0.5888104442850591,0.020005611234281018,unknown,unknown,unknown,0,0,0,0,0,12.871010587267389,12.930976695286795,8.597294799694442,34.399282082248625
Daylight_Far_20260114_211200_T12,1736910002.4,60,Daylight,Far,4,4,1280,720,25.832433717658784,1,1,chen,2,1,0.7842494060955694,432.5258923134822,322.48528186984424,526.3906946731015,506.4265578056794,17265.611511493367,chen,0.9070927924230039,diana,0.7671247349234727,0.13996805749953123,chen,chen,chen,2,1,1,0,0,12.871010587267389,12.930976695286795,8.597294799694442,34.399282082248625
Daylight_Far_20260114_211200_T12,1736910002.4,60,Daylight,Far,4,4,1280,720,25.832433717658784,1,2,alice,3,1,0.7990912860633167,762.8162107037087,273.38171344586664,858.000456059053,440.42125246967163,15899.532466485458,alice,0.7865233916705233,diana,0.6921609857292648,0.09436240594125855,alice,alice,alice,3,1,1,0,0,12.871010587267389,12.930976695286795,8.597294799694442,34.399282082248625
Daylight_Far_20260114_211200_T12,1736910002.4,60,Daylight,Far,4,4,1280,720,25.832433717658784,1,3,bob,-1,0,-1.0,-1.0,-1.0,-1.0,-1.0,0.0,unknown,-1.0,unknown,-1.0,-1.0,unknown,unknown,unknown,0,0,0,0,1,12.871010587267389,12.930976695286795,8.597294799694442,34.399282082248625
Daylight_Far_20260114_211200_T12,1736910002.44,61,Daylight,Far,4,4,1280,720,24.391482672431597,1,0,diana,1,1,0.9156669607948096,119.03089953865512,271.41389613916715,209.96334086014028,473.9552317529651,18417.578115876917,diana,0.8645542524981735,alice,0.7770055679708994,0.08754868452727416,diana,diana,diana,2,1,1,0,0,16.494200108434665,10.245000326092994,4.144482479294991,30.88368291382265
Daylight_Far_20260114_211200_T12,1736910002.44,61,Daylight,Far,4,4,1280,720,24.391482672431597,1,1,chen,2,1,0.6107972404854085,421.85579807407436,232.7428684153278,545.0404756604631,391.58143111374596,19566.477134290042,chen,0.8700191743637826,bob,0.7806337816039636,0.08938539275981905,chen,chen,chen,2,1,1,0,0,16.494200108434665,10.245000326092994,4.144482479294991,30.88368291382265
Daylight_Far_20260114_211200_T12,1736910002.44,61,Daylight,Far,4,4,1280,720,24.391482672431597,1,2,alice,-1,0,-1.0,-1.0,-1.0,-1.0,-1.0,0.0,unknown,-1.0,unknown,-1.0,-1.0,unknown,unknown,unknown,0,0,0,0,1,16.494200108434665,10.245000326092994,4.144482479294991,30.88368291382265
Daylight_Far_20260114_211200_T12,1736910002.44,61,Daylight,Far,4,4,1280,720,24.391482672431597,1,3,bob,-1,0,-1.0,-1.0,-1.0,-1.0,-1.0,0.0,unknown,-1.0,unknown,-1.0,-1.0,unknown,unknown,unknown,0,0,0,0,1,16.494200108434665,10.245000326092994,4.144482479294991,30.88368291382265
Daylight_Far_20260114_211200_T12,1736910002.48,62,Daylight,Far,4,4,1280,720,24.07826585546223,1,0,diana,1,1,0.6690183212280412,108.93714422090308,241.61248565196718,232.93890178461038,383.1246438422729,17547.75633223129,diana,0.8947645097199509,bob,0.8278393380116604,0.06692517170829049,diana,diana,diana,2,1,1,0,0,13.320184283912738,7.926210971403288,3.584724514226627,24.831119769542653
Daylight_Far_20260114_211200_T12,1736910002.48,62,Daylight,Far,4,4,1280,720,24.07826585546223,1,1,chen,2,1,0.7260447862460061,426.33964779568066,194.15586034282268,527.5019104799529,374.6251753236989,18256.684248546073,chen,0.8144302352658003,diana,0.6809705766219478,0.13345965864385245,chen,chen,chen,3,1,1,0,0,13.320184283912738,7.926210971403288,3.584724514226627,24.831119769542653
Daylight_Far_20260114_211200_T12,1736910002.48,62,Daylight,Far,4,4,1280,720,24.07826585546223,1,2,alice,3,1,0.7620621092193651,775.2331970390592,239.43360837292022,856.8324145773374,405.0892337857736,13517.36941450296,alice,0.8510741224388528,chen,0.7003100358003622,0.1507640866384906,alice,alice,alice,3,1,1,0,0,13.320184283912738,7.926210971403288,3.584724514226627,24.831119769542653
Daylight_Far_20260114_211200_T12,1736910002.48,62,Daylight,Far,4,4,1280,720,24.07826585546223,1,3,bob,4,1,0.7187504425654315,1048.1010526472664,270.61025076248507,1157.8631301730593,447.71745804586374,19439.655016214874,bob,0.7891038302929076,alice,0.7106280173765317,0.07847581291637595,bob,bob,bob,1,1,1,0,0,13.320184283912738,7.926210971403288,3.584724514226627,24.831119769542653
Daylight_Far_20260114_211200_T12,1736910002.52,63,Daylight,Far,4,4,1280,720,25.214400950150278,1,0,diana,-1,0,-1.0,-1.0,-1.0,-1.0,-1.0,0.0,unknown,-1.0,unknown,-1.0,-1.0,unknown,unknown,unknown,0,0,0,0,1,13.662638083748194,12.027455212300843,8.075412022418796,33.76550531846783
Daylight_Far_20260114_211200_T12,1736910002.52,63,Daylight,Far,4,4,1280,720,25.214400950150278,1,1,chen,2,1,0.9729883020401325,387.1419757083627,216.72892982379443,506.28765252569815,403.0836816530336,22203.363034821283,chen,0.8429864184876731,bob,0.7488452553817203,0.09414116310595277,chen,chen,chen,2,1,1,0,0,13.662638083748194,12.027455212300843,8.075412022418796,33.76550531846783
Daylight_Far_20260114_211200_T12,1736910002.52,63,Daylight,Far,4,4,1280,720,25.214400950150278,1,2,alice,-1,0,-1.0,-1.0,-1.0,-1.0,-1.0,0.0,unknown,-1.0,unknown,-1.0,-1.0,unknown,unknown,unknown,0,0,0,0,1,13.662638083748194,12.027455212300843,8.075412022418796,33.76550531846783
Daylight_Far_20260114_211200_T12,1736910002.52,63,Daylight,Far,4,4,1280,720,25.214400950150278,1,3,bob,4,1,0.7999260096932578,1047.8943068058616,237.6952261286002,1148.824136149448,451.3418436700913,21563.316648297154,bob,0.8548563996963802,diana,0.7205429827216194,0.13431341697476074,bob,bob,bob,3,1,1,0,0,13.662638083748194,12.027455212300843,8.075412022418796,33.76550531846783
Daylight_Far_20260114_211200_T12,1736910002.56,64,Daylight,Far,4,4,1280,720,22.70729989546045,2,0,diana,-1,0,-1.0,-1.0,-1.0,-1.0,-1.0,0.0,unknown,-1.0,unknown,-1.0,-1.0,unknown,unknown,unknown,0,0,0,0,1,14.793947821101783,8.772635540379538,8.618896535445275,32.185479896926594
Daylight_Far_20260114_211200_T12,1736910002.56,64,Daylight,Far,4,4,1280,720,22.70729989546045,2,1,chen,2,1,0.8126763873079316,433.2816572158459,236.06146403066728,516.5709313098336,409.39319741714826,14436.674251212607,chen,0.8369724097302724,alice,0.7622072495700543,0.07476516016021817,chen,chen,chen,1,1,1,0,0,14.793947821101783,8.772635540379538,8.618896535445275,32.185479896926594
Daylight_Far_20260114_211200_T12,1736910002.56,64,Daylight,Far,4,4,1280,720,22.70729989546045,2,2,alice,3,1,0.7183655604493646,779.0840146871409,304.29894648151304,879.9391818664091,474.8208170219527,17198.011761077563,alice,0.8541427820204894,diana,0.7022513156975813,0.15189146632290818,alice,alice,alice,2,1,1,0,0,14.793947821101783,8.772635540379538,8.618896535445275,32.185479896926594
Daylight_Far_20260114_211200_T12,1736910002.56,64,Daylight,Far,4,4,1280,720,22.70729989546045,2,3,bob,4,1,0.6738971774041959,1060.1020926959104,348.3270027309203,1174.284549802724,531.3580490735383,20898.9345982312,bob,0.9016533531528157,alice,0.8082054084737011,0.09344794467911455,bob,bob,bob,2,1,1,0,0,14.793947821101783,8.772635540379538,8.618896535445275,32.185479896926594
Daylight_Far_20260114_211200_T12,1736910002.6,65,Daylight,Far,4,4,1280,720,22.052082478619635,2,0,diana,-1,0,-1.0,-1.0,-1.0,-1.0,-1.0,0.0,unknown,-1.0,unknown,-1.0,-1.0,unknown,unknown,unknown,0,0,0,0,1,10.135719972306505,7.906160760539488,9.2580892168864,27.299969949732393
Daylight_Far_20260114_211200_T12,1736910002.6,65,Daylight,Far,4,4,1280,720,22.052082478619635,2,1,chen,2,1,0.6814262154292561,434.06991242481666,184.52301579618972,546.0077857364234,345.229386293621,17989.129341109605,chen,0.902214191745191,bob,0.7730747546144066,0.12913943713078446,chen,chen,chen,2,1,1,0,0,10.135719972306505,7.906160760539488,9.2580892168864,27.299969949732393
Daylight_Far_20260114_211200_T12,1736910002.6,65,Daylight,Far,4,4,1280,720,22.052082478619635,2,2,alice,3,1,0.8463234566686765,739.8726239765266,338.38242219289737,841.1695107141671,512.0918892007155,17596.22820474686,diana,0.6259534505170324,alice,0.5986293579460915,0.027324092570940928,unknown,unknown,unknown,0,0,0,0,0,10.135719972306505,7.906160760539488,9.2580892168864,27.299969949732393
Daylight_Far_20260114_211200_T12,1736910002.6,65,Daylight,Far,4,4,1280,720,22.052082478619635,2,3,bob,4,1,0.6790009676802466,1052.6131058066703,259.4513925239148,1153.450165562664,413.2001628122888,15503.573936979326,bob,0.8856612365505536,alice,0.7836333728997026,0.10202786365085104,bob,bob,bob,3,1,1,0,0,10.135719972306505,7.906160760539488,9.2580892168864,27.299969949732393
Daylight_Far_20260114_211200_T12,1736910002.64,66,Daylight,Far,4,4,1280,720,24.41437838202481,0,0,diana,1,1,0.7708593919158152,141.3201540940839,310.9046901903397,250.73460759197482,444.8823268806559,14659.089899409928,chen,0.686313447157109,bob,0.6499473180192542,0.03636612913785475,unknown,unknown,unknown,0,0,0,0,0,23.773959643707432,18.13584738824184,10.29903220981545,52.20883924176472
Daylight_Far_20260114_211200_T12,1736910002.64,66,Daylight,Far,4,4,1280,720,24.41437838202481,0,1,chen,2,1,0.8643549787249186,424.9528580576024,225.22206740611225,531.6281263100273,417.3014178674696,20490.11623621682,chen,0.8658578391867195,diana,0.768987973065073,0.0968698661216465,chen,chen,chen,2,1,1,0,0,23.773959643707432,18.13584738824184,10.29903220981545,52.20883924176472
Daylight_Far_20260114_211200_T12,1736910002.64,66,Daylight,Far,4,4,1280,720,24.41437838202481,0,2,alice,3,1,0.6520859596011771,753.966267618498,238.6975186351014,881.5867950976769,423.2715827207475,23555.43941758593,alice,0.8582573723639948,chen,0.7102579496165582,0.1479994227474366,alice,alice,alice,2,1,1,0,0,23.773959643707432,18.13584738824184,10.29903220981545,52.20883924176472
Daylight_Far_20260114_211200_T12,1736910002.64,66,Daylight,Far,4,4,1280,720,24.41437838202481,0,3,bob,4,1,0.7344309767066602,1064.647737015244,252.0466398620879,1184.785540885988,387.9999591111982,16333.133203526255,bob,0.8405221261778715,alice,0.7714119560156631,0.06911017016220833,bob,bob,bob,3,1,1,0,0,23.773959643707432,18.13584738824184,10.29903220981545,52.20883924176472
Daylight_Far_20260114_211200_T12,1736910002.68,67,Daylight,Far,4,4,1280,720,26.031893249825053,0,0,diana,1,1,0.751410220820819,94.01826767423562,199.10064637981165,219.03164536906905,387.10126280808754,23502.59206840956,diana,0.8874056862977442,chen,0.7951585256541928,0.09224716064355143,diana,diana,diana,3,1,1,0,0,16.288281826933954,11.486424097263164,9.07583228508732,36.85053820928444
Daylight_Far_20260114_211200_T12,1736910002.68,67,Daylight,Far,4,4,1280,720,26.031893249825053,0,1,chen,2,1,0.7609841028662968,401.6647802285109,220.148807931737,506.69919622828496,379.5404196528639,16741.604852391305,chen,0.8705695183462164,alice,0.702511481740602,0.16805803660561447,chen,chen,chen,2,1,1,0,0,16.288281826933954,11.486424097263164,9.07583228508732,36.85053820928444
Daylight_Far_20260114_211200_T12,1736910002.68,67,Daylight,Far,4,4,1280,720,26.031893249825053,0,2,alice,3,1,0.7036046180383251,750.8292232505507,257.6189289022938,869.5689803305454,399.79168359461033,16881.558355559333,alice,0.7589963160038576,diana,0.6330018458968256,0.12599447010703202,alice,alice,alice,1,1,1,0,0,16.288281826933954,11.486424097263164,9.07583228508732,36.85053820928444
Daylight_Far_20260114_211200_T12,1736910002.68,67,Daylight,Far,4,4,1280,720,26.031893249825053,0,3,bob,4,1,0.7195503174902472,1073.767879934071,154.94433893803063,1190.6154262047762,331.2905486090023,20605.621894192336,bob,0.8662885383593554,diana,0.7488714203372362,0.11741711802211918,bob,bob,bob,2,1,1,0,0,16.288281826933954,11.486424097263164,9.07583228508732,36.85053820928444
Daylight_Far_20260114_211200_T12,1736910002.72,68,Daylight,Far,4,4,1280,720,26.191239417984413,2,0,diana,1,1,0.7238491253963271,83.82490037615779,239.65962294408152,199.1319372977368,412.42167623286196,19920.680457217208,diana,0.8845921769463442,alice,0.7216981546409142,0.16289402230542993,diana,diana,diana,2,1,1,0,0,20.52743910391627,9.31383694909379,11.545008660843042,41.3862847138531
Daylight_Far_20260114_211200_T12,1736910002.72,68,Daylight,Far,4,4,1280,720,26.191239417984413,2,1,chen,2,1,0.9446226655065904,429.56861479115554,256.3163960836843,526.4354682327203,437.97025681198573,17596.237904262784,chen,0.7835025603074203,alice,0.6449971672699858,0.13850539303743448,chen,chen,chen,2,1,1,0,0,20.52743910391627,9.31383694909379,11.545008660843042,41.3862847138531
Daylight_Far_20260114_211200_T12,1736910002.72,68,Daylight,Far,4,4,1280,720,26.191239417984413,2,2,alice,3,1,0.7367251139512396,753.4369436339991,231.42742138461693,853.5923336399546,423.0748900672606,19194.52696956432,alice,0.8500676750100764,bob,0.6860067824784349,0.16406089253164147,alice,alice,alice,1,1,1,0,0,20.52743910391627,9.31383694909379,11.545008660843042,41.3862847138531
Daylight_Far_20260114_211200_T12,1736910002.72,68,Daylight,Far,4,4,1280,720,26.191239417984413,2,3,bob,4,1,0.5545239971444049,1068.16501610439,174.19181222907815,1150.4732300866808,321.25033091126073,12104.124023611808,bob,0.8340901133526809,alice,0.7660993501169259,0.06799076323575504,bob,bob,bob,1,1,1,0,0,20.52743910391627,9.31383694909379,11.545008660843042,41.3862847138531
Daylight_Far_20260114_211200_T12,1736910002.76,69,Daylight,Far,4,4,1280,720,25.425973668629542,1,0,diana,1,1,0.7847126942044561,95.92720002426775,257.70549386821466,223.598655302248,442.71988883891044,23621.057053283763,alice,0.7435237638695755,bob,0.6804059169864781,0.0631178468830974,unknown,unknown,unknown,0,0,0,0,0,16.815523259411304,9.850757917119871,8.179817954855071,34.84609913138625
Daylight_Far_20260114_211200_T12,1736910002.76,69,Daylight,Far,4,4,1280,720,25.425973668629542,1,1,chen,2,1,0.9760494522383701,444.55449200312194,232.10767601904132,566.2722239775113,419.80696467391095,22846.331708276968,chen,0.9053414610980426,bob,0.733013556626842,0.1723279044712006,chen,chen,chen,2,1,1,0,0,16.815523259411304,9.850757917119871,8.179817954855071,34.84609913138625
Daylight_Far_20260114_211200_T12,1736910002.76,69,Daylight,Far,4,4,1280,720,25.425973668629542,1,2,alice,3,1,0.7439050620291147,784.5639725685751,285.4673227613389,888.1677218633765,455.1189283012899,17576.54240782163,alice,0.8744031726215808,diana,0.7706860886035375,0.10371708401804336,alice,alice,alice,2,1,1,0,0,16.815523259411304,9.850757917119871,8.179817954855071,34.84609913138625
Daylight_Far_20260114_211200_T12,1736910002.76,69,Daylight,Far,4,4,1280,720,25.425973668629542,1,3,bob,4,1,0.8270589551986506,1073.4163854074845,282.38063802372574,1178.8205241006908,417.76600797109063,14270.17831096309,bob,0.8795169280233109,alice,0.8059063033589673,0.07361062466434365,bob,bob,bob,2,1,1,0,0,16.815523259411304,9.850757917119871,8.179817954855071,34.84609913138625
Daylight_Far_20260114_211200_T12,1736910002.8,70,Daylight,Far,4,4,1280,720,24.92844461481081,3,0,diana,1,1,0.8298715543538571,110.12682428195873,202.640020912891,198.4306771866002,373.7240727372392,15107.380946627305,diana,0.8501600423358339,bob,0.7302543946671521,0.11990564766868173,diana,diana,diana,2,1,1,0,0,19.74602532852119,12.743058372335224,5.432620715251467,37.92170441610788
Daylight_Far_20260114_211200_T12,1736910002.8,70,Daylight,Far,4,4,1280,720,24.92844461481081,3,1,chen,2,1,0.8166306913130681,438.69659896566213,176.43277823327108,559.0756649330175,334.38545548198215,19014.19575424298,chen,0.8617970673970754,diana,0.7509425401356302,0.11085452726144518,chen,chen,chen,1,1,1,0,0,19.74602532852119,12.743058372335224,5.432620715251467,37.92170441610788
Daylight_Far_20260114_211200_T12,1736910002.8,70,Daylight,Far,4,4,1280,720,24.92844461481081,3,2,alice,-1,0,-1.0,-1.0,-1.0,-1.0,-1.0,0.0,unknown,-1.0,unknown,-1.0,-1.0,unknown,unknown,unknown,0,0,0,0,1,19.74602532852119,12.743058372335224,5.432620715251467,37.92170441610788
Daylight_Far_20260114_211200_T12,1736910002.8,70,Daylight,Far,4,4,1280,720,24.92844461481081,3,3,bob,4,1,0.8654000445911464,1066.8457623393144,197.1679753744158,1154.2012633434354,345.7445467893901,12978.980833429632,bob,0.8451545291101296,chen,0.6736115327556607,0.1715429963544689,bob,bob,bob,2,1,1,0,0,19.74602532852119,12.743058372335224,5.432620715251467,37.92170441610788
Daylight_Far_20260114_211200_T12,1736910002.84,71,Daylight,Far,4,4,1280,720,24.6447585529851,1,0,diana,1,1,0.7331040625146324,98.2043763885774,250.73665605758262,189.34676763535074,383.5201797213432,12102.207864887652,diana,0.8746733370949162,chen,0.7184925220798417,0.15618081501507453,diana,diana,diana,1,1,1,0,0,23.757421138299424,12.07201877139611,8.41495851701141,44.244398426706944
Daylight_Far_20260114_211200_T12,1736910002.84,71,Daylight,Far,4,4,1280,720,24.6447585529851,1,1,chen,2,1,0.8732269661824233,461.71275420152415,217.5502810794448,546.1745603907541,412.09830297333684,16431.877319699975,chen,0.8781438655314905,diana,0.7435227031065458,0.1346211624249447,chen,chen,chen,2,1,1,0,0,23.757421138299424,12.07201877139611,8.41495851701141,44.244398426706944
Daylight_Far_20260114_211200_T12,1736910002.84,71,Daylight,Far,4,4,1280,720,24.6447585529851,1,2,alice,3,1,0.7137297500764518,714.9706676258886,288.2018933714571,835.1067284465928,464.20515508425797,21144.33855377136,alice,0.8257877663088798,chen,0.6623614168577607,0.1634263494511191,alice,alice,alice,2,1,1,0,0,23.757421138299424,12.07201877139611,8.41495851701141,44.244398426706944
Daylight_Far_20260114_211200_T12,1736910002.84,71,Daylight,Far,4,4,1280,720,24.6447585529851,1,3,bob,4,1,0.7823992975585581,1031.3329512935434,210.77671580604851,1158.971959485813,421.5892846226204,26907.90719821181,bob,0.99,diana,0.876770403112742,0.11322959688725798,bob,bob,bob,1,1,1,0,0,23.757421138299424,12.07201877139611,8.41495851701141,44.244398426706944
Daylight_Far_20260114_211200_T12,1736910002.88,72,Daylight,Far,4,4,1280,720,25.584472096376402,2,0,diana,1,1,0.7697611501470772,119.43784233556524,329.962326656263,201.1831944975214,495.75338130358483,13552.648147447446,diana,0.914307351455404,bob,0.7985450583866203,0.11576229306878372,diana,diana,diana,2,1,1,0,0,10.783717682282314,5.842752565769242,7.5389530816557535,24.16542332970731
Daylight_Far_20260114_211200_T12,1736910002.88,72,Daylight,Far,4,4,1280,720,25.584472096376402,2,1,chen,2,1,0.9174812309382737,410.86232908070554,222.43637210461594,521.8154878555521,363.49894231866284,15651.337750147084,chen,0.8073381900617569,diana,0.6881255586757686,0.11921263138598825,chen,chen,chen,2,1,1,0,0,10.783717682282314,5.842752565769242,7.5389530816557535,24.16542332970731
Daylight_Far_20260114_211200_T12,1736910002.88,72,Daylight,Far,4,4,1280,720,25.584472096376402,2,2,alice,3,1,0.827970552517366,730.6155748472399,295.10422653398524,832.6631700837754,503.89087689413685,21306.175586744805,alice,0.8878000110900299,chen,0.7564501937606982,0.1313498173293317,alice,alice,alice,2,1,1,0,0,10.783717682282314,5.842752565769242,7.5389530816557535,24.16542332970731
Daylight_Far_20260114_211200_T12,1736910002.88,72,Daylight,Far,4,4,1280,720,25.584472096376402,2,3,bob,-1,0,-1.0,-1.0,-1.0,-1.0,-1.0,0.0,unknown,-1.0,unknown,-1.0,-1.0,unknown,unknown,unknown,0,0,0,0,1,10.783717682282314,5.842752565769242,7.5389530816557535,24.16542332970731
Daylight_Far_20260114_211200_T12,1736910002.92,73,Daylight,Far,4,4,1280,720,24.880676987599504,1,0,diana,1,1,0.7304676054184964,76.93196587067618,276.79883294296206,170.4124080128956,424.75331251067695,13830.850166911958,diana,0.8392560270561882,bob,0.7347675301585397,0.1044884968976485,diana,diana,diana,2,1,1,0,0,11.160114188798266,8.389620220196978,11.111194817591969,30.66092922658721
Daylight_Far_20260114_211200_T12,1736910002.92,73,Daylight,Far,4,4,1280,720,24.880676987599504,1,1,chen,2,1,0.7933048272617176,447.2916460431631,282.6057503490494,534.478141201039,467.09360357126906,16084.849321645968,chen,0.8393814037519698,diana,0.7546249317654233,0.08475647198654646,chen,chen,chen,2,1,1,0,0,11.160114188798266,8.389620220196978,11.111194817591969,30.66092922658721
Daylight_Far_20260114_211200_T12,1736910002.92,73,Daylight,Far,4,4,1280,720,24.880676987599504,1,2,alice,3,1,0.8531798875142588,754.6827964991152,323.44828969236494,850.7777385507289,460.6136635479089,13180.898652136437,alice,0.92856538100225,bob,0.7994278330810021,0.12913754792124787,alice,alice,alice,3,1,1,0,0,11.160114188798266,8.389620220196978,11.111194817591969,30.66092922658721
Daylight_Far_20260114_211200_T12,1736910002.92,73,Daylight,Far,4,4,1280,720,24.880676987599504,1,3,bob,4,1,0.8048973485449952,1066.954265807408,284.4524568933259,1162.4206310318984,498.68427787860344,20451.93326488814,bob,0.7946956413058881,chen,0.7124621413958608,0.08223349991002726,bob,bob,bob,2,1,1,0,0,11.160114188798266,8.389620220196978,11.111194817591969,30.66092922658721
Daylight_Far_20260114_211200_T12,1736910002.96,74,Daylight,Far,4,4,1280,720,25.608927626445187,2,0,diana,1,1,0.8057822283557754,124.02584234945014,275.205279673842,243.00520444567218,482.1071856913825,24617.056794459448,diana,0.9127302452909385,alice,0.7933830329111308,0.11934721237980772,diana,diana,diana,2,1,1,0,0,11.900007912464734,6.231603508270259,12.091787070658507,30.2233984913935
Daylight_Far_20260114_211200_T12,1736910002.96,74,Daylight,Far,4,4,1280,720,25.608927626445187,2,1,chen,2,1,0.764038977849982,427.3444620718956,215.10336530404138,528.9309058956502,402.43428213370476,19030.28165896905,bob,0.7258773953110597,chen,0.6393336649272596,0.08654373038380003,bob,bob,bob,1,0,0,1,0,11.900007912464734,6.231603508270259,12.091787070658507,30.2233984913935
Daylight_Far_20260114_211200_T12,1736910002.96,74,Daylight,Far,4,4,1280,720,25.608927626445187,2,2,alice,3,1,0.7829906995621431,738.8563916937978,163.10083407591844,855.3861605692796,319.01782808072267,18168.97127513971,alice,0.7994822091974414,diana,0.7455787411091087,0.053903468088332684,unknown,unknown,unknown,0,0,0,0,0,11.900007912464734,6.231603508270259,12.091787070658507,30.2233984913935
Daylight_Far_20260114_211200_T12,1736910002.96,74,Daylight,Far,4,4,1280,720,25.608927626445187,2,3,bob,4,1,0.8673141227213318,1058.4798768704209,263.80938718930935,1184.8712328807183,464.7416027329064,25396.095188708587,chen,0.7755823225918709,bob,0.7502986206329048,0.02528370195896612,chen,chen,chen,2,0,0,1,0,11.900007912464734,6.231603508270259,12.091787070658507,30.2233984913935
Daylight_Far_20260114_211200_T12,1736910003.0,75,Daylight,Far,4,4,1280,720,28.982020064188774,1,0,diana,1,1,0.723318186009714,104.50443780681837,111.85727990121018,195.85357669071016,299.905361103518,17178.030286598976,diana,0.8623937647029735,chen,0.788402811778153,0.0739909529248205,diana,diana,diana,2,1,1,0,0,16.852787007338282,8.795608800897645,11.321358672754995,36.96975448099092
Daylight_Far_20260114_211200_T12,1736910003.0,75,Daylight,Far,4,4,1280,720,28.982020064188774,1,1,chen,2,1,0.7778342710680263,433.9014431891519,265.54217031912447,526.6032497881658,414.6690772941398,13824.333689107014,chen,0.8668702734291838,alice,0.7440556260444132,0.12281464738477055,chen,chen,chen,2,1,1,0,0,16.852787007338282,8.795608800897645,11.321358672754995,36.96975448099092
Daylight_Far_20260114_211200_T12,1736910003.0,75,Daylight,Far,4,4,1280,720,28.982020064188774,1,2,alice,3,1,0.8112394212482448,751.1235459721037,127.22641688168973,836.4062694454141,264.0972654610772,11672.718730953242,alice,0.8724722042567589,chen,0.7158967183668875,0.15657548588987136,alice,alice,alice,2,1,1,0,0,16.852787007338282,8.795608800897645,11.321358672754995,36.96975448099092
Daylight_Far_20260114_211200_T12,1736910003.0,75,Daylight,Far,4,4,1280,720,28.982020064188774,1,3,bob,4,1,0.8061778795201673,1059.6932629904443,157.60264745153518,1151.8964104870013,344.1899022446491,17203.932174667145,bob,0.901353097705091,chen,0.763850384948322,0.13750271275676895,bob,bob,bob,2,1,1,0,0,16.852787007338282,8.795608800897645,11.321358672754995,36.96975448099092
Daylight_Far_20260114_211200_T12,1736910003.04,76,Daylight,Far,4,4,1280,720,25.978647677719678,0,0,diana,1,1,0.7970432964500359,99.12379433015846,215.86254857329635,189.86823284405003,352.2184133384806,12373.536386192776,diana,0.8896345731130083,bob,0.791547392930311,0.09808718018269735,diana,diana,diana,1,1,1,0,0,12.757079151039736,8.570600248864157,9.210682955572778,30.53836235547667
Daylight_Far_20260114_211200_T12,1736910003.04,76,Daylight,Far,4,4,1280,720,25.978647677719678,0,1,chen,2,1,0.6327987974237239,450.6252755604342,210.24850352591204,565.1123340796614,376.014718824459,18978.086391395565,chen,0.8464704839524801,bob,0.6980198927109416,0.1484505912415386,chen,chen,chen,2,1,1,0,0,12.757079151039736,8.570600248864157,9.210682955572778,30.53836235547667
Daylight_Far_20260114_211200_T12,1736910003.04,76,Daylight,Far,4,4,1280,720,25.978647677719678,0,2,alice,-1,0,-1.0,-1.0,-1.0,-1.0,-1.0,0.0,unknown,-1.0,unknown,-1.0,-1.0,unknown,unknown,unknown,0,0,0,0,1,12.757079151039736,8.570600248864157,9.210682955572778,30.53836235547667
Daylight_Far_20260114_211200_T12,1736910003.04,76,Daylight,Far,4,4,1280,720,25.978647677719678,0,3,bob,4,1,0.7213299500994863,1042.4765209978552,180.68106578009014,1168.2663747220083,336.6693692391635,19621.745874795637,bob,0.7955737006372168,alice,0.6409404999575415,0.15463320067967523,bob,bob,bob,2,1,1,0,0,12.757079151039736,8.570600248864157,9.210682955572778,30.53836235547667
Daylight_Far_20260114_211200_T12,1736910003.08,77,Daylight,Far,4,4,1280,720,26.955264502154378,0,0,diana,1,1,0.8167797405947169,126.84585123172607,229.23552704624404,231.67123297172694,397.5879878916823,17647.610974991614,diana,0.8055608452110478,chen,0.6542751788685096,0.15128566634253815,diana,diana,diana,1,1,1,0,0,20.97847280188136,9.572614514707276,15.342024588981438,45.89311190557007
Daylight_Far_20260114_211200_T12,1736910003.08,77,Daylight,Far,4,4,1280,720,26.955264502154378,0,1,chen,2,1,0.6289952939214942,436.3174034795076,188.31473898761902,552.6829712791684,348.11942244970584,18595.7627281108,chen,0.78892927697617,alice,0.6250236493146234,0.1639056276615466,chen,chen,chen,3,1,1,0,0,20.97847280188136,9.572614514707276,15.342024588981438,45.89311190557007
Daylight_Far_20260114_211200_T12,1736910003.08,77,Daylight,Far,4,4,1280,720,26.955264502154378,0,2,alice,-1,0,-1.0,-1.0,-1.0,-1.0,-1.0,0.0,unknown,-1.0,unknown,-1.0,-1.0,unknown,unknown,unknown,0,0,0,0,1,20.97847280188136,9.572614514707276,15.342024588981438,45.89311190557007
Daylight_Far_20260114_211200_T12,1736910003.08,77,Daylight,Far,4,4,1280,720,26.955264502154378,0,3,bob,4,1,0.6855287598806299,1099.8719122641571,252.90925663360395,1215.1316284479387,426.18300115313866,19971.482615422658,bob,0.8964720467540543,alice,0.7784449066409275,0.11802714011312687,bob,bob,bob,1,1,1,0,0,20.97847280188136,9.572614514707276,15.342024588981438,45.89311190557007
Daylight_Far_20260114_211200_T12,1736910003.12,78,Daylight,Far,4,4,1280,720,21.19151595267423,3,0,diana,1,1,0.750052181320529,118.99129975761474,185.3659718917375,219.10279754454717,396.75638208199695,21162.6105819409,diana,0.9379478630592246,alice,0.8299856117803851,0.10796225127883952,diana,diana,diana,1,1,1,0,0,10.674783577806187,9.556518498134395,9.333405155262348,29.56470723120293
Daylight_Far_20260114_211200_T12,1736910003.12,78,Daylight,Far,4,4,1280,720,21.19151595267423,3,1,chen,2,1,0.708163358875548,394.6507164330041,145.95022377159023,521.4676054034094,331.78492167993863,23566.978251491826,chen,0.7911900020365944,diana,0.7184492317169768,0.07274077031961756,unknown,unknown,unknown,0,0,0,0,0,10.674783577806187,9.556518498134395,9.333405155262348,29.56470723120293
Daylight_Far_20260114_211200_T12,1736910003.12,78,Daylight,Far,4,4,1280,720,21.19151595267423,3,2,alice,3,1,0.8241741813746407,741.19916514182,209.17776690487244,835.3280174580673,400.4798686847123,18007.047286222252,alice,0.826896166977631,bob,0.6660741103139578,0.16082205666367322,alice,alice,alice,2,1,1,0,0,10.674783577806187,9.556518498134395,9.333405155262348,29.56470723120293
Daylight_Far_20260114_211200_T12,1736910003.12,78,Daylight,Far,4,4,1280,720,21.19151595267423,3,3,bob,4,1,0.7736524193320677,1034.335286333797,216.94165183432682,1146.9946696430009,371.81275292205345,17447.682740960645,bob,0.8643420421306763,chen,0.704463064650284,0.15987897748039237,bob,bob,bob,2,1,1,0,0,10.674783577806187,9.556518498134395,9.333405155262348,29.56470723120293
Daylight_Far_20260114_211200_T12,1736910003.16,79,Daylight,Far,4,4,1280,720,25.34635259559344,1,0,diana,-1,0,-1.0,-1.0,-1.0,-1.0,-1.0,0.0,unknown,-1.0,unknown,-1.0,-1.0,unknown,unknown,unknown,0,0,0,0,1,34.295858835632465,21.154200896366582,17.881979470207696,73.33203920220674
Daylight_Far_20260114_211200_T12,1736910003.16,79,Daylight,Far,4,4,1280,720,25.34635259559344,1,1,chen,2,1,0.8490979851818639,444.09547626973074,175.89597837085677,527.5382584809638,348.02546185760735,14362.963002716968,chen,0.9480410973650222,bob,0.837759882458772,0.1102812149062502,chen,chen,chen,2,1,1,0,0,34.295858835632465,21.154200896366582,17.881979470207696,73.33203920220674
Daylight_Far_20260114_211200_T12,1736910003.16,79,Daylight,Far,4,4,1280,720,25.34635259559344,1,2,alice,3,1,0.8589473810259728,729.1992475474351,211.54492235477235,848.8251836280185,403.1730796008869,22923.69768996369,alice,0.9326194262666953,diana,0.8526068492132816,0.08001257705341369,alice,alice,alice,2,1,1,0,0,34.295858835632465,21.154200896366582,17.881979470207696,73.33203920220674
Daylight_Far_20260114_211200_T12,1736910003.16,79,Daylight,Far,4,4,1280,720,25.34635259559344,1,3,bob,4,1,0.8918361497436166,1068.9112779443171,150.04273891783737,1153.592532365833,363.94688167349375,18113.671134507986,bob,0.8469382881018441,chen,0.7786730653828837,0.0682652227189604,bob,bob,bob,3,1,1,0,0,34.295858835632465,21.154200896366582,17.881979470207696,73.33203920220674
Daylight_Far_20260114_211200_T12,1736910003.2,80,Daylight,Far,4,4,1280,720,28.26722968966753,1,0,diana,1,1,0.7687652034041165,120.004581102294,226.27316369266538,222.62010362321374,423.53022845926813,20241.63677196785,diana,0.8539709526563928,bob,0.7921411030784097,0.0618298495779831,diana,diana,diana,2,1,1,0,0,13.828671937464856,7.754588672032922,8.524606829534749,30.10786743903253
Daylight_Far_20260114_211200_T12,1736910003.2,80,Daylight,Far,4,4,1280,720,28.26722968966753,1,1,chen,2,1,0.755567509856413,432.86146549587886,354.29513870949813,544.9384939174564,527.9365858351462,19461.21740466511,chen,0.8271739689394673,bob,0.7158784211804091,0.11129554775905814,chen,chen,chen,1,1,1,0,0,13.828671937464856,7.754588672032922,8.524606829534749,30.10786743903253
Daylight_Far_20260114_211200_T12,1736910003.2,80,Daylight,Far,4,4,1280,720,28.26722968966753,1,2,alice,3,1,0.7308594225084653,752.0001012485169,321.30810132009356,837.1519542678842,488.59368908534077,14244.677781644801,alice,0.8854277268504711,chen,0.7938213058283309,0.09160642102214023,alice,alice,alice,3,1,1,0,0,13.828671937464856,7.754588672032922,8.524606829534749,30.10786743903253
Daylight_Far_20260114_211200_T12,1736910003.2,80,Daylight,Far,4,4,1280,720,28.26722968966753,1,3,bob,4,1,0.7027139692454625,1034.5170547948437,303.02833989223075,1147.2328637197797,456.3141844153637,17277.737962166902,bob,0.775945562256169,chen,0.6980163870158713,0.07792917524029763,bob,bob,bob,2,1,1,0,0,13.828671937464856,7.754588672032922,8.524606829534749,30.10786743903253
Daylight_Far_20260114_211200_T12,1736910003.24,81,Daylight,Far,4,4,1280,720,29.194513081056453,0,0,diana,1,1,0.8051439649686882,120.175655490401,225.54027194136572,213.80772492755378,403.4594025224469,16658.936388765647,chen,0.6604223524744998,alice,0.6237202490454062,0.036702103429093524,unknown,unknown,unknown,0,0,0,0,0,13.770524262214401,12.369463114310388,6.610914058415236,32.750901434940026
Daylight_Far_20260114_211200_T12,1736910003.24,81,Daylight,Far,4,4,1280,720,29.194513081056453,0,1,chen,2,1,0.6619087321404121,457.2921840334544,272.922403511843,540.2985983666698,431.7275860304582,13181.848778402067,chen,0.8926066735063796,alice,0.7365692610580001,0.15603741244837943,chen,chen,chen,2,1,1,0,0,13.770524262214401,12.369463114310388,6.610914058415236,32.750901434940026
Daylight_Far_20260114_211200_T12,1736910003.24,81,Daylight,Far,4,4,1280,720,29.194513081056453,0,2,alice,3,1,0.6299847469759041,744.7789898358769,296.0112091973856,834.7781058856915,482.86986276048185,16817.113646937196,alice,0.7279113892083816,chen,0.6860798764713689,0.04183151273701269,unknown,unknown,unknown,0,0,0,0,0,13.770524262214401,12.369463114310388,6.610914058415236,32.750901434940026
Daylight_Far_20260114_211200_T12,1736910003.24,81,Daylight,Far,4,4,1280,720,29.194513081056453,0,3,bob,4,1,0.6079924699228476,1065.3148390683623,251.81572131635858,1170.9321957326038,383.2009926933125,13876.5650674479,bob,0.7680565963887603,chen,0.6130996318260344,0.1549569645627259,bob,bob,bob,2,1,1,0,0,13.770524262214401,12.369463114310388,6.610914058415236,32.750901434940026
Daylight_Far_20260114_211200_T12,1736910003.28,82,Daylight,Far,4,4,1280,720,25.94953583536625,1,0,diana,1,1,0.7026466558049602,81.1279728762535,276.795389751589,197.81469916711742,407.88311772657164,15296.197834308023,diana,0.8660735767873932,chen,0.752084757564038,0.11398881922335513,diana,diana,diana,2,1,1,0,0,18.20774878943063,11.007531789569025,4.573567861118473,33.78884844011813
Daylight_Far_20260114_211200_T12,1736910003.28,82,Daylight,Far,4,4,1280,720,25.94953583536625,1,1,chen,2,1,0.7323362174270047,419.71030264427657,221.77031207362526,507.7686833761676,399.88352956076983,15684.361518865086,chen,0.8813173383745126,alice,0.7703891733946298,0.11092816497988289,chen,chen,chen,2,1,1,0,0,18.20774878943063,11.007531789569025,4.573567861118473,33.78884844011813
Daylight_Far_20260114_211200_T12,1736910003.28,82,Daylight,Far,4,4,1280,720,25.94953583536625,1,2,alice,3,1,0.7833417151477139,754.5481461918113,257.2489543043391,846.1805759926498,432.85952618209365,16091.623399873446,alice,0.9002030587118545,diana,0.8335321430918301,0.06667091562002436,alice,alice,alice,1,1,1,0,0,18.20774878943063,11.007531789569025,4.573567861118473,33.78884844011813
Daylight_Far_20260114_211200_T12,1736910003.28,82,Daylight,Far,4,4,1280,720,25.94953583536625,1,3,bob,4,1,0.8159435344836077,1074.9254889903184,195.9582674024896,1162.2419221540465,350.5134324765579,13495.205741298849,bob,0.8688959637605672,chen,0.7371002004971614,0.1317957632634058,bob,bob,bob,3,1,1,0,0,18.20774878943063,11.007531789569025,4.573567861118473,33.78884844011813
Daylight_Far_20260114_211200_T12,1736910003.32,83,Daylight,Far,4,4,1280,720,23.939900420483287,0,0,diana,1,1,0.7525935720700953,81.31202189338444,203.97956484253393,194.5627221078792,368.7268764710183,18657.748400381428,diana,0.8561974636993083,chen,0.717924826097708,0.13827263760160025,diana,diana,diana,2,1,1,0,0,17.547335040261448,13.473319424940591,9.566992202771782,40.58764666797382
Daylight_Far_20260114_211200_T12,1736910003.32,83,Daylight,Far,4,4,1280,720,23.939900420483287,0,1,chen,2,1,0.7257994708338559,425.0570527334502,185.99348998680102,509.3361976791605,383.94108385691595,16682.853955434013,alice,0.5822710875728523,chen,0.5136244783515547,0.06864660922129762,alice,alice,alice,1,0,0,1,0,17.547335040261448,13.473319424940591,9.566992202771782,40.58764666797382
Daylight_Far_20260114_211200_T12,1736910003.32,83,Daylight,Far,4,4,1280,720,23.939900420483287,0,2,alice,3,1,0.8082707275222214,783.5326873333119,198.5749564920004,864.1688409931422,350.8739758300708,12280.80712558612,chen,0.5578194742596394,diana,0.4930127027731524,0.064806771486487,unknown,unknown,unknown,0,0,0,0,0,17.547335040261448,13.473319424940591,9.566992202771782,40.58764666797382
Daylight_Far_20260114_211200_T12,1736910003.32,83,Daylight,Far,4,4,1280,720,23.939900420483287,0,3,bob,4,1,0.8070175907104971,1071.7550107910356,248.8785028789937,1157.3035662262937,387.764733263671,11881.516379257597,chen,0.6374685296743277,bob,0.5981952930726399,0.0392732366016878,unknown,unknown,unknown,0,0,0,0,0,17.547335040261448,13.473319424940591,9.566992202771782,40.58764666797382
Daylight_Far_20260114_211200_T12,1736910003.36,84,Daylight,Far,4,4,1280,720,30.695326243293444,3,0,diana,-1,0,-1.0,-1.0,-1.0,-1.0,-1.0,0.0,unknown,-1.0,unknown,-1.0,-1.0,unknown,unknown,unknown,0,0,0,0,1,17.55412973359688,11.998337859432162,4.46994444830694,34.02241204133598
Daylight_Far_20260114_211200_T12,1736910003.36,84,Daylight,Far,4,4,1280,720,30.695326243293444,3,1,chen,-1,0,-1.0,-1.0,-1.0,-1.0,-1.0,0.0,unknown,-1.0,unknown,-1.0,-1.0,unknown,unknown,unknown,0,0,0,0,1,17.55412973359688,11.998337859432162,4.46994444830694,34.02241204133598
Daylight_Far_20260114_211200_T12,1736910003.36,84,Daylight,Far,4,4,1280,720,30.695326243293444,3,2,alice,3,1,0.7364762525421747,758.5020459273621,335.65861861671004,842.3985655296144,489.52908692023794,12909.196760234667,alice,0.8124983661249109,diana,0.7505812256007854,0.06191714052412545,alice,alice,alice,2,1,1,0,0,17.55412973359688,11.998337859432162,4.46994444830694,34.02241204133598
Daylight_Far_20260114_211200_T12,1736910003.36,84,Daylight,Far,4,4,1280,720,30.695326243293444,3,3,bob,4,1,0.7933301936003323,1047.1529565776814,236.6600822787125,1137.0829457028458,409.7643895853546,15567.268473605442,bob,0.849476598453331,alice,0.7387267160694684,0.11074988238386263,bob,bob,bob,3,1,1,0,0,17.55412973359688,11.998337859432162,4.46994444830694,34.02241204133598
Daylight_Far_20260114_211200_T12,1736910003.4,85,Daylight,Far,4,4,1280,720,22.887988165700122,1,0,diana,1,1,0.8775078188354342,75.12618797447908,283.4298192238702,198.64770334811806,441.4089394436906,19513.820326946505,diana,0.8846304795150227,alice,0.7669500869868628,0.11768039252815987,diana,diana,diana,2,1,1,0,0,13.576675588999835,8.124845763853175,9.000554206275615,30.702075559128627
Daylight_Far_20260114_211200_T12,1736910003.4,85,Daylight,Far,4,4,1280,720,22.887988165700122,1,1,chen,2,1,0.7058692877630427,470.0154726663222,188.58807119766544,559.7455067088484,375.65067304593157,16785.133631928453,diana,0.6769910409531236,chen,0.5956359894885589,0.08135505146456468,diana,diana,diana,2,0,0,1,0,13.576675588999835,8.124845763853175,9.000554206275615,30.702075559128627
Daylight_Far_20260114_211200_T12,1736910003.4,85,Daylight,Far,4,4,1280,720,22.887988165700122,1,2,alice,3,1,0.7118743465760833,736.4191173359083,193.41398254015843,821.8526435118405,408.9004462818255,18409.768440632786,alice,0.8535312856040179,diana,0.7765944577054615,0.07693682789855638,alice,alice,alice,2,1,1,0,0,13.576675588999835,8.124845763853175,9.000554206275615,30.702075559128627
Daylight_Far_20260114_211200_T12,1736910003.4,85,Daylight,Far,4,4,1280,720,22.887988165700122,1,3,bob,4,1,0.6414081816202806,1055.948913716561,201.20622549460413,1157.854471937103,402.35586000215415,20498.26579034987,bob,0.8714168119151411,diana,0.719713366116266,0.15170344579887507,bob,bob,bob,1,1,1,0,0,13.576675588999835,8.124845763853175,9.000554206275615,30.702075559128627
Daylight_Far_20260114_211200_T12,1736910003.44,86,Daylight,Far,4,4,1280,720,19.306900053460758,0,0,diana,1,1,0.5836916689450407,118.35458913682923,266.9109167390593,231.83281706696295,411.09827925868706,16362.126388647137,diana,0.7786853812415162,alice,0.7043150214960717,0.07437035974544448,diana,diana,diana,2,1,1,0,0,13.83462608020726,10.405058551205745,6.851089645204855,31.090774276617857
Daylight_Far_20260114_211200_T12,1736910003.44,86,Daylight,Far,4,4,1280,720,19.306900053460758,0,1,chen,2,1,0.8744392478263284,453.33267334000607,256.81094999394816,539.3693529314005,419.45836139479377,13993.643221064267,chen,0.901522124052351,diana,0.7766209491739745,0.12490117487837649,chen,chen,chen,1,1,1,0,0,13.83462608020726,10.405058551205745,6.851089645204855,31.090774276617857
Daylight_Far_20260114_211200_T12,1736910003.44,86,Daylight,Far,4,4,1280,720,19.306900053460758,0,2,alice,3,1,0.8149242824935012,723.3376824058867,227.79282428781403,827.3318480238022,380.11425927733455,15840.540537458754,alice,0.8671613566615354,chen,0.8007099432503876,0.0664514134111478,alice,alice,alice,2,1,1,0,0,13.83462608020726,10.405058551205745,6.851089645204855,31.090774276617857
Daylight_Far_20260114_211200_T12,1736910003.44,86,Daylight,Far,4,4,1280,720,19.306900053460758,0,3,bob,4,1,0.8988757472125514,1077.9173826100985,180.30254599639412,1166.3135179980566,356.2229701804888,15550.685633684254,bob,0.944706289783956,alice,0.8794887339432759,0.06521755584068012,bob,bob,bob,1,1,1,0,0,13.83462608020726,10.405058551205745,6.851089645204855,31.090774276617857
Daylight_Far_20260114_211200_T12,1736910003.48,87,Daylight,Far,4,4,1280,720,26.258999528753016,0,0,diana,1,1,0.7552363993782157,85.20277309690054,178.57648962217053,205.658422245034,338.9381044807548,19316.46241623373,bob,0.6874686476930852,alice,0.6133813167561397,0.07408733093694553,unknown,unknown,unknown,0,0,0,0,0,24.720199618617265,15.859352268852307,6.521989131796607,47.10154101926618
Daylight_Far_20260114_211200_T12,1736910003.48,87,Daylight,Far,4,4,1280,720,26.258999528753016,0,1,chen,2,1,0.8585854048900643,436.8230453803593,204.64219262065325,529.6810566123835,394.1527841862572,17597.5766401864,chen,0.8579021918714934,alice,0.7584262643138698,0.09947592755762358,chen,chen,chen,2,1,1,0,0,24.720199618617265,15.859352268852307,6.521989131796607,47.10154101926618
Daylight_Far_20260114_211200_T12,1736910003.48,87,Daylight,Far,4,4,1280,720,26.258999528753016,0,2,alice,3,1,0.6777253055674767,720.1888715127056,294.02303068371145,803.1451435001838,426.11201762064536,10957.609926890744,alice,0.7957559536505938,bob,0.6495217228608159,0.14623423078977793,alice,alice,alice,2,1,1,0,0,24.720199618617265,15.859352268852307,6.521989131796607,47.10154101926618
Daylight_Far_20260114_211200_T12,1736910003.48,87,Daylight,Far,4,4,1280,720,26.258999528753016,0,3,bob,4,1,0.922498100016845,1060.3187280407446,243.96453289094086,1185.1991018991016,410.398521364168,20784.33870327408,bob,0.9516509407846829,diana,0.8082626814548258,0.1433882593298571,bob,bob,bob,1,1,1,0,0,24.720199618617265,15.859352268852307,6.521989131796607,47.10154101926618
Daylight_Far_20260114_211200_T12,1736910003.52,88,Daylight,Far,4,4,1280,720,25.458614374105693,0,0,diana,-1,0,-1.0,-1.0,-1.0,-1.0,-1.0,0.0,unknown,-1.0,unknown,-1.0,-1.0,unknown,unknown,unknown,0,0,0,0,1,20.21275335244668,11.067003228950849,6.400091072787923,37.67984765418545
Daylight_Far_20260114_211200_T12,1736910003.52,88,Daylight,Far,4,4,1280,720,25.458614374105693,0,1,chen,-1,0,-1.0,-1.0,-1.0,-1.0,-1.0,0.0,unknown,-1.0,unknown,-1.0,-1.0,unknown,unknown,unknown,0,0,0,0,1,20.21275335244668,11.067003228950849,6.400091072787923,37.67984765418545
Daylight_Far_20260114_211200_T12,1736910003.52,88,Daylight,Far,4,4,1280,720,25.458614374105693,0,2,alice,3,1,0.780627314302529,728.1811953529204,260.8629025699246,843.9931202763278,432.85586667271946,19918.83624602717,alice,0.9,diana,0.829824064660727,0.07017593533927302,unknown,unknown,unknown,0,0,0,0,0,20.21275335244668,11.067003228950849,6.400091072787923,37.67984765418545
Daylight_Far_20260114_211200_T12,1736910003.52,88,Daylight,Far,4,4,1280,720,25.458614374105693,0,3,bob,4,1,0.8106035079269132,1073.0104379720556,221.80055859200064,1178.7401072869802,433.3124382216699,22363.081089423074,bob,0.9082412403978893,alice,0.7370677993604549,0.17117344103743448,bob,bob,bob,3,1,1,0,0,20.21275335244668,11.067003228950849,6.400091072787923,37.67984765418545
Daylight_Far_20260114_211200_T12,1736910003.56,89,Daylight,Far,4,4,1280,720,26.124452464125884,1,0,diana,1,1,0.9330283120873163,108.97057723947039,257.095113187655,206.0168362980216,446.5065629311257,18381.67262046061,diana,0.878695543041059,alice,0.7111048959256189,0.16759064711544014,diana,diana,diana,1,1,1,0,0,23.58736971084248,17.509037930021737,9.574085190944668,50.670492831808886
Daylight_Far_20260114_211200_T12,1736910003.56,89,Daylight,Far,4,4,1280,720,26.124452464125884,1,1,chen,2,1,0.6923100292060548,408.1837094283445,273.1900469591351,535.5717598676147,435.9087279786727,20728.415545128366,alice,0.7089538548568063,bob,0.6841350455713959,0.02481880928541036,unknown,unknown,unknown,0,0,0,0,0,23.58736971084248,17.509037930021737,9.574085190944668,50.670492831808886
Daylight_Far_20260114_211200_T12,1736910003.56,89,Daylight,Far,4,4,1280,720,26.124452464125884,1,2,alice,3,1,0.7612620062315733,767.9916745549654,255.42468870593586,856.2387162669997,427.9905102726178,15228.423253866467,alice,0.8426960141365469,bob,0.7727430081903985,0.0699530059461484,alice,alice,alice,2,1,1,0,0,23.58736971084248,17.509037930021737,9.574085190944668,50.670492831808886
Daylight_Far_20260114_211200_T12,1736910003.56,89,Daylight,Far,4,4,1280,720,26.124452464125884,1,3,bob,4,1,0.6622997016881742,1083.4509214940588,235.77947960953009,1195.493481450909,438.0574176771049,22663.738003884297,bob,0.8311667676132803,diana,0.68830066758558,0.1428661000277004,bob,bob,bob,2,1,1,0,0,23.58736971084248,17.509037930021737,9.574085190944668,50.670492831808886
Daylight_Far_20260114_211200_T12,1736910003.6,90,Daylight,Far,4,4,1280,720,25.29443360848805,1,0,diana,1,1,0.6317683260694819,87.8311059500538,262.60778946672417,177.38947087004377,440.2356645355162,15908.062055373266,chen,0.8221033736394242,alice,0.7681207497932845,0.05398262384613972,unknown,unknown,unknown,0,0,0,0,0,18.690861721191553,12.674205532951683,5.482673642319183,36.84774089646242
Daylight_Far_20260114_211200_T12,1736910003.6,90,Daylight,Far,4,4,1280,720,25.29443360848805,1,1,chen,2,1,0.7590964940174683,381.59114779612565,242.91599219848996,509.1422220413254,414.6312453393006,21902.46500239681,bob,0.7482411391807127,chen,0.7164642030137088,0.03177693616700383,unknown,unknown,unknown,0,0,0,0,0,18.690861721191553,12.674205532951683,5.482673642319183,36.84774089646242
Daylight_Far_20260114_211200_T12,1736910003.6,90,Daylight,Far,4,4,1280,720,25.29443360848805,1,2,alice,3,1,0.8777739288884829,734.6855919892606,293.1270953912307,839.4854002413773,453.97005277355413,16856.311092370874,alice,0.8889025952004429,bob,0.7117733815786693,0.17712921362177358,alice,alice,alice,3,1,1,0,0,18.690861721191553,12.674205532951683,5.482673642319183,36.84774089646242
Daylight_Far_20260114_211200_T12,1736910003.6,90,Daylight,Far,4,4,1280,720,25.29443360848805,1,3,bob,4,1,0.6575261583743249,1104.6733064367177,281.1753100795811,1203.3682453292854,431.5300305866731,14839.249952656546,bob,0.7886473422923848,diana,0.7097813120723769,0.07886603022000782,bob,bob,bob,2,1,1,0,0,18.690861721191553,12.674205532951683,5.482673642319183,36.84774089646242
Daylight_Far_20260114_211200_T12,1736910003.64,91,Daylight,Far,4,4,1280,720,24.968629912506618,0,0,diana,1,1,0.6811576524912322,101.32229792483389,175.45904960059562,201.50628218889636,312.4634339413975,13725.645084906464,diana,0.8810007651426888,chen,0.7161561899054868,0.16484457523720197,diana,diana,diana,2,1,1,0,0,17.95705031480581,9.554401760527771,11.350747558872534,38.862199634206114
Daylight_Far_20260114_211200_T12,1736910003.64,91,Daylight,Far,4,4,1280,720,24.968629912506618,0,1,chen,2,1,0.7118455114856254,442.7290970043875,273.18893531165986,556.3346601405575,409.5743780109665,15494.145021430577,chen,0.8779186737846625,bob,0.72105971478247,0.1568589590021925,chen,chen,chen,2,1,1,0,0,17.95705031480581,9.554401760527771,11.350747558872534,38.862199634206114
Daylight_Far_20260114_211200_T12,1736910003.64,91,Daylight,Far,4,4,1280,720,24.968629912506618,0,2,alice,3,1,0.606522209597434,746.7139619171279,223.42069463881427,834.7235682278821,363.3010371837126,12310.81387798994,alice,0.7597680976897689,chen,0.6525588128554917,0.10720928483427727,alice,alice,alice,2,1,1,0,0,17.95705031480581,9.554401760527771,11.350747558872534,38.862199634206114
Daylight_Far_20260114_211200_T12,1736910003.64,91,Daylight,Far,4,4,1280,720,24.968629912506618,0,3,bob,4,1,0.7894794262130019,1051.059089230445,159.70708555827542,1140.5957231219577,354.8672988400164,17473.988566796797,bob,0.8494660085702304,diana,0.6844589627693165,0.16500704580091385,bob,bob,bob,2,1,1,0,0,17.95705031480581,9.554401760527771,11.350747558872534,38.862199634206114
Daylight_Far_20260114_211200_T12,1736910003.68,92,Daylight,Far,4,4,1280,720,24.116236351616166,0,0,diana,1,1,0.7348104532040717,115.77783823142069,253.31386268629362,203.20733279831137,466.4999250024256,18638.74967700508,diana,0.8472111615446276,alice,0.7451918434326701,0.10201931811195752,diana,diana,diana,3,1,1,0,0,15.129597157930341,6.64868764326838,8.811464830918668,30.58974963211739
Daylight_Far_20260114_211200_T12,1736910003.68,92,Daylight,Far,4,4,1280,720,24.116236351616166,0,1,chen,2,1,0.9312257645327949,414.1525050452696,263.1241865606499,533.4576309415321,417.65690730514524,18436.54570351399,chen,0.894961796845903,bob,0.7325426978838936,0.16241909896200946,chen,chen,chen,2,1,1,0,0,15.129597157930341,6.64868764326838,8.811464830918668,30.58974963211739
Daylight_Far_20260114_211200_T12,1736910003.68,92,Daylight,Far,4,4,1280,720,24.116236351616166,0,2,alice,3,1,0.674802547927608,771.9285572335166,247.84420767656758,858.8127218317877,432.40091477596405,16035.055317338876,alice,0.819068055790307,bob,0.6502406430569108,0.1688274127333962,alice,alice,alice,2,1,1,0,0,15.129597157930341,6.64868764326838,8.811464830918668,30.58974963211739
Daylight_Far_20260114_211200_T12,1736910003.68,92,Daylight,Far,4,4,1280,720,24.116236351616166,0,3,bob,4,1,0.7382540969205227,1063.9410989038101,290.1600820166725,1189.4830954211734,459.2027689372708,21221.956412671476,bob,0.8606645699298486,diana,0.7424314042345963,0.11823316569525233,bob,bob,bob,3,1,1,0,0,15.129597157930341,6.64868764326838,8.811464830918668,30.58974963211739
Daylight_Far_20260114_211200_T12,1736910003.72,93,Daylight,Far,4,4,1280,720,24.801186527157377,1,0,diana,-1,0,-1.0,-1.0,-1.0,-1.0,-1.0,0.0,unknown,-1.0,unknown,-1.0,-1.0,unknown,unknown,unknown,0,0,0,0,1,16.188613074875676,12.58410705781859,15.669011457303371,44.44173158999764
Daylight_Far_20260114_211200_T12,1736910003.72,93,Daylight,Far,4,4,1280,720,24.801186527157377,1,1,chen,2,1,0.788322287696198,426.10190059850436,166.34576388065392,527.1694881555616,341.24304454278996,17676.446226811644,chen,0.8902803640908703,alice,0.816097876429468,0.07418248766140234,chen,chen,chen,3,1,1,0,0,16.188613074875676,12.58410705781859,15.669011457303371,44.44173158999764
Daylight_Far_20260114_211200_T12,1736910003.72,93,Daylight,Far,4,4,1280,720,24.801186527157377,1,2,alice,3,1,0.7675260739406292,724.6080014373014,211.95577648975728,844.9003971580572,380.9347794398664,20326.889091373298,alice,0.8750409602020083,diana,0.7872060085133811,0.0878349516886272,alice,alice,alice,2,1,1,0,0,16.188613074875676,12.58410705781859,15.669011457303371,44.44173158999764
Daylight_Far_20260114_211200_T12,1736910003.72,93,Daylight,Far,4,4,1280,720,24.801186527157377,1,3,bob,4,1,0.7395255223665516,1067.289665026958,205.27801085790958,1167.629420735506,414.2509407584151,20968.292735916286,chen,0.6353958421330537,diana,0.6221246375247181,0.01327120460833553,unknown,unknown,unknown,0,0,0,0,0,16.188613074875676,12.58410705781859,15.669011457303371,44.44173158999764
Daylight_Far_20260114_211200_T12,1736910003.76,94,Daylight,Far,4,4,1280,720,23.76747744104899,0,0,diana,1,1,0.847385951728545,110.00690709307744,224.20287263720866,217.05419218006224,404.79004217776264,19331.36622085934,diana,0.961760193714818,chen,0.8934397234789049,0.06832047023591314,diana,diana,diana,2,1,1,0,0,11.195660018275833,11.4685822477257,9.166995991272394,31.831238257273924
Daylight_Far_20260114_211200_T12,1736910003.76,94,Daylight,Far,4,4,1280,720,23.76747744104899,0,1,chen,-1,0,-1.0,-1.0,-1.0,-1.0,-1.0,0.0,unknown,-1.0,unknown,-1.0,-1.0,unknown,unknown,unknown,0,0,0,0,1,11.195660018275833,11.4685822477257,9.166995991272394,31.831238257273924
Daylight_Far_20260114_211200_T12,1736910003.76,94,Daylight,Far,4,4,1280,720,23.76747744104899,0,2,alice,3,1,0.7732564979051325,745.7540205388043,329.7709339883579,851.832897794495,519.930699792172,20171.93445567369,alice,0.8600987247232834,bob,0.7443446946214788,0.11575403010180463,alice,alice,alice,3,1,1,0,0,11.195660018275833,11.4685822477257,9.166995991272394,31.831238257273924
Daylight_Far_20260114_211200_T12,1736910003.76,94,Daylight,Far,4,4,1280,720,23.76747744104899,0,3,bob,4,1,0.6924802552998965,1092.3559398302302,200.03410195560375,1202.7119651706246,397.824808461615,21827.396219271883,bob,0.7955814805361485,alice,0.6884261123084885,0.10715536822766003,bob,bob,bob,2,1,1,0,0,11.195660018275833,11.4685822477257,9.166995991272394,31.831238257273924
Daylight_Far_20260114_211200_T12,1736910003.8,95,Daylight,Far,4,4,1280,720,22.04514121115267,0,0,diana,1,1,0.8779874135073741,142.0869832926697,267.67515313458813,259.3998515112477,461.8634554493389,22780.78671903974,diana,0.8061501969778384,alice,0.6535410705228076,0.15260912645503077,diana,diana,diana,2,1,1,0,0,13.146754294034997,9.270891448241004,2.580353178755246,24.997998921031247
Daylight_Far_20260114_211200_T12,1736910003.8,95,Daylight,Far,4,4,1280,720,22.04514121115267,0,1,chen,2,1,0.9600699320576779,443.7083837542529,231.43327726938867,530.636469972865,375.5572475574037,12528.420915365261,chen,0.8405380045537809,diana,0.7598696010905264,0.08066840346325455,chen,chen,chen,2,1,1,0,0,13.146754294034997,9.270891448241004,2.580353178755246,24.997998921031247
Daylight_Far_20260114_211200_T12,1736910003.8,95,Daylight,Far,4,4,1280,720,22.04514121115267,0,2,alice,3,1,0.7344689823065538,730.4536783209126,241.37260764946927,854.9051826126702,417.7627051369591,21952.01297448788,alice,0.7106422668999559,chen,0.6317000299407071,0.07894223695924885,unknown,unknown,unknown,0,0,0,0,0,13.146754294034997,9.270891448241004,2.580353178755246,24.997998921031247
Daylight_Far_20260114_211200_T12,1736910003.8,95,Daylight,Far,4,4,1280,720,22.04514121115267,0,3,bob,4,1,0.6946638245392042,1080.967335015418,166.6376944707361,1165.7951937148118,347.1693305228293,15314.112113797348,bob,0.7842725346532552,diana,0.6549744228921508,0.1292981117611044,bob,bob,bob,2,1,1,0,0,13.146754294034997,9.270891448241004,2.580353178755246,24.997998921031247
Daylight_Far_20260114_211200_T12,1736910003.84,96,Daylight,Far,4,4,1280,720,24.772692057409937,1,0,diana,1,1,0.8614906589934663,81.03013416726785,288.67332522637935,204.22741078206857,464.18221696562944,21622.21748395751,diana,0.7100178716144462,alice,0.6539358436956055,0.05608202791884065,unknown,unknown,unknown,0,0,0,0,0,21.121080390292157,11.045614779028382,8.243589988343354,40.41028515766389
Daylight_Far_20260114_211200_T12,1736910003.84,96,Daylight,Far,4,4,1280,720,24.772692057409937,1,1,chen,2,1,0.694157343741409,421.2004824185835,166.17646124587503,510.9456150434888,378.67183695084367,19070.42567482149,chen,0.8959876548561383,bob,0.7435101886783273,0.152477466177811,chen,chen,chen,2,1,1,0,0,21.121080390292157,11.045614779028382,8.243589988343354,40.41028515766389
Daylight_Far_20260114_211200_T12,1736910003.84,96,Daylight,Far,4,4,1280,720,24.772692057409937,1,2,alice,3,1,0.7917188841324794,767.2623089099458,210.90795992330487,858.672327018836,417.86626332355246,18918.062261601823,alice,0.9196711938012929,diana,0.8115732979053224,0.10809789589597052,alice,alice,alice,2,1,1,0,0,21.121080390292157,11.045614779028382,8.243589988343354,40.41028515766389
Daylight_Far_20260114_211200_T12,1736910003.84,96,Daylight,Far,4,4,1280,720,24.772692057409937,1,3,bob,4,1,0.8283180880165171,1066.4550348298603,224.7375244749104,1152.229716110664,372.06892331907625,12637.303778513286,bob,0.8473651389363843,diana,0.7727042908073697,0.07466084812901463,bob,bob,bob,2,1,1,0,0,21.121080390292157,11.045614779028382,8.243589988343354,40.41028515766389
Daylight_Far_20260114_211200_T12,1736910003.88,97,Daylight,Far,4,4,1280,720,25.325215341499437,1,0,diana,1,1,0.8224095631056837,99.0578581406612,185.06809326731292,220.92404625360018,370.85497162981284,22641.13866744013,diana,0.8440694282646356,chen,0.7502489802891592,0.0938204479754764,diana,diana,diana,2,1,1,0,0,24.624808860692546,15.197250154861134,14.551188484427296,54.37324749998098
Daylight_Far_20260114_211200_T12,1736910003.88,97,Daylight,Far,4,4,1280,720,25.325215341499437,1,1,chen,2,1,0.9146822194343905,410.0514697949301,203.64613706475347,501.53313499083356,415.69432003953705,19398.52088029883,chen,0.9631369245992375,alice,0.7925598643268077,0.1705770602724298,chen,chen,chen,2,1,1,0,0,24.624808860692546,15.197250154861134,14.551188484427296,54.37324749998098
Daylight_Far_20260114_211200_T12,1736910003.88,97,Daylight,Far,4,4,1280,720,25.325215341499437,1,2,alice,3,1,0.8620000910328428,740.2005587241742,290.0765564036537,849.6763402801644,424.35736107268866,14700.496039109852,alice,0.6183139830593329,chen,0.596111677778329,0.022202305281003976,unknown,unknown,unknown,0,0,0,0,0,24.624808860692546,15.197250154861134,14.551188484427296,54.37324749998098
Daylight_Far_20260114_211200_T12,1736910003.88,97,Daylight,Far,4,4,1280,720,25.325215341499437,1,3,bob,4,1,0.8564347696781652,1060.0168800790825,190.94812747436814,1173.7413398662811,380.3676121770892,21541.628570986486,bob,0.8196864400014703,chen,0.6703543998481409,0.14933204015332935,bob,bob,bob,3,1,1,0,0,24.624808860692546,15.197250154861134,14.551188484427296,54.37324749998098
Daylight_Far_20260114_211200_T12,1736910003.92,98,Daylight,Far,4,4,1280,720,21.010447968783726,1,0,diana,1,1,0.7569248432308224,97.96735277493651,205.53220336561736,214.05999347709314,420.1566807135593,24916.322334642777,chen,0.7635790034721439,bob,0.7498068853628375,0.013772118109306453,unknown,unknown,unknown,0,0,0,0,0,13.613590306779995,9.947815543926186,9.02166669383573,32.58307254454191
Daylight_Far_20260114_211200_T12,1736910003.92,98,Daylight,Far,4,4,1280,720,21.010447968783726,1,1,chen,2,1,0.8833173915364567,410.289118337843,193.22293774810692,531.2262155850685,341.93331355107136,17984.60118015457,chen,0.7989172155659473,bob,0.6417243703990665,0.1571928451668808,chen,chen,chen,2,1,1,0,0,13.613590306779995,9.947815543926186,9.02166669383573,32.58307254454191
Daylight_Far_20260114_211200_T12,1736910003.92,98,Daylight,Far,4,4,1280,720,21.010447968783726,1,2,alice,3,1,0.9315589824944412,719.0115284725738,175.15697437548127,839.1188993406244,361.30591376809457,22357.85970032287,alice,0.8688286846372929,bob,0.7206739541494741,0.1481547304878188,alice,alice,alice,1,1,1,0,0,13.613590306779995,9.947815543926186,9.02166669383573,32.58307254454191
Daylight_Far_20260114_211200_T12,1736910003.92,98,Daylight,Far,4,4,1280,720,21.010447968783726,1,3,bob,4,1,0.8115971250359422,1075.582325794589,319.1948220479224,1165.132090633771,452.24701178928507,11914.79230267725,alice,0.8344130908467869,bob,0.7514040069125878,0.08300908393419915,alice,alice,alice,1,0,0,1,0,13.613590306779995,9.947815543926186,9.02166669383573,32.58307254454191
Daylight_Far_20260114_211200_T12,1736910003.96,99,Daylight,Far,4,4,1280,720,24.485099748548862,0,0,diana,1,1,0.6572461172011519,107.25049919257097,168.69282111597883,232.4406546824189,371.63571333253583,25406.452232150223,diana,0.9524917468584334,bob,0.7746431203924116,0.17784862646602184,diana,diana,diana,2,1,1,0,0,20.187539984832586,13.155129380051351,5.812405513197854,39.15507487808179
Daylight_Far_20260114_211200_T12,1736910003.96,99,Daylight,Far,4,4,1280,720,24.485099748548862,0,1,chen,-1,0,-1.0,-1.0,-1.0,-1.0,-1.0,0.0,unknown,-1.0,unknown,-1.0,-1.0,unknown,unknown,unknown,0,0,0,0,1,20.187539984832586,13.155129380051351,5.812405513197854,39.15507487808179
Daylight_Far_20260114_211200_T12,1736910003.96,99,Daylight,Far,4,4,1280,720,24.485099748548862,0,2,alice,3,1,0.7928201296729585,768.9679499561263,235.5760292749947,886.4305890494082,393.24010694485713,18519.638653310223,alice,0.7950248487508936,chen,0.615034397356053,0.1799904513948406,alice,alice,alice,2,1,1,0,0,20.187539984832586,13.155129380051351,5.812405513197854,39.15507487808179
Daylight_Far_20260114_211200_T12,1736910003.96,99,Daylight,Far,4,4,1280,720,24.485099748548862,0,3,bob,4,1,0.7430763498582345,1045.0040467560043,202.76194780994348,1166.4215697089207,376.1843849693018,21056.522744347098,bob,0.8169983579311672,chen,0.7053102295581002,0.11168812837306696,bob,bob,bob,2,1,1,0,0,20.187539984832586,13.155129380051351,5.812405513197854,39.15507487808179
Daylight_Far_20260114_211200_T12,1736910004.0,100,Daylight,Far,4,4,1280,720,26.7132326516262,1,0,diana,1,1,0.7689312791084043,115.93763675718407,266.5615485780772,207.81395261605644,442.58334169448955,16172.23386240859,diana,0.8981809677472115,bob,0.8230316956997902,0.07514927204742128,diana,diana,diana,2,1,1,0,0,15.10846030933984,9.953654071630387,12.49370940971484,37.55582379068507
Daylight_Far_20260114_211200_T12,1736910004.0,100,Daylight,Far,4,4,1280,720,26.7132326516262,1,1,chen,2,1,0.8200925087562724,450.35691123244885,241.02092236227585,559.7720913292383,411.3484814314422,18636.420550999374,chen,0.9064345306815735,alice,0.7967793163815656,0.10965521430000791,chen,chen,chen,1,1,1,0,0,15.10846030933984,9.953654071630387,12.49370940971484,37.55582379068507
Daylight_Far_20260114_211200_T12,1736910004.0,100,Daylight,Far,4,4,1280,720,26.7132326516262,1,2,alice,3,1,0.8111426478376027,746.2139967511447,289.58141727473287,829.1619679674715,491.35978550439825,16737.10627999167,diana,0.7810239059438411,alice,0.7585537605729444,0.022470145370896644,diana,diana,diana,2,0,0,1,0,15.10846030933984,9.953654071630387,12.49370940971484,37.55582379068507
Daylight_Far_20260114_211200_T12,1736910004.0,100,Daylight,Far,4,4,1280,720,26.7132326516262,1,3,bob,4,1,0.7045209029801617,1052.6547051502703,259.620866703676,1159.7210977728014,463.8827675272325,21869.584871399413,bob,0.9097607465569829,diana,0.8141561832328856,0.09560456332409728,bob,bob,bob,2,1,1,0,0,15.10846030933984,9.953654071630387,12.49370940971484,37.55582379068507
Daylight_Far_20260114_211200_T12,1736910004.04,101,Daylight,Far,4,4,1280,720,24.599132040297278,4,0,diana,-1,0,-1.0,-1.0,-1.0,-1.0,-1.0,0.0,unknown,-1.0,unknown,-1.0,-1.0,unknown,unknown,unknown,0,0,0,0,1,17.266039044234887,7.801672352185755,12.512485019649858,37.5801964160705
Daylight_Far_20260114_211200_T12,1736910004.04,101,Daylight,Far,4,4,1280,720,24.599132040297278,4,1,chen,2,1,0.813939503914501,437.67484576851433,197.555358079985,540.7109711054901,346.63057556340607,15360.132793258694,chen,0.8838059309884448,bob,0.7423685682664283,0.14143736272201657,chen,chen,chen,1,1,1,0,0,17.266039044234887,7.801672352185755,12.512485019649858,37.5801964160705
Daylight_Far_20260114_211200_T12,1736910004.04,101,Daylight,Far,4,4,1280,720,24.599132040297278,4,2,alice,3,1,0.7479987937523064,737.5327677191059,199.37551075254186,843.8843282454592,385.03099370373667,19744.750332133346,alice,0.9630189019162562,chen,0.7977792493136873,0.1652396526025689,alice,alice,alice,2,1,1,0,0,17.266039044234887,7.801672352185755,12.512485019649858,37.5801964160705
Daylight_Far_20260114_211200_T12,1736910004.04,101,Daylight,Far,4,4,1280,720,24.599132040297278,4,3,bob,-1,0,-1.0,-1.0,-1.0,-1.0,-1.0,0.0,unknown,-1.0,unknown,-1.0,-1.0,unknown,unknown,unknown,0,0,0,0,1,17.266039044234887,7.801672352185755,12.512485019649858,37.5801964160705
Daylight_Far_20260114_211200_T12,1736910004.08,102,Daylight,Far,4,4,1280,720,26.72634198768931,2,0,diana,1,1,0.7372005340286841,93.36948008241575,147.17937025279318,215.35797530202984,328.6875490789565,22141.909605056288,diana,0.8197971433464873,chen,0.6956832151872665,0.12411392815922084,diana,diana,diana,3,1,1,0,0,12.225487772708398,10.441141796777416,7.933400822873946,30.60003039235976
Daylight_Far_20260114_211200_T12,1736910004.08,102,Daylight,Far,4,4,1280,720,26.72634198768931,2,1,chen,2,1,0.8681265045178506,453.6937583016796,169.42418448779335,535.0507423868003,329.5282121789302,13025.580832831532,chen,0.8485745212534085,diana,0.765973344007539,0.08260117724586946,chen,chen,chen,3,1,1,0,0,12.225487772708398,10.441141796777416,7.933400822873946,30.60003039235976
Daylight_Far_20260114_211200_T12,1736910004.08,102,Daylight,Far,4,4,1280,720,26.72634198768931,2,2,alice,3,1,0.8192663646206014,726.4937217325236,183.15041464751047,853.5873496647224,356.68771581759245,22055.485187268332,alice,0.8712434315633104,chen,0.7328068725809234,0.13843655898238705,alice,alice,alice,2,1,1,0,0,12.225487772708398,10.441141796777416,7.933400822873946,30.60003039235976
Daylight_Far_20260114_211200_T12,1736910004.08,102,Daylight,Far,4,4,1280,720,26.72634198768931,2,3,bob,4,1,0.6042514309475289,1039.4416699137605,197.6479649341989,1157.1645872237118,382.2411285125125,21730.845731912123,bob,0.8491988109355054,alice,0.7151950764199165,0.1340037345155889,bob,bob,bob,2,1,1,0,0,12.225487772708398,10.441141796777416,7.933400822873946,30.60003039235976
Daylight_Far_20260114_211200_T12,1736910004.12,103,Daylight,Far,4,4,1280,720,22.643427828700155,4,0,diana,1,1,0.9614510226019661,110.17486881593844,294.31671701728766,203.23490960085314,437.3416756949509,13309.90848780408,diana,0.8846925943496693,chen,0.7336906155727674,0.1510019787769019,diana,diana,diana,2,1,1,0,0,15.327405658738364,13.529958636393918,13.153463698392375,42.01082799352466
Daylight_Far_20260114_211200_T12,1736910004.12,103,Daylight,Far,4,4,1280,720,22.643427828700155,4,1,chen,2,1,0.8516868338904283,406.0104637577026,205.57195729103415,490.41475493285554,346.3973626379822,11886.268517762743,chen,0.9284716388910069,diana,0.7866504949885295,0.14182114390247746,chen,chen,chen,3,1,1,0,0,15.327405658738364,13.529958636393918,13.153463698392375,42.01082799352466
Daylight_Far_20260114_211200_T12,1736910004.12,103,Daylight,Far,4,4,1280,720,22.643427828700155,4,2,alice,3,1,0.8022518409374577,703.069245647184,279.6389076403359,827.5841401233171,436.54985905110414,19537.75055706146,alice,0.8311831629498342,chen,0.6807351710912719,0.15044799185856228,alice,alice,alice,2,1,1,0,0,15.327405658738364,13.529958636393918,13.153463698392375,42.01082799352466
Daylight_Far_20260114_211200_T12,1736910004.12,103,Daylight,Far,4,4,1280,720,22.643427828700155,4,3,bob,4,1,0.8123173309914806,1091.7211104755238,215.4366870716312,1200.8447580661023,411.15230897631534,21357.202552697647,chen,0.863243814241457,bob,0.7967381461735743,0.06650566806788272,chen,chen,chen,1,0,0,1,0,15.327405658738364,13.529958636393918,13.153463698392375,42.01082799352466
Daylight_Far_20260114_211200_T12,1736910004.16,104,Daylight,Far,4,4,1280,720,24.828883190403445,0,0,diana,1,1,0.7625041972731541,107.96873482191954,215.2887546555719,229.7254946289142,428.1421113801066,25916.335028821723,diana,0.7982373330627192,chen,0.6870597515690424,0.11117758149367674,diana,diana,diana,2,1,1,0,0,8.020737620362326,5.146986365516086,8.764305360885142,21.932029346763553
Daylight_Far_20260114_211200_T12,1736910004.16,104,Daylight,Far,4,4,1280,720,24.828883190403445,0,1,chen,2,1,0.8659117018975986,418.05683251872034,197.74751904830342,511.02351976546475,406.972759120201,19450.977457889116,alice,0.7374686001982009,diana,0.705998015701266,0.03147058449693496,unknown,unknown,unknown,0,0,0,0,0,8.020737620362326,5.146986365516086,8.764305360885142,21.932029346763553
Daylight_Far_20260114_211200_T12,1736910004.16,104,Daylight,Far,4,4,1280,720,24.828883190403445,0,2,alice,3,1,0.9141452698310435,726.3760205945755,322.6702891927846,854.2820885479896,515.0506850173524,24606.61998124187,alice,0.866748215601888,bob,0.6942582258479341,0.1724899897539539,alice,alice,alice,2,1,1,0,0,8.020737620362326,5.146986365516086,8.764305360885142,21.932029346763553
Daylight_Far_20260114_211200_T12,1736910004.16,104,Daylight,Far,4,4,1280,720,24.828883190403445,0,3,bob,4,1,0.8271079293887883,1079.515481329944,152.329378265818,1169.87126923878,363.6660965659256,19095.495696073984,bob,0.99,chen,0.8393402202093132,0.1506597797906868,bob,bob,bob,2,1,1,0,0,8.020737620362326,5.146986365516086,8.764305360885142,21.932029346763553
Daylight_Far_20260114_211200_T12,1736910004.2,105,Daylight,Far,4,4,1280,720,22.72236114097825,1,0,diana,1,1,0.6766673250019645,102.21022766667959,255.9967439471264,216.73157351168942,438.26952124648466,20874.123767230267,bob,0.7828137955273695,diana,0.736118973468489,0.046694822058880536,bob,bob,bob,1,0,0,1,0,10.887751420070122,7.84181921300378,8.107593050261244,26.837163683335145
Daylight_Far_20260114_211200_T12,1736910004.2,105,Daylight,Far,4,4,1280,720,22.72236114097825,1,1,chen,-1,0,-1.0,-1.0,-1.0,-1.0,-1.0,0.0,unknown,-1.0,unknown,-1.0,-1.0,unknown,unknown,unknown,0,0,0,0,1,10.887751420070122,7.84181921300378,8.107593050261244,26.837163683335145
Daylight_Far_20260114_211200_T12,1736910004.2,105,Daylight,Far,4,4,1280,720,22.72236114097825,1,2,alice,3,1,0.7800400522692477,732.9344776856029,255.5546367956469,840.6180518852608,411.342043805297,16775.744802095956,alice,0.8795020824700355,diana,0.7007187144670228,0.17878336800301264,alice,alice,alice,2,1,1,0,0,10.887751420070122,7.84181921300378,8.107593050261244,26.837163683335145
Daylight_Far_20260114_211200_T12,1736910004.2,105,Daylight,Far,4,4,1280,720,22.72236114097825,1,3,bob,4,1,0.6441752853049607,1050.5159412070075,253.91053084698308,1163.3791142861805,415.38055853660944,18224.019682233167,bob,0.8292060547222464,alice,0.7567449330284275,0.07246112169381891,bob,bob,bob,3,1,1,0,0,10.887751420070122,7.84181921300378,8.107593050261244,26.837163683335145
Daylight_Far_20260114_211200_T12,1736910004.24,106,Daylight,Far,4,4,1280,720,23.89967623801777,2,0,diana,1,1,0.6832754231143209,108.5830903208809,234.5864371125482,226.70381534312583,414.45940452424713,21246.725322572514,diana,0.8124187818954586,chen,0.7008586316873121,0.11156015020814647,diana,diana,diana,1,1,1,0,0,16.709689911007324,12.671403744928249,5.659417922997868,35.04051157893344
Daylight_Far_20260114_211200_T12,1736910004.24,106,Daylight,Far,4,4,1280,720,23.89967623801777,2,1,chen,2,1,0.800418459459649,444.19345363461065,275.0291137712011,561.216455475143,482.2169890343464,24245.74710825504,chen,0.9487816229895685,bob,0.8177971412482012,0.13098448174136723,chen,chen,chen,1,1,1,0,0,16.709689911007324,12.671403744928249,5.659417922997868,35.04051157893344
Daylight_Far_20260114_211200_T12,1736910004.24,106,Daylight,Far,4,4,1280,720,23.89967623801777,2,2,alice,3,1,0.8165529197950164,753.971309026516,212.17308201449703,840.3229236115784,410.2366511431178,17103.108984736526,chen,0.4774281521044702,alice,0.39821789452045075,0.07921025758401945,unknown,unknown,unknown,0,0,0,0,0,16.709689911007324,12.671403744928249,5.659417922997868,35.04051157893344
Daylight_Far_20260114_211200_T12,1736910004.24,106,Daylight,Far,4,4,1280,720,23.89967623801777,2,3,bob,4,1,0.8886157530266836,1069.4897855995953,257.112177124235,1173.1089394519825,433.33150325151075,18259.697465746176,bob,0.8379365842965291,diana,0.7105914208648592,0.1273451634316699,bob,bob,bob,1,1,1,0,0,16.709689911007324,12.671403744928249,5.659417922997868,35.04051157893344
Daylight_Far_20260114_211200_T12,1736910004.28,107,Daylight,Far,4,4,1280,720,24.37504504599531,1,0,diana,-1,0,-1.0,-1.0,-1.0,-1.0,-1.0,0.0,unknown,-1.0,unknown,-1.0,-1.0,unknown,unknown,unknown,0,0,0,0,1,9.364564980086058,4.981379245591823,5.49464942266013,19.84059364833801
Daylight_Far_20260114_211200_T12,1736910004.28,107,Daylight,Far,4,4,1280,720,24.37504504599531,1,1,chen,2,1,0.7656638741927584,428.11860218397123,222.66431200050783,540.396603859732,365.47892147214304,16034.93896157937,chen,0.8372346104556087,bob,0.6787985171788021,0.15843609327680652,chen,chen,chen,2,1,1,0,0,9.364564980086058,4.981379245591823,5.49464942266013,19.84059364833801
Daylight_Far_20260114_211200_T12,1736910004.28,107,Daylight,Far,4,4,1280,720,24.37504504599531,1,2,alice,3,1,0.7782086698517391,745.0115197606209,214.12573144723953,872.0940836875728,413.7931087604659,25374.24224153492,alice,0.8879178564260954,diana,0.8017099500502328,0.08620790637586262,alice,alice,alice,2,1,1,0,0,9.364564980086058,4.981379245591823,5.49464942266013,19.84059364833801
Daylight_Far_20260114_211200_T12,1736910004.28,107,Daylight,Far,4,4,1280,720,24.37504504599531,1,3,bob,-1,0,-1.0,-1.0,-1.0,-1.0,-1.0,0.0,unknown,-1.0,unknown,-1.0,-1.0,unknown,unknown,unknown,0,0,0,0,1,9.364564980086058,4.981379245591823,5.49464942266013,19.84059364833801
Daylight_Far_20260114_211200_T12,1736910004.32,108,Daylight,Far,4,4,1280,720,26.153195483071926,2,0,diana,1,1,0.8478691206173267,87.96093979902675,264.3086661003386,207.1539308545058,472.4623044650845,24810.454755774583,chen,0.8823684840212889,diana,0.7850663101038131,0.09730217391747575,chen,chen,chen,2,0,0,1,0,14.779790897267738,11.449728896784764,2.5833249556821283,28.81284474973463
Daylight_Far_20260114_211200_T12,1736910004.32,108,Daylight,Far,4,4,1280,720,26.153195483071926,2,1,chen,2,1,0.7643304749019139,426.51698135392576,180.15097327758156,527.595286251539,374.5257757214931,19647.07554583904,chen,0.8370974098630473,bob,0.7015814025677021,0.1355160072953452,chen,chen,chen,3,1,1,0,0,14.779790897267738,11.449728896784764,2.5833249556821283,28.81284474973463
Daylight_Far_20260114_211200_T12,1736910004.32,108,Daylight,Far,4,4,1280,720,26.153195483071926,2,2,alice,3,1,0.8492772154579855,724.799802801574,250.44205526874174,821.0794665836321,425.7687828199251,16880.398380636445,alice,0.788019328153593,diana,0.709201579418193,0.07881774873540004,alice,alice,alice,2,1,1,0,0,14.779790897267738,11.449728896784764,2.5833249556821283,28.81284474973463
Daylight_Far_20260114_211200_T12,1736910004.32,108,Daylight,Far,4,4,1280,720,26.153195483071926,2,3,bob,4,1,0.9008985832937785,1085.9796640348259,248.795664135998,1203.9216711321596,447.8897974244253,23481.561681341205,bob,0.8658504341541753,chen,0.7814264772739571,0.0844239568802182,bob,bob,bob,2,1,1,0,0,14.779790897267738,11.449728896784764,2.5833249556821283,28.81284474973463
Daylight_Far_20260114_211200_T12,1736910004.36,109,Daylight,Far,4,4,1280,720,25.40056537249915,3,0,diana,1,1,0.8133013691432505,110.24391038607277,273.28057022591025,209.39092449808814,486.7521423685627,21165.06897574167,bob,0.8470165057930091,diana,0.754814843431636,0.09220166236137317,bob,bob,bob,1,0,0,1,0,12.521529526926535,7.648802927925425,6.344494064260742,26.514826519112702
Daylight_Far_20260114_211200_T12,1736910004.36,109,Daylight,Far,4,4,1280,720,25.40056537249915,3,1,chen,2,1,0.8312258341010165,448.7373438888766,266.1515880490508,532.0360617543874,425.2056465212536,13248.999142040488,chen,0.8759563253874916,alice,0.7426018175197538,0.13335450786773773,chen,chen,chen,2,1,1,0,0,12.521529526926535,7.648802927925425,6.344494064260742,26.514826519112702
Daylight_Far_20260114_211200_T12,1736910004.36,109,Daylight,Far,4,4,1280,720,25.40056537249915,3,2,alice,3,1,0.795756974873913,767.2334360728504,105.1886547484413,872.3395028385002,305.41369717358873,21044.8666772926,bob,0.6654737508698131,alice,0.6448827477108579,0.020591003158955234,unknown,unknown,unknown,0,0,0,0,0,12.521529526926535,7.648802927925425,6.344494064260742,26.514826519112702
Daylight_Far_20260114_211200_T12,1736910004.36,109,Daylight,Far,4,4,1280,720,25.40056537249915,3,3,bob,4,1,0.7842886618287995,1071.4391873586771,274.6755799073992,1177.2627614762112,430.2695797883423,16465.51317864456,bob,0.9065644703535138,diana,0.7958031292249552,0.11076134112855862,bob,bob,bob,3,1,1,0,0,12.521529526926535,7.648802927925425,6.344494064260742,26.514826519112702
Daylight_Far_20260114_211200_T12,1736910004.4,110,Daylight,Far,4,4,1280,720,26.676298506195973,3,0,diana,1,1,0.7355059646877634,90.11072583909757,313.21127323101996,207.81785649237733,481.2692607473233,19781.623493908777,diana,0.8131352408905757,alice,0.6587384159070496,0.15439682498352603,diana,diana,diana,2,1,1,0,0,10.410542698842919,8.221051123316201,3.9512363104871735,22.582830132646293
Daylight_Far_20260114_211200_T12,1736910004.4,110,Daylight,Far,4,4,1280,720,26.676298506195973,3,1,chen,2,1,0.6009550247721165,413.85128553806436,272.7356162420951,513.7320613358045,484.25528939757777,21126.749051254035,chen,0.8717698168252024,alice,0.81049652884109,0.06127328798411236,chen,chen,chen,2,1,1,0,0,10.410542698842919,8.221051123316201,3.9512363104871735,22.582830132646293
Daylight_Far_20260114_211200_T12,1736910004.4,110,Daylight,Far,4,4,1280,720,26.676298506195973,3,2,alice,3,1,0.9296916122827382,742.8524949633603,275.3749299832373,843.9304550953055,424.42456302982237,15065.632866763795,alice,0.6984678458664791,bob,0.6860865056627414,0.012381340203737712,unknown,unknown,unknown,0,0,0,0,0,10.410542698842919,8.221051123316201,3.9512363104871735,22.582830132646293
Daylight_Far_20260114_211200_T12,1736910004.4,110,Daylight,Far,4,4,1280,720,26.676298506195973,3,3,bob,4,1,0.7046052730914352,1074.7591736614743,269.63035343027855,1166.9160660144119,466.8693369578825,18176.931772756227,bob,0.8863634203616141,alice,0.7647346205864102,0.12162879977520391,bob,bob,bob,1,1,1,0,0,10.410542698842919,8.221051123316201,3.9512363104871735,22.582830132646293
Daylight_Far_20260114_211200_T12,1736910004.44,111,Daylight,Far,4,4,1280,720,27.750123207231823,2,0,diana,1,1,0.7020980399137152,111.78239019726476,259.01356539443475,238.45834765551393,440.2332117142888,22956.172207812793,diana,0.9190611045119548,chen,0.7916082879773398,0.12745281653461493,diana,diana,diana,2,1,1,0,0,11.116558812233107,6.197905975675429,9.231389427140103,26.54585421504864
Daylight_Far_20260114_211200_T12,1736910004.44,111,Daylight,Far,4,4,1280,720,27.750123207231823,2,1,chen,2,1,0.7107251266583557,398.04636082227324,273.5577850817543,515.8643616392636,407.6365434957069,15796.891268356128,chen,0.9697574234557198,alice,0.8063799403656463,0.1633774830900735,chen,chen,chen,2,1,1,0,0,11.116558812233107,6.197905975675429,9.231389427140103,26.54585421504864
Daylight_Far_20260114_211200_T12,1736910004.44,111,Daylight,Far,4,4,1280,720,27.750123207231823,2,2,alice,3,1,0.6652885264675998,746.7917583702799,239.93713807572175,855.0412866217625,437.5632044453793,21392.928454711626,alice,0.8031565809360315,bob,0.6671010104022081,0.13605557053382333,alice,alice,alice,1,1,1,0,0,11.116558812233107,6.197905975675429,9.231389427140103,26.54585421504864
Daylight_Far_20260114_211200_T12,1736910004.44,111,Daylight,Far,4,4,1280,720,27.750123207231823,2,3,bob,4,1,0.8567563102451564,1079.3566639788855,249.94266874441183,1166.220397244595,386.71977295463665,11880.969896973116,bob,0.8149166753795393,chen,0.6752639665488017,0.13965270883073755,bob,bob,bob,2,1,1,0,0,11.116558812233107,6.197905975675429,9.231389427140103,26.54585421504864
Daylight_Far_20260114_211200_T12,1736910004.48,112,Daylight,Far,4,4,1280,720,25.344562661080047,0,0,diana,1,1,0.7657204203459703,117.85117550830154,265.40379742424994,219.96891986240513,406.4337080767811,14401.656362297248,diana,0.8223815707003056,chen,0.726978058393394,0.09540351230691158,diana,diana,diana,1,1,1,0,0,13.437994565808259,9.83305514853928,7.07727744797306,30.348327162320597
Daylight_Far_20260114_211200_T12,1736910004.48,112,Daylight,Far,4,4,1280,720,25.344562661080047,0,1,chen,2,1,0.738626648745917,414.0754828173286,236.40868419808146,533.956884063436,433.0538271606796,23574.095286597374,chen,0.8713602763149312,alice,0.7135838485627419,0.15777642775218925,chen,chen,chen,2,1,1,0,0,13.437994565808259,9.83305514853928,7.07727744797306,30.348327162320597
Daylight_Far_20260114_211200_T12,1736910004.48,112,Daylight,Far,4,4,1280,720,25.344562661080047,0,2,alice,3,1,0.8063568171606261,773.2350022140591,217.2605317116254,891.1544158402593,396.6657427706497,21155.35728956482,alice,0.8159875673570174,bob,0.7906061477929858,0.025381419564031615,unknown,unknown,unknown,0,0,0,0,0,13.437994565808259,9.83305514853928,7.07727744797306,30.348327162320597
Daylight_Far_20260114_211200_T12,1736910004.48,112,Daylight,Far,4,4,1280,720,25.344562661080047,0,3,bob,4,1,0.7464730970517305,1057.2326060328232,255.37201492544335,1164.301046176799,415.5712898767138,17152.286481228417,bob,0.905300347060272,diana,0.7712304150017233,0.13406993205854867,bob,bob,bob,3,1,1,0,0,13.437994565808259,9.83305514853928,7.07727744797306,30.348327162320597
Daylight_Far_20260114_211200_T12,1736910004.52,113,Daylight,Far,4,4,1280,720,23.35493036062861,2,0,diana,1,1,0.6056759978466123,87.40368328081118,162.91194102547817,188.89840473050302,334.49527098408726,17414.802279559593,diana,0.8044957469357817,chen,0.7338079171866424,0.07068782974913934,diana,diana,diana,1,1,1,0,0,11.82473397794521,6.510430101330153,7.991510752367056,26.326674831642418
Daylight_Far_20260114_211200_T12,1736910004.52,113,Daylight,Far,4,4,1280,720,23.35493036062861,2,1,chen,2,1,0.7296525881549312,445.2539924615613,169.58132382742696,527.8799152310721,378.29692489993016,17245.319135008674,chen,0.9087350312762459,diana,0.77842835420106,0.13030667707518584,chen,chen,chen,2,1,1,0,0,11.82473397794521,6.510430101330153,7.991510752367056,26.326674831642418
Daylight_Far_20260114_211200_T12,1736910004.52,113,Daylight,Far,4,4,1280,720,23.35493036062861,2,2,alice,3,1,0.8158754224038696,739.7034546377369,232.4455514652291,835.9061704339241,389.84964362435016,15142.70114314079,alice,0.7523359568971036,bob,0.6735546596433878,0.07878129725371585,alice,alice,alice,2,1,1,0,0,11.82473397794521,6.510430101330153,7.991510752367056,26.326674831642418
Daylight_Far_20260114_211200_T12,1736910004.52,113,Daylight,Far,4,4,1280,720,23.35493036062861,2,3,bob,4,1,0.8947629692942948,1047.9700761515503,224.18288124657133,1168.0105109323606,363.198788094585,16687.529899484183,bob,0.9562660592297102,chen,0.8143244070018922,0.14194165222781796,bob,bob,bob,2,1,1,0,0,11.82473397794521,6.510430101330153,7.991510752367056,26.326674831642418
Daylight_Far_20260114_211200_T12,1736910004.56,114,Daylight,Far,4,4,1280,720,23.329557197214648,0,0,diana,1,1,0.7256255828712473,124.17673128681318,246.6923108246317,224.033554413566,417.49551216376426,17055.86506560491,alice,0.7243336475693386,diana,0.6714288491933128,0.0529047983760258,unknown,unknown,unknown,0,0,0,0,0,11.198818107557445,7.36458926334323,11.668537387277272,30.231944758177946
Daylight_Far_20260114_211200_T12,1736910004.56,114,Daylight,Far,4,4,1280,720,23.329557197214648,0,1,chen,2,1,0.8570522996013765,443.76191291492773,236.44911562542526,541.6965947231347,413.15541210137906,17305.674918879216,chen,0.8102319000792649,alice,0.6920963102385489,0.11813558984071604,chen,chen,chen,3,1,1,0,0,11.198818107557445,7.36458926334323,11.668537387277272,30.231944758177946
Daylight_Far_20260114_211200_T12,1736910004.56,114,Daylight,Far,4,4,1280,720,23.329557197214648,0,2,alice,3,1,0.7503525022327363,754.5624730816207,276.2817852286485,855.4735668386904,441.1738158690027,16639.435163742386,alice,0.8089400869901024,chen,0.731601474089657,0.07733861290044541,alice,alice,alice,1,1,1,0,0,11.198818107557445,7.36458926334323,11.668537387277272,30.231944758177946
Daylight_Far_20260114_211200_T12,1736910004.56,114,Daylight,Far,4,4,1280,720,23.329557197214648,0,3,bob,4,1,0.9073457589797527,1053.823599005719,275.30204537217423,1153.3517822964288,447.84750568333106,17173.136199828725,chen,0.6131086024776694,diana,0.5714492469154576,0.041659355562211786,unknown,unknown,unknown,0,0,0,0,0,11.198818107557445,7.36458926334323,11.668537387277272,30.231944758177946
Daylight_Far_20260114_211200_T12,1736910004.6,115,Daylight,Far,4,4,1280,720,24.044767116873093,2,0,diana,1,1,0.6948515909329402,86.74842980263713,249.9540714297969,208.5008879367819,447.08938401814424,24001.708892674305,chen,0.8096520422006761,diana,0.7218917080686675,0.08776033413200857,chen,chen,chen,1,0,0,1,0,18.202622731172124,8.803233390790174,10.42112341744181,37.42697953940411
Daylight_Far_20260114_211200_T12,1736910004.6,115,Daylight,Far,4,4,1280,720,24.044767116873093,2,1,chen,2,1,0.7384828076937148,428.85448115440465,241.63596682222217,541.3613136708461,389.2902788379903,16612.118952288416,chen,0.7925210003563267,bob,0.6837798171427203,0.10874118321360637,chen,chen,chen,2,1,1,0,0,18.202622731172124,8.803233390790174,10.42112341744181,37.42697953940411
Daylight_Far_20260114_211200_T12,1736910004.6,115,Daylight,Far,4,4,1280,720,24.044767116873093,2,2,alice,3,1,0.8037266609727658,730.689275765428,300.037735395523,841.2849702489343,438.0791406942237,15266.78508648898,alice,0.8938486287901062,chen,0.7314213244650809,0.16242730432502528,alice,alice,alice,2,1,1,0,0,18.202622731172124,8.803233390790174,10.42112341744181,37.42697953940411
Daylight_Far_20260114_211200_T12,1736910004.6,115,Daylight,Far,4,4,1280,720,24.044767116873093,2,3,bob,4,1,0.7335167473633556,1063.0913739454913,221.53166370228308,1182.1715202422179,397.76662165144893,20986.084575184115,bob,0.9021420000340736,alice,0.7681038773738289,0.13403812266024473,bob,bob,bob,2,1,1,0,0,18.202622731172124,8.803233390790174,10.42112341744181,37.42697953940411
Daylight_Far_20260114_211200_T12,1736910004.64,116,Daylight,Far,4,4,1280,720,22.752936408594937,1,0,diana,1,1,0.7530491746476295,99.71358206931276,188.52753194458649,206.9442201309263,328.57864439203445,15017.770148978632,diana,0.9274831004702602,alice,0.8539851722223606,0.07349792824789958,diana,diana,diana,2,1,1,0,0,19.784670450635286,12.105521864318273,20.35310401640753,52.243296331361094
Daylight_Far_20260114_211200_T12,1736910004.64,116,Daylight,Far,4,4,1280,720,22.752936408594937,1,1,chen,-1,0,-1.0,-1.0,-1.0,-1.0,-1.0,0.0,unknown,-1.0,unknown,-1.0,-1.0,unknown,unknown,unknown,0,0,0,0,1,19.784670450635286,12.105521864318273,20.35310401640753,52.243296331361094
Daylight_Far_20260114_211200_T12,1736910004.64,116,Daylight,Far,4,4,1280,720,22.752936408594937,1,2,alice,3,1,0.746015110341981,759.1193384124853,143.7057139840252,875.8013722475795,288.86312031519867,16937.261396948503,alice,0.8278647532156899,bob,0.7316220671943804,0.09624268602130948,alice,alice,alice,1,1,1,0,0,19.784670450635286,12.105521864318273,20.35310401640753,52.243296331361094
Daylight_Far_20260114_211200_T12,1736910004.64,116,Daylight,Far,4,4,1280,720,22.752936408594937,1,3,bob,4,1,0.6730727000539062,1079.9578287306279,337.25348795342506,1172.6189046531829,480.19344832245815,13244.970520121982,diana,0.8500964742062943,alice,0.7735372879767531,0.07655918622954117,unknown,unknown,unknown,0,0,0,0,0,19.784670450635286,12.105521864318273,20.35310401640753,52.243296331361094
Daylight_Far_20260114_211200_T12,1736910004.68,117,Daylight,Far,4,4,1280,720,28.303062825336813,0,0,diana,1,1,0.8039539361033593,108.34499643143265,269.503779145848,209.33476419646496,425.58687058066363,15762.795156050333,diana,0.9091988141914128,bob,0.8127318221491552,0.09646699204225762,diana,diana,diana,3,1,1,0,0,13.571650589231373,6.0105853834399365,9.758164595735828,29.340400568407137
Daylight_Far_20260114_211200_T12,1736910004.68,117,Daylight,Far,4,4,1280,720,28.303062825336813,0,1,chen,2,1,0.8740637100358968,425.6798190116207,171.01014002183183,515.1154904113675,359.698278762193,16875.45037341279,chen,0.9336426861439526,diana,0.8065880715499063,0.12705461459404632,chen,chen,chen,3,1,1,0,0,13.571650589231373,6.0105853834399365,9.758164595735828,29.340400568407137
Daylight_Far_20260114_211200_T12,1736910004.68,117,Daylight,Far,4,4,1280,720,28.303062825336813,0,2,alice,3,1,0.7660481484435221,744.814916946306,283.96490476542147,865.9916852217494,490.2852428170362,25001.23179459168,bob,0.7721668399655298,alice,0.7483000559831982,0.023866783982331663,bob,bob,bob,1,0,0,1,0,13.571650589231373,6.0105853834399365,9.758164595735828,29.340400568407137
Daylight_Far_20260114_211200_T12,1736910004.68,117,Daylight,Far,4,4,1280,720,28.303062825336813,0,3,bob,4,1,0.6805196311107091,1056.9101898468682,182.91565276080664,1147.635218815178,353.4847488045111,15474.886179663497,bob,0.8305768276815976,alice,0.7421956811252002,0.0883811465563974,bob,bob,bob,3,1,1,0,0,13.571650589231373,6.0105853834399365,9.758164595735828,29.340400568407137
Daylight_Far_20260114_211200_T12,1736910004.72,118,Daylight,Far,4,4,1280,720,25.522960870994407,0,0,diana,1,1,0.6923676822215208,111.9899652764492,256.30272333892503,223.6299277357358,435.3707925180548,19991.152520814987,diana,0.8767329927931995,alice,0.7077921487057985,0.16894084408740095,diana,diana,diana,3,1,1,0,0,17.89899544792886,9.458396629122033,5.452493216866971,32.809885293917866
Daylight_Far_20260114_211200_T12,1736910004.72,118,Daylight,Far,4,4,1280,720,25.522960870994407,0,1,chen,2,1,0.6736559593716747,430.1090485940306,292.2855241473913,515.7209281089263,457.7222037602599,14163.345082361308,chen,0.8347337693993494,bob,0.7502973298150464,0.08443643958430302,chen,chen,chen,3,1,1,0,0,17.89899544792886,9.458396629122033,5.452493216866971,32.809885293917866
Daylight_Far_20260114_211200_T12,1736910004.72,118,Daylight,Far,4,4,1280,720,25.522960870994407,0,2,alice,3,1,0.7197011095933714,736.195454257673,263.6826872174548,855.6166092224801,430.68696259631645,19943.843449804353,alice,0.9070239746832733,bob,0.7952246767564761,0.11179929792679721,alice,alice,alice,2,1,1,0,0,17.89899544792886,9.458396629122033,5.452493216866971,32.809885293917866
Daylight_Far_20260114_211200_T12,1736910004.72,118,Daylight,Far,4,4,1280,720,25.522960870994407,0,3,bob,4,1,0.7948511020314815,1088.6518412020146,221.1709115145449,1171.6536846647782,375.9192002494995,12844.393237709253,bob,0.9069728957735177,chen,0.732380963709899,0.17459193206361867,bob,bob,bob,2,1,1,0,0,17.89899544792886,9.458396629122033,5.452493216866971,32.809885293917866
Daylight_Far_20260114_211200_T12,1736910004.76,119,Daylight,Far,4,4,1280,720,24.084729110245437,1,0,diana,1,1,0.8897007924789005,113.95676341632743,320.9119683683261,222.15480907820614,509.28377147904604,20381.460954384103,alice,0.7464705259454776,diana,0.693581892992068,0.05288863295340962,unknown,unknown,unknown,0,0,0,0,0,14.750995742328694,8.853021224448007,4.287905276796465,27.891922243573166
Daylight_Far_20260114_211200_T12,1736910004.76,119,Daylight,Far,4,4,1280,720,24.084729110245437,1,1,chen,2,1,0.7247606244638245,414.133719275872,254.97539942436242,525.7557155201274,388.4670902703083,14900.609014245472,chen,0.9372880530259102,alice,0.8334660369739205,0.10382201605198971,chen,chen,chen,1,1,1,0,0,14.750995742328694,8.853021224448007,4.287905276796465,27.891922243573166
Daylight_Far_20260114_211200_T12,1736910004.76,119,Daylight,Far,4,4,1280,720,24.084729110245437,1,2,alice,3,1,0.8198656515555395,764.6967085923999,229.29463969837343,868.3503238892152,404.7457109428468,18186.13784218879,alice,0.8530753240721832,bob,0.7341787939655648,0.11889653010661838,alice,alice,alice,2,1,1,0,0,14.750995742328694,8.853021224448007,4.287905276796465,27.891922243573166
Daylight_Far_20260114_211200_T12,1736910004.76,119,Daylight,Far,4,4,1280,720,24.084729110245437,1,3,bob,4,1,0.7693947981397649,1068.337290138681,213.2931258188653,1192.8909769648526,411.3026867815829,24662.820844738053,bob,0.8934546151370577,alice,0.808331863910445,0.08512275122661273,bob,bob,bob,3,1,1,0,0,14.750995742328694,8.853021224448007,4.287905276796465,27.891922243573166
Daylight_Far_20260114_211200_T12,1736910004.8,120,Daylight,Far,4,4,1280,720,24.527332003614923,4,0,diana,1,1,0.6681594803701502,111.21845058878299,155.69051282314015,210.02003675177596,313.4257004756096,15584.486733781323,diana,0.8528260580007375,chen,0.7856099740897661,0.06721608391097145,diana,diana,diana,3,1,1,0,0,14.175771793023724,6.757955932184698,12.255873917016748,33.18960164222517
Daylight_Far_20260114_211200_T12,1736910004.8,120,Daylight,Far,4,4,1280,720,24.527332003614923,4,1,chen,2,1,0.7737742016954812,420.6702403652369,275.4671686221682,546.6814396975255,429.16071487704926,19367.108093210143,chen,0.9300997411110963,alice,0.80743995886975,0.12265978224134633,chen,chen,chen,1,1,1,0,0,14.175771793023724,6.757955932184698,12.255873917016748,33.18960164222517
Daylight_Far_20260114_211200_T12,1736910004.8,120,Daylight,Far,4,4,1280,720,24.527332003614923,4,2,alice,3,1,0.8684835930144512,769.2674793195317,283.70971609195703,866.5659133750905,458.9443753050921,17050.05793369754,alice,0.8260764128658139,bob,0.7080128551888089,0.11806355767700505,alice,alice,alice,2,1,1,0,0,14.175771793023724,6.757955932184698,12.255873917016748,33.18960164222517
Daylight_Far_20260114_211200_T12,1736910004.8,120,Daylight,Far,4,4,1280,720,24.527332003614923,4,3,bob,4,1,0.8916673109535445,1088.9878484913418,209.11220024625015,1172.109386106819,384.67243151179525,14592.836366920907,bob,0.8467087251038454,chen,0.736244874162263,0.1104638509415824,bob,bob,bob,1,1,1,0,0,14.175771793023724,6.757955932184698,12.255873917016748,33.18960164222517
Daylight_Far_20260114_211200_T12,1736910004.84,121,Daylight,Far,4,4,1280,720,25.386083706012663,0,0,diana,1,1,0.45478277913682075,60.05338207115534,273.0914005249317,150.87207998425882,439.53851084220764,15116.509830413692,diana,0.8481868674962003,bob,0.7192728056101744,0.12891406188602594,diana,diana,diana,2,1,1,0,0,18.938047319681264,11.5216090868441,8.024069991835693,38.48372639836106
Daylight_Far_20260114_211200_T12,1736910004.84,121,Daylight,Far,4,4,1280,720,25.386083706012663,0,1,chen,2,1,0.717655691859022,443.21492484129914,247.1356258701784,532.3167425580015,415.84990320565123,15032.748785350464,chen,0.8664070438442507,alice,0.7212437189821277,0.14516332486212302,chen,chen,chen,3,1,1,0,0,18.938047319681264,11.5216090868441,8.024069991835693,38.48372639836106
Daylight_Far_20260114_211200_T12,1736910004.84,121,Daylight,Far,4,4,1280,720,25.386083706012663,0,2,alice,3,1,0.99,787.0434441912871,297.91191344416916,871.6707045018102,478.7929648169405,15307.467819764619,alice,0.9500834438467199,diana,0.7929527998298507,0.15713064401686927,alice,alice,alice,3,1,1,0,0,18.938047319681264,11.5216090868441,8.024069991835693,38.48372639836106
Daylight_Far_20260114_211200_T12,1736910004.84,121,Daylight,Far,4,4,1280,720,25.386083706012663,0,3,bob,4,1,0.6921916869691984,1050.7701885909626,260.145775705667,1168.1924765205897,441.12819947198545,21251.37027369044,bob,0.8753374895972297,diana,0.7324538365493036,0.14288365304792605,bob,bob,bob,1,1,1,0,0,18.938047319681264,11.5216090868441,8.024069991835693,38.48372639836106
Daylight_Far_20260114_211200_T12,1736910004.88,122,Daylight,Far,4,4,1280,720,28.38082165743888,1,0,diana,1,1,0.8756577705808333,98.75827583225599,159.59471662498635,197.80211548189953,370.8459867160813,20923.13692068595,diana,0.8726188695056764,alice,0.8043015982077519,0.06831727129792442,diana,diana,diana,1,1,1,0,0,13.758253431411156,12.248622842720602,11.495244232687218,37.502120506818976
Daylight_Far_20260114_211200_T12,1736910004.88,122,Daylight,Far,4,4,1280,720,28.38082165743888,1,1,chen,2,1,0.8387646960966375,443.2229487039817,248.62739360523614,543.7778952003616,442.3834599328347,19483.13088292072,chen,0.8473221044550727,alice,0.7009286808714899,0.14639342358358287,chen,chen,chen,3,1,1,0,0,13.758253431411156,12.248622842720602,11.495244232687218,37.502120506818976
Daylight_Far_20260114_211200_T12,1736910004.88,122,Daylight,Far,4,4,1280,720,28.38082165743888,1,2,alice,-1,0,-1.0,-1.0,-1.0,-1.0,-1.0,0.0,unknown,-1.0,unknown,-1.0,-1.0,unknown,unknown,unknown,0,0,0,0,1,13.758253431411156,12.248622842720602,11.495244232687218,37.502120506818976
Daylight_Far_20260114_211200_T12,1736910004.88,122,Daylight,Far,4,4,1280,720,28.38082165743888,1,3,bob,-1,0,-1.0,-1.0,-1.0,-1.0,-1.0,0.0,unknown,-1.0,unknown,-1.0,-1.0,unknown,unknown,unknown,0,0,0,0,1,13.758253431411156,12.248622842720602,11.495244232687218,37.502120506818976
Daylight_Far_20260114_211200_T12,1736910004.92,123,Daylight,Far,4,4,1280,720,24.224286928628654,0,0,diana,1,1,0.7688510601455478,106.48139887381566,209.51773490885398,207.75425836153508,400.3443536451497,19325.55734579748,diana,0.9546679243938283,chen,0.8466050929288601,0.1080628314649682,diana,diana,diana,2,1,1,0,0,22.50045630124198,18.577886884112797,20.366326917078258,61.44467010243303
Daylight_Far_20260114_211200_T12,1736910004.92,123,Daylight,Far,4,4,1280,720,24.224286928628654,0,1,chen,2,1,0.7868341402884774,429.82770962665904,264.113599866748,536.9205443663507,460.4280966524095,21023.87596127257,chen,0.8971161700314446,alice,0.7391010031764568,0.15801516685498784,chen,chen,chen,3,1,1,0,0,22.50045630124198,18.577886884112797,20.366326917078258,61.44467010243303
Daylight_Far_20260114_211200_T12,1736910004.92,123,Daylight,Far,4,4,1280,720,24.224286928628654,0,2,alice,3,1,0.6478907906298504,750.5150929997425,231.75517039190896,850.1183856283855,384.43268824436194,15207.183488472736,alice,0.8168310401270031,bob,0.7253208527580561,0.091510187368947,alice,alice,alice,2,1,1,0,0,22.50045630124198,18.577886884112797,20.366326917078258,61.44467010243303
Daylight_Far_20260114_211200_T12,1736910004.92,123,Daylight,Far,4,4,1280,720,24.224286928628654,0,3,bob,4,1,0.7509841534088413,1074.8173579088866,244.5446701296155,1157.4631429454894,395.56385832384353,12481.09936390243,bob,0.8529420848056666,alice,0.7051150255752232,0.14782705923044337,bob,bob,bob,1,1,1,0,0,22.50045630124198,18.577886884112797,20.366326917078258,61.44467010243303
Daylight_Far_20260114_211200_T12,1736910004.96,124,Daylight,Far,4,4,1280,720,22.925575643466196,0,0,diana,1,1,0.7454178507436879,100.70105769778257,296.2276617827679,219.02139750800256,453.41504709343906,18598.464843838596,diana,0.8917422363085828,bob,0.7734428614038217,0.11829937490476117,diana,diana,diana,2,1,1,0,0,31.05873875080161,17.238732338913106,12.368020654730866,60.66549174444558
Daylight_Far_20260114_211200_T12,1736910004.96,124,Daylight,Far,4,4,1280,720,22.925575643466196,0,1,chen,2,1,0.6699024586690168,424.4337233501465,205.5519331401243,552.4182981214027,416.50351816524346,26998.548906762368,chen,0.874527375170243,diana,0.7928576628438755,0.08166971232636755,chen,chen,chen,2,1,1,0,0,31.05873875080161,17.238732338913106,12.368020654730866,60.66549174444558
Daylight_Far_20260114_211200_T12,1736910004.96,124,Daylight,Far,4,4,1280,720,22.925575643466196,0,2,alice,3,1,0.99,775.2080364262263,150.7785307506971,870.513511403612,361.732289013721,20105.04812952211,alice,0.8368839503583518,bob,0.7727325188451013,0.06415143151325053,alice,alice,alice,1,1,1,0,0,31.05873875080161,17.238732338913106,12.368020654730866,60.66549174444558
Daylight_Far_20260114_211200_T12,1736910004.96,124,Daylight,Far,4,4,1280,720,22.925575643466196,0,3,bob,4,1,0.6959298791701799,1073.742281611126,267.4655418739825,1167.7272964334613,461.89266945269253,18273.23646734916,bob,0.7923688191819543,chen,0.6560818472943406,0.13628697188761374,bob,bob,bob,1,1,1,0,0,31.05873875080161,17.238732338913106,12.368020654730866,60.66549174444558
Daylight_Far_20260114_211200_T12,1736910005.0,125,Daylight,Far,4,4,1280,720,27.50082441607557,1,0,diana,1,1,0.7753560160725234,78.9613751526193,232.90465325011263,174.31610530639043,402.7180400508218,16192.509674879582,diana,0.8190949064577013,alice,0.6995710806451786,0.11952382581252274,diana,diana,diana,1,1,1,0,0,16.291771073238746,9.775866359714781,4.2151343900464315,30.28277182299996
Daylight_Far_20260114_211200_T12,1736910005.0,125,Daylight,Far,4,4,1280,720,27.50082441607557,1,1,chen,2,1,0.6830098632983724,438.69337778357936,242.5102474398774,521.6186131676332,438.0920885892368,16218.67021415725,bob,0.7822188591045658,alice,0.752469720997668,0.029749138106897832,unknown,unknown,unknown,0,0,0,0,0,16.291771073238746,9.775866359714781,4.2151343900464315,30.28277182299996
Daylight_Far_20260114_211200_T12,1736910005.0,125,Daylight,Far,4,4,1280,720,27.50082441607557,1,2,alice,3,1,0.6776402274723329,717.4759456389363,229.58725714186187,839.0317308303263,363.0516914937523,16223.374112768763,alice,0.6783155104557138,diana,0.580367214628425,0.09794829582728881,alice,alice,alice,1,1,1,0,0,16.291771073238746,9.775866359714781,4.2151343900464315,30.28277182299996
Daylight_Far_20260114_211200_T12,1736910005.0,125,Daylight,Far,4,4,1280,720,27.50082441607557,1,3,bob,-1,0,-1.0,-1.0,-1.0,-1.0,-1.0,0.0,unknown,-1.0,unknown,-1.0,-1.0,unknown,unknown,unknown,0,0,0,0,1,16.291771073238746,9.775866359714781,4.2151343900464315,30.28277182299996
Daylight_Far_20260114_211200_T12,1736910005.04,126,Daylight,Far,4,4,1280,720,29.122668423972783,0,0,diana,1,1,0.6113621200502507,135.76542354449305,224.85999738727503,223.42452882096012,375.9678460552075,13245.978814482745,diana,0.8386625398368687,bob,0.6793703726848087,0.15929216715205996,diana,diana,diana,2,1,1,0,0,11.374996667390713,8.189891663330245,1.6748273819338237,21.23971571265478
Daylight_Far_20260114_211200_T12,1736910005.04,126,Daylight,Far,4,4,1280,720,29.122668423972783,0,1,chen,2,1,0.7731639529435759,438.1342606778482,185.61049421161314,519.7227622737635,395.70528046425613,17141.31880346724,chen,0.823539725872036,alice,0.6604279364144832,0.1631117894575529,chen,chen,chen,3,1,1,0,0,11.374996667390713,8.189891663330245,1.6748273819338237,21.23971571265478
Daylight_Far_20260114_211200_T12,1736910005.04,126,Daylight,Far,4,4,1280,720,29.122668423972783,0,2,alice,3,1,0.7289206309919878,758.4509757794159,231.85510586322408,842.5577000731718,395.44011807406326,13758.599520607737,alice,0.91402101831903,diana,0.8060147254965774,0.10800629282245267,alice,alice,alice,2,1,1,0,0,11.374996667390713,8.189891663330245,1.6748273819338237,21.23971571265478
Daylight_Far_20260114_211200_T12,1736910005.04,126,Daylight,Far,4,4,1280,720,29.122668423972783,0,3,bob,4,1,0.8825411904000271,1047.6561347066515,364.64687778775186,1160.7235251981404,550.1422163078475,20973.473874802567,bob,0.822828020378467,alice,0.6526543928654914,0.1701736275129756,bob,bob,bob,2,1,1,0,0,11.374996667390713,8.189891663330245,1.6748273819338237,21.23971571265478
Daylight_Far_20260114_211200_T12,1736910005.08,127,Daylight,Far,4,4,1280,720,25.42010608108531,3,0,diana,1,1,0.7486075935582794,72.99871923659975,199.13844599955206,194.7437432492385,405.099627291899,25074.74896210822,diana,0.7128207325341006,alice,0.6710649495503455,0.04175578298375515,unknown,unknown,unknown,0,0,0,0,0,19.81936882749361,17.142349660386223,6.301868051728956,43.26358653960879
Daylight_Far_20260114_211200_T12,1736910005.08,127,Daylight,Far,4,4,1280,720,25.42010608108531,3,1,chen,2,1,0.7909902288702558,455.48586164718637,265.88405062155914,549.6240741962957,402.2550475506704,12837.721894446615,chen,0.791774478431604,bob,0.6419116651863284,0.14986281324527562,chen,chen,chen,3,1,1,0,0,19.81936882749361,17.142349660386223,6.301868051728956,43.26358653960879
Daylight_Far_20260114_211200_T12,1736910005.08,127,Daylight,Far,4,4,1280,720,25.42010608108531,3,2,alice,3,1,0.6962908842968626,732.1376873207346,234.26684721825433,832.7514907105628,407.77882252672265,17457.699769466966,alice,0.8308360614054594,diana,0.661001699020423,0.16983436238503635,alice,alice,alice,2,1,1,0,0,19.81936882749361,17.142349660386223,6.301868051728956,43.26358653960879
Daylight_Far_20260114_211200_T12,1736910005.08,127,Daylight,Far,4,4,1280,720,25.42010608108531,3,3,bob,4,1,0.682849473275075,1063.9831632895994,296.2227787408016,1163.2675874099582,426.0771426807228,12892.515743290567,bob,0.8411780419305563,chen,0.7599233520495148,0.08125468988104156,bob,bob,bob,3,1,1,0,0,19.81936882749361,17.142349660386223,6.301868051728956,43.26358653960879
Daylight_Far_20260114_211200_T12,1736910005.12,128,Daylight,Far,4,4,1280,720,23.534800723286494,4,0,diana,1,1,0.767089034127357,114.23081230716443,273.3349054844637,212.60560054074304,417.16713258129033,14149.464881814305,diana,0.8895970033166999,bob,0.8243372666903614,0.06525973662633844,diana,diana,diana,2,1,1,0,0,14.259970597473739,8.648243947633627,8.135561763880137,31.043776308987503
Daylight_Far_20260114_211200_T12,1736910005.12,128,Daylight,Far,4,4,1280,720,23.534800723286494,4,1,chen,2,1,0.7640864487373852,434.07818401135427,260.8169939046676,553.0948996284492,405.4806856765465,17217.39746373279,chen,0.8873084894683958,bob,0.7907170190128505,0.09659147045554528,chen,chen,chen,2,1,1,0,0,14.259970597473739,8.648243947633627,8.135561763880137,31.043776308987503
Daylight_Far_20260114_211200_T12,1736910005.12,128,Daylight,Far,4,4,1280,720,23.534800723286494,4,2,alice,-1,0,-1.0,-1.0,-1.0,-1.0,-1.0,0.0,unknown,-1.0,unknown,-1.0,-1.0,unknown,unknown,unknown,0,0,0,0,1,14.259970597473739,8.648243947633627,8.135561763880137,31.043776308987503
Daylight_Far_20260114_211200_T12,1736910005.12,128,Daylight,Far,4,4,1280,720,23.534800723286494,4,3,bob,4,1,0.8834928916063954,1071.016761215095,285.64204427098537,1164.1037400148175,425.7282376772224,13040.200515740227,bob,0.5585792474801582,diana,0.5219607658957586,0.03661848158439962,unknown,unknown,unknown,0,0,0,0,0,14.259970597473739,8.648243947633627,8.135561763880137,31.043776308987503
Daylight_Far_20260114_211200_T12,1736910005.16,129,Daylight,Far,4,4,1280,720,23.775344031096203,0,0,diana,1,1,0.8382744427921031,124.11132804638305,232.74836604314478,207.1481448694305,407.22632916754026,14488.094663618855,bob,0.6749132849786607,alice,0.6267083980983096,0.04820488688035107,unknown,unknown,unknown,0,0,0,0,0,19.972662765511988,13.078984348428017,4.99734883518825,38.048995949128255
Daylight_Far_20260114_211200_T12,1736910005.16,129,Daylight,Far,4,4,1280,720,23.775344031096203,0,1,chen,2,1,0.7400013763873537,418.97768866805467,216.4000661848592,502.45720177416007,371.0034067061072,12906.2115912912,chen,0.9116856415024236,diana,0.7983725509634401,0.11331309053898353,chen,chen,chen,2,1,1,0,0,19.972662765511988,13.078984348428017,4.99734883518825,38.048995949128255
Daylight_Far_20260114_211200_T12,1736910005.16,129,Daylight,Far,4,4,1280,720,23.775344031096203,0,2,alice,3,1,0.7140603657902066,726.0177777286804,247.8967153172136,832.2931324447486,386.94549223874725,14777.458090171434,alice,0.8399688422903778,chen,0.7792696778087227,0.06069916448165513,unknown,unknown,unknown,0,0,0,0,0,19.972662765511988,13.078984348428017,4.99734883518825,38.048995949128255
Daylight_Far_20260114_211200_T12,1736910005.16,129,Daylight,Far,4,4,1280,720,23.775344031096203,0,3,bob,4,1,0.576513782402006,1075.356063772794,261.69484936512333,1156.464082102884,406.7699947161103,11766.757548368336,bob,0.8060184076975948,chen,0.7064653714744183,0.09955303622317646,bob,bob,bob,3,1,1,0,0,19.972662765511988,13.078984348428017,4.99734883518825,38.048995949128255
Daylight_Far_20260114_211200_T12,1736910005.2,130,Daylight,Far,4,4,1280,720,26.122331542728105,0,0,diana,1,1,0.872248940190894,95.1904461846762,231.44622695190014,213.49538784478062,391.0236157335953,18878.793670090246,alice,0.7296947289711722,chen,0.6810853916300577,0.0486093373411145,unknown,unknown,unknown,0,0,0,0,0,16.567122419301516,12.461743698920298,7.9454045932833,36.97427071150511
Daylight_Far_20260114_211200_T12,1736910005.2,130,Daylight,Far,4,4,1280,720,26.122331542728105,0,1,chen,2,1,0.6138850556248088,436.7677088069914,220.52568039117784,545.4546797599153,388.8125899859348,18290.594454882677,chen,0.8123153525934368,bob,0.7466288581258721,0.0656864944675647,unknown,unknown,unknown,0,0,0,0,0,16.567122419301516,12.461743698920298,7.9454045932833,36.97427071150511
Daylight_Far_20260114_211200_T12,1736910005.2,130,Daylight,Far,4,4,1280,720,26.122331542728105,0,2,alice,3,1,0.6593234636572757,739.0421694199005,234.9270864486038,850.0066587705675,434.07861199558175,22098.747335726723,alice,0.8948694170700623,diana,0.7599351172158931,0.13493429985416916,alice,alice,alice,1,1,1,0,0,16.567122419301516,12.461743698920298,7.9454045932833,36.97427071150511
Daylight_Far_20260114_211200_T12,1736910005.2,130,Daylight,Far,4,4,1280,720,26.122331542728105,0,3,bob,4,1,0.7592232034641013,1062.743755501453,343.50109199319746,1148.01341052405,500.05849306889814,13349.59558095934,bob,0.8534385840896652,alice,0.6789116329983221,0.17452695109134309,bob,bob,bob,1,1,1,0,0,16.567122419301516,12.461743698920298,7.9454045932833,36.97427071150511
Daylight_Far_20260114_211200_T12,1736910005.24,131,Daylight,Far,4,4,1280,720,26.148934482712747,1,0,diana,1,1,0.7230391382784239,77.09690957332046,247.36019290187724,196.15092080859299,427.4790760457099,21443.875537490596,diana,0.6147405504206234,bob,0.5573767747384761,0.05736377568214723,unknown,unknown,unknown,0,0,0,0,0,15.351811127111098,13.731345395963361,7.098892239387508,36.18204876246197
Daylight_Far_20260114_211200_T12,1736910005.24,131,Daylight,Far,4,4,1280,720,26.148934482712747,1,1,chen,2,1,0.7479290041428399,416.78739872256443,186.1821051935356,541.1617061727511,350.0137203793158,20376.443677176903,chen,0.8243546347026486,alice,0.6671709508310661,0.15718368387158244,chen,chen,chen,2,1,1,0,0,15.351811127111098,13.731345395963361,7.098892239387508,36.18204876246197
Daylight_Far_20260114_211200_T12,1736910005.24,131,Daylight,Far,4,4,1280,720,26.148934482712747,1,2,alice,3,1,0.7679086631831352,722.8141195517895,199.80307147743824,848.8915003582284,396.16656779331095,24756.995301500046,diana,0.8721848213648415,alice,0.7975507464235752,0.07463407494126639,diana,diana,diana,2,0,0,1,0,15.351811127111098,13.731345395963361,7.098892239387508,36.18204876246197
Daylight_Far_20260114_211200_T12,1736910005.24,131,Daylight,Far,4,4,1280,720,26.148934482712747,1,3,bob,4,1,0.712655053067134,1074.7224265811822,300.9716942780889,1174.5238104621928,432.3152485812417,13108.268483305326,bob,0.843272865950863,diana,0.7291802516653548,0.11409261428550821,bob,bob,bob,1,1,1,0,0,15.351811127111098,13.731345395963361,7.098892239387508,36.18204876246197
Daylight_Far_20260114_211200_T12,1736910005.28,132,Daylight,Far,4,4,1280,720,25.802301518409767,2,0,diana,1,1,0.9327973076186782,92.81407824933476,301.81492247010414,177.149263182316,492.58243746650686,16088.413656426896,diana,0.8610056901878443,chen,0.7198699357867323,0.14113575440111203,diana,diana,diana,3,1,1,0,0,14.872765046589247,9.807489861423717,13.70507855259678,38.38533346060974
Daylight_Far_20260114_211200_T12,1736910005.28,132,Daylight,Far,4,4,1280,720,25.802301518409767,2,1,chen,2,1,0.8114182411932576,445.53746489108477,316.46220961562904,530.33089187008,450.0011521800336,11323.224575187078,chen,0.8495736034934691,diana,0.733254527224896,0.11631907626857307,chen,chen,chen,3,1,1,0,0,14.872765046589247,9.807489861423717,13.70507855259678,38.38533346060974
Daylight_Far_20260114_211200_T12,1736910005.28,132,Daylight,Far,4,4,1280,720,25.802301518409767,2,2,alice,3,1,0.6216294352363113,724.7612645210421,268.09872154797443,811.3605307782165,435.26835089908974,14476.767242290382,alice,0.9639460933437599,diana,0.8123163267633657,0.15162976658039418,alice,alice,alice,1,1,1,0,0,14.872765046589247,9.807489861423717,13.70507855259678,38.38533346060974
Daylight_Far_20260114_211200_T12,1736910005.28,132,Daylight,Far,4,4,1280,720,25.802301518409767,2,3,bob,4,1,0.6847503740036289,1067.1753715325085,280.48982955393444,1172.1336388237487,442.5877826014099,17013.520283319835,alice,0.8444142151756703,chen,0.782329767999785,0.06208444717588524,unknown,unknown,unknown,0,0,0,0,0,14.872765046589247,9.807489861423717,13.70507855259678,38.38533346060974
Daylight_Far_20260114_211200_T12,1736910005.32,133,Daylight,Far,4,4,1280,720,21.028178266344906,0,0,diana,1,1,0.7512788729665587,119.96763868841985,313.9805306647622,209.78275008249642,463.18573695624696,13400.882223645875,diana,0.8335752666002467,bob,0.7213049415582713,0.11227032504197543,diana,diana,diana,3,1,1,0,0,11.382544100476819,7.502673210423803,6.726755698459935,25.611973009360558
Daylight_Far_20260114_211200_T12,1736910005.32,133,Daylight,Far,4,4,1280,720,21.028178266344906,0,1,chen,2,1,0.7620633104697062,416.85947999219684,289.2638671698718,536.5220988183564,431.83574962053876,17060.524825022192,chen,0.9030970619108285,diana,0.8409099733358707,0.062187088574957805,chen,chen,chen,2,1,1,0,0,11.382544100476819,7.502673210423803,6.726755698459935,25.611973009360558
Daylight_Far_20260114_211200_T12,1736910005.32,133,Daylight,Far,4,4,1280,720,21.028178266344906,0,2,alice,3,1,0.6839992344160815,720.2502020314557,262.00266523443065,831.9351743721461,405.9959753893861,16081.888861900648,alice,0.7865511483333812,diana,0.6826636590456755,0.10388748928770575,alice,alice,alice,2,1,1,0,0,11.382544100476819,7.502673210423803,6.726755698459935,25.611973009360558
Daylight_Far_20260114_211200_T12,1736910005.32,133,Daylight,Far,4,4,1280,720,21.028178266344906,0,3,bob,4,1,0.7393093963640709,1072.141364260865,168.47291720873946,1157.621359812069,378.0472646441144,17914.414286422325,bob,0.9138964297782946,diana,0.7796968653837009,0.13419956439459368,bob,bob,bob,2,1,1,0,0,11.382544100476819,7.502673210423803,6.726755698459935,25.611973009360558
Daylight_Far_20260114_211200_T12,1736910005.36,134,Daylight,Far,4,4,1280,720,25.688507158118973,0,0,diana,1,1,0.742190941043423,96.647209951009,228.07024791196358,200.55010837140765,366.9351755498445,14428.468470514747,diana,0.9622664087244459,chen,0.8356316006900586,0.12663480803438731,diana,diana,diana,3,1,1,0,0,10.40065469674787,5.876227594042558,6.2174593844465855,22.494341675237013
Daylight_Far_20260114_211200_T12,1736910005.36,134,Daylight,Far,4,4,1280,720,25.688507158118973,0,1,chen,2,1,0.7274136370385677,439.2542343663827,298.58778844374183,552.3710119061523,504.53454710879305,23296.033684951206,chen,0.8200833092582714,bob,0.6561474556546746,0.16393585360359686,chen,chen,chen,1,1,1,0,0,10.40065469674787,5.876227594042558,6.2174593844465855,22.494341675237013
Daylight_Far_20260114_211200_T12,1736910005.36,134,Daylight,Far,4,4,1280,720,25.688507158118973,0,2,alice,3,1,0.5765718973128512,720.4952448008579,261.8223028503054,811.2293873546897,399.4177363006112,12484.603673436324,alice,0.9240118426863244,diana,0.7680968808557653,0.15591496183055908,alice,alice,alice,2,1,1,0,0,10.40065469674787,5.876227594042558,6.2174593844465855,22.494341675237013
Daylight_Far_20260114_211200_T12,1736910005.36,134,Daylight,Far,4,4,1280,720,25.688507158118973,0,3,bob,4,1,0.8529122087378319,1064.0171146592047,235.86695732267503,1188.5108150194023,424.9818254300121,23543.60972381312,bob,0.791547342878316,diana,0.6639990671268732,0.12754827575144279,bob,bob,bob,2,1,1,0,0,10.40065469674787,5.876227594042558,6.2174593844465855,22.494341675237013
Daylight_Far_20260114_211200_T12,1736910005.4,135,Daylight,Far,4,4,1280,720,24.62356113144419,2,0,diana,1,1,0.6000873198889609,111.38681884345812,151.04817295308214,217.95459004400357,338.1675717219865,19940.89727518823,diana,0.8908802965894709,bob,0.8184940337092649,0.072386262880206,diana,diana,diana,2,1,1,0,0,13.687753471063855,7.074964476727354,14.451815885175483,35.214533832966694
Daylight_Far_20260114_211200_T12,1736910005.4,135,Daylight,Far,4,4,1280,720,24.62356113144419,2,1,chen,2,1,0.8302344809580917,434.53247806103684,224.90866165189576,532.23053027131,394.80582187864843,16598.621630210433,diana,0.7676137483368601,chen,0.7362871784642806,0.031326569872579535,unknown,unknown,unknown,0,0,0,0,0,13.687753471063855,7.074964476727354,14.451815885175483,35.214533832966694
Daylight_Far_20260114_211200_T12,1736910005.4,135,Daylight,Far,4,4,1280,720,24.62356113144419,2,2,alice,3,1,0.8517374414719072,726.3893715135699,258.65336641467997,850.7864920784203,450.030720820128,23806.791829356625,alice,0.8201922721134153,bob,0.6922757874867949,0.12791648462662042,alice,alice,alice,1,1,1,0,0,13.687753471063855,7.074964476727354,14.451815885175483,35.214533832966694
Daylight_Far_20260114_211200_T12,1736910005.4,135,Daylight,Far,4,4,1280,720,24.62356113144419,2,3,bob,4,1,0.6051304959923179,1078.5831290885735,246.86151114607918,1201.0419651687612,382.4831923083578,16608.073222370953,bob,0.7912710142876848,chen,0.6329835943586593,0.1582874199290255,bob,bob,bob,2,1,1,0,0,13.687753471063855,7.074964476727354,14.451815885175483,35.214533832966694
Daylight_Far_20260114_211200_T12,1736910005.44,136,Daylight,Far,4,4,1280,720,23.95832538123957,0,0,diana,1,1,0.6959479404356671,86.70441411571092,203.46052326891055,212.63618330688462,361.55623116437124,19909.272196806374,diana,0.9199910918674165,alice,0.8262442806928363,0.09374681117458017,diana,diana,diana,1,1,1,0,0,28.433897415755997,25.621664786375987,11.227565647244788,65.28312784937677
Daylight_Far_20260114_211200_T12,1736910005.44,136,Daylight,Far,4,4,1280,720,23.95832538123957,0,1,chen,2,1,0.772057264079221,436.78737278250435,251.7849702398156,558.2855948487237,419.9628847465194,20433.317603369152,chen,0.8690430344501724,alice,0.6958720833061331,0.17317095114403924,chen,chen,chen,3,1,1,0,0,28.433897415755997,25.621664786375987,11.227565647244788,65.28312784937677
Daylight_Far_20260114_211200_T12,1736910005.44,136,Daylight,Far,4,4,1280,720,23.95832538123957,0,2,alice,3,1,0.7243471740352405,734.4649943225668,305.4434133537742,848.2914661900093,444.67492237139356,15848.231444255616,alice,0.854833865200284,diana,0.6942560356291335,0.16057782957115052,alice,alice,alice,2,1,1,0,0,28.433897415755997,25.621664786375987,11.227565647244788,65.28312784937677
Daylight_Far_20260114_211200_T12,1736910005.44,136,Daylight,Far,4,4,1280,720,23.95832538123957,0,3,bob,4,1,0.6669217508317151,1089.802391631829,245.52033690159072,1183.439236797354,452.3252448580968,19364.559145793977,bob,0.8668006671570923,chen,0.7731175059257082,0.0936831612313841,bob,bob,bob,1,1,1,0,0,28.433897415755997,25.621664786375987,11.227565647244788,65.28312784937677
Daylight_Far_20260114_211200_T12,1736910005.48,137,Daylight,Far,4,4,1280,720,24.515507340744804,1,0,diana,1,1,0.6435397189948273,106.78983765310025,226.38809398303118,209.82674170249894,408.6206632821159,18776.67975754519,diana,0.9314775984205216,bob,0.795841112933638,0.13563648548688356,diana,diana,diana,2,1,1,0,0,24.45730052522286,17.472109968813783,9.26260369818569,51.19201419222233
Daylight_Far_20260114_211200_T12,1736910005.48,137,Daylight,Far,4,4,1280,720,24.515507340744804,1,1,chen,2,1,0.737671328831794,392.7433293860061,296.1099234843811,518.6550825146243,448.24128907314133,19155.12694713153,chen,0.6696545415734888,bob,0.6290955792106675,0.040558962362821305,unknown,unknown,unknown,0,0,0,0,0,24.45730052522286,17.472109968813783,9.26260369818569,51.19201419222233
Daylight_Far_20260114_211200_T12,1736910005.48,137,Daylight,Far,4,4,1280,720,24.515507340744804,1,2,alice,3,1,0.8460816599936734,754.9635324203865,327.46805182895775,871.6123366227642,490.2091783738947,18983.557806014727,alice,0.8867406534949784,diana,0.8107320328009626,0.07600862069401582,alice,alice,alice,2,1,1,0,0,24.45730052522286,17.472109968813783,9.26260369818569,51.19201419222233
Daylight_Far_20260114_211200_T12,1736910005.48,137,Daylight,Far,4,4,1280,720,24.515507340744804,1,3,bob,-1,0,-1.0,-1.0,-1.0,-1.0,-1.0,0.0,unknown,-1.0,unknown,-1.0,-1.0,unknown,unknown,unknown,0,0,0,0,1,24.45730052522286,17.472109968813783,9.26260369818569,51.19201419222233
Daylight_Far_20260114_211200_T12,1736910005.52,138,Daylight,Far,4,4,1280,720,25.00693250863948,1,0,diana,-1,0,-1.0,-1.0,-1.0,-1.0,-1.0,0.0,unknown,-1.0,unknown,-1.0,-1.0,unknown,unknown,unknown,0,0,0,0,1,12.648226665756459,10.305530602100252,4.24271312023045,27.19647038808716
Daylight_Far_20260114_211200_T12,1736910005.52,138,Daylight,Far,4,4,1280,720,25.00693250863948,1,1,chen,2,1,0.6904294469309271,431.9388461107172,265.80156208571395,530.8430060391356,439.55480865053426,17184.91888632891,chen,0.9141280075522185,bob,0.7597787326533595,0.15434927489885897,chen,chen,chen,2,1,1,0,0,12.648226665756459,10.305530602100252,4.24271312023045,27.19647038808716
Daylight_Far_20260114_211200_T12,1736910005.52,138,Daylight,Far,4,4,1280,720,25.00693250863948,1,2,alice,3,1,0.8379591193845034,768.0278248579322,293.70633538871607,851.5084655388438,445.0597581154361,12635.08069847544,alice,0.8546897922115189,diana,0.7859490575184926,0.06874073469302622,alice,alice,alice,1,1,1,0,0,12.648226665756459,10.305530602100252,4.24271312023045,27.19647038808716
Daylight_Far_20260114_211200_T12,1736910005.52,138,Daylight,Far,4,4,1280,720,25.00693250863948,1,3,bob,4,1,0.8132274670240583,1046.1806489137061,244.27349037824118,1146.9294627847753,379.00593907264283,13574.134395905647,bob,0.9266655575716906,alice,0.814187614331525,0.11247794324016558,bob,bob,bob,2,1,1,0,0,12.648226665756459,10.305530602100252,4.24271312023045,27.19647038808716
Daylight_Far_20260114_211200_T12,1736910005.56,139,Daylight,Far,4,4,1280,720,26.660045690484555,1,0,diana,1,1,0.6943495142636751,133.45360291899084,289.21814577027294,216.29416903193123,443.2710441401284,12761.829312298101,bob,0.7680664963934623,diana,0.6797074811342999,0.08835901525916234,bob,bob,bob,2,0,0,1,0,19.201913210367533,7.207905308101122,9.037131157751453,35.44694967622011
Daylight_Far_20260114_211200_T12,1736910005.56,139,Daylight,Far,4,4,1280,720,26.660045690484555,1,1,chen,2,1,0.7985245156349968,456.85231419499604,175.31489266869016,546.1398499417336,326.12045539417625,13465.05707265871,chen,0.8748889274104803,alice,0.7358751930328113,0.13901373437766895,chen,chen,chen,3,1,1,0,0,19.201913210367533,7.207905308101122,9.037131157751453,35.44694967622011
Daylight_Far_20260114_211200_T12,1736910005.56,139,Daylight,Far,4,4,1280,720,26.660045690484555,1,2,alice,3,1,0.7862632924137503,733.7294080673363,234.11119939946497,827.6872035951745,445.3269293634003,19845.364368214538,alice,0.844152718918445,diana,0.6790967604475755,0.1650559584708695,alice,alice,alice,2,1,1,0,0,19.201913210367533,7.207905308101122,9.037131157751453,35.44694967622011
Daylight_Far_20260114_211200_T12,1736910005.56,139,Daylight,Far,4,4,1280,720,26.660045690484555,1,3,bob,4,1,0.8459617635301989,1064.6219727556804,234.16257561266642,1183.9252735080363,413.3059728942611,21372.398603684866,bob,0.8696024202686785,alice,0.7306164226132666,0.13898599765541186,bob,bob,bob,1,1,1,0,0,19.201913210367533,7.207905308101122,9.037131157751453,35.44694967622011
Daylight_Far_20260114_211200_T12,1736910005.6,140,Daylight,Far,4,4,1280,720,24.242217806874706,2,0,diana,1,1,0.8270111293340418,96.96303173289051,160.2228868453187,222.00096638321622,330.71364490705946,21317.812265008433,diana,0.7879959723527133,bob,0.7208097344635478,0.06718623788916556,diana,diana,diana,1,1,1,0,0,14.839006436334632,8.644243205993176,13.324715501044954,36.80796514337276
Daylight_Far_20260114_211200_T12,1736910005.6,140,Daylight,Far,4,4,1280,720,24.242217806874706,2,1,chen,2,1,0.8015569182843684,427.5594217363338,270.62712305508575,534.2388047675424,457.4459000853581,19929.71187223439,chen,0.818595694840957,diana,0.7221847046292402,0.09641099021171673,chen,chen,chen,2,1,1,0,0,14.839006436334632,8.644243205993176,13.324715501044954,36.80796514337276
Daylight_Far_20260114_211200_T12,1736910005.6,140,Daylight,Far,4,4,1280,720,24.242217806874706,2,2,alice,3,1,0.7915239066070695,768.343591270436,254.98548867461193,858.4380209723615,442.07965326204805,16856.14205906324,alice,0.5991134184604825,diana,0.5559681157665949,0.04314530269388761,unknown,unknown,unknown,0,0,0,0,0,14.839006436334632,8.644243205993176,13.324715501044954,36.80796514337276
Daylight_Far_20260114_211200_T12,1736910005.6,140,Daylight,Far,4,4,1280,720,24.242217806874706,2,3,bob,4,1,0.804964714298697,1046.7407944645056,221.6782392410982,1167.6644606890577,435.91538025404606,25906.34053275201,bob,0.8955285648656668,alice,0.7469357759595993,0.14859278890606753,bob,bob,bob,3,1,1,0,0,14.839006436334632,8.644243205993176,13.324715501044954,36.80796514337276
Daylight_Far_20260114_211200_T12,1736910005.64,141,Daylight,Far,4,4,1280,720,24.445886354094156,0,0,diana,1,1,0.8372242859908495,126.68896798104471,184.05321050640907,224.217041484469,396.4743117427057,20717.02077505187,chen,0.7484699044163902,diana,0.6938419764807704,0.05462792793561977,unknown,unknown,unknown,0,0,0,0,0,11.07026119205541,12.37023464500548,7.903659182025175,31.344155019086063
Daylight_Far_20260114_211200_T12,1736910005.64,141,Daylight,Far,4,4,1280,720,24.445886354094156,0,1,chen,2,1,0.8670985809461075,442.47949557905025,275.5342550437051,528.442062220094,476.8111476882955,17302.278297262816,chen,0.7206550927304608,diana,0.6900514900819705,0.03060360264849027,unknown,unknown,unknown,0,0,0,0,0,11.07026119205541,12.37023464500548,7.903659182025175,31.344155019086063
Daylight_Far_20260114_211200_T12,1736910005.64,141,Daylight,Far,4,4,1280,720,24.445886354094156,0,2,alice,3,1,0.7896891007848467,750.2205332643503,324.58556848561136,855.9033255182633,498.7284612102641,18403.907154314933,alice,0.9034573242684691,bob,0.7834932126870696,0.11996411158139952,alice,alice,alice,2,1,1,0,0,11.07026119205541,12.37023464500548,7.903659182025175,31.344155019086063
Daylight_Far_20260114_211200_T12,1736910005.64,141,Daylight,Far,4,4,1280,720,24.445886354094156,0,3,bob,4,1,0.8345007481621463,1109.5568538456341,246.99700321815715,1191.484000689311,450.06699731867434,16636.94522621766,bob,0.9077433436553017,chen,0.7856658900198439,0.12207745363545786,bob,bob,bob,3,1,1,0,0,11.07026119205541,12.37023464500548,7.903659182025175,31.344155019086063
Daylight_Far_20260114_211200_T12,1736910005.68,142,Daylight,Far,4,4,1280,720,26.864314804499713,0,0,diana,1,1,0.8608943728793993,90.55192513653942,189.57934660289897,215.85353490723645,390.86771052010505,25221.756026935807,diana,0.8408823515351164,bob,0.6843740250770782,0.15650832645803814,diana,diana,diana,3,1,1,0,0,12.573161590763958,6.312475410468908,5.40449012395327,24.290127125186135
Daylight_Far_20260114_211200_T12,1736910005.68,142,Daylight,Far,4,4,1280,720,26.864314804499713,0,1,chen,2,1,0.8107177327175886,435.13631339456435,358.5949464836576,526.3815875196949,491.18197688819157,12097.93993469872,chen,0.9888653760926326,diana,0.8680013685732653,0.12086400751936732,chen,chen,chen,2,1,1,0,0,12.573161590763958,6.312475410468908,5.40449012395327,24.290127125186135
Daylight_Far_20260114_211200_T12,1736910005.68,142,Daylight,Far,4,4,1280,720,26.864314804499713,0,2,alice,3,1,0.6779013413245092,753.2394615171155,204.62633896351525,849.5750497541,407.5349668395143,19547.32202479375,alice,0.8245286598486979,chen,0.7097029874100507,0.11482567243864727,alice,alice,alice,1,1,1,0,0,12.573161590763958,6.312475410468908,5.40449012395327,24.290127125186135
Daylight_Far_20260114_211200_T12,1736910005.68,142,Daylight,Far,4,4,1280,720,26.864314804499713,0,3,bob,4,1,0.9516995469066172,1036.499572549997,230.90163555434242,1139.4859787760156,436.0114629789572,21123.52400809993,bob,0.9158062093233797,diana,0.8431605683638949,0.07264564095948489,bob,bob,bob,2,1,1,0,0,12.573161590763958,6.312475410468908,5.40449012395327,24.290127125186135
Daylight_Far_20260114_211200_T12,1736910005.72,143,Daylight,Far,4,4,1280,720,23.619362968563927,0,0,diana,1,1,0.7338625875875725,121.49663739897238,217.5619207119583,209.93467853724007,408.1457581466154,16854.861255335127,diana,0.8367518775126997,bob,0.7307760681341988,0.10597580937850093,diana,diana,diana,2,1,1,0,0,16.625463711412536,7.895001503542659,5.8277594634705565,30.34822467842575
Daylight_Far_20260114_211200_T12,1736910005.72,143,Daylight,Far,4,4,1280,720,23.619362968563927,0,1,chen,2,1,0.8723824162040217,436.2427834720987,223.11303334547864,528.5278055544585,398.31263408249487,16168.299022836158,chen,0.9018261421894028,alice,0.7324997176837167,0.16932642450568614,chen,chen,chen,2,1,1,0,0,16.625463711412536,7.895001503542659,5.8277594634705565,30.34822467842575
Daylight_Far_20260114_211200_T12,1736910005.72,143,Daylight,Far,4,4,1280,720,23.619362968563927,0,2,alice,3,1,0.7882663091717672,742.1310912223195,242.18245967165345,854.3695080910157,404.9605123243788,18269.950930711177,alice,0.6274983956816704,bob,0.5949027767498496,0.032595618931820836,unknown,unknown,unknown,0,0,0,0,0,16.625463711412536,7.895001503542659,5.8277594634705565,30.34822467842575
Daylight_Far_20260114_211200_T12,1736910005.72,143,Daylight,Far,4,4,1280,720,23.619362968563927,0,3,bob,4,1,0.8852981908251905,1030.6678771612007,142.45778069489532,1147.9967405311306,351.7280891194175,24553.44742452385,bob,0.8506072037593474,diana,0.7176342454321865,0.13297295832716094,bob,bob,bob,1,1,1,0,0,16.625463711412536,7.895001503542659,5.8277594634705565,30.34822467842575
Daylight_Far_20260114_211200_T12,1736910005.76,144,Daylight,Far,4,4,1280,720,25.442776420496706,0,0,diana,1,1,0.6309200812008458,132.63463289444792,234.84284274770033,218.51715160861676,429.2957960731904,16700.1094030018,diana,0.8976431842219724,bob,0.8165093187869422,0.0811338654350302,diana,diana,diana,2,1,1,0,0,28.581400449562143,21.555233925364554,5.446870497583756,55.58350487251045
Daylight_Far_20260114_211200_T12,1736910005.76,144,Daylight,Far,4,4,1280,720,25.442776420496706,0,1,chen,2,1,0.9344793470745354,435.80954557377623,265.94390035506103,542.8476759304631,469.4322989297251,21781.017732708344,chen,0.8147045531149815,bob,0.709599860882309,0.10510469223267249,chen,chen,chen,2,1,1,0,0,28.581400449562143,21.555233925364554,5.446870497583756,55.58350487251045
Daylight_Far_20260114_211200_T12,1736910005.76,144,Daylight,Far,4,4,1280,720,25.442776420496706,0,2,alice,3,1,0.7850762177975003,735.7507867475738,238.20335300995623,822.27361979894,420.4068198786372,15764.760145259015,alice,0.8818060392063469,diana,0.8024268117589242,0.07937922744742276,alice,alice,alice,3,1,1,0,0,28.581400449562143,21.555233925364554,5.446870497583756,55.58350487251045
Daylight_Far_20260114_211200_T12,1736910005.76,144,Daylight,Far,4,4,1280,720,25.442776420496706,0,3,bob,4,1,0.6379288077634828,1060.5508467087445,257.38001819399886,1167.7676788812576,388.4164558776818,14049.311747615397,bob,0.8941267828133008,chen,0.7831096392500712,0.11101714356322967,bob,bob,bob,2,1,1,0,0,28.581400449562143,21.555233925364554,5.446870497583756,55.58350487251045
Daylight_Far_20260114_211200_T12,1736910005.8,145,Daylight,Far,4,4,1280,720,23.760634519217597,1,0,diana,1,1,0.6891297969961574,82.93320419867047,293.18216692676805,190.55011578986677,470.78522408918985,19113.09250097453,diana,0.8425829179684746,alice,0.778641895206999,0.06394102276147562,diana,diana,diana,2,1,1,0,0,14.391253868417156,12.928256434104327,12.116630484529711,39.436140787051194
Daylight_Far_20260114_211200_T12,1736910005.8,145,Daylight,Far,4,4,1280,720,23.760634519217597,1,1,chen,2,1,0.7237368628961172,406.1101065972794,200.3559001073627,530.1518541965276,381.81145832609036,22508.064553048094,chen,0.8986933749153331,diana,0.7917323731693141,0.10696100174601897,chen,chen,chen,2,1,1,0,0,14.391253868417156,12.928256434104327,12.116630484529711,39.436140787051194
Daylight_Far_20260114_211200_T12,1736910005.8,145,Daylight,Far,4,4,1280,720,23.760634519217597,1,2,alice,3,1,0.8129903959278295,758.6714169780222,260.189306955375,844.0456023519749,475.94025951526504,18419.561818454935,alice,0.8115803623557776,diana,0.6477277839325644,0.1638525784232132,alice,alice,alice,2,1,1,0,0,14.391253868417156,12.928256434104327,12.116630484529711,39.436140787051194
Daylight_Far_20260114_211200_T12,1736910005.8,145,Daylight,Far,4,4,1280,720,23.760634519217597,1,3,bob,4,1,0.837958780041633,1073.9571015373822,184.00874812858734,1175.840675769779,388.2919252150638,20813.10023711988,diana,0.5621352475741046,alice,0.5400601104517289,0.022075137122375743,unknown,unknown,unknown,0,0,0,0,0,14.391253868417156,12.928256434104327,12.116630484529711,39.436140787051194
Daylight_Far_20260114_211200_T12,1736910005.84,146,Daylight,Far,4,4,1280,720,25.757984802818402,2,0,diana,1,1,0.8943230220356297,139.64914869179228,221.70538810167855,241.93837784406963,397.9430389424749,18027.213452113265,diana,0.941522546815728,bob,0.8358330563080395,0.1056894905076885,diana,diana,diana,1,1,1,0,0,20.153418632332972,10.671182083410995,7.879057498565404,38.70365821430937
Daylight_Far_20260114_211200_T12,1736910005.84,146,Daylight,Far,4,4,1280,720,25.757984802818402,2,1,chen,2,1,0.7107759939624358,439.00885194970743,255.57281896227494,523.9503659201096,442.05493644456726,15840.073387352304,chen,0.7473407138570811,diana,0.5930580037846687,0.15428271007241245,chen,chen,chen,2,1,1,0,0,20.153418632332972,10.671182083410995,7.879057498565404,38.70365821430937
Daylight_Far_20260114_211200_T12,1736910005.84,146,Daylight,Far,4,4,1280,720,25.757984802818402,2,2,alice,3,1,0.755255843778081,730.1254538745105,216.96118345660852,842.4247132508652,403.68879223355543,20969.37217076885,alice,0.8759581456603958,bob,0.7393736642535641,0.13658448140683166,alice,alice,alice,1,1,1,0,0,20.153418632332972,10.671182083410995,7.879057498565404,38.70365821430937
Daylight_Far_20260114_211200_T12,1736910005.84,146,Daylight,Far,4,4,1280,720,25.757984802818402,2,3,bob,4,1,0.736714164514914,1058.0928191167004,217.20180040302452,1170.0312175669583,409.209449077317,21493.02868280008,bob,0.9320677179656848,diana,0.7788634216813306,0.15320429628435417,bob,bob,bob,2,1,1,0,0,20.153418632332972,10.671182083410995,7.879057498565404,38.70365821430937
Daylight_Far_20260114_211200_T12,1736910005.88,147,Daylight,Far,4,4,1280,720,26.243592850364045,0,0,diana,1,1,0.7794879031482396,133.938303116064,233.77975953835607,216.65945169978767,412.03739484858977,14745.67633668107,diana,0.8779940124333747,alice,0.7053121977542921,0.1726818146790826,diana,diana,diana,3,1,1,0,0,17.090543758563715,8.181281735075256,6.872588954717017,32.14441444835599
Daylight_Far_20260114_211200_T12,1736910005.88,147,Daylight,Far,4,4,1280,720,26.243592850364045,0,1,chen,2,1,0.7433615022200836,432.5409362525389,288.11884873514055,560.2852149590021,448.9627904457866,20546.89331813089,chen,0.8392815156584393,alice,0.7714398168186678,0.06784169883977154,chen,chen,chen,3,1,1,0,0,17.090543758563715,8.181281735075256,6.872588954717017,32.14441444835599
Daylight_Far_20260114_211200_T12,1736910005.88,147,Daylight,Far,4,4,1280,720,26.243592850364045,0,2,alice,3,1,0.7688173964425813,758.357818206158,307.7866283971113,839.2395112184835,464.75534556383144,12695.895594417207,alice,0.885427010695915,chen,0.7510243039545126,0.13440270674140242,alice,alice,alice,1,1,1,0,0,17.090543758563715,8.181281735075256,6.872588954717017,32.14441444835599
Daylight_Far_20260114_211200_T12,1736910005.88,147,Daylight,Far,4,4,1280,720,26.243592850364045,0,3,bob,4,1,0.7655814795290113,1080.0134094977261,341.35504587933895,1205.0918469041162,495.1820985482915,19240.447378663055,alice,0.811430384348596,bob,0.7855119811332519,0.02591840321534411,alice,alice,alice,2,0,0,1,0,17.090543758563715,8.181281735075256,6.872588954717017,32.14441444835599
Daylight_Far_20260114_211200_T12,1736910005.92,148,Daylight,Far,4,4,1280,720,27.20792097012205,0,0,diana,1,1,0.685788967696909,84.91651002567188,215.87241131241205,203.32581757005,349.71171773211734,15847.819595377143,diana,0.8610493469720292,chen,0.706925044573279,0.1541243023987502,diana,diana,diana,2,1,1,0,0,21.222329570232326,8.143423638978714,10.731997179436352,40.09775038864739
Daylight_Far_20260114_211200_T12,1736910005.92,148,Daylight,Far,4,4,1280,720,27.20792097012205,0,1,chen,2,1,0.8705974179855415,439.75539180859363,209.39390948089823,554.2065359374551,348.2097810165628,15887.63532050186,chen,0.9152617819709997,diana,0.794747408198784,0.12051437377221574,chen,chen,chen,2,1,1,0,0,21.222329570232326,8.143423638978714,10.731997179436352,40.09775038864739
Daylight_Far_20260114_211200_T12,1736910005.92,148,Daylight,Far,4,4,1280,720,27.20792097012205,0,2,alice,3,1,0.9373121998755634,752.5469320309937,220.53573097568741,848.525481734493,426.09973006915175,19729.734504242155,alice,0.8597084936268393,bob,0.7944070239303214,0.06530146969651796,alice,alice,alice,2,1,1,0,0,21.222329570232326,8.143423638978714,10.731997179436352,40.09775038864739
Daylight_Far_20260114_211200_T12,1736910005.92,148,Daylight,Far,4,4,1280,720,27.20792097012205,0,3,bob,4,1,0.8748280786881892,1050.3356620513373,213.19384091147376,1135.8577263392967,397.90001557268477,15796.453343759153,bob,0.8234137353667883,chen,0.7414032231155252,0.0820105122512631,bob,bob,bob,3,1,1,0,0,21.222329570232326,8.143423638978714,10.731997179436352,40.09775038864739
Daylight_Far_20260114_211200_T12,1736910005.96,149,Daylight,Far,4,4,1280,720,26.84495585320366,1,0,diana,1,1,0.7852316766578474,128.5007078238069,152.32337196286815,230.739519637161,363.596006155203,21600.263088501724,diana,0.9099887327205828,bob,0.7415516462443722,0.16843708647621058,diana,diana,diana,1,1,1,0,0,26.261467787953123,13.495652469884195,22.015434439734303,61.77255469757162
Daylight_Far_20260114_211200_T12,1736910005.96,149,Daylight,Far,4,4,1280,720,26.84495585320366,1,1,chen,2,1,0.7741416176768022,452.9904029789493,251.87873774891233,543.6922728139081,392.68688310446413,12771.562071741211,chen,0.874696080360061,diana,0.7365710020733905,0.13812507828667042,chen,chen,chen,2,1,1,0,0,26.261467787953123,13.495652469884195,22.015434439734303,61.77255469757162
Daylight_Far_20260114_211200_T12,1736910005.96,149,Daylight,Far,4,4,1280,720,26.84495585320366,1,2,alice,3,1,0.7799313431009941,754.9883577710262,245.93109413060031,844.4500691065012,403.7570224398662,14119.377639656917,alice,0.8734424728471731,bob,0.7217259943174272,0.1517164785297459,alice,alice,alice,2,1,1,0,0,26.261467787953123,13.495652469884195,22.015434439734303,61.77255469757162
Daylight_Far_20260114_211200_T12,1736910005.96,149,Daylight,Far,4,4,1280,720,26.84495585320366,1,3,bob,4,1,0.8377360390714355,1039.4129478093873,267.2114515753444,1160.710993464057,402.5663353810793,16418.282875450546,bob,0.8481445376801862,chen,0.7496939928389574,0.09845054484122873,bob,bob,bob,3,1,1,0,0,26.261467787953123,13.495652469884195,22.015434439734303,61.77255469757162
Daylight_Far_20260114_211200_T12,1736910006.0,150,Daylight,Far,4,4,1280,720,22.511442440188794,1,0,diana,1,1,0.7604608948046264,96.36545838349727,327.42428221746184,214.15681388410744,507.0354707571113,21156.645361160965,diana,0.8448885358880919,bob,0.7841994071766407,0.06068912871145116,diana,diana,diana,1,1,1,0,0,16.82674816218115,7.90752900893278,10.736213187151932,35.47049035826586
Daylight_Far_20260114_211200_T12,1736910006.0,150,Daylight,Far,4,4,1280,720,22.511442440188794,1,1,chen,2,1,0.7529324123285819,442.60326093415006,277.215155358727,558.3370894810395,455.3824153415444,20619.979119520463,chen,0.8765549374518941,alice,0.7172402218427586,0.15931471560913546,chen,chen,chen,2,1,1,0,0,16.82674816218115,7.90752900893278,10.736213187151932,35.47049035826586
Daylight_Far_20260114_211200_T12,1736910006.0,150,Daylight,Far,4,4,1280,720,22.511442440188794,1,2,alice,3,1,0.8035191472468975,730.9300679237119,204.75375290598134,824.6557216324061,413.9702146025783,19608.949639133523,alice,0.8301485427886179,chen,0.6797490444531418,0.15039949833547617,alice,alice,alice,1,1,1,0,0,16.82674816218115,7.90752900893278,10.736213187151932,35.47049035826586
Daylight_Far_20260114_211200_T12,1736910006.0,150,Daylight,Far,4,4,1280,720,22.511442440188794,1,3,bob,4,1,0.8120430969550363,1069.0200166294794,178.7325246919775,1169.5388884762428,373.2249647982295,19550.16066220466,bob,0.893747681452506,alice,0.7743697630798243,0.11937791837268175,bob,bob,bob,1,1,1,0,0,16.82674816218115,7.90752900893278,10.736213187151932,35.47049035826586
Daylight_Far_20260114_211200_T12,1736910006.04,151,Daylight,Far,4,4,1280,720,28.527271176553302,2,0,diana,1,1,0.606107065383368,110.09651276985718,192.07946547811179,231.61183392953612,381.68821789213354,23040.3684442759,diana,0.9009933531412854,alice,0.7967553727199906,0.10423798042129473,diana,diana,diana,2,1,1,0,0,13.888216347560782,12.425902084597677,8.039458907777124,34.35357733993558
Daylight_Far_20260114_211200_T12,1736910006.04,151,Daylight,Far,4,4,1280,720,28.527271176553302,2,1,chen,2,1,0.869490631301363,400.3148585083033,249.79022029218325,526.4189728688218,411.37702179960297,20376.76049644206,chen,0.888532372971575,diana,0.8057896129418872,0.08274276002968772,chen,chen,chen,3,1,1,0,0,13.888216347560782,12.425902084597677,8.039458907777124,34.35357733993558
Daylight_Far_20260114_211200_T12,1736910006.04,151,Daylight,Far,4,4,1280,720,28.527271176553302,2,2,alice,3,1,0.9041114706069432,748.5991538993056,316.8541119094553,837.0999900963003,469.4523577480671,13505.072358911704,alice,0.8355618589778133,bob,0.6586562475994766,0.1769056113783367,alice,alice,alice,2,1,1,0,0,13.888216347560782,12.425902084597677,8.039458907777124,34.35357733993558
Daylight_Far_20260114_211200_T12,1736910006.04,151,Daylight,Far,4,4,1280,720,28.527271176553302,2,3,bob,4,1,0.8038005410871014,1033.9550887442106,219.39058715044325,1156.7834893494255,434.091218323309,26371.335135893256,bob,0.8778035803984257,chen,0.7756045737688988,0.10219900662952686,bob,bob,bob,3,1,1,0,0,13.888216347560782,12.425902084597677,8.039458907777124,34.35357733993558
Daylight_Far_20260114_211200_T12,1736910006.08,152,Daylight,Far,4,4,1280,720,31.15308395327661,1,0,diana,1,1,0.8656438041710641,96.23469257163704,185.8884738756485,179.7003333057749,360.7303608729877,14593.290125398647,diana,0.8465391070438207,chen,0.729121977368818,0.11741712967500273,diana,diana,diana,2,1,1,0,0,17.911186064963776,8.881497656756922,13.020983623602556,39.81366734532325
Daylight_Far_20260114_211200_T12,1736910006.08,152,Daylight,Far,4,4,1280,720,31.15308395327661,1,1,chen,2,1,0.7631389662661722,458.3370984761882,238.10224996290165,564.6334278191975,447.4272538731301,22250.47955536836,chen,0.9048893411049855,alice,0.8366380350617878,0.06825130604319773,chen,chen,chen,1,1,1,0,0,17.911186064963776,8.881497656756922,13.020983623602556,39.81366734532325
Daylight_Far_20260114_211200_T12,1736910006.08,152,Daylight,Far,4,4,1280,720,31.15308395327661,1,2,alice,3,1,0.7984958677104007,758.5884992516783,176.81895975861056,874.4723861311261,375.49100657998434,23022.888999956438,bob,0.7248568807821896,alice,0.6560825122966453,0.0687743684855443,bob,bob,bob,1,0,0,1,0,17.911186064963776,8.881497656756922,13.020983623602556,39.81366734532325
Daylight_Far_20260114_211200_T12,1736910006.08,152,Daylight,Far,4,4,1280,720,31.15308395327661,1,3,bob,4,1,0.8770762691779656,1064.700490807749,275.5727471497008,1155.7898919716497,467.62263647148,17493.709411914275,diana,0.8550316602686919,bob,0.7809070482954721,0.07412461197321984,diana,diana,diana,1,0,0,1,0,17.911186064963776,8.881497656756922,13.020983623602556,39.81366734532325
Daylight_Far_20260114_211200_T12,1736910006.12,153,Daylight,Far,4,4,1280,720,23.07136700240533,0,0,diana,1,1,0.8054799086450688,138.40348619378577,229.53923238254555,251.63158858673225,403.79453528143887,19730.597279149795,diana,0.8404388455750864,alice,0.7592195859826524,0.08121925959243403,diana,diana,diana,2,1,1,0,0,16.7433108878082,14.538127517951642,8.118674250511036,39.40011265627088
Daylight_Far_20260114_211200_T12,1736910006.12,153,Daylight,Far,4,4,1280,720,23.07136700240533,0,1,chen,2,1,0.7377989662878791,438.3427181389343,353.6209544849162,530.3602061553063,510.0369653184349,14393.008402442023,chen,0.8693623542743473,diana,0.7504761469318171,0.11888620734253019,chen,chen,chen,2,1,1,0,0,16.7433108878082,14.538127517951642,8.118674250511036,39.40011265627088
Daylight_Far_20260114_211200_T12,1736910006.12,153,Daylight,Far,4,4,1280,720,23.07136700240533,0,2,alice,3,1,0.8301306107101065,726.2453676122414,312.5974279080324,853.1552746656,507.8415355832342,24778.411557775813,alice,0.8206903663622291,diana,0.7435144537589867,0.07717591260324241,alice,alice,alice,3,1,1,0,0,16.7433108878082,14.538127517951642,8.118674250511036,39.40011265627088
Daylight_Far_20260114_211200_T12,1736910006.12,153,Daylight,Far,4,4,1280,720,23.07136700240533,0,3,bob,4,1,0.7281329347835058,1061.9342148736093,174.09631002879928,1174.103217437663,349.06014412650984,19625.51875552276,bob,0.8235333498794916,alice,0.6551930650747877,0.16834028480470387,bob,bob,bob,2,1,1,0,0,16.7433108878082,14.538127517951642,8.118674250511036,39.40011265627088
Daylight_Far_20260114_211200_T12,1736910006.16,154,Daylight,Far,4,4,1280,720,26.307808478134206,0,0,diana,1,1,0.8957021145377575,138.0526811758861,219.3008504996977,219.04686564773624,397.9047202883263,14465.874777046485,diana,0.8561914988698307,alice,0.7790120451572149,0.07717945371261581,diana,diana,diana,2,1,1,0,0,14.923203306668825,9.19895410178925,9.865382485991772,33.987539894449846
Daylight_Far_20260114_211200_T12,1736910006.16,154,Daylight,Far,4,4,1280,720,26.307808478134206,0,1,chen,2,1,0.7401828211979254,452.52221465289483,196.68412530548068,568.8287791681652,378.62188042628685,21160.5552537215,chen,0.8521088015927413,diana,0.6888923926752657,0.16321640891747558,chen,chen,chen,2,1,1,0,0,14.923203306668825,9.19895410178925,9.865382485991772,33.987539894449846
Daylight_Far_20260114_211200_T12,1736910006.16,154,Daylight,Far,4,4,1280,720,26.307808478134206,0,2,alice,3,1,0.7836993992233685,745.4826773658308,311.48217552036385,854.6095919387299,489.06102730640623,19378.63218880895,alice,0.8540546273985755,bob,0.7382771385186457,0.11577748887992978,alice,alice,alice,1,1,1,0,0,14.923203306668825,9.19895410178925,9.865382485991772,33.987539894449846
Daylight_Far_20260114_211200_T12,1736910006.16,154,Daylight,Far,4,4,1280,720,26.307808478134206,0,3,bob,4,1,0.7127406162619034,1066.0996073153551,216.27411879703578,1167.2125280778646,381.3263057237787,16688.90869840266,bob,0.8881773301218969,alice,0.7709079295191534,0.11726940060274349,bob,bob,bob,2,1,1,0,0,14.923203306668825,9.19895410178925,9.865382485991772,33.987539894449846
Daylight_Far_20260114_211200_T12,1736910006.2,155,Daylight,Far,4,4,1280,720,24.534109571868264,0,0,diana,1,1,0.8688995043111377,97.40002371185847,170.7710261568492,186.04533762975115,336.3948396684468,14681.774941014088,diana,0.8285787650536702,chen,0.6772138247374974,0.15136494031617287,diana,diana,diana,1,1,1,0,0,17.783055906252788,10.937661683923388,4.936231811558965,33.65694940173514
Daylight_Far_20260114_211200_T12,1736910006.2,155,Daylight,Far,4,4,1280,720,24.534109571868264,0,1,chen,2,1,0.7230073955174712,420.83847724744317,201.5090306794591,534.933119680788,404.69421274804984,23182.340695869923,chen,0.847881567049526,bob,0.7312539818170691,0.11662758523245687,chen,chen,chen,1,1,1,0,0,17.783055906252788,10.937661683923388,4.936231811558965,33.65694940173514
Daylight_Far_20260114_211200_T12,1736910006.2,155,Daylight,Far,4,4,1280,720,24.534109571868264,0,2,alice,-1,0,-1.0,-1.0,-1.0,-1.0,-1.0,0.0,unknown,-1.0,unknown,-1.0,-1.0,unknown,unknown,unknown,0,0,0,0,1,17.783055906252788,10.937661683923388,4.936231811558965,33.65694940173514
Daylight_Far_20260114_211200_T12,1736910006.2,155,Daylight,Far,4,4,1280,720,24.534109571868264,0,3,bob,4,1,0.8651115551820131,1042.9090686872762,304.84799982181244,1165.1441359449934,494.5838971835294,23192.380175212806,bob,0.8314996739256413,diana,0.7582006585872071,0.07329901533843419,bob,bob,bob,2,1,1,0,0,17.783055906252788,10.937661683923388,4.936231811558965,33.65694940173514
Daylight_Far_20260114_211200_T12,1736910006.24,156,Daylight,Far,4,4,1280,720,25.963807650062655,4,0,diana,-1,0,-1.0,-1.0,-1.0,-1.0,-1.0,0.0,unknown,-1.0,unknown,-1.0,-1.0,unknown,unknown,unknown,0,0,0,0,1,12.721866759254132,7.35443571687872,13.133634592564297,33.20993706869715
Daylight_Far_20260114_211200_T12,1736910006.24,156,Daylight,Far,4,4,1280,720,25.963807650062655,4,1,chen,-1,0,-1.0,-1.0,-1.0,-1.0,-1.0,0.0,unknown,-1.0,unknown,-1.0,-1.0,unknown,unknown,unknown,0,0,0,0,1,12.721866759254132,7.35443571687872,13.133634592564297,33.20993706869715
Daylight_Far_20260114_211200_T12,1736910006.24,156,Daylight,Far,4,4,1280,720,25.963807650062655,4,2,alice,3,1,0.855325533059608,742.8922835989289,276.2688372006427,856.952374272572,427.66497594808914,17268.2573131732,diana,0.7931788771977201,alice,0.749575194454937,0.043603682742783034,diana,diana,diana,1,0,0,1,0,12.721866759254132,7.35443571687872,13.133634592564297,33.20993706869715
Daylight_Far_20260114_211200_T12,1736910006.24,156,Daylight,Far,4,4,1280,720,25.963807650062655,4,3,bob,4,1,0.7971068697103677,1073.2879491072963,281.68564284805296,1187.9288767404905,467.4552183644226,21296.79646322134,bob,0.7994182823356761,chen,0.7138714864614685,0.08554679587420766,bob,bob,bob,3,1,1,0,0,12.721866759254132,7.35443571687872,13.133634592564297,33.20993706869715
Daylight_Far_20260114_211200_T12,1736910006.28,157,Daylight,Far,4,4,1280,720,21.318302936591905,1,0,diana,1,1,0.6032991837617463,113.55622678476328,294.51831713359456,219.47041389642033,484.1800000804375,20087.862975543696,diana,0.8746899322521743,bob,0.7693504868861348,0.10533944536603945,diana,diana,diana,3,1,1,0,0,13.498449391423467,12.70479371523889,10.658440948085639,36.861684054748
Daylight_Far_20260114_211200_T12,1736910006.28,157,Daylight,Far,4,4,1280,720,21.318302936591905,1,1,chen,2,1,0.8226174931377913,438.36603621307677,221.32379929150483,534.9059928363396,424.68952836101215,19632.918663028453,chen,0.8257932072512529,bob,0.7367228054850414,0.0890704017662115,chen,chen,chen,3,1,1,0,0,13.498449391423467,12.70479371523889,10.658440948085639,36.861684054748
Daylight_Far_20260114_211200_T12,1736910006.28,157,Daylight,Far,4,4,1280,720,21.318302936591905,1,2,alice,3,1,0.7965664436060831,731.1574144640223,242.7590493636298,822.982142196178,428.05363101444715,17014.62451032999,alice,0.9371014818520295,chen,0.8196386664343682,0.11746281541766124,alice,alice,alice,2,1,1,0,0,13.498449391423467,12.70479371523889,10.658440948085639,36.861684054748
Daylight_Far_20260114_211200_T12,1736910006.28,157,Daylight,Far,4,4,1280,720,21.318302936591905,1,3,bob,4,1,0.6133070081953316,1052.9860290925108,238.70057108292525,1157.1447123437224,414.8426781576788,18346.72993800026,bob,0.8374671997508392,chen,0.7473908373714409,0.09007636237939831,bob,bob,bob,1,1,1,0,0,13.498449391423467,12.70479371523889,10.658440948085639,36.861684054748
Daylight_Far_20260114_211200_T12,1736910006.32,158,Daylight,Far,4,4,1280,720,24.866461393532063,0,0,diana,-1,0,-1.0,-1.0,-1.0,-1.0,-1.0,0.0,unknown,-1.0,unknown,-1.0,-1.0,unknown,unknown,unknown,0,0,0,0,1,11.256636940652879,5.262192405386761,8.223637668181452,24.74246701422109
Daylight_Far_20260114_211200_T12,1736910006.32,158,Daylight,Far,4,4,1280,720,24.866461393532063,0,1,chen,2,1,0.7256234166919866,407.5229436250279,281.3301427298683,530.9931028548879,416.8949166968079,16738.204227658007,chen,0.8641885766520644,diana,0.7094898808495862,0.1546986958024782,chen,chen,chen,3,1,1,0,0,11.256636940652879,5.262192405386761,8.223637668181452,24.74246701422109
Daylight_Far_20260114_211200_T12,1736910006.32,158,Daylight,Far,4,4,1280,720,24.866461393532063,0,2,alice,3,1,0.7821582330231405,749.0843137744132,136.46717879672093,865.2228753813729,347.72171221793815,24534.797644489558,alice,0.7683771291791108,chen,0.689416097040665,0.07896103213844585,unknown,unknown,unknown,0,0,0,0,0,11.256636940652879,5.262192405386761,8.223637668181452,24.74246701422109
Daylight_Far_20260114_211200_T12,1736910006.32,158,Daylight,Far,4,4,1280,720,24.866461393532063,0,3,bob,4,1,0.8774270484878285,1066.7516196479098,289.7459090685049,1181.4033167047648,464.98718198437115,20091.709334207553,bob,0.8896612019024048,diana,0.7221310346086667,0.16753016729373815,bob,bob,bob,1,1,1,0,0,11.256636940652879,5.262192405386761,8.223637668181452,24.74246701422109
Daylight_Far_20260114_211200_T12,1736910006.36,159,Daylight,Far,4,4,1280,720,23.796662645517724,0,0,diana,1,1,0.6780908157033921,108.84493317200779,200.33522375573912,190.7062883238244,330.472995063864,10653.2543157203,diana,0.8401222777299034,chen,0.7115802918860845,0.12854198584381893,diana,diana,diana,1,1,1,0,0,16.77131584113644,13.80275940246481,9.406866267457149,39.9809415110584
Daylight_Far_20260114_211200_T12,1736910006.36,159,Daylight,Far,4,4,1280,720,23.796662645517724,0,1,chen,2,1,0.6991977691098126,430.6463343958073,326.11204280604596,552.8339470726548,481.56532738849324,18994.465725903825,chen,0.9053165397663616,bob,0.783514848102167,0.12180169166419463,chen,chen,chen,3,1,1,0,0,16.77131584113644,13.80275940246481,9.406866267457149,39.9809415110584
Daylight_Far_20260114_211200_T12,1736910006.36,159,Daylight,Far,4,4,1280,720,23.796662645517724,0,2,alice,3,1,0.7615402245450464,789.6090889505358,245.02509603311086,879.0290066294335,421.2519357646091,15758.189501602872,alice,0.8719642232906695,diana,0.7588354949158616,0.11312872837480792,alice,alice,alice,1,1,1,0,0,16.77131584113644,13.80275940246481,9.406866267457149,39.9809415110584
Daylight_Far_20260114_211200_T12,1736910006.36,159,Daylight,Far,4,4,1280,720,23.796662645517724,0,3,bob,4,1,0.792504379523463,1081.6792586942638,306.04985688315406,1174.042108067812,461.1528297171963,14325.752517260185,bob,0.8799616300827332,diana,0.8014139206701885,0.07854770941254474,bob,bob,bob,2,1,1,0,0,16.77131584113644,13.80275940246481,9.406866267457149,39.9809415110584
Daylight_Far_20260114_211200_T12,1736910006.4,160,Daylight,Far,4,4,1280,720,24.269884844443748,2,0,diana,1,1,0.8695121534273782,107.15238383651678,282.1129566322964,212.56458402432867,438.1485548469463,16448.055715427658,diana,0.8403190445214662,alice,0.682037218424394,0.1582818260970722,diana,diana,diana,2,1,1,0,0,11.481697121181847,6.08366990387476,9.758188321614734,27.32355534667134
Daylight_Far_20260114_211200_T12,1736910006.4,160,Daylight,Far,4,4,1280,720,24.269884844443748,2,1,chen,-1,0,-1.0,-1.0,-1.0,-1.0,-1.0,0.0,unknown,-1.0,unknown,-1.0,-1.0,unknown,unknown,unknown,0,0,0,0,1,11.481697121181847,6.08366990387476,9.758188321614734,27.32355534667134
Daylight_Far_20260114_211200_T12,1736910006.4,160,Daylight,Far,4,4,1280,720,24.269884844443748,2,2,alice,3,1,0.6689748204040433,752.9897304330593,220.75720806391897,856.2943820400319,436.3860084806091,22275.4581034756,alice,0.8357003979873867,chen,0.6918282606061725,0.14387213738121418,alice,alice,alice,1,1,1,0,0,11.481697121181847,6.08366990387476,9.758188321614734,27.32355534667134
Daylight_Far_20260114_211200_T12,1736910006.4,160,Daylight,Far,4,4,1280,720,24.269884844443748,2,3,bob,4,1,0.7369263867009376,1079.3702112980982,256.5991006861349,1169.7527201548419,394.4622214096323,12460.414729809834,bob,0.981679074170556,diana,0.9025621770149778,0.07911689715557824,bob,bob,bob,1,1,1,0,0,11.481697121181847,6.08366990387476,9.758188321614734,27.32355534667134
Daylight_Far_20260114_211200_T12,1736910006.44,161,Daylight,Far,4,4,1280,720,27.80960046366249,1,0,diana,-1,0,-1.0,-1.0,-1.0,-1.0,-1.0,0.0,unknown,-1.0,unknown,-1.0,-1.0,unknown,unknown,unknown,0,0,0,0,1,22.59290646398946,17.674116419240068,4.137294056516893,44.40431693974642
Daylight_Far_20260114_211200_T12,1736910006.44,161,Daylight,Far,4,4,1280,720,27.80960046366249,1,1,chen,2,1,0.8781393685922252,453.3722071202898,257.08609114229154,545.8463900538976,459.7510298737836,18741.274618484418,chen,0.9662413537065924,alice,0.8365538797363881,0.1296874739702043,chen,chen,chen,1,1,1,0,0,22.59290646398946,17.674116419240068,4.137294056516893,44.40431693974642
Daylight_Far_20260114_211200_T12,1736910006.44,161,Daylight,Far,4,4,1280,720,27.80960046366249,1,2,alice,3,1,0.8189168249996931,755.0795558405813,261.3071578809188,844.3447918158221,451.50996663817386,16978.49860686997,alice,0.8233287958184684,chen,0.6900221318295121,0.1333066639889563,alice,alice,alice,2,1,1,0,0,22.59290646398946,17.674116419240068,4.137294056516893,44.40431693974642
Daylight_Far_20260114_211200_T12,1736910006.44,161,Daylight,Far,4,4,1280,720,27.80960046366249,1,3,bob,-1,0,-1.0,-1.0,-1.0,-1.0,-1.0,0.0,unknown,-1.0,unknown,-1.0,-1.0,unknown,unknown,unknown,0,0,0,0,1,22.59290646398946,17.674116419240068,4.137294056516893,44.40431693974642
Daylight_Far_20260114_211200_T12,1736910006.48,162,Daylight,Far,4,4,1280,720,26.07022574524319,0,0,diana,1,1,0.8546421925368658,140.2754660182727,191.21395325702042,227.2967754596075,337.02746610617805,12688.882822374591,diana,0.8884366941630986,chen,0.7224432657599129,0.16599342840318565,diana,diana,diana,2,1,1,0,0,20.331451570712588,15.731057183521608,4.027624098769413,40.09013285300361
Daylight_Far_20260114_211200_T12,1736910006.48,162,Daylight,Far,4,4,1280,720,26.07022574524319,0,1,chen,2,1,0.8048308399442873,449.63440984090965,206.18382050242667,545.467791110528,418.5760544237867,20354.265932091654,chen,0.7972045634133029,diana,0.6870448938085009,0.11015966960480206,chen,chen,chen,2,1,1,0,0,20.331451570712588,15.731057183521608,4.027624098769413,40.09013285300361
Daylight_Far_20260114_211200_T12,1736910006.48,162,Daylight,Far,4,4,1280,720,26.07022574524319,0,2,alice,-1,0,-1.0,-1.0,-1.0,-1.0,-1.0,0.0,unknown,-1.0,unknown,-1.0,-1.0,unknown,unknown,unknown,0,0,0,0,1,20.331451570712588,15.731057183521608,4.027624098769413,40.09013285300361
Daylight_Far_20260114_211200_T12,1736910006.48,162,Daylight,Far,4,4,1280,720,26.07022574524319,0,3,bob,4,1,0.8240672653421461,1070.6680078563857,183.2638027110379,1190.764846544964,314.18575464926323,15723.312542718859,bob,0.8655756200833827,diana,0.7032069642723974,0.16236865581098536,bob,bob,bob,2,1,1,0,0,20.331451570712588,15.731057183521608,4.027624098769413,40.09013285300361
Daylight_Far_20260114_211200_T12,1736910006.52,163,Daylight,Far,4,4,1280,720,24.662703227473287,1,0,diana,1,1,0.6877196504430273,123.8775336704788,296.99505085401705,211.90042346028838,487.246666928592,16746.497034065476,diana,0.8923377841267102,bob,0.7830233967522304,0.10931438737447974,diana,diana,diana,3,1,1,0,0,27.472743644074175,22.37132069677537,7.5639837879672776,57.40804812881682
Daylight_Far_20260114_211200_T12,1736910006.52,163,Daylight,Far,4,4,1280,720,24.662703227473287,1,1,chen,2,1,0.7927940822543558,396.53222660909637,254.2359788434685,492.34843445053775,423.83862202934165,16250.682109955444,bob,0.7604539592654218,chen,0.737303927143524,0.023150032121897812,bob,bob,bob,1,0,0,1,0,27.472743644074175,22.37132069677537,7.5639837879672776,57.40804812881682
Daylight_Far_20260114_211200_T12,1736910006.52,163,Daylight,Far,4,4,1280,720,24.662703227473287,1,2,alice,3,1,0.767984263248196,717.4429084417185,262.0575258659547,835.9071217842558,438.96219889963623,20956.872927553854,alice,0.8863245118045245,chen,0.825033455513672,0.06129105629085252,alice,alice,alice,2,1,1,0,0,27.472743644074175,22.37132069677537,7.5639837879672776,57.40804812881682
Daylight_Far_20260114_211200_T12,1736910006.52,163,Daylight,Far,4,4,1280,720,24.662703227473287,1,3,bob,4,1,0.7670573673065272,1058.2340170016373,293.76013457682734,1160.9668541162418,506.1008405956021,21814.363164226914,chen,0.7912423007128973,bob,0.7303413710788512,0.06090092963404603,chen,chen,chen,1,0,0,1,0,27.472743644074175,22.37132069677537,7.5639837879672776,57.40804812881682
Daylight_Far_20260114_211200_T12,1736910006.56,164,Daylight,Far,4,4,1280,720,29.398428016566445,2,0,diana,1,1,0.8412117741867717,102.72742114358584,199.95063245799693,210.78630754426763,356.17366057194874,16881.286448136038,diana,0.7454718546087712,chen,0.6422319778929061,0.1032398767158651,diana,diana,diana,3,1,1,0,0,12.671585846571947,11.24893941494839,10.608510757679783,34.52903601920012
Daylight_Far_20260114_211200_T12,1736910006.56,164,Daylight,Far,4,4,1280,720,29.398428016566445,2,1,chen,2,1,0.7655043617621411,445.50529333475004,189.7401469480914,536.3032070105617,399.98191086392603,19089.513531080323,chen,0.7786474133784274,alice,0.6794597628759903,0.09918765050243705,chen,chen,chen,2,1,1,0,0,12.671585846571947,11.24893941494839,10.608510757679783,34.52903601920012
Daylight_Far_20260114_211200_T12,1736910006.56,164,Daylight,Far,4,4,1280,720,29.398428016566445,2,2,alice,3,1,0.6454596379644404,748.4489005615837,305.6145249695039,830.8444170211203,492.454816614273,15394.802325521183,alice,0.8225859527097037,diana,0.7572552442178053,0.06533070849189837,alice,alice,alice,2,1,1,0,0,12.671585846571947,11.24893941494839,10.608510757679783,34.52903601920012
Daylight_Far_20260114_211200_T12,1736910006.56,164,Daylight,Far,4,4,1280,720,29.398428016566445,2,3,bob,4,1,0.8926164018429403,1062.7957698423,252.0603733247862,1181.1350453035104,432.0808072816349,21303.48772266617,bob,0.9352459207949457,chen,0.807150086657251,0.12809583413769476,bob,bob,bob,2,1,1,0,0,12.671585846571947,11.24893941494839,10.608510757679783,34.52903601920012
Daylight_Far_20260114_211200_T12,1736910006.6,165,Daylight,Far,4,4,1280,720,26.319997227514296,1,0,diana,1,1,0.7486666799268793,140.90768023361454,193.02011823058058,224.23749838652725,351.40419389658643,13198.116223565434,diana,0.8687504091769719,bob,0.7318352478307136,0.13691516134625825,diana,diana,diana,2,1,1,0,0,11.939406486000777,10.764374921390644,6.646790805642535,29.350572213033956
Daylight_Far_20260114_211200_T12,1736910006.6,165,Daylight,Far,4,4,1280,720,26.319997227514296,1,1,chen,2,1,0.646710647955101,454.1615054588226,194.15834895583902,548.7952894349621,386.2103786000478,18174.610285529197,chen,0.8509726187042096,bob,0.6748876203139527,0.17608499839025693,chen,chen,chen,2,1,1,0,0,11.939406486000777,10.764374921390644,6.646790805642535,29.350572213033956
Daylight_Far_20260114_211200_T12,1736910006.6,165,Daylight,Far,4,4,1280,720,26.319997227514296,1,2,alice,3,1,0.7353766316242071,773.0016299407414,184.40516591031786,869.6752583021512,369.0516150288127,17850.442200335332,diana,0.9,chen,0.8817882603573292,0.018211739642670866,unknown,unknown,unknown,0,0,0,0,0,11.939406486000777,10.764374921390644,6.646790805642535,29.350572213033956
Daylight_Far_20260114_211200_T12,1736910006.6,165,Daylight,Far,4,4,1280,720,26.319997227514296,1,3,bob,4,1,0.7915751900195166,1060.653760518262,122.12777189190483,1175.4269677558555,318.4145232981313,22528.45999714081,chen,0.8302814674693322,bob,0.7512671337359715,0.07901433373336064,chen,chen,chen,1,0,0,1,0,11.939406486000777,10.764374921390644,6.646790805642535,29.350572213033956
Daylight_Far_20260114_211200_T12,1736910006.64,166,Daylight,Far,4,4,1280,720,23.7433154968668,1,0,diana,-1,0,-1.0,-1.0,-1.0,-1.0,-1.0,0.0,unknown,-1.0,unknown,-1.0,-1.0,unknown,unknown,unknown,0,0,0,0,1,18.151405438682637,10.314786479835343,4.9194315172358625,33.38562343575384
Daylight_Far_20260114_211200_T12,1736910006.64,166,Daylight,Far,4,4,1280,720,23.7433154968668,1,1,chen,2,1,0.7579369367767697,396.6957967427238,270.84758097334424,503.1208233701458,445.7196447158332,18610.764040186623,alice,0.6264695763818806,bob,0.5700023713218602,0.05646720506002045,unknown,unknown,unknown,0,0,0,0,0,18.151405438682637,10.314786479835343,4.9194315172358625,33.38562343575384
Daylight_Far_20260114_211200_T12,1736910006.64,166,Daylight,Far,4,4,1280,720,23.7433154968668,1,2,alice,3,1,0.9001514249973335,745.831283486694,212.95336449614365,836.2845516998511,353.38021658083073,12702.067715945543,alice,0.8707872067779785,diana,0.7270910787582061,0.14369612801977238,alice,alice,alice,2,1,1,0,0,18.151405438682637,10.314786479835343,4.9194315172358625,33.38562343575384
Daylight_Far_20260114_211200_T12,1736910006.64,166,Daylight,Far,4,4,1280,720,23.7433154968668,1,3,bob,4,1,0.7685298712892333,1072.9539218933123,195.26704796045948,1183.518574603443,362.219632034231,18459.054477175454,bob,0.7394602611434029,alice,0.6297438302108366,0.10971643093256633,bob,bob,bob,3,1,1,0,0,18.151405438682637,10.314786479835343,4.9194315172358625,33.38562343575384
Daylight_Far_20260114_211200_T12,1736910006.68,167,Daylight,Far,4,4,1280,720,22.31746132540137,1,0,diana,1,1,0.7574093211173185,124.1233526107634,228.1371116092534,221.1132581334515,399.67958725872444,16637.88850637022,diana,0.9016278215551461,chen,0.7219666933583421,0.17966112819680402,diana,diana,diana,2,1,1,0,0,8.28732559512133,8.684497996217813,6.550670281067404,23.522493872406546
Daylight_Far_20260114_211200_T12,1736910006.68,167,Daylight,Far,4,4,1280,720,22.31746132540137,1,1,chen,2,1,0.8065119836781336,441.9979538665117,167.17204650426055,527.3461361020551,375.89001892363405,17813.69954588181,chen,0.7911870208844183,bob,0.6317586295166571,0.1594283913677612,chen,chen,chen,2,1,1,0,0,8.28732559512133,8.684497996217813,6.550670281067404,23.522493872406546
Daylight_Far_20260114_211200_T12,1736910006.68,167,Daylight,Far,4,4,1280,720,22.31746132540137,1,2,alice,3,1,0.7326794347928838,729.2297751530323,267.64306766486527,842.5570662204791,454.4896212910236,21174.813767740954,alice,0.788532999771457,chen,0.6402925799112268,0.14824041986023018,alice,alice,alice,3,1,1,0,0,8.28732559512133,8.684497996217813,6.550670281067404,23.522493872406546
Daylight_Far_20260114_211200_T12,1736910006.68,167,Daylight,Far,4,4,1280,720,22.31746132540137,1,3,bob,4,1,0.7239665507429234,1106.6017587885822,268.7893284256657,1208.835857402864,415.92307324917005,15042.085777774706,bob,0.8470940778081678,diana,0.7408329783514069,0.10626109945676088,bob,bob,bob,2,1,1,0,0,8.28732559512133,8.684497996217813,6.550670281067404,23.522493872406546
Daylight_Far_20260114_211200_T12,1736910006.72,168,Daylight,Far,4,4,1280,720,27.13417862931814,2,0,diana,1,1,0.6957327421153117,109.19340130660434,215.76614861401376,200.21750896949425,385.27644502333635,15429.52347033056,diana,0.8681975891260376,alice,0.7181530887153085,0.15004450041072914,diana,diana,diana,2,1,1,0,0,13.926319940946954,11.37513226153411,4.9457734360688175,30.24722563854988
Daylight_Far_20260114_211200_T12,1736910006.72,168,Daylight,Far,4,4,1280,720,27.13417862931814,2,1,chen,2,1,0.8947686972547015,444.15187059634223,191.49455173382398,566.060035481248,403.2956200736703,25820.27956197317,chen,0.8739276792455447,alice,0.7856495489846533,0.08827813026089137,chen,chen,chen,2,1,1,0,0,13.926319940946954,11.37513226153411,4.9457734360688175,30.24722563854988
Daylight_Far_20260114_211200_T12,1736910006.72,168,Daylight,Far,4,4,1280,720,27.13417862931814,2,2,alice,3,1,0.8129624181250482,732.055112111828,260.4160919851249,837.019865219332,408.791404054709,15574.177998632762,alice,0.8875846530198694,bob,0.731399560383944,0.1561850926359254,alice,alice,alice,2,1,1,0,0,13.926319940946954,11.37513226153411,4.9457734360688175,30.24722563854988
Daylight_Far_20260114_211200_T12,1736910006.72,168,Daylight,Far,4,4,1280,720,27.13417862931814,2,3,bob,4,1,0.801429384457427,1059.8244571314017,229.7321514103511,1155.142760132595,441.862099670892,20219.86668392569,bob,0.7310955042431878,alice,0.5704595080948094,0.16063599614837842,bob,bob,bob,2,1,1,0,0,13.926319940946954,11.37513226153411,4.9457734360688175,30.24722563854988
Daylight_Far_20260114_211200_T12,1736910006.76,169,Daylight,Far,4,4,1280,720,25.477945781795146,2,0,diana,1,1,0.920436555252663,96.67098116866133,267.9136826027546,203.7684958586171,400.4522477349727,14194.550926233384,diana,0.7752570834585483,alice,0.6918322984036473,0.08342478505490092,diana,diana,diana,2,1,1,0,0,9.724438236980378,7.62421849339046,4.6463413265291145,21.994998056899952
Daylight_Far_20260114_211200_T12,1736910006.76,169,Daylight,Far,4,4,1280,720,25.477945781795146,2,1,chen,2,1,0.7987799626260215,397.8837142910709,264.7592258626018,505.9365202794288,436.28875439219104,18534.246867482212,chen,0.7099997153281447,alice,0.6718189918814655,0.03818072344667911,unknown,unknown,unknown,0,0,0,0,0,9.724438236980378,7.62421849339046,4.6463413265291145,21.994998056899952
Daylight_Far_20260114_211200_T12,1736910006.76,169,Daylight,Far,4,4,1280,720,25.477945781795146,2,2,alice,3,1,0.7479844398764082,737.8619556853495,260.8923887474206,842.2156407443296,427.79248265423104,17416.639835865495,bob,0.6230005432702167,diana,0.5656717766279736,0.05732876664224307,unknown,unknown,unknown,0,0,0,0,0,9.724438236980378,7.62421849339046,4.6463413265291145,21.994998056899952
Daylight_Far_20260114_211200_T12,1736910006.76,169,Daylight,Far,4,4,1280,720,25.477945781795146,2,3,bob,4,1,0.8075027827154657,1064.8572087764783,230.9011346854855,1189.6779706713141,424.1777852242248,24124.93877672738,bob,0.7873611137964146,diana,0.6120375108162606,0.17532360298015404,bob,bob,bob,2,1,1,0,0,9.724438236980378,7.62421849339046,4.6463413265291145,21.994998056899952
Daylight_Far_20260114_211200_T12,1736910006.8,170,Daylight,Far,4,4,1280,720,27.199915320905994,0,0,diana,1,1,0.856449303323269,107.25202238714773,259.36472726837627,207.58026389724216,469.58847612021674,21091.379045964888,bob,0.8603659532285055,chen,0.8345349532279184,0.025831000000587134,unknown,unknown,unknown,0,0,0,0,0,20.09549321983785,8.055499292401818,11.445025246803782,39.59601775904345
Daylight_Far_20260114_211200_T12,1736910006.8,170,Daylight,Far,4,4,1280,720,27.199915320905994,0,1,chen,2,1,0.6767324104466638,436.9691721953693,305.5402449083058,557.8402561566617,441.1135516799136,16386.892545701052,chen,0.9721035999244049,bob,0.84059014659551,0.13151345332889486,chen,chen,chen,2,1,1,0,0,20.09549321983785,8.055499292401818,11.445025246803782,39.59601775904345
Daylight_Far_20260114_211200_T12,1736910006.8,170,Daylight,Far,4,4,1280,720,27.199915320905994,0,2,alice,3,1,0.7199809943547802,760.551556926017,166.35899126908174,879.3219957945697,359.62230224259605,22953.968261513866,alice,0.8332352327978597,diana,0.6927521445701649,0.14048308822769484,alice,alice,alice,1,1,1,0,0,20.09549321983785,8.055499292401818,11.445025246803782,39.59601775904345
Daylight_Far_20260114_211200_T12,1736910006.8,170,Daylight,Far,4,4,1280,720,27.199915320905994,0,3,bob,4,1,0.8535638432331419,1070.5768128975226,277.22178533358294,1175.5257863223185,465.6923688699602,19779.79426291503,bob,0.8484226009314304,diana,0.7790388866452334,0.06938371428619705,bob,bob,bob,3,1,1,0,0,20.09549321983785,8.055499292401818,11.445025246803782,39.59601775904345
Daylight_Far_20260114_211200_T12,1736910006.84,171,Daylight,Far,4,4,1280,720,24.10589009550188,1,0,diana,1,1,0.7764114432743241,141.09439074312513,276.7902717259027,231.91813284924348,465.7239939702049,17159.667664265497,diana,0.8357065591351861,bob,0.7460558843168457,0.08965067481834044,diana,diana,diana,2,1,1,0,0,11.853116708991836,9.825490587470417,8.793127014997511,30.471734311459763
Daylight_Far_20260114_211200_T12,1736910006.84,171,Daylight,Far,4,4,1280,720,24.10589009550188,1,1,chen,2,1,0.8826605165868937,424.4145874845584,283.6589804247633,510.5074320229153,486.4412444353063,17458.10193059572,chen,0.8199615574338853,alice,0.6761102168886203,0.14385134054526505,chen,chen,chen,2,1,1,0,0,11.853116708991836,9.825490587470417,8.793127014997511,30.471734311459763
Daylight_Far_20260114_211200_T12,1736910006.84,171,Daylight,Far,4,4,1280,720,24.10589009550188,1,2,alice,3,1,0.6970503041487957,732.5547537814797,208.28626904602817,844.2762125311457,398.47835133797633,21248.53687629297,alice,0.7755843955021532,bob,0.6543696502161719,0.1212147452859813,alice,alice,alice,2,1,1,0,0,11.853116708991836,9.825490587470417,8.793127014997511,30.471734311459763
Daylight_Far_20260114_211200_T12,1736910006.84,171,Daylight,Far,4,4,1280,720,24.10589009550188,1,3,bob,4,1,0.759262861536086,1044.4704290355426,212.77164325758565,1151.8714893846345,363.25348625256663,16161.909500946533,bob,0.8372321446204545,chen,0.7284166098936937,0.10881553472676075,bob,bob,bob,1,1,1,0,0,11.853116708991836,9.825490587470417,8.793127014997511,30.471734311459763
Daylight_Far_20260114_211200_T12,1736910006.88,172,Daylight,Far,4,4,1280,720,26.536222667227545,0,0,diana,1,1,0.8866657275405049,109.60071939693918,276.70764840317645,211.00855336429768,429.18323933252304,15462.219409038053,chen,0.821358097966449,diana,0.8040718621059275,0.01728623586052147,unknown,unknown,unknown,0,0,0,0,0,21.190438571882616,9.391596783660495,8.004158856267546,38.58619421181066
Daylight_Far_20260114_211200_T12,1736910006.88,172,Daylight,Far,4,4,1280,720,26.536222667227545,0,1,chen,2,1,0.8762970357762373,399.46095973031487,259.0839616812571,505.36032604321673,415.336668030172,16547.062587026026,chen,0.9230913813327802,bob,0.7900590366073865,0.13303234472539371,chen,chen,chen,2,1,1,0,0,21.190438571882616,9.391596783660495,8.004158856267546,38.58619421181066
Daylight_Far_20260114_211200_T12,1736910006.88,172,Daylight,Far,4,4,1280,720,26.536222667227545,0,2,alice,3,1,0.8078365630565428,750.7790310094302,273.4406310778718,853.8747863522309,438.7152642074851,17039.11314150175,alice,0.8871044618508978,bob,0.8134397022474407,0.07366475960345709,alice,alice,alice,1,1,1,0,0,21.190438571882616,9.391596783660495,8.004158856267546,38.58619421181066
Daylight_Far_20260114_211200_T12,1736910006.88,172,Daylight,Far,4,4,1280,720,26.536222667227545,0,3,bob,4,1,0.6844909872064102,1089.5219529209328,186.3256572702403,1190.7541527560968,389.77027092381627,20595.14578476654,bob,0.7499286289544265,diana,0.7301679833148039,0.019760645639622543,unknown,unknown,unknown,0,0,0,0,0,21.190438571882616,9.391596783660495,8.004158856267546,38.58619421181066
Daylight_Far_20260114_211200_T12,1736910006.92,173,Daylight,Far,4,4,1280,720,23.958863255300056,0,0,diana,1,1,0.820343426717913,136.58666175227802,216.77344941680076,222.58309994763636,353.04105307380473,11718.528555919129,diana,0.9243241022558548,bob,0.7582794798259037,0.1660446224299511,diana,diana,diana,3,1,1,0,0,11.401303946032268,6.4526344591235,8.58167379097211,26.435612196127877
Daylight_Far_20260114_211200_T12,1736910006.92,173,Daylight,Far,4,4,1280,720,23.958863255300056,0,1,chen,2,1,0.9263563724633717,396.8474559104325,280.72630622833947,522.3994559616211,438.61604444070827,19823.37242012149,chen,0.8600381947056381,bob,0.7719677704281499,0.08807042427748824,chen,chen,chen,1,1,1,0,0,11.401303946032268,6.4526344591235,8.58167379097211,26.435612196127877
Daylight_Far_20260114_211200_T12,1736910006.92,173,Daylight,Far,4,4,1280,720,23.958863255300056,0,2,alice,3,1,0.8030086011353561,752.5523059162477,161.2395448167784,852.5821775230241,362.75187408650396,20157.252424033097,bob,0.8591739755753828,alice,0.8363635892762586,0.02281038629912413,bob,bob,bob,2,0,0,1,0,11.401303946032268,6.4526344591235,8.58167379097211,26.435612196127877
Daylight_Far_20260114_211200_T12,1736910006.92,173,Daylight,Far,4,4,1280,720,23.958863255300056,0,3,bob,4,1,0.7946522137956366,1074.312147837224,240.54464009610393,1176.1463632595837,450.86357240043566,21417.663459679992,bob,0.8620406813946794,chen,0.7813864683193341,0.08065421307534526,bob,bob,bob,1,1,1,0,0,11.401303946032268,6.4526344591235,8.58167379097211,26.435612196127877
Daylight_Far_20260114_211200_T12,1736910006.96,174,Daylight,Far,4,4,1280,720,24.97018912711405,1,0,diana,1,1,0.902769248492924,121.69458021195587,242.10430064103267,227.74107935288797,413.88596466035915,18216.844085853394,diana,0.764289109265121,bob,0.6620512628276752,0.10223784643744571,diana,diana,diana,1,1,1,0,0,25.594738259274116,12.42594850473008,8.721717572054935,46.74240433605913
Daylight_Far_20260114_211200_T12,1736910006.96,174,Daylight,Far,4,4,1280,720,24.97018912711405,1,1,chen,2,1,0.7612757167529821,447.8643100806785,245.1791694117772,556.8458163378227,378.6499773079225,14545.849685879855,chen,0.8594298485666019,diana,0.7459108337279234,0.11351901483867843,chen,chen,chen,1,1,1,0,0,25.594738259274116,12.42594850473008,8.721717572054935,46.74240433605913
Daylight_Far_20260114_211200_T12,1736910006.96,174,Daylight,Far,4,4,1280,720,24.97018912711405,1,2,alice,3,1,0.8535016487055674,750.4438730802942,263.1635598675074,877.2579543110976,410.49260131229073,18683.39702943515,alice,0.8491358568152011,bob,0.717475367442463,0.1316604893727381,alice,alice,alice,2,1,1,0,0,25.594738259274116,12.42594850473008,8.721717572054935,46.74240433605913
Daylight_Far_20260114_211200_T12,1736910006.96,174,Daylight,Far,4,4,1280,720,24.97018912711405,1,3,bob,4,1,0.7828988951577603,1075.6648004881665,210.42017793189524,1199.6108365918242,357.89179953426304,18278.522935392022,bob,0.7961135165987704,alice,0.6919850148315729,0.10412850176719746,bob,bob,bob,2,1,1,0,0,25.594738259274116,12.42594850473008,8.721717572054935,46.74240433605913
Daylight_Far_20260114_211200_T12,1736910007.0,175,Daylight,Far,4,4,1280,720,24.672830155872457,3,0,diana,1,1,0.8289293895873554,100.09648309223721,170.17042919597372,208.2449211277137,348.25798955201617,19259.891486054636,diana,0.6849325724163684,chen,0.615567795215598,0.06936477720077039,unknown,unknown,unknown,0,0,0,0,0,14.29932341270164,10.082127453894879,6.768911966715917,31.150362833312435
Daylight_Far_20260114_211200_T12,1736910007.0,175,Daylight,Far,4,4,1280,720,24.672830155872457,3,1,chen,2,1,0.7310289484175567,432.81576372850174,291.6921679806437,554.3126858867776,445.59622912911425,18698.869737198245,chen,0.8361592292830063,diana,0.7448868813052902,0.0912723479777161,chen,chen,chen,3,1,1,0,0,14.29932341270164,10.082127453894879,6.768911966715917,31.150362833312435
Daylight_Far_20260114_211200_T12,1736910007.0,175,Daylight,Far,4,4,1280,720,24.672830155872457,3,2,alice,3,1,0.7520005561435801,750.3989607201156,191.893529094779,843.0427013097906,324.23884018085954,12260.964668518678,alice,0.7934862374831677,chen,0.6781610860679445,0.11532515141522326,alice,alice,alice,1,1,1,0,0,14.29932341270164,10.082127453894879,6.768911966715917,31.150362833312435
Daylight_Far_20260114_211200_T12,1736910007.0,175,Daylight,Far,4,4,1280,720,24.672830155872457,3,3,bob,4,1,0.7927966738140484,1099.2877285833677,292.39418460431557,1191.075247802068,434.0790346971197,13004.900900891924,bob,0.8801200933640403,diana,0.7748312244701219,0.10528886889391842,bob,bob,bob,2,1,1,0,0,14.29932341270164,10.082127453894879,6.768911966715917,31.150362833312435
Daylight_Far_20260114_211200_T12,1736910007.04,176,Daylight,Far,4,4,1280,720,24.153798468706434,2,0,diana,1,1,0.7471609613466846,85.1336465888978,194.68861844346048,204.13344481231996,399.4927088448729,24371.645433099588,diana,0.8967536643113492,chen,0.7186249722517906,0.1781286920595586,diana,diana,diana,2,1,1,0,0,21.548731981611013,10.350056210023926,12.724480747543037,44.623268939177976
Daylight_Far_20260114_211200_T12,1736910007.04,176,Daylight,Far,4,4,1280,720,24.153798468706434,2,1,chen,2,1,0.7621317904914777,424.7982237646794,227.44893431339176,528.8257275221118,438.3335170875795,21937.796726926386,chen,0.8346319441836072,bob,0.7466901109786861,0.0879418332049211,chen,chen,chen,2,1,1,0,0,21.548731981611013,10.350056210023926,12.724480747543037,44.623268939177976
Daylight_Far_20260114_211200_T12,1736910007.04,176,Daylight,Far,4,4,1280,720,24.153798468706434,2,2,alice,3,1,0.8184007433751682,707.8555820162522,240.20767952973097,820.7361044680753,409.84997813457676,19149.31129644316,alice,0.8579351460823573,chen,0.7113929122381368,0.1465422338442205,alice,alice,alice,2,1,1,0,0,21.548731981611013,10.350056210023926,12.724480747543037,44.623268939177976
Daylight_Far_20260114_211200_T12,1736910007.04,176,Daylight,Far,4,4,1280,720,24.153798468706434,2,3,bob,-1,0,-1.0,-1.0,-1.0,-1.0,-1.0,0.0,unknown,-1.0,unknown,-1.0,-1.0,unknown,unknown,unknown,0,0,0,0,1,21.548731981611013,10.350056210023926,12.724480747543037,44.623268939177976
Daylight_Far_20260114_211200_T12,1736910007.08,177,Daylight,Far,4,4,1280,720,27.02848114177041,4,0,diana,1,1,0.8238230707586105,102.86436930177561,170.40859909801586,195.55722379464757,360.32535633174996,17603.926344024603,alice,0.6886267671293649,bob,0.625938846637157,0.06268792049220784,unknown,unknown,unknown,0,0,0,0,0,12.164420278588233,7.480676971107589,7.759332645725121,27.404429895420943
Daylight_Far_20260114_211200_T12,1736910007.08,177,Daylight,Far,4,4,1280,720,27.02848114177041,4,1,chen,2,1,0.7073301636962628,441.0043893826014,204.562348369457,534.3911467997675,398.1279358483812,18076.46256220554,chen,0.9186311101275979,diana,0.8433150535131788,0.07531605661441909,chen,chen,chen,2,1,1,0,0,12.164420278588233,7.480676971107589,7.759332645725121,27.404429895420943
Daylight_Far_20260114_211200_T12,1736910007.08,177,Daylight,Far,4,4,1280,720,27.02848114177041,4,2,alice,-1,0,-1.0,-1.0,-1.0,-1.0,-1.0,0.0,unknown,-1.0,unknown,-1.0,-1.0,unknown,unknown,unknown,0,0,0,0,1,12.164420278588233,7.480676971107589,7.759332645725121,27.404429895420943
Daylight_Far_20260114_211200_T12,1736910007.08,177,Daylight,Far,4,4,1280,720,27.02848114177041,4,3,bob,4,1,0.8258545836596496,1103.322940340298,277.44978006858645,1192.6389387079926,441.4395596565187,14646.910885994364,bob,0.9742027836261903,chen,0.8189474629178392,0.15525532070835113,bob,bob,bob,2,1,1,0,0,12.164420278588233,7.480676971107589,7.759332645725121,27.404429895420943
Daylight_Far_20260114_211200_T12,1736910007.12,178,Daylight,Far,4,4,1280,720,19.921829644817844,1,0,diana,1,1,0.8244223428541525,110.50430431622405,272.3862055484021,211.63261194377841,414.36733704387217,14358.311543182148,diana,0.8456797028778135,alice,0.7595825531518737,0.08609714972593974,diana,diana,diana,1,1,1,0,0,11.58089194842983,5.916798951097204,8.576218001954544,26.073908901481577
Daylight_Far_20260114_211200_T12,1736910007.12,178,Daylight,Far,4,4,1280,720,19.921829644817844,1,1,chen,2,1,0.9011745490187534,436.30243644933824,208.22597301906268,561.9031845797126,388.2344372571517,22609.19777810372,bob,0.8178923795443449,diana,0.7433404518254874,0.07455192771885755,unknown,unknown,unknown,0,0,0,0,0,11.58089194842983,5.916798951097204,8.576218001954544,26.073908901481577
Daylight_Far_20260114_211200_T12,1736910007.12,178,Daylight,Far,4,4,1280,720,19.921829644817844,1,2,alice,3,1,0.8213629648539561,762.392365672257,216.76470935621228,850.2356941918631,419.92785224166755,17846.52670356272,alice,0.8613125837915473,chen,0.7872321986480272,0.07408038514352011,alice,alice,alice,2,1,1,0,0,11.58089194842983,5.916798951097204,8.576218001954544,26.073908901481577
Daylight_Far_20260114_211200_T12,1736910007.12,178,Daylight,Far,4,4,1280,720,19.921829644817844,1,3,bob,4,1,0.7407910941531889,1046.0425020396688,267.6357221365595,1143.0344176636108,435.532469616258,16284.62716508523,bob,0.966328972160067,chen,0.8665397072107288,0.09978926494933815,bob,bob,bob,2,1,1,0,0,11.58089194842983,5.916798951097204,8.576218001954544,26.073908901481577
Daylight_Far_20260114_211200_T12,1736910007.16,179,Daylight,Far,4,4,1280,720,22.17937910479132,4,0,diana,1,1,0.7972679756763411,132.34001688789965,204.70449054318587,220.5362583601393,343.18368285644124,12213.344284140583,diana,0.8252498481229114,bob,0.65553762073264,0.16971222739027136,diana,diana,diana,2,1,1,0,0,12.762577185228748,9.907197108330582,6.903653688586839,29.573427982146168
Daylight_Far_20260114_211200_T12,1736910007.16,179,Daylight,Far,4,4,1280,720,22.17937910479132,4,1,chen,2,1,0.719342449562061,429.7088303919018,291.94773417066574,534.2846613116474,481.36410789801187,19808.374672342285,chen,0.9043070215416407,diana,0.7795149927599521,0.1247920287816886,chen,chen,chen,2,1,1,0,0,12.762577185228748,9.907197108330582,6.903653688586839,29.573427982146168
Daylight_Far_20260114_211200_T12,1736910007.16,179,Daylight,Far,4,4,1280,720,22.17937910479132,4,2,alice,3,1,0.924722270137243,736.7464155632011,233.0650222639855,850.7204382861693,410.5616993158104,20230.010303556028,alice,0.8731673137740629,bob,0.6933709913491388,0.17979632242492405,alice,alice,alice,2,1,1,0,0,12.762577185228748,9.907197108330582,6.903653688586839,29.573427982146168
Daylight_Far_20260114_211200_T12,1736910007.16,179,Daylight,Far,4,4,1280,720,22.17937910479132,4,3,bob,4,1,0.7849769679190338,1095.717590014384,287.6532458697049,1179.033309499813,470.01479431383956,15193.583615099971,chen,0.6605804193371769,alice,0.6300679972564232,0.030512422080753776,unknown,unknown,unknown,0,0,0,0,0,12.762577185228748,9.907197108330582,6.903653688586839,29.573427982146168
Daylight_Far_20260114_211200_T12,1736910007.2,180,Daylight,Far,4,4,1280,720,26.44247650773156,1,0,diana,1,1,0.6041613021305208,138.76977732004042,336.30447332317544,255.51785144715205,474.59087807915455,16144.671433222811,diana,0.8290188994515536,chen,0.7440888000699482,0.08493009938160545,diana,diana,diana,3,1,1,0,0,10.925997250937119,7.429108625084422,4.220201546612812,22.575307422634353
Daylight_Far_20260114_211200_T12,1736910007.2,180,Daylight,Far,4,4,1280,720,26.44247650773156,1,1,chen,2,1,0.8578100741477247,451.6684376542526,320.49088928867116,546.5767475254081,455.14434676531675,12779.73206741594,chen,0.750512544044914,diana,0.5763437217688794,0.17416882227603458,chen,chen,chen,1,1,1,0,0,10.925997250937119,7.429108625084422,4.220201546612812,22.575307422634353
Daylight_Far_20260114_211200_T12,1736910007.2,180,Daylight,Far,4,4,1280,720,26.44247650773156,1,2,alice,3,1,0.843291837219228,729.0680434531738,244.14347213497604,844.4241601144105,446.46449819455427,23338.967885149814,alice,0.7265464380914977,chen,0.6538582894204996,0.07268814867099804,unknown,unknown,unknown,0,0,0,0,0,10.925997250937119,7.429108625084422,4.220201546612812,22.575307422634353
Daylight_Far_20260114_211200_T12,1736910007.2,180,Daylight,Far,4,4,1280,720,26.44247650773156,1,3,bob,4,1,0.8029361520088292,1051.9214620387222,170.3664995960806,1141.818427015365,354.91863928533377,16590.67723800927,bob,0.9119482096244391,alice,0.7356128725758281,0.17633533704861104,bob,bob,bob,1,1,1,0,0,10.925997250937119,7.429108625084422,4.220201546612812,22.575307422634353
Daylight_Far_20260114_211200_T12,1736910007.24,181,Daylight,Far,4,4,1280,720,25.89465856798438,0,0,diana,-1,0,-1.0,-1.0,-1.0,-1.0,-1.0,0.0,unknown,-1.0,unknown,-1.0,-1.0,unknown,unknown,unknown,0,0,0,0,1,12.754810306500435,10.713237996759688,4.263082904918246,27.73113120817837
Daylight_Far_20260114_211200_T12,1736910007.24,181,Daylight,Far,4,4,1280,720,25.89465856798438,0,1,chen,2,1,0.8359086699975752,414.215321918851,284.8256212164065,521.2841003268602,447.0392423407111,17368.014254918933,chen,0.9406442411564705,bob,0.7661016812572901,0.17454255989918044,chen,chen,chen,2,1,1,0,0,12.754810306500435,10.713237996759688,4.263082904918246,27.73113120817837
Daylight_Far_20260114_211200_T12,1736910007.24,181,Daylight,Far,4,4,1280,720,25.89465856798438,0,2,alice,3,1,0.7745681257568245,752.1620350814819,179.45974982624483,852.2851577789368,379.6526331334214,20043.936618521697,alice,0.8208658886276639,chen,0.7218834917576888,0.09898239686997501,alice,alice,alice,3,1,1,0,0,12.754810306500435,10.713237996759688,4.263082904918246,27.73113120817837
Daylight_Far_20260114_211200_T12,1736910007.24,181,Daylight,Far,4,4,1280,720,25.89465856798438,0,3,bob,4,1,0.6998194262964401,1080.682765978022,213.34810147167988,1168.9423368833054,405.49251476899065,16958.58346946809,alice,0.6766763995341643,diana,0.6451227326020287,0.03155366693213557,unknown,unknown,unknown,0,0,0,0,0,12.754810306500435,10.713237996759688,4.263082904918246,27.73113120817837
Daylight_Far_20260114_211200_T12,1736910007.28,182,Daylight,Far,4,4,1280,720,24.08349162005112,0,0,diana,1,1,0.7126028472998173,129.68959198522495,143.83960816216802,235.7686241738833,278.9902552904076,14336.649847034534,diana,0.8653537989654306,bob,0.7144422494552665,0.15091154951016417,diana,diana,diana,2,1,1,0,0,13.463618290312246,12.255213614381713,6.795912645961334,32.514744550655294
Daylight_Far_20260114_211200_T12,1736910007.28,182,Daylight,Far,4,4,1280,720,24.08349162005112,0,1,chen,2,1,0.7668398913848472,434.32180221978496,212.3580120391349,554.3569289239024,349.6375910406838,16478.37165933882,chen,0.8844393240636526,alice,0.7992167323807902,0.08522259168286239,chen,chen,chen,2,1,1,0,0,13.463618290312246,12.255213614381713,6.795912645961334,32.514744550655294
Daylight_Far_20260114_211200_T12,1736910007.28,182,Daylight,Far,4,4,1280,720,24.08349162005112,0,2,alice,3,1,0.799414884327534,741.845761417522,203.73779552511445,843.018795895053,362.1636310982869,16028.422524576235,alice,0.6036959163455535,bob,0.5680816311719982,0.03561428517355536,unknown,unknown,unknown,0,0,0,0,0,13.463618290312246,12.255213614381713,6.795912645961334,32.514744550655294
Daylight_Far_20260114_211200_T12,1736910007.28,182,Daylight,Far,4,4,1280,720,24.08349162005112,0,3,bob,4,1,0.7240037052106318,1056.6743313100242,201.32957742987645,1171.4067688249556,384.2681000297642,20988.982613265496,bob,0.8845752813820963,chen,0.7561234000243551,0.12845188135774122,bob,bob,bob,2,1,1,0,0,13.463618290312246,12.255213614381713,6.795912645961334,32.514744550655294
Daylight_Far_20260114_211200_T12,1736910007.32,183,Daylight,Far,4,4,1280,720,25.04962543929253,2,0,diana,1,1,0.8006906990251457,148.69981655948578,188.4560875929653,232.9326112411522,360.06311103901214,14454.939171862776,diana,0.9381556534680067,bob,0.7778075526175319,0.1603481008504748,diana,diana,diana,2,1,1,0,0,14.434832241739018,8.257265999125543,10.221377284006806,32.913475524871366
Daylight_Far_20260114_211200_T12,1736910007.32,183,Daylight,Far,4,4,1280,720,25.04962543929253,2,1,chen,2,1,0.7095293895676643,440.20432199865223,193.30850120511337,549.4367415525792,378.74701725105575,20255.89778618799,chen,0.9188568465281426,alice,0.7700620526461736,0.14879479388196903,chen,chen,chen,2,1,1,0,0,14.434832241739018,8.257265999125543,10.221377284006806,32.913475524871366
Daylight_Far_20260114_211200_T12,1736910007.32,183,Daylight,Far,4,4,1280,720,25.04962543929253,2,2,alice,3,1,0.7747180140856695,762.2759395905993,341.52822921745724,871.4955844181919,538.6261037516092,21526.959852893502,alice,0.8578145463724692,chen,0.7888529906436225,0.06896155572884677,alice,alice,alice,2,1,1,0,0,14.434832241739018,8.257265999125543,10.221377284006806,32.913475524871366
Daylight_Far_20260114_211200_T12,1736910007.32,183,Daylight,Far,4,4,1280,720,25.04962543929253,2,3,bob,4,1,0.6631713083886508,1082.3591732524706,218.2581564959125,1166.2353629801923,393.0784749407738,14663.262198141929,bob,0.9104250715726482,diana,0.843275602016472,0.06714946955617618,bob,bob,bob,3,1,1,0,0,14.434832241739018,8.257265999125543,10.221377284006806,32.913475524871366
Daylight_Far_20260114_211200_T12,1736910007.36,184,Daylight,Far,4,4,1280,720,27.438433275048205,0,0,diana,1,1,0.8287697555944319,112.7610221529693,261.288298533647,204.276486907505,406.40097579525434,13280.05410137094,diana,0.896714912872475,chen,0.7433642919341035,0.15335062093837148,diana,diana,diana,2,1,1,0,0,18.427134827671832,14.611362102239845,7.183649824633992,40.22214675454567
Daylight_Far_20260114_211200_T12,1736910007.36,184,Daylight,Far,4,4,1280,720,27.438433275048205,0,1,chen,2,1,0.8573613591284155,453.804014369667,254.3988278002175,579.1499353564913,437.83779020244094,22993.32568717412,chen,0.8818581006578123,alice,0.7598937418110915,0.12196435884672086,chen,chen,chen,3,1,1,0,0,18.427134827671832,14.611362102239845,7.183649824633992,40.22214675454567
Daylight_Far_20260114_211200_T12,1736910007.36,184,Daylight,Far,4,4,1280,720,27.438433275048205,0,2,alice,3,1,0.7222137198544727,742.4714439660817,209.08442924414868,855.9505054643106,372.13312362561334,18502.612816920162,alice,0.9009332350130057,chen,0.7893425519546207,0.11159068305838504,alice,alice,alice,2,1,1,0,0,18.427134827671832,14.611362102239845,7.183649824633992,40.22214675454567
Daylight_Far_20260114_211200_T12,1736910007.36,184,Daylight,Far,4,4,1280,720,27.438433275048205,0,3,bob,4,1,0.7465252815084251,1088.6877064103057,189.66444062754454,1169.815080764249,353.9100034987217,13324.811265024106,bob,0.8504835518588899,alice,0.7819294707918301,0.06855408106705985,bob,bob,bob,3,1,1,0,0,18.427134827671832,14.611362102239845,7.183649824633992,40.22214675454567
Daylight_Far_20260114_211200_T12,1736910007.4,185,Daylight,Far,4,4,1280,720,25.096633638050175,1,0,diana,1,1,0.7010499104601408,121.38109386971837,240.21952288504042,212.45922933193094,443.3220088799295,18498.19573215464,diana,0.8941605380571375,chen,0.7170337358719635,0.17712680218517396,diana,diana,diana,2,1,1,0,0,17.90553886732532,8.595143115746103,6.326124592566048,32.82680657563747
Daylight_Far_20260114_211200_T12,1736910007.4,185,Daylight,Far,4,4,1280,720,25.096633638050175,1,1,chen,2,1,0.770294739704146,456.20630735132147,263.4018081841525,571.5151027559585,468.31658943715115,23628.47658688798,chen,0.7093629030942702,diana,0.6080552123871332,0.10130769070713697,chen,chen,chen,2,1,1,0,0,17.90553886732532,8.595143115746103,6.326124592566048,32.82680657563747
Daylight_Far_20260114_211200_T12,1736910007.4,185,Daylight,Far,4,4,1280,720,25.096633638050175,1,2,alice,3,1,0.8344168318058608,764.7505188477998,153.7890049193723,866.9919821329094,314.0305438041697,16383.329414639478,alice,0.931271468338268,diana,0.8441073364299141,0.08716413190835393,alice,alice,alice,1,1,1,0,0,17.90553886732532,8.595143115746103,6.326124592566048,32.82680657563747
Daylight_Far_20260114_211200_T12,1736910007.4,185,Daylight,Far,4,4,1280,720,25.096633638050175,1,3,bob,4,1,0.9765472699906532,1083.6403888050256,244.8751929537383,1178.3890261772087,459.89269416553043,20372.615250989034,bob,0.8220024910864665,chen,0.648729186192541,0.17327330489392545,bob,bob,bob,2,1,1,0,0,17.90553886732532,8.595143115746103,6.326124592566048,32.82680657563747
Daylight_Far_20260114_211200_T12,1736910007.44,186,Daylight,Far,4,4,1280,720,24.279114254278205,0,0,diana,1,1,0.8129228985410335,69.28792344245404,266.6031906697136,192.86472612728397,421.2919821797142,19115.946265986135,diana,0.8335531098821304,chen,0.7129962372338151,0.12055687264831527,diana,diana,diana,2,1,1,0,0,13.135983953856949,11.04697012304774,6.08446086768374,30.26741494458843
Daylight_Far_20260114_211200_T12,1736910007.44,186,Daylight,Far,4,4,1280,720,24.279114254278205,0,1,chen,2,1,0.6909281944327276,419.82861147038125,224.35441953464522,535.5065748791246,421.27487727288633,22779.357504677253,chen,0.8159766424114209,alice,0.719494167849722,0.0964824745616989,chen,chen,chen,2,1,1,0,0,13.135983953856949,11.04697012304774,6.08446086768374,30.26741494458843
Daylight_Far_20260114_211200_T12,1736910007.44,186,Daylight,Far,4,4,1280,720,24.279114254278205,0,2,alice,3,1,0.6083905938699337,728.749414289791,239.7739073399273,816.0513482818603,408.4322000216265,14724.195134912805,alice,0.7974113126824243,diana,0.6219704419044008,0.1754408707780235,alice,alice,alice,2,1,1,0,0,13.135983953856949,11.04697012304774,6.08446086768374,30.26741494458843
Daylight_Far_20260114_211200_T12,1736910007.44,186,Daylight,Far,4,4,1280,720,24.279114254278205,0,3,bob,-1,0,-1.0,-1.0,-1.0,-1.0,-1.0,0.0,unknown,-1.0,unknown,-1.0,-1.0,unknown,unknown,unknown,0,0,0,0,1,13.135983953856949,11.04697012304774,6.08446086768374,30.26741494458843
Daylight_Far_20260114_211200_T12,1736910007.48,187,Daylight,Far,4,4,1280,720,28.23425207577202,1,0,diana,1,1,0.6867106459054492,68.71703911588693,172.2292952409824,191.30340506160778,374.0557838025877,24741.175784352792,diana,0.8337213703898452,chen,0.6829439173326591,0.15077745305718604,diana,diana,diana,2,1,1,0,0,8.312659137372615,6.6807698870970285,5.327305789699308,20.32073481416895
Daylight_Far_20260114_211200_T12,1736910007.48,187,Daylight,Far,4,4,1280,720,28.23425207577202,1,1,chen,2,1,0.9026118279197909,406.1852134796087,310.4529832344375,527.0983423598533,497.3850895062129,22602.54585749476,chen,0.6144738769727445,alice,0.5567696861698387,0.057704190802905786,unknown,unknown,unknown,0,0,0,0,0,8.312659137372615,6.6807698870970285,5.327305789699308,20.32073481416895
Daylight_Far_20260114_211200_T12,1736910007.48,187,Daylight,Far,4,4,1280,720,28.23425207577202,1,2,alice,3,1,0.8797832737763058,745.675785431652,249.8038886064041,861.2601855767507,410.7729130112485,18605.50812777569,alice,0.9545552305537268,diana,0.8551634385219049,0.09939179203182191,alice,alice,alice,3,1,1,0,0,8.312659137372615,6.6807698870970285,5.327305789699308,20.32073481416895
Daylight_Far_20260114_211200_T12,1736910007.48,187,Daylight,Far,4,4,1280,720,28.23425207577202,1,3,bob,4,1,0.8003325688741717,1093.72911722778,216.86902604129978,1191.9007451099174,359.31486146713996,13984.13954878575,bob,0.8476114547697261,chen,0.7435703961263087,0.1040410586434174,bob,bob,bob,2,1,1,0,0,8.312659137372615,6.6807698870970285,5.327305789699308,20.32073481416895
Daylight_Far_20260114_211200_T12,1736910007.52,188,Daylight,Far,4,4,1280,720,25.95574787411477,3,0,diana,1,1,0.7850004485816456,134.2919424030667,265.69209226173655,257.5153235499743,440.8449101386269,21582.92243619895,diana,0.8432410008876136,bob,0.6669711224351438,0.17626987845246977,diana,diana,diana,2,1,1,0,0,26.37081372896413,13.479366695345133,12.093989975087995,51.94417039939726
Daylight_Far_20260114_211200_T12,1736910007.52,188,Daylight,Far,4,4,1280,720,25.95574787411477,3,1,chen,2,1,0.7880560990810186,425.09467217234817,264.38667724619427,528.8947451965421,401.42922188903503,14225.026141348228,chen,0.8283289702312464,alice,0.7490014388449392,0.07932753138630722,chen,chen,chen,3,1,1,0,0,26.37081372896413,13.479366695345133,12.093989975087995,51.94417039939726
Daylight_Far_20260114_211200_T12,1736910007.52,188,Daylight,Far,4,4,1280,720,25.95574787411477,3,2,alice,3,1,0.6793144359897464,749.1335149335582,184.78789746622812,859.4433751400982,315.8848490651673,14461.286404382518,alice,0.9280050452363686,chen,0.7969517262174708,0.13105331901889783,alice,alice,alice,2,1,1,0,0,26.37081372896413,13.479366695345133,12.093989975087995,51.94417039939726
Daylight_Far_20260114_211200_T12,1736910007.52,188,Daylight,Far,4,4,1280,720,25.95574787411477,3,3,bob,4,1,0.6396028556704114,1055.9706008718474,246.29333712587874,1169.9226534682464,380.68187954341323,15313.850253916286,chen,0.8728766689761492,bob,0.8112393817422434,0.061637287233905824,chen,chen,chen,2,0,0,1,0,26.37081372896413,13.479366695345133,12.093989975087995,51.94417039939726
Daylight_Far_20260114_211200_T12,1736910007.56,189,Daylight,Far,4,4,1280,720,26.99387389369986,1,0,diana,1,1,0.7582395688417383,95.07063773839381,277.2398891780254,218.1006262252538,424.58166324790665,18127.456767451014,diana,0.8719979247000064,chen,0.7541209366548698,0.11787698804513658,diana,diana,diana,2,1,1,0,0,13.504634655180261,6.98394364634682,12.333746059059894,32.822324360586975
Daylight_Far_20260114_211200_T12,1736910007.56,189,Daylight,Far,4,4,1280,720,26.99387389369986,1,1,chen,2,1,0.7001984917288087,419.0104884124872,286.9066279023874,544.7088921398029,417.69517520288775,16439.911621487416,chen,0.7933927786206151,diana,0.6755864772868354,0.11780630133377967,chen,chen,chen,1,1,1,0,0,13.504634655180261,6.98394364634682,12.333746059059894,32.822324360586975
Daylight_Far_20260114_211200_T12,1736910007.56,189,Daylight,Far,4,4,1280,720,26.99387389369986,1,2,alice,3,1,0.8725298845461845,751.4212823304197,249.16402844426935,857.0458604700359,383.90612063875415,14232.076645691734,alice,0.7989104913693906,bob,0.6277921929853019,0.17111829838408876,alice,alice,alice,2,1,1,0,0,13.504634655180261,6.98394364634682,12.333746059059894,32.822324360586975
Daylight_Far_20260114_211200_T12,1736910007.56,189,Daylight,Far,4,4,1280,720,26.99387389369986,1,3,bob,4,1,0.7330608852089181,1077.67899899102,191.40085395227015,1192.7155982283155,389.9869456877668,22844.668649077106,bob,0.856875349589213,diana,0.7087402421153567,0.14813510747385628,bob,bob,bob,2,1,1,0,0,13.504634655180261,6.98394364634682,12.333746059059894,32.822324360586975
Daylight_Far_20260114_211200_T12,1736910007.6,190,Daylight,Far,4,4,1280,720,29.05307557977334,0,0,diana,1,1,0.7081466197407457,95.26255629520685,260.1465456194853,217.24858073021986,458.6348182163572,24212.795271065534,bob,0.5837510968658601,alice,0.5153515153037422,0.0683995815621179,unknown,unknown,unknown,0,0,0,0,0,18.125330772802844,14.83515577121077,4.499806813450737,37.46029335746435
Daylight_Far_20260114_211200_T12,1736910007.6,190,Daylight,Far,4,4,1280,720,29.05307557977334,0,1,chen,2,1,0.688162521011581,427.8008040550707,258.2180492663316,528.9925023282099,403.5729995484926,14708.714271459576,diana,0.7778774202296591,chen,0.737706376001486,0.04017104422817308,unknown,unknown,unknown,0,0,0,0,0,18.125330772802844,14.83515577121077,4.499806813450737,37.46029335746435
Daylight_Far_20260114_211200_T12,1736910007.6,190,Daylight,Far,4,4,1280,720,29.05307557977334,0,2,alice,3,1,0.8043749658519598,749.9942646505062,220.00430262436967,833.223905372623,423.50382195969087,16937.191881402236,alice,0.8106836138599249,diana,0.7166562472914415,0.09402736656848343,alice,alice,alice,3,1,1,0,0,18.125330772802844,14.83515577121077,4.499806813450737,37.46029335746435
Daylight_Far_20260114_211200_T12,1736910007.6,190,Daylight,Far,4,4,1280,720,29.05307557977334,0,3,bob,4,1,0.7817856279517387,1058.9000320667421,266.162630562172,1171.4688681438681,420.79296438117376,17406.556700222478,bob,0.8558433323229654,chen,0.7162106680045153,0.13963266431845012,bob,bob,bob,1,1,1,0,0,18.125330772802844,14.83515577121077,4.499806813450737,37.46029335746435
Daylight_Far_20260114_211200_T12,1736910007.64,191,Daylight,Far,4,4,1280,720,21.750805288968223,1,0,diana,1,1,0.7002746221246333,95.48757885856465,189.0772542321718,203.68041662879483,352.0697354465738,17634.619077797088,diana,0.8494851617420388,chen,0.6725552119029482,0.1769299498390906,diana,diana,diana,2,1,1,0,0,12.30379558771914,9.81101593332419,9.88508026762941,31.99989178867274
Daylight_Far_20260114_211200_T12,1736910007.64,191,Daylight,Far,4,4,1280,720,21.750805288968223,1,1,chen,2,1,0.8280227211216983,451.21909072769677,178.13666195249084,542.4488400898313,380.68242827714914,18478.19949616004,chen,0.8630530198198871,bob,0.7468202798112891,0.11623274000859807,chen,chen,chen,2,1,1,0,0,12.30379558771914,9.81101593332419,9.88508026762941,31.99989178867274
Daylight_Far_20260114_211200_T12,1736910007.64,191,Daylight,Far,4,4,1280,720,21.750805288968223,1,2,alice,3,1,0.7645705781718691,733.6283336586259,258.26282438782124,832.6714772424787,467.46877730765794,20720.41523363612,alice,0.9080546285836579,diana,0.8062460320779866,0.10180859650567131,alice,alice,alice,1,1,1,0,0,12.30379558771914,9.81101593332419,9.88508026762941,31.99989178867274
Daylight_Far_20260114_211200_T12,1736910007.64,191,Daylight,Far,4,4,1280,720,21.750805288968223,1,3,bob,4,1,0.8958121415480653,1082.894742988511,294.97088261002057,1174.4005625537911,447.6790478461438,13973.685814241664,bob,0.8625276561495449,alice,0.7178394123266101,0.14468824382293477,bob,bob,bob,1,1,1,0,0,12.30379558771914,9.81101593332419,9.88508026762941,31.99989178867274
Daylight_Far_20260114_211200_T12,1736910007.68,192,Daylight,Far,4,4,1280,720,25.170496129113253,1,0,diana,1,1,0.8377640199236152,102.14022206203818,317.17023928928097,227.50500152067582,466.3214089730202,18698.30349339981,diana,0.8425560149246559,alice,0.7265809126495448,0.1159751022751111,diana,diana,diana,1,1,1,0,0,13.651949910859754,9.132976938133616,4.0463594673145575,26.831286316307928
Daylight_Far_20260114_211200_T12,1736910007.68,192,Daylight,Far,4,4,1280,720,25.170496129113253,1,1,chen,2,1,0.7549603777870899,433.96348248753634,264.21130632135504,530.1951646368034,446.6451454378226,17555.915219126426,chen,0.8852817045658946,bob,0.7148686974338905,0.17041300713200414,chen,chen,chen,3,1,1,0,0,13.651949910859754,9.132976938133616,4.0463594673145575,26.831286316307928
Daylight_Far_20260114_211200_T12,1736910007.68,192,Daylight,Far,4,4,1280,720,25.170496129113253,1,2,alice,3,1,0.7621956989036728,752.1647075896445,282.0725378212033,861.1392856701028,452.20750598374167,18540.386372244822,alice,0.8237400054937254,diana,0.7364498426938795,0.08729016279984592,alice,alice,alice,1,1,1,0,0,13.651949910859754,9.132976938133616,4.0463594673145575,26.831286316307928
Daylight_Far_20260114_211200_T12,1736910007.68,192,Daylight,Far,4,4,1280,720,25.170496129113253,1,3,bob,4,1,0.8365289089686394,1050.0863845769422,296.7187358649303,1155.9293540349622,428.22582606602884,13919.100931667952,bob,0.8810310680299395,diana,0.7894127117973936,0.09161835623254588,bob,bob,bob,2,1,1,0,0,13.651949910859754,9.132976938133616,4.0463594673145575,26.831286316307928
Daylight_Far_20260114_211200_T12,1736910007.72,193,Daylight,Far,4,4,1280,720,26.48512664468667,2,0,diana,1,1,0.7023650901454218,111.57669552090925,201.80792318748226,239.2774730316832,367.3591759644489,21141.023697501318,diana,0.8132887099231193,chen,0.6389852696420326,0.17430344028108669,diana,diana,diana,2,1,1,0,0,23.31827281484722,13.244154360338706,16.992700150850546,53.55512732603647
Daylight_Far_20260114_211200_T12,1736910007.72,193,Daylight,Far,4,4,1280,720,26.48512664468667,2,1,chen,2,1,0.741969238315522,434.04687658056844,176.64850578727362,534.7633412521533,373.8093366545853,19857.341856667914,chen,0.8030962892878724,bob,0.7102383909255392,0.09285789836233316,chen,chen,chen,2,1,1,0,0,23.31827281484722,13.244154360338706,16.992700150850546,53.55512732603647
Daylight_Far_20260114_211200_T12,1736910007.72,193,Daylight,Far,4,4,1280,720,26.48512664468667,2,2,alice,3,1,0.7515399053574439,760.2042193738471,231.39644600640213,849.6946425074102,407.5796077550549,15766.70569389593,alice,0.9174725904044838,chen,0.7956785360238692,0.12179405438061464,alice,alice,alice,3,1,1,0,0,23.31827281484722,13.244154360338706,16.992700150850546,53.55512732603647
Daylight_Far_20260114_211200_T12,1736910007.72,193,Daylight,Far,4,4,1280,720,26.48512664468667,2,3,bob,4,1,0.8054408500407438,1073.4396618203864,280.09311919415956,1156.2648599723866,463.5576282739282,15195.484318391278,bob,0.8584026434964613,diana,0.7965627646996996,0.06183987879676178,bob,bob,bob,2,1,1,0,0,23.31827281484722,13.244154360338706,16.992700150850546,53.55512732603647
Daylight_Far_20260114_211200_T12,1736910007.76,194,Daylight,Far,4,4,1280,720,22.69932494943938,2,0,diana,1,1,0.8175204706011976,130.05154930338097,228.8623679631781,247.94760982060018,396.27326338463234,19737.08505784963,diana,0.8341822485082797,bob,0.6870321902884304,0.14715005821984928,diana,diana,diana,1,1,1,0,0,15.3224151340089,8.78947925141383,8.993421183031906,33.105315568454635
Daylight_Far_20260114_211200_T12,1736910007.76,194,Daylight,Far,4,4,1280,720,22.69932494943938,2,1,chen,-1,0,-1.0,-1.0,-1.0,-1.0,-1.0,0.0,unknown,-1.0,unknown,-1.0,-1.0,unknown,unknown,unknown,0,0,0,0,1,15.3224151340089,8.78947925141383,8.993421183031906,33.105315568454635
Daylight_Far_20260114_211200_T12,1736910007.76,194,Daylight,Far,4,4,1280,720,22.69932494943938,2,2,alice,3,1,0.7969313017054304,760.2827351688932,225.06756759931758,879.700877057928,390.52178160185167,19758.234803893345,alice,0.8596106949346785,bob,0.7847329822871036,0.07487771264757481,alice,alice,alice,2,1,1,0,0,15.3224151340089,8.78947925141383,8.993421183031906,33.105315568454635
Daylight_Far_20260114_211200_T12,1736910007.76,194,Daylight,Far,4,4,1280,720,22.69932494943938,2,3,bob,4,1,0.7493514149170554,1049.0307691983292,259.9431898889162,1140.847997216482,392.0621006435671,12130.792154269779,bob,0.8362780500475162,diana,0.7115665187348279,0.1247115313126883,bob,bob,bob,2,1,1,0,0,15.3224151340089,8.78947925141383,8.993421183031906,33.105315568454635
Daylight_Far_20260114_211200_T12,1736910007.8,195,Daylight,Far,4,4,1280,720,27.82190618294629,1,0,diana,1,1,0.6623521795596776,120.34900516825633,235.33705130250584,218.53487471666966,439.663558343477,20061.975765607753,diana,0.843349204938324,bob,0.7103530658928684,0.1329961390454556,diana,diana,diana,2,1,1,0,0,18.796623852838465,11.147898117859848,16.912283945751746,46.85680591645006
Daylight_Far_20260114_211200_T12,1736910007.8,195,Daylight,Far,4,4,1280,720,27.82190618294629,1,1,chen,2,1,0.8940631807001431,431.7445008770072,262.6129269558193,521.0969335027922,418.1218241925173,13895.098263052181,chen,0.8605648571806269,diana,0.7044690915799188,0.15609576560070815,chen,chen,chen,1,1,1,0,0,18.796623852838465,11.147898117859848,16.912283945751746,46.85680591645006
Daylight_Far_20260114_211200_T12,1736910007.8,195,Daylight,Far,4,4,1280,720,27.82190618294629,1,2,alice,3,1,0.8349820940940326,734.1904516626352,289.186346345371,847.5395523580427,455.7082256426954,18875.10526446092,alice,0.8488814740831567,bob,0.7017480726723315,0.1471334014108252,alice,alice,alice,3,1,1,0,0,18.796623852838465,11.147898117859848,16.912283945751746,46.85680591645006
Daylight_Far_20260114_211200_T12,1736910007.8,195,Daylight,Far,4,4,1280,720,27.82190618294629,1,3,bob,4,1,0.8704190226356944,1083.2574458815127,230.62114497559793,1168.6912536127868,360.419066047832,11089.130632804337,chen,0.8673061594633661,alice,0.8154146865155493,0.05189147294781682,unknown,unknown,unknown,0,0,0,0,0,18.796623852838465,11.147898117859848,16.912283945751746,46.85680591645006
Daylight_Far_20260114_211200_T12,1736910007.84,196,Daylight,Far,4,4,1280,720,22.52478964385458,4,0,diana,1,1,0.7407221254823015,108.59908866033525,193.63053065097762,193.42581198541689,388.07181139575044,16493.816724711367,diana,0.7812240172652274,alice,0.7138057387267606,0.06741827853846682,diana,diana,diana,2,1,1,0,0,15.240332228021236,10.85609277332827,15.520290249256215,41.61671525060572
Daylight_Far_20260114_211200_T12,1736910007.84,196,Daylight,Far,4,4,1280,720,22.52478964385458,4,1,chen,2,1,0.7419591849042778,439.98595639511063,263.26576989878515,529.0314031780161,408.3681710513008,12920.70813989814,chen,0.8218832043220888,bob,0.7012289442942686,0.1206542600278202,chen,chen,chen,1,1,1,0,0,15.240332228021236,10.85609277332827,15.520290249256215,41.61671525060572
Daylight_Far_20260114_211200_T12,1736910007.84,196,Daylight,Far,4,4,1280,720,22.52478964385458,4,2,alice,3,1,0.8459331233955273,764.6180822664049,207.3860862462108,878.0775129793254,355.9064654621967,16851.03767511283,alice,0.8174959714498369,bob,0.7401710413453225,0.07732493010451436,alice,alice,alice,2,1,1,0,0,15.240332228021236,10.85609277332827,15.520290249256215,41.61671525060572
Daylight_Far_20260114_211200_T12,1736910007.84,196,Daylight,Far,4,4,1280,720,22.52478964385458,4,3,bob,4,1,0.794127657650297,1100.8271128587992,278.5787031573542,1191.6415840645175,483.2385462494466,18586.07542745365,bob,0.8329072296523099,chen,0.761436682110331,0.0714705475419789,bob,bob,bob,2,1,1,0,0,15.240332228021236,10.85609277332827,15.520290249256215,41.61671525060572
Daylight_Far_20260114_211200_T12,1736910007.88,197,Daylight,Far,4,4,1280,720,25.48447607341084,0,0,diana,1,1,0.9000546429227859,111.44668186909345,189.67169430520488,234.18778950687587,402.515267029443,26124.655869755883,diana,0.7909979939116656,alice,0.7156356394999218,0.07536235441174377,diana,diana,diana,2,1,1,0,0,17.36355902948262,9.077292460988733,7.049644391592061,33.49049588206341
Daylight_Far_20260114_211200_T12,1736910007.88,197,Daylight,Far,4,4,1280,720,25.48447607341084,0,1,chen,2,1,0.8161361408102161,433.42510946976427,201.53111425363159,543.4222570539275,366.7753340715386,18176.392834740236,chen,0.9579886310513172,bob,0.8110804762044356,0.14690815484688158,chen,chen,chen,2,1,1,0,0,17.36355902948262,9.077292460988733,7.049644391592061,33.49049588206341
Daylight_Far_20260114_211200_T12,1736910007.88,197,Daylight,Far,4,4,1280,720,25.48447607341084,0,2,alice,3,1,0.9368239488648105,757.7501812707626,231.3983496896848,871.9748163484414,400.8688311968275,19357.703906591894,alice,0.8539941500767494,diana,0.7584020502821129,0.09559209979463645,alice,alice,alice,2,1,1,0,0,17.36355902948262,9.077292460988733,7.049644391592061,33.49049588206341
Daylight_Far_20260114_211200_T12,1736910007.88,197,Daylight,Far,4,4,1280,720,25.48447607341084,0,3,bob,4,1,0.8033348888460512,1039.9538735589865,289.1355271740077,1141.3368934069788,499.03016401716064,21279.752133056507,bob,0.8507051870017615,alice,0.7890186944108001,0.06168649259096137,bob,bob,bob,1,1,1,0,0,17.36355902948262,9.077292460988733,7.049644391592061,33.49049588206341
Daylight_Far_20260114_211200_T12,1736910007.92,198,Daylight,Far,4,4,1280,720,23.72947966451533,1,0,diana,1,1,0.7869580818218966,82.79123589976112,292.63710430686007,206.85168474167037,466.3711463401855,21553.523233773478,diana,0.8591107042958618,bob,0.781242246030984,0.07786845826487776,diana,diana,diana,1,1,1,0,0,13.299562283221675,8.007264966245845,6.333408974306877,27.640236223774398
Daylight_Far_20260114_211200_T12,1736910007.92,198,Daylight,Far,4,4,1280,720,23.72947966451533,1,1,chen,2,1,0.6766063085621111,429.3093236369968,191.5838905952265,519.9766977344535,373.1241375839285,16459.777487469335,chen,0.8267340265311762,diana,0.6661474764376796,0.16058655009349665,chen,chen,chen,1,1,1,0,0,13.299562283221675,8.007264966245845,6.333408974306877,27.640236223774398
Daylight_Far_20260114_211200_T12,1736910007.92,198,Daylight,Far,4,4,1280,720,23.72947966451533,1,2,alice,3,1,0.7339610832615502,759.9107503502804,231.91792091703218,843.9545847063595,429.05222277313266,16567.922611095397,alice,0.7875991824919346,chen,0.6715096537089001,0.11608952878303447,alice,alice,alice,2,1,1,0,0,13.299562283221675,8.007264966245845,6.333408974306877,27.640236223774398
Daylight_Far_20260114_211200_T12,1736910007.92,198,Daylight,Far,4,4,1280,720,23.72947966451533,1,3,bob,4,1,0.8775477715179343,1089.7932274394147,224.10184068162565,1172.7975181024472,416.0531195216737,15932.77974198013,bob,0.7999190557730194,diana,0.6244622706464925,0.17545678512652685,bob,bob,bob,2,1,1,0,0,13.299562283221675,8.007264966245845,6.333408974306877,27.640236223774398
Daylight_Far_20260114_211200_T12,1736910007.96,199,Daylight,Far,4,4,1280,720,23.994207871201343,0,0,diana,1,1,0.689788267646466,85.4360966409281,211.32198340549547,200.05099754404011,389.60226019916007,20433.57625768525,diana,0.8573463671803719,bob,0.8369907663502651,0.02035560083010679,unknown,unknown,unknown,0,0,0,0,0,11.149837045010232,10.008357519647364,4.047100601953485,25.20529516661108
Daylight_Far_20260114_211200_T12,1736910007.96,199,Daylight,Far,4,4,1280,720,23.994207871201343,0,1,chen,2,1,0.7517684166054174,432.1567665006377,208.34757769500501,547.573964888903,391.30559804615393,21116.50213159284,chen,0.8064145338187486,diana,0.6564020768024494,0.15001245701629917,chen,chen,chen,3,1,1,0,0,11.149837045010232,10.008357519647364,4.047100601953485,25.20529516661108
Daylight_Far_20260114_211200_T12,1736910007.96,199,Daylight,Far,4,4,1280,720,23.994207871201343,0,2,alice,3,1,0.6731757326608265,757.022356255794,149.15339621758852,869.7502827943663,348.4806447770182,22469.747432743134,alice,0.922299987096696,chen,0.8328291935099131,0.08947079358678289,alice,alice,alice,3,1,1,0,0,11.149837045010232,10.008357519647364,4.047100601953485,25.20529516661108
Daylight_Far_20260114_211200_T12,1736910007.96,199,Daylight,Far,4,4,1280,720,23.994207871201343,0,3,bob,4,1,0.7028954868091852,1073.6374736075807,304.4229152307984,1155.7043063457452,498.7120996183781,15944.697997969906,bob,0.8303314133872426,diana,0.7353165623833706,0.09501485100387197,bob,bob,bob,3,1,1,0,0,11.149837045010232,10.008357519647364,4.047100601953485,25.20529516661108
Daylight_Far_20260114_211200_T12,1736910008.0,200,Daylight,Far,4,4,1280,720,23.540982609144276,1,0,diana,1,1,0.7499259967109216,103.51511817351223,238.34718907881438,191.28847649151083,452.42940845556166,18790.71535086762,diana,0.8370051780416863,alice,0.7672373346048825,0.06976784343680376,diana,diana,diana,1,1,1,0,0,9.688537512299563,5.376830079621245,8.580483051358804,23.645850643279612
Daylight_Far_20260114_211200_T12,1736910008.0,200,Daylight,Far,4,4,1280,720,23.540982609144276,1,1,chen,2,1,0.6477841260565274,418.5885825427186,236.65479862169872,517.4262452541516,390.37289502579046,15193.137365031158,chen,0.7603079834524161,alice,0.6361777120592098,0.12413027139320632,chen,chen,chen,1,1,1,0,0,9.688537512299563,5.376830079621245,8.580483051358804,23.645850643279612
Daylight_Far_20260114_211200_T12,1736910008.0,200,Daylight,Far,4,4,1280,720,23.540982609144276,1,2,alice,3,1,0.8404069223176521,729.6173255658816,240.86903247336517,825.3074790883757,388.21409170969736,14099.471339105605,chen,0.795890987478697,diana,0.7449017805822606,0.05098920689643638,unknown,unknown,unknown,0,0,0,0,0,9.688537512299563,5.376830079621245,8.580483051358804,23.645850643279612
Daylight_Far_20260114_211200_T12,1736910008.0,200,Daylight,Far,4,4,1280,720,23.540982609144276,1,3,bob,4,1,0.7932716050610117,1048.0538096341497,227.05004447284824,1170.1314324414125,382.8049497122276,19014.188572193903,bob,0.8022429425043865,diana,0.6306795979845076,0.17156334451987898,bob,bob,bob,1,1,1,0,0,9.688537512299563,5.376830079621245,8.580483051358804,23.645850643279612
Daylight_Far_20260114_211200_T12,1736910008.04,201,Daylight,Far,4,4,1280,720,23.102431717376334,0,0,diana,1,1,0.809805803547684,127.38425676003376,281.1873256283054,208.42275037582087,431.37277753335377,12170.802785391363,diana,0.8224990070234757,chen,0.7341567765283818,0.08834223049509382,diana,diana,diana,2,1,1,0,0,12.000116992443981,6.767762673847896,6.176290935307767,24.944170601599644
Daylight_Far_20260114_211200_T12,1736910008.04,201,Daylight,Far,4,4,1280,720,23.102431717376334,0,1,chen,2,1,0.7235016879999521,411.2194304840691,178.63539074343726,504.70651355038945,378.59448900667144,18693.592829201483,bob,0.8102943980305467,chen,0.7220431646777676,0.08825123335277907,bob,bob,bob,2,0,0,1,0,12.000116992443981,6.767762673847896,6.176290935307767,24.944170601599644
Daylight_Far_20260114_211200_T12,1736910008.04,201,Daylight,Far,4,4,1280,720,23.102431717376334,0,2,alice,3,1,0.8230807430759048,735.2127620713444,297.36874626749915,846.9219916248957,484.0316987249808,20851.974605216445,alice,0.963301043155782,chen,0.8713823974048498,0.09191864575093223,alice,alice,alice,2,1,1,0,0,12.000116992443981,6.767762673847896,6.176290935307767,24.944170601599644
Daylight_Far_20260114_211200_T12,1736910008.04,201,Daylight,Far,4,4,1280,720,23.102431717376334,0,3,bob,4,1,0.8127087828209802,1092.3649953429053,299.1475348362585,1180.0573343721185,433.8680494288052,11813.95703983966,bob,0.8026076076663295,alice,0.6435128654419615,0.15909474222436804,bob,bob,bob,2,1,1,0,0,12.000116992443981,6.767762673847896,6.176290935307767,24.944170601599644
Daylight_Far_20260114_211200_T12,1736910008.08,202,Daylight,Far,4,4,1280,720,23.7447500360894,1,0,diana,1,1,0.7185900951396694,103.39611957994114,282.7595462283168,208.446664437463,450.9832690620533,17671.993741644757,diana,0.8533104606742937,alice,0.6978170606632117,0.15549340001108203,diana,diana,diana,2,1,1,0,0,12.257169027609093,6.492657533506868,7.419634176799141,26.169460737915102
Daylight_Far_20260114_211200_T12,1736910008.08,202,Daylight,Far,4,4,1280,720,23.7447500360894,1,1,chen,2,1,0.8759284445281331,452.8487980907165,216.82830572737677,532.9618493104163,428.83550267126304,16984.54342771053,chen,0.9164624520637343,alice,0.7397331141478216,0.17672933791591272,chen,chen,chen,2,1,1,0,0,12.257169027609093,6.492657533506868,7.419634176799141,26.169460737915102
Daylight_Far_20260114_211200_T12,1736910008.08,202,Daylight,Far,4,4,1280,720,23.7447500360894,1,2,alice,3,1,0.709123147067765,752.8878294259581,257.2722426432135,855.0130996569427,448.20269282906287,19498.823820553414,diana,0.7319889928266192,chen,0.6855629475582603,0.04642604526835892,unknown,unknown,unknown,0,0,0,0,0,12.257169027609093,6.492657533506868,7.419634176799141,26.169460737915102
Daylight_Far_20260114_211200_T12,1736910008.08,202,Daylight,Far,4,4,1280,720,23.7447500360894,1,3,bob,4,1,0.8764966706425629,1095.7012082871427,308.2058358910071,1177.4913532380976,452.77103102753034,11824.008265079328,bob,0.8417288706272471,chen,0.7796136646145766,0.06211520601267051,bob,bob,bob,1,1,1,0,0,12.257169027609093,6.492657533506868,7.419634176799141,26.169460737915102
Daylight_Far_20260114_211200_T12,1736910008.12,203,Daylight,Far,4,4,1280,720,24.411079575232094,3,0,diana,1,1,0.6954697578795384,84.48498213149418,197.19023671281974,181.3671091011405,373.20734036470486,17052.91138483133,diana,0.9330423973779155,bob,0.8200736376924853,0.11296875968543019,diana,diana,diana,2,1,1,0,0,13.540702962515759,5.977407131435928,6.967787380397169,26.485897474348857
Daylight_Far_20260114_211200_T12,1736910008.12,203,Daylight,Far,4,4,1280,720,24.411079575232094,3,1,chen,2,1,0.6908728084726671,404.9666602443877,290.81512339550426,523.5164686303101,422.29736009038373,15587.193966330457,chen,0.9418328570402777,diana,0.826617344826441,0.11521551221383675,chen,chen,chen,3,1,1,0,0,13.540702962515759,5.977407131435928,6.967787380397169,26.485897474348857
Daylight_Far_20260114_211200_T12,1736910008.12,203,Daylight,Far,4,4,1280,720,24.411079575232094,3,2,alice,3,1,0.6645805204149358,710.5204986644753,156.71933262779737,828.6974362415981,345.0572030577516,22257.19275720894,alice,0.9138832128976585,diana,0.7948305965086507,0.11905261638900777,alice,alice,alice,1,1,1,0,0,13.540702962515759,5.977407131435928,6.967787380397169,26.485897474348857
Daylight_Far_20260114_211200_T12,1736910008.12,203,Daylight,Far,4,4,1280,720,24.411079575232094,3,3,bob,4,1,0.8155737361631511,1065.9437406846023,166.21035899237876,1170.613264106738,308.9821863626322,14943.859128951848,diana,0.6612333757331229,bob,0.6019924916596681,0.05924088407345485,unknown,unknown,unknown,0,0,0,0,0,13.540702962515759,5.977407131435928,6.967787380397169,26.485897474348857
Daylight_Far_20260114_211200_T12,1736910008.16,204,Daylight,Far,4,4,1280,720,26.583190528179575,2,0,diana,1,1,0.7314709657065824,108.59701831129107,317.0509734324998,192.358354491107,529.2125525918025,17770.937356402985,chen,0.6569254584909634,bob,0.5812028125222628,0.0757226459687006,unknown,unknown,unknown,0,0,0,0,0,12.694354066953732,11.52356609532218,10.044495790296528,34.26241595257244
Daylight_Far_20260114_211200_T12,1736910008.16,204,Daylight,Far,4,4,1280,720,26.583190528179575,2,1,chen,2,1,0.6655824823485353,447.52985379850156,193.6798160933058,542.7279525083139,406.94902208070164,20302.822923351418,chen,0.8569978721751914,diana,0.6828891847876023,0.1741086873875891,chen,chen,chen,1,1,1,0,0,12.694354066953732,11.52356609532218,10.044495790296528,34.26241595257244
Daylight_Far_20260114_211200_T12,1736910008.16,204,Daylight,Far,4,4,1280,720,26.583190528179575,2,2,alice,3,1,0.842610438234461,757.7741884755253,245.6282750477653,884.7436284159628,437.7840460657146,24397.910627471978,alice,0.7979921314035814,diana,0.7321749403741534,0.06581719102942796,alice,alice,alice,1,1,1,0,0,12.694354066953732,11.52356609532218,10.044495790296528,34.26241595257244
Daylight_Far_20260114_211200_T12,1736910008.16,204,Daylight,Far,4,4,1280,720,26.583190528179575,2,3,bob,4,1,0.832825289447399,1057.8946266563182,130.51298089328156,1154.3504391571435,317.4480579341758,18030.974740883812,bob,0.9244502050442988,alice,0.8495089297603614,0.07494127528393735,bob,bob,bob,3,1,1,0,0,12.694354066953732,11.52356609532218,10.044495790296528,34.26241595257244
Daylight_Far_20260114_211200_T12,1736910008.2,205,Daylight,Far,4,4,1280,720,26.17106558085153,4,0,diana,1,1,0.8651233223397177,142.49763317445357,259.3386579385634,232.84093251105006,462.6306337907106,18366.06782713868,diana,0.8341657232654892,bob,0.6656961219409733,0.16846960132451594,diana,diana,diana,3,1,1,0,0,14.239992343919763,8.191935566479003,16.652167471720933,39.0840953821197
Daylight_Far_20260114_211200_T12,1736910008.2,205,Daylight,Far,4,4,1280,720,26.17106558085153,4,1,chen,2,1,0.9420360117976149,417.1210660821389,282.4673471333307,513.6304002102833,448.4087523087841,16014.894517771614,diana,0.7995902317220211,alice,0.7226902446197085,0.0768999871023126,unknown,unknown,unknown,0,0,0,0,0,14.239992343919763,8.191935566479003,16.652167471720933,39.0840953821197
Daylight_Far_20260114_211200_T12,1736910008.2,205,Daylight,Far,4,4,1280,720,26.17106558085153,4,2,alice,3,1,0.8373953127585941,755.4231328775213,235.3073442898016,847.6457979691647,418.4063220755693,16885.875706959112,alice,0.8656518392847505,chen,0.7874636167066414,0.07818822257810909,alice,alice,alice,2,1,1,0,0,14.239992343919763,8.191935566479003,16.652167471720933,39.0840953821197
Daylight_Far_20260114_211200_T12,1736910008.2,205,Daylight,Far,4,4,1280,720,26.17106558085153,4,3,bob,4,1,0.8669741207047037,1089.0214461299113,164.7972737123717,1197.6538847208278,360.2556037433798,21233.11503417659,bob,0.8709754662112196,alice,0.7848030432964568,0.08617242291476279,bob,bob,bob,2,1,1,0,0,14.239992343919763,8.191935566479003,16.652167471720933,39.0840953821197
Daylight_Far_20260114_211200_T12,1736910008.24,206,Daylight,Far,4,4,1280,720,27.15127151624154,1,0,diana,1,1,0.8429771319148907,119.6648746758662,170.7888923363529,199.80114260361148,381.73368733962945,16904.328610345874,diana,0.7948915952410167,chen,0.6670923804239264,0.12779921481709033,diana,diana,diana,2,1,1,0,0,11.087967493470742,7.38534791000834,7.985807472406309,26.45912287588539
Daylight_Far_20260114_211200_T12,1736910008.24,206,Daylight,Far,4,4,1280,720,27.15127151624154,1,1,chen,2,1,0.8164001858557642,421.1979542238705,286.3632235514143,540.3721044288877,484.7285159280873,23640.015149159783,bob,0.811109275056048,chen,0.7724003623069664,0.038708912749081614,bob,bob,bob,1,0,0,1,0,11.087967493470742,7.38534791000834,7.985807472406309,26.45912287588539
Daylight_Far_20260114_211200_T12,1736910008.24,206,Daylight,Far,4,4,1280,720,27.15127151624154,1,2,alice,3,1,0.7959534775367881,749.7613643127696,249.17738693947302,838.1387320066816,420.15924003503693,15110.926100013095,alice,0.8189026357172544,bob,0.7336961861528144,0.08520644956444001,alice,alice,alice,2,1,1,0,0,11.087967493470742,7.38534791000834,7.985807472406309,26.45912287588539
Daylight_Far_20260114_211200_T12,1736910008.24,206,Daylight,Far,4,4,1280,720,27.15127151624154,1,3,bob,4,1,0.8060103158031668,1078.519471833461,228.68412461889326,1163.2160955366644,435.2100420161397,17492.04791075345,diana,0.7107080159331132,bob,0.6560598579252868,0.05464815800782641,diana,diana,diana,1,0,0,1,0,11.087967493470742,7.38534791000834,7.985807472406309,26.45912287588539
Daylight_Far_20260114_211200_T12,1736910008.28,207,Daylight,Far,4,4,1280,720,28.014054639668444,2,0,diana,1,1,0.7452928935512019,113.12930110366871,188.63258951965904,221.66708065229494,393.82985682922845,22271.655763226572,chen,0.7556115196645418,diana,0.6612207026793906,0.09439081698515117,chen,chen,chen,1,0,0,1,0,18.259398128044463,13.720629508501291,15.933717892611101,47.913745529156856
Daylight_Far_20260114_211200_T12,1736910008.28,207,Daylight,Far,4,4,1280,720,28.014054639668444,2,1,chen,2,1,0.7976532524939713,427.67861063151616,218.785611229025,546.6049305499894,426.0762654782869,24652.31466335734,chen,0.867472178275326,diana,0.7518220572669687,0.11565012100835725,chen,chen,chen,1,1,1,0,0,18.259398128044463,13.720629508501291,15.933717892611101,47.913745529156856
Daylight_Far_20260114_211200_T12,1736910008.28,207,Daylight,Far,4,4,1280,720,28.014054639668444,2,2,alice,3,1,0.6558575425969125,772.2997197695395,226.82905583886685,863.3598010198516,398.31876890731525,15615.867205605624,alice,0.8854903593459559,bob,0.7499861014998113,0.13550425784614462,alice,alice,alice,3,1,1,0,0,18.259398128044463,13.720629508501291,15.933717892611101,47.913745529156856
Daylight_Far_20260114_211200_T12,1736910008.28,207,Daylight,Far,4,4,1280,720,28.014054639668444,2,3,bob,4,1,0.6945076071818288,1079.7116900761998,279.90193553286946,1196.0942979293782,468.785286595842,21982.736976756154,bob,0.7716698726358046,diana,0.6347720544462935,0.13689781818951108,bob,bob,bob,2,1,1,0,0,18.259398128044463,13.720629508501291,15.933717892611101,47.913745529156856
Daylight_Far_20260114_211200_T12,1736910008.32,208,Daylight,Far,4,4,1280,720,22.57600562941886,1,0,diana,1,1,0.7146858793488994,125.30368847476628,260.7182051452874,239.91124943240249,422.57677984557046,18550.216466478803,diana,0.8910359934414713,alice,0.752015673065247,0.13902032037622436,diana,diana,diana,3,1,1,0,0,15.328583237486898,12.123708697582783,3.7754428258666515,31.227734760936332
Daylight_Far_20260114_211200_T12,1736910008.32,208,Daylight,Far,4,4,1280,720,22.57600562941886,1,1,chen,-1,0,-1.0,-1.0,-1.0,-1.0,-1.0,0.0,unknown,-1.0,unknown,-1.0,-1.0,unknown,unknown,unknown,0,0,0,0,1,15.328583237486898,12.123708697582783,3.7754428258666515,31.227734760936332
Daylight_Far_20260114_211200_T12,1736910008.32,208,Daylight,Far,4,4,1280,720,22.57600562941886,1,2,alice,3,1,0.7324625054404696,715.4661919172071,317.3555987793392,805.676979559959,483.47353616816724,14985.62997343553,alice,0.9297671622747691,chen,0.8430687753588983,0.08669838691587073,alice,alice,alice,2,1,1,0,0,15.328583237486898,12.123708697582783,3.7754428258666515,31.227734760936332
Daylight_Far_20260114_211200_T12,1736910008.32,208,Daylight,Far,4,4,1280,720,22.57600562941886,1,3,bob,4,1,0.7240596069545816,1087.2161696684082,204.32137628504313,1174.111680597666,347.4997605633405,12441.558855888268,bob,0.8712571979666344,chen,0.8079745506908075,0.06328264727582689,bob,bob,bob,2,1,1,0,0,15.328583237486898,12.123708697582783,3.7754428258666515,31.227734760936332
Daylight_Far_20260114_211200_T12,1736910008.36,209,Daylight,Far,4,4,1280,720,25.561902855305835,1,0,diana,1,1,0.636905506770633,84.41383616014113,260.9241896554628,210.88208288003378,393.3174821843339,16743.547583600197,diana,0.7827929738648511,bob,0.694262419571985,0.08853055429286616,diana,diana,diana,2,1,1,0,0,22.268793071947083,16.47064882466883,9.768828255641132,48.50827015225705
Daylight_Far_20260114_211200_T12,1736910008.36,209,Daylight,Far,4,4,1280,720,25.561902855305835,1,1,chen,2,1,0.7962257076188425,445.5983562781807,237.64109450059806,554.7939666554635,394.28769625849264,17105.121292480435,chen,0.7215687401646343,bob,0.6820392646651166,0.0395294754995178,unknown,unknown,unknown,0,0,0,0,0,22.268793071947083,16.47064882466883,9.768828255641132,48.50827015225705
Daylight_Far_20260114_211200_T12,1736910008.36,209,Daylight,Far,4,4,1280,720,25.561902855305835,1,2,alice,3,1,0.7055960398472977,720.3348398736183,244.98386973818867,814.3865474113633,394.4843061811258,14060.771325096353,alice,0.8913945339599741,diana,0.8126299967595559,0.0787645372004182,alice,alice,alice,2,1,1,0,0,22.268793071947083,16.47064882466883,9.768828255641132,48.50827015225705
Daylight_Far_20260114_211200_T12,1736910008.36,209,Daylight,Far,4,4,1280,720,25.561902855305835,1,3,bob,4,1,0.7098010521192066,1064.1494704387387,249.01578922687042,1149.5285749401196,454.3710568350907,17533.048853031276,alice,0.7524836257289557,bob,0.7051124465208422,0.04737117920811351,unknown,unknown,unknown,0,0,0,0,0,22.268793071947083,16.47064882466883,9.768828255641132,48.50827015225705
Daylight_Far_20260114_211200_T12,1736910008.4,210,Daylight,Far,4,4,1280,720,24.868617631636326,0,0,diana,1,1,0.8009757829974957,106.01217071295038,294.6941379139795,205.25811258408027,429.8581941967417,13414.484072905147,diana,0.9526724812532052,alice,0.8432508616046569,0.10942161964854835,diana,diana,diana,2,1,1,0,0,20.264884282444196,18.86216888546702,9.641227130535231,48.76828029844645
Daylight_Far_20260114_211200_T12,1736910008.4,210,Daylight,Far,4,4,1280,720,24.868617631636326,0,1,chen,2,1,0.7695244418329001,479.2253994846712,182.5803480955177,592.3296263191891,375.53601086076424,21824.101050405177,chen,0.7859463854317992,diana,0.6647908655552353,0.12115551987656392,chen,chen,chen,2,1,1,0,0,20.264884282444196,18.86216888546702,9.641227130535231,48.76828029844645
Daylight_Far_20260114_211200_T12,1736910008.4,210,Daylight,Far,4,4,1280,720,24.868617631636326,0,2,alice,3,1,0.7851341930286359,725.5770469155871,300.92740461253254,853.3689176082769,485.7838986204307,23623.157178961315,alice,0.8259498438725277,diana,0.7306042365627325,0.09534560730979513,alice,alice,alice,2,1,1,0,0,20.264884282444196,18.86216888546702,9.641227130535231,48.76828029844645
Daylight_Far_20260114_211200_T12,1736910008.4,210,Daylight,Far,4,4,1280,720,24.868617631636326,0,3,bob,4,1,0.8568708544450411,1027.701607015841,192.60194069236564,1123.2144175381263,333.59818646650155,13466.947706978603,bob,0.8944983090472448,alice,0.8043105657222948,0.09018774332495005,bob,bob,bob,2,1,1,0,0,20.264884282444196,18.86216888546702,9.641227130535231,48.76828029844645
Daylight_Far_20260114_211200_T12,1736910008.44,211,Daylight,Far,4,4,1280,720,27.656476983703865,2,0,diana,1,1,0.8184345026213051,124.71174183362068,275.2466424447444,242.87417418662426,431.221824651821,18430.406916291096,diana,0.875058771580918,bob,0.7955833041895924,0.0794754673913256,diana,diana,diana,1,1,1,0,0,16.633477326404236,9.697213832266614,9.299562079759527,35.63025323843038
Daylight_Far_20260114_211200_T12,1736910008.44,211,Daylight,Far,4,4,1280,720,27.656476983703865,2,1,chen,2,1,0.8807393811247075,415.29352996139494,103.48317222598455,513.7637284143278,285.69961531236936,17942.889312103864,chen,0.8115921645762614,alice,0.6477580178019475,0.16383414677431385,chen,chen,chen,2,1,1,0,0,16.633477326404236,9.697213832266614,9.299562079759527,35.63025323843038
Daylight_Far_20260114_211200_T12,1736910008.44,211,Daylight,Far,4,4,1280,720,27.656476983703865,2,2,alice,3,1,0.7451806640016947,758.5694505276283,255.52505397147388,838.7268441107303,413.42280733716245,12656.67236242107,alice,0.9023314972626644,diana,0.8275182105431738,0.07481328671949061,alice,alice,alice,2,1,1,0,0,16.633477326404236,9.697213832266614,9.299562079759527,35.63025323843038
Daylight_Far_20260114_211200_T12,1736910008.44,211,Daylight,Far,4,4,1280,720,27.656476983703865,2,3,bob,4,1,0.8274496704481242,1060.7689911734456,255.05445648160872,1186.451806875924,436.77947290951323,22839.711748238176,bob,0.9587145614540815,chen,0.8737529377057234,0.08496162374835814,bob,bob,bob,2,1,1,0,0,16.633477326404236,9.697213832266614,9.299562079759527,35.63025323843038
Daylight_Far_20260114_211200_T12,1736910008.48,212,Daylight,Far,4,4,1280,720,25.27674197875206,1,0,diana,-1,0,-1.0,-1.0,-1.0,-1.0,-1.0,0.0,unknown,-1.0,unknown,-1.0,-1.0,unknown,unknown,unknown,0,0,0,0,1,12.788611933272211,11.262852411913903,11.21609762070806,35.267561965894174
Daylight_Far_20260114_211200_T12,1736910008.48,212,Daylight,Far,4,4,1280,720,25.27674197875206,1,1,chen,2,1,0.8298203072383642,394.2916660177727,223.85659629287176,515.6819381629684,404.60454476708634,21941.042654970726,alice,0.7255993534694912,chen,0.6786933397572673,0.046906013712223915,alice,alice,alice,1,0,0,1,0,12.788611933272211,11.262852411913903,11.21609762070806,35.267561965894174
Daylight_Far_20260114_211200_T12,1736910008.48,212,Daylight,Far,4,4,1280,720,25.27674197875206,1,2,alice,3,1,0.7485786417078479,774.7978240839924,259.247306809577,858.9952791928575,400.64632403926566,11905.437405634359,alice,0.9624619167501657,bob,0.8850638885124986,0.07739802823766706,alice,alice,alice,3,1,1,0,0,12.788611933272211,11.262852411913903,11.21609762070806,35.267561965894174
Daylight_Far_20260114_211200_T12,1736910008.48,212,Daylight,Far,4,4,1280,720,25.27674197875206,1,3,bob,4,1,0.6333415763957922,1110.7207619400583,226.61681343213826,1237.0650786767615,399.60579632595335,21856.174846696296,bob,0.9250976719429206,diana,0.8049737311925771,0.1201239407503435,bob,bob,bob,2,1,1,0,0,12.788611933272211,11.262852411913903,11.21609762070806,35.267561965894174
Daylight_Far_20260114_211200_T12,1736910008.52,213,Daylight,Far,4,4,1280,720,25.44748701126495,1,0,diana,1,1,0.6967057221707458,91.47641569218408,204.18138802213576,199.97230620427294,405.77390080853087,21871.959195329597,diana,0.8662865619386068,chen,0.7278594195110243,0.13842714242758247,diana,diana,diana,1,1,1,0,0,8.826008621651775,4.60083158938589,8.04983226597994,21.476672477017605
Daylight_Far_20260114_211200_T12,1736910008.52,213,Daylight,Far,4,4,1280,720,25.44748701126495,1,1,chen,2,1,0.7477890517245034,432.3321227184197,132.32937311611582,516.5416179355999,330.0743859872705,16652.007715594733,alice,0.5371826013047488,diana,0.46979332020619413,0.06738928109855469,unknown,unknown,unknown,0,0,0,0,0,8.826008621651775,4.60083158938589,8.04983226597994,21.476672477017605
Daylight_Far_20260114_211200_T12,1736910008.52,213,Daylight,Far,4,4,1280,720,25.44748701126495,1,2,alice,3,1,0.7880068521525772,757.093966081003,205.25161589598372,855.2078475770649,336.83807372213937,12910.458129641973,alice,0.8653628283593017,chen,0.7885755788249844,0.07678724953431726,alice,alice,alice,2,1,1,0,0,8.826008621651775,4.60083158938589,8.04983226597994,21.476672477017605
Daylight_Far_20260114_211200_T12,1736910008.52,213,Daylight,Far,4,4,1280,720,25.44748701126495,1,3,bob,4,1,0.6031655033689366,1072.6586015574746,282.63827278611745,1179.216731636657,420.4555063957249,14685.54670612561,bob,0.815067234960362,chen,0.6607264189309272,0.15434081602943484,bob,bob,bob,3,1,1,0,0,8.826008621651775,4.60083158938589,8.04983226597994,21.476672477017605
Daylight_Far_20260114_211200_T12,1736910008.56,214,Daylight,Far,4,4,1280,720,24.210437015495224,0,0,diana,1,1,0.7138579493018097,148.14505381265647,152.7695360118721,233.07582699233873,365.4344730432622,18061.797530284402,diana,0.8246631219649077,bob,0.7083202987972694,0.11634282316763822,diana,diana,diana,2,1,1,0,0,13.70502565813877,7.334094839122274,6.784388479658999,27.823508976920042
Daylight_Far_20260114_211200_T12,1736910008.56,214,Daylight,Far,4,4,1280,720,24.210437015495224,0,1,chen,2,1,0.7502107746145951,447.8985953281482,253.4088897477703,534.9250963273665,430.6484925957823,15424.542474353575,chen,0.9105483456844373,diana,0.7788709098425547,0.13167743584188263,chen,chen,chen,2,1,1,0,0,13.70502565813877,7.334094839122274,6.784388479658999,27.823508976920042
Daylight_Far_20260114_211200_T12,1736910008.56,214,Daylight,Far,4,4,1280,720,24.210437015495224,0,2,alice,3,1,0.7408617943140386,775.2985374255181,267.961219351767,886.4416370600841,430.4763132474136,18062.431272964688,alice,0.7954077365998046,chen,0.7262062865260965,0.06920145007370804,alice,alice,alice,2,1,1,0,0,13.70502565813877,7.334094839122274,6.784388479658999,27.823508976920042
Daylight_Far_20260114_211200_T12,1736910008.56,214,Daylight,Far,4,4,1280,720,24.210437015495224,0,3,bob,4,1,0.7480659386964031,1070.309300310825,178.9947839876159,1192.4217031876908,385.28921130351813,25191.10821965178,bob,0.8970117701770091,chen,0.7513732415447595,0.14563852863224958,bob,bob,bob,1,1,1,0,0,13.70502565813877,7.334094839122274,6.784388479658999,27.823508976920042
Daylight_Far_20260114_211200_T12,1736910008.6,215,Daylight,Far,4,4,1280,720,23.429937691002557,1,0,diana,1,1,0.7811267760898474,150.41164662169456,254.1471335810797,234.19162482502594,412.7257672978397,13285.714476304225,diana,0.8953978586736483,alice,0.7288801646631291,0.1665176940105192,diana,diana,diana,3,1,1,0,0,14.601589049319625,7.694242616297886,5.133034540648523,27.428866206266033
Daylight_Far_20260114_211200_T12,1736910008.6,215,Daylight,Far,4,4,1280,720,23.429937691002557,1,1,chen,2,1,0.7691897420735389,421.19587958615585,273.6485179825564,518.6132247309891,433.4502153830963,15567.457110398602,chen,0.8662042320945522,diana,0.7009800455460764,0.16522418654847582,chen,chen,chen,2,1,1,0,0,14.601589049319625,7.694242616297886,5.133034540648523,27.428866206266033
Daylight_Far_20260114_211200_T12,1736910008.6,215,Daylight,Far,4,4,1280,720,23.429937691002557,1,2,alice,3,1,0.8263359970331563,764.2574960893916,272.02544512912067,861.4898770472734,456.13554265006945,17901.46314034966,alice,0.8186570299152894,diana,0.6632257955068385,0.15543123440845097,alice,alice,alice,2,1,1,0,0,14.601589049319625,7.694242616297886,5.133034540648523,27.428866206266033
Daylight_Far_20260114_211200_T12,1736910008.6,215,Daylight,Far,4,4,1280,720,23.429937691002557,1,3,bob,4,1,0.8699303180872506,1054.7479719925768,149.274456602435,1177.9222644715587,297.01143279954465,18197.39751606317,bob,0.8735811554772319,diana,0.694628370744524,0.17895278473270793,bob,bob,bob,2,1,1,0,0,14.601589049319625,7.694242616297886,5.133034540648523,27.428866206266033
Daylight_Far_20260114_211200_T12,1736910008.64,216,Daylight,Far,4,4,1280,720,24.940281288669592,4,0,diana,1,1,0.748408721169016,97.14713804424933,156.77006699480864,223.7588173050715,362.90033151298564,26098.498937123855,bob,0.7054655374822352,diana,0.681203579734589,0.024261957747646168,bob,bob,bob,1,0,0,1,0,15.839321964717948,10.777673818058465,8.101008121647462,34.718003904423874
Daylight_Far_20260114_211200_T12,1736910008.64,216,Daylight,Far,4,4,1280,720,24.940281288669592,4,1,chen,2,1,0.7042590731406024,430.13861181650316,328.7225821335447,525.3121903164914,484.08159023729735,14786.072753442815,chen,0.9163631175100806,bob,0.7974928364458476,0.11887028106423303,chen,chen,chen,2,1,1,0,0,15.839321964717948,10.777673818058465,8.101008121647462,34.718003904423874
Daylight_Far_20260114_211200_T12,1736910008.64,216,Daylight,Far,4,4,1280,720,24.940281288669592,4,2,alice,3,1,0.7036482968783164,735.9760039958181,235.3966503145209,827.8246958407391,404.1908374398721,15503.525278490304,alice,0.9251094729401965,chen,0.747866237190711,0.17724323574948553,alice,alice,alice,2,1,1,0,0,15.839321964717948,10.777673818058465,8.101008121647462,34.718003904423874
Daylight_Far_20260114_211200_T12,1736910008.64,216,Daylight,Far,4,4,1280,720,24.940281288669592,4,3,bob,4,1,0.7803961035504694,1056.4634354351347,275.45505787051206,1157.9823632947746,460.02695737559384,18737.541350773106,chen,0.562954501817936,bob,0.5246855943001814,0.03826890751775469,unknown,unknown,unknown,0,0,0,0,0,15.839321964717948,10.777673818058465,8.101008121647462,34.718003904423874
Daylight_Far_20260114_211200_T12,1736910008.68,217,Daylight,Far,4,4,1280,720,23.568238547196923,0,0,diana,1,1,0.7432795528589293,106.66517698337398,235.4142712207693,224.80369697521613,392.15232748144916,18516.801993034805,diana,0.8280798890576767,chen,0.716779120196606,0.11130076886107076,diana,diana,diana,3,1,1,0,0,18.535212284387807,10.798181927264492,5.516228023571022,34.84962223522332
Daylight_Far_20260114_211200_T12,1736910008.68,217,Daylight,Far,4,4,1280,720,23.568238547196923,0,1,chen,2,1,0.7414829060840402,439.1712850458758,252.60014886197655,550.4513638376135,399.42269124510267,16338.424084797523,chen,0.9354387964253027,alice,0.7564680134971999,0.17897078292810276,chen,chen,chen,2,1,1,0,0,18.535212284387807,10.798181927264492,5.516228023571022,34.84962223522332
Daylight_Far_20260114_211200_T12,1736910008.68,217,Daylight,Far,4,4,1280,720,23.568238547196923,0,2,alice,3,1,0.7115448359975124,740.6050559169048,133.6425218603813,832.2721453293468,341.3429800176035,19039.29646890326,alice,0.8183727179763327,bob,0.7344241087347796,0.08394860924155312,alice,alice,alice,2,1,1,0,0,18.535212284387807,10.798181927264492,5.516228023571022,34.84962223522332
Daylight_Far_20260114_211200_T12,1736910008.68,217,Daylight,Far,4,4,1280,720,23.568238547196923,0,3,bob,4,1,0.661066642529935,1077.6085780796316,235.7323207718319,1181.8636405924358,399.0436066669724,17026.028320044312,bob,0.7978874873227895,chen,0.7080404457186545,0.08984704160413493,bob,bob,bob,2,1,1,0,0,18.535212284387807,10.798181927264492,5.516228023571022,34.84962223522332
Daylight_Far_20260114_211200_T12,1736910008.72,218,Daylight,Far,4,4,1280,720,25.368426176512774,0,0,diana,1,1,0.8379615150744257,92.3290388986359,207.67989396537615,218.2298659188199,368.9214540023,20300.445758673362,diana,0.8619102247362944,bob,0.7355745473807008,0.1263356773555936,diana,diana,diana,2,1,1,0,0,14.58976350028913,13.177757696755252,6.1890007057522265,33.95652190279661
Daylight_Far_20260114_211200_T12,1736910008.72,218,Daylight,Far,4,4,1280,720,25.368426176512774,0,1,chen,2,1,0.7733822785138857,434.2213099940003,94.14982126449831,517.204276134678,291.72699203998866,16395.539672633415,chen,0.845952474846284,diana,0.7575399674311976,0.08841250741508644,chen,chen,chen,1,1,1,0,0,14.58976350028913,13.177757696755252,6.1890007057522265,33.95652190279661
Daylight_Far_20260114_211200_T12,1736910008.72,218,Daylight,Far,4,4,1280,720,25.368426176512774,0,2,alice,3,1,0.8769184728420775,749.1185511848638,231.6362907154085,843.1007755771778,373.62020259320985,13343.963866198068,diana,0.9085734642618033,alice,0.8794208458016881,0.029152618460115187,diana,diana,diana,1,0,0,1,0,14.58976350028913,13.177757696755252,6.1890007057522265,33.95652190279661
Daylight_Far_20260114_211200_T12,1736910008.72,218,Daylight,Far,4,4,1280,720,25.368426176512774,0,3,bob,4,1,0.792959491852695,1071.6015954678371,233.2832743792556,1171.2395887574428,446.73608560434803,21268.009772493228,bob,0.9153150861360246,chen,0.8038076739527213,0.11150741218330329,bob,bob,bob,2,1,1,0,0,14.58976350028913,13.177757696755252,6.1890007057522265,33.95652190279661
Daylight_Far_20260114_211200_T12,1736910008.76,219,Daylight,Far,4,4,1280,720,24.269765135288687,0,0,diana,-1,0,-1.0,-1.0,-1.0,-1.0,-1.0,0.0,unknown,-1.0,unknown,-1.0,-1.0,unknown,unknown,unknown,0,0,0,0,1,8.908321460675342,5.272064392685843,9.56946338945354,23.749849242814726
Daylight_Far_20260114_211200_T12,1736910008.76,219,Daylight,Far,4,4,1280,720,24.269765135288687,0,1,chen,2,1,0.8303611142467492,421.8243580966818,288.7978266699199,522.5740034109114,499.2668557652071,21204.680030980442,alice,0.6840397175502679,diana,0.644103625191765,0.03993609235850293,unknown,unknown,unknown,0,0,0,0,0,8.908321460675342,5.272064392685843,9.56946338945354,23.749849242814726
Daylight_Far_20260114_211200_T12,1736910008.76,219,Daylight,Far,4,4,1280,720,24.269765135288687,0,2,alice,3,1,0.6381469622954313,736.2922420755266,309.2959428524356,863.4392390250767,518.3795106760389,26584.347760268753,alice,0.8499724278458574,diana,0.7835309829770875,0.0664414448687699,alice,alice,alice,2,1,1,0,0,8.908321460675342,5.272064392685843,9.56946338945354,23.749849242814726
Daylight_Far_20260114_211200_T12,1736910008.76,219,Daylight,Far,4,4,1280,720,24.269765135288687,0,3,bob,4,1,0.7044999815125254,1092.1419982027319,192.5334233833538,1180.5409559712352,351.2472295200565,14030.135045956811,bob,0.8395528113567657,diana,0.7055921735912922,0.1339606377654735,bob,bob,bob,1,1,1,0,0,8.908321460675342,5.272064392685843,9.56946338945354,23.749849242814726
Daylight_Far_20260114_211200_T12,1736910008.8,220,Daylight,Far,4,4,1280,720,24.799864761431298,1,0,diana,1,1,0.8622178259553337,104.07026714996398,286.07939625904,222.61744648152444,423.51340711859643,16292.414331623466,diana,0.7910474210871096,chen,0.6996193998326133,0.09142802125449623,diana,diana,diana,2,1,1,0,0,14.932385225410714,12.633662038272425,9.132588346815796,36.69863561049893
Daylight_Far_20260114_211200_T12,1736910008.8,220,Daylight,Far,4,4,1280,720,24.799864761431298,1,1,chen,2,1,0.6792598522884686,450.67137051459866,303.7371102976954,577.4625057255108,446.36674556382127,18084.173370110453,chen,0.9049719879869894,alice,0.8439293537524822,0.061042634234507176,chen,chen,chen,2,1,1,0,0,14.932385225410714,12.633662038272425,9.132588346815796,36.69863561049893
Daylight_Far_20260114_211200_T12,1736910008.8,220,Daylight,Far,4,4,1280,720,24.799864761431298,1,2,alice,-1,0,-1.0,-1.0,-1.0,-1.0,-1.0,0.0,unknown,-1.0,unknown,-1.0,-1.0,unknown,unknown,unknown,0,0,0,0,1,14.932385225410714,12.633662038272425,9.132588346815796,36.69863561049893
Daylight_Far_20260114_211200_T12,1736910008.8,220,Daylight,Far,4,4,1280,720,24.799864761431298,1,3,bob,4,1,0.8262050948916142,1085.1061063961547,308.6185233074998,1192.1855879748791,469.5581487404377,17233.33165683308,bob,0.8071609342426875,diana,0.7257581960509536,0.08140273819173394,bob,bob,bob,2,1,1,0,0,14.932385225410714,12.633662038272425,9.132588346815796,36.69863561049893
Daylight_Far_20260114_211200_T12,1736910008.84,221,Daylight,Far,4,4,1280,720,23.556650254315535,1,0,diana,1,1,0.7468000007846706,125.95678711415533,222.27987830398612,216.9464432616355,400.47331745156475,16213.75975577511,diana,0.8571994205683727,bob,0.7941749560878039,0.06302446448056886,diana,diana,diana,1,1,1,0,0,16.52450416135096,11.566297540981948,5.595694437583186,33.686496139916095
Daylight_Far_20260114_211200_T12,1736910008.84,221,Daylight,Far,4,4,1280,720,23.556650254315535,1,1,chen,2,1,0.6847778082110134,458.8821245198214,243.68412066321133,582.4016437300154,386.00836996751474,17579.822846019346,chen,0.8396228699815166,alice,0.7033721680594986,0.13625070192201794,chen,chen,chen,2,1,1,0,0,16.52450416135096,11.566297540981948,5.595694437583186,33.686496139916095
Daylight_Far_20260114_211200_T12,1736910008.84,221,Daylight,Far,4,4,1280,720,23.556650254315535,1,2,alice,3,1,0.679889615513178,747.1001803080595,169.48414024008343,861.0400962139578,363.9148327682317,22153.416756182774,alice,0.7618420261729958,bob,0.6687142458944931,0.09312778027850266,alice,alice,alice,3,1,1,0,0,16.52450416135096,11.566297540981948,5.595694437583186,33.686496139916095
Daylight_Far_20260114_211200_T12,1736910008.84,221,Daylight,Far,4,4,1280,720,23.556650254315535,1,3,bob,-1,0,-1.0,-1.0,-1.0,-1.0,-1.0,0.0,unknown,-1.0,unknown,-1.0,-1.0,unknown,unknown,unknown,0,0,0,0,1,16.52450416135096,11.566297540981948,5.595694437583186,33.686496139916095
Daylight_Far_20260114_211200_T12,1736910008.88,222,Daylight,Far,4,4,1280,720,28.045813838970794,1,0,diana,1,1,0.8208976956682021,100.41603492583134,258.6829594713417,200.47589536850614,404.72532581921354,14612.978795486044,diana,0.9122234695261839,alice,0.7514927431552556,0.16073072637092833,diana,diana,diana,1,1,1,0,0,15.477119025500615,9.555119122775404,13.08319767301848,38.1154358212945
Daylight_Far_20260114_211200_T12,1736910008.88,222,Daylight,Far,4,4,1280,720,28.045813838970794,1,1,chen,2,1,0.7079869485364251,438.9562647491788,234.9781987492184,562.6518033502125,385.8279743970273,18659.44424660082,chen,0.8306662818484347,diana,0.7135953796089506,0.11707090223948413,chen,chen,chen,1,1,1,0,0,15.477119025500615,9.555119122775404,13.08319767301848,38.1154358212945
Daylight_Far_20260114_211200_T12,1736910008.88,222,Daylight,Far,4,4,1280,720,28.045813838970794,1,2,alice,3,1,0.7896898352900329,734.943694575262,250.19610718824487,846.491874067327,430.7526090895073,20140.749082541388,alice,0.8553213681287901,diana,0.7295168238548088,0.12580454427398136,alice,alice,alice,3,1,1,0,0,15.477119025500615,9.555119122775404,13.08319767301848,38.1154358212945
Daylight_Far_20260114_211200_T12,1736910008.88,222,Daylight,Far,4,4,1280,720,28.045813838970794,1,3,bob,4,1,0.8318942527062085,1071.712749380119,189.3177172448544,1179.784988867777,331.77489873925936,15395.666635200087,bob,0.863934527848147,diana,0.7231303170593053,0.14080421078884164,bob,bob,bob,1,1,1,0,0,15.477119025500615,9.555119122775404,13.08319767301848,38.1154358212945
Daylight_Far_20260114_211200_T12,1736910008.92,223,Daylight,Far,4,4,1280,720,26.950497348240816,2,0,diana,1,1,0.7816401325546757,119.18826564538548,234.10111558657582,204.06465620066868,438.6495312645484,17361.331216548013,diana,0.8746260994487673,alice,0.7538951945737583,0.12073090487500904,diana,diana,diana,2,1,1,0,0,21.425287883795047,9.55055325968335,9.161584932128251,40.13742607560665
Daylight_Far_20260114_211200_T12,1736910008.92,223,Daylight,Far,4,4,1280,720,26.950497348240816,2,1,chen,-1,0,-1.0,-1.0,-1.0,-1.0,-1.0,0.0,unknown,-1.0,unknown,-1.0,-1.0,unknown,unknown,unknown,0,0,0,0,1,21.425287883795047,9.55055325968335,9.161584932128251,40.13742607560665
Daylight_Far_20260114_211200_T12,1736910008.92,223,Daylight,Far,4,4,1280,720,26.950497348240816,2,2,alice,3,1,0.6326762136405031,732.8234288355295,317.44008277411905,825.1196960282,455.90143940916283,12779.466367847639,bob,0.6144712130244564,diana,0.5775916659591314,0.036879547065325036,unknown,unknown,unknown,0,0,0,0,0,21.425287883795047,9.55055325968335,9.161584932128251,40.13742607560665
Daylight_Far_20260114_211200_T12,1736910008.92,223,Daylight,Far,4,4,1280,720,26.950497348240816,2,3,bob,4,1,0.8673438619028294,1075.9868898649795,223.85016243929567,1191.97969498815,392.54203249977445,19567.043209788306,bob,0.7692783392281631,diana,0.6757781920567679,0.09350014717139521,bob,bob,bob,2,1,1,0,0,21.425287883795047,9.55055325968335,9.161584932128251,40.13742607560665
Daylight_Far_20260114_211200_T12,1736910008.96,224,Daylight,Far,4,4,1280,720,25.89118620079573,3,0,diana,1,1,0.8005539424486794,114.82285740065143,245.10587428296276,211.11688512570473,433.319135941137,18123.81303633494,diana,0.8328372802195303,alice,0.7536493785282139,0.0791879016913164,diana,diana,diana,1,1,1,0,0,24.844307624862203,10.507640247122586,12.444885557096201,47.79683342908099
Daylight_Far_20260114_211200_T12,1736910008.96,224,Daylight,Far,4,4,1280,720,25.89118620079573,3,1,chen,2,1,0.6371583460919138,444.2023307004079,133.1188226870789,539.4500115864212,345.87950815274405,20264.96187432311,chen,0.88060637809496,diana,0.726411407663039,0.15419497043192099,chen,chen,chen,3,1,1,0,0,24.844307624862203,10.507640247122586,12.444885557096201,47.79683342908099
Daylight_Far_20260114_211200_T12,1736910008.96,224,Daylight,Far,4,4,1280,720,25.89118620079573,3,2,alice,3,1,0.7997615655093363,755.9919189591275,205.21491997549168,845.8885035183756,378.86813921920685,15610.831307728296,chen,0.6902432256868305,alice,0.6219370549537938,0.06830617073303669,chen,chen,chen,1,0,0,1,0,24.844307624862203,10.507640247122586,12.444885557096201,47.79683342908099
Daylight_Far_20260114_211200_T12,1736910008.96,224,Daylight,Far,4,4,1280,720,25.89118620079573,3,3,bob,4,1,0.905421098982649,1049.7026195039407,213.7899564106622,1145.7732006506562,424.72322127484574,20264.481338676185,bob,0.8171060975551817,diana,0.6624275613436137,0.15467853621156802,bob,bob,bob,3,1,1,0,0,24.844307624862203,10.507640247122586,12.444885557096201,47.79683342908099
Daylight_Far_20260114_211200_T12,1736910009.0,225,Daylight,Far,4,4,1280,720,23.92824503000844,3,0,diana,1,1,0.6588941746068187,86.4919711063029,182.54438188623342,200.6148566891228,356.8774662117278,19895.394635778488,diana,0.7506984282479929,alice,0.6415731206996778,0.10912530754831518,diana,diana,diana,2,1,1,0,0,17.917946178894567,10.257982699299877,4.870153327813728,33.04608220600817
Daylight_Far_20260114_211200_T12,1736910009.0,225,Daylight,Far,4,4,1280,720,23.92824503000844,3,1,chen,2,1,0.7090106690668518,426.2559007086901,280.61908795212224,507.2830114681806,417.4753241733444,11089.065410423962,chen,0.7431797979832271,alice,0.6812529154636573,0.06192688251956979,chen,chen,chen,1,1,1,0,0,17.917946178894567,10.257982699299877,4.870153327813728,33.04608220600817
Daylight_Far_20260114_211200_T12,1736910009.0,225,Daylight,Far,4,4,1280,720,23.92824503000844,3,2,alice,3,1,0.6907915772851575,743.6598117056147,166.80026982345518,856.8205774803074,375.1596889908012,23578.111429347053,alice,0.8984554732428409,chen,0.761047772288366,0.13740770095447497,alice,alice,alice,3,1,1,0,0,17.917946178894567,10.257982699299877,4.870153327813728,33.04608220600817
Daylight_Far_20260114_211200_T12,1736910009.0,225,Daylight,Far,4,4,1280,720,23.92824503000844,3,3,bob,-1,0,-1.0,-1.0,-1.0,-1.0,-1.0,0.0,unknown,-1.0,unknown,-1.0,-1.0,unknown,unknown,unknown,0,0,0,0,1,17.917946178894567,10.257982699299877,4.870153327813728,33.04608220600817
Daylight_Far_20260114_211200_T12,1736910009.04,226,Daylight,Far,4,4,1280,720,23.86723041692788,0,0,diana,-1,0,-1.0,-1.0,-1.0,-1.0,-1.0,0.0,unknown,-1.0,unknown,-1.0,-1.0,unknown,unknown,unknown,0,0,0,0,1,20.216841510646052,13.230841686316968,9.502158743550218,42.94984194051324
Daylight_Far_20260114_211200_T12,1736910009.04,226,Daylight,Far,4,4,1280,720,23.86723041692788,0,1,chen,2,1,0.9051449196551016,414.53550315583163,211.2666736064195,522.8971947693386,384.88304614387476,18813.36381995947,diana,0.8074944578700887,chen,0.7565667390548019,0.05092771881528679,diana,diana,diana,1,0,0,1,0,20.216841510646052,13.230841686316968,9.502158743550218,42.94984194051324
Daylight_Far_20260114_211200_T12,1736910009.04,226,Daylight,Far,4,4,1280,720,23.86723041692788,0,2,alice,3,1,0.7960521930874777,749.6845874028695,180.97820357846427,857.9320055857299,367.6733984785189,20209.272835076845,alice,0.7619680972158038,diana,0.5985937460657538,0.16337435115005006,alice,alice,alice,3,1,1,0,0,20.216841510646052,13.230841686316968,9.502158743550218,42.94984194051324
Daylight_Far_20260114_211200_T12,1736910009.04,226,Daylight,Far,4,4,1280,720,23.86723041692788,0,3,bob,4,1,0.8527069593313694,1062.17310067396,278.962503451198,1180.273893527717,437.8402041390092,18763.582418012385,bob,0.919156045733833,diana,0.8099840503040762,0.10917199542975686,bob,bob,bob,3,1,1,0,0,20.216841510646052,13.230841686316968,9.502158743550218,42.94984194051324
Daylight_Far_20260114_211200_T12,1736910009.08,227,Daylight,Far,4,4,1280,720,25.4701041828447,1,0,diana,1,1,0.8021762905661751,89.82164375984802,276.0243188112146,206.23592908680513,414.2123874450906,16087.065250725174,diana,0.9063228712730197,bob,0.8290383603377253,0.07728451093529443,diana,diana,diana,2,1,1,0,0,34.47229253561715,18.821256349537173,16.455839657254856,69.74938854240918
Daylight_Far_20260114_211200_T12,1736910009.08,227,Daylight,Far,4,4,1280,720,25.4701041828447,1,1,chen,2,1,0.7554556614364316,423.0142021946701,213.54692581616877,505.6347312786124,389.0254813050373,14498.131097376247,chen,0.8869679863441943,diana,0.7562801087707451,0.13068787757344913,chen,chen,chen,1,1,1,0,0,34.47229253561715,18.821256349537173,16.455839657254856,69.74938854240918
Daylight_Far_20260114_211200_T12,1736910009.08,227,Daylight,Far,4,4,1280,720,25.4701041828447,1,2,alice,3,1,0.7671032266686667,745.6591638838026,273.62004497592596,830.8633121786613,425.22665554949214,12917.512129791021,alice,0.889695033943762,bob,0.7910492307088828,0.09864580323487926,alice,alice,alice,2,1,1,0,0,34.47229253561715,18.821256349537173,16.455839657254856,69.74938854240918
Daylight_Far_20260114_211200_T12,1736910009.08,227,Daylight,Far,4,4,1280,720,25.4701041828447,1,3,bob,4,1,0.9173587668425582,1090.2836492586746,299.5184531592004,1188.8136940070087,477.48044847291095,17534.60336176273,bob,0.773071176896253,chen,0.6478705616177981,0.12520061527845494,bob,bob,bob,1,1,1,0,0,34.47229253561715,18.821256349537173,16.455839657254856,69.74938854240918
Daylight_Far_20260114_211200_T12,1736910009.12,228,Daylight,Far,4,4,1280,720,26.322228413570013,1,0,diana,1,1,0.7719715776121943,124.05616514821966,290.7031524559694,205.08176734793332,439.48741231291535,12055.334252747727,diana,0.9118383468380404,bob,0.7971331440615432,0.1147052027764972,diana,diana,diana,2,1,1,0,0,13.347756223937417,8.293489753004666,7.549521079040742,29.190767055982825
Daylight_Far_20260114_211200_T12,1736910009.12,228,Daylight,Far,4,4,1280,720,26.322228413570013,1,1,chen,2,1,0.6787868983502011,425.5458306479076,185.0585126241305,511.2958205911386,384.7095419696394,17120.0737585331,chen,0.8954365491307912,bob,0.8146085061315144,0.08082804299927682,chen,chen,chen,3,1,1,0,0,13.347756223937417,8.293489753004666,7.549521079040742,29.190767055982825
Daylight_Far_20260114_211200_T12,1736910009.12,228,Daylight,Far,4,4,1280,720,26.322228413570013,1,2,alice,3,1,0.7739654753241049,769.9622832934018,196.34508684042362,851.5633176608043,337.2815217716177,11500.558870439549,alice,0.8753023741650836,diana,0.7103240713111452,0.16497830285393844,alice,alice,alice,3,1,1,0,0,13.347756223937417,8.293489753004666,7.549521079040742,29.190767055982825
Daylight_Far_20260114_211200_T12,1736910009.12,228,Daylight,Far,4,4,1280,720,26.322228413570013,1,3,bob,4,1,0.759766031373789,1064.602940176521,205.3134234619597,1153.213498927187,389.79216241150107,16346.764135937085,diana,0.8045616381039538,bob,0.715964726663699,0.08859691144025472,diana,diana,diana,2,0,0,1,0,13.347756223937417,8.293489753004666,7.549521079040742,29.190767055982825
Daylight_Far_20260114_211200_T12,1736910009.16,229,Daylight,Far,4,4,1280,720,24.702255651977723,1,0,diana,1,1,0.7748360821951545,98.42099548467971,270.0372300480764,197.60683257704542,411.7527404332034,14056.17152652067,diana,0.9290804719013128,chen,0.7682533866337906,0.1608270852675222,diana,diana,diana,2,1,1,0,0,17.26398715221722,8.94093733098596,5.306996848639248,31.511921331842426
Daylight_Far_20260114_211200_T12,1736910009.16,229,Daylight,Far,4,4,1280,720,24.702255651977723,1,1,chen,2,1,0.7418790789308166,430.6512592731021,254.94681406577863,531.1532546289875,439.8115699064573,18579.276832966778,chen,0.7768848812533348,alice,0.6479974200054434,0.1288874612478914,chen,chen,chen,2,1,1,0,0,17.26398715221722,8.94093733098596,5.306996848639248,31.511921331842426
Daylight_Far_20260114_211200_T12,1736910009.16,229,Daylight,Far,4,4,1280,720,24.702255651977723,1,2,alice,3,1,0.8022710555278597,764.7978569604234,271.3588456511178,882.3158381564529,407.92366072732466,16048.821370164922,alice,0.8646682194987172,bob,0.8014528585959836,0.06321536090273361,alice,alice,alice,2,1,1,0,0,17.26398715221722,8.94093733098596,5.306996848639248,31.511921331842426
Daylight_Far_20260114_211200_T12,1736910009.16,229,Daylight,Far,4,4,1280,720,24.702255651977723,1,3,bob,4,1,0.5539609718995371,1081.5494555871128,253.11204990972527,1166.8682755026234,453.14425233988374,17066.511456441658,bob,0.8772936841771943,chen,0.801440377950926,0.07585330622626829,bob,bob,bob,3,1,1,0,0,17.26398715221722,8.94093733098596,5.306996848639248,31.511921331842426
Daylight_Far_20260114_211200_T12,1736910009.2,230,Daylight,Far,4,4,1280,720,24.677552394715043,1,0,diana,1,1,0.7962055461759234,86.53929343700075,256.4917092344962,200.2246628112914,411.68154023654716,17642.813260601906,diana,0.8694796192311713,chen,0.7296194580575199,0.1398601611736514,diana,diana,diana,2,1,1,0,0,15.275676667403634,8.817310586425185,6.6375536671189455,30.730540920947764
Daylight_Far_20260114_211200_T12,1736910009.2,230,Daylight,Far,4,4,1280,720,24.677552394715043,1,1,chen,2,1,0.8679062642457112,426.68417213385925,216.80992971484704,511.2523397579666,392.0953231141482,14823.564531049697,chen,0.6885637222760939,bob,0.6215243502135186,0.06703937206257526,unknown,unknown,unknown,0,0,0,0,0,15.275676667403634,8.817310586425185,6.6375536671189455,30.730540920947764
Daylight_Far_20260114_211200_T12,1736910009.2,230,Daylight,Far,4,4,1280,720,24.677552394715043,1,2,alice,3,1,0.8715901571809398,733.4238026106575,272.23811004896004,839.2013471483156,407.89163329837504,14349.096597205229,alice,0.8531535051656908,chen,0.7001073420831994,0.15304616308249142,alice,alice,alice,2,1,1,0,0,15.275676667403634,8.817310586425185,6.6375536671189455,30.730540920947764
Daylight_Far_20260114_211200_T12,1736910009.2,230,Daylight,Far,4,4,1280,720,24.677552394715043,1,3,bob,4,1,0.680873712832803,1096.894056275777,202.36617314497533,1185.2406184802135,354.79894937356806,13466.9117470743,bob,0.8898209911359152,chen,0.7186580875303381,0.17116290360557707,bob,bob,bob,2,1,1,0,0,15.275676667403634,8.817310586425185,6.6375536671189455,30.730540920947764
Daylight_Far_20260114_211200_T12,1736910009.24,231,Daylight,Far,4,4,1280,720,25.558089871313157,1,0,diana,1,1,0.7828124548288451,117.17665616882289,268.1433240489895,241.74502984927244,430.7344493287304,20253.712050971557,diana,0.8144796262094781,chen,0.7014386624463993,0.11304096376307882,diana,diana,diana,2,1,1,0,0,12.822122825881577,7.898509027650113,11.01201806455429,31.73264991808598
Daylight_Far_20260114_211200_T12,1736910009.24,231,Daylight,Far,4,4,1280,720,25.558089871313157,1,1,chen,-1,0,-1.0,-1.0,-1.0,-1.0,-1.0,0.0,unknown,-1.0,unknown,-1.0,-1.0,unknown,unknown,unknown,0,0,0,0,1,12.822122825881577,7.898509027650113,11.01201806455429,31.73264991808598
Daylight_Far_20260114_211200_T12,1736910009.24,231,Daylight,Far,4,4,1280,720,25.558089871313157,1,2,alice,3,1,0.6210371595700195,727.9868336335254,244.2278148619822,842.7934653368362,386.5079149797002,16334.699052925042,alice,0.9639926718445839,chen,0.8052375077604816,0.15875516408410228,alice,alice,alice,2,1,1,0,0,12.822122825881577,7.898509027650113,11.01201806455429,31.73264991808598
Daylight_Far_20260114_211200_T12,1736910009.24,231,Daylight,Far,4,4,1280,720,25.558089871313157,1,3,bob,4,1,0.7633230200418468,1039.4884419056248,310.3397369761654,1155.5320107554376,476.3708786631582,19266.84622156757,bob,0.9010488472330139,alice,0.8229418975955913,0.0781069496374226,bob,bob,bob,2,1,1,0,0,12.822122825881577,7.898509027650113,11.01201806455429,31.73264991808598
Daylight_Far_20260114_211200_T12,1736910009.28,232,Daylight,Far,4,4,1280,720,24.8552855523135,3,0,diana,1,1,0.7857433503991752,82.20513562991923,257.22148414710176,179.159702312954,400.0491448113483,13847.793950053556,bob,0.6635306067476835,diana,0.5695545936151745,0.09397601313250903,bob,bob,bob,2,0,0,1,0,12.716168678547168,6.440146546081466,7.597760827406909,26.754076052035543
Daylight_Far_20260114_211200_T12,1736910009.28,232,Daylight,Far,4,4,1280,720,24.8552855523135,3,1,chen,2,1,0.7981886758217503,413.2580674504234,204.82785397911337,537.8596265374199,409.4105928017069,25491.328219582956,chen,0.8768364493728975,bob,0.7865037475915552,0.09033270178134234,chen,chen,chen,1,1,1,0,0,12.716168678547168,6.440146546081466,7.597760827406909,26.754076052035543
Daylight_Far_20260114_211200_T12,1736910009.28,232,Daylight,Far,4,4,1280,720,24.8552855523135,3,2,alice,3,1,0.8682060550908562,772.0625597048964,279.28912497811854,894.350732091306,440.8872481827655,19761.53914777012,alice,0.8462431274919653,diana,0.750117124814188,0.09612600267777727,alice,alice,alice,2,1,1,0,0,12.716168678547168,6.440146546081466,7.597760827406909,26.754076052035543
Daylight_Far_20260114_211200_T12,1736910009.28,232,Daylight,Far,4,4,1280,720,24.8552855523135,3,3,bob,4,1,0.9029485670123956,1057.6761348228288,174.33040269033765,1161.14321576794,369.6310588550581,20207.188800028485,bob,0.8093091237769676,chen,0.7461100242271159,0.0631990995498517,bob,bob,bob,2,1,1,0,0,12.716168678547168,6.440146546081466,7.597760827406909,26.754076052035543
Daylight_Far_20260114_211200_T12,1736910009.32,233,Daylight,Far,4,4,1280,720,25.957617606723986,0,0,diana,1,1,0.8585068046695509,96.40631497270479,220.28327712353428,186.2470051908957,421.1196159145494,18043.275297879227,diana,0.8666774978503263,bob,0.796775094699752,0.06990240315057428,diana,diana,diana,1,1,1,0,0,9.846912858667405,7.344657938537141,6.122688128645022,23.31425892584957
Daylight_Far_20260114_211200_T12,1736910009.32,233,Daylight,Far,4,4,1280,720,25.957617606723986,0,1,chen,2,1,0.6651446845426086,439.90450690689784,239.6462107012486,530.2275476103467,448.2098571601582,18838.102728367816,chen,0.9238669924809122,diana,0.8457806132612519,0.07808637921966033,chen,chen,chen,2,1,1,0,0,9.846912858667405,7.344657938537141,6.122688128645022,23.31425892584957
Daylight_Far_20260114_211200_T12,1736910009.32,233,Daylight,Far,4,4,1280,720,25.957617606723986,0,2,alice,3,1,0.8877102272415099,753.6401405102508,229.73161714210633,875.7490926388293,374.3453944770687,17658.636813727826,alice,0.8811053938334462,bob,0.7862144537962898,0.09489094003715637,alice,alice,alice,2,1,1,0,0,9.846912858667405,7.344657938537141,6.122688128645022,23.31425892584957
Daylight_Far_20260114_211200_T12,1736910009.32,233,Daylight,Far,4,4,1280,720,25.957617606723986,0,3,bob,4,1,0.6851475565880063,1085.259611849098,267.4136349730555,1180.908366487163,441.60667526931974,16661.347370955937,bob,0.8967300920881043,chen,0.8116203975554896,0.08510969453261463,bob,bob,bob,2,1,1,0,0,9.846912858667405,7.344657938537141,6.122688128645022,23.31425892584957
Daylight_Far_20260114_211200_T12,1736910009.36,234,Daylight,Far,4,4,1280,720,25.56127614898457,1,0,diana,1,1,0.7941246630165661,100.94038646414919,257.0210585552528,195.22196431093192,388.3833010507557,12385.039491967706,diana,0.8852369470612892,chen,0.7203971177581305,0.16483982930315866,diana,diana,diana,3,1,1,0,0,11.032679613947764,8.994556443507687,8.87531051700434,28.90254657445979
Daylight_Far_20260114_211200_T12,1736910009.36,234,Daylight,Far,4,4,1280,720,25.56127614898457,1,1,chen,2,1,0.8956731565741289,395.9619037704218,142.8892370136682,509.5335596197035,314.8606714946335,19531.080572779483,chen,0.872034187618861,alice,0.7642771147560522,0.10775707286280878,chen,chen,chen,2,1,1,0,0,11.032679613947764,8.994556443507687,8.87531051700434,28.90254657445979
Daylight_Far_20260114_211200_T12,1736910009.36,234,Daylight,Far,4,4,1280,720,25.56127614898457,1,2,alice,3,1,0.7901568087016145,709.9382475043731,232.7850489491642,834.9012861900449,370.195777197353,17171.26214990475,alice,0.7628135377988456,diana,0.7521741653083037,0.01063937249054192,unknown,unknown,unknown,0,0,0,0,0,11.032679613947764,8.994556443507687,8.87531051700434,28.90254657445979
Daylight_Far_20260114_211200_T12,1736910009.36,234,Daylight,Far,4,4,1280,720,25.56127614898457,1,3,bob,4,1,0.7396486375416889,1069.9881854548655,221.4156927530355,1192.3063809751768,388.6976487559209,20461.62700138105,bob,0.7909026359818563,alice,0.6651050388999332,0.12579759708192306,bob,bob,bob,2,1,1,0,0,11.032679613947764,8.994556443507687,8.87531051700434,28.90254657445979
Daylight_Far_20260114_211200_T12,1736910009.4,235,Daylight,Far,4,4,1280,720,27.222760235721587,1,0,diana,1,1,0.7605034349875417,148.71658430838386,220.14120930540957,233.08359965202123,384.78122916671816,13890.187081815784,diana,0.6226949964127904,alice,0.5791038331890729,0.04359116322371748,unknown,unknown,unknown,0,0,0,0,0,13.574617202838116,11.170957316534459,4.116689354999995,28.86226387437257
Daylight_Far_20260114_211200_T12,1736910009.4,235,Daylight,Far,4,4,1280,720,27.222760235721587,1,1,chen,2,1,0.8997185027698911,395.8797340617482,270.29617864275946,515.4105314721903,405.04770810521876,16106.957768924445,bob,0.7204742201184999,diana,0.6618132849178316,0.058660935200668285,unknown,unknown,unknown,0,0,0,0,0,13.574617202838116,11.170957316534459,4.116689354999995,28.86226387437257
Daylight_Far_20260114_211200_T12,1736910009.4,235,Daylight,Far,4,4,1280,720,27.222760235721587,1,2,alice,3,1,0.747721220360245,740.3601357919313,150.28355645638686,847.3645180742215,343.07623215694736,20629.661171888372,alice,0.9331856998296963,diana,0.802079249278892,0.1311064505508044,alice,alice,alice,3,1,1,0,0,13.574617202838116,11.170957316534459,4.116689354999995,28.86226387437257
Daylight_Far_20260114_211200_T12,1736910009.4,235,Daylight,Far,4,4,1280,720,27.222760235721587,1,3,bob,4,1,0.7452762875621184,1048.557335592684,224.0028427887143,1143.4695346179365,362.42223153087224,13137.688573249483,bob,0.842587937579799,alice,0.7128608455893981,0.1297270919904009,bob,bob,bob,1,1,1,0,0,13.574617202838116,11.170957316534459,4.116689354999995,28.86226387437257
Daylight_Far_20260114_211200_T12,1736910009.44,236,Daylight,Far,4,4,1280,720,21.080123073154027,1,0,diana,1,1,0.8324005774670085,103.0637666348154,327.7836433472965,209.15365115098007,477.0688970842943,15837.655328924437,diana,0.8158388822054021,alice,0.7526254451553596,0.06321343705004256,diana,diana,diana,1,1,1,0,0,43.16974454860923,29.532670704297487,6.451561456128957,79.15397670903567
Daylight_Far_20260114_211200_T12,1736910009.44,236,Daylight,Far,4,4,1280,720,21.080123073154027,1,1,chen,-1,0,-1.0,-1.0,-1.0,-1.0,-1.0,0.0,unknown,-1.0,unknown,-1.0,-1.0,unknown,unknown,unknown,0,0,0,0,1,43.16974454860923,29.532670704297487,6.451561456128957,79.15397670903567
Daylight_Far_20260114_211200_T12,1736910009.44,236,Daylight,Far,4,4,1280,720,21.080123073154027,1,2,alice,3,1,0.70271141199116,714.5442206689255,175.19709398031796,821.2970069628774,357.2608047307067,19435.80840562012,alice,0.8539299852743835,diana,0.7333149985729119,0.12061498670147153,alice,alice,alice,2,1,1,0,0,43.16974454860923,29.532670704297487,6.451561456128957,79.15397670903567
Daylight_Far_20260114_211200_T12,1736910009.44,236,Daylight,Far,4,4,1280,720,21.080123073154027,1,3,bob,4,1,0.7501982084547011,1048.4215696473661,160.20406327677568,1176.0083705228694,363.3924679757558,25924.15853053995,bob,0.8979711789306289,alice,0.8184109210769654,0.0795602578536635,bob,bob,bob,3,1,1,0,0,43.16974454860923,29.532670704297487,6.451561456128957,79.15397670903567
Daylight_Far_20260114_211200_T12,1736910009.48,237,Daylight,Far,4,4,1280,720,24.638900682931745,2,0,diana,1,1,0.7144577907734448,116.58019570428297,260.69770373464246,241.4524254090789,459.0456001195781,24768.14407884275,diana,0.6690770513236363,chen,0.641270006256152,0.027807045067484215,unknown,unknown,unknown,0,0,0,0,0,17.435282013414678,12.085269641783542,3.464572653912894,32.985124309111114
Daylight_Far_20260114_211200_T12,1736910009.48,237,Daylight,Far,4,4,1280,720,24.638900682931745,2,1,chen,2,1,0.7419092305920515,439.6465534282598,239.15808513373682,544.0308338891492,446.73164040860956,21667.416210076255,chen,0.7877352051665444,diana,0.6148551550308595,0.17288005013568486,chen,chen,chen,2,1,1,0,0,17.435282013414678,12.085269641783542,3.464572653912894,32.985124309111114
Daylight_Far_20260114_211200_T12,1736910009.48,237,Daylight,Far,4,4,1280,720,24.638900682931745,2,2,alice,3,1,0.7576255078582886,725.9717766136698,254.25226967285533,818.1445520612613,388.2601629108322,12351.87945162885,alice,0.8618822425310455,diana,0.7740867416544928,0.08779550087655275,alice,alice,alice,1,1,1,0,0,17.435282013414678,12.085269641783542,3.464572653912894,32.985124309111114
Daylight_Far_20260114_211200_T12,1736910009.48,237,Daylight,Far,4,4,1280,720,24.638900682931745,2,3,bob,4,1,0.7523897422680975,1075.287017367183,182.43154568060515,1184.2590260012441,385.0994481556635,22085.128418359138,bob,0.99,diana,0.8372883324426024,0.15271166755739762,bob,bob,bob,1,1,1,0,0,17.435282013414678,12.085269641783542,3.464572653912894,32.985124309111114
Daylight_Far_20260114_211200_T12,1736910009.52,238,Daylight,Far,4,4,1280,720,27.018746419455418,0,0,diana,1,1,0.7604985518783041,113.74598373345253,272.2972899794715,200.2077364281348,431.95044871706426,13803.8919276946,diana,0.8918891785646984,bob,0.8040913485114323,0.08779783005326613,diana,diana,diana,2,1,1,0,0,13.375249903858318,6.302261044893185,5.204685844544476,24.88219679329598
Daylight_Far_20260114_211200_T12,1736910009.52,238,Daylight,Far,4,4,1280,720,27.018746419455418,0,1,chen,2,1,0.7507506262393739,416.4901671783359,251.91786765701062,529.084001921198,394.6524642363714,16071.035579345635,chen,0.8524710538811548,alice,0.724262638208475,0.12820841567267982,chen,chen,chen,1,1,1,0,0,13.375249903858318,6.302261044893185,5.204685844544476,24.88219679329598
Daylight_Far_20260114_211200_T12,1736910009.52,238,Daylight,Far,4,4,1280,720,27.018746419455418,0,2,alice,3,1,0.99,770.3504247457784,173.2434738860514,853.3906155879524,377.09103654739823,16927.54050611028,alice,0.7806552834451481,bob,0.6374909865781448,0.14316429686700327,alice,alice,alice,3,1,1,0,0,13.375249903858318,6.302261044893185,5.204685844544476,24.88219679329598
Daylight_Far_20260114_211200_T12,1736910009.52,238,Daylight,Far,4,4,1280,720,27.018746419455418,0,3,bob,4,1,0.7815931765128376,1077.744980742564,202.01720104791696,1186.7449912180111,414.4163475197903,23151.509190410237,bob,0.8228358595380103,alice,0.6572637828888497,0.16557207664916063,bob,bob,bob,1,1,1,0,0,13.375249903858318,6.302261044893185,5.204685844544476,24.88219679329598
Daylight_Far_20260114_211200_T12,1736910009.56,239,Daylight,Far,4,4,1280,720,22.58812461439519,0,0,diana,-1,0,-1.0,-1.0,-1.0,-1.0,-1.0,0.0,unknown,-1.0,unknown,-1.0,-1.0,unknown,unknown,unknown,0,0,0,0,1,12.16897608689188,10.891549205042852,8.487424949397733,31.547950241332465
Daylight_Far_20260114_211200_T12,1736910009.56,239,Daylight,Far,4,4,1280,720,22.58812461439519,0,1,chen,2,1,0.6236581386869409,447.627840357946,235.54742510049564,529.0481331240356,442.18492565222346,16824.485791374686,chen,0.8762164060246359,bob,0.8149504129911904,0.06126599303344549,chen,chen,chen,2,1,1,0,0,12.16897608689188,10.891549205042852,8.487424949397733,31.547950241332465
Daylight_Far_20260114_211200_T12,1736910009.56,239,Daylight,Far,4,4,1280,720,22.58812461439519,0,2,alice,3,1,0.850247888207852,731.0560190307851,149.0472233827884,836.4120443388467,339.81518012316826,20098.55367830666,alice,0.7896828340072453,bob,0.6707930915336004,0.11888974247364481,alice,alice,alice,2,1,1,0,0,12.16897608689188,10.891549205042852,8.487424949397733,31.547950241332465
Daylight_Far_20260114_211200_T12,1736910009.56,239,Daylight,Far,4,4,1280,720,22.58812461439519,0,3,bob,4,1,0.7616423778553925,1069.3156796962942,197.17092404786212,1194.6417171422543,393.9507443867639,24661.635132402505,bob,0.877105894965068,diana,0.6989622659339676,0.17814362903110037,bob,bob,bob,1,1,1,0,0,12.16897608689188,10.891549205042852,8.487424949397733,31.547950241332465
Daylight_Far_20260114_211200_T12,1736910009.6,240,Daylight,Far,4,4,1280,720,26.437643557266245,0,0,diana,1,1,0.6670637196245276,87.22005618909755,196.96361228741745,211.14052242186415,335.8957039214176,17216.52956997875,diana,0.8331132620454043,alice,0.746053940435632,0.08705932160977226,diana,diana,diana,2,1,1,0,0,14.545999444744027,11.45266853728997,7.459805017825669,33.458472999859666
Daylight_Far_20260114_211200_T12,1736910009.6,240,Daylight,Far,4,4,1280,720,26.437643557266245,0,1,chen,2,1,0.7676761890648722,444.45752664754605,239.06520969338945,549.7567167239428,381.19966268129576,14966.642781578219,chen,0.7996874557894478,bob,0.6339115451740656,0.16577591061538222,chen,chen,chen,3,1,1,0,0,14.545999444744027,11.45266853728997,7.459805017825669,33.458472999859666
Daylight_Far_20260114_211200_T12,1736910009.6,240,Daylight,Far,4,4,1280,720,26.437643557266245,0,2,alice,3,1,0.8512458318637001,762.2124966622088,223.83320131077346,856.7180606414673,424.63122012097733,18976.530013576088,alice,0.7483222862738768,chen,0.6120254871826722,0.1362967990912045,alice,alice,alice,2,1,1,0,0,14.545999444744027,11.45266853728997,7.459805017825669,33.458472999859666
Daylight_Far_20260114_211200_T12,1736910009.6,240,Daylight,Far,4,4,1280,720,26.437643557266245,0,3,bob,4,1,0.7441641107089492,1084.3867368545568,275.70034936116383,1166.0490289044908,472.3988215096007,16062.848078361452,bob,0.8382872085287447,alice,0.7624235920598181,0.07586361646892659,bob,bob,bob,2,1,1,0,0,14.545999444744027,11.45266853728997,7.459805017825669,33.458472999859666
Daylight_Far_20260114_211200_T12,1736910009.64,241,Daylight,Far,4,4,1280,720,22.495549269471883,2,0,diana,1,1,0.8701182137651702,111.65700731484492,237.28458918665442,194.56784482899673,444.4237734561483,17174.083249781957,diana,0.9157202739988739,bob,0.8254560456260074,0.09026422837286652,diana,diana,diana,2,1,1,0,0,13.601220152909306,12.496877112733852,11.840522921785787,37.938620187428945
Daylight_Far_20260114_211200_T12,1736910009.64,241,Daylight,Far,4,4,1280,720,22.495549269471883,2,1,chen,2,1,0.7929680536052873,453.93968467263034,192.37642750877137,540.7928770136524,396.68768011302075,17745.084519872016,chen,0.8000353861354412,alice,0.6995606965576289,0.10047468957781236,chen,chen,chen,1,1,1,0,0,13.601220152909306,12.496877112733852,11.840522921785787,37.938620187428945
Daylight_Far_20260114_211200_T12,1736910009.64,241,Daylight,Far,4,4,1280,720,22.495549269471883,2,2,alice,3,1,0.8454580271321133,775.410291549821,269.09481433602986,869.1432526029145,456.34115040428554,17551.15352602027,alice,0.7036282957353129,bob,0.6756025343490416,0.02802576138627133,unknown,unknown,unknown,0,0,0,0,0,13.601220152909306,12.496877112733852,11.840522921785787,37.938620187428945
Daylight_Far_20260114_211200_T12,1736910009.64,241,Daylight,Far,4,4,1280,720,22.495549269471883,2,3,bob,4,1,0.6663471453980402,1057.2472688554467,199.73342152966976,1163.8436219259956,385.64680736766286,19817.68891732791,bob,0.8732493011248138,diana,0.7916952982232521,0.08155400290156167,bob,bob,bob,1,1,1,0,0,13.601220152909306,12.496877112733852,11.840522921785787,37.938620187428945
Daylight_Far_20260114_211200_T12,1736910009.68,242,Daylight,Far,4,4,1280,720,24.235855173076917,3,0,diana,1,1,0.8203415356975571,73.1561363698097,244.17699189861463,190.41739394780353,389.44854738316513,17034.7252864297,diana,0.8559062174340948,alice,0.7081148076654115,0.14779140976868332,diana,diana,diana,2,1,1,0,0,17.261071088180458,12.3273143111061,9.796107804819364,39.38449320410592
Daylight_Far_20260114_211200_T12,1736910009.68,242,Daylight,Far,4,4,1280,720,24.235855173076917,3,1,chen,2,1,0.8088350026532325,447.7305555487377,274.6965714286293,539.6850918040542,439.73380071129264,15175.92188354965,chen,0.8420753884993732,bob,0.7783635930262273,0.06371179547314598,chen,chen,chen,3,1,1,0,0,17.261071088180458,12.3273143111061,9.796107804819364,39.38449320410592
Daylight_Far_20260114_211200_T12,1736910009.68,242,Daylight,Far,4,4,1280,720,24.235855173076917,3,2,alice,3,1,0.6843077236409264,763.0261324481802,237.17105849292935,876.3519225265485,377.37738910696805,15888.993190824853,alice,0.868827071126647,diana,0.7253365377358311,0.14349053339081597,alice,alice,alice,2,1,1,0,0,17.261071088180458,12.3273143111061,9.796107804819364,39.38449320410592
Daylight_Far_20260114_211200_T12,1736910009.68,242,Daylight,Far,4,4,1280,720,24.235855173076917,3,3,bob,4,1,0.7116225498490734,1055.358541003995,252.65061192385176,1146.395764261632,425.6770578553368,15751.847187740046,bob,0.9725166829055258,alice,0.8030082636241825,0.1695084192813433,bob,bob,bob,1,1,1,0,0,17.261071088180458,12.3273143111061,9.796107804819364,39.38449320410592
Daylight_Far_20260114_211200_T12,1736910009.72,243,Daylight,Far,4,4,1280,720,23.566686330127602,1,0,diana,1,1,0.7656739621897266,112.35622123699417,221.5886694519877,235.62419593610835,414.63830494801005,23796.837583996898,diana,0.8451475878270795,chen,0.7838100766452557,0.061337511181823845,diana,diana,diana,1,1,1,0,0,10.415499059124121,8.11063035257495,3.238650871278427,21.764780282977497
Daylight_Far_20260114_211200_T12,1736910009.72,243,Daylight,Far,4,4,1280,720,23.566686330127602,1,1,chen,2,1,0.846743947909279,429.4255215799682,209.6463110585607,528.5330987612,402.8834898308563,19151.268609458777,chen,0.8795739523310679,diana,0.7283596318427685,0.15121432048829941,chen,chen,chen,1,1,1,0,0,10.415499059124121,8.11063035257495,3.238650871278427,21.764780282977497
Daylight_Far_20260114_211200_T12,1736910009.72,243,Daylight,Far,4,4,1280,720,23.566686330127602,1,2,alice,3,1,0.7293576141970651,752.4564498889357,220.93815250288048,844.9494830966652,365.9880460954631,13416.104624836371,alice,0.807359170987655,diana,0.6972837935861387,0.1100753774015163,alice,alice,alice,3,1,1,0,0,10.415499059124121,8.11063035257495,3.238650871278427,21.764780282977497
Daylight_Far_20260114_211200_T12,1736910009.72,243,Daylight,Far,4,4,1280,720,23.566686330127602,1,3,bob,4,1,0.8223232041553284,1078.6582491168592,315.0375978463958,1190.455306770636,465.973014519034,16874.135479747765,bob,0.8095624304139923,chen,0.7329852686415959,0.07657716177239648,bob,bob,bob,2,1,1,0,0,10.415499059124121,8.11063035257495,3.238650871278427,21.764780282977497
Daylight_Far_20260114_211200_T12,1736910009.76,244,Daylight,Far,4,4,1280,720,26.74061412444639,2,0,diana,1,1,0.8011873447852091,90.78970023221261,275.80131975378845,206.32442377074295,418.3910167652914,16474.0612236668,diana,0.8387509784299098,bob,0.7246552273778077,0.11409575105210201,diana,diana,diana,2,1,1,0,0,16.579023972895797,13.114138759646698,15.145962651672692,44.83912538421519
Daylight_Far_20260114_211200_T12,1736910009.76,244,Daylight,Far,4,4,1280,720,26.74061412444639,2,1,chen,2,1,0.7489953484391931,451.97517644293816,185.82868899600788,541.4928167945199,365.6229482043719,16094.757833093383,chen,0.8406471367969839,alice,0.7031228397018732,0.13752429709511071,chen,chen,chen,1,1,1,0,0,16.579023972895797,13.114138759646698,15.145962651672692,44.83912538421519
Daylight_Far_20260114_211200_T12,1736910009.76,244,Daylight,Far,4,4,1280,720,26.74061412444639,2,2,alice,3,1,0.7667629310252553,733.9208585144868,233.12569103108956,824.8183199967416,405.2690157253603,15647.391225824758,bob,0.7786167191070437,chen,0.7221446735677675,0.056472045539276206,unknown,unknown,unknown,0,0,0,0,0,16.579023972895797,13.114138759646698,15.145962651672692,44.83912538421519
Daylight_Far_20260114_211200_T12,1736910009.76,244,Daylight,Far,4,4,1280,720,26.74061412444639,2,3,bob,4,1,0.9140127247642654,1089.1894502504645,237.59837115325013,1178.3613192086939,408.44267418527477,15234.505802231739,bob,0.8627155951918769,diana,0.7341729294513574,0.12854266574051953,bob,bob,bob,2,1,1,0,0,16.579023972895797,13.114138759646698,15.145962651672692,44.83912538421519
Daylight_Far_20260114_211200_T12,1736910009.8,245,Daylight,Far,4,4,1280,720,28.458619599591838,1,0,diana,1,1,0.8524768166964612,113.7327679221211,284.10912802574785,203.35591306936922,426.1741719402877,12732.316051102984,diana,0.9025802487200456,alice,0.742268896879134,0.1603113518409116,diana,diana,diana,2,1,1,0,0,8.119798380342312,8.552600436320528,5.799265381784556,22.471664198447396
Daylight_Far_20260114_211200_T12,1736910009.8,245,Daylight,Far,4,4,1280,720,28.458619599591838,1,1,chen,2,1,0.8101774647607868,428.07860986759295,225.4778604874677,537.8721876862485,376.060938596066,16533.054904489076,diana,0.8113964560748926,chen,0.745606465662587,0.0657899904123056,diana,diana,diana,2,0,0,1,0,8.119798380342312,8.552600436320528,5.799265381784556,22.471664198447396
Daylight_Far_20260114_211200_T12,1736910009.8,245,Daylight,Far,4,4,1280,720,28.458619599591838,1,2,alice,3,1,0.8208650262515543,763.255287081869,205.03662587262485,869.8526141179568,362.5446456969702,16789.933900022337,alice,0.8181524495307558,diana,0.7137794705771989,0.1043729789535569,alice,alice,alice,1,1,1,0,0,8.119798380342312,8.552600436320528,5.799265381784556,22.471664198447396
Daylight_Far_20260114_211200_T12,1736910009.8,245,Daylight,Far,4,4,1280,720,28.458619599591838,1,3,bob,4,1,0.8937410189053429,1103.6394134077245,162.85347853566398,1198.4402911641523,362.3642753979127,18913.798664425536,chen,0.8349379571609628,bob,0.8104002066597589,0.02453775050120388,unknown,unknown,unknown,0,0,0,0,0,8.119798380342312,8.552600436320528,5.799265381784556,22.471664198447396
Daylight_Far_20260114_211200_T12,1736910009.84,246,Daylight,Far,4,4,1280,720,28.586312986981028,1,0,diana,1,1,0.7139245943596361,116.32176622772027,228.4601452853576,222.4536630000972,423.3495333210351,20683.980413034235,diana,0.8852778885447516,alice,0.8033342986663501,0.08194358987840156,diana,diana,diana,2,1,1,0,0,13.073479866288864,11.041282747632978,11.074001185721803,35.188763799643645
Daylight_Far_20260114_211200_T12,1736910009.84,246,Daylight,Far,4,4,1280,720,28.586312986981028,1,1,chen,2,1,0.7966992969806033,399.37490018953946,162.71914662880062,526.7370214680518,345.7173845104534,23307.04376683712,chen,0.8684471687533363,bob,0.7794729798714328,0.08897418888190345,chen,chen,chen,3,1,1,0,0,13.073479866288864,11.041282747632978,11.074001185721803,35.188763799643645
Daylight_Far_20260114_211200_T12,1736910009.84,246,Daylight,Far,4,4,1280,720,28.586312986981028,1,2,alice,-1,0,-1.0,-1.0,-1.0,-1.0,-1.0,0.0,unknown,-1.0,unknown,-1.0,-1.0,unknown,unknown,unknown,0,0,0,0,1,13.073479866288864,11.041282747632978,11.074001185721803,35.188763799643645
Daylight_Far_20260114_211200_T12,1736910009.84,246,Daylight,Far,4,4,1280,720,28.586312986981028,1,3,bob,4,1,0.7931215654961421,1049.7909723555292,204.75840094254784,1133.2268010595774,412.1270612992075,17301.9760241062,bob,0.6019528152175483,diana,0.5724158204687676,0.029536994748780687,unknown,unknown,unknown,0,0,0,0,0,13.073479866288864,11.041282747632978,11.074001185721803,35.188763799643645
Daylight_Far_20260114_211200_T12,1736910009.88,247,Daylight,Far,4,4,1280,720,26.24393193732495,1,0,diana,1,1,0.7355988921824284,82.06173382990437,239.80413624409474,198.80389941967871,370.12638426940725,15214.101459002677,diana,0.8880284278401679,alice,0.7449613107751513,0.14306711706501662,diana,diana,diana,2,1,1,0,0,23.94938559218751,19.044180675255163,8.303706578582187,51.29727284602486
Daylight_Far_20260114_211200_T12,1736910009.88,247,Daylight,Far,4,4,1280,720,26.24393193732495,1,1,chen,2,1,0.840142389669705,476.18036838817443,266.8311016714641,560.8187090532642,471.9504353699425,17360.960042568047,chen,0.8419804417218908,bob,0.6720604389943645,0.16992000272752628,chen,chen,chen,3,1,1,0,0,23.94938559218751,19.044180675255163,8.303706578582187,51.29727284602486
Daylight_Far_20260114_211200_T12,1736910009.88,247,Daylight,Far,4,4,1280,720,26.24393193732495,1,2,alice,3,1,0.6786467862558776,752.2062592066194,232.7322804134219,871.4779848414031,414.33708631931484,21660.31858396581,alice,0.8942874819357971,bob,0.8163354325663176,0.07795204936947953,alice,alice,alice,2,1,1,0,0,23.94938559218751,19.044180675255163,8.303706578582187,51.29727284602486
Daylight_Far_20260114_211200_T12,1736910009.88,247,Daylight,Far,4,4,1280,720,26.24393193732495,1,3,bob,-1,0,-1.0,-1.0,-1.0,-1.0,-1.0,0.0,unknown,-1.0,unknown,-1.0,-1.0,unknown,unknown,unknown,0,0,0,0,1,23.94938559218751,19.044180675255163,8.303706578582187,51.29727284602486
Daylight_Far_20260114_211200_T12,1736910009.92,248,Daylight,Far,4,4,1280,720,24.379244611387904,1,0,diana,1,1,0.7964950651212326,105.3226592535253,187.99488336855524,226.29271050764592,369.2838464778965,21930.53515914339,diana,0.8956937889258483,alice,0.7198137492349803,0.17588003969086796,diana,diana,diana,2,1,1,0,0,14.422371297997534,8.004704799914286,4.020147235558431,26.44722333347025
Daylight_Far_20260114_211200_T12,1736910009.92,248,Daylight,Far,4,4,1280,720,24.379244611387904,1,1,chen,2,1,0.7673160141500874,445.53714747630596,266.9205198799962,546.8463970626361,415.18029827649747,15020.086893185146,chen,0.8518050113673767,alice,0.7610570197601678,0.09074799160720892,chen,chen,chen,2,1,1,0,0,14.422371297997534,8.004704799914286,4.020147235558431,26.44722333347025
Daylight_Far_20260114_211200_T12,1736910009.92,248,Daylight,Far,4,4,1280,720,24.379244611387904,1,2,alice,3,1,0.8398311862330466,737.226690363081,304.88148299458635,834.6818212472248,450.93683129335784,14233.843084785974,alice,0.8556596512984129,bob,0.7781201441220339,0.07753950717637903,alice,alice,alice,2,1,1,0,0,14.422371297997534,8.004704799914286,4.020147235558431,26.44722333347025
Daylight_Far_20260114_211200_T12,1736910009.92,248,Daylight,Far,4,4,1280,720,24.379244611387904,1,3,bob,4,1,0.7403605425054971,1050.4551728332967,252.2191904921752,1177.6314328319909,441.88982925008753,24121.602468794656,bob,0.8278049306933746,diana,0.6559089817890993,0.1718959489042753,bob,bob,bob,2,1,1,0,0,14.422371297997534,8.004704799914286,4.020147235558431,26.44722333347025
Daylight_Far_20260114_211200_T12,1736910009.96,249,Daylight,Far,4,4,1280,720,26.04800987250568,1,0,diana,1,1,0.823269741438755,93.92444273979709,212.726088900849,189.24104602527711,374.86144422528554,15454.19134200966,diana,0.835765161245858,chen,0.7318352081017792,0.10392995314407882,diana,diana,diana,1,1,1,0,0,19.075001876358225,12.451966104627196,7.091267185590585,38.61823516657601
Daylight_Far_20260114_211200_T12,1736910009.96,249,Daylight,Far,4,4,1280,720,26.04800987250568,1,1,chen,2,1,0.6753082848089428,432.86982950062617,222.6165645279341,554.8339623480853,352.24236231577584,15809.698021854201,chen,0.908195125369469,alice,0.8116488768946621,0.09654624847480686,chen,chen,chen,1,1,1,0,0,19.075001876358225,12.451966104627196,7.091267185590585,38.61823516657601
Daylight_Far_20260114_211200_T12,1736910009.96,249,Daylight,Far,4,4,1280,720,26.04800987250568,1,2,alice,-1,0,-1.0,-1.0,-1.0,-1.0,-1.0,0.0,unknown,-1.0,unknown,-1.0,-1.0,unknown,unknown,unknown,0,0,0,0,1,19.075001876358225,12.451966104627196,7.091267185590585,38.61823516657601
Daylight_Far_20260114_211200_T12,1736910009.96,249,Daylight,Far,4,4,1280,720,26.04800987250568,1,3,bob,4,1,0.779963800039,1071.6729927477338,234.50134960472622,1153.4379554236082,434.1054049300584,16320.618133628946,bob,0.9242859647114393,alice,0.8044746887635972,0.11981127594784213,bob,bob,bob,2,1,1,0,0,19.075001876358225,12.451966104627196,7.091267185590585,38.61823516657601
Daylight_Far_20260114_211200_T12,1736910010.0,250,Daylight,Far,4,4,1280,720,26.9966287362321,2,0,diana,1,1,0.6296662894351208,88.75007861039532,222.8115714341967,203.93734036564453,407.1481232376557,21233.222643645084,diana,0.7588160300504652,bob,0.6847752468163328,0.07404078323413232,unknown,unknown,unknown,0,0,0,0,0,13.088052019970918,11.805840411829355,10.504013735810975,35.39790616761125
Daylight_Far_20260114_211200_T12,1736910010.0,250,Daylight,Far,4,4,1280,720,26.9966287362321,2,1,chen,2,1,0.8310987330364636,438.53118110783646,276.12296773038173,534.1357651990131,425.46068999204675,14277.370825950138,chen,0.8595588337413325,alice,0.7397932289079119,0.11976560483342058,chen,chen,chen,1,1,1,0,0,13.088052019970918,11.805840411829355,10.504013735810975,35.39790616761125
Daylight_Far_20260114_211200_T12,1736910010.0,250,Daylight,Far,4,4,1280,720,26.9966287362321,2,2,alice,3,1,0.8217955177435388,734.8220981659007,267.23661515695983,858.6791323916608,425.5502913747961,19608.26241371845,alice,0.9435247897267717,diana,0.8122006647954827,0.13132412493128898,alice,alice,alice,2,1,1,0,0,13.088052019970918,11.805840411829355,10.504013735810975,35.39790616761125
Daylight_Far_20260114_211200_T12,1736910010.0,250,Daylight,Far,4,4,1280,720,26.9966287362321,2,3,bob,4,1,0.9174078827755536,1062.102953563287,241.3367741108763,1170.6725622756894,446.7724371856091,22304.06955559668,bob,0.810438479143442,alice,0.635608692106264,0.174829787037178,bob,bob,bob,2,1,1,0,0,13.088052019970918,11.805840411829355,10.504013735810975,35.39790616761125
