trial_id,t_wall,frame_idx,lighting,distance,n_users_roster,n_users_db,cam_w,cam_h,proc_fps,drained,slot_idx,true_id,track_id,detected,det_score,bbox_x1,bbox_y1,bbox_x2,bbox_y2,bbox_area,best_id,best_sim,second_id,second_sim,margin,accepted_id,stable_id,pending_id,pending_count,is_correct_accepted,is_correct_stable,is_wrong_accepted,is_miss,lat_det_ms,lat_emb_ms,lat_match_ms,lat_total_ms
Daylight_Near_20260114_210700_T7,1736905000.04,1,Daylight,Near,4,4,1280,720,25.017160934586137,4,0,diana,1,1,0.955210106069065,129.6519532934263,255.66867487224033,226.81764220388345,451.2821724838641,19006.92025561749,diana,0.895729974833762,chen,0.7282791437444055,0.16745083108935654,diana,diana,diana,2,1,1,0,0,16.692076707400766,8.341667738188317,6.069947284756513,31.103691730345595
Daylight_Near_20260114_210700_T7,1736905000.04,1,Daylight,Near,4,4,1280,720,25.017160934586137,4,1,chen,2,1,0.7979968388075153,439.5121425992537,189.3947478288678,527.2706072593077,378.01711313698,16553.209179987756,chen,0.888142623920483,diana,0.7890753104653181,0.09906731345516495,chen,chen,chen,2,1,1,0,0,16.692076707400766,8.341667738188317,6.069947284756513,31.103691730345595
Daylight_Near_20260114_210700_T7,1736905000.04,1,Daylight,Near,4,4,1280,720,25.017160934586137,4,2,alice,3,1,0.7925135914200173,736.794981283607,247.5318929969934,849.6074894585271,392.15709839829105,16315.532166633395,alice,0.7883470182336384,chen,0.7019977018400768,0.08634931639356158,alice,alice,alice,2,1,1,0,0,16.692076707400766,8.341667738188317,6.069947284756513,31.103691730345595
Daylight_Near_20260114_210700_T7,1736905000.04,1,Daylight,Near,4,4,1280,720,25.017160934586137,4,3,bob,4,1,0.7774786218226837,1064.731237512971,254.3767464766681,1157.1771067368672,444.0444964638814,17534.000011308588,bob,0.805301263841687,diana,0.7059273223901987,0.09937394145148826,bob,bob,bob,2,1,1,0,0,16.692076707400766,8.341667738188317,6.069947284756513,31.103691730345595
Daylight_Near_20260114_210700_T7,1736905000.08,2,Daylight,Near,4,4,1280,720,25.04626725617819,1,0,diana,1,1,0.8379534264455704,136.18752968313444,164.24518759139863,224.7607260320045,319.05117556406327,13711.661168683642,diana,0.76400750156007,bob,0.6516463361672555,0.11236116539281449,diana,diana,diana,1,1,1,0,0,15.449530746648342,9.444367938688865,4.526561398201755,29.420460083538963
Daylight_Near_20260114_210700_T7,1736905000.08,2,Daylight,Near,4,4,1280,720,25.04626725617819,1,1,chen,2,1,0.7119306259352279,460.6468108107706,234.81294392143488,549.1742423700831,384.46418059267717,13248.23961217988,chen,0.8236783475051876,alice,0.697351434600236,0.12632691290495168,chen,chen,chen,3,1,1,0,0,15.449530746648342,9.444367938688865,4.526561398201755,29.420460083538963
Daylight_Near_20260114_210700_T7,1736905000.08,2,Daylight,Near,4,4,1280,720,25.04626725617819,1,2,alice,3,1,0.6557208311911867,737.5909658543742,257.2408758875118,855.4319599699429,466.25325256403954,24630.22625001974,alice,0.8993769627687291,bob,0.8087228544449339,0.09065410832379528,alice,alice,alice,1,1,1,0,0,15.449530746648342,9.444367938688865,4.526561398201755,29.420460083538963
Daylight_Near_20260114_210700_T7,1736905000.08,2,Daylight,Near,4,4,1280,720,25.04626725617819,1,3,bob,4,1,0.7458472672379358,1058.2568934221567,166.4991488378808,1180.3013408793663,380.1937208032419,26080.235960117403,chen,0.821795116242133,bob,0.7578530317876793,0.06394208445445371,chen,chen,chen,2,0,0,1,0,15.449530746648342,9.444367938688865,4.526561398201755,29.420460083538963
Daylight_Near_20260114_210700_T7,1736905000.12,3,Daylight,Near,4,4,1280,720,21.924270643215458,1,0,diana,1,1,0.7329253412220542,110.95764310627091,308.7812978595871,229.77005880922667,439.5955398167156,15542.35609527739,diana,0.823867081367886,chen,0.6561987075811001,0.1676683737867859,diana,diana,diana,2,1,1,0,0,9.682934084840538,7.130355304646911,9.858325959485597,26.671615348973045
Daylight_Near_20260114_210700_T7,1736905000.12,3,Daylight,Near,4,4,1280,720,21.924270643215458,1,1,chen,2,1,0.8104650905547998,437.688056049089,249.51131296305795,517.8807773769136,396.16279336278745,11760.38130000843,chen,0.8511141275685226,diana,0.7511037568447556,0.10001037072376695,chen,chen,chen,2,1,1,0,0,9.682934084840538,7.130355304646911,9.858325959485597,26.671615348973045
Daylight_Near_20260114_210700_T7,1736905000.12,3,Daylight,Near,4,4,1280,720,21.924270643215458,1,2,alice,3,1,0.7485515337155025,752.2201437642377,267.66709435936093,847.082500180223,402.6871280511464,12808.318559368485,alice,0.7642792861318881,chen,0.6141354430188779,0.1501438431130102,alice,alice,alice,1,1,1,0,0,9.682934084840538,7.130355304646911,9.858325959485597,26.671615348973045
Daylight_Near_20260114_210700_T7,1736905000.12,3,Daylight,Near,4,4,1280,720,21.924270643215458,1,3,bob,4,1,0.8129592952564164,1056.5242672741176,188.97602482516078,1149.9154330629733,354.5955470254051,15467.400255674082,bob,0.8986639120497776,alice,0.8226598932819331,0.07600401876784446,bob,bob,bob,1,1,1,0,0,9.682934084840538,7.130355304646911,9.858325959485597,26.671615348973045
Daylight_Near_20260114_210700_T7,1736905000.16,4,Daylight,Near,4,4,1280,720,25.36977784870809,0,0,diana,1,1,0.797018913072267,110.84881334241207,213.7922714625297,229.81246445025926,346.88289829814164,15832.946896596422,diana,0.562997967160034,chen,0.5101686043824575,0.05282936277757655,unknown,unknown,unknown,0,0,0,0,0,12.245666155674822,7.575236568768882,3.1542412220192704,22.975143946462975
Daylight_Near_20260114_210700_T7,1736905000.16,4,Daylight,Near,4,4,1280,720,25.36977784870809,0,1,chen,2,1,0.7260929797403901,426.04945424459663,226.3831299740571,541.4121983676268,411.48406850080784,21353.752208194288,chen,0.7117677852302329,diana,0.643473276509188,0.06829450872104492,unknown,unknown,unknown,0,0,0,0,0,12.245666155674822,7.575236568768882,3.1542412220192704,22.975143946462975
Daylight_Near_20260114_210700_T7,1736905000.16,4,Daylight,Near,4,4,1280,720,25.36977784870809,0,2,alice,3,1,0.7618361464486602,749.0513702744648,246.81200683809976,834.9277874727862,399.37133504159937,13101.248516299373,alice,0.8323441300298844,bob,0.7473132132427108,0.08503091678717356,alice,alice,alice,3,1,1,0,0,12.245666155674822,7.575236568768882,3.1542412220192704,22.975143946462975
Daylight_Near_20260114_210700_T7,1736905000.16,4,Daylight,Near,4,4,1280,720,25.36977784870809,0,3,bob,4,1,0.8924262520441398,1068.2773266896083,247.06433110854886,1160.0486031518471,434.35648437303183,17188.03997644287,bob,0.8758871344507171,chen,0.7676545830861643,0.10823255136455279,bob,bob,bob,1,1,1,0,0,12.245666155674822,7.575236568768882,3.1542412220192704,22.975143946462975
Daylight_Near_20260114_210700_T7,1736905000.2,5,Daylight,Near,4,4,1280,720,27.094481671279446,0,0,diana,1,1,0.7380469733333404,137.44791102535285,236.9649259699541,229.75714482410368,429.327867808455,17756.875772385683,diana,0.906452024067138,alice,0.8317313957988437,0.07472062826829429,diana,diana,diana,3,1,1,0,0,13.986470487598758,6.452231228094065,8.302213106340016,28.74091482203284
Daylight_Near_20260114_210700_T7,1736905000.2,5,Daylight,Near,4,4,1280,720,27.094481671279446,0,1,chen,2,1,0.8996230962549651,451.8931380813975,300.50503580177815,569.8692171043667,456.1865493000407,18366.694538886473,chen,0.9363864721603559,bob,0.8520939304233264,0.08429254173702949,chen,chen,chen,3,1,1,0,0,13.986470487598758,6.452231228094065,8.302213106340016,28.74091482203284
Daylight_Near_20260114_210700_T7,1736905000.2,5,Daylight,Near,4,4,1280,720,27.094481671279446,0,2,alice,3,1,0.8423880383155211,737.4924842534432,277.3602033651955,820.1678917963264,435.9526911996644,13111.69856495447,alice,0.8658641425011343,diana,0.8040007335716055,0.061863408929528796,alice,alice,alice,2,1,1,0,0,13.986470487598758,6.452231228094065,8.302213106340016,28.74091482203284
Daylight_Near_20260114_210700_T7,1736905000.2,5,Daylight,Near,4,4,1280,720,27.094481671279446,0,3,bob,4,1,0.7319912123159261,1079.0419288850862,183.17099724095527,1163.9765049157709,371.59387706845615,16003.617412629428,bob,0.9235215177718709,chen,0.8013404084791296,0.12218110929274129,bob,bob,bob,2,1,1,0,0,13.986470487598758,6.452231228094065,8.302213106340016,28.74091482203284
Daylight_Near_20260114_210700_T7,1736905000.24,6,Daylight,Near,4,4,1280,720,23.590459329950047,0,0,diana,1,1,0.8238216992560902,88.16256037025693,123.24454275006912,188.24417208623527,337.04632842418977,21397.627298020165,diana,0.889021315335202,bob,0.7316400172493255,0.15738129808587653,diana,diana,diana,1,1,1,0,0,9.30772854112952,9.019188394925516,6.645703052674582,24.97261998872962
Daylight_Near_20260114_210700_T7,1736905000.24,6,Daylight,Near,4,4,1280,720,23.590459329950047,0,1,chen,2,1,0.8949715954637859,418.9922621954348,195.19618929413838,523.0143731185674,346.07838921979516,15695.084936992935,chen,0.8077143230271425,diana,0.7207141789500229,0.08700014407711965,chen,chen,chen,2,1,1,0,0,9.30772854112952,9.019188394925516,6.645703052674582,24.97261998872962
Daylight_Near_20260114_210700_T7,1736905000.24,6,Daylight,Near,4,4,1280,720,23.590459329950047,0,2,alice,3,1,0.7763058492623318,760.5291408854292,254.3589008660515,875.3924456092869,405.04601267945066,17308.419642180485,alice,0.8339187159731967,diana,0.6622563343637371,0.17166238160945957,alice,alice,alice,1,1,1,0,0,9.30772854112952,9.019188394925516,6.645703052674582,24.97261998872962
Daylight_Near_20260114_210700_T7,1736905000.24,6,Daylight,Near,4,4,1280,720,23.590459329950047,0,3,bob,4,1,0.6239211612681516,1069.132252565653,223.15918767813372,1152.1978450212089,362.2028616510784,11549.745155759798,bob,0.8865029391045798,alice,0.7990677912527618,0.08743514785181794,bob,bob,bob,2,1,1,0,0,9.30772854112952,9.019188394925516,6.645703052674582,24.97261998872962
Daylight_Near_20260114_210700_T7,1736905000.28,7,Daylight,Near,4,4,1280,720,25.25509528987441,2,0,diana,1,1,0.8537599282113487,120.82998773977994,289.47303519553486,210.590324965354,462.6125465530449,15541.060926521213,diana,0.8903201130569749,bob,0.8160255955689556,0.0742945174880193,diana,diana,diana,1,1,1,0,0,18.07110255808744,11.891627748468236,4.058142275901718,34.02087258245739
Daylight_Near_20260114_210700_T7,1736905000.28,7,Daylight,Near,4,4,1280,720,25.25509528987441,2,1,chen,2,1,0.7356401409108635,416.91749775196837,286.073302993034,522.0242218736262,426.75756432239524,14786.861843804381,chen,0.8842176250013576,bob,0.7663830437001523,0.11783458130120528,chen,chen,chen,3,1,1,0,0,18.07110255808744,11.891627748468236,4.058142275901718,34.02087258245739
Daylight_Near_20260114_210700_T7,1736905000.28,7,Daylight,Near,4,4,1280,720,25.25509528987441,2,2,alice,3,1,0.7770328393699373,751.66602557833,228.33537372207462,845.9782423665905,378.01088747402963,14116.22950086864,alice,0.8226802868498475,chen,0.6643793623515251,0.15830092449832245,alice,alice,alice,1,1,1,0,0,18.07110255808744,11.891627748468236,4.058142275901718,34.02087258245739
Daylight_Near_20260114_210700_T7,1736905000.28,7,Daylight,Near,4,4,1280,720,25.25509528987441,2,3,bob,4,1,0.8271597725163522,1074.7698281738594,287.60776706597085,1182.832781870036,439.87211776236165,16454.135478882454,bob,0.8234029458141443,diana,0.707196737320409,0.11620620849373531,bob,bob,bob,2,1,1,0,0,18.07110255808744,11.891627748468236,4.058142275901718,34.02087258245739
Daylight_Near_20260114_210700_T7,1736905000.32,8,Daylight,Near,4,4,1280,720,25.120455018946714,0,0,diana,1,1,0.8939983126035013,100.62306641930431,197.45860160317002,197.90689345460046,401.28699827219,19829.20648643067,diana,0.8440973847002083,alice,0.7664676749432369,0.07762970975697148,diana,diana,diana,3,1,1,0,0,11.243393161507335,10.762433400714126,8.626839017886319,30.63266558010778
Daylight_Near_20260114_210700_T7,1736905000.32,8,Daylight,Near,4,4,1280,720,25.120455018946714,0,1,chen,2,1,0.8312966398177062,419.3678566416757,309.84512859831017,542.7928955203768,501.2547274481872,23624.73717980265,chen,0.9022499220936527,diana,0.7306832956452683,0.17156662644838439,chen,chen,chen,2,1,1,0,0,11.243393161507335,10.762433400714126,8.626839017886319,30.63266558010778
Daylight_Near_20260114_210700_T7,1736905000.32,8,Daylight,Near,4,4,1280,720,25.120455018946714,0,2,alice,3,1,0.8944812191475647,769.995156559895,214.37280183807303,862.8108654156775,421.75450755863875,19248.2800201756,alice,0.7895322314778134,chen,0.6151956969084789,0.1743365345693345,alice,alice,alice,2,1,1,0,0,11.243393161507335,10.762433400714126,8.626839017886319,30.63266558010778
Daylight_Near_20260114_210700_T7,1736905000.32,8,Daylight,Near,4,4,1280,720,25.120455018946714,0,3,bob,4,1,0.6561246700483833,1118.1149293566325,288.84716199520824,1204.4010522867459,429.25059666198695,12114.86802346781,bob,0.7595855690427699,alice,0.589786029772325,0.1697995392704449,bob,bob,bob,3,1,1,0,0,11.243393161507335,10.762433400714126,8.626839017886319,30.63266558010778
Daylight_Near_20260114_210700_T7,1736905000.36,9,Daylight,Near,4,4,1280,720,25.003971284022263,1,0,diana,1,1,0.8301861519918016,122.6681934478508,214.27567956870035,232.040925121094,354.3469020781112,15319.972234664938,diana,0.8284866700312243,alice,0.7193470861501589,0.10913958388106548,diana,diana,diana,2,1,1,0,0,6.730966235272076,4.681161449696524,7.6535067165439115,19.06563440151251
Daylight_Near_20260114_210700_T7,1736905000.36,9,Daylight,Near,4,4,1280,720,25.003971284022263,1,1,chen,2,1,0.6704190728775707,426.56519510946777,220.86748601931788,525.3429538171364,374.2173155930591,15147.552463497115,chen,0.9276979584624037,diana,0.8500498381324322,0.07764812032997148,chen,chen,chen,2,1,1,0,0,6.730966235272076,4.681161449696524,7.6535067165439115,19.06563440151251
Daylight_Near_20260114_210700_T7,1736905000.36,9,Daylight,Near,4,4,1280,720,25.003971284022263,1,2,alice,3,1,0.8462088792505159,746.3190470047791,253.8527925852676,848.3512568123681,402.56993338944915,15173.938512517003,alice,0.8165498433596312,chen,0.6730050895897997,0.14354475376983156,alice,alice,alice,1,1,1,0,0,6.730966235272076,4.681161449696524,7.6535067165439115,19.06563440151251
Daylight_Near_20260114_210700_T7,1736905000.36,9,Daylight,Near,4,4,1280,720,25.003971284022263,1,3,bob,4,1,0.7828731799971672,1080.9362709564325,308.89982340254153,1199.333403834823,466.5220108449987,18662.015071207177,bob,0.8318628394453098,diana,0.7067346804500368,0.12512815899527296,bob,bob,bob,2,1,1,0,0,6.730966235272076,4.681161449696524,7.6535067165439115,19.06563440151251
Daylight_Near_20260114_210700_T7,1736905000.4,10,Daylight,Near,4,4,1280,720,22.803003897756323,0,0,diana,1,1,0.821898495515229,98.44903439869839,220.82212238075255,179.96671798450924,412.19790895547334,15600.510815983758,diana,0.8496600404849913,alice,0.7393125111113465,0.11034752937364478,diana,diana,diana,3,1,1,0,0,12.146489326560381,8.481648935660445,4.381470404147624,25.00960866636845
Daylight_Near_20260114_210700_T7,1736905000.4,10,Daylight,Near,4,4,1280,720,22.803003897756323,0,1,chen,2,1,0.7224854541537902,415.1680753048629,180.90641979842542,507.1037576697993,396.825543448326,19850.671968392686,chen,0.786177444092288,bob,0.6404491022855824,0.14572834180670557,chen,chen,chen,3,1,1,0,0,12.146489326560381,8.481648935660445,4.381470404147624,25.00960866636845
Daylight_Near_20260114_210700_T7,1736905000.4,10,Daylight,Near,4,4,1280,720,22.803003897756323,0,2,alice,3,1,0.7064813631819068,714.3939741624798,206.45374532052912,820.0873456939061,406.5716624652873,21151.1373668761,alice,0.773431020605853,diana,0.662042717436982,0.11138830316887105,alice,alice,alice,2,1,1,0,0,12.146489326560381,8.481648935660445,4.381470404147624,25.00960866636845
Daylight_Near_20260114_210700_T7,1736905000.4,10,Daylight,Near,4,4,1280,720,22.803003897756323,0,3,bob,4,1,0.7685595460268956,1051.3972252395813,229.92455831761094,1134.9821787977546,375.91079278147686,12202.252627794833,bob,0.8367905747861359,chen,0.7318976309882632,0.10489294379787273,bob,bob,bob,2,1,1,0,0,12.146489326560381,8.481648935660445,4.381470404147624,25.00960866636845
Daylight_Near_20260114_210700_T7,1736905000.44,11,Daylight,Near,4,4,1280,720,25.503556311175505,0,0,diana,1,1,0.6912439047960447,95.67400012972055,228.11051175652182,181.89759433910078,401.9474575851486,14988.846275725527,diana,0.9750089359543941,chen,0.8334824659496323,0.14152647000476182,diana,diana,diana,2,1,1,0,0,12.07863166517841,11.867521679760019,9.988308182040656,33.934461526979085
Daylight_Near_20260114_210700_T7,1736905000.44,11,Daylight,Near,4,4,1280,720,25.503556311175505,0,1,chen,2,1,0.6610341196852426,443.81799207948,224.47800916724566,536.9149249426426,394.101171801114,15791.396183762557,diana,0.8537648776302725,chen,0.7865366500683738,0.06722822756189872,diana,diana,diana,1,0,0,1,0,12.07863166517841,11.867521679760019,9.988308182040656,33.934461526979085
Daylight_Near_20260114_210700_T7,1736905000.44,11,Daylight,Near,4,4,1280,720,25.503556311175505,0,2,alice,3,1,0.8819852018778188,746.2961737479644,240.0618564083768,845.7574986958031,445.37177025190556,20420.39605580397,alice,0.8978109515259668,bob,0.8326869911586067,0.06512396036736012,alice,alice,alice,3,1,1,0,0,12.07863166517841,11.867521679760019,9.988308182040656,33.934461526979085
Daylight_Near_20260114_210700_T7,1736905000.44,11,Daylight,Near,4,4,1280,720,25.503556311175505,0,3,bob,4,1,0.817486632482742,1064.1451808304023,321.2285774726865,1149.608290978646,454.6212320578175,11400.151131775676,bob,0.8359267588931666,diana,0.6682847178293585,0.1676420410638081,bob,bob,bob,1,1,1,0,0,12.07863166517841,11.867521679760019,9.988308182040656,33.934461526979085
Daylight_Near_20260114_210700_T7,1736905000.48,12,Daylight,Near,4,4,1280,720,23.105027805453904,3,0,diana,1,1,0.6691364268497225,124.04675359067957,207.98452156524579,239.48077155607146,348.7914248629969,16253.9066049238,diana,0.8546751240901658,bob,0.744040915788353,0.11063420830181281,diana,diana,diana,1,1,1,0,0,11.763736308313604,5.760684581888106,4.061322641452503,21.585743531654213
Daylight_Near_20260114_210700_T7,1736905000.48,12,Daylight,Near,4,4,1280,720,23.105027805453904,3,1,chen,2,1,0.7672903424880557,454.5315985375735,195.52117840792295,539.0151736745102,344.7043455203606,12603.52730790981,chen,0.8790076324586513,alice,0.7876406294724064,0.0913670029862449,chen,chen,chen,1,1,1,0,0,11.763736308313604,5.760684581888106,4.061322641452503,21.585743531654213
Daylight_Near_20260114_210700_T7,1736905000.48,12,Daylight,Near,4,4,1280,720,23.105027805453904,3,2,alice,3,1,0.7891039366842381,756.7780852676508,108.16211283623795,859.4724641343014,316.8700767617689,21433.134719855723,alice,0.8530621490032738,diana,0.7370480593063543,0.11601408969691951,alice,alice,alice,2,1,1,0,0,11.763736308313604,5.760684581888106,4.061322641452503,21.585743531654213
Daylight_Near_20260114_210700_T7,1736905000.48,12,Daylight,Near,4,4,1280,720,23.105027805453904,3,3,bob,4,1,0.671255671669683,1034.690627456695,130.71663634875603,1162.266357388397,319.7681842038944,24118.389212337366,bob,0.8703264257497683,diana,0.7300059253309794,0.14032050041878885,bob,bob,bob,2,1,1,0,0,11.763736308313604,5.760684581888106,4.061322641452503,21.585743531654213
Daylight_Near_20260114_210700_T7,1736905000.52,13,Daylight,Near,4,4,1280,720,25.3719802600276,1,0,diana,1,1,0.7191927007606991,105.35139694299959,255.49251329819157,206.0961112215358,433.0157291934483,17884.52566317454,diana,0.7987189216715087,alice,0.6886715523437039,0.11004736932780479,diana,diana,diana,3,1,1,0,0,12.992043715441666,10.03548704894734,4.216956514783558,27.244487279172564
Daylight_Near_20260114_210700_T7,1736905000.52,13,Daylight,Near,4,4,1280,720,25.3719802600276,1,1,chen,2,1,0.739563096366149,397.72941773141895,260.7680277802772,524.2583653150901,402.272403215286,17904.399702276358,chen,0.9065161387954247,alice,0.7632433251278821,0.14327281366754263,chen,chen,chen,2,1,1,0,0,12.992043715441666,10.03548704894734,4.216956514783558,27.244487279172564
Daylight_Near_20260114_210700_T7,1736905000.52,13,Daylight,Near,4,4,1280,720,25.3719802600276,1,2,alice,3,1,0.7417248629575544,752.5866474690827,279.03286349216023,842.9850226824728,409.82084690682484,11823.021198121503,alice,0.7515189167655542,diana,0.6863446500493735,0.06517426671618065,alice,alice,alice,3,1,1,0,0,12.992043715441666,10.03548704894734,4.216956514783558,27.244487279172564
Daylight_Near_20260114_210700_T7,1736905000.52,13,Daylight,Near,4,4,1280,720,25.3719802600276,1,3,bob,4,1,0.5957660785221529,1090.3109447992902,202.28784796373623,1171.5474220551778,339.29451021938416,11129.938602236021,bob,0.865067049250707,alice,0.7163948641970747,0.14867218505363233,bob,bob,bob,3,1,1,0,0,12.992043715441666,10.03548704894734,4.216956514783558,27.244487279172564
Daylight_Near_20260114_210700_T7,1736905000.56,14,Daylight,Near,4,4,1280,720,23.019421843885667,3,0,diana,1,1,0.7580600035527029,73.72789395010089,229.1139752202535,196.59265277668476,438.0770529377232,25674.198147417614,diana,0.9457503116590977,bob,0.8269281008656568,0.11882221079344091,diana,diana,diana,2,1,1,0,0,9.611381840361604,6.795536281770561,10.889341895385867,27.296260017518033
Daylight_Near_20260114_210700_T7,1736905000.56,14,Daylight,Near,4,4,1280,720,23.019421843885667,3,1,chen,2,1,0.792639311013341,421.1347729207594,179.6664994133291,531.6137938785562,393.16941142588996,23587.59269078635,chen,0.7891599720213096,alice,0.6886727220709017,0.10048724995040792,chen,chen,chen,3,1,1,0,0,9.611381840361604,6.795536281770561,10.889341895385867,27.296260017518033
Daylight_Near_20260114_210700_T7,1736905000.56,14,Daylight,Near,4,4,1280,720,23.019421843885667,3,2,alice,3,1,0.8607754151682216,751.8330428395784,189.28514408216566,846.2153557003821,380.5296897185308,18050.10253917367,alice,0.8122274303958956,bob,0.7492985253260983,0.06292890506979731,alice,alice,alice,1,1,1,0,0,9.611381840361604,6.795536281770561,10.889341895385867,27.296260017518033
Daylight_Near_20260114_210700_T7,1736905000.56,14,Daylight,Near,4,4,1280,720,23.019421843885667,3,3,bob,-1,0,-1.0,-1.0,-1.0,-1.0,-1.0,0.0,unknown,-1.0,unknown,-1.0,-1.0,unknown,unknown,unknown,0,0,0,0,1,9.611381840361604,6.795536281770561,10.889341895385867,27.296260017518033
Daylight_Near_20260114_210700_T7,1736905000.6,15,Daylight,Near,4,4,1280,720,26.23122324538197,0,0,diana,1,1,0.5439378540412123,109.3301248204634,259.7894206823492,216.2752794056582,438.6656585281515,19129.9469080374,diana,0.7970422167167049,bob,0.6873378571728334,0.10970435954387159,diana,diana,diana,1,1,1,0,0,10.378497234256912,9.883596965400427,8.920850196496731,29.18294439615407
Daylight_Near_20260114_210700_T7,1736905000.6,15,Daylight,Near,4,4,1280,720,26.23122324538197,0,1,chen,2,1,0.8928586524239053,417.98863115426815,236.59359098454502,504.1429233643899,422.45713093972074,16012.94173250585,chen,0.8864297252042823,bob,0.7998336911327044,0.0865960340715779,chen,chen,chen,2,1,1,0,0,10.378497234256912,9.883596965400427,8.920850196496731,29.18294439615407
Daylight_Near_20260114_210700_T7,1736905000.6,15,Daylight,Near,4,4,1280,720,26.23122324538197,0,2,alice,3,1,0.794560607980345,749.1096401849545,241.5581307222779,843.7156086441889,443.92824675318076,19145.420814311205,alice,0.825708207185154,diana,0.7098205295122073,0.11588767767294672,alice,alice,alice,1,1,1,0,0,10.378497234256912,9.883596965400427,8.920850196496731,29.18294439615407
Daylight_Near_20260114_210700_T7,1736905000.6,15,Daylight,Near,4,4,1280,720,26.23122324538197,0,3,bob,4,1,0.8703701529951735,1079.6193340059028,281.316205682714,1175.8828772095183,442.0117726596973,15469.124654318308,bob,0.7964506949797043,diana,0.6363132743915217,0.1601374205881826,bob,bob,bob,2,1,1,0,0,10.378497234256912,9.883596965400427,8.920850196496731,29.18294439615407
Daylight_Near_20260114_210700_T7,1736905000.64,16,Daylight,Near,4,4,1280,720,25.984137185412553,2,0,diana,1,1,0.8931189656754801,149.0269754963147,284.7120996634647,240.73493703686424,434.6874190114016,13753.93081879223,diana,0.8269261266045596,alice,0.7548605905253515,0.07206553607920807,diana,diana,diana,3,1,1,0,0,12.453524642270686,9.182544735438169,1.5980657469535497,23.234135124662405
Daylight_Near_20260114_210700_T7,1736905000.64,16,Daylight,Near,4,4,1280,720,25.984137185412553,2,1,chen,2,1,0.8667051452661371,432.5872466454576,227.03733926815877,539.1007351218161,417.40083651652833,20276.28017048352,chen,0.8477917119312536,diana,0.6817736218061917,0.16601809012506186,chen,chen,chen,2,1,1,0,0,12.453524642270686,9.182544735438169,1.5980657469535497,23.234135124662405
Daylight_Near_20260114_210700_T7,1736905000.64,16,Daylight,Near,4,4,1280,720,25.984137185412553,2,2,alice,3,1,0.7986229345289105,738.04003070864,258.29853263853056,856.0555564654744,401.4077240818392,16889.106468817543,alice,0.8517797833150924,bob,0.6968594902961114,0.15492029301898103,alice,alice,alice,2,1,1,0,0,12.453524642270686,9.182544735438169,1.5980657469535497,23.234135124662405
Daylight_Near_20260114_210700_T7,1736905000.64,16,Daylight,Near,4,4,1280,720,25.984137185412553,2,3,bob,4,1,0.8946008789391303,1102.7758097697322,143.05640535472907,1186.362247094725,323.7649896307403,15104.786753675,bob,0.8491383183565003,alice,0.7237760297496619,0.1253622886068384,bob,bob,bob,2,1,1,0,0,12.453524642270686,9.182544735438169,1.5980657469535497,23.234135124662405
Daylight_Near_20260114_210700_T7,1736905000.68,17,Daylight,Near,4,4,1280,720,26.295230465642714,0,0,diana,1,1,0.8619318426375328,97.54575068804964,280.14025977085134,181.3076756082092,414.8171700967581,11280.797251197664,diana,0.8860391962582488,chen,0.7930188749150215,0.09302032134322724,diana,diana,diana,2,1,1,0,0,13.869492419955519,9.801802326737608,9.888702417016766,33.559997163709895
Daylight_Near_20260114_210700_T7,1736905000.68,17,Daylight,Near,4,4,1280,720,26.295230465642714,0,1,chen,-1,0,-1.0,-1.0,-1.0,-1.0,-1.0,0.0,unknown,-1.0,unknown,-1.0,-1.0,unknown,unknown,unknown,0,0,0,0,1,13.869492419955519,9.801802326737608,9.888702417016766,33.559997163709895
Daylight_Near_20260114_210700_T7,1736905000.68,17,Daylight,Near,4,4,1280,720,26.295230465642714,0,2,alice,3,1,0.7623077402761473,734.8269729494557,213.0730522281618,847.5843843330472,422.04171472382507,23562.76544330239,alice,0.8215665013885775,bob,0.6580392445644313,0.16352725682414615,alice,alice,alice,2,1,1,0,0,13.869492419955519,9.801802326737608,9.888702417016766,33.559997163709895
Daylight_Near_20260114_210700_T7,1736905000.68,17,Daylight,Near,4,4,1280,720,26.295230465642714,0,3,bob,4,1,0.7671753560373222,1069.683042446796,268.90014314833957,1180.865260419817,426.5990236134203,17533.311301970007,bob,0.8382770077485915,alice,0.6725579058545479,0.1657191018940436,bob,bob,bob,2,1,1,0,0,13.869492419955519,9.801802326737608,9.888702417016766,33.559997163709895
Daylight_Near_20260114_210700_T7,1736905000.72,18,Daylight,Near,4,4,1280,720,23.980602986546764,2,0,diana,1,1,0.8070798540002622,110.60112819547052,375.975561657727,232.5367621763535,537.5040756853753,19696.081763951242,diana,0.9310647527523244,alice,0.8007551220959804,0.13030963065634393,diana,diana,diana,3,1,1,0,0,15.538828323544896,14.36460041508159,8.4534703427762,38.35689908140269
Daylight_Near_20260114_210700_T7,1736905000.72,18,Daylight,Near,4,4,1280,720,23.980602986546764,2,1,chen,2,1,0.8326634060727665,434.22802780336417,278.45865766503437,520.1992299598389,480.99319811357134,17412.137920569887,chen,0.7415402038594544,diana,0.5619503811565263,0.17958982270292811,chen,chen,chen,3,1,1,0,0,15.538828323544896,14.36460041508159,8.4534703427762,38.35689908140269
Daylight_Near_20260114_210700_T7,1736905000.72,18,Daylight,Near,4,4,1280,720,23.980602986546764,2,2,alice,3,1,0.7530771072118738,728.9281242952867,245.84735323835758,835.5593851759503,405.585717348585,17033.10317608809,alice,0.8132053062859326,bob,0.7386071384296986,0.07459816785623397,alice,alice,alice,2,1,1,0,0,15.538828323544896,14.36460041508159,8.4534703427762,38.35689908140269
Daylight_Near_20260114_210700_T7,1736905000.72,18,Daylight,Near,4,4,1280,720,23.980602986546764,2,3,bob,-1,0,-1.0,-1.0,-1.0,-1.0,-1.0,0.0,unknown,-1.0,unknown,-1.0,-1.0,unknown,unknown,unknown,0,0,0,0,1,15.538828323544896,14.36460041508159,8.4534703427762,38.35689908140269
Daylight_Near_20260114_210700_T7,1736905000.76,19,Daylight,Near,4,4,1280,720,25.249989988786982,0,0,diana,1,1,0.8782746900927157,122.40179555728355,213.2492271582182,203.91962898603106,377.2169648354958,13366.294727664883,diana,0.8641556391448708,chen,0.7002448350736863,0.16391080407118452,diana,diana,diana,1,1,1,0,0,11.28313314538942,5.7277585729733,9.391153319014016,26.402045037376737
Daylight_Near_20260114_210700_T7,1736905000.76,19,Daylight,Near,4,4,1280,720,25.249989988786982,0,1,chen,2,1,0.7985302028945731,438.0967411694445,238.78587252354566,522.6934255614991,416.95011691635614,15072.104352847473,chen,0.9341412476544017,bob,0.7841183944025113,0.15002285325189035,chen,chen,chen,3,1,1,0,0,11.28313314538942,5.7277585729733,9.391153319014016,26.402045037376737
Daylight_Near_20260114_210700_T7,1736905000.76,19,Daylight,Near,4,4,1280,720,25.249989988786982,0,2,alice,3,1,0.7675059960276494,757.3642091267743,272.99643933508867,872.0390327181285,423.2102450090372,17225.741666646005,alice,0.8412004129167523,bob,0.6972847177848287,0.1439156951319236,alice,alice,alice,2,1,1,0,0,11.28313314538942,5.7277585729733,9.391153319014016,26.402045037376737
Daylight_Near_20260114_210700_T7,1736905000.76,19,Daylight,Near,4,4,1280,720,25.249989988786982,0,3,bob,4,1,0.7656179760002599,1062.254182131159,214.31143266033862,1176.893188463969,391.71451331586263,20337.312886728603,bob,0.8629559506687173,diana,0.7851945130638036,0.07776143760491372,bob,bob,bob,1,1,1,0,0,11.28313314538942,5.7277585729733,9.391153319014016,26.402045037376737
Daylight_Near_20260114_210700_T7,1736905000.8,20,Daylight,Near,4,4,1280,720,24.371357160946793,0,0,diana,1,1,0.7549408679550746,142.8238892375819,271.9496641393803,233.60896524572723,441.17203078914906,15362.865418577496,bob,0.6324413722494744,diana,0.6181909925384854,0.01425037971098897,unknown,unknown,unknown,0,0,0,0,0,16.185314529173528,7.373362346840436,8.912292607885894,32.47096948389986
Daylight_Near_20260114_210700_T7,1736905000.8,20,Daylight,Near,4,4,1280,720,24.371357160946793,0,1,chen,2,1,0.7619357842014989,431.0179962391979,309.02819953514177,534.4528176952583,447.40931362725007,14313.42582900795,chen,0.8811109779677884,diana,0.7627366660691289,0.11837431189865943,chen,chen,chen,2,1,1,0,0,16.185314529173528,7.373362346840436,8.912292607885894,32.47096948389986
Daylight_Near_20260114_210700_T7,1736905000.8,20,Daylight,Near,4,4,1280,720,24.371357160946793,0,2,alice,3,1,0.8293873751293919,756.3829422719633,207.26042343681863,863.439896215264,390.509678483818,19618.107057710764,alice,0.9868753510892023,diana,0.8805262837642811,0.10634906732492122,alice,alice,alice,2,1,1,0,0,16.185314529173528,7.373362346840436,8.912292607885894,32.47096948389986
Daylight_Near_20260114_210700_T7,1736905000.8,20,Daylight,Near,4,4,1280,720,24.371357160946793,0,3,bob,4,1,0.8122934218135682,1058.219761238589,213.0117323429114,1176.2584453643858,417.25126043935654,24108.1651429781,bob,0.9221992344186831,alice,0.7608282606347713,0.16137097378391185,bob,bob,bob,2,1,1,0,0,16.185314529173528,7.373362346840436,8.912292607885894,32.47096948389986
Daylight_Near_20260114_210700_T7,1736905000.84,21,Daylight,Near,4,4,1280,720,21.47385320068792,1,0,diana,1,1,0.8895937357179152,105.1208816367253,213.3850812036248,210.0852255387082,350.6526376225252,14408.198998538302,diana,0.8215592243254772,alice,0.7442807629759265,0.07727846134955074,diana,diana,diana,2,1,1,0,0,13.551420316101467,10.216039877805514,2.2057814504428386,25.97324164434982
Daylight_Near_20260114_210700_T7,1736905000.84,21,Daylight,Near,4,4,1280,720,21.47385320068792,1,1,chen,2,1,0.862229910295659,436.7812893728891,271.02578867058367,554.5307570126341,418.80451888766834,17400.866811539225,chen,0.8519737896212929,bob,0.6955946981559482,0.15637909146534468,chen,chen,chen,2,1,1,0,0,13.551420316101467,10.216039877805514,2.2057814504428386,25.97324164434982
Daylight_Near_20260114_210700_T7,1736905000.84,21,Daylight,Near,4,4,1280,720,21.47385320068792,1,2,alice,3,1,0.870756137581283,746.6991397836433,223.13634122082533,835.6861679043953,431.4662351824619,18538.658132357443,alice,0.9155026779092442,bob,0.7359598995105556,0.1795427783986886,alice,alice,alice,3,1,1,0,0,13.551420316101467,10.216039877805514,2.2057814504428386,25.97324164434982
Daylight_Near_20260114_210700_T7,1736905000.84,21,Daylight,Near,4,4,1280,720,21.47385320068792,1,3,bob,4,1,0.7546829935552714,1074.8791189353105,246.1434592264029,1180.9696788967626,451.58324727163426,21795.22215208062,bob,0.9209944198854744,chen,0.8345406932701662,0.08645372661530815,bob,bob,bob,2,1,1,0,0,13.551420316101467,10.216039877805514,2.2057814504428386,25.97324164434982
Daylight_Near_20260114_210700_T7,1736905000.88,22,Daylight,Near,4,4,1280,720,26.309418545495713,1,0,diana,1,1,0.7005094466628589,100.28266636725009,315.09878346355435,182.4047108331609,460.62181144007536,11950.64857430184,diana,0.8250481987426767,chen,0.727596190184423,0.09745200855825364,diana,diana,diana,3,1,1,0,0,11.23906879916284,8.822827968547728,6.802749598251918,26.864646365962486
Daylight_Near_20260114_210700_T7,1736905000.88,22,Daylight,Near,4,4,1280,720,26.309418545495713,1,1,chen,2,1,0.7625556248853909,410.2734629633892,269.80222275473415,516.4221399355949,415.17815381026554,15431.462745147255,chen,0.9404959790027227,bob,0.7837591278467886,0.15673685115593416,chen,chen,chen,1,1,1,0,0,11.23906879916284,8.822827968547728,6.802749598251918,26.864646365962486
Daylight_Near_20260114_210700_T7,1736905000.88,22,Daylight,Near,4,4,1280,720,26.309418545495713,1,2,alice,3,1,0.9193602362555882,746.5534871419875,210.29616467738742,868.8729261831613,421.4693752907483,25830.58866274996,alice,0.8946505629189311,bob,0.8133727690293147,0.08127779388961642,alice,alice,alice,1,1,1,0,0,11.23906879916284,8.822827968547728,6.802749598251918,26.864646365962486
Daylight_Near_20260114_210700_T7,1736905000.88,22,Daylight,Near,4,4,1280,720,26.309418545495713,1,3,bob,4,1,0.7039576368696794,1084.4492003663593,267.9852425459149,1170.4653841386073,398.6855200570213,11242.339089479145,bob,0.8754097672158305,alice,0.6989860310088969,0.17642373620693363,bob,bob,bob,1,1,1,0,0,11.23906879916284,8.822827968547728,6.802749598251918,26.864646365962486
Daylight_Near_20260114_210700_T7,1736905000.92,23,Daylight,Near,4,4,1280,720,23.956346980969123,1,0,diana,1,1,0.7974909990512379,84.79316463096225,174.52504821413638,199.7699110997435,321.57641499075953,16907.48771576356,diana,0.8448914884703689,chen,0.7331163180428679,0.11177517042750096,diana,diana,diana,3,1,1,0,0,9.819058022258858,7.778739746546708,3.541842254088146,21.139640022893712
Daylight_Near_20260114_210700_T7,1736905000.92,23,Daylight,Near,4,4,1280,720,23.956346980969123,1,1,chen,2,1,0.8170057978029731,438.55414205544815,245.2679072718256,520.7921454397443,385.82668416558477,11559.273169881497,chen,0.6903996582358205,bob,0.6445480202235266,0.04585163801229386,unknown,unknown,unknown,0,0,0,0,0,9.819058022258858,7.778739746546708,3.541842254088146,21.139640022893712
Daylight_Near_20260114_210700_T7,1736905000.92,23,Daylight,Near,4,4,1280,720,23.956346980969123,1,2,alice,3,1,0.7781519770008051,759.65088236414,145.00231890097956,881.6888324626373,322.0638975988929,21608.232105497093,alice,0.7874998845254091,bob,0.6861003473713361,0.10139953715407302,alice,alice,alice,1,1,1,0,0,9.819058022258858,7.778739746546708,3.541842254088146,21.139640022893712
Daylight_Near_20260114_210700_T7,1736905000.92,23,Daylight,Near,4,4,1280,720,23.956346980969123,1,3,bob,4,1,0.7114632936366405,1062.7614463484617,294.84104858528434,1164.0343428365302,461.425949991482,16870.535476584944,bob,0.9108270693917412,alice,0.7474055161479818,0.1634215532437594,bob,bob,bob,3,1,1,0,0,9.819058022258858,7.778739746546708,3.541842254088146,21.139640022893712
Daylight_Near_20260114_210700_T7,1736905000.96,24,Daylight,Near,4,4,1280,720,24.71005489048029,1,0,diana,1,1,0.8214839406189075,113.49552865570091,265.0955230765179,204.44017899828407,465.72668543744385,18246.33090874044,diana,0.738978163273529,bob,0.5822710400720787,0.1567071232014503,diana,diana,diana,2,1,1,0,0,11.98574685591734,12.23945585597461,7.484293963246971,31.709496675138922
Daylight_Near_20260114_210700_T7,1736905000.96,24,Daylight,Near,4,4,1280,720,24.71005489048029,1,1,chen,2,1,0.8886029572236218,451.86039507009156,286.5083766813599,532.8621182098851,435.1438384817984,12039.728525514483,chen,0.9060875399601046,bob,0.7354736121907637,0.17061392776934092,chen,chen,chen,3,1,1,0,0,11.98574685591734,12.23945585597461,7.484293963246971,31.709496675138922
Daylight_Near_20260114_210700_T7,1736905000.96,24,Daylight,Near,4,4,1280,720,24.71005489048029,1,2,alice,3,1,0.9240422483778674,766.4268935538114,316.2871614125439,869.1998441757996,459.58217792623543,14726.851656538605,alice,0.8898054981014567,diana,0.7329200821611802,0.1568854159402765,alice,alice,alice,2,1,1,0,0,11.98574685591734,12.23945585597461,7.484293963246971,31.709496675138922
Daylight_Near_20260114_210700_T7,1736905000.96,24,Daylight,Near,4,4,1280,720,24.71005489048029,1,3,bob,4,1,0.8361433863718023,1054.9429724783695,239.92966472071674,1178.2000295110647,453.05218383393895,26268.85449329011,bob,0.8206020229135348,chen,0.6683536164382342,0.15224840647530058,bob,bob,bob,1,1,1,0,0,11.98574685591734,12.23945585597461,7.484293963246971,31.709496675138922
Daylight_Near_20260114_210700_T7,1736905001.0,25,Daylight,Near,4,4,1280,720,26.32419661024074,1,0,diana,1,1,0.5317965852745228,80.10802039412306,208.96950082684918,182.32469511543144,380.48210820991994,17531.448399478817,diana,0.8102454574942958,alice,0.6528434530380957,0.15740200445620012,diana,diana,diana,1,1,1,0,0,18.77871318141455,11.948860817273623,9.762933991260148,40.49050798994832
Daylight_Near_20260114_210700_T7,1736905001.0,25,Daylight,Near,4,4,1280,720,26.32419661024074,1,1,chen,2,1,0.7306170604455606,451.035285626688,171.59702167840607,555.61461169211,372.57572531787486,21018.217380117818,chen,0.8494533677370907,alice,0.70980553003992,0.1396478376971707,chen,chen,chen,3,1,1,0,0,18.77871318141455,11.948860817273623,9.762933991260148,40.49050798994832
Daylight_Near_20260114_210700_T7,1736905001.0,25,Daylight,Near,4,4,1280,720,26.32419661024074,1,2,alice,3,1,0.6673621871096337,740.5198951345501,165.5095183648889,842.1365898062206,368.34759042997416,20611.734436828072,alice,0.8359675930738782,chen,0.7150366576169382,0.12093093545694,alice,alice,alice,3,1,1,0,0,18.77871318141455,11.948860817273623,9.762933991260148,40.49050798994832
Daylight_Near_20260114_210700_T7,1736905001.0,25,Daylight,Near,4,4,1280,720,26.32419661024074,1,3,bob,4,1,0.8488670382636181,1064.8536367608367,191.29990406165842,1173.294781494597,403.2190261619857,22980.752191532993,bob,0.8699324164914632,diana,0.7985831999097224,0.07134921658174087,bob,bob,bob,2,1,1,0,0,18.77871318141455,11.948860817273623,9.762933991260148,40.49050798994832
Daylight_Near_20260114_210700_T7,1736905001.04,26,Daylight,Near,4,4,1280,720,26.50700401527409,2,0,diana,1,1,0.7217079373853007,110.64731977183402,264.5554902577679,205.12031531505153,440.50954036433376,16622.90619152867,diana,0.8337155400137707,alice,0.6828007271408129,0.15091481287295783,diana,diana,diana,3,1,1,0,0,10.141816148419421,4.682367946512939,6.759940096210225,21.584124191142585
Daylight_Near_20260114_210700_T7,1736905001.04,26,Daylight,Near,4,4,1280,720,26.50700401527409,2,1,chen,2,1,0.6537527958985192,436.6523540279906,224.7542246443671,529.2634510357962,431.98649315638704,19192.007722314283,chen,0.8008524683251333,diana,0.7000055937047147,0.10084687462041864,chen,chen,chen,2,1,1,0,0,10.141816148419421,4.682367946512939,6.759940096210225,21.584124191142585
Daylight_Near_20260114_210700_T7,1736905001.04,26,Daylight,Near,4,4,1280,720,26.50700401527409,2,2,alice,3,1,0.6499221868615395,721.3557325677887,218.29763451163265,826.8785929865569,398.77507071044204,19044.495308744114,alice,0.8956915083101089,bob,0.8120461991211739,0.08364530918893498,alice,alice,alice,2,1,1,0,0,10.141816148419421,4.682367946512939,6.759940096210225,21.584124191142585
Daylight_Near_20260114_210700_T7,1736905001.04,26,Daylight,Near,4,4,1280,720,26.50700401527409,2,3,bob,4,1,0.7107885857286705,1075.8037369579401,319.4001497039809,1163.3137433309344,474.6399217601853,13585.033441980617,bob,0.885812571573719,alice,0.8201428419725652,0.0656697296011538,bob,bob,bob,3,1,1,0,0,10.141816148419421,4.682367946512939,6.759940096210225,21.584124191142585
Daylight_Near_20260114_210700_T7,1736905001.08,27,Daylight,Near,4,4,1280,720,23.76601043449396,1,0,diana,1,1,0.8206831543836082,119.95234651996034,245.468353481483,231.94855014568148,425.345869342394,20145.59889404747,diana,0.77918550556515,chen,0.5994523668245789,0.17973313874057106,diana,diana,diana,1,1,1,0,0,12.632334377750029,6.976529091603439,8.484200679543777,28.093064148897245
Daylight_Near_20260114_210700_T7,1736905001.08,27,Daylight,Near,4,4,1280,720,23.76601043449396,1,1,chen,2,1,0.7587599466302754,456.3103477335302,226.59307228762003,576.7466920333485,361.0639888017502,16195.185599607905,chen,0.7905753435828945,bob,0.689334128871036,0.10124121471185854,chen,chen,chen,3,1,1,0,0,12.632334377750029,6.976529091603439,8.484200679543777,28.093064148897245
Daylight_Near_20260114_210700_T7,1736905001.08,27,Daylight,Near,4,4,1280,720,23.76601043449396,1,2,alice,3,1,0.7677380537460464,753.4804838891084,297.2776878139548,866.6322507332384,432.0421585990001,15248.837977142011,alice,0.9001798749059823,diana,0.7497211444648033,0.15045873044117897,alice,alice,alice,2,1,1,0,0,12.632334377750029,6.976529091603439,8.484200679543777,28.093064148897245
Daylight_Near_20260114_210700_T7,1736905001.08,27,Daylight,Near,4,4,1280,720,23.76601043449396,1,3,bob,4,1,0.6943340226159446,1063.3875353499513,185.98904507044367,1184.7544099067898,362.7524096174767,21453.21709122446,bob,0.8815881527720696,alice,0.8153810320800903,0.06620712069197932,bob,bob,bob,2,1,1,0,0,12.632334377750029,6.976529091603439,8.484200679543777,28.093064148897245
Daylight_Near_20260114_210700_T7,1736905001.12,28,Daylight,Near,4,4,1280,720,25.9272892824786,1,0,diana,1,1,0.7045182437307054,131.00750395398103,348.5391101443583,221.86997127236867,500.6682330882548,13822.827461664772,diana,0.8445812582909764,alice,0.680525714121902,0.16405554416907442,diana,diana,diana,3,1,1,0,0,13.163172812114318,7.615468446119249,7.681211908208026,28.459853166441594
Daylight_Near_20260114_210700_T7,1736905001.12,28,Daylight,Near,4,4,1280,720,25.9272892824786,1,1,chen,2,1,0.8767274770081606,397.75906834660066,219.3282424509215,520.9997898209699,379.4225275440192,19730.13519879672,chen,0.8048722339867926,diana,0.733978678787935,0.07089355519885765,chen,chen,chen,2,1,1,0,0,13.163172812114318,7.615468446119249,7.681211908208026,28.459853166441594
Daylight_Near_20260114_210700_T7,1736905001.12,28,Daylight,Near,4,4,1280,720,25.9272892824786,1,2,alice,3,1,0.8917065392606907,756.0384899747194,141.0122823113595,867.4806787961047,343.54323536815997,22570.492712731088,alice,0.88054491063745,bob,0.7356992389969002,0.14484567164054984,alice,alice,alice,2,1,1,0,0,13.163172812114318,7.615468446119249,7.681211908208026,28.459853166441594
Daylight_Near_20260114_210700_T7,1736905001.12,28,Daylight,Near,4,4,1280,720,25.9272892824786,1,3,bob,4,1,0.7431974330443052,1039.287866068989,231.45651436354353,1158.3067833002397,391.4903035753895,19047.04831240812,bob,0.7278374869613962,chen,0.5632924452531016,0.16454504170829454,bob,bob,bob,2,1,1,0,0,13.163172812114318,7.615468446119249,7.681211908208026,28.459853166441594
Daylight_Near_20260114_210700_T7,1736905001.16,29,Daylight,Near,4,4,1280,720,25.53429611705652,0,0,diana,1,1,0.7888136643409726,120.49204850948259,281.5050229417641,230.01028131209716,482.5146804706385,22014.222468821095,diana,0.835267069648317,alice,0.6723638433437704,0.16290322630454657,diana,diana,diana,2,1,1,0,0,10.6209400012773,5.763128214725913,6.226245352392648,22.61031356839586
Daylight_Near_20260114_210700_T7,1736905001.16,29,Daylight,Near,4,4,1280,720,25.53429611705652,0,1,chen,2,1,0.8890941113351856,445.0551997645729,178.75540000831123,547.5981716670303,392.34413581744093,21902.023734756996,chen,0.8889693397057693,alice,0.7650255089679585,0.12394383073781079,chen,chen,chen,1,1,1,0,0,10.6209400012773,5.763128214725913,6.226245352392648,22.61031356839586
Daylight_Near_20260114_210700_T7,1736905001.16,29,Daylight,Near,4,4,1280,720,25.53429611705652,0,2,alice,3,1,0.8684082043389573,755.5107868394886,241.45696302186514,854.3037622716209,416.92614858657794,17335.12293859095,alice,0.7632808368236162,diana,0.732941445639054,0.030339391184562303,unknown,unknown,unknown,0,0,0,0,0,10.6209400012773,5.763128214725913,6.226245352392648,22.61031356839586
Daylight_Near_20260114_210700_T7,1736905001.16,29,Daylight,Near,4,4,1280,720,25.53429611705652,0,3,bob,4,1,0.737250853835787,1093.1512392427237,200.67962231780018,1182.534935701474,386.0632104298521,16570.270368241654,bob,0.9111022714469154,diana,0.8487462639511577,0.06235600749575765,bob,bob,bob,2,1,1,0,0,10.6209400012773,5.763128214725913,6.226245352392648,22.61031356839586
Daylight_Near_20260114_210700_T7,1736905001.2,30,Daylight,Near,4,4,1280,720,24.925845385759395,0,0,diana,1,1,0.7903600191790107,72.98788403357202,190.31829981101072,180.29845051414742,338.5090134190535,15902.429424439782,diana,0.9644909122071009,alice,0.8951497417821137,0.06934117042498722,diana,diana,diana,2,1,1,0,0,12.750183018203074,6.344514840503724,9.314790860234684,28.409488718941482
Daylight_Near_20260114_210700_T7,1736905001.2,30,Daylight,Near,4,4,1280,720,24.925845385759395,0,1,chen,2,1,0.7175657108933171,434.17344264511513,285.74704096076437,519.6572686674967,422.562377329259,11695.498411318014,chen,0.8347420166604304,diana,0.7400444626659692,0.09469755399446111,chen,chen,chen,1,1,1,0,0,12.750183018203074,6.344514840503724,9.314790860234684,28.409488718941482
Daylight_Near_20260114_210700_T7,1736905001.2,30,Daylight,Near,4,4,1280,720,24.925845385759395,0,2,alice,3,1,0.7068069662523241,721.9739751906129,173.35494493770622,839.5445003720554,328.56539600779934,18248.174245959424,alice,0.751800089343838,chen,0.6710351541972464,0.08076493514659167,alice,alice,alice,2,1,1,0,0,12.750183018203074,6.344514840503724,9.314790860234684,28.409488718941482
Daylight_Near_20260114_210700_T7,1736905001.2,30,Daylight,Near,4,4,1280,720,24.925845385759395,0,3,bob,4,1,0.7892129942509346,1051.8435366104766,283.2675725379071,1136.6605452677602,432.2281581705404,12634.391281197097,bob,0.8866270368680517,chen,0.7615882598256599,0.12503877704239175,bob,bob,bob,2,1,1,0,0,12.750183018203074,6.344514840503724,9.314790860234684,28.409488718941482
Daylight_Near_20260114_210700_T7,1736905001.24,31,Daylight,Near,4,4,1280,720,25.582909260624596,3,0,diana,1,1,0.8156972327756843,83.7573533030085,186.584827090202,196.18166168044726,369.5265971791956,20567.101975599522,diana,0.8085050050320541,chen,0.6375421200520268,0.17096288498002732,diana,diana,diana,2,1,1,0,0,18.735227649001324,12.663782486815702,12.336658651398626,43.73566878721565
Daylight_Near_20260114_210700_T7,1736905001.24,31,Daylight,Near,4,4,1280,720,25.582909260624596,3,1,chen,2,1,0.6670830178666769,432.88385642652634,254.0724521738718,536.571541071257,397.2177336685242,14842.40280599872,chen,0.8774387486753841,bob,0.773659122807515,0.10377962586786904,chen,chen,chen,1,1,1,0,0,18.735227649001324,12.663782486815702,12.336658651398626,43.73566878721565
Daylight_Near_20260114_210700_T7,1736905001.24,31,Daylight,Near,4,4,1280,720,25.582909260624596,3,2,alice,3,1,0.8623551178218044,750.5030041162325,298.69147727822184,862.2171603482365,431.7283365096169,14862.10047679118,alice,0.99,diana,0.84043549177671,0.14956450822329004,alice,alice,alice,3,1,1,0,0,18.735227649001324,12.663782486815702,12.336658651398626,43.73566878721565
Daylight_Near_20260114_210700_T7,1736905001.24,31,Daylight,Near,4,4,1280,720,25.582909260624596,3,3,bob,4,1,0.6946391848337108,1046.4235644277665,211.03577648499268,1151.3428888644157,424.52645334147803,22399.29758930544,diana,0.7819134987369688,bob,0.7238427136727915,0.05807078506417729,diana,diana,diana,2,0,0,1,0,18.735227649001324,12.663782486815702,12.336658651398626,43.73566878721565
Daylight_Near_20260114_210700_T7,1736905001.28,32,Daylight,Near,4,4,1280,720,26.90138212939486,0,0,diana,1,1,0.7458899848921243,114.23437865512375,210.8129316680148,210.4398161093514,384.1919083834388,16680.00030027371,diana,0.8091651121262271,bob,0.7382472566973691,0.07091785542885798,diana,diana,diana,3,1,1,0,0,11.685660352652786,8.866391600397373,4.290895069488224,24.842947022538382
Daylight_Near_20260114_210700_T7,1736905001.28,32,Daylight,Near,4,4,1280,720,26.90138212939486,0,1,chen,-1,0,-1.0,-1.0,-1.0,-1.0,-1.0,0.0,unknown,-1.0,unknown,-1.0,-1.0,unknown,unknown,unknown,0,0,0,0,1,11.685660352652786,8.866391600397373,4.290895069488224,24.842947022538382
Daylight_Near_20260114_210700_T7,1736905001.28,32,Daylight,Near,4,4,1280,720,26.90138212939486,0,2,alice,3,1,0.7922561055442479,755.3490350662912,233.3767194278559,847.4475703612504,370.5190474395353,12630.607536816531,alice,0.8636903630094588,chen,0.7994819876086274,0.06420837540083135,alice,alice,alice,3,1,1,0,0,11.685660352652786,8.866391600397373,4.290895069488224,24.842947022538382
Daylight_Near_20260114_210700_T7,1736905001.28,32,Daylight,Near,4,4,1280,720,26.90138212939486,0,3,bob,4,1,0.7583699046975756,1090.1660568990997,261.92360973935234,1183.0691281236373,451.7601022851928,17636.393188002614,bob,0.7886400760151091,alice,0.6730677007066443,0.11557237530846476,bob,bob,bob,2,1,1,0,0,11.685660352652786,8.866391600397373,4.290895069488224,24.842947022538382
Daylight_Near_20260114_210700_T7,1736905001.32,33,Daylight,Near,4,4,1280,720,24.636964450780592,0,0,diana,1,1,0.6687328692133944,113.4556848239906,172.18112862153765,201.72906453075993,335.42578874688667,14410.15786834744,diana,0.8758927611936157,alice,0.7616681523095152,0.11422460888410046,diana,diana,diana,2,1,1,0,0,10.161477398974485,6.787515065859534,6.831846634452619,23.780839099286638
Daylight_Near_20260114_210700_T7,1736905001.32,33,Daylight,Near,4,4,1280,720,24.636964450780592,0,1,chen,2,1,0.830376826107578,419.07204651084623,274.22054726744943,513.2278139049314,477.35037089561547,19125.844424335144,chen,0.8262382485241702,alice,0.6615857732107164,0.16465247531345373,chen,chen,chen,2,1,1,0,0,10.161477398974485,6.787515065859534,6.831846634452619,23.780839099286638
Daylight_Near_20260114_210700_T7,1736905001.32,33,Daylight,Near,4,4,1280,720,24.636964450780592,0,2,alice,3,1,0.6957707120268597,772.8578285103364,230.69929496599445,869.2301116461073,371.52259905389406,13571.463333673822,alice,0.8521609620298806,diana,0.7172752009157629,0.13488576111411765,alice,alice,alice,1,1,1,0,0,10.161477398974485,6.787515065859534,6.831846634452619,23.780839099286638
Daylight_Near_20260114_210700_T7,1736905001.32,33,Daylight,Near,4,4,1280,720,24.636964450780592,0,3,bob,4,1,0.6776985489421017,1079.4301034427185,342.56215807697026,1171.5994475830908,482.4178587455974,12890.408204919582,bob,0.9020979894519734,alice,0.7310448278382798,0.17105316161369355,bob,bob,bob,2,1,1,0,0,10.161477398974485,6.787515065859534,6.831846634452619,23.780839099286638
Daylight_Near_20260114_210700_T7,1736905001.36,34,Daylight,Near,4,4,1280,720,25.98795051192438,0,0,diana,1,1,0.8534034843470569,93.0667455276913,130.0946569272153,194.40144391395012,328.43032954948046,20098.28556441301,diana,0.8046212309145694,chen,0.6967583630244218,0.10786286789014754,diana,diana,diana,1,1,1,0,0,12.061217555736478,8.734404368657026,9.587931511059834,30.38355343545334
Daylight_Near_20260114_210700_T7,1736905001.36,34,Daylight,Near,4,4,1280,720,25.98795051192438,0,1,chen,2,1,0.7127066592397828,418.87478162341233,177.02650765509156,532.0269182971192,336.32768565170875,18025.268664955733,chen,0.9070570565977775,alice,0.7626942873248861,0.14436276927289138,chen,chen,chen,3,1,1,0,0,12.061217555736478,8.734404368657026,9.587931511059834,30.38355343545334
Daylight_Near_20260114_210700_T7,1736905001.36,34,Daylight,Near,4,4,1280,720,25.98795051192438,0,2,alice,3,1,0.7933494906213955,770.2829672662043,220.33703503425096,866.0917073354484,435.2334245084999,20588.95232095736,alice,0.8882913472115834,chen,0.7249403385404901,0.1633510086710933,alice,alice,alice,3,1,1,0,0,12.061217555736478,8.734404368657026,9.587931511059834,30.38355343545334
Daylight_Near_20260114_210700_T7,1736905001.36,34,Daylight,Near,4,4,1280,720,25.98795051192438,0,3,bob,4,1,0.7452229632150464,1086.9661686895051,287.24918536633436,1196.5584728349327,468.82615313919575,19899.438277967918,bob,0.8560624806685099,diana,0.7307681898082721,0.1252942908602378,bob,bob,bob,1,1,1,0,0,12.061217555736478,8.734404368657026,9.587931511059834,30.38355343545334
Daylight_Near_20260114_210700_T7,1736905001.4,35,Daylight,Near,4,4,1280,720,23.833182185768834,2,0,diana,1,1,0.8046424664800214,119.81741991827903,276.375748514689,227.36811496756826,437.6412744781534,17344.219404859792,diana,0.919272086923488,bob,0.7585027257628949,0.16076936116059315,diana,diana,diana,2,1,1,0,0,13.235437182248296,9.457855349557986,8.217197489405288,30.91049002121157
Daylight_Near_20260114_210700_T7,1736905001.4,35,Daylight,Near,4,4,1280,720,23.833182185768834,2,1,chen,2,1,0.7679748374862125,443.5578017293574,157.95394036442633,532.7936119803951,337.11002447106694,15987.138326659135,chen,0.8556050885659894,alice,0.7129170757050071,0.14268801286098232,chen,chen,chen,3,1,1,0,0,13.235437182248296,9.457855349557986,8.217197489405288,30.91049002121157
Daylight_Near_20260114_210700_T7,1736905001.4,35,Daylight,Near,4,4,1280,720,23.833182185768834,2,2,alice,3,1,0.758677753674413,761.6220593321611,133.35629395543134,861.7136769637507,336.9368963378267,20376.711810867382,alice,0.8777241832065762,bob,0.730426168552797,0.14729801465377923,alice,alice,alice,2,1,1,0,0,13.235437182248296,9.457855349557986,8.217197489405288,30.91049002121157
Daylight_Near_20260114_210700_T7,1736905001.4,35,Daylight,Near,4,4,1280,720,23.833182185768834,2,3,bob,4,1,0.7889553192329559,1105.591251936162,303.6484489830022,1223.364824209498,469.7279466666293,19559.775723561987,bob,0.8389187585944914,diana,0.678665356675916,0.1602534019185754,bob,bob,bob,3,1,1,0,0,13.235437182248296,9.457855349557986,8.217197489405288,30.91049002121157
Daylight_Near_20260114_210700_T7,1736905001.44,36,Daylight,Near,4,4,1280,720,25.665681887580295,2,0,diana,1,1,0.8938063577111584,97.15578067754758,281.32194123913075,215.59182131863054,438.73012084973186,18642.80155760004,diana,0.8782865710225419,bob,0.7148399418535134,0.16344662916902852,diana,diana,diana,1,1,1,0,0,19.626620152312363,11.019011199626343,6.955293611377426,37.60092496331613
Daylight_Near_20260114_210700_T7,1736905001.44,36,Daylight,Near,4,4,1280,720,25.665681887580295,2,1,chen,2,1,0.8356538273052747,406.07580823006947,281.509912500914,508.5417250700375,444.7837968519811,16730.008256054996,chen,0.8585446400071185,diana,0.7913437108113589,0.0672009291957596,chen,chen,chen,3,1,1,0,0,19.626620152312363,11.019011199626343,6.955293611377426,37.60092496331613
Daylight_Near_20260114_210700_T7,1736905001.44,36,Daylight,Near,4,4,1280,720,25.665681887580295,2,2,alice,3,1,0.7876795987197315,741.9250630296152,237.91952790590233,869.6101966401264,452.779140689776,27434.378365811615,alice,0.8612370133552987,diana,0.7163300121835076,0.14490700117179112,alice,alice,alice,1,1,1,0,0,19.626620152312363,11.019011199626343,6.955293611377426,37.60092496331613
Daylight_Near_20260114_210700_T7,1736905001.44,36,Daylight,Near,4,4,1280,720,25.665681887580295,2,3,bob,4,1,0.7937192962581788,1060.7159865207598,225.572371394199,1157.8938516919627,397.0628865058759,16665.082155662676,bob,0.8576270297882731,alice,0.7271748403430792,0.13045218944519388,bob,bob,bob,1,1,1,0,0,19.626620152312363,11.019011199626343,6.955293611377426,37.60092496331613
Daylight_Near_20260114_210700_T7,1736905001.48,37,Daylight,Near,4,4,1280,720,25.908060262685687,0,0,diana,1,1,0.8635479083016768,106.35516623701884,246.7961620222033,205.4697742678646,399.82194047505214,15167.090049969158,diana,0.8064779324418613,alice,0.6978234807403068,0.10865445170155452,diana,diana,diana,1,1,1,0,0,11.992385471659444,6.840787045889552,3.294853774433589,22.128026291982586
Daylight_Near_20260114_210700_T7,1736905001.48,37,Daylight,Near,4,4,1280,720,25.908060262685687,0,1,chen,2,1,0.75611922645245,419.0195372539739,192.7084256473711,532.9578109236855,391.00749794841363,22593.85396828612,chen,0.8532950595328722,alice,0.7671477623432486,0.08614729718962366,chen,chen,chen,2,1,1,0,0,11.992385471659444,6.840787045889552,3.294853774433589,22.128026291982586
Daylight_Near_20260114_210700_T7,1736905001.48,37,Daylight,Near,4,4,1280,720,25.908060262685687,0,2,alice,3,1,0.7892783067818754,760.5980864298687,279.1491164976757,844.7132710564925,435.6592034964471,13164.874863830622,alice,0.9115386807286442,chen,0.8323470999292302,0.07919158079941402,alice,alice,alice,2,1,1,0,0,11.992385471659444,6.840787045889552,3.294853774433589,22.128026291982586
Daylight_Near_20260114_210700_T7,1736905001.48,37,Daylight,Near,4,4,1280,720,25.908060262685687,0,3,bob,4,1,0.7996016951838527,1072.1728150553288,251.6685039616134,1175.9283379136225,425.6906745277695,18055.761296026696,bob,0.8917762662221052,alice,0.7201803191452948,0.17159594707681036,bob,bob,bob,3,1,1,0,0,11.992385471659444,6.840787045889552,3.294853774433589,22.128026291982586
Daylight_Near_20260114_210700_T7,1736905001.52,38,Daylight,Near,4,4,1280,720,25.541439143430736,1,0,diana,1,1,0.9217141823826704,112.73872064947534,195.1848400574687,231.71466620201016,407.4405018468045,25253.318060265265,diana,0.7536164184885061,alice,0.6396880960054958,0.11392832248301032,diana,diana,diana,2,1,1,0,0,9.945409142816223,6.1057676117260495,4.538958309400336,20.590135063942608
Daylight_Near_20260114_210700_T7,1736905001.52,38,Daylight,Near,4,4,1280,720,25.541439143430736,1,1,chen,2,1,0.8194130144191315,424.23556592544173,257.803765786315,535.5615820962942,408.66991779281216,16795.327677909583,chen,0.8243808448060791,bob,0.7584232200624001,0.06595762474367894,chen,chen,chen,3,1,1,0,0,9.945409142816223,6.1057676117260495,4.538958309400336,20.590135063942608
Daylight_Near_20260114_210700_T7,1736905001.52,38,Daylight,Near,4,4,1280,720,25.541439143430736,1,2,alice,-1,0,-1.0,-1.0,-1.0,-1.0,-1.0,0.0,unknown,-1.0,unknown,-1.0,-1.0,unknown,unknown,unknown,0,0,0,0,1,9.945409142816223,6.1057676117260495,4.538958309400336,20.590135063942608
Daylight_Near_20260114_210700_T7,1736905001.52,38,Daylight,Near,4,4,1280,720,25.541439143430736,1,3,bob,4,1,0.7324495781879012,1084.1765603836116,306.71679584746215,1189.3239562910157,478.15275204462563,18026.04435902755,bob,0.8376482124847824,alice,0.7593210954519707,0.0783271170328117,bob,bob,bob,3,1,1,0,0,9.945409142816223,6.1057676117260495,4.538958309400336,20.590135063942608
Daylight_Near_20260114_210700_T7,1736905001.56,39,Daylight,Near,4,4,1280,720,27.496168791442063,0,0,diana,1,1,0.7869551957764639,90.83330405520297,298.39455910155937,214.41153793742683,456.6425548385042,19556.007828573336,bob,0.6019020390471961,chen,0.5282962979630111,0.07360574108418494,unknown,unknown,unknown,0,0,0,0,0,14.460687753375343,10.052917168989786,10.384054816617411,34.89765973898254
Daylight_Near_20260114_210700_T7,1736905001.56,39,Daylight,Near,4,4,1280,720,27.496168791442063,0,1,chen,2,1,0.6516584949408186,405.6862513009132,234.3113767867345,511.456337813255,433.4449129235679,21062.37134470141,chen,0.8453248226523336,bob,0.6754936974486339,0.1698311252036997,chen,chen,chen,1,1,1,0,0,14.460687753375343,10.052917168989786,10.384054816617411,34.89765973898254
Daylight_Near_20260114_210700_T7,1736905001.56,39,Daylight,Near,4,4,1280,720,27.496168791442063,0,2,alice,3,1,0.8104850426905902,716.1007454346516,311.14852965545884,825.6422433996204,475.9663518993677,18054.391139921732,alice,0.8239746309170488,diana,0.7378947967686542,0.0860798341483946,alice,alice,alice,1,1,1,0,0,14.460687753375343,10.052917168989786,10.384054816617411,34.89765973898254
Daylight_Near_20260114_210700_T7,1736905001.56,39,Daylight,Near,4,4,1280,720,27.496168791442063,0,3,bob,4,1,0.7387418407720211,1079.4209620155445,125.53172636634204,1179.9005933700448,336.89818516639843,21238.023860935835,bob,0.8845549681073114,chen,0.7548715126431453,0.12968345546416604,bob,bob,bob,2,1,1,0,0,14.460687753375343,10.052917168989786,10.384054816617411,34.89765973898254
Daylight_Near_20260114_210700_T7,1736905001.6,40,Daylight,Near,4,4,1280,720,26.272439026373004,0,0,diana,1,1,0.7812490160740513,118.08540540130326,223.8810163307955,216.66247066069894,423.2021061981441,19648.4880834275,diana,0.8124203669939061,alice,0.748755943011966,0.06366442398194005,diana,diana,diana,2,1,1,0,0,12.269460565018752,8.191100949631682,7.2207248254812075,27.681286340131642
Daylight_Near_20260114_210700_T7,1736905001.6,40,Daylight,Near,4,4,1280,720,26.272439026373004,0,1,chen,2,1,0.8701474031300338,420.5987056100651,202.37179732337466,516.4570733202769,411.9886870759555,20093.53289617382,chen,0.8834041670578139,diana,0.7743113143434741,0.10909285271433977,chen,chen,chen,2,1,1,0,0,12.269460565018752,8.191100949631682,7.2207248254812075,27.681286340131642
Daylight_Near_20260114_210700_T7,1736905001.6,40,Daylight,Near,4,4,1280,720,26.272439026373004,0,2,alice,3,1,0.99,736.1087452859592,267.2060791624748,855.0348504400376,427.72883078058703,19090.34563855763,alice,0.8311041463169521,bob,0.7488808324482502,0.08222331386870185,alice,alice,alice,1,1,1,0,0,12.269460565018752,8.191100949631682,7.2207248254812075,27.681286340131642
Daylight_Near_20260114_210700_T7,1736905001.6,40,Daylight,Near,4,4,1280,720,26.272439026373004,0,3,bob,4,1,0.8974039252118339,1069.8604560692406,275.0877594870529,1156.1956250180542,423.55690475071566,12818.108740024272,bob,0.8064176221289826,chen,0.7336686747374153,0.07274894739156734,bob,bob,bob,2,1,1,0,0,12.269460565018752,8.191100949631682,7.2207248254812075,27.681286340131642
Daylight_Near_20260114_210700_T7,1736905001.64,41,Daylight,Near,4,4,1280,720,25.898548503812172,0,0,diana,1,1,0.8259275724191516,131.9773055406299,161.79698828789282,234.2186056409845,374.36433782826595,21733.162175894257,diana,0.8238326617126702,chen,0.664008065140145,0.15982459657252523,diana,diana,diana,2,1,1,0,0,8.563074047868826,3.9489175970526413,4.792070884221259,17.304062529142726
Daylight_Near_20260114_210700_T7,1736905001.64,41,Daylight,Near,4,4,1280,720,25.898548503812172,0,1,chen,2,1,0.68542324215915,426.53529683645957,278.1262064711184,522.666469068068,410.4716223465084,12722.519967580956,chen,0.800395461282248,alice,0.6652339401810932,0.13516152110115487,chen,chen,chen,3,1,1,0,0,8.563074047868826,3.9489175970526413,4.792070884221259,17.304062529142726
Daylight_Near_20260114_210700_T7,1736905001.64,41,Daylight,Near,4,4,1280,720,25.898548503812172,0,2,alice,3,1,0.8459911469422984,753.846984675237,298.07807318481014,868.6886889687565,453.3065842169409,17826.706761875303,alice,0.8269590628158783,diana,0.6734516257890544,0.1535074370268239,alice,alice,alice,2,1,1,0,0,8.563074047868826,3.9489175970526413,4.792070884221259,17.304062529142726
Daylight_Near_20260114_210700_T7,1736905001.64,41,Daylight,Near,4,4,1280,720,25.898548503812172,0,3,bob,4,1,0.9741981806143574,1070.1249445953267,299.77576395704006,1175.5415785292803,498.77702575749635,20978.043167613556,bob,0.855209745688656,chen,0.7273794922110801,0.12783025347757593,bob,bob,bob,1,1,1,0,0,8.563074047868826,3.9489175970526413,4.792070884221259,17.304062529142726
Daylight_Near_20260114_210700_T7,1736905001.68,42,Daylight,Near,4,4,1280,720,22.685178323971076,2,0,diana,1,1,0.7727961726113987,119.71166481533311,246.03214225569207,244.5175397679481,400.2301050461368,19244.81166197223,diana,0.7932881162807527,alice,0.7280477241359424,0.06524039214481026,diana,diana,diana,3,1,1,0,0,12.913636443090796,5.987375093379525,10.108390345292053,29.009401881762372
Daylight_Near_20260114_210700_T7,1736905001.68,42,Daylight,Near,4,4,1280,720,22.685178323971076,2,1,chen,2,1,0.795145475690753,437.3252745972685,260.89364526390875,539.5653222293769,447.28513245878025,19056.67452902318,chen,0.8131315441853572,bob,0.7011973152453466,0.1119342289400106,chen,chen,chen,2,1,1,0,0,12.913636443090796,5.987375093379525,10.108390345292053,29.009401881762372
Daylight_Near_20260114_210700_T7,1736905001.68,42,Daylight,Near,4,4,1280,720,22.685178323971076,2,2,alice,3,1,0.9243929393798704,755.0525949376696,216.86916117253077,878.0031049737325,416.7751234373908,24578.540019714495,alice,0.8753619582073163,bob,0.8112135264249625,0.06414843178235385,alice,alice,alice,2,1,1,0,0,12.913636443090796,5.987375093379525,10.108390345292053,29.009401881762372
Daylight_Near_20260114_210700_T7,1736905001.68,42,Daylight,Near,4,4,1280,720,22.685178323971076,2,3,bob,4,1,0.8804691899446506,1057.5068332352507,271.47659706503487,1159.4577728530649,450.0097780925886,18201.62555871641,bob,0.8936953763542221,chen,0.7233147294441316,0.17038064691009058,bob,bob,bob,1,1,1,0,0,12.913636443090796,5.987375093379525,10.108390345292053,29.009401881762372
Daylight_Near_20260114_210700_T7,1736905001.72,43,Daylight,Near,4,4,1280,720,21.30710304598497,2,0,diana,1,1,0.8239290912525485,94.48855404380552,245.97134990342454,212.57049782245107,418.4106971568998,20361.973307611202,alice,0.6286823979221166,bob,0.5702267872720845,0.05845561065003202,unknown,unknown,unknown,0,0,0,0,0,11.130060122060305,9.388975163007098,3.755093052720426,24.27412833778783
Daylight_Near_20260114_210700_T7,1736905001.72,43,Daylight,Near,4,4,1280,720,21.30710304598497,2,1,chen,2,1,0.6405999561788269,420.8328497878932,148.51533538575814,540.5232328084498,340.60225082703846,22990.956482404115,chen,0.9516318198527284,alice,0.8548831907910077,0.09674862906172066,chen,chen,chen,1,1,1,0,0,11.130060122060305,9.388975163007098,3.755093052720426,24.27412833778783
Daylight_Near_20260114_210700_T7,1736905001.72,43,Daylight,Near,4,4,1280,720,21.30710304598497,2,2,alice,3,1,0.9279881744554994,742.6719670360743,277.386683643027,853.1582760748837,413.30943182880117,15017.60276145771,alice,0.9277755247204312,bob,0.8487751255492493,0.07900039917118196,alice,alice,alice,2,1,1,0,0,11.130060122060305,9.388975163007098,3.755093052720426,24.27412833778783
Daylight_Near_20260114_210700_T7,1736905001.72,43,Daylight,Near,4,4,1280,720,21.30710304598497,2,3,bob,4,1,0.8114865049407963,1070.7840427008252,237.3002967847462,1188.1340374786898,395.81532267450035,18601.73746037572,bob,0.7875745600328938,diana,0.6541512495189147,0.13342331051397915,bob,bob,bob,1,1,1,0,0,11.130060122060305,9.388975163007098,3.755093052720426,24.27412833778783
Daylight_Near_20260114_210700_T7,1736905001.76,44,Daylight,Near,4,4,1280,720,24.048313240034524,0,0,diana,1,1,0.8701775096242418,115.33844072607648,196.7016538977009,201.6027749211222,349.1161705498837,13147.936800660256,diana,0.9356007052700609,alice,0.8341527594938604,0.10144794577620053,diana,diana,diana,2,1,1,0,0,15.608699441088891,15.386717678248013,9.615773005094917,40.61119012443182
Daylight_Near_20260114_210700_T7,1736905001.76,44,Daylight,Near,4,4,1280,720,24.048313240034524,0,1,chen,2,1,0.7520194215519053,434.7245893689755,313.029413197405,533.7080585921233,473.9217427564613,15925.680951149398,chen,0.8237080240866208,alice,0.7407390850132584,0.08296893907336245,chen,chen,chen,1,1,1,0,0,15.608699441088891,15.386717678248013,9.615773005094917,40.61119012443182
Daylight_Near_20260114_210700_T7,1736905001.76,44,Daylight,Near,4,4,1280,720,24.048313240034524,0,2,alice,3,1,0.7508671757183387,749.0166464226469,245.90918409958118,854.7899217070527,405.22415154704044,16851.26590874626,alice,0.8559233040021381,chen,0.7320553476585913,0.12386795634354686,alice,alice,alice,2,1,1,0,0,15.608699441088891,15.386717678248013,9.615773005094917,40.61119012443182
Daylight_Near_20260114_210700_T7,1736905001.76,44,Daylight,Near,4,4,1280,720,24.048313240034524,0,3,bob,4,1,0.759280537048109,1090.8924049182801,308.0040641744459,1196.091845420905,448.11938723035206,14740.053591325859,bob,0.8372270907840533,diana,0.7405719387718827,0.09665515201217068,bob,bob,bob,3,1,1,0,0,15.608699441088891,15.386717678248013,9.615773005094917,40.61119012443182
Daylight_Near_20260114_210700_T7,1736905001.8,45,Daylight,Near,4,4,1280,720,21.083800367448205,1,0,diana,1,1,0.6458604598169824,128.06095323767047,298.577659486111,241.78450933582454,455.9480503756595,17896.720476516002,diana,0.956543933789145,chen,0.8728967412444686,0.08364719254467645,diana,diana,diana,3,1,1,0,0,10.777472541031482,6.268712583186563,6.5213185961140105,23.567503720332056
Daylight_Near_20260114_210700_T7,1736905001.8,45,Daylight,Near,4,4,1280,720,21.083800367448205,1,1,chen,2,1,0.7128945823511788,411.9935856950043,238.89523590062998,531.8285293122667,441.2052770265274,24243.812371527958,chen,0.8587653284188733,alice,0.678887175567983,0.17987815285089037,chen,chen,chen,1,1,1,0,0,10.777472541031482,6.268712583186563,6.5213185961140105,23.567503720332056
Daylight_Near_20260114_210700_T7,1736905001.8,45,Daylight,Near,4,4,1280,720,21.083800367448205,1,2,alice,3,1,0.7233530295697626,748.9674935968899,138.82778521841198,837.5176147805391,346.1022831838097,18354.181913116026,bob,0.8862410548596861,alice,0.7944658995045434,0.09177515535514269,bob,bob,bob,1,0,0,1,0,10.777472541031482,6.268712583186563,6.5213185961140105,23.567503720332056
Daylight_Near_20260114_210700_T7,1736905001.8,45,Daylight,Near,4,4,1280,720,21.083800367448205,1,3,bob,4,1,0.7730517140181884,1055.4420455550735,207.21340925210035,1158.5869808045718,378.488971233286,17666.206750370828,bob,0.8713844505579603,chen,0.7252003707966752,0.1461840797612851,bob,bob,bob,3,1,1,0,0,10.777472541031482,6.268712583186563,6.5213185961140105,23.567503720332056
Daylight_Near_20260114_210700_T7,1736905001.84,46,Daylight,Near,4,4,1280,720,25.573511619152836,1,0,diana,1,1,0.805015738350373,106.67852786120442,336.9372717893298,203.27654009368467,543.2693394623875,19931.26759703497,diana,0.8212191301052978,alice,0.6954962008142496,0.12572292929104822,diana,diana,diana,1,1,1,0,0,12.296960627060125,9.345738191727849,12.40913735020512,34.05183616899309
Daylight_Near_20260114_210700_T7,1736905001.84,46,Daylight,Near,4,4,1280,720,25.573511619152836,1,1,chen,2,1,0.8899306649050434,400.16439370023136,237.1967777460024,521.5580935697526,399.51211462384543,19704.059289169112,chen,0.7786079849842998,bob,0.6354292620666587,0.1431787229176411,chen,chen,chen,2,1,1,0,0,12.296960627060125,9.345738191727849,12.40913735020512,34.05183616899309
Daylight_Near_20260114_210700_T7,1736905001.84,46,Daylight,Near,4,4,1280,720,25.573511619152836,1,2,alice,3,1,0.8142379974802846,768.9635297150625,318.95767341470804,884.7982116166548,450.84661602910927,15277.313714076538,alice,0.8860448880367638,diana,0.7159096057417486,0.1701352822950153,alice,alice,alice,1,1,1,0,0,12.296960627060125,9.345738191727849,12.40913735020512,34.05183616899309
Daylight_Near_20260114_210700_T7,1736905001.84,46,Daylight,Near,4,4,1280,720,25.573511619152836,1,3,bob,4,1,0.8370341087913536,1026.7868443404252,187.08738955509202,1152.0935239168577,351.61743406400547,20616.713567974602,bob,0.8773711357932312,chen,0.7891544637260588,0.08821667206717243,bob,bob,bob,2,1,1,0,0,12.296960627060125,9.345738191727849,12.40913735020512,34.05183616899309
Daylight_Near_20260114_210700_T7,1736905001.88,47,Daylight,Near,4,4,1280,720,27.799267863414475,0,0,diana,1,1,0.8189577128411649,114.58425490023475,251.92307253642116,194.9985602841987,436.7772649311114,14864.921478732647,diana,0.9890709078083141,alice,0.8360840506797909,0.15298685712852322,diana,diana,diana,2,1,1,0,0,14.920705055726168,8.156314021020329,5.9161692072681,28.993188284014597
Daylight_Near_20260114_210700_T7,1736905001.88,47,Daylight,Near,4,4,1280,720,27.799267863414475,0,1,chen,2,1,0.6759397340837933,430.6377461066911,290.5394226870121,528.7139916703469,429.96177124724886,13674.02049445539,chen,0.7755689407892621,alice,0.6291911213446477,0.14637781944461437,chen,chen,chen,1,1,1,0,0,14.920705055726168,8.156314021020329,5.9161692072681,28.993188284014597
Daylight_Near_20260114_210700_T7,1736905001.88,47,Daylight,Near,4,4,1280,720,27.799267863414475,0,2,alice,3,1,0.8481656067047413,754.6530124509993,333.4611971243685,874.6127639926904,480.64412561685754,17656.02753313747,alice,0.8730398028283817,chen,0.7426437071531748,0.13039609567520682,alice,alice,alice,2,1,1,0,0,14.920705055726168,8.156314021020329,5.9161692072681,28.993188284014597
Daylight_Near_20260114_210700_T7,1736905001.88,47,Daylight,Near,4,4,1280,720,27.799267863414475,0,3,bob,4,1,0.7057839786859929,1085.6019871290544,255.01374243548577,1174.02117275067,408.4630268768422,13567.860764524405,bob,0.7965227449087862,alice,0.6733108413074461,0.12321190360134004,bob,bob,bob,2,1,1,0,0,14.920705055726168,8.156314021020329,5.9161692072681,28.993188284014597
Daylight_Near_20260114_210700_T7,1736905001.92,48,Daylight,Near,4,4,1280,720,24.481868510482432,1,0,diana,1,1,0.9018409479214919,128.61224170742918,271.60260950040725,214.01045856546273,464.219891456099,16449.172415057157,diana,0.8764231373166113,alice,0.8052900696648375,0.07113306765177374,diana,diana,diana,1,1,1,0,0,13.28789406251063,9.11091651287843,4.442172945097006,26.840983520486066
Daylight_Near_20260114_210700_T7,1736905001.92,48,Daylight,Near,4,4,1280,720,24.481868510482432,1,1,chen,2,1,0.7757245013651027,430.7899264899281,142.73222150350958,518.0179397027104,320.45298374039714,15502.228996584958,chen,0.8062775471208602,diana,0.7086294992085383,0.09764804791232184,chen,chen,chen,3,1,1,0,0,13.28789406251063,9.11091651287843,4.442172945097006,26.840983520486066
Daylight_Near_20260114_210700_T7,1736905001.92,48,Daylight,Near,4,4,1280,720,24.481868510482432,1,2,alice,3,1,0.7168105010593389,750.3173143408852,192.0430475759155,835.8974435766537,379.88689384316217,16075.700639694798,alice,0.7846205789790166,diana,0.6684993253586726,0.11612125362034398,alice,alice,alice,2,1,1,0,0,13.28789406251063,9.11091651287843,4.442172945097006,26.840983520486066
Daylight_Near_20260114_210700_T7,1736905001.92,48,Daylight,Near,4,4,1280,720,24.481868510482432,1,3,bob,4,1,0.6910326004357955,1041.7740960565861,156.8823514074064,1153.5358916725972,339.5940826475518,20420.19116350868,bob,0.8044326688179059,alice,0.7060243944776278,0.0984082743402781,bob,bob,bob,1,1,1,0,0,13.28789406251063,9.11091651287843,4.442172945097006,26.840983520486066
Daylight_Near_20260114_210700_T7,1736905001.96,49,Daylight,Near,4,4,1280,720,23.35346248110236,2,0,diana,1,1,0.7351662173229623,122.7378910392222,113.11482915908962,203.52254347967923,312.95482034753456,16144.004231862518,diana,0.8387188702345499,bob,0.7247354779242715,0.11398339231027843,diana,diana,diana,2,1,1,0,0,6.931730466871846,3.829912626253281,7.412981338842155,18.17462443196728
Daylight_Near_20260114_210700_T7,1736905001.96,49,Daylight,Near,4,4,1280,720,23.35346248110236,2,1,chen,2,1,0.7568074244863529,422.73351186030783,221.51022311515214,512.1080069354573,434.102343258342,19000.313394753106,chen,0.8518380645082664,bob,0.74477170804522,0.10706635646304641,chen,chen,chen,2,1,1,0,0,6.931730466871846,3.829912626253281,7.412981338842155,18.17462443196728
Daylight_Near_20260114_210700_T7,1736905001.96,49,Daylight,Near,4,4,1280,720,23.35346248110236,2,2,alice,3,1,0.8211273567321377,737.9174657649986,243.84440019093591,820.6527912565272,404.59076383933956,13299.40271803029,alice,0.8933721959603202,diana,0.7555442231324817,0.13782797282783854,alice,alice,alice,2,1,1,0,0,6.931730466871846,3.829912626253281,7.412981338842155,18.17462443196728
Daylight_Near_20260114_210700_T7,1736905001.96,49,Daylight,Near,4,4,1280,720,23.35346248110236,2,3,bob,4,1,0.6650913479385367,1076.8946951045339,153.78895223028684,1188.0756161491506,345.3678064835564,21299.913468550905,bob,0.8558347386794576,diana,0.7407013457510047,0.11513339292845293,bob,bob,bob,2,1,1,0,0,6.931730466871846,3.829912626253281,7.412981338842155,18.17462443196728
Daylight_Near_20260114_210700_T7,1736905002.0,50,Daylight,Near,4,4,1280,720,27.96652694369183,1,0,diana,1,1,0.7712677783021187,111.89716721149762,318.2872759488875,209.09093461615652,448.2463628208024,12631.213261550758,bob,0.7935901785961814,diana,0.727233230186523,0.06635694840965844,bob,bob,bob,2,0,0,1,0,16.29788997681885,9.491433685766806,9.949851057049594,35.73917471963525
Daylight_Near_20260114_210700_T7,1736905002.0,50,Daylight,Near,4,4,1280,720,27.96652694369183,1,1,chen,2,1,0.9176119246334371,443.956930663408,289.51398175846987,560.5696191141568,442.55732500460124,17846.79570542213,chen,0.8301219965815454,alice,0.7385050402011735,0.09161695638037193,chen,chen,chen,2,1,1,0,0,16.29788997681885,9.491433685766806,9.949851057049594,35.73917471963525
Daylight_Near_20260114_210700_T7,1736905002.0,50,Daylight,Near,4,4,1280,720,27.96652694369183,1,2,alice,3,1,0.7310637200370892,750.0831419203073,270.355398639112,871.8161837087462,472.7731748636165,24640.93161186047,alice,0.8974751107948841,chen,0.7273663385468278,0.17010877224805632,alice,alice,alice,2,1,1,0,0,16.29788997681885,9.491433685766806,9.949851057049594,35.73917471963525
Daylight_Near_20260114_210700_T7,1736905002.0,50,Daylight,Near,4,4,1280,720,27.96652694369183,1,3,bob,4,1,0.7028232019577785,1033.3412742724374,180.3523025822655,1142.9656708106284,370.4071198544179,20834.64465263585,bob,0.8277699148086913,chen,0.6973528599386631,0.1304170548700282,bob,bob,bob,2,1,1,0,0,16.29788997681885,9.491433685766806,9.949851057049594,35.73917471963525
Daylight_Near_20260114_210700_T7,1736905002.04,51,Daylight,Near,4,4,1280,720,25.679070750031947,2,0,diana,1,1,0.7382757105007833,108.75269256452421,158.91938646353623,206.1690948723385,306.9939317643105,14424.889476566897,diana,0.9167233236857756,chen,0.7827550845907132,0.1339682390950624,diana,diana,diana,2,1,1,0,0,12.073311102205905,8.667516112985933,4.113009531294546,24.853836746486383
Daylight_Near_20260114_210700_T7,1736905002.04,51,Daylight,Near,4,4,1280,720,25.679070750031947,2,1,chen,2,1,0.7842501546925663,382.05384863997324,187.38821314768387,507.1943262083996,351.512539453335,20538.59657448543,chen,0.8251918319331271,bob,0.6920871004371617,0.13310473149596536,chen,chen,chen,2,1,1,0,0,12.073311102205905,8.667516112985933,4.113009531294546,24.853836746486383
Daylight_Near_20260114_210700_T7,1736905002.04,51,Daylight,Near,4,4,1280,720,25.679070750031947,2,2,alice,3,1,0.7553442726867462,756.2541633865036,235.3438620658286,841.7004209492187,406.28737852967765,14606.483736446278,alice,0.9474948704454016,chen,0.7782139154032603,0.16928095504214125,alice,alice,alice,1,1,1,0,0,12.073311102205905,8.667516112985933,4.113009531294546,24.853836746486383
Daylight_Near_20260114_210700_T7,1736905002.04,51,Daylight,Near,4,4,1280,720,25.679070750031947,2,3,bob,4,1,0.5738900143726964,1056.941949387149,178.6787755174377,1183.8468903054957,380.0979186666264,25561.08446117181,bob,0.8677519425260581,alice,0.7498840399634705,0.11786790256258761,bob,bob,bob,1,1,1,0,0,12.073311102205905,8.667516112985933,4.113009531294546,24.853836746486383
Daylight_Near_20260114_210700_T7,1736905002.08,52,Daylight,Near,4,4,1280,720,23.87359584541835,4,0,diana,1,1,0.7630057151238386,87.70472044984652,215.09682838594705,185.3972566205919,398.4538905014744,17912.616422882762,diana,0.7603861091180945,bob,0.6694535607330996,0.09093254838499487,diana,diana,diana,2,1,1,0,0,14.197065765464929,9.16570107333683,13.174283812326959,36.537050651128716
Daylight_Near_20260114_210700_T7,1736905002.08,52,Daylight,Near,4,4,1280,720,23.87359584541835,4,1,chen,2,1,0.5199066648435544,441.6595614431332,193.00699081169523,526.7735883089449,374.04630396596747,15408.984963580824,chen,0.877945473090397,diana,0.7969531002500547,0.08099237284034233,chen,chen,chen,2,1,1,0,0,14.197065765464929,9.16570107333683,13.174283812326959,36.537050651128716
Daylight_Near_20260114_210700_T7,1736905002.08,52,Daylight,Near,4,4,1280,720,23.87359584541835,4,2,alice,3,1,0.8524789587362297,751.5309398911562,251.1380497458631,850.4551776155009,388.42390241635746,13580.89832576535,alice,0.8808563552175099,bob,0.7982187933421322,0.08263756187537774,alice,alice,alice,2,1,1,0,0,14.197065765464929,9.16570107333683,13.174283812326959,36.537050651128716
Daylight_Near_20260114_210700_T7,1736905002.08,52,Daylight,Near,4,4,1280,720,23.87359584541835,4,3,bob,4,1,0.7450494596622063,1088.913123326251,252.23848490244382,1190.1463102827843,392.96450039623744,14246.143036131205,bob,0.8429129376765695,alice,0.7778601227593527,0.06505281491721682,bob,bob,bob,1,1,1,0,0,14.197065765464929,9.16570107333683,13.174283812326959,36.537050651128716
Daylight_Near_20260114_210700_T7,1736905002.12,53,Daylight,Near,4,4,1280,720,23.58623306805921,2,0,diana,1,1,0.9110909314371523,135.7233332534531,157.05457812440252,224.7047948603483,293.1915245906,12113.6644752619,diana,0.8708049654814459,alice,0.7603392884904738,0.1104656769909721,diana,diana,diana,1,1,1,0,0,8.563942165897595,3.9075801510532,5.625184176317072,18.096706493267867
Daylight_Near_20260114_210700_T7,1736905002.12,53,Daylight,Near,4,4,1280,720,23.58623306805921,2,1,chen,2,1,0.7986038911684642,390.6722464201098,225.69405106947266,484.23071144530763,426.122388842793,18751.76762962373,chen,0.7306454283060436,bob,0.6576216401798829,0.07302378812616073,unknown,unknown,unknown,0,0,0,0,0,8.563942165897595,3.9075801510532,5.625184176317072,18.096706493267867
Daylight_Near_20260114_210700_T7,1736905002.12,53,Daylight,Near,4,4,1280,720,23.58623306805921,2,2,alice,3,1,0.7996027442330574,742.9485522280268,298.7887232650977,843.8103646049394,453.6304081636365,15617.612970361452,alice,0.8107814488355501,chen,0.643402202904928,0.16737924593062214,alice,alice,alice,1,1,1,0,0,8.563942165897595,3.9075801510532,5.625184176317072,18.096706493267867
Daylight_Near_20260114_210700_T7,1736905002.12,53,Daylight,Near,4,4,1280,720,23.58623306805921,2,3,bob,4,1,0.6533152533313349,1082.1655761986988,274.4897298586157,1164.493120120402,485.4768782178414,17370.053723459056,bob,0.7921788140599914,alice,0.6610067218081268,0.13117209225186455,bob,bob,bob,2,1,1,0,0,8.563942165897595,3.9075801510532,5.625184176317072,18.096706493267867
Daylight_Near_20260114_210700_T7,1736905002.16,54,Daylight,Near,4,4,1280,720,24.707133677607708,3,0,diana,1,1,0.7454550779140947,114.81094240101709,189.71073836016848,223.51455534566333,362.95991044042177,18832.810944792265,diana,0.9617019600196354,chen,0.8754272600813429,0.08627469993829251,diana,diana,diana,1,1,1,0,0,9.83042404429518,5.362391963640496,6.219426713358349,21.412242721294025
Daylight_Near_20260114_210700_T7,1736905002.16,54,Daylight,Near,4,4,1280,720,24.707133677607708,3,1,chen,2,1,0.8448373369970094,437.8304381979643,291.20398967726254,526.1235031573761,457.1509623739393,14651.966840125422,chen,0.8312187354255055,alice,0.6692373101486371,0.16198142527686843,chen,chen,chen,1,1,1,0,0,9.83042404429518,5.362391963640496,6.219426713358349,21.412242721294025
Daylight_Near_20260114_210700_T7,1736905002.16,54,Daylight,Near,4,4,1280,720,24.707133677607708,3,2,alice,3,1,0.8107551976993455,734.4708474917189,220.3387562161112,859.4343260004783,419.7602241033027,24920.400316506308,alice,0.8821451317925512,bob,0.8119373735589754,0.07020775823357572,alice,alice,alice,3,1,1,0,0,9.83042404429518,5.362391963640496,6.219426713358349,21.412242721294025
Daylight_Near_20260114_210700_T7,1736905002.16,54,Daylight,Near,4,4,1280,720,24.707133677607708,3,3,bob,4,1,0.8275513313240261,1064.2323096615503,230.49423765222775,1153.3979553287138,438.04067693856825,18506.012264887304,bob,0.8296714058858278,diana,0.6891297769686598,0.14054162891716793,bob,bob,bob,3,1,1,0,0,9.83042404429518,5.362391963640496,6.219426713358349,21.412242721294025
Daylight_Near_20260114_210700_T7,1736905002.2,55,Daylight,Near,4,4,1280,720,26.04255179866687,0,0,diana,1,1,0.7668254937524713,114.31722789358538,209.17811189961594,212.3245650445965,415.63491181402173,20234.281196330016,diana,0.8790460601844996,chen,0.7814096773947175,0.09763638278978215,diana,diana,diana,2,1,1,0,0,8.359896828282041,7.468231830920004,5.522645848234427,21.350774507436473
Daylight_Near_20260114_210700_T7,1736905002.2,55,Daylight,Near,4,4,1280,720,26.04255179866687,0,1,chen,2,1,0.846698982610113,426.57617390662324,296.4547990107859,549.4509527364856,450.54828303126294,18934.202768139054,chen,0.9467818251325957,diana,0.8095818581261198,0.13719996700647585,chen,chen,chen,2,1,1,0,0,8.359896828282041,7.468231830920004,5.522645848234427,21.350774507436473
Daylight_Near_20260114_210700_T7,1736905002.2,55,Daylight,Near,4,4,1280,720,26.04255179866687,0,2,alice,3,1,0.6651950426304792,757.1667114703778,228.1307906520674,880.2671641066356,409.7571329723012,22358.284950288693,alice,0.8758180329762676,diana,0.7078449521751948,0.16797308080107276,alice,alice,alice,2,1,1,0,0,8.359896828282041,7.468231830920004,5.522645848234427,21.350774507436473
Daylight_Near_20260114_210700_T7,1736905002.2,55,Daylight,Near,4,4,1280,720,26.04255179866687,0,3,bob,4,1,0.8986982326962019,1075.3643312036495,192.32552450587272,1160.3113970078314,395.83409753016144,17287.456144409407,bob,0.8115618479363218,alice,0.6861610731980179,0.1254007747383039,bob,bob,bob,1,1,1,0,0,8.359896828282041,7.468231830920004,5.522645848234427,21.350774507436473
Daylight_Near_20260114_210700_T7,1736905002.24,56,Daylight,Near,4,4,1280,720,27.387933219218507,0,0,diana,1,1,0.8950644740322424,97.20900554913328,220.1048090247633,197.2593322906871,403.52512528220836,18351.26257259651,diana,0.8319357318244319,alice,0.7234939193260196,0.10844181249841234,diana,diana,diana,2,1,1,0,0,15.664227283909156,12.698932935857423,6.191602051464939,34.55476227123152
Daylight_Near_20260114_210700_T7,1736905002.24,56,Daylight,Near,4,4,1280,720,27.387933219218507,0,1,chen,2,1,0.8434173373436001,387.3405388871752,246.87658486493126,495.11739791308327,397.6830881761133,16253.4512475594,chen,0.8197453056117059,bob,0.7030966818957791,0.11664862371592677,chen,chen,chen,2,1,1,0,0,15.664227283909156,12.698932935857423,6.191602051464939,34.55476227123152
Daylight_Near_20260114_210700_T7,1736905002.24,56,Daylight,Near,4,4,1280,720,27.387933219218507,0,2,alice,3,1,0.7721470844631091,781.0569923879775,170.99654075857245,886.4080334911209,370.9187139520501,21062.00908553582,alice,0.7235378443888475,chen,0.6284929634993118,0.09504488088953567,alice,alice,alice,3,1,1,0,0,15.664227283909156,12.698932935857423,6.191602051464939,34.55476227123152
Daylight_Near_20260114_210700_T7,1736905002.24,56,Daylight,Near,4,4,1280,720,27.387933219218507,0,3,bob,4,1,0.8636117439475494,1057.3567505062745,198.54261483640295,1160.389256736168,329.369894322779,13479.462488720048,bob,0.9120149300593889,alice,0.8367920381267964,0.07522289193259257,bob,bob,bob,2,1,1,0,0,15.664227283909156,12.698932935857423,6.191602051464939,34.55476227123152
Daylight_Near_20260114_210700_T7,1736905002.28,57,Daylight,Near,4,4,1280,720,25.7564588437115,0,0,diana,1,1,0.8426579461102942,98.69294027162836,206.38888821154939,211.29070511944053,381.0769658854446,19669.487091641604,diana,0.8473301715714845,alice,0.7057626939057676,0.14156747766571687,diana,diana,diana,2,1,1,0,0,15.310040288253663,7.495124694712045,9.000129446098976,31.805294429064684
Daylight_Near_20260114_210700_T7,1736905002.28,57,Daylight,Near,4,4,1280,720,25.7564588437115,0,1,chen,2,1,0.847229015230289,457.47412771318375,266.2776829686412,538.5439950649832,420.7381567355749,12522.090119381406,chen,0.8397156539089867,alice,0.7624957459701501,0.0772199079388366,chen,chen,chen,2,1,1,0,0,15.310040288253663,7.495124694712045,9.000129446098976,31.805294429064684
Daylight_Near_20260114_210700_T7,1736905002.28,57,Daylight,Near,4,4,1280,720,25.7564588437115,0,2,alice,3,1,0.9316295893525866,771.4406905663585,224.33718452165198,868.7380694032294,395.160031838611,16620.61528939111,alice,0.8614423068950336,chen,0.7157752604830296,0.145667046412004,alice,alice,alice,1,1,1,0,0,15.310040288253663,7.495124694712045,9.000129446098976,31.805294429064684
Daylight_Near_20260114_210700_T7,1736905002.28,57,Daylight,Near,4,4,1280,720,25.7564588437115,0,3,bob,4,1,0.964762882182904,1100.3010604941728,227.47569977126014,1186.4432870113887,404.09593887436347,15214.460644344366,bob,0.982493558737503,chen,0.870872880758782,0.111620677978721,bob,bob,bob,2,1,1,0,0,15.310040288253663,7.495124694712045,9.000129446098976,31.805294429064684
Daylight_Near_20260114_210700_T7,1736905002.32,58,Daylight,Near,4,4,1280,720,25.601646668644996,4,0,diana,1,1,0.8417447588701449,101.34708622147423,245.8318571139029,208.20625466110363,456.80316532348166,22544.218559896344,diana,0.891952443479159,chen,0.7695189770722056,0.1224334664069534,diana,diana,diana,2,1,1,0,0,13.734001173741184,10.46318099711401,5.040805860234203,29.237988031089397
Daylight_Near_20260114_210700_T7,1736905002.32,58,Daylight,Near,4,4,1280,720,25.601646668644996,4,1,chen,2,1,0.6793975648894294,415.64104441592565,234.6074302132115,540.7154385228481,397.8488910203737,20417.32680358474,diana,0.7746302518422288,chen,0.6960303117794938,0.07859994006273496,unknown,unknown,unknown,0,0,0,0,0,13.734001173741184,10.46318099711401,5.040805860234203,29.237988031089397
Daylight_Near_20260114_210700_T7,1736905002.32,58,Daylight,Near,4,4,1280,720,25.601646668644996,4,2,alice,3,1,0.7903781540106092,718.6273327135018,231.88334528300337,827.5258970607151,389.41588343629405,17155.067242865964,alice,0.8356217666461648,bob,0.6871589743480968,0.14846279229806802,alice,alice,alice,2,1,1,0,0,13.734001173741184,10.46318099711401,5.040805860234203,29.237988031089397
Daylight_Near_20260114_210700_T7,1736905002.32,58,Daylight,Near,4,4,1280,720,25.601646668644996,4,3,bob,4,1,0.7111672886316479,1060.709041654048,199.35671709136744,1181.2597418745288,381.7214246568463,21984.193192521696,bob,0.903698462572339,diana,0.8372947472003212,0.06640371537201784,bob,bob,bob,2,1,1,0,0,13.734001173741184,10.46318099711401,5.040805860234203,29.237988031089397
Daylight_Near_20260114_210700_T7,1736905002.36,59,Daylight,Near,4,4,1280,720,20.361615631984876,1,0,diana,1,1,0.7030587899099291,85.1436855889212,217.47418288795848,187.72801535625,420.27896358706516,20804.59250162796,diana,0.8848477014854221,chen,0.7135583575691911,0.17128934391623107,diana,diana,diana,3,1,1,0,0,9.774194615356137,5.832389746185117,3.091404200722523,18.697988562263777
Daylight_Near_20260114_210700_T7,1736905002.36,59,Daylight,Near,4,4,1280,720,20.361615631984876,1,1,chen,2,1,0.7657678989958145,443.27280328671,346.4642538757399,534.7626875845464,485.0236563442369,12676.783700220134,chen,0.836415611762492,alice,0.6632638041534629,0.17315180760902915,chen,chen,chen,2,1,1,0,0,9.774194615356137,5.832389746185117,3.091404200722523,18.697988562263777
Daylight_Near_20260114_210700_T7,1736905002.36,59,Daylight,Near,4,4,1280,720,20.361615631984876,1,2,alice,3,1,0.8407572702234468,741.5351660525733,241.75545244673913,829.6599809807088,443.21579327170593,17753.6552505593,alice,0.8504903857179158,diana,0.7072576058491277,0.14323277986878813,alice,alice,alice,2,1,1,0,0,9.774194615356137,5.832389746185117,3.091404200722523,18.697988562263777
Daylight_Near_20260114_210700_T7,1736905002.36,59,Daylight,Near,4,4,1280,720,20.361615631984876,1,3,bob,4,1,0.8242857201146633,1059.8700995616664,207.65564394396705,1159.225521932929,385.25952744875616,17645.908860394848,bob,0.7789431698304293,diana,0.6453262659325688,0.13361690389786052,bob,bob,bob,2,1,1,0,0,9.774194615356137,5.832389746185117,3.091404200722523,18.697988562263777
Daylight_Near_20260114_210700_T7,1736905002.4,60,Daylight,Near,4,4,1280,720,24.929488829011564,0,0,diana,1,1,0.7181792451291911,100.83819844484,216.03582129503306,228.21825899804244,407.3786271223761,24373.258192706613,diana,0.9172276687323703,chen,0.8053287335989178,0.1118989351334525,diana,diana,diana,3,1,1,0,0,11.919519019934098,7.901376052466427,8.36098261207948,28.181877684480003
Daylight_Near_20260114_210700_T7,1736905002.4,60,Daylight,Near,4,4,1280,720,24.929488829011564,0,1,chen,2,1,0.7878816926438469,400.16394036195857,190.23408419899505,508.4444174227474,405.30849280373747,23288.359567288535,chen,0.8377031973772955,bob,0.7213740568203554,0.1163291405569401,chen,chen,chen,3,1,1,0,0,11.919519019934098,7.901376052466427,8.36098261207948,28.181877684480003
Daylight_Near_20260114_210700_T7,1736905002.4,60,Daylight,Near,4,4,1280,720,24.929488829011564,0,2,alice,3,1,0.7415908954008672,764.7065085497884,240.97647667253693,861.5799035478219,448.23174468563445,20077.521443656096,alice,0.852793867115559,chen,0.7642260500611673,0.08856781705439176,alice,alice,alice,3,1,1,0,0,11.919519019934098,7.901376052466427,8.36098261207948,28.181877684480003
Daylight_Near_20260114_210700_T7,1736905002.4,60,Daylight,Near,4,4,1280,720,24.929488829011564,0,3,bob,4,1,0.8621726205793104,1050.770271322311,219.26258517727024,1176.9791040884768,403.085824591887,23200.116481814235,bob,0.90398678583246,alice,0.836228849750981,0.06775793608147895,bob,bob,bob,1,1,1,0,0,11.919519019934098,7.901376052466427,8.36098261207948,28.181877684480003
Daylight_Near_20260114_210700_T7,1736905002.44,61,Daylight,Near,4,4,1280,720,22.149560468978596,2,0,diana,-1,0,-1.0,-1.0,-1.0,-1.0,-1.0,0.0,unknown,-1.0,unknown,-1.0,-1.0,unknown,unknown,unknown,0,0,0,0,1,13.573939484638391,11.374448679438931,8.769284774922639,33.71767293899996
Daylight_Near_20260114_210700_T7,1736905002.44,61,Daylight,Near,4,4,1280,720,22.149560468978596,2,1,chen,2,1,0.99,448.67405132775866,265.9771431861492,539.4255113377085,419.2336276292016,13908.249719199166,chen,0.8621954768773669,bob,0.7251116269533846,0.13708384992398226,chen,chen,chen,2,1,1,0,0,13.573939484638391,11.374448679438931,8.769284774922639,33.71767293899996
Daylight_Near_20260114_210700_T7,1736905002.44,61,Daylight,Near,4,4,1280,720,22.149560468978596,2,2,alice,3,1,0.8893868148946377,749.1415192483393,241.48440872944207,861.7277978398362,383.4193884998398,15979.931174308476,alice,0.8598825574824394,bob,0.7792484075608931,0.08063414992154627,alice,alice,alice,2,1,1,0,0,13.573939484638391,11.374448679438931,8.769284774922639,33.71767293899996
Daylight_Near_20260114_210700_T7,1736905002.44,61,Daylight,Near,4,4,1280,720,22.149560468978596,2,3,bob,4,1,0.7407137066274502,1051.6306645615857,236.8226308927524,1132.030116325179,411.1036851772134,14012.101217251713,bob,0.9049715615581548,alice,0.8132549286580161,0.09171663290013876,bob,bob,bob,2,1,1,0,0,13.573939484638391,11.374448679438931,8.769284774922639,33.71767293899996
Daylight_Near_20260114_210700_T7,1736905002.48,62,Daylight,Near,4,4,1280,720,25.21896581192348,3,0,diana,1,1,0.6250839740818372,129.49426608039693,228.2605437387081,225.93926424527115,420.5735114240033,18547.623815489813,diana,0.8490408528632034,bob,0.7762216403620635,0.07281921250113987,diana,diana,diana,3,1,1,0,0,19.593158105957063,15.717536514586302,6.998955789454223,42.30965040999759
Daylight_Near_20260114_210700_T7,1736905002.48,62,Daylight,Near,4,4,1280,720,25.21896581192348,3,1,chen,2,1,0.8177417788634507,432.2910047221052,219.055737315134,516.6379683124078,372.8356549794777,12970.86911615413,chen,0.796785584855232,diana,0.7169868786758651,0.07979870617936691,chen,chen,chen,2,1,1,0,0,19.593158105957063,15.717536514586302,6.998955789454223,42.30965040999759
Daylight_Near_20260114_210700_T7,1736905002.48,62,Daylight,Near,4,4,1280,720,25.21896581192348,3,2,alice,3,1,0.6364113547179586,748.4188711860586,306.9394642143318,857.1125648301681,448.1189491644883,15345.319686005485,alice,0.7902978127501314,diana,0.6763081142530576,0.11398969849707385,alice,alice,alice,1,1,1,0,0,19.593158105957063,15.717536514586302,6.998955789454223,42.30965040999759
Daylight_Near_20260114_210700_T7,1736905002.48,62,Daylight,Near,4,4,1280,720,25.21896581192348,3,3,bob,4,1,0.7117988261906474,1049.6852660835739,223.95676400419944,1152.6016705236102,398.03538785680047,17915.546056779243,bob,0.6140724838439415,chen,0.54287273600604,0.0711997478379015,unknown,unknown,unknown,0,0,0,0,0,19.593158105957063,15.717536514586302,6.998955789454223,42.30965040999759
Daylight_Near_20260114_210700_T7,1736905002.52,63,Daylight,Near,4,4,1280,720,22.599903502700617,1,0,diana,1,1,0.8376400232133662,86.69259388291808,304.0257292504039,208.38866480571596,468.8831198532161,20062.496698947227,diana,0.8259826734846936,bob,0.6571598585227107,0.16882281496198281,diana,diana,diana,2,1,1,0,0,17.865731609204364,13.487640203971823,9.81879340021007,41.17216521338626
Daylight_Near_20260114_210700_T7,1736905002.52,63,Daylight,Near,4,4,1280,720,22.599903502700617,1,1,chen,2,1,0.7091286377329151,401.5756009268629,236.16661760123068,492.66381650445203,376.4606018416424,12779.128680729518,chen,0.8880777490749983,alice,0.7496288446258854,0.13844890444911284,chen,chen,chen,1,1,1,0,0,17.865731609204364,13.487640203971823,9.81879340021007,41.17216521338626
Daylight_Near_20260114_210700_T7,1736905002.52,63,Daylight,Near,4,4,1280,720,22.599903502700617,1,2,alice,3,1,0.732912357128145,789.3117240278467,256.52021947678196,886.070924332762,393.5032612715643,13254.369579397937,alice,0.8302006082071338,chen,0.7381226459946459,0.09207796221248787,alice,alice,alice,2,1,1,0,0,17.865731609204364,13.487640203971823,9.81879340021007,41.17216521338626
Daylight_Near_20260114_210700_T7,1736905002.52,63,Daylight,Near,4,4,1280,720,22.599903502700617,1,3,bob,4,1,0.8702281677392404,1107.0320304973702,222.54049059088584,1194.978109088332,356.1475412640691,11750.216178810399,bob,0.8912253202539087,chen,0.7236607299135935,0.16756459034031512,bob,bob,bob,2,1,1,0,0,17.865731609204364,13.487640203971823,9.81879340021007,41.17216521338626
Daylight_Near_20260114_210700_T7,1736905002.56,64,Daylight,Near,4,4,1280,720,24.680541603764027,1,0,diana,1,1,0.8648019574648329,109.48001893611689,206.56517786936254,206.97287309845365,342.5061024090726,13253.268730843176,diana,0.7166829209290057,alice,0.6411115052657259,0.07557141566327974,unknown,unknown,unknown,0,0,0,0,0,15.578811284596487,7.655519777309183,8.319676794723083,31.554007856628754
Daylight_Near_20260114_210700_T7,1736905002.56,64,Daylight,Near,4,4,1280,720,24.680541603764027,1,1,chen,2,1,0.8026949577926324,424.4346332218548,265.8483140571085,532.2084835997015,462.8599668646881,21232.704392376356,chen,0.8613238389456539,alice,0.6845636498490566,0.1767601890965973,chen,chen,chen,2,1,1,0,0,15.578811284596487,7.655519777309183,8.319676794723083,31.554007856628754
Daylight_Near_20260114_210700_T7,1736905002.56,64,Daylight,Near,4,4,1280,720,24.680541603764027,1,2,alice,3,1,0.9124239304229658,691.373861453457,306.22975562205806,814.6350890231442,499.1010152939608,23773.54823007064,alice,0.88047722381266,chen,0.7849366970968895,0.09554052671577051,alice,alice,alice,2,1,1,0,0,15.578811284596487,7.655519777309183,8.319676794723083,31.554007856628754
Daylight_Near_20260114_210700_T7,1736905002.56,64,Daylight,Near,4,4,1280,720,24.680541603764027,1,3,bob,4,1,0.8695514472567696,1076.179284852672,288.6879033438959,1165.5921300130472,447.27568873269905,14179.785099295856,bob,0.8859279674690325,alice,0.8053106740019921,0.08061729346704039,bob,bob,bob,2,1,1,0,0,15.578811284596487,7.655519777309183,8.319676794723083,31.554007856628754
Daylight_Near_20260114_210700_T7,1736905002.6,65,Daylight,Near,4,4,1280,720,28.099347347153003,2,0,diana,1,1,0.8383793583703568,96.49756623129721,248.54525257324048,199.13213749637103,404.84772844402875,16042.0375986679,diana,0.9066677571937715,chen,0.7562284379992495,0.15043931919452191,diana,diana,diana,2,1,1,0,0,11.488997281570725,8.919513898850882,4.084464915398366,24.492976095819973
Daylight_Near_20260114_210700_T7,1736905002.6,65,Daylight,Near,4,4,1280,720,28.099347347153003,2,1,chen,2,1,0.8318920932143102,390.6311699944166,287.69988398843753,513.1708816799111,422.7263726253855,16546.1069874763,chen,0.8856807899541084,bob,0.8163754492760077,0.06930534067810068,chen,chen,chen,2,1,1,0,0,11.488997281570725,8.919513898850882,4.084464915398366,24.492976095819973
Daylight_Near_20260114_210700_T7,1736905002.6,65,Daylight,Near,4,4,1280,720,28.099347347153003,2,2,alice,3,1,0.773349993932257,743.7038559933092,186.7066544168814,838.0917549729049,339.67277928629983,14438.151141474898,alice,0.7991314046815046,diana,0.7211801789210448,0.07795122576045976,alice,alice,alice,3,1,1,0,0,11.488997281570725,8.919513898850882,4.084464915398366,24.492976095819973
Daylight_Near_20260114_210700_T7,1736905002.6,65,Daylight,Near,4,4,1280,720,28.099347347153003,2,3,bob,4,1,0.684941090886841,1052.8990583445373,198.4550790449817,1163.9614790098628,387.8456947317972,21034.180229474117,bob,0.853924475065062,chen,0.7713618236418551,0.08256265142320685,bob,bob,bob,2,1,1,0,0,11.488997281570725,8.919513898850882,4.084464915398366,24.492976095819973
Daylight_Near_20260114_210700_T7,1736905002.64,66,Daylight,Near,4,4,1280,720,23.379082694479926,0,0,diana,1,1,0.7079124953128054,114.06289573696715,221.07556600528974,207.3851109707453,382.4516913557453,15059.977503548376,diana,0.8796761126770086,bob,0.810582901530597,0.06909321114641165,diana,diana,diana,2,1,1,0,0,13.441437261990437,8.145858648565602,8.678221249621204,30.265517160177243
Daylight_Near_20260114_210700_T7,1736905002.64,66,Daylight,Near,4,4,1280,720,23.379082694479926,0,1,chen,2,1,0.8530310466691411,418.09953934980774,196.625480792683,531.6001274363384,405.4523745766286,23701.9752527613,chen,0.8668898117862579,bob,0.7032557574975496,0.16363405428870825,chen,chen,chen,3,1,1,0,0,13.441437261990437,8.145858648565602,8.678221249621204,30.265517160177243
Daylight_Near_20260114_210700_T7,1736905002.64,66,Daylight,Near,4,4,1280,720,23.379082694479926,0,2,alice,3,1,0.825864875743656,731.4496071694915,338.1704529481316,855.9363211465464,505.76747495928737,20863.602542508932,alice,0.8325313916094979,diana,0.7580745842782148,0.07445680733128301,alice,alice,alice,2,1,1,0,0,13.441437261990437,8.145858648565602,8.678221249621204,30.265517160177243
Daylight_Near_20260114_210700_T7,1736905002.64,66,Daylight,Near,4,4,1280,720,23.379082694479926,0,3,bob,4,1,0.849699964729013,1022.578688115466,248.0528155864763,1144.2176916432327,451.89607966165863,24795.291517952584,bob,0.8477322586830649,diana,0.7246285961282029,0.12310366255486205,bob,bob,bob,2,1,1,0,0,13.441437261990437,8.145858648565602,8.678221249621204,30.265517160177243
Daylight_Near_20260114_210700_T7,1736905002.68,67,Daylight,Near,4,4,1280,720,24.265848362584155,1,0,diana,1,1,0.9214016212636709,78.40421805032537,174.07525415302803,187.89002339518692,323.3568951484025,16344.220687581072,diana,0.8148922775954713,alice,0.7230052175250663,0.09188706007040504,diana,diana,diana,1,1,1,0,0,9.046412656734404,6.059804407526166,5.9724334203386595,21.07865048459923
Daylight_Near_20260114_210700_T7,1736905002.68,67,Daylight,Near,4,4,1280,720,24.265848362584155,1,1,chen,2,1,0.6892440236008027,418.7098517821747,223.94272267163862,535.6212816887554,408.09897214328566,21529.970451963247,chen,0.8530444283759356,bob,0.7521762086985504,0.10086821967738524,chen,chen,chen,2,1,1,0,0,9.046412656734404,6.059804407526166,5.9724334203386595,21.07865048459923
Daylight_Near_20260114_210700_T7,1736905002.68,67,Daylight,Near,4,4,1280,720,24.265848362584155,1,2,alice,3,1,0.8428090755869374,757.042225070481,151.41650559338103,843.5080163824418,343.4837418214931,16607.245565565023,alice,0.8599735259263115,bob,0.7405671613111338,0.11940636461517773,alice,alice,alice,2,1,1,0,0,9.046412656734404,6.059804407526166,5.9724334203386595,21.07865048459923
Daylight_Near_20260114_210700_T7,1736905002.68,67,Daylight,Near,4,4,1280,720,24.265848362584155,1,3,bob,4,1,0.7166234467226309,1045.3061616061577,357.65267105570445,1127.3702024930212,497.9361827953401,11512.231843154254,bob,0.9348145796123039,diana,0.8364804684231589,0.09833411118914492,bob,bob,bob,2,1,1,0,0,9.046412656734404,6.059804407526166,5.9724334203386595,21.07865048459923
Daylight_Near_20260114_210700_T7,1736905002.72,68,Daylight,Near,4,4,1280,720,26.48388807217611,1,0,diana,1,1,0.8371336058783017,96.60018196441945,223.7174558800233,197.7650960024647,416.651415937843,19518.14748426899,diana,0.8244395843225637,bob,0.736148877637433,0.08829070668513073,diana,diana,diana,3,1,1,0,0,6.57930832650116,3.819104305469883,5.621296519955164,16.019709151926207
Daylight_Near_20260114_210700_T7,1736905002.72,68,Daylight,Near,4,4,1280,720,26.48388807217611,1,1,chen,2,1,0.6811333224986253,420.0956962273026,274.1476735305759,523.5414547769197,460.83162878208674,19311.663360035323,chen,0.8161526378300894,diana,0.7262544521694885,0.08989818566060093,chen,chen,chen,1,1,1,0,0,6.57930832650116,3.819104305469883,5.621296519955164,16.019709151926207
Daylight_Near_20260114_210700_T7,1736905002.72,68,Daylight,Near,4,4,1280,720,26.48388807217611,1,2,alice,3,1,0.7810043952218442,760.997475530013,246.64676287482072,845.6620727591018,401.34430064425237,13097.40472758067,alice,0.8104191391387866,bob,0.7107206032414559,0.09969853589733069,alice,alice,alice,2,1,1,0,0,6.57930832650116,3.819104305469883,5.621296519955164,16.019709151926207
Daylight_Near_20260114_210700_T7,1736905002.72,68,Daylight,Near,4,4,1280,720,26.48388807217611,1,3,bob,4,1,0.752418295327984,1076.340550284289,231.20965438316904,1192.0739783467632,382.05233940837326,17457.54103611491,bob,0.8568062681423702,alice,0.7717710697246599,0.08503519841771023,bob,bob,bob,3,1,1,0,0,6.57930832650116,3.819104305469883,5.621296519955164,16.019709151926207
Daylight_Near_20260114_210700_T7,1736905002.76,69,Daylight,Near,4,4,1280,720,24.51471338478518,1,0,diana,1,1,0.9112057422618722,97.22244403295086,322.2752037607238,200.65809981972052,484.30322561878506,16759.474696721616,diana,0.8187140132717168,chen,0.6479443056058074,0.17076970766590938,diana,diana,diana,2,1,1,0,0,15.383670836159018,9.000400335811623,12.851619831726577,37.23569100369722
Daylight_Near_20260114_210700_T7,1736905002.76,69,Daylight,Near,4,4,1280,720,24.51471338478518,1,1,chen,2,1,0.9034051799715677,466.9382093819509,350.59848047567095,571.908644417226,488.52751078803146,14478.470315882128,chen,0.911436198642745,alice,0.8293358775999639,0.0821003210427812,chen,chen,chen,2,1,1,0,0,15.383670836159018,9.000400335811623,12.851619831726577,37.23569100369722
Daylight_Near_20260114_210700_T7,1736905002.76,69,Daylight,Near,4,4,1280,720,24.51471338478518,1,2,alice,3,1,0.7168177724615407,742.6295840014118,242.9262017207186,861.039656407331,405.6152774150887,19264.025232622436,alice,0.9803714718221327,diana,0.8596845679800913,0.1206869038420414,alice,alice,alice,2,1,1,0,0,15.383670836159018,9.000400335811623,12.851619831726577,37.23569100369722
Daylight_Near_20260114_210700_T7,1736905002.76,69,Daylight,Near,4,4,1280,720,24.51471338478518,1,3,bob,4,1,0.7535284531304838,1050.4516424889903,215.05150856529542,1165.5938843192198,424.9596999083766,24169.299729771144,bob,0.8533225948402501,diana,0.7174346287887033,0.13588796605154674,bob,bob,bob,2,1,1,0,0,15.383670836159018,9.000400335811623,12.851619831726577,37.23569100369722
Daylight_Near_20260114_210700_T7,1736905002.8,70,Daylight,Near,4,4,1280,720,26.5675527666834,1,0,diana,1,1,0.6511892365479893,139.8769747106066,175.94845350655632,230.15749855155474,357.81671083520894,16419.161541671114,diana,0.8800162535815731,alice,0.7444254035992517,0.1355908499823214,diana,diana,diana,3,1,1,0,0,15.77995600632293,7.45597839426645,9.477016324468053,32.71295072505743
Daylight_Near_20260114_210700_T7,1736905002.8,70,Daylight,Near,4,4,1280,720,26.5675527666834,1,1,chen,2,1,0.7836260556042479,427.7144558003963,182.70415659148995,510.57235879531424,388.30797507150584,17035.90124700187,chen,0.8247729299149157,bob,0.7128023473062933,0.11197058260862236,chen,chen,chen,1,1,1,0,0,15.77995600632293,7.45597839426645,9.477016324468053,32.71295072505743
Daylight_Near_20260114_210700_T7,1736905002.8,70,Daylight,Near,4,4,1280,720,26.5675527666834,1,2,alice,3,1,0.6619256318803658,730.9001994642816,284.75021778907046,856.258845190269,445.0213654590982,20091.37402086441,diana,0.6954985281698182,bob,0.6201242724810425,0.07537425568877565,unknown,unknown,unknown,0,0,0,0,0,15.77995600632293,7.45597839426645,9.477016324468053,32.71295072505743
Daylight_Near_20260114_210700_T7,1736905002.8,70,Daylight,Near,4,4,1280,720,26.5675527666834,1,3,bob,4,1,0.7207525669813184,1074.8598243644194,180.78016468722433,1166.505288878798,352.43196759517707,15731.109212229883,bob,0.8225392898485022,chen,0.6745898815245204,0.14794940832398185,bob,bob,bob,2,1,1,0,0,15.77995600632293,7.45597839426645,9.477016324468053,32.71295072505743
Daylight_Near_20260114_210700_T7,1736905002.84,71,Daylight,Near,4,4,1280,720,24.355575086126667,2,0,diana,1,1,0.99,69.0500853647487,232.732220271686,194.59669582213078,417.20500938240133,23159.933394469772,diana,0.8796590598440073,alice,0.7748547052386313,0.10480435460537596,diana,diana,diana,2,1,1,0,0,9.962950130664806,8.937014451360623,4.347425310501141,23.24738989252657
Daylight_Near_20260114_210700_T7,1736905002.84,71,Daylight,Near,4,4,1280,720,24.355575086126667,2,1,chen,2,1,0.8497391098663041,442.4687354506684,259.41613743038874,531.0856455853598,395.72636364704,12079.391067080433,chen,0.8848648749388592,bob,0.7967958963907559,0.08806897854810336,chen,chen,chen,2,1,1,0,0,9.962950130664806,8.937014451360623,4.347425310501141,23.24738989252657
Daylight_Near_20260114_210700_T7,1736905002.84,71,Daylight,Near,4,4,1280,720,24.355575086126667,2,2,alice,3,1,0.7066943528400417,764.7015991837043,172.51945262967658,865.7823644424025,367.8980815470694,19749.021326165286,chen,0.7425314353934137,alice,0.701301030603536,0.04123040478987772,chen,chen,chen,1,0,0,1,0,9.962950130664806,8.937014451360623,4.347425310501141,23.24738989252657
Daylight_Near_20260114_210700_T7,1736905002.84,71,Daylight,Near,4,4,1280,720,24.355575086126667,2,3,bob,4,1,0.6920577143645186,1065.3071553533334,222.33560015073587,1163.742889153725,368.07810799957394,14346.270706009696,bob,0.9381628988989181,chen,0.8078057342539726,0.1303571646449455,bob,bob,bob,3,1,1,0,0,9.962950130664806,8.937014451360623,4.347425310501141,23.24738989252657
Daylight_Near_20260114_210700_T7,1736905002.88,72,Daylight,Near,4,4,1280,720,24.017780935606034,1,0,diana,1,1,0.9022322908049935,105.62564766831282,181.01214882747462,203.00745177604057,359.3166236265392,17363.611436413783,diana,0.7936743942335946,chen,0.6881441902364985,0.10553020399709612,diana,diana,diana,3,1,1,0,0,18.104084047831588,9.276971627843405,8.938856509778226,36.31991218545322
Daylight_Near_20260114_210700_T7,1736905002.88,72,Daylight,Near,4,4,1280,720,24.017780935606034,1,1,chen,2,1,0.8406515390186805,400.23583469287456,202.03981805783513,526.0945702946487,394.0693586857232,24168.59518161552,chen,0.8556143341194925,alice,0.7400099208732828,0.11560441324620974,chen,chen,chen,2,1,1,0,0,18.104084047831588,9.276971627843405,8.938856509778226,36.31991218545322
Daylight_Near_20260114_210700_T7,1736905002.88,72,Daylight,Near,4,4,1280,720,24.017780935606034,1,2,alice,3,1,0.904383696870658,726.1815420041246,255.2663453276,844.3776880235785,404.27503061429513,17612.252324313064,alice,0.9603530323757687,diana,0.8641531409402345,0.0961998914355342,alice,alice,alice,2,1,1,0,0,18.104084047831588,9.276971627843405,8.938856509778226,36.31991218545322
Daylight_Near_20260114_210700_T7,1736905002.88,72,Daylight,Near,4,4,1280,720,24.017780935606034,1,3,bob,4,1,0.8257345647429697,1085.1151872013263,207.15175464418172,1193.2075653188351,340.59402041393156,14424.091848440903,bob,0.876490261367473,alice,0.8072558365761745,0.06923442479129849,bob,bob,bob,1,1,1,0,0,18.104084047831588,9.276971627843405,8.938856509778226,36.31991218545322
Daylight_Near_20260114_210700_T7,1736905002.92,73,Daylight,Near,4,4,1280,720,30.277651449413952,1,0,diana,1,1,0.8218373916495826,129.89020411665626,303.14016346199696,213.5975269657538,482.7676952258644,15036.139793944569,diana,0.9179919820747108,chen,0.8132676473511665,0.10472433472354425,diana,diana,diana,1,1,1,0,0,10.504123167059852,9.855705378463215,4.457870712167113,24.81769925769018
Daylight_Near_20260114_210700_T7,1736905002.92,73,Daylight,Near,4,4,1280,720,30.277651449413952,1,1,chen,2,1,0.6222922858266231,413.7385732815526,244.12763538423485,527.6779168195593,382.2274002818674,15734.996555189316,chen,0.9072287374222997,diana,0.7451972089737249,0.16203152844857482,chen,chen,chen,3,1,1,0,0,10.504123167059852,9.855705378463215,4.457870712167113,24.81769925769018
Daylight_Near_20260114_210700_T7,1736905002.92,73,Daylight,Near,4,4,1280,720,30.277651449413952,1,2,alice,3,1,0.8753010066557443,749.5065252792037,264.4411996100599,869.8153761570318,436.83588016438785,20740.60591494144,alice,0.8620112767325704,diana,0.7403584706640253,0.12165280606854512,alice,alice,alice,1,1,1,0,0,10.504123167059852,9.855705378463215,4.457870712167113,24.81769925769018
Daylight_Near_20260114_210700_T7,1736905002.92,73,Daylight,Near,4,4,1280,720,30.277651449413952,1,3,bob,4,1,0.7342937588027367,1064.9289939117102,252.75460647943365,1191.0220448862947,389.2264302818269,17208.148635309677,bob,0.8457475785358777,chen,0.7740326856332738,0.07171489290260391,bob,bob,bob,2,1,1,0,0,10.504123167059852,9.855705378463215,4.457870712167113,24.81769925769018
Daylight_Near_20260114_210700_T7,1736905002.96,74,Daylight,Near,4,4,1280,720,24.586601585840523,1,0,diana,1,1,0.9421734820490034,91.05289636799169,246.34159311959024,207.19144112310397,379.16332091328377,15425.722177819216,alice,0.6824794292717826,chen,0.6129570522292422,0.06952237704254038,unknown,unknown,unknown,0,0,0,0,0,12.111658016019204,11.644337568250315,5.725480044123415,29.481475628392936
Daylight_Near_20260114_210700_T7,1736905002.96,74,Daylight,Near,4,4,1280,720,24.586601585840523,1,1,chen,2,1,0.6371159652528553,384.7155164947175,211.32788195847104,488.65007918373493,398.1419823625258,19416.441829637624,chen,0.8740457728618336,alice,0.7815625139462691,0.09248325891556453,chen,chen,chen,2,1,1,0,0,12.111658016019204,11.644337568250315,5.725480044123415,29.481475628392936
Daylight_Near_20260114_210700_T7,1736905002.96,74,Daylight,Near,4,4,1280,720,24.586601585840523,1,2,alice,3,1,0.8327249449432244,743.7734337426103,307.0286630614198,826.7175127261943,452.1042861234755,12033.1639378518,alice,0.8531384633114044,diana,0.7140559245299687,0.13908253878143573,alice,alice,alice,2,1,1,0,0,12.111658016019204,11.644337568250315,5.725480044123415,29.481475628392936
Daylight_Near_20260114_210700_T7,1736905002.96,74,Daylight,Near,4,4,1280,720,24.586601585840523,1,3,bob,4,1,0.7279583573472066,1072.1738881691824,217.874634559554,1180.375758944064,392.76917876266896,18923.916871097266,bob,0.7975590609838207,chen,0.6257601163614135,0.1717989446224072,bob,bob,bob,1,1,1,0,0,12.111658016019204,11.644337568250315,5.725480044123415,29.481475628392936
Daylight_Near_20260114_210700_T7,1736905003.0,75,Daylight,Near,4,4,1280,720,24.7705650821335,1,0,diana,1,1,0.8116911108099842,87.87058522004048,217.6149118784379,215.20453102600283,375.41765056674006,20093.645376168704,diana,0.8665676839297697,chen,0.7128156024305805,0.15375208149918917,diana,diana,diana,2,1,1,0,0,15.597157410825167,11.831353381892407,7.973562880527117,35.40207367324469
Daylight_Near_20260114_210700_T7,1736905003.0,75,Daylight,Near,4,4,1280,720,24.7705650821335,1,1,chen,2,1,0.6941563947561209,430.5802751376754,248.0892634576,532.7740847940456,400.21450915753184,15546.258402987385,chen,0.8488738359666634,diana,0.6859980587741762,0.16287577719248725,chen,chen,chen,2,1,1,0,0,15.597157410825167,11.831353381892407,7.973562880527117,35.40207367324469
Daylight_Near_20260114_210700_T7,1736905003.0,75,Daylight,Near,4,4,1280,720,24.7705650821335,1,2,alice,3,1,0.9470734554163633,737.9902555622335,322.1607188510769,846.5026003207057,469.3627348253316,15973.23590654045,alice,0.8729146631245596,diana,0.7075845437909627,0.16533011933359687,alice,alice,alice,2,1,1,0,0,15.597157410825167,11.831353381892407,7.973562880527117,35.40207367324469
Daylight_Near_20260114_210700_T7,1736905003.0,75,Daylight,Near,4,4,1280,720,24.7705650821335,1,3,bob,4,1,0.7695335636969434,1033.980510846515,238.33018425538276,1147.6097643046153,379.2899813792777,16017.156514793453,chen,0.7735316683729625,alice,0.7271751885057204,0.04635647986724212,unknown,unknown,unknown,0,0,0,0,0,15.597157410825167,11.831353381892407,7.973562880527117,35.40207367324469
Daylight_Near_20260114_210700_T7,1736905003.04,76,Daylight,Near,4,4,1280,720,27.587074388714967,0,0,diana,1,1,0.953425869122469,109.00453045234073,229.15449377068404,212.15908300669074,400.33564746330825,17658.115314900067,diana,0.8804948728374145,alice,0.7961279916817687,0.08436688115564572,diana,diana,diana,3,1,1,0,0,8.679237731680187,8.98868048605564,5.503229333174701,23.17114755091053
Daylight_Near_20260114_210700_T7,1736905003.04,76,Daylight,Near,4,4,1280,720,27.587074388714967,0,1,chen,2,1,0.853387351961664,422.2682143761453,258.4982079580599,549.8787572949806,446.5531352255456,23997.791367165933,chen,0.8876036285093976,alice,0.8168301569348156,0.07077347157458191,chen,chen,chen,2,1,1,0,0,8.679237731680187,8.98868048605564,5.503229333174701,23.17114755091053
Daylight_Near_20260114_210700_T7,1736905003.04,76,Daylight,Near,4,4,1280,720,27.587074388714967,0,2,alice,3,1,0.819096090843802,741.8245360730645,242.55155698230877,851.4512584575972,407.0796267038969,18036.67302383159,alice,0.8766361353572153,chen,0.7968608350969523,0.07977530026026303,alice,alice,alice,3,1,1,0,0,8.679237731680187,8.98868048605564,5.503229333174701,23.17114755091053
Daylight_Near_20260114_210700_T7,1736905003.04,76,Daylight,Near,4,4,1280,720,27.587074388714967,0,3,bob,4,1,0.7075516973943594,1076.0897084415617,276.39507437620176,1191.2927406797182,412.43955219430126,15672.736363901688,bob,0.7179449474374255,diana,0.6470828932815718,0.07086205415585378,unknown,unknown,unknown,0,0,0,0,0,8.679237731680187,8.98868048605564,5.503229333174701,23.17114755091053
Daylight_Near_20260114_210700_T7,1736905003.08,77,Daylight,Near,4,4,1280,720,23.96518237634924,1,0,diana,1,1,0.7984825440377686,112.1323267359981,254.2534569534225,217.45138298706144,438.0016029292876,19352.181322060736,diana,0.8951008409065353,chen,0.7938942868411325,0.1012065540654028,diana,diana,diana,2,1,1,0,0,11.071771507872624,9.244913347032965,9.76786591800573,30.08455077291132
Daylight_Near_20260114_210700_T7,1736905003.08,77,Daylight,Near,4,4,1280,720,23.96518237634924,1,1,chen,2,1,0.7263478967812753,418.1421979529813,222.36316714089986,537.0744832895269,399.4310983018449,21059.093712785336,chen,0.94451647114576,alice,0.8170836730386185,0.12743279810714148,chen,chen,chen,3,1,1,0,0,11.071771507872624,9.244913347032965,9.76786591800573,30.08455077291132
Daylight_Near_20260114_210700_T7,1736905003.08,77,Daylight,Near,4,4,1280,720,23.96518237634924,1,2,alice,3,1,0.833184332485393,758.09796000154,273.9619926222303,874.0836980606031,420.29474755916107,16972.512583575928,alice,0.840773231451245,chen,0.6620541350592828,0.17871909639196226,alice,alice,alice,2,1,1,0,0,11.071771507872624,9.244913347032965,9.76786591800573,30.08455077291132
Daylight_Near_20260114_210700_T7,1736905003.08,77,Daylight,Near,4,4,1280,720,23.96518237634924,1,3,bob,4,1,0.7664598462999587,1054.4441717164464,230.14484259996004,1171.665495926904,431.3370035508003,23584.01152742102,bob,0.8170523575525076,chen,0.6638562336693576,0.15319612388314996,bob,bob,bob,1,1,1,0,0,11.071771507872624,9.244913347032965,9.76786591800573,30.08455077291132
Daylight_Near_20260114_210700_T7,1736905003.12,78,Daylight,Near,4,4,1280,720,26.610791596575563,2,0,diana,1,1,0.7573533955166627,131.19137821439628,195.60847306433448,234.13971957508468,348.36808607557487,15726.348786407832,diana,0.8524770881908971,chen,0.6880975844988021,0.16437950369209497,diana,diana,diana,2,1,1,0,0,10.501134952204241,6.740095004416718,3.3849009405792643,20.626130897200223
Daylight_Near_20260114_210700_T7,1736905003.12,78,Daylight,Near,4,4,1280,720,26.610791596575563,2,1,chen,2,1,0.7289435585249087,461.3148041428256,201.46102833171489,565.1426292807117,396.4864875053591,20249.06927251708,chen,0.8647284128216692,alice,0.7492931757883476,0.11543523703332159,chen,chen,chen,3,1,1,0,0,10.501134952204241,6.740095004416718,3.3849009405792643,20.626130897200223
Daylight_Near_20260114_210700_T7,1736905003.12,78,Daylight,Near,4,4,1280,720,26.610791596575563,2,2,alice,3,1,0.8191630124728692,741.8844470031921,260.03290229623036,869.7241929485725,406.65349705332306,18743.939584107306,bob,0.6419069347498749,chen,0.567142108982645,0.07476482576722987,unknown,unknown,unknown,0,0,0,0,0,10.501134952204241,6.740095004416718,3.3849009405792643,20.626130897200223
Daylight_Near_20260114_210700_T7,1736905003.12,78,Daylight,Near,4,4,1280,720,26.610791596575563,2,3,bob,4,1,0.8370073157743746,1041.6472567268465,240.9049440630033,1152.4340208650947,434.811951509201,21482.32989869543,bob,0.7576855672316456,chen,0.6139809547938381,0.14370461243780752,bob,bob,bob,2,1,1,0,0,10.501134952204241,6.740095004416718,3.3849009405792643,20.626130897200223
Daylight_Near_20260114_210700_T7,1736905003.16,79,Daylight,Near,4,4,1280,720,23.674272940049825,2,0,diana,1,1,0.6876865099970673,97.08889555871357,217.77624086527055,209.5190470716161,361.6405543064393,16174.6865574903,diana,0.9002668612613118,chen,0.7353128896528245,0.16495397160848735,diana,diana,diana,1,1,1,0,0,17.510860953562165,11.767575808396503,3.5717932511038963,32.850230013062564
Daylight_Near_20260114_210700_T7,1736905003.16,79,Daylight,Near,4,4,1280,720,23.674272940049825,2,1,chen,2,1,0.753940180574951,412.65396370391403,244.26486941507133,509.1245032625803,416.3680485486192,16602.88655077515,chen,0.8256724919195403,bob,0.6771138421192445,0.14855864980029576,chen,chen,chen,2,1,1,0,0,17.510860953562165,11.767575808396503,3.5717932511038963,32.850230013062564
Daylight_Near_20260114_210700_T7,1736905003.16,79,Daylight,Near,4,4,1280,720,23.674272940049825,2,2,alice,3,1,0.7604486740928579,736.0603413088936,275.70888853366375,831.2961809626834,417.0606294224841,13461.751730071732,alice,0.8515986230314713,chen,0.6810217356076314,0.17057688742383992,alice,alice,alice,2,1,1,0,0,17.510860953562165,11.767575808396503,3.5717932511038963,32.850230013062564
Daylight_Near_20260114_210700_T7,1736905003.16,79,Daylight,Near,4,4,1280,720,23.674272940049825,2,3,bob,-1,0,-1.0,-1.0,-1.0,-1.0,-1.0,0.0,unknown,-1.0,unknown,-1.0,-1.0,unknown,unknown,unknown,0,0,0,0,1,17.510860953562165,11.767575808396503,3.5717932511038963,32.850230013062564
Daylight_Near_20260114_210700_T7,1736905003.2,80,Daylight,Near,4,4,1280,720,23.149033671606524,1,0,diana,1,1,0.7725907504841609,103.50246692375472,263.4952128897306,224.4461995682116,405.4074931753603,17163.400885830422,diana,0.7951691238235993,alice,0.6415272624440876,0.15364186137951164,diana,diana,diana,1,1,1,0,0,9.572135334301544,5.189194273079518,3.7400044124212988,18.50133401980236
Daylight_Near_20260114_210700_T7,1736905003.2,80,Daylight,Near,4,4,1280,720,23.149033671606524,1,1,chen,2,1,0.7983984260244142,394.6764987247569,181.67879708807038,515.8169314951933,334.5967068149232,18524.541762661476,chen,0.8920229672168822,alice,0.7896690461712856,0.1023539210455966,chen,chen,chen,2,1,1,0,0,9.572135334301544,5.189194273079518,3.7400044124212988,18.50133401980236
Daylight_Near_20260114_210700_T7,1736905003.2,80,Daylight,Near,4,4,1280,720,23.149033671606524,1,2,alice,3,1,0.7197130332225579,723.6310559803584,267.46761343878796,839.0776607328115,411.81573244149064,16664.500241265087,alice,0.7797139900444712,diana,0.6436471077723731,0.13606688227209807,alice,alice,alice,2,1,1,0,0,9.572135334301544,5.189194273079518,3.7400044124212988,18.50133401980236
Daylight_Near_20260114_210700_T7,1736905003.2,80,Daylight,Near,4,4,1280,720,23.149033671606524,1,3,bob,4,1,0.8072662154263315,1036.642252468472,204.22255300792813,1139.0860344643886,396.3748663336437,19684.809696350676,bob,0.8933791901127912,alice,0.820890043283148,0.07248914682964325,bob,bob,bob,2,1,1,0,0,9.572135334301544,5.189194273079518,3.7400044124212988,18.50133401980236
Daylight_Near_20260114_210700_T7,1736905003.24,81,Daylight,Near,4,4,1280,720,28.24464925741844,2,0,diana,1,1,0.8457816067210572,110.88313338167987,246.27721533327062,225.8170171068381,387.28821420742815,16206.941748570842,diana,0.8279005624086324,alice,0.7317114893850307,0.09618907302360169,diana,diana,diana,1,1,1,0,0,10.502721118191285,7.811009972430615,10.410376480546326,28.724107571168226
Daylight_Near_20260114_210700_T7,1736905003.24,81,Daylight,Near,4,4,1280,720,28.24464925741844,2,1,chen,2,1,0.7290979207381281,418.4868568657846,307.4013582385597,539.5124573789559,451.2617514867596,17410.790482924367,chen,0.9185738590670811,alice,0.7823025998197565,0.13627125924732464,chen,chen,chen,2,1,1,0,0,10.502721118191285,7.811009972430615,10.410376480546326,28.724107571168226
Daylight_Near_20260114_210700_T7,1736905003.24,81,Daylight,Near,4,4,1280,720,28.24464925741844,2,2,alice,3,1,0.805422967184035,750.4477765444792,269.78672327148536,833.7233776374555,419.7800599049074,12490.785268089365,alice,0.7743479659226541,bob,0.6989028497215835,0.07544511620107064,unknown,unknown,unknown,0,0,0,0,0,10.502721118191285,7.811009972430615,10.410376480546326,28.724107571168226
Daylight_Near_20260114_210700_T7,1736905003.24,81,Daylight,Near,4,4,1280,720,28.24464925741844,2,3,bob,4,1,0.7941062460526103,1049.465346940872,308.12691058275084,1160.2902759456986,468.5927829006713,17783.6189073311,bob,0.8764531642816636,alice,0.7690509934381169,0.10740217084354675,bob,bob,bob,2,1,1,0,0,10.502721118191285,7.811009972430615,10.410376480546326,28.724107571168226
Daylight_Near_20260114_210700_T7,1736905003.28,82,Daylight,Near,4,4,1280,720,20.727657428467428,0,0,diana,1,1,0.7907986249380531,132.21489448993043,338.5821841766358,218.1620935159948,483.1016236170061,12421.041024716764,diana,0.8514525303527453,alice,0.6796898977085525,0.17176263264419278,diana,diana,diana,2,1,1,0,0,9.59732745289905,9.610122440550041,6.836693623986919,26.04414351743601
Daylight_Near_20260114_210700_T7,1736905003.28,82,Daylight,Near,4,4,1280,720,20.727657428467428,0,1,chen,2,1,0.8868881345067141,418.3176585247059,198.66856680719246,526.6727850196137,383.8857563349621,20069.232000312786,chen,0.8376291845145615,alice,0.6949238108347238,0.1427053736798377,chen,chen,chen,1,1,1,0,0,9.59732745289905,9.610122440550041,6.836693623986919,26.04414351743601
Daylight_Near_20260114_210700_T7,1736905003.28,82,Daylight,Near,4,4,1280,720,20.727657428467428,0,2,alice,3,1,0.7416591578715512,730.2156543890167,271.74325515767214,823.7951826935421,468.1689465957629,18381.42355166679,alice,0.7605987155920035,chen,0.5979737761291571,0.1626249394628464,alice,alice,alice,2,1,1,0,0,9.59732745289905,9.610122440550041,6.836693623986919,26.04414351743601
Daylight_Near_20260114_210700_T7,1736905003.28,82,Daylight,Near,4,4,1280,720,20.727657428467428,0,3,bob,4,1,0.8092413302504269,1059.5322319576449,234.27838968580141,1168.266769018173,405.14201242548273,18578.77691908396,diana,0.7423700212977195,alice,0.6738608674588211,0.06850915383889833,unknown,unknown,unknown,0,0,0,0,0,9.59732745289905,9.610122440550041,6.836693623986919,26.04414351743601
Daylight_Near_20260114_210700_T7,1736905003.32,83,Daylight,Near,4,4,1280,720,24.676135614861458,3,0,diana,1,1,0.8611504112355057,87.70446927478142,280.8393541258843,201.33854350498765,427.65598804554344,16683.37227705556,diana,0.8925495300714267,bob,0.8313652454357484,0.061184284635678265,diana,diana,diana,2,1,1,0,0,15.391436975428569,8.322006973525667,12.789786161201413,36.50323011015565
Daylight_Near_20260114_210700_T7,1736905003.32,83,Daylight,Near,4,4,1280,720,24.676135614861458,3,1,chen,2,1,0.9112113545189641,421.873493418174,215.0873941645562,537.551434787653,364.128886739518,17240.813039706067,chen,0.9239289526787149,alice,0.8022151970748532,0.12171375560386166,chen,chen,chen,2,1,1,0,0,15.391436975428569,8.322006973525667,12.789786161201413,36.50323011015565
Daylight_Near_20260114_210700_T7,1736905003.32,83,Daylight,Near,4,4,1280,720,24.676135614861458,3,2,alice,3,1,0.6764195358908418,761.6381194524405,231.67825398747306,854.1139460239032,394.2352752457536,15032.594905854323,alice,0.8923524140810508,bob,0.8189797201149475,0.07337269396610335,alice,alice,alice,2,1,1,0,0,15.391436975428569,8.322006973525667,12.789786161201413,36.50323011015565
Daylight_Near_20260114_210700_T7,1736905003.32,83,Daylight,Near,4,4,1280,720,24.676135614861458,3,3,bob,4,1,0.8564989312942674,1092.483287566159,236.5338581696933,1174.8326829363355,407.01556651041756,14039.065603533394,bob,0.8393597872412855,chen,0.744313451604346,0.09504633563693943,bob,bob,bob,2,1,1,0,0,15.391436975428569,8.322006973525667,12.789786161201413,36.50323011015565
Daylight_Near_20260114_210700_T7,1736905003.36,84,Daylight,Near,4,4,1280,720,22.405189002920192,2,0,diana,1,1,0.8537349978717585,92.36791501381045,315.7247789088925,211.70461390317638,456.6061984379912,16812.32354145049,diana,0.7943360343924852,alice,0.6821788843995347,0.11215714999295057,diana,diana,diana,1,1,1,0,0,18.6097707680452,7.206794726900005,8.889192363229752,34.705757858174955
Daylight_Near_20260114_210700_T7,1736905003.36,84,Daylight,Near,4,4,1280,720,22.405189002920192,2,1,chen,2,1,0.7157355143449179,397.1314789577423,243.06464892257537,523.7852216809428,429.5168338116011,23614.86705511327,chen,0.890317022348063,alice,0.811288992577732,0.07902802977033097,chen,chen,chen,2,1,1,0,0,18.6097707680452,7.206794726900005,8.889192363229752,34.705757858174955
Daylight_Near_20260114_210700_T7,1736905003.36,84,Daylight,Near,4,4,1280,720,22.405189002920192,2,2,alice,3,1,0.7652859245974898,743.2630891167511,271.3059242542504,835.0067172646062,404.05311766859063,12178.709150276636,alice,0.8744695699936325,chen,0.7099520232673753,0.16451754672625718,alice,alice,alice,3,1,1,0,0,18.6097707680452,7.206794726900005,8.889192363229752,34.705757858174955
Daylight_Near_20260114_210700_T7,1736905003.36,84,Daylight,Near,4,4,1280,720,22.405189002920192,2,3,bob,4,1,0.857443381285322,1034.3316655861136,281.6632979012163,1160.6483172229478,442.19232920942386,20277.489725357304,bob,0.8338459586597341,alice,0.7100254241875485,0.12382053447218555,bob,bob,bob,1,1,1,0,0,18.6097707680452,7.206794726900005,8.889192363229752,34.705757858174955
Daylight_Near_20260114_210700_T7,1736905003.4,85,Daylight,Near,4,4,1280,720,26.01408970807543,1,0,diana,1,1,0.8545230480224504,123.190846056758,367.227219972329,212.1504139031523,499.10897192704266,11732.143660716692,diana,0.8872963396836685,chen,0.8169406080083217,0.07035573167534681,diana,diana,diana,2,1,1,0,0,13.935344998145085,11.25637339918265,4.656499093962045,29.84821749128978
Daylight_Near_20260114_210700_T7,1736905003.4,85,Daylight,Near,4,4,1280,720,26.01408970807543,1,1,chen,2,1,0.9468408770361848,387.3301744510325,252.73577585100824,487.4521027702802,454.7267294262268,20223.72377499452,diana,0.8851001469257087,alice,0.8134423006731313,0.07165784625257743,unknown,unknown,unknown,0,0,0,0,0,13.935344998145085,11.25637339918265,4.656499093962045,29.84821749128978
Daylight_Near_20260114_210700_T7,1736905003.4,85,Daylight,Near,4,4,1280,720,26.01408970807543,1,2,alice,3,1,0.6566951672925562,795.7342242348836,241.86073829175928,886.5128722338643,438.36624857386414,17838.504547759272,alice,0.874654369985762,chen,0.7174662301247825,0.15718813986097946,alice,alice,alice,2,1,1,0,0,13.935344998145085,11.25637339918265,4.656499093962045,29.84821749128978
Daylight_Near_20260114_210700_T7,1736905003.4,85,Daylight,Near,4,4,1280,720,26.01408970807543,1,3,bob,4,1,0.9049089748709798,1040.2572440621836,287.34623047451885,1146.916240554321,426.2248281430061,14812.651861556124,bob,0.9147952574153129,chen,0.7756530207401153,0.13914223667519754,bob,bob,bob,1,1,1,0,0,13.935344998145085,11.25637339918265,4.656499093962045,29.84821749128978
Daylight_Near_20260114_210700_T7,1736905003.44,86,Daylight,Near,4,4,1280,720,27.5438208818246,2,0,diana,1,1,0.8393066627378698,88.50673653050792,147.17054885818663,204.56551978794988,362.947690791398,25042.832547536866,diana,0.9020468222754704,alice,0.789278924529266,0.11276789774620444,diana,diana,diana,2,1,1,0,0,19.952976319298994,12.924865071985902,12.02644816446628,44.90428955575118
Daylight_Near_20260114_210700_T7,1736905003.44,86,Daylight,Near,4,4,1280,720,27.5438208818246,2,1,chen,2,1,0.7611138530234619,440.70478694039736,311.51955054378504,551.0658142073153,514.2175586639573,22369.960401100285,chen,0.9269003795510424,alice,0.7718628582247774,0.15503752132626503,chen,chen,chen,1,1,1,0,0,19.952976319298994,12.924865071985902,12.02644816446628,44.90428955575118
Daylight_Near_20260114_210700_T7,1736905003.44,86,Daylight,Near,4,4,1280,720,27.5438208818246,2,2,alice,3,1,0.7527800268710705,778.8742066564249,250.28467067376596,873.8046008915509,464.97845242458993,20380.96534143581,alice,0.8697143982455858,bob,0.7337666870436171,0.1359477112019687,alice,alice,alice,1,1,1,0,0,19.952976319298994,12.924865071985902,12.02644816446628,44.90428955575118
Daylight_Near_20260114_210700_T7,1736905003.44,86,Daylight,Near,4,4,1280,720,27.5438208818246,2,3,bob,4,1,0.9497870671374969,1070.332973052431,247.75053206768138,1177.9586504487443,442.35433065426815,20944.365646777103,bob,0.7532943721064548,alice,0.584589760002969,0.16870461210348575,bob,bob,bob,3,1,1,0,0,19.952976319298994,12.924865071985902,12.02644816446628,44.90428955575118
Daylight_Near_20260114_210700_T7,1736905003.48,87,Daylight,Near,4,4,1280,720,25.6827489918313,4,0,diana,-1,0,-1.0,-1.0,-1.0,-1.0,-1.0,0.0,unknown,-1.0,unknown,-1.0,-1.0,unknown,unknown,unknown,0,0,0,0,1,8.720121329359255,6.175286014261762,8.474249505721424,23.36965684934244
Daylight_Near_20260114_210700_T7,1736905003.48,87,Daylight,Near,4,4,1280,720,25.6827489918313,4,1,chen,2,1,0.829149991071217,396.09410947640816,242.6231951334205,513.6508049645671,431.7805643627977,22236.715253839142,chen,0.8846065941257671,bob,0.7374481840757046,0.14715841005006258,chen,chen,chen,2,1,1,0,0,8.720121329359255,6.175286014261762,8.474249505721424,23.36965684934244
Daylight_Near_20260114_210700_T7,1736905003.48,87,Daylight,Near,4,4,1280,720,25.6827489918313,4,2,alice,3,1,0.9007878999128497,788.0719309555392,292.8278931703758,869.23571012641,472.6977678464764,14598.918787703242,alice,0.8734570046546967,diana,0.760509122044428,0.11294788261026867,alice,alice,alice,2,1,1,0,0,8.720121329359255,6.175286014261762,8.474249505721424,23.36965684934244
Daylight_Near_20260114_210700_T7,1736905003.48,87,Daylight,Near,4,4,1280,720,25.6827489918313,4,3,bob,4,1,0.8868330551677163,1076.334989957784,292.3266622347985,1180.0096499436847,466.3787726570655,18044.79336785697,alice,0.6991953371911102,diana,0.6778784325153782,0.021316904675731996,unknown,unknown,unknown,0,0,0,0,0,8.720121329359255,6.175286014261762,8.474249505721424,23.36965684934244
Daylight_Near_20260114_210700_T7,1736905003.52,88,Daylight,Near,4,4,1280,720,24.21685464344064,0,0,diana,1,1,0.8247676783137758,129.3281482822442,265.44700052535825,232.42004740207247,401.32408449426464,14007.826633218932,chen,0.7312515938340177,diana,0.6567789938624476,0.07447259997157007,chen,chen,chen,1,0,0,1,0,9.921091498703015,7.478650577913784,5.446908944775451,22.84665102139225
Daylight_Near_20260114_210700_T7,1736905003.52,88,Daylight,Near,4,4,1280,720,24.21685464344064,0,1,chen,2,1,0.8850506271275208,445.25561069957536,239.8059803879291,536.0379682964714,430.8463498600454,17343.095136860797,chen,0.8052036307513828,bob,0.7370395203448681,0.06816411040651471,chen,chen,chen,3,1,1,0,0,9.921091498703015,7.478650577913784,5.446908944775451,22.84665102139225
Daylight_Near_20260114_210700_T7,1736905003.52,88,Daylight,Near,4,4,1280,720,24.21685464344064,0,2,alice,3,1,0.6974941492918963,768.3052358537057,217.2088392769556,883.8993613513946,422.28978528074776,23706.152609547134,alice,0.8490614937417951,bob,0.7286902162682813,0.12037127747351373,alice,alice,alice,2,1,1,0,0,9.921091498703015,7.478650577913784,5.446908944775451,22.84665102139225
Daylight_Near_20260114_210700_T7,1736905003.52,88,Daylight,Near,4,4,1280,720,24.21685464344064,0,3,bob,4,1,0.8496862821714848,1052.0287443590141,298.98816030578894,1149.6376922295044,454.4868688411335,15178.065335355011,bob,0.8168626717667682,diana,0.7161342950972127,0.10072837666955547,bob,bob,bob,3,1,1,0,0,9.921091498703015,7.478650577913784,5.446908944775451,22.84665102139225
Daylight_Near_20260114_210700_T7,1736905003.56,89,Daylight,Near,4,4,1280,720,23.096734828041214,0,0,diana,1,1,0.7604298757042232,98.94396506462188,253.48954060978764,225.5670012147076,418.01169368757934,20832.294536659156,diana,0.8956887701101994,chen,0.8282895864932599,0.06739918361693953,diana,diana,diana,1,1,1,0,0,9.665803293756001,9.284419220884473,5.89531121135702,24.845533725997495
Daylight_Near_20260114_210700_T7,1736905003.56,89,Daylight,Near,4,4,1280,720,23.096734828041214,0,1,chen,2,1,0.6558735215758952,416.8603582672946,192.61098090057948,499.5452766758499,362.4846742914165,14045.9924777813,chen,0.8532309894653102,bob,0.7377829753034232,0.11544801416188699,chen,chen,chen,1,1,1,0,0,9.665803293756001,9.284419220884473,5.89531121135702,24.845533725997495
Daylight_Near_20260114_210700_T7,1736905003.56,89,Daylight,Near,4,4,1280,720,23.096734828041214,0,2,alice,3,1,0.8796489363184935,749.0771026793832,320.90909970608385,843.6951375215399,488.4769840881135,15854.943922885368,alice,0.9319251835533955,diana,0.860469218477062,0.07145596507633345,alice,alice,alice,2,1,1,0,0,9.665803293756001,9.284419220884473,5.89531121135702,24.845533725997495
Daylight_Near_20260114_210700_T7,1736905003.56,89,Daylight,Near,4,4,1280,720,23.096734828041214,0,3,bob,4,1,0.7794143259472326,1074.6454895261636,195.91631275037813,1171.4105532720978,400.1236205257869,19760.133154273033,bob,0.8501760838323734,diana,0.68870825866797,0.1614678251644034,bob,bob,bob,2,1,1,0,0,9.665803293756001,9.284419220884473,5.89531121135702,24.845533725997495
Daylight_Near_20260114_210700_T7,1736905003.6,90,Daylight,Near,4,4,1280,720,26.907279119384818,0,0,diana,1,1,0.7847673694225786,142.27881508598063,216.26242932700393,232.02004829913523,374.43657054414894,14194.742495258259,diana,0.8416488739039742,alice,0.7036805134719184,0.13796836043205585,diana,diana,diana,2,1,1,0,0,10.651588632419601,6.347995135417589,3.228079310296014,20.227663078133205
Daylight_Near_20260114_210700_T7,1736905003.6,90,Daylight,Near,4,4,1280,720,26.907279119384818,0,1,chen,2,1,0.7245404278031293,443.4864562110515,199.12265246612122,565.8994140005414,345.1632005854712,17877.25545248795,chen,0.8927946627210996,alice,0.7147004786860444,0.17809418403505528,chen,chen,chen,1,1,1,0,0,10.651588632419601,6.347995135417589,3.228079310296014,20.227663078133205
Daylight_Near_20260114_210700_T7,1736905003.6,90,Daylight,Near,4,4,1280,720,26.907279119384818,0,2,alice,3,1,0.6804787487625144,734.906831572441,217.41191659902304,855.3912040219207,405.338783994982,22642.2506845987,alice,0.5857940108638121,bob,0.5527874197155898,0.03300659114822235,unknown,unknown,unknown,0,0,0,0,0,10.651588632419601,6.347995135417589,3.228079310296014,20.227663078133205
Daylight_Near_20260114_210700_T7,1736905003.6,90,Daylight,Near,4,4,1280,720,26.907279119384818,0,3,bob,4,1,0.7785789014598795,1058.3982277168902,297.2157016731364,1147.5771694683003,451.9317610369288,13797.414446011348,bob,0.8361147019007513,alice,0.6701234184802582,0.16599128342049307,bob,bob,bob,1,1,1,0,0,10.651588632419601,6.347995135417589,3.228079310296014,20.227663078133205
Daylight_Near_20260114_210700_T7,1736905003.64,91,Daylight,Near,4,4,1280,720,21.138463021168008,1,0,diana,1,1,0.759024620245228,143.62688232953815,289.85364289050614,227.6910850238815,455.4410200840078,13919.97084001921,diana,0.8639589300953602,chen,0.7237657069099834,0.14019322318537675,diana,diana,diana,2,1,1,0,0,18.797953381521047,12.17603428234611,4.5552705927968,35.52925825666396
Daylight_Near_20260114_210700_T7,1736905003.64,91,Daylight,Near,4,4,1280,720,21.138463021168008,1,1,chen,2,1,0.6656859174109763,423.7394550413064,233.30959195261795,526.8889218430312,435.354873560901,20840.863067698727,chen,0.9321510039263745,bob,0.8247772371438432,0.1073737667825313,chen,chen,chen,3,1,1,0,0,18.797953381521047,12.17603428234611,4.5552705927968,35.52925825666396
Daylight_Near_20260114_210700_T7,1736905003.64,91,Daylight,Near,4,4,1280,720,21.138463021168008,1,2,alice,3,1,0.7916566032844318,758.7700015922601,263.96095615431295,854.4102895909716,417.8534135634152,14718.318947435986,alice,0.8711642328935968,diana,0.7626673914487355,0.10849684144486127,alice,alice,alice,2,1,1,0,0,18.797953381521047,12.17603428234611,4.5552705927968,35.52925825666396
Daylight_Near_20260114_210700_T7,1736905003.64,91,Daylight,Near,4,4,1280,720,21.138463021168008,1,3,bob,4,1,0.8412653221744111,1060.6334196568819,231.02965043818628,1187.62477806256,399.17124328414286,21352.529280002465,bob,0.8181304487522483,chen,0.6408910199893206,0.17723942876292764,bob,bob,bob,1,1,1,0,0,18.797953381521047,12.17603428234611,4.5552705927968,35.52925825666396
Daylight_Near_20260114_210700_T7,1736905003.68,92,Daylight,Near,4,4,1280,720,23.045160847681974,1,0,diana,1,1,0.7705625071131401,139.1284235242956,209.3865944516186,263.4312772061379,346.14523020851004,16999.48869021724,diana,0.8968168881226718,chen,0.8329038440480653,0.06391304407460652,diana,diana,diana,2,1,1,0,0,13.701768236471908,12.182859740330438,5.954502674449193,31.839130651251537
Daylight_Near_20260114_210700_T7,1736905003.68,92,Daylight,Near,4,4,1280,720,23.045160847681974,1,1,chen,2,1,0.7583372900164763,423.0693632011869,169.82993449243259,529.1261677731765,315.5069379391035,15450.037485176632,diana,0.6861602191914861,bob,0.6563311225564576,0.029829096635028418,unknown,unknown,unknown,0,0,0,0,0,13.701768236471908,12.182859740330438,5.954502674449193,31.839130651251537
Daylight_Near_20260114_210700_T7,1736905003.68,92,Daylight,Near,4,4,1280,720,23.045160847681974,1,2,alice,3,1,0.7248548896132999,727.8184279176053,205.46254534814915,854.9644595190641,409.218594020686,25906.773003506758,alice,0.8774954195793095,diana,0.7794050629721033,0.09809035660720622,alice,alice,alice,2,1,1,0,0,13.701768236471908,12.182859740330438,5.954502674449193,31.839130651251537
Daylight_Near_20260114_210700_T7,1736905003.68,92,Daylight,Near,4,4,1280,720,23.045160847681974,1,3,bob,4,1,0.7891568387525829,1064.3534277892873,244.8742774177508,1162.5239011609424,416.0131087529137,16800.78008444479,bob,0.7289380082681999,diana,0.5883082363001413,0.1406297719680586,bob,bob,bob,2,1,1,0,0,13.701768236471908,12.182859740330438,5.954502674449193,31.839130651251537
Daylight_Near_20260114_210700_T7,1736905003.72,93,Daylight,Near,4,4,1280,720,25.799025096992636,3,0,diana,1,1,0.8485135181768102,97.16427377458824,245.9804802145728,209.77873081769673,432.07828925580634,20957.3037220906,diana,0.8634887953911207,alice,0.7365358720139374,0.12695292337718322,diana,diana,diana,2,1,1,0,0,11.57183842752389,5.104516680512867,8.537192827640574,25.21354793567733
Daylight_Near_20260114_210700_T7,1736905003.72,93,Daylight,Near,4,4,1280,720,25.799025096992636,3,1,chen,2,1,0.7836978466590794,419.77581653510396,135.46634320274978,525.4019283750383,333.529269711117,20920.616826717498,chen,0.8070114078276938,bob,0.6987399092079608,0.10827149861973295,chen,chen,chen,2,1,1,0,0,11.57183842752389,5.104516680512867,8.537192827640574,25.21354793567733
Daylight_Near_20260114_210700_T7,1736905003.72,93,Daylight,Near,4,4,1280,720,25.799025096992636,3,2,alice,3,1,0.8920109290021918,726.6245788492479,269.5744895431509,815.7322926992103,430.3263390322859,14324.229805130077,alice,0.8656250752496409,chen,0.7040154974581003,0.16160957779154062,alice,alice,alice,1,1,1,0,0,11.57183842752389,5.104516680512867,8.537192827640574,25.21354793567733
Daylight_Near_20260114_210700_T7,1736905003.72,93,Daylight,Near,4,4,1280,720,25.799025096992636,3,3,bob,4,1,0.7709962425681555,1069.7900909019972,217.2356073075417,1193.5575902555584,389.317754926357,21298.17709417113,bob,0.928215679593906,diana,0.7516966088899117,0.1765190707039943,bob,bob,bob,2,1,1,0,0,11.57183842752389,5.104516680512867,8.537192827640574,25.21354793567733
Daylight_Near_20260114_210700_T7,1736905003.76,94,Daylight,Near,4,4,1280,720,23.47454007288973,2,0,diana,1,1,0.7136130554945689,118.29171918527203,252.12608378940013,203.74861083617446,404.7702044252683,13044.492078326664,diana,0.8498349796047608,alice,0.7560368879703425,0.09379809163441832,diana,diana,diana,2,1,1,0,0,11.11410710182202,9.288315165698695,5.6405066345558,26.042928902076515
Daylight_Near_20260114_210700_T7,1736905003.76,94,Daylight,Near,4,4,1280,720,23.47454007288973,2,1,chen,-1,0,-1.0,-1.0,-1.0,-1.0,-1.0,0.0,unknown,-1.0,unknown,-1.0,-1.0,unknown,unknown,unknown,0,0,0,0,1,11.11410710182202,9.288315165698695,5.6405066345558,26.042928902076515
Daylight_Near_20260114_210700_T7,1736905003.76,94,Daylight,Near,4,4,1280,720,23.47454007288973,2,2,alice,3,1,0.8913630343373766,723.3415154147361,222.10841255968785,830.928577296425,410.17467930863154,20233.497078576816,alice,0.890103223592458,diana,0.80274788184569,0.08735534174676796,alice,alice,alice,2,1,1,0,0,11.11410710182202,9.288315165698695,5.6405066345558,26.042928902076515
Daylight_Near_20260114_210700_T7,1736905003.76,94,Daylight,Near,4,4,1280,720,23.47454007288973,2,3,bob,4,1,0.9426978520394103,1080.3379033020149,220.01443702453034,1193.1721031634272,395.95152292144996,19851.720313127502,bob,0.9028861764969198,diana,0.7391087121119106,0.16377746438500917,bob,bob,bob,2,1,1,0,0,11.11410710182202,9.288315165698695,5.6405066345558,26.042928902076515
Daylight_Near_20260114_210700_T7,1736905003.8,95,Daylight,Near,4,4,1280,720,22.555518690886817,1,0,diana,1,1,0.8001818182877483,125.45655763989063,259.3046627788056,231.04409499450784,393.01737209811,14118.395690039126,diana,0.7970627665058565,bob,0.7347241253094904,0.06233864119636612,diana,diana,diana,2,1,1,0,0,10.468789063003117,5.159598199366008,8.540626931525377,24.1690141938945
Daylight_Near_20260114_210700_T7,1736905003.8,95,Daylight,Near,4,4,1280,720,22.555518690886817,1,1,chen,2,1,0.8492376057625819,445.6390431881674,219.3718204576165,542.5431459078118,397.0288139009922,17215.691541500062,chen,0.6312386204143621,diana,0.5703369423241357,0.0609016780902264,unknown,unknown,unknown,0,0,0,0,0,10.468789063003117,5.159598199366008,8.540626931525377,24.1690141938945
Daylight_Near_20260114_210700_T7,1736905003.8,95,Daylight,Near,4,4,1280,720,22.555518690886817,1,2,alice,3,1,0.7556871392870408,729.2364927892162,218.14080301187403,842.9235435455395,380.61672746072213,18471.40866949674,alice,0.8677582088713172,diana,0.7134206630307818,0.15433754584053538,alice,alice,alice,3,1,1,0,0,10.468789063003117,5.159598199366008,8.540626931525377,24.1690141938945
Daylight_Near_20260114_210700_T7,1736905003.8,95,Daylight,Near,4,4,1280,720,22.555518690886817,1,3,bob,4,1,0.5406654733162366,1028.5250130656732,210.16645011016493,1128.3493846740666,388.39756803656445,17791.8093480643,bob,0.7676511852743684,alice,0.6757471347812971,0.09190405049307127,bob,bob,bob,3,1,1,0,0,10.468789063003117,5.159598199366008,8.540626931525377,24.1690141938945
Daylight_Near_20260114_210700_T7,1736905003.84,96,Daylight,Near,4,4,1280,720,23.085814958800594,1,0,diana,-1,0,-1.0,-1.0,-1.0,-1.0,-1.0,0.0,unknown,-1.0,unknown,-1.0,-1.0,unknown,unknown,unknown,0,0,0,0,1,11.46162458452118,11.774339996447127,6.7567710049421645,29.992735585910474
Daylight_Near_20260114_210700_T7,1736905003.84,96,Daylight,Near,4,4,1280,720,23.085814958800594,1,1,chen,2,1,0.8576895081986525,425.72669459207816,201.91441170766066,526.4492510340964,365.71902276018045,16498.819182200266,chen,0.8749455569328043,bob,0.7235578707266627,0.15138768620614163,chen,chen,chen,1,1,1,0,0,11.46162458452118,11.774339996447127,6.7567710049421645,29.992735585910474
Daylight_Near_20260114_210700_T7,1736905003.84,96,Daylight,Near,4,4,1280,720,23.085814958800594,1,2,alice,3,1,0.8524831167335265,748.524136060368,236.97864725014276,862.5359242097928,434.7517641803727,22548.466709100787,alice,0.8644289547814119,bob,0.7669524606891354,0.09747649409227654,alice,alice,alice,3,1,1,0,0,11.46162458452118,11.774339996447127,6.7567710049421645,29.992735585910474
Daylight_Near_20260114_210700_T7,1736905003.84,96,Daylight,Near,4,4,1280,720,23.085814958800594,1,3,bob,4,1,0.7820631908304194,1055.0620538961407,274.41200571232577,1174.010073390546,432.8645654208813,18847.61816115169,chen,0.7227048390035068,bob,0.624358814640606,0.09834602436290074,chen,chen,chen,2,0,0,1,0,11.46162458452118,11.774339996447127,6.7567710049421645,29.992735585910474
Daylight_Near_20260114_210700_T7,1736905003.88,97,Daylight,Near,4,4,1280,720,23.7595266231355,2,0,diana,1,1,0.8246517299485576,139.47041532311266,220.75403689774288,242.8471574711238,409.4852320098593,19510.416092391242,diana,0.9053115971289302,chen,0.7957878546171189,0.1095237425118113,diana,diana,diana,3,1,1,0,0,10.30766581903185,7.6330927156572885,3.027294606945296,20.968053141634435
Daylight_Near_20260114_210700_T7,1736905003.88,97,Daylight,Near,4,4,1280,720,23.7595266231355,2,1,chen,2,1,0.9146368755411837,440.1104816515642,247.37037533623038,530.9033812613084,456.37629136363853,18976.253151719084,chen,0.8657428205999667,bob,0.7691114195927199,0.09663140100724676,chen,chen,chen,3,1,1,0,0,10.30766581903185,7.6330927156572885,3.027294606945296,20.968053141634435
Daylight_Near_20260114_210700_T7,1736905003.88,97,Daylight,Near,4,4,1280,720,23.7595266231355,2,2,alice,3,1,0.7054176957869146,731.4264592964726,232.0716414556652,816.3720144099914,422.36041184436027,16164.185232536625,alice,0.8213901680147401,bob,0.7460585386165858,0.0753316293981543,alice,alice,alice,3,1,1,0,0,10.30766581903185,7.6330927156572885,3.027294606945296,20.968053141634435
Daylight_Near_20260114_210700_T7,1736905003.88,97,Daylight,Near,4,4,1280,720,23.7595266231355,2,3,bob,4,1,0.8171215001375347,1064.8811118560907,346.610611562423,1168.910452859097,526.2527931989368,18688.05777198889,bob,0.8490362362902413,diana,0.7110708694111696,0.13796536687907168,bob,bob,bob,1,1,1,0,0,10.30766581903185,7.6330927156572885,3.027294606945296,20.968053141634435
Daylight_Near_20260114_210700_T7,1736905003.92,98,Daylight,Near,4,4,1280,720,26.566382762452875,2,0,diana,1,1,0.8969253481160654,134.38013555179776,232.43612770212772,216.9594259511524,379.39623477739246,12135.861359288541,diana,0.8991694121059809,bob,0.7372844986606647,0.1618849134453162,diana,diana,diana,2,1,1,0,0,7.410202908233149,8.166387513316804,5.24288220942684,20.819472630976794
Daylight_Near_20260114_210700_T7,1736905003.92,98,Daylight,Near,4,4,1280,720,26.566382762452875,2,1,chen,2,1,0.7857273939586931,467.9964142390388,216.49978960541796,557.3564759350527,352.6923080551576,12170.17185120424,chen,0.9037208665178493,alice,0.7800604488298739,0.12366041768797542,chen,chen,chen,1,1,1,0,0,7.410202908233149,8.166387513316804,5.24288220942684,20.819472630976794
Daylight_Near_20260114_210700_T7,1736905003.92,98,Daylight,Near,4,4,1280,720,26.566382762452875,2,2,alice,3,1,0.7499026611601188,741.9734964149652,267.2681239107022,830.4169754340326,462.6214001297797,17277.723386588055,alice,0.8610973142916242,bob,0.7628181962570816,0.09827911803454259,alice,alice,alice,1,1,1,0,0,7.410202908233149,8.166387513316804,5.24288220942684,20.819472630976794
Daylight_Near_20260114_210700_T7,1736905003.92,98,Daylight,Near,4,4,1280,720,26.566382762452875,2,3,bob,4,1,0.7345628425969453,1072.0245598017527,201.4573303537103,1163.5321427257504,407.8971410657515,18890.808097546498,diana,0.70657669691649,bob,0.6732986286023482,0.03327806831414182,unknown,unknown,unknown,0,0,0,0,0,7.410202908233149,8.166387513316804,5.24288220942684,20.819472630976794
Daylight_Near_20260114_210700_T7,1736905003.96,99,Daylight,Near,4,4,1280,720,25.899642837774575,1,0,diana,1,1,0.8045490301049668,99.78356652562653,242.22288159161607,194.25901037070506,376.71373903060794,12706.083449653937,diana,0.8164118945509913,alice,0.7367941262623766,0.07961776828861467,diana,diana,diana,2,1,1,0,0,19.217302213935046,18.39819913057202,11.253944059225866,48.86944540373293
Daylight_Near_20260114_210700_T7,1736905003.96,99,Daylight,Near,4,4,1280,720,25.899642837774575,1,1,chen,2,1,0.8296305160454726,462.4923965165266,294.60913458201674,553.0174707264957,431.0173115656871,12348.360344293367,chen,0.832542172982673,bob,0.6614356463162795,0.17110652666639348,chen,chen,chen,2,1,1,0,0,19.217302213935046,18.39819913057202,11.253944059225866,48.86944540373293
Daylight_Near_20260114_210700_T7,1736905003.96,99,Daylight,Near,4,4,1280,720,25.899642837774575,1,2,alice,3,1,0.6682909678991177,743.1205036678425,192.94264489260496,850.9017876485332,403.4191974327601,22685.433080607218,alice,0.8631892475770871,bob,0.7844580527313423,0.07873119484574487,alice,alice,alice,1,1,1,0,0,19.217302213935046,18.39819913057202,11.253944059225866,48.86944540373293
Daylight_Near_20260114_210700_T7,1736905003.96,99,Daylight,Near,4,4,1280,720,25.899642837774575,1,3,bob,4,1,0.619214937987534,1060.2898212022296,202.16608430370576,1186.2545814685354,365.0426257140635,20516.70449176074,bob,0.7659394326951181,chen,0.6886634979690152,0.07727593472610295,bob,bob,bob,2,1,1,0,0,19.217302213935046,18.39819913057202,11.253944059225866,48.86944540373293
Daylight_Near_20260114_210700_T7,1736905004.0,100,Daylight,Near,4,4,1280,720,26.727591327731297,2,0,diana,1,1,0.755929067428195,118.93218327136321,252.8339477372708,215.8943158928821,441.59215136902776,18302.397973942087,diana,0.8864902248764911,chen,0.7378360535270811,0.14865417134940995,diana,diana,diana,2,1,1,0,0,10.00938080414337,4.770951330489522,4.522979145839674,19.303311280472567
Daylight_Near_20260114_210700_T7,1736905004.0,100,Daylight,Near,4,4,1280,720,26.727591327731297,2,1,chen,2,1,0.8086743562805244,409.8733390371524,233.41206144861312,499.43927096940445,434.65901087401573,18024.870573808985,chen,0.8622937644309108,bob,0.7665694759638942,0.09572428846701653,chen,chen,chen,1,1,1,0,0,10.00938080414337,4.770951330489522,4.522979145839674,19.303311280472567
Daylight_Near_20260114_210700_T7,1736905004.0,100,Daylight,Near,4,4,1280,720,26.727591327731297,2,2,alice,3,1,0.8486532420082074,767.9074660906088,220.87445362146462,877.579640865627,363.4370069521188,15635.14526525236,alice,0.8196143441859717,chen,0.7534530981119825,0.06616124607398921,alice,alice,alice,2,1,1,0,0,10.00938080414337,4.770951330489522,4.522979145839674,19.303311280472567
Daylight_Near_20260114_210700_T7,1736905004.0,100,Daylight,Near,4,4,1280,720,26.727591327731297,2,3,bob,4,1,0.7563405912936342,1058.765251042427,257.89803345361605,1174.8114145216948,408.81159442093536,17512.93976725198,bob,0.8486033001459775,diana,0.7236087865453461,0.12499451360063141,bob,bob,bob,2,1,1,0,0,10.00938080414337,4.770951330489522,4.522979145839674,19.303311280472567
Daylight_Near_20260114_210700_T7,1736905004.04,101,Daylight,Near,4,4,1280,720,27.370132445857863,3,0,diana,1,1,0.8404356197513797,99.77846437090481,276.8403956675292,210.7900901024678,419.2242442499624,15806.262509052605,diana,0.9231745738540262,alice,0.842827216997946,0.08034735685608019,diana,diana,diana,1,1,1,0,0,14.8635241742347,6.157605802686851,7.235042151875212,28.256172128796763
Daylight_Near_20260114_210700_T7,1736905004.04,101,Daylight,Near,4,4,1280,720,27.370132445857863,3,1,chen,2,1,0.8155929943774651,415.62848680430386,217.4599838637204,543.1706424733374,386.3720897165033,21543.4140990599,chen,0.9521461289617507,bob,0.7909591798922231,0.16118694906952757,chen,chen,chen,1,1,1,0,0,14.8635241742347,6.157605802686851,7.235042151875212,28.256172128796763
Daylight_Near_20260114_210700_T7,1736905004.04,101,Daylight,Near,4,4,1280,720,27.370132445857863,3,2,alice,3,1,0.8689626914546655,748.2721927791966,276.4685727456815,840.4186155248432,454.49788618486593,16404.7643772843,alice,0.8991023483738508,chen,0.8264681742554282,0.07263417411842266,alice,alice,alice,3,1,1,0,0,14.8635241742347,6.157605802686851,7.235042151875212,28.256172128796763
Daylight_Near_20260114_210700_T7,1736905004.04,101,Daylight,Near,4,4,1280,720,27.370132445857863,3,3,bob,4,1,0.7261148609590812,1077.4090178109943,325.07566428427623,1169.5787012858307,459.7951629787987,12417.053552562766,bob,0.7970313003122741,alice,0.6839131882682987,0.11311811204397537,bob,bob,bob,1,1,1,0,0,14.8635241742347,6.157605802686851,7.235042151875212,28.256172128796763
Daylight_Near_20260114_210700_T7,1736905004.08,102,Daylight,Near,4,4,1280,720,21.324207453377966,1,0,diana,1,1,0.7880304202160621,108.6907749578821,222.82294634978535,205.39868785443096,380.6503929902031,15263.162962386234,diana,0.8783728632604861,bob,0.7073654277981312,0.17100743546235497,diana,diana,diana,2,1,1,0,0,13.408279712329188,6.864911265272023,13.442443643206456,33.71563462080767
Daylight_Near_20260114_210700_T7,1736905004.08,102,Daylight,Near,4,4,1280,720,21.324207453377966,1,1,chen,2,1,0.9433322014073604,441.6260110116738,150.14291475362717,540.7666096313756,310.3096472441717,15879.025738074215,chen,0.9081617579824798,bob,0.8478901638317662,0.06027159415071359,chen,chen,chen,2,1,1,0,0,13.408279712329188,6.864911265272023,13.442443643206456,33.71563462080767
Daylight_Near_20260114_210700_T7,1736905004.08,102,Daylight,Near,4,4,1280,720,21.324207453377966,1,2,alice,3,1,0.7680272973121217,754.6503416491576,282.2983829931038,835.2077841473003,421.80986120261616,11238.687883693692,alice,0.8799313518332599,chen,0.7847218486403453,0.09520950319291455,alice,alice,alice,1,1,1,0,0,13.408279712329188,6.864911265272023,13.442443643206456,33.71563462080767
Daylight_Near_20260114_210700_T7,1736905004.08,102,Daylight,Near,4,4,1280,720,21.324207453377966,1,3,bob,4,1,0.7305299104475602,1063.6871908918474,320.1270705158797,1147.8967823054222,472.0249418765835,12791.25768387661,diana,0.6337138906221104,alice,0.5643457387074646,0.06936815191464574,unknown,unknown,unknown,0,0,0,0,0,13.408279712329188,6.864911265272023,13.442443643206456,33.71563462080767
Daylight_Near_20260114_210700_T7,1736905004.12,103,Daylight,Near,4,4,1280,720,25.253926777411035,1,0,diana,1,1,0.9037156192996775,105.20938593075485,280.2877926020501,191.77937505496968,483.7017520748037,17609.54425926976,diana,0.8799953313157536,alice,0.7997935537867503,0.08020177752900326,diana,diana,diana,2,1,1,0,0,15.555619711318107,10.74542430351779,3.1823862520288717,29.48343026686477
Daylight_Near_20260114_210700_T7,1736905004.12,103,Daylight,Near,4,4,1280,720,25.253926777411035,1,1,chen,2,1,0.8273184048720089,444.1641645803204,221.6065418704859,536.4814791670157,398.5797988222257,16337.695835445818,chen,0.9738646638878672,alice,0.8929714146438221,0.08089324924404506,chen,chen,chen,2,1,1,0,0,15.555619711318107,10.74542430351779,3.1823862520288717,29.48343026686477
Daylight_Near_20260114_210700_T7,1736905004.12,103,Daylight,Near,4,4,1280,720,25.253926777411035,1,2,alice,3,1,0.8066021290927039,744.4701107641253,238.69692669256295,862.8432777509682,445.9871916989733,24537.605154350746,alice,0.9158097517110712,diana,0.8254120925184993,0.09039765919257181,alice,alice,alice,2,1,1,0,0,15.555619711318107,10.74542430351779,3.1823862520288717,29.48343026686477
Daylight_Near_20260114_210700_T7,1736905004.12,103,Daylight,Near,4,4,1280,720,25.253926777411035,1,3,bob,4,1,0.6917604362733877,1057.135498056151,185.65840145386989,1140.225314797991,361.5235707292979,14612.604686367977,bob,0.9043554736023737,alice,0.8248519706009447,0.07950350300142894,bob,bob,bob,2,1,1,0,0,15.555619711318107,10.74542430351779,3.1823862520288717,29.48343026686477
Daylight_Near_20260114_210700_T7,1736905004.16,104,Daylight,Near,4,4,1280,720,25.347378323242005,2,0,diana,-1,0,-1.0,-1.0,-1.0,-1.0,-1.0,0.0,unknown,-1.0,unknown,-1.0,-1.0,unknown,unknown,unknown,0,0,0,0,1,19.54123380147752,15.395024031185491,10.007717578732658,44.94397541139567
Daylight_Near_20260114_210700_T7,1736905004.16,104,Daylight,Near,4,4,1280,720,25.347378323242005,2,1,chen,2,1,0.6700023463033358,415.3503921665524,214.18699331175878,525.5964625936393,400.6023776263038,20551.563587833803,chen,0.911712118590287,bob,0.7620171463329957,0.14969497225729134,chen,chen,chen,2,1,1,0,0,19.54123380147752,15.395024031185491,10.007717578732658,44.94397541139567
Daylight_Near_20260114_210700_T7,1736905004.16,104,Daylight,Near,4,4,1280,720,25.347378323242005,2,2,alice,3,1,0.8187183430493846,720.4122793083194,206.80034688745357,816.2174728506071,412.2624268374726,19684.33433521257,alice,0.935678827336516,diana,0.7799432785389707,0.15573554879754525,alice,alice,alice,2,1,1,0,0,19.54123380147752,15.395024031185491,10.007717578732658,44.94397541139567
Daylight_Near_20260114_210700_T7,1736905004.16,104,Daylight,Near,4,4,1280,720,25.347378323242005,2,3,bob,4,1,0.8371157528718739,1061.3586948262475,218.1035363563256,1146.998705997504,386.97977404801617,14462.562882476139,bob,0.9220547558515009,alice,0.8089351766167748,0.11311957923472604,bob,bob,bob,3,1,1,0,0,19.54123380147752,15.395024031185491,10.007717578732658,44.94397541139567
Daylight_Near_20260114_210700_T7,1736905004.2,105,Daylight,Near,4,4,1280,720,25.497543369945383,0,0,diana,1,1,0.7840359984600702,124.48206881685365,233.35751007811268,216.6884120044125,387.7365537394303,14234.727080802582,diana,0.8175853608818447,chen,0.6437007136875164,0.1738846471943284,diana,diana,diana,2,1,1,0,0,11.758438179744934,8.695296337121038,13.038172338283578,33.49190685514955
Daylight_Near_20260114_210700_T7,1736905004.2,105,Daylight,Near,4,4,1280,720,25.497543369945383,0,1,chen,2,1,0.789394751479519,437.92788167407036,277.0680462030797,535.3492300958172,421.7048906213164,14090.716414691033,chen,0.8226963277478845,alice,0.715256542132952,0.1074397856149325,chen,chen,chen,2,1,1,0,0,11.758438179744934,8.695296337121038,13.038172338283578,33.49190685514955
Daylight_Near_20260114_210700_T7,1736905004.2,105,Daylight,Near,4,4,1280,720,25.497543369945383,0,2,alice,3,1,0.6927471486437721,709.5335308524496,201.77669779076564,827.3930315925307,347.13043316578364,17131.318682005487,alice,0.8302699266904897,chen,0.6956732305086061,0.13459669618188363,alice,alice,alice,2,1,1,0,0,11.758438179744934,8.695296337121038,13.038172338283578,33.49190685514955
Daylight_Near_20260114_210700_T7,1736905004.2,105,Daylight,Near,4,4,1280,720,25.497543369945383,0,3,bob,4,1,0.7574538538609586,1083.2308242032184,336.3967892866149,1186.1413241403013,470.77749702553206,13829.185815310997,chen,0.7063223283557486,bob,0.6659756602851624,0.04034666807058618,unknown,unknown,unknown,0,0,0,0,0,11.758438179744934,8.695296337121038,13.038172338283578,33.49190685514955
Daylight_Near_20260114_210700_T7,1736905004.24,106,Daylight,Near,4,4,1280,720,27.412414021378076,1,0,diana,1,1,0.9554023603580466,119.24843441404002,264.6490135388011,214.05061455632543,420.05030093345306,14732.38084193086,diana,0.8246143719041311,alice,0.7119679239287602,0.11264644797537093,diana,diana,diana,3,1,1,0,0,11.132133716557641,10.027982105004781,8.526703312860846,29.686819134423267
Daylight_Near_20260114_210700_T7,1736905004.24,106,Daylight,Near,4,4,1280,720,27.412414021378076,1,1,chen,2,1,0.7345819127708435,416.9683017768215,199.07683383538006,508.281485726224,400.9241968860621,18431.325391948758,chen,0.832940590744458,bob,0.6566421135737509,0.17629847717070712,chen,chen,chen,2,1,1,0,0,11.132133716557641,10.027982105004781,8.526703312860846,29.686819134423267
Daylight_Near_20260114_210700_T7,1736905004.24,106,Daylight,Near,4,4,1280,720,27.412414021378076,1,2,alice,3,1,0.8909187597515343,748.3326864320268,261.01779669491884,876.2068013446644,458.77040848619345,25287.440204471673,alice,0.8196213377549061,chen,0.7382442093772835,0.08137712837762257,alice,alice,alice,1,1,1,0,0,11.132133716557641,10.027982105004781,8.526703312860846,29.686819134423267
Daylight_Near_20260114_210700_T7,1736905004.24,106,Daylight,Near,4,4,1280,720,27.412414021378076,1,3,bob,4,1,0.8060438706382648,1062.5125502887722,196.77380743849832,1177.8411159188377,400.93818132632975,23545.984393243987,bob,0.9030157025310371,alice,0.7754753417413549,0.12754036078968223,bob,bob,bob,2,1,1,0,0,11.132133716557641,10.027982105004781,8.526703312860846,29.686819134423267
Daylight_Near_20260114_210700_T7,1736905004.28,107,Daylight,Near,4,4,1280,720,24.75874059010849,1,0,diana,1,1,0.6138307351822425,101.48953516716065,247.04460830999346,225.56841243024073,432.0155336805376,22950.98474629009,diana,0.8469414128274217,bob,0.7436076071999101,0.1033338056275116,diana,diana,diana,2,1,1,0,0,10.564566853019544,8.927554481428425,4.652636185514407,24.144757519962376
Daylight_Near_20260114_210700_T7,1736905004.28,107,Daylight,Near,4,4,1280,720,24.75874059010849,1,1,chen,2,1,0.7120710472531044,446.82718480400206,251.9997193378416,554.5767690589264,439.2171421529796,20172.599473609505,chen,0.8425504023845677,diana,0.7699295539085389,0.07262084847602879,chen,chen,chen,2,1,1,0,0,10.564566853019544,8.927554481428425,4.652636185514407,24.144757519962376
Daylight_Near_20260114_210700_T7,1736905004.28,107,Daylight,Near,4,4,1280,720,24.75874059010849,1,2,alice,3,1,0.6635717073895292,757.6556311360553,217.02547577532323,838.3784018434992,424.55803167953536,16752.602924585506,chen,0.7836283108042223,alice,0.7081133393814333,0.07551497142278907,chen,chen,chen,1,0,0,1,0,10.564566853019544,8.927554481428425,4.652636185514407,24.144757519962376
Daylight_Near_20260114_210700_T7,1736905004.28,107,Daylight,Near,4,4,1280,720,24.75874059010849,1,3,bob,4,1,0.8123334918524839,1051.8150489398045,202.69760575068898,1160.5700489685837,400.7428873903471,21538.414610420616,bob,0.8607723512598323,diana,0.7384313768398455,0.12234097441998681,bob,bob,bob,2,1,1,0,0,10.564566853019544,8.927554481428425,4.652636185514407,24.144757519962376
Daylight_Near_20260114_210700_T7,1736905004.32,108,Daylight,Near,4,4,1280,720,24.195713213237408,0,0,diana,1,1,0.7535169524707274,101.0149146534605,214.1368848421571,206.44679180951522,352.57613080479155,14595.90957390932,diana,0.8336232038282148,alice,0.7594983814465694,0.0741248223816453,diana,diana,diana,3,1,1,0,0,11.755704784325713,7.0385925146284425,4.012346751106737,22.806644050060893
Daylight_Near_20260114_210700_T7,1736905004.32,108,Daylight,Near,4,4,1280,720,24.195713213237408,0,1,chen,2,1,0.751120495847699,401.9933831760363,250.85099521110504,493.4454786661668,431.7792186019398,16546.265162398293,chen,0.8430388601888774,bob,0.6751903648435008,0.1678484953453766,chen,chen,chen,1,1,1,0,0,11.755704784325713,7.0385925146284425,4.012346751106737,22.806644050060893
Daylight_Near_20260114_210700_T7,1736905004.32,108,Daylight,Near,4,4,1280,720,24.195713213237408,0,2,alice,3,1,0.6596502675428288,742.678119430285,145.81209212349503,846.4296010892108,308.17487807164594,16845.379608391664,alice,0.8131647013292232,bob,0.7086824435086045,0.1044822578206187,alice,alice,alice,2,1,1,0,0,11.755704784325713,7.0385925146284425,4.012346751106737,22.806644050060893
Daylight_Near_20260114_210700_T7,1736905004.32,108,Daylight,Near,4,4,1280,720,24.195713213237408,0,3,bob,4,1,0.7807896937232573,1066.4997498068453,231.3103012204803,1173.5390610250372,379.25396232906013,15835.787584159983,bob,0.8576657625213574,diana,0.721979750395819,0.13568601212553844,bob,bob,bob,1,1,1,0,0,11.755704784325713,7.0385925146284425,4.012346751106737,22.806644050060893
Daylight_Near_20260114_210700_T7,1736905004.36,109,Daylight,Near,4,4,1280,720,25.164899181830393,0,0,diana,1,1,0.8590450795795778,109.46549463445544,238.9925037662676,223.93897510310748,398.76463576782777,18289.672032115493,diana,0.8307137109353291,chen,0.6709106497583417,0.1598030611769874,diana,diana,diana,2,1,1,0,0,13.428820875277763,10.671266798527355,5.0943188525039265,29.194406526309045
Daylight_Near_20260114_210700_T7,1736905004.36,109,Daylight,Near,4,4,1280,720,25.164899181830393,0,1,chen,2,1,0.8244484123128177,437.45858929742076,273.27542485767214,518.2730609004295,428.40735599256,12536.905043420305,chen,0.8022756353653557,alice,0.6612517764435909,0.14102385892176483,chen,chen,chen,2,1,1,0,0,13.428820875277763,10.671266798527355,5.0943188525039265,29.194406526309045
Daylight_Near_20260114_210700_T7,1736905004.36,109,Daylight,Near,4,4,1280,720,25.164899181830393,0,2,alice,3,1,0.85385433013962,739.1078333786083,228.81669158646704,839.0237862720278,368.84585849825896,13991.14764486337,alice,0.9056284958319535,chen,0.7940325857265209,0.11159591010543257,alice,alice,alice,2,1,1,0,0,13.428820875277763,10.671266798527355,5.0943188525039265,29.194406526309045
Daylight_Near_20260114_210700_T7,1736905004.36,109,Daylight,Near,4,4,1280,720,25.164899181830393,0,3,bob,4,1,0.8665067789939132,1059.8456287223853,317.1629649607546,1179.563314950638,485.63905778112644,20169.568017231246,bob,0.8309940048202752,alice,0.6540417222230478,0.1769522825972274,bob,bob,bob,3,1,1,0,0,13.428820875277763,10.671266798527355,5.0943188525039265,29.194406526309045
Daylight_Near_20260114_210700_T7,1736905004.4,110,Daylight,Near,4,4,1280,720,26.33195873792679,2,0,diana,1,1,0.9003407253192685,105.96672101858381,214.29404461372053,228.11564478824295,416.4581709772789,24694.130460142027,diana,0.7570043512290471,bob,0.6450788754259396,0.11192547580310752,diana,diana,diana,1,1,1,0,0,14.329274913733455,7.07753764760159,6.996959519162775,28.40377208049782
Daylight_Near_20260114_210700_T7,1736905004.4,110,Daylight,Near,4,4,1280,720,26.33195873792679,2,1,chen,2,1,0.7499138709835884,423.4260117069,283.88893043650876,529.0672169700341,438.6217247511926,16346.158885135823,chen,0.8686105867143412,alice,0.7736392904595522,0.09497129625478906,chen,chen,chen,2,1,1,0,0,14.329274913733455,7.07753764760159,6.996959519162775,28.40377208049782
Daylight_Near_20260114_210700_T7,1736905004.4,110,Daylight,Near,4,4,1280,720,26.33195873792679,2,2,alice,3,1,0.9028442481556539,756.805426742909,239.33578086415986,864.8610224112147,431.3773726384151,20751.168592256734,alice,0.8638804767293454,chen,0.7718754743052294,0.09200500242411602,alice,alice,alice,3,1,1,0,0,14.329274913733455,7.07753764760159,6.996959519162775,28.40377208049782
Daylight_Near_20260114_210700_T7,1736905004.4,110,Daylight,Near,4,4,1280,720,26.33195873792679,2,3,bob,4,1,0.7138921573538949,1026.442072343955,112.83960352495815,1117.5792521659876,269.944018085506,14318.053280639795,bob,0.8305293762978168,chen,0.7163467837231786,0.11418259257463814,bob,bob,bob,2,1,1,0,0,14.329274913733455,7.07753764760159,6.996959519162775,28.40377208049782
Daylight_Near_20260114_210700_T7,1736905004.44,111,Daylight,Near,4,4,1280,720,25.564425027135318,1,0,diana,1,1,0.704052705424864,80.52374386894522,247.0380643988392,189.36057562445924,403.2116103141717,16997.43394144909,diana,0.8895526469083183,bob,0.7706324107547758,0.11892023615354241,diana,diana,diana,3,1,1,0,0,10.947926450485276,5.738097038822681,3.390053966255336,20.076077455563293
Daylight_Near_20260114_210700_T7,1736905004.44,111,Daylight,Near,4,4,1280,720,25.564425027135318,1,1,chen,-1,0,-1.0,-1.0,-1.0,-1.0,-1.0,0.0,unknown,-1.0,unknown,-1.0,-1.0,unknown,unknown,unknown,0,0,0,0,1,10.947926450485276,5.738097038822681,3.390053966255336,20.076077455563293
Daylight_Near_20260114_210700_T7,1736905004.44,111,Daylight,Near,4,4,1280,720,25.564425027135318,1,2,alice,3,1,0.6630420658277268,759.7624599456564,266.852083738828,840.845148137321,408.57938634488426,11491.630685452552,alice,0.813748747752266,bob,0.6370544614195097,0.1766942863327563,alice,alice,alice,2,1,1,0,0,10.947926450485276,5.738097038822681,3.390053966255336,20.076077455563293
Daylight_Near_20260114_210700_T7,1736905004.44,111,Daylight,Near,4,4,1280,720,25.564425027135318,1,3,bob,4,1,0.8001692295152164,1075.9225083245385,205.31700395686283,1189.3533951669826,382.40028826947815,20086.71398455263,bob,0.9013385243713432,chen,0.8318109703401644,0.06952755403117883,bob,bob,bob,2,1,1,0,0,10.947926450485276,5.738097038822681,3.390053966255336,20.076077455563293
Daylight_Near_20260114_210700_T7,1736905004.48,112,Daylight,Near,4,4,1280,720,21.59100187195335,2,0,diana,1,1,0.8015210494258104,86.96712367031182,277.42505719488923,173.43470854029277,469.89866992233584,16642.728443742337,diana,0.712237685359849,bob,0.6828165626389145,0.029421122720934445,unknown,unknown,unknown,0,0,0,0,0,13.770020814191522,7.1026875963623235,10.275010020802657,31.147718431356502
Daylight_Near_20260114_210700_T7,1736905004.48,112,Daylight,Near,4,4,1280,720,21.59100187195335,2,1,chen,2,1,0.8099627962150866,421.3241516885382,245.17230137369674,517.3577934819298,416.9038236813425,16492.003497926282,chen,0.8814093736282612,alice,0.7545807341082377,0.12682863952002355,chen,chen,chen,2,1,1,0,0,13.770020814191522,7.1026875963623235,10.275010020802657,31.147718431356502
Daylight_Near_20260114_210700_T7,1736905004.48,112,Daylight,Near,4,4,1280,720,21.59100187195335,2,2,alice,3,1,0.755344095993791,715.7509959171377,285.449368105606,797.0835501904069,445.3129435995643,13002.112930181216,alice,0.9560924947144596,bob,0.891480832489316,0.06461166222514358,alice,alice,alice,3,1,1,0,0,13.770020814191522,7.1026875963623235,10.275010020802657,31.147718431356502
Daylight_Near_20260114_210700_T7,1736905004.48,112,Daylight,Near,4,4,1280,720,21.59100187195335,2,3,bob,4,1,0.790762638932713,1069.5229852205318,174.48837791254925,1159.553821040049,370.7221898475493,17667.094104557975,bob,0.8351752498081706,chen,0.7475207944422522,0.08765445536591843,bob,bob,bob,1,1,1,0,0,13.770020814191522,7.1026875963623235,10.275010020802657,31.147718431356502
Daylight_Near_20260114_210700_T7,1736905004.52,113,Daylight,Near,4,4,1280,720,21.03171522584158,4,0,diana,1,1,0.8954428804228094,134.2570892780692,184.97518510956655,235.41356389812938,395.98658854763295,21345.16967642604,diana,0.9553808314100863,alice,0.8813677428491347,0.07401308856095168,diana,diana,diana,2,1,1,0,0,8.158034909264815,5.342546286483231,6.9804496240196565,20.481030819767703
Daylight_Near_20260114_210700_T7,1736905004.52,113,Daylight,Near,4,4,1280,720,21.03171522584158,4,1,chen,2,1,0.7848433998494219,443.0557432943733,227.37435690581037,534.2311634504701,416.8041058524557,17271.336950274326,chen,0.7708721004415902,alice,0.7097365284625546,0.06113557197903552,chen,chen,chen,2,1,1,0,0,8.158034909264815,5.342546286483231,6.9804496240196565,20.481030819767703
Daylight_Near_20260114_210700_T7,1736905004.52,113,Daylight,Near,4,4,1280,720,21.03171522584158,4,2,alice,3,1,0.8289752362012829,754.1926730542284,256.19455493686746,868.6007869931288,449.48484736520936,22113.977799425127,alice,0.7753505811642418,bob,0.6901518859104457,0.08519869525379609,alice,alice,alice,1,1,1,0,0,8.158034909264815,5.342546286483231,6.9804496240196565,20.481030819767703
Daylight_Near_20260114_210700_T7,1736905004.52,113,Daylight,Near,4,4,1280,720,21.03171522584158,4,3,bob,4,1,0.7851613645330485,1059.1065526778984,249.47693131931982,1152.0032469784578,401.2296188119845,14097.32301929439,alice,0.7418967227774548,chen,0.7243569176503278,0.01753980512712694,unknown,unknown,unknown,0,0,0,0,0,8.158034909264815,5.342546286483231,6.9804496240196565,20.481030819767703
Daylight_Near_20260114_210700_T7,1736905004.56,114,Daylight,Near,4,4,1280,720,25.103492698450044,2,0,diana,1,1,0.7784390878445842,118.07590572450457,148.23026030858404,230.86224982977635,344.6047846919067,22148.36468060651,diana,0.8003589189218484,alice,0.6750010125981474,0.12535790632370103,diana,diana,diana,3,1,1,0,0,14.362762318983709,10.739947110448096,9.304729965181473,34.40743939461328
Daylight_Near_20260114_210700_T7,1736905004.56,114,Daylight,Near,4,4,1280,720,25.103492698450044,2,1,chen,2,1,0.8473563598419752,457.5611991777075,243.84894264396422,543.4792755773223,410.44062681280997,14313.237047959377,chen,0.8361636466807746,diana,0.6969519449797852,0.1392117017009894,chen,chen,chen,2,1,1,0,0,14.362762318983709,10.739947110448096,9.304729965181473,34.40743939461328
Daylight_Near_20260114_210700_T7,1736905004.56,114,Daylight,Near,4,4,1280,720,25.103492698450044,2,2,alice,3,1,0.700283287465046,768.9488565314392,335.31411959105645,855.3823030958125,467.4667159357261,11422.404374500196,alice,0.8787109245747506,bob,0.8031977243014035,0.07551320027334718,alice,alice,alice,2,1,1,0,0,14.362762318983709,10.739947110448096,9.304729965181473,34.40743939461328
Daylight_Near_20260114_210700_T7,1736905004.56,114,Daylight,Near,4,4,1280,720,25.103492698450044,2,3,bob,4,1,0.8089589050850171,1073.0362513591083,271.16237970054885,1180.2686081041854,472.13546394157675,21550.817465492342,bob,0.9221836685172354,alice,0.8320224842371053,0.09016118428013009,bob,bob,bob,2,1,1,0,0,14.362762318983709,10.739947110448096,9.304729965181473,34.40743939461328
Daylight_Near_20260114_210700_T7,1736905004.6,115,Daylight,Near,4,4,1280,720,24.70407136898003,1,0,diana,1,1,0.7384181424879616,102.72212647242137,230.02490721140862,205.8823927890338,369.8358718653043,14422.936347678364,diana,0.8486193718335394,bob,0.7849734734275625,0.0636458984059769,diana,diana,diana,2,1,1,0,0,14.280396358731373,8.264826671892218,9.103176505535414,31.648399536159005
Daylight_Near_20260114_210700_T7,1736905004.6,115,Daylight,Near,4,4,1280,720,24.70407136898003,1,1,chen,2,1,0.7746112078763613,423.67938550693873,292.3972822090631,530.4619695765945,454.05514845811325,17262.24469326036,chen,0.8185957689411348,diana,0.6501013078728254,0.16849446106830945,chen,chen,chen,3,1,1,0,0,14.280396358731373,8.264826671892218,9.103176505535414,31.648399536159005
Daylight_Near_20260114_210700_T7,1736905004.6,115,Daylight,Near,4,4,1280,720,24.70407136898003,1,2,alice,3,1,0.8091927670782846,727.7639730517552,198.1564998606782,847.3909820197833,413.3838867558745,25747.00854227691,alice,0.9699008871466666,bob,0.8250794084854094,0.14482147866125716,alice,alice,alice,2,1,1,0,0,14.280396358731373,8.264826671892218,9.103176505535414,31.648399536159005
Daylight_Near_20260114_210700_T7,1736905004.6,115,Daylight,Near,4,4,1280,720,24.70407136898003,1,3,bob,4,1,0.9027557778933569,1070.2591978919102,207.06071314812172,1177.323134626659,391.3778063458615,19733.713605255634,bob,0.7745072448081096,chen,0.6547283273076754,0.11977891750043423,bob,bob,bob,2,1,1,0,0,14.280396358731373,8.264826671892218,9.103176505535414,31.648399536159005
Daylight_Near_20260114_210700_T7,1736905004.64,116,Daylight,Near,4,4,1280,720,26.282073318083278,1,0,diana,1,1,0.7545888604563272,118.14983795350666,229.02440759016272,221.7324207400983,443.4380057289202,22209.514279778836,diana,0.8694637785628485,chen,0.7335157799409486,0.13594799862189988,diana,diana,diana,2,1,1,0,0,9.684450595424707,8.191151585191546,7.667970485777159,25.543572666393413
Daylight_Near_20260114_210700_T7,1736905004.64,116,Daylight,Near,4,4,1280,720,26.282073318083278,1,1,chen,2,1,0.8944681294932126,428.2271183622032,284.5069992958825,550.0004371147555,444.6808453356985,19504.900809628754,chen,0.7278859485930212,alice,0.6345338305142341,0.09335211807878718,chen,chen,chen,2,1,1,0,0,9.684450595424707,8.191151585191546,7.667970485777159,25.543572666393413
Daylight_Near_20260114_210700_T7,1736905004.64,116,Daylight,Near,4,4,1280,720,26.282073318083278,1,2,alice,3,1,0.7683065423659294,719.204370365167,237.03456073746082,836.2323069025833,395.5013416296553,18545.040377540387,alice,0.8425290497969239,bob,0.7112374773707316,0.13129157242619227,alice,alice,alice,1,1,1,0,0,9.684450595424707,8.191151585191546,7.667970485777159,25.543572666393413
Daylight_Near_20260114_210700_T7,1736905004.64,116,Daylight,Near,4,4,1280,720,26.282073318083278,1,3,bob,4,1,0.9173540472754449,1059.9265610060434,280.890695008376,1185.2384959553115,444.893395664544,20551.495756130018,bob,0.8159716115325344,chen,0.704283866239927,0.11168774529260739,bob,bob,bob,3,1,1,0,0,9.684450595424707,8.191151585191546,7.667970485777159,25.543572666393413
Daylight_Near_20260114_210700_T7,1736905004.68,117,Daylight,Near,4,4,1280,720,23.31195900007316,0,0,diana,1,1,0.8488773002782399,105.55462325850557,291.2522147179189,187.65752804917105,423.3663552053429,10846.954697939578,diana,0.8631413394621614,alice,0.7319268959640562,0.13121444349810518,diana,diana,diana,1,1,1,0,0,21.076770255347185,8.965157858423545,9.859528127705723,39.90145624147645
Daylight_Near_20260114_210700_T7,1736905004.68,117,Daylight,Near,4,4,1280,720,23.31195900007316,0,1,chen,2,1,0.708082987746259,402.3854495807725,264.5757207523119,506.56036596123556,460.2075836609421,20379.932959860762,chen,0.8696538119353456,bob,0.7309673923752307,0.13868641956011496,chen,chen,chen,2,1,1,0,0,21.076770255347185,8.965157858423545,9.859528127705723,39.90145624147645
Daylight_Near_20260114_210700_T7,1736905004.68,117,Daylight,Near,4,4,1280,720,23.31195900007316,0,2,alice,3,1,0.7277512776098624,762.4682195089408,264.26954435349745,843.6826776892885,445.65147049803915,14730.8348555368,alice,0.8248300982691148,chen,0.6565722179038379,0.1682578803652769,alice,alice,alice,3,1,1,0,0,21.076770255347185,8.965157858423545,9.859528127705723,39.90145624147645
Daylight_Near_20260114_210700_T7,1736905004.68,117,Daylight,Near,4,4,1280,720,23.31195900007316,0,3,bob,4,1,0.7645601435329145,1029.897047148828,174.8419696540032,1148.1485776736838,342.3156733884161,19804.021789260572,bob,0.8337361276325308,diana,0.7140648651413041,0.11967126249122673,bob,bob,bob,2,1,1,0,0,21.076770255347185,8.965157858423545,9.859528127705723,39.90145624147645
Daylight_Near_20260114_210700_T7,1736905004.72,118,Daylight,Near,4,4,1280,720,25.33990066417333,2,0,diana,1,1,0.8673952586506393,105.60035467788248,257.75558592413444,216.7217015369926,409.7938272067526,16894.69414541489,diana,0.8509431174351392,alice,0.7883027646843366,0.0626403527508026,diana,diana,diana,2,1,1,0,0,15.1954716520916,11.204090122824853,1.7954207335708645,28.194982508487318
Daylight_Near_20260114_210700_T7,1736905004.72,118,Daylight,Near,4,4,1280,720,25.33990066417333,2,1,chen,2,1,0.8470624774182963,434.2206661368406,264.1199389221773,533.3147799868514,461.6351800735689,19572.597793768335,diana,0.6515166561733611,bob,0.6206972521445935,0.030819404028767594,unknown,unknown,unknown,0,0,0,0,0,15.1954716520916,11.204090122824853,1.7954207335708645,28.194982508487318
Daylight_Near_20260114_210700_T7,1736905004.72,118,Daylight,Near,4,4,1280,720,25.33990066417333,2,2,alice,3,1,0.6196264452860256,746.1702832472389,199.03410876803773,859.2609429553876,346.830582467171,16714.400713173025,alice,0.9312399400370313,chen,0.8677232507343678,0.06351668930266341,alice,alice,alice,2,1,1,0,0,15.1954716520916,11.204090122824853,1.7954207335708645,28.194982508487318
Daylight_Near_20260114_210700_T7,1736905004.72,118,Daylight,Near,4,4,1280,720,25.33990066417333,2,3,bob,4,1,0.8655267343881894,1093.5156267502978,255.71987651682315,1192.4730648013585,401.7945069022132,14455.171187193833,bob,0.8411401081411592,alice,0.6856269659076343,0.15551314223352497,bob,bob,bob,2,1,1,0,0,15.1954716520916,11.204090122824853,1.7954207335708645,28.194982508487318
Daylight_Near_20260114_210700_T7,1736905004.76,119,Daylight,Near,4,4,1280,720,25.23537667824908,2,0,diana,1,1,0.7069548594044412,96.42709806046051,254.38163178190263,218.30636466410138,421.10671340630023,20320.33067281374,diana,0.8384898399967312,alice,0.7341588218692138,0.10433101812751744,diana,diana,diana,3,1,1,0,0,8.94658876001904,6.540196024322981,3.5917317190239118,19.078516503365933
Daylight_Near_20260114_210700_T7,1736905004.76,119,Daylight,Near,4,4,1280,720,25.23537667824908,2,1,chen,2,1,0.8123167674271453,423.90817157263854,233.34811261928547,542.6121366614545,404.8562516613309,20358.69614929476,chen,0.8248966033907974,bob,0.7090223691866941,0.11587423420410325,chen,chen,chen,2,1,1,0,0,8.94658876001904,6.540196024322981,3.5917317190239118,19.078516503365933
Daylight_Near_20260114_210700_T7,1736905004.76,119,Daylight,Near,4,4,1280,720,25.23537667824908,2,2,alice,3,1,0.8270489148485137,732.4002017344857,235.00401237200344,829.9770519550099,434.57274426472213,19473.28826059576,alice,0.8485227515348152,diana,0.7029376447492,0.1455851067856152,alice,alice,alice,3,1,1,0,0,8.94658876001904,6.540196024322981,3.5917317190239118,19.078516503365933
Daylight_Near_20260114_210700_T7,1736905004.76,119,Daylight,Near,4,4,1280,720,25.23537667824908,2,3,bob,4,1,0.7534839861534142,1066.0362247960768,268.0807988632537,1162.9128383046734,409.00646830204516,13652.40161166205,chen,0.6681592686530948,alice,0.6077847136365793,0.06037455501651556,unknown,unknown,unknown,0,0,0,0,0,8.94658876001904,6.540196024322981,3.5917317190239118,19.078516503365933
Daylight_Near_20260114_210700_T7,1736905004.8,120,Daylight,Near,4,4,1280,720,23.698747384084108,4,0,diana,1,1,0.6563581416315987,111.98638538204064,309.5442049513835,203.3145277667598,466.384696883898,14323.95077890208,diana,0.83999469336559,alice,0.7441574928283308,0.09583720053725919,diana,diana,diana,3,1,1,0,0,12.770509080986722,12.73443109923621,8.908521936186547,34.41346211640948
Daylight_Near_20260114_210700_T7,1736905004.8,120,Daylight,Near,4,4,1280,720,23.698747384084108,4,1,chen,2,1,0.862381786107864,462.7912029664395,192.7528798165589,573.8929344847912,334.4363620835687,15741.28020741447,chen,0.7957643771999687,bob,0.7524901003797922,0.04327427682017648,unknown,unknown,unknown,0,0,0,0,0,12.770509080986722,12.73443109923621,8.908521936186547,34.41346211640948
Daylight_Near_20260114_210700_T7,1736905004.8,120,Daylight,Near,4,4,1280,720,23.698747384084108,4,2,alice,3,1,0.7169226922038637,747.3861578379872,267.26398699952665,831.4098962688422,463.218213472294,16464.80666956833,alice,0.8485367965392739,diana,0.7374266531647666,0.11111014337450731,alice,alice,alice,1,1,1,0,0,12.770509080986722,12.73443109923621,8.908521936186547,34.41346211640948
Daylight_Near_20260114_210700_T7,1736905004.8,120,Daylight,Near,4,4,1280,720,23.698747384084108,4,3,bob,4,1,0.8542166662855561,1060.3736003938002,245.41934218550148,1186.7139421613451,392.6980014780735,18607.236150089357,bob,0.9110350180867166,diana,0.7431179223355908,0.1679170957511258,bob,bob,bob,1,1,1,0,0,12.770509080986722,12.73443109923621,8.908521936186547,34.41346211640948
Daylight_Near_20260114_210700_T7,1736905004.84,121,Daylight,Near,4,4,1280,720,25.318866401923586,2,0,diana,1,1,0.833078354797672,94.63557531971033,230.94162329709803,208.47274274875235,380.28775822590154,17001.140966770505,diana,0.9313055686688945,alice,0.8194054993230201,0.11190006934587438,diana,diana,diana,2,1,1,0,0,12.713383575165196,6.958574924061712,12.093272568869377,31.765231068096284
Daylight_Near_20260114_210700_T7,1736905004.84,121,Daylight,Near,4,4,1280,720,25.318866401923586,2,1,chen,2,1,0.6673554583199051,472.3675479211606,286.5064294765197,556.3380648925472,459.76878538664386,14548.929597453502,chen,0.891933668265615,bob,0.7720354099943316,0.11989825827128342,chen,chen,chen,1,1,1,0,0,12.713383575165196,6.958574924061712,12.093272568869377,31.765231068096284
Daylight_Near_20260114_210700_T7,1736905004.84,121,Daylight,Near,4,4,1280,720,25.318866401923586,2,2,alice,3,1,0.7718487750071447,748.8957349868135,235.7423528402962,876.391528218511,412.73018092601126,22565.203534143544,alice,0.7709631370229938,chen,0.6747131904034831,0.0962499466195107,alice,alice,alice,1,1,1,0,0,12.713383575165196,6.958574924061712,12.093272568869377,31.765231068096284
Daylight_Near_20260114_210700_T7,1736905004.84,121,Daylight,Near,4,4,1280,720,25.318866401923586,2,3,bob,4,1,0.8871571527469917,1081.3168416335752,257.4813401566334,1182.8077411772897,418.8390859598608,16376.34276991557,bob,0.8587229323485644,alice,0.7685151844693786,0.09020774787918584,bob,bob,bob,3,1,1,0,0,12.713383575165196,6.958574924061712,12.093272568869377,31.765231068096284
Daylight_Near_20260114_210700_T7,1736905004.88,122,Daylight,Near,4,4,1280,720,22.54465952191291,1,0,diana,1,1,0.8195545677587187,101.89153915258585,196.02242918761033,203.2897904405765,406.26786457694345,21318.5194897606,diana,0.8538795485542898,chen,0.7120516686222578,0.14182787993203205,diana,diana,diana,2,1,1,0,0,12.197920172771024,8.624672299338862,9.119137491500844,29.94172996361073
Daylight_Near_20260114_210700_T7,1736905004.88,122,Daylight,Near,4,4,1280,720,22.54465952191291,1,1,chen,2,1,0.8187638355961769,431.28494989767245,279.34494154904485,523.241220036125,460.95371626728036,16700.06554750344,chen,0.9009793720562104,diana,0.7233831880055611,0.17759618405064925,chen,chen,chen,1,1,1,0,0,12.197920172771024,8.624672299338862,9.119137491500844,29.94172996361073
Daylight_Near_20260114_210700_T7,1736905004.88,122,Daylight,Near,4,4,1280,720,22.54465952191291,1,2,alice,3,1,0.847808531924883,770.0237008838882,277.12305260763964,866.0672479643123,451.29343010649524,16727.940851326577,alice,0.9191714986927674,diana,0.8076840803793573,0.11148741831341002,alice,alice,alice,3,1,1,0,0,12.197920172771024,8.624672299338862,9.119137491500844,29.94172996361073
Daylight_Near_20260114_210700_T7,1736905004.88,122,Daylight,Near,4,4,1280,720,22.54465952191291,1,3,bob,4,1,0.86304226530037,1055.1685940828838,297.67066628402085,1175.9885324378324,486.3204997612012,22792.661251384245,bob,0.8662485249686313,diana,0.6981489801002558,0.16809954486837542,bob,bob,bob,3,1,1,0,0,12.197920172771024,8.624672299338862,9.119137491500844,29.94172996361073
Daylight_Near_20260114_210700_T7,1736905004.92,123,Daylight,Near,4,4,1280,720,25.88084428667836,1,0,diana,1,1,0.7687663084275406,116.53440628129368,270.0592418839228,222.7868329204204,432.2541271996133,17233.600153246978,diana,0.8055404535176639,bob,0.6476780853816807,0.1578623681359832,diana,diana,diana,3,1,1,0,0,14.18096749735554,6.364004445391405,10.119218263743566,30.66419020649051
Daylight_Near_20260114_210700_T7,1736905004.92,123,Daylight,Near,4,4,1280,720,25.88084428667836,1,1,chen,2,1,0.8165910491655881,450.05520218313256,236.09842959692224,550.7194550738913,413.6770364025446,17875.81778346977,chen,0.8840636999930154,alice,0.7220044202157342,0.16205927977728118,chen,chen,chen,2,1,1,0,0,14.18096749735554,6.364004445391405,10.119218263743566,30.66419020649051
Daylight_Near_20260114_210700_T7,1736905004.92,123,Daylight,Near,4,4,1280,720,25.88084428667836,1,2,alice,3,1,0.694438870074029,746.4259127409839,209.8897551814729,844.9465208610216,390.4596016995465,17789.851087102474,alice,0.8459995381961808,chen,0.7564790612290373,0.08952047696714349,alice,alice,alice,1,1,1,0,0,14.18096749735554,6.364004445391405,10.119218263743566,30.66419020649051
Daylight_Near_20260114_210700_T7,1736905004.92,123,Daylight,Near,4,4,1280,720,25.88084428667836,1,3,bob,4,1,0.8311499037396445,1086.657679711754,248.92839229941967,1177.9559459000866,410.3518670082186,14737.683363009484,bob,0.7908772488637245,alice,0.6827074091387645,0.10816983972495997,bob,bob,bob,2,1,1,0,0,14.18096749735554,6.364004445391405,10.119218263743566,30.66419020649051
Daylight_Near_20260114_210700_T7,1736905004.96,124,Daylight,Near,4,4,1280,720,23.67685954463726,1,0,diana,1,1,0.7951464903875968,81.42852807696876,312.6624791293385,197.6196992545229,452.77510003666964,16279.849519979463,diana,0.8538688698811036,bob,0.7029688740135072,0.1508999958675964,diana,diana,diana,2,1,1,0,0,15.957230108577528,11.381496326065244,14.234701383060399,41.57342781770317
Daylight_Near_20260114_210700_T7,1736905004.96,124,Daylight,Near,4,4,1280,720,23.67685954463726,1,1,chen,2,1,0.722200394696869,440.2612238402603,260.4328578741657,533.8779462259768,393.63076424924003,12469.551423473988,chen,0.8537931364038303,alice,0.6901032785881325,0.16368985781569778,chen,chen,chen,2,1,1,0,0,15.957230108577528,11.381496326065244,14.234701383060399,41.57342781770317
Daylight_Near_20260114_210700_T7,1736905004.96,124,Daylight,Near,4,4,1280,720,23.67685954463726,1,2,alice,3,1,0.7509381707189683,727.3014260519939,163.12362351563272,838.8288899097753,373.2188843802452,23431.391612769225,bob,0.7511108310607109,alice,0.7106604408518603,0.04045039020885055,bob,bob,bob,1,0,0,1,0,15.957230108577528,11.381496326065244,14.234701383060399,41.57342781770317
Daylight_Near_20260114_210700_T7,1736905004.96,124,Daylight,Near,4,4,1280,720,23.67685954463726,1,3,bob,4,1,0.7865261670517126,1097.5259991467465,290.6460256197934,1205.8141621997065,451.3652126354545,17403.985529291087,bob,0.8395742715250439,chen,0.7276858813178901,0.1118883902071538,bob,bob,bob,3,1,1,0,0,15.957230108577528,11.381496326065244,14.234701383060399,41.57342781770317
Daylight_Near_20260114_210700_T7,1736905005.0,125,Daylight,Near,4,4,1280,720,25.074048492039022,1,0,diana,1,1,0.8414018957080482,115.26016708490216,226.99102690477577,224.03934721961758,387.61686524706573,17472.74700332564,diana,0.8365500526147679,bob,0.672146694381442,0.16440335823332586,diana,diana,diana,2,1,1,0,0,12.83604652799877,10.391582517348647,5.728379144980435,28.95600819032785
Daylight_Near_20260114_210700_T7,1736905005.0,125,Daylight,Near,4,4,1280,720,25.074048492039022,1,1,chen,2,1,0.7842085696762124,435.0824534720626,174.5343497987334,539.7037964965193,331.5313139561199,16425.233240908274,chen,0.8596225174220866,diana,0.779152667475601,0.08046984994648565,chen,chen,chen,3,1,1,0,0,12.83604652799877,10.391582517348647,5.728379144980435,28.95600819032785
Daylight_Near_20260114_210700_T7,1736905005.0,125,Daylight,Near,4,4,1280,720,25.074048492039022,1,2,alice,3,1,0.6724703115309815,756.8887041648298,228.55860019288554,850.4817871794679,389.2336049256566,15038.069056331607,alice,0.9243642886887602,bob,0.8408404387034287,0.08352384998533147,alice,alice,alice,2,1,1,0,0,12.83604652799877,10.391582517348647,5.728379144980435,28.95600819032785
Daylight_Near_20260114_210700_T7,1736905005.0,125,Daylight,Near,4,4,1280,720,25.074048492039022,1,3,bob,4,1,0.7989381932452988,1053.3979564317951,283.10329036608465,1175.7417472412317,436.2301126502676,18734.115912849844,bob,0.8320568304787469,alice,0.7233755640905528,0.10868126638819409,bob,bob,bob,2,1,1,0,0,12.83604652799877,10.391582517348647,5.728379144980435,28.95600819032785
Daylight_Near_20260114_210700_T7,1736905005.04,126,Daylight,Near,4,4,1280,720,26.096793270663184,2,0,diana,1,1,0.8591945885698522,114.84663742553293,253.43607564164301,225.30872097011752,438.7124867463739,20466.018402291582,diana,0.5410356387557953,alice,0.5193522675244729,0.021683371231322357,unknown,unknown,unknown,0,0,0,0,0,18.328503378925365,11.855448137351301,8.146089789378399,38.330041305655065
Daylight_Near_20260114_210700_T7,1736905005.04,126,Daylight,Near,4,4,1280,720,26.096793270663184,2,1,chen,2,1,0.9701368744893586,480.60750054435834,235.11299285864118,564.1045416747943,448.11048753893795,17784.66057400055,chen,0.8635125121229301,alice,0.7979375180565889,0.06557499406634126,chen,chen,chen,3,1,1,0,0,18.328503378925365,11.855448137351301,8.146089789378399,38.330041305655065
Daylight_Near_20260114_210700_T7,1736905005.04,126,Daylight,Near,4,4,1280,720,26.096793270663184,2,2,alice,3,1,0.7490899794311097,729.5744741454463,323.589487010401,848.8346421218884,477.57467630282844,18364.299540899123,alice,0.9077728114397957,diana,0.7946675294850727,0.11310528195472302,alice,alice,alice,2,1,1,0,0,18.328503378925365,11.855448137351301,8.146089789378399,38.330041305655065
Daylight_Near_20260114_210700_T7,1736905005.04,126,Daylight,Near,4,4,1280,720,26.096793270663184,2,3,bob,4,1,0.6621729792462355,1072.4913797294564,267.3951903173585,1172.262332619918,406.0282595313195,13831.5534176062,bob,0.8660680858058204,chen,0.7925477481359073,0.07352033766991306,bob,bob,bob,2,1,1,0,0,18.328503378925365,11.855448137351301,8.146089789378399,38.330041305655065
Daylight_Near_20260114_210700_T7,1736905005.08,127,Daylight,Near,4,4,1280,720,25.146536556980234,2,0,diana,1,1,0.901422491075691,139.02454528430158,183.30114303761061,226.5691256209333,365.70918305659904,15968.835313489868,diana,0.8761906891787661,bob,0.734668008866379,0.14152268031238713,diana,diana,diana,2,1,1,0,0,13.854952926947973,6.032090457358805,9.228266843699796,29.115310228006575
Daylight_Near_20260114_210700_T7,1736905005.08,127,Daylight,Near,4,4,1280,720,25.146536556980234,2,1,chen,2,1,0.6596544683725838,426.79679088741466,207.36555318287543,517.2902085994017,361.6123845409771,13958.322940839113,chen,0.7429515343751727,alice,0.6520797708576983,0.09087176351747439,chen,chen,chen,1,1,1,0,0,13.854952926947973,6.032090457358805,9.228266843699796,29.115310228006575
Daylight_Near_20260114_210700_T7,1736905005.08,127,Daylight,Near,4,4,1280,720,25.146536556980234,2,2,alice,3,1,0.8651971633796708,756.0075160385733,332.3439841982594,840.279270291111,476.4553781863437,12144.519979154473,alice,0.8397434255220164,chen,0.7246140907167281,0.11512933480528831,alice,alice,alice,2,1,1,0,0,13.854952926947973,6.032090457358805,9.228266843699796,29.115310228006575
Daylight_Near_20260114_210700_T7,1736905005.08,127,Daylight,Near,4,4,1280,720,25.146536556980234,2,3,bob,4,1,0.8060987413669918,1056.7171362762263,183.38309223322398,1164.9199694854594,317.45324093676874,14506.769938506743,bob,0.861949592151895,chen,0.7434677961335198,0.11848179601837527,bob,bob,bob,3,1,1,0,0,13.854952926947973,6.032090457358805,9.228266843699796,29.115310228006575
Daylight_Near_20260114_210700_T7,1736905005.12,128,Daylight,Near,4,4,1280,720,23.037110336070906,1,0,diana,1,1,0.8398999401333627,104.99057793797058,241.26157429237793,205.14526458785915,434.90068136392307,19393.864091914824,diana,0.7923712871709292,alice,0.631577225062279,0.16079406210865022,diana,diana,diana,1,1,1,0,0,11.331085388170637,6.372771458746906,6.537100200054129,24.240957046971673
Daylight_Near_20260114_210700_T7,1736905005.12,128,Daylight,Near,4,4,1280,720,23.037110336070906,1,1,chen,2,1,0.7097565478401188,461.349132242661,188.97763287565016,545.74139531731,386.8412161539998,16698.155572919197,chen,0.9569647099235428,diana,0.881039088270383,0.07592562165315975,chen,chen,chen,2,1,1,0,0,11.331085388170637,6.372771458746906,6.537100200054129,24.240957046971673
Daylight_Near_20260114_210700_T7,1736905005.12,128,Daylight,Near,4,4,1280,720,23.037110336070906,1,2,alice,3,1,0.782372912699442,738.450290618571,200.67765310725122,866.120413990916,397.82352577795734,25169.63788621766,alice,0.8782979986800512,bob,0.7908943564276504,0.08740364225240083,alice,alice,alice,2,1,1,0,0,11.331085388170637,6.372771458746906,6.537100200054129,24.240957046971673
Daylight_Near_20260114_210700_T7,1736905005.12,128,Daylight,Near,4,4,1280,720,23.037110336070906,1,3,bob,4,1,0.8989419373915882,1063.8202379029844,213.33470797323417,1181.9086603521264,390.98456293243675,20978.391120451106,bob,0.886395373312653,chen,0.7258450172191672,0.16055035609348578,bob,bob,bob,1,1,1,0,0,11.331085388170637,6.372771458746906,6.537100200054129,24.240957046971673
Daylight_Near_20260114_210700_T7,1736905005.16,129,Daylight,Near,4,4,1280,720,23.40678844105091,0,0,diana,1,1,0.6735098866830168,124.87412318584751,227.275367208986,243.7507499804405,409.3790710796387,21647.874042944663,diana,0.8363253236184103,bob,0.6620647160867248,0.17426060753168549,diana,diana,diana,2,1,1,0,0,8.672807584188291,5.928858346510731,3.9917334472756085,18.59339937797463
Daylight_Near_20260114_210700_T7,1736905005.16,129,Daylight,Near,4,4,1280,720,23.40678844105091,0,1,chen,2,1,0.8683643879820406,438.5669272484443,392.80983356050143,531.4978789089524,525.1430502071169,12297.851759266168,chen,0.8120454523762417,alice,0.6683152579520869,0.1437301944241548,chen,chen,chen,2,1,1,0,0,8.672807584188291,5.928858346510731,3.9917334472756085,18.59339937797463
Daylight_Near_20260114_210700_T7,1736905005.16,129,Daylight,Near,4,4,1280,720,23.40678844105091,0,2,alice,3,1,0.8662375996342285,755.5747197968807,184.1816158740525,849.7617949557135,325.3912860848928,13300.125821302412,alice,0.8878163849967563,chen,0.7656007659658239,0.12221561903093237,alice,alice,alice,2,1,1,0,0,8.672807584188291,5.928858346510731,3.9917334472756085,18.59339937797463
Daylight_Near_20260114_210700_T7,1736905005.16,129,Daylight,Near,4,4,1280,720,23.40678844105091,0,3,bob,4,1,0.8634809674220576,1062.9862562817875,274.976703750383,1147.7103142251603,463.4270052660698,15966.274265061125,bob,0.8181935300051558,diana,0.7032126729060373,0.11498085709911854,bob,bob,bob,2,1,1,0,0,8.672807584188291,5.928858346510731,3.9917334472756085,18.59339937797463
Daylight_Near_20260114_210700_T7,1736905005.2,130,Daylight,Near,4,4,1280,720,20.078855774156057,2,0,diana,1,1,0.7860640551264236,132.368637895194,253.98394797013208,227.0706791690481,457.2568651427975,19250.360191942484,diana,0.9611122874430866,bob,0.8137614269159349,0.14735086052715174,diana,diana,diana,1,1,1,0,0,12.121284765746758,5.600484777280892,4.663345816709333,22.385115359736982
Daylight_Near_20260114_210700_T7,1736905005.2,130,Daylight,Near,4,4,1280,720,20.078855774156057,2,1,chen,2,1,0.7537323442441503,444.8833471955335,186.44438056645686,562.2204858396404,368.85924850250103,21404.03864975808,chen,0.8527723032397224,bob,0.6758217346855728,0.1769505685541496,chen,chen,chen,2,1,1,0,0,12.121284765746758,5.600484777280892,4.663345816709333,22.385115359736982
Daylight_Near_20260114_210700_T7,1736905005.2,130,Daylight,Near,4,4,1280,720,20.078855774156057,2,2,alice,3,1,0.8515607184779092,758.7972888002056,208.48978404494306,857.0114278005186,353.29141166934977,14221.567182975046,alice,0.8770353643198767,diana,0.7223801648720817,0.15465519944779504,alice,alice,alice,1,1,1,0,0,12.121284765746758,5.600484777280892,4.663345816709333,22.385115359736982
Daylight_Near_20260114_210700_T7,1736905005.2,130,Daylight,Near,4,4,1280,720,20.078855774156057,2,3,bob,4,1,0.8800333133372416,1083.8578895629564,220.45445111233107,1165.7204708941174,421.6837001004885,16473.145761501484,bob,0.8278727140675834,diana,0.6683740969812724,0.15949861708631108,bob,bob,bob,3,1,1,0,0,12.121284765746758,5.600484777280892,4.663345816709333,22.385115359736982
Daylight_Near_20260114_210700_T7,1736905005.24,131,Daylight,Near,4,4,1280,720,25.97728305290037,2,0,diana,1,1,0.8554730922469759,118.92345559924611,258.9348964411681,221.6632550116214,447.8948558099497,19413.708322519207,diana,0.8372177935531031,alice,0.7055882700843905,0.1316295234687126,diana,diana,diana,2,1,1,0,0,14.773416376571548,11.452547305393631,4.167313019129995,30.393276701095175
Daylight_Near_20260114_210700_T7,1736905005.24,131,Daylight,Near,4,4,1280,720,25.97728305290037,2,1,chen,2,1,0.7628213373443609,415.14973247016457,177.25682248111505,523.4304377997273,377.20280551563246,21650.292070790332,chen,0.8868560033112591,bob,0.7585400482602782,0.12831595505098092,chen,chen,chen,2,1,1,0,0,14.773416376571548,11.452547305393631,4.167313019129995,30.393276701095175
Daylight_Near_20260114_210700_T7,1736905005.24,131,Daylight,Near,4,4,1280,720,25.97728305290037,2,2,alice,3,1,0.7453533250185478,763.765776832468,239.32013712250668,848.7086067289986,407.8268357294817,14313.435836198229,alice,0.964968639580996,diana,0.8896238722884949,0.07534476729250106,alice,alice,alice,2,1,1,0,0,14.773416376571548,11.452547305393631,4.167313019129995,30.393276701095175
Daylight_Near_20260114_210700_T7,1736905005.24,131,Daylight,Near,4,4,1280,720,25.97728305290037,2,3,bob,4,1,0.7347870365239665,1076.9680965028933,138.67349909453154,1176.3781860246327,353.40637414924424,21346.61433244946,bob,0.875096734218912,diana,0.7931595604706548,0.08193717374825715,bob,bob,bob,2,1,1,0,0,14.773416376571548,11.452547305393631,4.167313019129995,30.393276701095175
Daylight_Near_20260114_210700_T7,1736905005.28,132,Daylight,Near,4,4,1280,720,26.067236847376765,1,0,diana,1,1,0.7812143072311503,94.83283375782075,293.65944205369607,191.50676152089937,508.46415325302934,20766.01513365331,diana,0.8815372524236981,alice,0.8146984656318168,0.06683878679188127,diana,diana,diana,2,1,1,0,0,16.68415691683389,10.685306834282754,5.839521796450638,33.20898554756728
Daylight_Near_20260114_210700_T7,1736905005.28,132,Daylight,Near,4,4,1280,720,26.067236847376765,1,1,chen,2,1,0.6976995794139398,420.6201155980185,251.32953214683982,539.4518135883618,462.69834325001466,25117.31472559039,bob,0.7776512572644805,chen,0.6996959154956794,0.07795534176880103,bob,bob,bob,1,0,0,1,0,16.68415691683389,10.685306834282754,5.839521796450638,33.20898554756728
Daylight_Near_20260114_210700_T7,1736905005.28,132,Daylight,Near,4,4,1280,720,26.067236847376765,1,2,alice,3,1,0.7821804724160921,769.3424861616876,147.32391789205005,858.4528563401033,299.4434485606754,13555.427689248061,alice,0.8435223905681749,bob,0.7657217944660268,0.07780059610214807,alice,alice,alice,3,1,1,0,0,16.68415691683389,10.685306834282754,5.839521796450638,33.20898554756728
Daylight_Near_20260114_210700_T7,1736905005.28,132,Daylight,Near,4,4,1280,720,26.067236847376765,1,3,bob,4,1,0.9424249278201731,1083.3561970068013,172.5816903974922,1183.9539181357118,380.7525512774485,20941.51420996707,bob,0.7670885345081593,chen,0.7039822113587172,0.06310632314944209,bob,bob,bob,2,1,1,0,0,16.68415691683389,10.685306834282754,5.839521796450638,33.20898554756728
Daylight_Near_20260114_210700_T7,1736905005.32,133,Daylight,Near,4,4,1280,720,29.138477640299882,1,0,diana,1,1,0.6955000678848263,66.40480046801946,243.9584553999938,188.05366146685503,382.2427219922282,16822.123525004645,diana,0.8871718448250928,bob,0.7437245754187038,0.14344726940638897,diana,diana,diana,2,1,1,0,0,15.666455535840504,7.261741986438088,11.167465847780008,34.0956633700586
Daylight_Near_20260114_210700_T7,1736905005.32,133,Daylight,Near,4,4,1280,720,29.138477640299882,1,1,chen,2,1,0.811752947697698,428.04460967072134,238.33168949934918,511.7818903080989,440.17332335901585,16901.66953881372,chen,0.8874025935135845,alice,0.7364963724551685,0.150906221058416,chen,chen,chen,3,1,1,0,0,15.666455535840504,7.261741986438088,11.167465847780008,34.0956633700586
Daylight_Near_20260114_210700_T7,1736905005.32,133,Daylight,Near,4,4,1280,720,29.138477640299882,1,2,alice,3,1,0.7605924207241803,776.2857463558825,223.07659171839657,866.4703380656516,416.3106183696784,17426.73179798051,alice,0.7586410536374307,diana,0.6381692964549872,0.12047175718244352,alice,alice,alice,2,1,1,0,0,15.666455535840504,7.261741986438088,11.167465847780008,34.0956633700586
Daylight_Near_20260114_210700_T7,1736905005.32,133,Daylight,Near,4,4,1280,720,29.138477640299882,1,3,bob,4,1,0.8565907379952931,1031.937758443874,263.2143624541897,1156.66831442573,402.7651040198179,17406.241583161107,bob,0.874043837286122,diana,0.7155878061664118,0.15845603111971018,bob,bob,bob,2,1,1,0,0,15.666455535840504,7.261741986438088,11.167465847780008,34.0956633700586
Daylight_Near_20260114_210700_T7,1736905005.36,134,Daylight,Near,4,4,1280,720,23.60723752011285,3,0,diana,1,1,0.6744115487733547,106.59269512485271,307.55512601790207,207.98859255627303,482.0738147342242,17695.479060946167,diana,0.8973796217857033,bob,0.7185241149977812,0.17885550678792206,diana,diana,diana,1,1,1,0,0,11.814196370666384,7.799096469618916,6.267619730796086,25.880912571081385
Daylight_Near_20260114_210700_T7,1736905005.36,134,Daylight,Near,4,4,1280,720,23.60723752011285,3,1,chen,2,1,0.8465608919176183,433.1298941967428,276.1005596148141,545.5538668813642,426.7737542719408,16939.279120437463,chen,0.7325865316867962,alice,0.690753990341497,0.041832541345299235,unknown,unknown,unknown,0,0,0,0,0,11.814196370666384,7.799096469618916,6.267619730796086,25.880912571081385
Daylight_Near_20260114_210700_T7,1736905005.36,134,Daylight,Near,4,4,1280,720,23.60723752011285,3,2,alice,3,1,0.6492511205020228,741.2112031621416,194.40685292995568,860.9648388720079,405.971435256861,25335.627921086245,alice,0.8174738203970136,bob,0.6764874432697406,0.1409863771272729,alice,alice,alice,2,1,1,0,0,11.814196370666384,7.799096469618916,6.267619730796086,25.880912571081385
Daylight_Near_20260114_210700_T7,1736905005.36,134,Daylight,Near,4,4,1280,720,23.60723752011285,3,3,bob,4,1,0.7546955338220165,1057.403955662178,169.35381737532222,1156.8162009838036,352.3654359364514,18193.595921106724,bob,0.8065928866977018,alice,0.6839427814314439,0.12265010526625786,bob,bob,bob,1,1,1,0,0,11.814196370666384,7.799096469618916,6.267619730796086,25.880912571081385
Daylight_Near_20260114_210700_T7,1736905005.4,135,Daylight,Near,4,4,1280,720,24.271666359500117,3,0,diana,1,1,0.8945613600756966,111.35038967491673,296.24955901607086,216.04430739026074,426.90276390103804,13678.595881472736,chen,0.6228016423311914,bob,0.5624993635237365,0.06030227880745487,unknown,unknown,unknown,0,0,0,0,0,27.298233543837963,17.84566789376009,21.088525602628426,66.23242704022648
Daylight_Near_20260114_210700_T7,1736905005.4,135,Daylight,Near,4,4,1280,720,24.271666359500117,3,1,chen,2,1,0.7489247047208951,454.6025111848005,188.01806114266972,550.3563692718833,389.61399987152515,19303.58890797506,chen,0.8985681857427464,diana,0.7804091813349885,0.11815900440775795,chen,chen,chen,2,1,1,0,0,27.298233543837963,17.84566789376009,21.088525602628426,66.23242704022648
Daylight_Near_20260114_210700_T7,1736905005.4,135,Daylight,Near,4,4,1280,720,24.271666359500117,3,2,alice,3,1,0.6337074517650977,767.498369079745,284.20783961155246,853.9496322637452,439.54757662700536,13429.316487656304,alice,0.8273051666803939,chen,0.7492247377839731,0.07808042889642075,alice,alice,alice,2,1,1,0,0,27.298233543837963,17.84566789376009,21.088525602628426,66.23242704022648
Daylight_Near_20260114_210700_T7,1736905005.4,135,Daylight,Near,4,4,1280,720,24.271666359500117,3,3,bob,4,1,0.7935877757563605,1062.7248068552626,305.90509708728644,1142.9765892811465,438.1085054710835,10609.559165576758,bob,0.6188671902289941,chen,0.5574848712184186,0.06138231901057545,unknown,unknown,unknown,0,0,0,0,0,27.298233543837963,17.84566789376009,21.088525602628426,66.23242704022648
Daylight_Near_20260114_210700_T7,1736905005.44,136,Daylight,Near,4,4,1280,720,26.353086099863745,1,0,diana,1,1,0.8125844700210056,112.52797630712274,139.97640223950077,207.88934590277324,325.1952927443765,17662.727073531776,chen,0.6685666901523806,alice,0.6123775678895954,0.05618912226278516,unknown,unknown,unknown,0,0,0,0,0,14.960802143785019,10.188303396887099,4.794747360008188,29.943852900680305
Daylight_Near_20260114_210700_T7,1736905005.44,136,Daylight,Near,4,4,1280,720,26.353086099863745,1,1,chen,2,1,0.8389821448974991,429.4903646045727,267.1796891619556,537.2346581851112,452.7920443404497,19998.672088526866,chen,0.8693073030105709,alice,0.755036695029657,0.11427060798091393,chen,chen,chen,3,1,1,0,0,14.960802143785019,10.188303396887099,4.794747360008188,29.943852900680305
Daylight_Near_20260114_210700_T7,1736905005.44,136,Daylight,Near,4,4,1280,720,26.353086099863745,1,2,alice,3,1,0.9347418016295244,784.1572542561802,264.6187512881202,869.2822106514321,425.6092459734936,13704.308840142452,alice,0.8635310124136067,diana,0.7278917515169747,0.13563926089663203,alice,alice,alice,2,1,1,0,0,14.960802143785019,10.188303396887099,4.794747360008188,29.943852900680305
Daylight_Near_20260114_210700_T7,1736905005.44,136,Daylight,Near,4,4,1280,720,26.353086099863745,1,3,bob,4,1,0.6753160867128873,1062.263302429234,252.82767643245563,1168.7369355922033,395.68244708378063,15210.266445909281,bob,0.8752178878397059,chen,0.8011248248152524,0.07409306302445351,bob,bob,bob,3,1,1,0,0,14.960802143785019,10.188303396887099,4.794747360008188,29.943852900680305
Daylight_Near_20260114_210700_T7,1736905005.48,137,Daylight,Near,4,4,1280,720,26.863585897519076,0,0,diana,1,1,0.7308356805113898,107.4885605917796,285.44019841275644,206.6239764502359,459.8953706256916,17294.686045987935,diana,0.8605618299289053,chen,0.6935574428084326,0.16700438712047272,diana,diana,diana,2,1,1,0,0,16.101253985908727,10.100388572932765,17.027993161833734,43.229635720675226
Daylight_Near_20260114_210700_T7,1736905005.48,137,Daylight,Near,4,4,1280,720,26.863585897519076,0,1,chen,2,1,0.7661987908853511,416.491935803087,202.12097209314237,504.7209485827809,373.2986780962995,15102.840010551237,chen,0.8717032938382402,alice,0.7110844758871194,0.16061881795112076,chen,chen,chen,1,1,1,0,0,16.101253985908727,10.100388572932765,17.027993161833734,43.229635720675226
Daylight_Near_20260114_210700_T7,1736905005.48,137,Daylight,Near,4,4,1280,720,26.863585897519076,0,2,alice,3,1,0.7176641437419922,755.2451056080014,263.9117677562617,866.1349581781634,411.10731260497505,16322.492267258493,alice,0.8899898070467895,bob,0.7373798061877495,0.15261000085904008,alice,alice,alice,2,1,1,0,0,16.101253985908727,10.100388572932765,17.027993161833734,43.229635720675226
Daylight_Near_20260114_210700_T7,1736905005.48,137,Daylight,Near,4,4,1280,720,26.863585897519076,0,3,bob,4,1,0.7473485402248367,1084.3830342754825,187.93397675173867,1183.1435615537819,338.0044034803641,14821.03447259844,bob,0.9024953589126121,diana,0.8182052177049828,0.08429014120762934,bob,bob,bob,2,1,1,0,0,16.101253985908727,10.100388572932765,17.027993161833734,43.229635720675226
Daylight_Near_20260114_210700_T7,1736905005.52,138,Daylight,Near,4,4,1280,720,24.518658022359993,0,0,diana,-1,0,-1.0,-1.0,-1.0,-1.0,-1.0,0.0,unknown,-1.0,unknown,-1.0,-1.0,unknown,unknown,unknown,0,0,0,0,1,10.054264733467791,6.791926225636229,3.696638857178031,20.54282981628205
Daylight_Near_20260114_210700_T7,1736905005.52,138,Daylight,Near,4,4,1280,720,24.518658022359993,0,1,chen,2,1,0.8163757759665987,440.162550400302,259.34813213745565,563.971925395019,473.59143615297694,26525.329566964825,chen,0.8280384828656533,alice,0.6950647594881574,0.1329737233774959,chen,chen,chen,2,1,1,0,0,10.054264733467791,6.791926225636229,3.696638857178031,20.54282981628205
Daylight_Near_20260114_210700_T7,1736905005.52,138,Daylight,Near,4,4,1280,720,24.518658022359993,0,2,alice,3,1,0.8784887528024996,749.164654901036,185.657281753215,851.1361929003286,361.131158176021,17893.341057531346,alice,0.8600638528021184,chen,0.738194155448873,0.12186969735324538,alice,alice,alice,2,1,1,0,0,10.054264733467791,6.791926225636229,3.696638857178031,20.54282981628205
Daylight_Near_20260114_210700_T7,1736905005.52,138,Daylight,Near,4,4,1280,720,24.518658022359993,0,3,bob,4,1,0.8535556701935392,1076.3402697405822,234.1448235720853,1174.5598383991473,444.311307390754,20642.461387156938,bob,0.8194868203855096,chen,0.6679608566389718,0.15152596374653782,bob,bob,bob,2,1,1,0,0,10.054264733467791,6.791926225636229,3.696638857178031,20.54282981628205
Daylight_Near_20260114_210700_T7,1736905005.56,139,Daylight,Near,4,4,1280,720,27.967104877496453,4,0,diana,1,1,0.651822651046342,107.91282924263832,242.49975168930007,230.1326749615551,457.6684112791544,26297.880378618116,diana,0.8707244353520112,chen,0.8083809437285834,0.06234349162342778,diana,diana,diana,3,1,1,0,0,17.616419696176855,11.717801681944886,4.188670966064064,33.522892344185806
Daylight_Near_20260114_210700_T7,1736905005.56,139,Daylight,Near,4,4,1280,720,27.967104877496453,4,1,chen,2,1,0.7436614173025873,425.57068294113276,268.7861327341705,544.4030930640415,407.14210096287326,16441.17315950534,chen,0.8739716852307159,alice,0.7769257282389599,0.097045956991756,chen,chen,chen,2,1,1,0,0,17.616419696176855,11.717801681944886,4.188670966064064,33.522892344185806
Daylight_Near_20260114_210700_T7,1736905005.56,139,Daylight,Near,4,4,1280,720,27.967104877496453,4,2,alice,3,1,0.7095763295434141,770.3629707473985,238.41572264811754,852.8348682713388,412.73317829461024,14376.291338711544,alice,0.6652795113733528,diana,0.632373382605247,0.032906128768105836,unknown,unknown,unknown,0,0,0,0,0,17.616419696176855,11.717801681944886,4.188670966064064,33.522892344185806
Daylight_Near_20260114_210700_T7,1736905005.56,139,Daylight,Near,4,4,1280,720,27.967104877496453,4,3,bob,4,1,0.8177170852288805,1053.8255250026107,246.96965649181337,1173.6418072255235,447.85338412078147,24069.141403583195,bob,0.7561491869261773,diana,0.6734650215231888,0.08268416540298851,bob,bob,bob,3,1,1,0,0,17.616419696176855,11.717801681944886,4.188670966064064,33.522892344185806
Daylight_Near_20260114_210700_T7,1736905005.6,140,Daylight,Near,4,4,1280,720,25.069904198291347,1,0,diana,1,1,0.7965485609449738,120.77391156116263,281.9974719845918,217.01231103088085,461.2504587880545,17251.020550131772,diana,0.8059887267277971,alice,0.6987018780146936,0.10728684871310346,diana,diana,diana,1,1,1,0,0,8.679754914928557,5.026541962486308,7.608702730934755,21.31499960834962
Daylight_Near_20260114_210700_T7,1736905005.6,140,Daylight,Near,4,4,1280,720,25.069904198291347,1,1,chen,2,1,0.9516992333366573,444.840135949321,262.1199711885974,527.1195820785041,435.53892130986634,14268.81516428244,chen,0.8997983774905987,bob,0.7297761154123237,0.17002226207827498,chen,chen,chen,1,1,1,0,0,8.679754914928557,5.026541962486308,7.608702730934755,21.31499960834962
Daylight_Near_20260114_210700_T7,1736905005.6,140,Daylight,Near,4,4,1280,720,25.069904198291347,1,2,alice,3,1,0.7599897937234371,753.8989729813385,199.1184187702005,835.9205731839733,403.18861712208366,16738.164222490537,alice,0.847953593286348,diana,0.6686460790706794,0.1793075142156686,alice,alice,alice,2,1,1,0,0,8.679754914928557,5.026541962486308,7.608702730934755,21.31499960834962
Daylight_Near_20260114_210700_T7,1736905005.6,140,Daylight,Near,4,4,1280,720,25.069904198291347,1,3,bob,4,1,0.6662984960812389,1089.8170477403173,213.11956421056385,1178.77756897576,383.8695267037096,15190.005664322534,bob,0.8775740114499188,alice,0.7939914180468235,0.08358259340309526,bob,bob,bob,1,1,1,0,0,8.679754914928557,5.026541962486308,7.608702730934755,21.31499960834962
Daylight_Near_20260114_210700_T7,1736905005.64,141,Daylight,Near,4,4,1280,720,26.85912945866664,1,0,diana,1,1,0.699847034292411,104.50890451322621,188.47613207250507,213.76283326774458,401.43133911976645,23266.193018645205,diana,0.880632981512089,alice,0.7083859685212447,0.17224701299084433,diana,diana,diana,1,1,1,0,0,13.318322292207409,6.155726523938409,8.800065409874456,28.274114226020274
Daylight_Near_20260114_210700_T7,1736905005.64,141,Daylight,Near,4,4,1280,720,26.85912945866664,1,1,chen,2,1,0.7457723192130553,408.8478695494267,172.12557219346525,534.4230666334216,352.24908563694396,22619.045700126448,chen,0.8846135892557209,alice,0.800649566353796,0.08396402290192484,chen,chen,chen,2,1,1,0,0,13.318322292207409,6.155726523938409,8.800065409874456,28.274114226020274
Daylight_Near_20260114_210700_T7,1736905005.64,141,Daylight,Near,4,4,1280,720,26.85912945866664,1,2,alice,3,1,0.7754252512137771,766.9379857536221,224.18579882553314,850.0317694205,386.8035243517381,13512.522105274205,alice,0.8234527394282672,chen,0.7577558126721764,0.06569692675609085,alice,alice,alice,2,1,1,0,0,13.318322292207409,6.155726523938409,8.800065409874456,28.274114226020274
Daylight_Near_20260114_210700_T7,1736905005.64,141,Daylight,Near,4,4,1280,720,26.85912945866664,1,3,bob,4,1,0.8308926048557354,1090.270666008464,179.03222440235595,1172.1818670669263,390.5935366694729,17329.241185303923,bob,0.8905927912436188,chen,0.7577568095836373,0.13283598165998145,bob,bob,bob,2,1,1,0,0,13.318322292207409,6.155726523938409,8.800065409874456,28.274114226020274
Daylight_Near_20260114_210700_T7,1736905005.68,142,Daylight,Near,4,4,1280,720,27.957991946322764,1,0,diana,1,1,0.7497586067624208,116.6537976396045,246.60256376332427,236.87617828562261,426.2966353468448,21603.249073746832,diana,0.8361527484961854,chen,0.7007641921247524,0.135388556371433,diana,diana,diana,2,1,1,0,0,13.16556752665211,6.872477721985867,7.51336462909847,27.551409877736447
Daylight_Near_20260114_210700_T7,1736905005.68,142,Daylight,Near,4,4,1280,720,27.957991946322764,1,1,chen,2,1,0.8050609170865767,424.9284004006028,236.71280741846977,546.4236069131157,381.2124392077078,17556.012605215547,diana,0.7909476073420771,chen,0.7290884176571629,0.06185918968491422,diana,diana,diana,2,0,0,1,0,13.16556752665211,6.872477721985867,7.51336462909847,27.551409877736447
Daylight_Near_20260114_210700_T7,1736905005.68,142,Daylight,Near,4,4,1280,720,27.957991946322764,1,2,alice,3,1,0.8423814086944037,735.7468730589655,297.1123196695547,849.6503533935709,503.2118877283384,23475.45809735432,alice,0.8581961889036949,diana,0.8046204433943033,0.05357574550939159,unknown,unknown,unknown,0,0,0,0,0,13.16556752665211,6.872477721985867,7.51336462909847,27.551409877736447
Daylight_Near_20260114_210700_T7,1736905005.68,142,Daylight,Near,4,4,1280,720,27.957991946322764,1,3,bob,4,1,0.5973618657546182,1083.3931316707358,281.8895997539581,1171.005312363829,413.9342255971894,11568.717618929071,bob,0.8664623778062203,alice,0.707480810241679,0.1589815675645413,bob,bob,bob,1,1,1,0,0,13.16556752665211,6.872477721985867,7.51336462909847,27.551409877736447
Daylight_Near_20260114_210700_T7,1736905005.72,143,Daylight,Near,4,4,1280,720,25.003487435834074,2,0,diana,1,1,0.7421695189403534,107.81315766328237,271.7894176426855,220.57808209681713,410.7981728165854,15675.311772784555,diana,0.8185373373100929,alice,0.7377167286997278,0.08082060861036511,diana,diana,diana,2,1,1,0,0,11.56231329266279,6.8210539421780245,4.419511106658288,22.802878341499103
Daylight_Near_20260114_210700_T7,1736905005.72,143,Daylight,Near,4,4,1280,720,25.003487435834074,2,1,chen,2,1,0.8609557081990804,459.88411069212987,300.51796537450355,558.3281380305558,443.9907604317003,14124.039758931061,chen,0.860242624830716,diana,0.7720912092681581,0.0881514155625579,chen,chen,chen,2,1,1,0,0,11.56231329266279,6.8210539421780245,4.419511106658288,22.802878341499103
Daylight_Near_20260114_210700_T7,1736905005.72,143,Daylight,Near,4,4,1280,720,25.003487435834074,2,2,alice,3,1,0.8774500688344764,769.4480815684936,201.84734394100013,857.8059943552718,376.09726031104,15396.358913727361,alice,0.8495803162774916,bob,0.7783751631217057,0.0712051531557859,alice,alice,alice,3,1,1,0,0,11.56231329266279,6.8210539421780245,4.419511106658288,22.802878341499103
Daylight_Near_20260114_210700_T7,1736905005.72,143,Daylight,Near,4,4,1280,720,25.003487435834074,2,3,bob,4,1,0.9052259008627588,1094.3798622839618,266.71187115152554,1179.4863441404782,403.5453573880628,11645.416613753752,bob,0.7175743672027416,chen,0.6720456120307031,0.04552875517203847,unknown,unknown,unknown,0,0,0,0,0,11.56231329266279,6.8210539421780245,4.419511106658288,22.802878341499103
Daylight_Near_20260114_210700_T7,1736905005.76,144,Daylight,Near,4,4,1280,720,25.145577958899143,1,0,diana,1,1,0.7013278463247823,82.03768395926704,204.34404701679114,207.39258735292202,339.23970996354774,16909.832796913717,diana,0.8545353530078227,chen,0.6946197926758992,0.15991556033192345,diana,diana,diana,2,1,1,0,0,15.41523462158896,12.749682243644504,4.512456152519309,32.67737301775277
Daylight_Near_20260114_210700_T7,1736905005.76,144,Daylight,Near,4,4,1280,720,25.145577958899143,1,1,chen,2,1,0.7363555516989595,455.3722774739988,252.1586104283608,541.4810169981384,401.0691180977624,12822.496117311903,chen,0.7747104839612454,diana,0.6992452816861686,0.0754652022750768,chen,chen,chen,2,1,1,0,0,15.41523462158896,12.749682243644504,4.512456152519309,32.67737301775277
Daylight_Near_20260114_210700_T7,1736905005.76,144,Daylight,Near,4,4,1280,720,25.145577958899143,1,2,alice,3,1,0.824297473958512,764.6985701289132,288.8303706400242,855.4690507133846,456.6011600412092,15228.635181981708,alice,0.903281494685104,chen,0.8181621851117307,0.08511930957337333,alice,alice,alice,2,1,1,0,0,15.41523462158896,12.749682243644504,4.512456152519309,32.67737301775277
Daylight_Near_20260114_210700_T7,1736905005.76,144,Daylight,Near,4,4,1280,720,25.145577958899143,1,3,bob,4,1,0.8204989968658981,1095.434556696822,243.37152549017108,1181.5988589647834,390.9232512216129,12713.691496083286,bob,0.8304523541109148,alice,0.7023231666702168,0.128129187440698,bob,bob,bob,3,1,1,0,0,15.41523462158896,12.749682243644504,4.512456152519309,32.67737301775277
Daylight_Near_20260114_210700_T7,1736905005.8,145,Daylight,Near,4,4,1280,720,27.487590805506343,0,0,diana,1,1,0.6304223630347531,137.68055938257643,361.38837532993836,225.21557302517616,525.2136280639604,14340.445733074968,diana,0.8675335001328975,chen,0.7675451274152693,0.09998837271762828,diana,diana,diana,3,1,1,0,0,7.732422170634363,4.549162536426088,7.193977436788932,19.475562143849384
Daylight_Near_20260114_210700_T7,1736905005.8,145,Daylight,Near,4,4,1280,720,27.487590805506343,0,1,chen,2,1,0.8604634419822677,466.53420515493247,195.74119137321617,549.7684472757808,388.1341018295297,16013.678091255488,chen,0.8801134605124015,diana,0.7502189046743493,0.1298945558380522,chen,chen,chen,2,1,1,0,0,7.732422170634363,4.549162536426088,7.193977436788932,19.475562143849384
Daylight_Near_20260114_210700_T7,1736905005.8,145,Daylight,Near,4,4,1280,720,27.487590805506343,0,2,alice,3,1,0.7586214324866253,770.1613194609452,329.42477761453813,882.0528817053498,485.3313026958941,17444.62465544938,alice,0.8842003158033752,bob,0.7332518825671722,0.150948433236203,alice,alice,alice,2,1,1,0,0,7.732422170634363,4.549162536426088,7.193977436788932,19.475562143849384
Daylight_Near_20260114_210700_T7,1736905005.8,145,Daylight,Near,4,4,1280,720,27.487590805506343,0,3,bob,4,1,0.728180617347788,1053.333182897064,237.75081701925487,1160.37581622586,379.02234887410293,15122.076784135825,bob,0.8558354553651257,chen,0.7859971061423126,0.06983834922281318,bob,bob,bob,1,1,1,0,0,7.732422170634363,4.549162536426088,7.193977436788932,19.475562143849384
Daylight_Near_20260114_210700_T7,1736905005.84,146,Daylight,Near,4,4,1280,720,25.93148845014807,0,0,diana,1,1,0.7176616985296513,130.92664293281535,211.30639778392097,227.49506347659582,401.182092800243,18335.99596737879,diana,0.9219340206612613,bob,0.7582659601970896,0.1636680604641717,diana,diana,diana,3,1,1,0,0,12.435616207038478,9.518511033583584,6.589660919742483,28.543788160364546
Daylight_Near_20260114_210700_T7,1736905005.84,146,Daylight,Near,4,4,1280,720,25.93148845014807,0,1,chen,2,1,0.8229357695508484,445.00882451470864,323.3077096680321,546.087212508947,488.8788228533366,16735.661219182166,chen,0.7854188776565769,bob,0.621941819192406,0.16347705846417093,chen,chen,chen,2,1,1,0,0,12.435616207038478,9.518511033583584,6.589660919742483,28.543788160364546
Daylight_Near_20260114_210700_T7,1736905005.84,146,Daylight,Near,4,4,1280,720,25.93148845014807,0,2,alice,3,1,0.8240281799296597,759.5713531227259,241.48158871048742,863.2450817346912,400.87854748620754,16525.27704568663,alice,0.8175073186769587,chen,0.7550154781460495,0.06249184053090917,alice,alice,alice,2,1,1,0,0,12.435616207038478,9.518511033583584,6.589660919742483,28.543788160364546
Daylight_Near_20260114_210700_T7,1736905005.84,146,Daylight,Near,4,4,1280,720,25.93148845014807,0,3,bob,4,1,0.8883324133499546,1074.651536442837,206.3089438793241,1158.8968112986786,388.81270451812503,15375.079477240524,bob,0.944643868791485,diana,0.7725558429032211,0.17208802588826388,bob,bob,bob,1,1,1,0,0,12.435616207038478,9.518511033583584,6.589660919742483,28.543788160364546
Daylight_Near_20260114_210700_T7,1736905005.88,147,Daylight,Near,4,4,1280,720,24.643230752903047,1,0,diana,1,1,0.7712575961927455,128.10249807880933,323.2047669146267,250.58721823513747,481.04323897622044,19332.801080366724,chen,0.6532330171436587,diana,0.5912989326809186,0.06193408446274007,unknown,unknown,unknown,0,0,0,0,0,22.851827893953857,14.867249405911162,5.733038020224678,43.452115320089696
Daylight_Near_20260114_210700_T7,1736905005.88,147,Daylight,Near,4,4,1280,720,24.643230752903047,1,1,chen,2,1,0.8287652553754644,438.23454704132416,262.6930878352309,522.9944692037992,410.40980685717386,12520.457606396081,chen,0.8503235229502473,alice,0.7591303299249352,0.09119319302531204,chen,chen,chen,2,1,1,0,0,22.851827893953857,14.867249405911162,5.733038020224678,43.452115320089696
Daylight_Near_20260114_210700_T7,1736905005.88,147,Daylight,Near,4,4,1280,720,24.643230752903047,1,2,alice,3,1,0.8353863500401568,749.1614959378627,261.1495440728543,848.6458136046009,474.3794983098615,21213.036503378473,alice,0.9127454988871538,bob,0.8464556282528573,0.06628987063429659,alice,alice,alice,2,1,1,0,0,22.851827893953857,14.867249405911162,5.733038020224678,43.452115320089696
Daylight_Near_20260114_210700_T7,1736905005.88,147,Daylight,Near,4,4,1280,720,24.643230752903047,1,3,bob,4,1,0.8298665990780114,1062.4727029698645,182.6648615492871,1164.9944086777189,355.29137516558046,17697.964626342546,bob,0.8973796894014725,chen,0.7344827162704402,0.16289697313103235,bob,bob,bob,1,1,1,0,0,22.851827893953857,14.867249405911162,5.733038020224678,43.452115320089696
Daylight_Near_20260114_210700_T7,1736905005.92,148,Daylight,Near,4,4,1280,720,25.00384824221343,1,0,diana,1,1,0.8250877474968633,102.89229314333826,200.96091904153957,186.8623283454564,374.8324726804111,14600.000479703016,diana,0.8539444436668556,chen,0.722277647665234,0.13166679600162168,diana,diana,diana,2,1,1,0,0,9.780482449894244,4.679953211000745,7.440930106064682,21.90136576695967
Daylight_Near_20260114_210700_T7,1736905005.92,148,Daylight,Near,4,4,1280,720,25.00384824221343,1,1,chen,2,1,0.8061988306753327,428.63208111322854,220.7746748288344,544.3171691133916,387.4677646369076,19283.904763466035,chen,0.7995299505471417,alice,0.6540659246982619,0.14546402584887985,chen,chen,chen,2,1,1,0,0,9.780482449894244,4.679953211000745,7.440930106064682,21.90136576695967
Daylight_Near_20260114_210700_T7,1736905005.92,148,Daylight,Near,4,4,1280,720,25.00384824221343,1,2,alice,3,1,0.785909454422593,752.7487247079515,221.73047423158653,861.0605952884754,372.9447258652357,16378.298452874578,chen,0.7060862930870481,bob,0.6720840871242102,0.03400220596283787,unknown,unknown,unknown,0,0,0,0,0,9.780482449894244,4.679953211000745,7.440930106064682,21.90136576695967
Daylight_Near_20260114_210700_T7,1736905005.92,148,Daylight,Near,4,4,1280,720,25.00384824221343,1,3,bob,4,1,0.7177543737891564,1056.9870885516834,208.31160209840976,1145.9845977976915,418.8306253001239,18735.668713855153,bob,0.7885679724949918,chen,0.7091572099868263,0.07941076250816548,unknown,unknown,unknown,0,0,0,0,0,9.780482449894244,4.679953211000745,7.440930106064682,21.90136576695967
Daylight_Near_20260114_210700_T7,1736905005.96,149,Daylight,Near,4,4,1280,720,25.878397258133738,0,0,diana,1,1,0.7191657585293006,133.59503557395755,256.1105458695747,223.65300076886916,404.7280209326035,13384.187396581892,diana,0.9225594074630044,bob,0.8055657781053396,0.11699362935766477,diana,diana,diana,2,1,1,0,0,7.881495434829202,5.0836330772311475,4.882572664627518,17.847701176687867
Daylight_Near_20260114_210700_T7,1736905005.96,149,Daylight,Near,4,4,1280,720,25.878397258133738,0,1,chen,2,1,0.762876623575099,395.0391907178728,181.39340303008248,519.9711853867573,321.1667166037572,17462.158866238646,chen,0.827259996453849,alice,0.7045047917917121,0.12275520466213685,chen,chen,chen,2,1,1,0,0,7.881495434829202,5.0836330772311475,4.882572664627518,17.847701176687867
Daylight_Near_20260114_210700_T7,1736905005.96,149,Daylight,Near,4,4,1280,720,25.878397258133738,0,2,alice,3,1,0.74670902732062,744.2048681384333,220.6555627338088,849.4335731486171,412.06110449353525,20141.357291148677,alice,0.6829864945738835,bob,0.6162008808521895,0.066785613721694,unknown,unknown,unknown,0,0,0,0,0,7.881495434829202,5.0836330772311475,4.882572664627518,17.847701176687867
Daylight_Near_20260114_210700_T7,1736905005.96,149,Daylight,Near,4,4,1280,720,25.878397258133738,0,3,bob,4,1,0.8119414043291288,1045.9201912329506,272.23658222187936,1135.3527800549275,474.79884011294956,18115.667120823324,bob,0.670028669839623,diana,0.6548358106791403,0.01519285916048263,unknown,unknown,unknown,0,0,0,0,0,7.881495434829202,5.0836330772311475,4.882572664627518,17.847701176687867
Daylight_Near_20260114_210700_T7,1736905006.0,150,Daylight,Near,4,4,1280,720,28.93020012310679,3,0,diana,1,1,0.6780895046109247,100.0647398435142,213.8106912777398,208.51302107362005,383.20184800266316,18370.179802397422,diana,0.9019341607102673,chen,0.7981033190446052,0.10383084166566214,diana,diana,diana,1,1,1,0,0,15.162445478293735,9.074717692717089,9.421173186701798,33.65833635771262
Daylight_Near_20260114_210700_T7,1736905006.0,150,Daylight,Near,4,4,1280,720,28.93020012310679,3,1,chen,2,1,0.824485467581888,422.40648492367404,144.10274107757328,536.3462894455101,349.0244717857557,23348.741939166637,chen,0.8540283986772563,bob,0.726435889186964,0.12759250949029233,chen,chen,chen,2,1,1,0,0,15.162445478293735,9.074717692717089,9.421173186701798,33.65833635771262
Daylight_Near_20260114_210700_T7,1736905006.0,150,Daylight,Near,4,4,1280,720,28.93020012310679,3,2,alice,3,1,0.8587780610963367,750.289446852106,267.286393640003,856.7321406470135,450.7499699963446,19528.35728061669,alice,0.8138861105970052,chen,0.7110554250837591,0.10283068551324615,alice,alice,alice,2,1,1,0,0,15.162445478293735,9.074717692717089,9.421173186701798,33.65833635771262
Daylight_Near_20260114_210700_T7,1736905006.0,150,Daylight,Near,4,4,1280,720,28.93020012310679,3,3,bob,4,1,0.8151435236089521,1059.3715068948877,298.4987379902942,1148.552081495583,455.95943747239176,14042.435656840864,bob,0.8454811779742647,chen,0.7806136923597072,0.06486748561455746,bob,bob,bob,2,1,1,0,0,15.162445478293735,9.074717692717089,9.421173186701798,33.65833635771262
Daylight_Near_20260114_210700_T7,1736905006.04,151,Daylight,Near,4,4,1280,720,25.62334695097736,0,0,diana,1,1,0.6868132817810945,79.25885666838633,174.0372391645716,201.76308871123973,389.2386842457846,26363.087764186293,diana,0.8360804630991667,alice,0.7033483600078263,0.13273210309134043,diana,diana,diana,1,1,1,0,0,17.779897549313922,13.887901917199592,8.44059446798451,40.108393934498025
Daylight_Near_20260114_210700_T7,1736905006.04,151,Daylight,Near,4,4,1280,720,25.62334695097736,0,1,chen,2,1,0.979766275832082,435.5676904325621,246.53138736033634,545.6893416304731,460.3853135897084,23549.94747153471,chen,0.8258969712076859,diana,0.7158925000623927,0.11000447114529321,chen,chen,chen,2,1,1,0,0,17.779897549313922,13.887901917199592,8.44059446798451,40.108393934498025
Daylight_Near_20260114_210700_T7,1736905006.04,151,Daylight,Near,4,4,1280,720,25.62334695097736,0,2,alice,3,1,0.7530561918211586,730.4569412346892,186.77490975320137,847.5799460778989,402.21097206052633,25232.518969022833,alice,0.8685765634854822,diana,0.7189177597623623,0.1496588037231199,alice,alice,alice,2,1,1,0,0,17.779897549313922,13.887901917199592,8.44059446798451,40.108393934498025
Daylight_Near_20260114_210700_T7,1736905006.04,151,Daylight,Near,4,4,1280,720,25.62334695097736,0,3,bob,4,1,0.773706415496363,1050.9694614541258,235.3917299150085,1173.1005776858592,370.2999200539978,16476.487850477686,diana,0.65839695769535,chen,0.6370985738956995,0.021298383799650544,unknown,unknown,unknown,0,0,0,0,0,17.779897549313922,13.887901917199592,8.44059446798451,40.108393934498025
Daylight_Near_20260114_210700_T7,1736905006.08,152,Daylight,Near,4,4,1280,720,24.79009661744744,0,0,diana,1,1,0.8089248669220133,91.05182829851205,324.0062155098443,203.3530619204852,470.4129703194592,16441.6591757095,diana,0.75554522536531,bob,0.6544023317171397,0.1011428936481703,diana,diana,diana,2,1,1,0,0,9.203496916565454,8.517121408502742,4.612407932893474,22.33302625796167
Daylight_Near_20260114_210700_T7,1736905006.08,152,Daylight,Near,4,4,1280,720,24.79009661744744,0,1,chen,2,1,0.7000194510428499,415.16315526426024,264.58128321670506,518.6131207410979,438.8000961752889,18022.93018598113,chen,0.8074540886764892,alice,0.7221870417412557,0.08526704693523346,chen,chen,chen,2,1,1,0,0,9.203496916565454,8.517121408502742,4.612407932893474,22.33302625796167
Daylight_Near_20260114_210700_T7,1736905006.08,152,Daylight,Near,4,4,1280,720,24.79009661744744,0,2,alice,3,1,0.6786576738127282,762.7649552001265,199.3605374570093,860.5913623751094,375.95443175725984,17275.54620843221,alice,0.8516082665216134,diana,0.7147532434199768,0.13685502310163655,alice,alice,alice,3,1,1,0,0,9.203496916565454,8.517121408502742,4.612407932893474,22.33302625796167
Daylight_Near_20260114_210700_T7,1736905006.08,152,Daylight,Near,4,4,1280,720,24.79009661744744,0,3,bob,4,1,0.8730647759099794,1066.186771526767,297.7960098502964,1172.4556542704065,441.0429914452633,15222.696690495828,bob,0.9092564504826969,diana,0.7770717290946658,0.13218472138803106,bob,bob,bob,2,1,1,0,0,9.203496916565454,8.517121408502742,4.612407932893474,22.33302625796167
Daylight_Near_20260114_210700_T7,1736905006.12,153,Daylight,Near,4,4,1280,720,25.879915374529997,2,0,diana,1,1,0.6600128168143634,147.4882464718262,157.43735672804007,230.52101726687107,344.2771378448741,15513.824720870436,diana,0.797481817510068,chen,0.6197012567568345,0.17778056075323345,diana,diana,diana,1,1,1,0,0,18.338336738799512,11.255313732321078,7.570241746024109,37.1638922171447
Daylight_Near_20260114_210700_T7,1736905006.12,153,Daylight,Near,4,4,1280,720,25.879915374529997,2,1,chen,2,1,0.6802000513651831,434.16911000797325,280.375026421464,553.0523097404707,416.2486515912266,16153.091319435382,chen,0.8227889069941179,bob,0.7508592898384938,0.07192961715562407,chen,chen,chen,1,1,1,0,0,18.338336738799512,11.255313732321078,7.570241746024109,37.1638922171447
Daylight_Near_20260114_210700_T7,1736905006.12,153,Daylight,Near,4,4,1280,720,25.879915374529997,2,2,alice,3,1,0.8509453240171251,737.2128799659883,164.89329947520997,833.8986446704109,360.90463381561136,18951.505751435954,diana,0.8269174616477376,alice,0.795151144863502,0.03176631678423558,diana,diana,diana,2,0,0,1,0,18.338336738799512,11.255313732321078,7.570241746024109,37.1638922171447
Daylight_Near_20260114_210700_T7,1736905006.12,153,Daylight,Near,4,4,1280,720,25.879915374529997,2,3,bob,4,1,0.6604392698963287,1054.7448671682819,207.01251464445946,1167.0600493939942,344.83768816941506,15479.859479745808,bob,0.9149031532679962,chen,0.8474000655821082,0.06750308768588797,bob,bob,bob,2,1,1,0,0,18.338336738799512,11.255313732321078,7.570241746024109,37.1638922171447
Daylight_Near_20260114_210700_T7,1736905006.16,154,Daylight,Near,4,4,1280,720,21.101814058347095,1,0,diana,1,1,0.8487235475557566,104.23536853937969,253.96949182785946,227.359708280919,444.4837492390068,23456.942155097175,diana,0.8929737969031208,bob,0.7628668145131351,0.13010698238998575,diana,diana,diana,2,1,1,0,0,10.025849794103163,6.134523199315156,9.60481325964083,25.76518625305915
Daylight_Near_20260114_210700_T7,1736905006.16,154,Daylight,Near,4,4,1280,720,21.101814058347095,1,1,chen,2,1,0.7902930544269244,422.14946214760494,250.23398154157053,516.9147884633396,444.75265813928354,18433.625862287136,chen,0.8510267108091532,bob,0.6781233566723812,0.17290335413677194,chen,chen,chen,3,1,1,0,0,10.025849794103163,6.134523199315156,9.60481325964083,25.76518625305915
Daylight_Near_20260114_210700_T7,1736905006.16,154,Daylight,Near,4,4,1280,720,21.101814058347095,1,2,alice,3,1,0.8430462899875145,762.7492261133707,252.00868087311082,888.6245375477363,417.92744121882833,20885.07563132106,alice,0.99,diana,0.8120634751043003,0.17793652489569967,alice,alice,alice,2,1,1,0,0,10.025849794103163,6.134523199315156,9.60481325964083,25.76518625305915
Daylight_Near_20260114_210700_T7,1736905006.16,154,Daylight,Near,4,4,1280,720,21.101814058347095,1,3,bob,4,1,0.843025899085279,1048.2683617545774,251.83691411114594,1175.0491820439922,427.7400425488479,22301.142914806143,bob,0.7725323625348228,alice,0.7087885789049241,0.06374378362989874,bob,bob,bob,1,1,1,0,0,10.025849794103163,6.134523199315156,9.60481325964083,25.76518625305915
Daylight_Near_20260114_210700_T7,1736905006.2,155,Daylight,Near,4,4,1280,720,25.372147182350755,0,0,diana,1,1,0.8206076573550155,90.65190055306924,242.78412497382476,216.21360497822786,372.5584441121114,16294.684701617749,diana,0.8828692227015797,alice,0.7677817469120494,0.11508747578953038,diana,diana,diana,3,1,1,0,0,6.336618835031519,4.761214874643125,5.98470609445504,17.082539804129684
Daylight_Near_20260114_210700_T7,1736905006.2,155,Daylight,Near,4,4,1280,720,25.372147182350755,0,1,chen,2,1,0.548088368944722,426.67047229535183,275.250533781929,532.0152536318494,423.1602428486211,15581.515959175658,chen,0.8033637822511506,alice,0.6702043010906051,0.13315948116054543,chen,chen,chen,2,1,1,0,0,6.336618835031519,4.761214874643125,5.98470609445504,17.082539804129684
Daylight_Near_20260114_210700_T7,1736905006.2,155,Daylight,Near,4,4,1280,720,25.372147182350755,0,2,alice,3,1,0.5870335914007256,744.3945878531072,280.62002057799447,847.624484795324,419.8293081115656,14370.56040548997,alice,0.9067951522089188,chen,0.7963866041091717,0.1104085480997471,alice,alice,alice,1,1,1,0,0,6.336618835031519,4.761214874643125,5.98470609445504,17.082539804129684
Daylight_Near_20260114_210700_T7,1736905006.2,155,Daylight,Near,4,4,1280,720,25.372147182350755,0,3,bob,4,1,0.7125529689089918,1040.8919542693677,274.4387898666857,1149.6366163736914,479.2078443376451,22267.541637866325,bob,0.8811975577678197,alice,0.725262786634651,0.15593477113316867,bob,bob,bob,2,1,1,0,0,6.336618835031519,4.761214874643125,5.98470609445504,17.082539804129684
Daylight_Near_20260114_210700_T7,1736905006.24,156,Daylight,Near,4,4,1280,720,19.6818648640345,0,0,diana,1,1,0.8335309037758212,103.03205845653468,170.8614890416252,207.99334722442,339.32973966688354,17682.64470209822,diana,0.8065919523321248,alice,0.6420420405367147,0.16454991179541012,diana,diana,diana,2,1,1,0,0,16.319097231529234,13.281136340417177,12.990081133882988,42.5903147058294
Daylight_Near_20260114_210700_T7,1736905006.24,156,Daylight,Near,4,4,1280,720,19.6818648640345,0,1,chen,2,1,0.8972007306719758,422.1042955800809,217.759183292452,543.1431429352701,383.76393177377327,20093.02341166723,chen,0.7938006512689255,alice,0.696952793391514,0.09684785787741157,chen,chen,chen,2,1,1,0,0,16.319097231529234,13.281136340417177,12.990081133882988,42.5903147058294
Daylight_Near_20260114_210700_T7,1736905006.24,156,Daylight,Near,4,4,1280,720,19.6818648640345,0,2,alice,3,1,0.6769153532769728,729.426297787065,244.50333439841577,837.2363915727777,442.78624476094103,21376.899162287922,bob,0.7498984077528578,alice,0.6733502393134504,0.07654816843940737,unknown,unknown,unknown,0,0,0,0,0,16.319097231529234,13.281136340417177,12.990081133882988,42.5903147058294
Daylight_Near_20260114_210700_T7,1736905006.24,156,Daylight,Near,4,4,1280,720,19.6818648640345,0,3,bob,4,1,0.6873018396735497,1050.6866575899792,180.87763888819637,1151.9601377308184,364.3150903126786,18577.34909392345,bob,0.9673213365215468,alice,0.8766307368668048,0.09069059965474202,bob,bob,bob,1,1,1,0,0,16.319097231529234,13.281136340417177,12.990081133882988,42.5903147058294
Daylight_Near_20260114_210700_T7,1736905006.28,157,Daylight,Near,4,4,1280,720,26.512603292539637,0,0,diana,1,1,0.8162681288493068,131.33502571811235,202.31542201239233,244.37331052855572,356.9677703246098,17481.636195120325,diana,0.8276329431482978,alice,0.7456851713819866,0.08194777176631118,diana,diana,diana,2,1,1,0,0,14.98898287326241,7.384792312559973,7.529471698514494,29.903246884336877
Daylight_Near_20260114_210700_T7,1736905006.28,157,Daylight,Near,4,4,1280,720,26.512603292539637,0,1,chen,2,1,0.7997678794332815,437.16187937483085,291.0900062128529,555.084162615413,490.81596964727225,23552.14163061175,chen,0.99,alice,0.826183563492535,0.16381643650746502,chen,chen,chen,1,1,1,0,0,14.98898287326241,7.384792312559973,7.529471698514494,29.903246884336877
Daylight_Near_20260114_210700_T7,1736905006.28,157,Daylight,Near,4,4,1280,720,26.512603292539637,0,2,alice,3,1,0.921801533249616,772.7109664158083,198.45231575978693,874.9559897515728,395.5016170765388,20147.31041142738,alice,0.8312874625873334,chen,0.6968142799610318,0.1344731826263016,alice,alice,alice,1,1,1,0,0,14.98898287326241,7.384792312559973,7.529471698514494,29.903246884336877
Daylight_Near_20260114_210700_T7,1736905006.28,157,Daylight,Near,4,4,1280,720,26.512603292539637,0,3,bob,4,1,0.6782045484282655,1084.5465534180964,239.99129740924857,1175.1014872167395,426.85788005156746,16921.691020353857,bob,0.7684131741738044,chen,0.651848147147206,0.11656502702659843,bob,bob,bob,2,1,1,0,0,14.98898287326241,7.384792312559973,7.529471698514494,29.903246884336877
Daylight_Near_20260114_210700_T7,1736905006.32,158,Daylight,Near,4,4,1280,720,24.021189420536906,1,0,diana,1,1,0.7997438946347307,75.27685434263316,205.8471330748372,163.712376461343,354.77659808897886,13170.65499738575,diana,0.8227156197743759,bob,0.6516682734558572,0.1710473463185187,diana,diana,diana,2,1,1,0,0,13.308632103004134,9.907224060145403,6.163968885465145,29.379825048614684
Daylight_Near_20260114_210700_T7,1736905006.32,158,Daylight,Near,4,4,1280,720,24.021189420536906,1,1,chen,2,1,0.9228603694145927,435.9675943081519,167.01821982609766,562.1975401710791,370.7548801363087,25717.66760125154,chen,0.7934813445859527,diana,0.7127090641734235,0.08077228041252915,chen,chen,chen,2,1,1,0,0,13.308632103004134,9.907224060145403,6.163968885465145,29.379825048614684
Daylight_Near_20260114_210700_T7,1736905006.32,158,Daylight,Near,4,4,1280,720,24.021189420536906,1,2,alice,3,1,0.8946810902481289,770.5591009752367,242.50657531707964,884.9051950642803,380.7310000503576,15805.423075955327,alice,0.8818811628808562,bob,0.7409832559386413,0.14089790694221482,alice,alice,alice,2,1,1,0,0,13.308632103004134,9.907224060145403,6.163968885465145,29.379825048614684
Daylight_Near_20260114_210700_T7,1736905006.32,158,Daylight,Near,4,4,1280,720,24.021189420536906,1,3,bob,4,1,0.8025497155157982,1051.4044292654698,313.1716049203135,1160.320104569069,451.9146758535927,15111.295264393255,bob,0.7827010708055517,alice,0.7207760745324272,0.06192499627312453,bob,bob,bob,3,1,1,0,0,13.308632103004134,9.907224060145403,6.163968885465145,29.379825048614684
Daylight_Near_20260114_210700_T7,1736905006.36,159,Daylight,Near,4,4,1280,720,25.650854265045833,0,0,diana,1,1,0.8529393976975864,101.64448834119133,245.29138974943288,224.42556936296677,444.35923903891586,24441.765732442593,diana,0.75222012536956,bob,0.6365194781476822,0.11570064722187778,diana,diana,diana,1,1,1,0,0,10.741542618820631,7.9593555105749685,4.924270821342582,23.625168950738182
Daylight_Near_20260114_210700_T7,1736905006.36,159,Daylight,Near,4,4,1280,720,25.650854265045833,0,1,chen,2,1,0.6840357949465967,454.83138965102944,289.4243256279766,538.1412686656213,458.0163046788325,14045.377377557408,chen,0.6763486184222545,bob,0.663449814458138,0.012898803964116468,unknown,unknown,unknown,0,0,0,0,0,10.741542618820631,7.9593555105749685,4.924270821342582,23.625168950738182
Daylight_Near_20260114_210700_T7,1736905006.36,159,Daylight,Near,4,4,1280,720,25.650854265045833,0,2,alice,3,1,0.8363155595746321,763.4603565760598,214.6227048568457,869.2108599475176,415.47395079099357,21240.120360320616,alice,0.8492943689899727,chen,0.6981769866965758,0.15111738229339688,alice,alice,alice,2,1,1,0,0,10.741542618820631,7.9593555105749685,4.924270821342582,23.625168950738182
Daylight_Near_20260114_210700_T7,1736905006.36,159,Daylight,Near,4,4,1280,720,25.650854265045833,0,3,bob,4,1,0.8046002946980206,1081.7798648652933,281.2459315234426,1183.510395834307,419.5686672097044,14071.64534644995,bob,0.8393689553712839,chen,0.7176650132593614,0.12170394211192248,bob,bob,bob,2,1,1,0,0,10.741542618820631,7.9593555105749685,4.924270821342582,23.625168950738182
Daylight_Near_20260114_210700_T7,1736905006.4,160,Daylight,Near,4,4,1280,720,27.476940235826454,0,0,diana,1,1,0.8098661670186378,124.00494213035181,169.21140791457026,208.242876314591,318.7604489774068,12597.702278367307,diana,0.9365854687161723,chen,0.7980709742539078,0.1385144944622645,diana,diana,diana,1,1,1,0,0,11.205325861730635,8.810402075686897,8.294400976891405,28.310128914308937
Daylight_Near_20260114_210700_T7,1736905006.4,160,Daylight,Near,4,4,1280,720,27.476940235826454,0,1,chen,2,1,0.7697824887931548,410.2969416994979,215.8515053383848,508.518532738227,407.5834588296621,18832.21752487687,chen,0.850939022206016,diana,0.7834696792323969,0.06746934297361917,chen,chen,chen,2,1,1,0,0,11.205325861730635,8.810402075686897,8.294400976891405,28.310128914308937
Daylight_Near_20260114_210700_T7,1736905006.4,160,Daylight,Near,4,4,1280,720,27.476940235826454,0,2,alice,3,1,0.6707238858134572,747.6641661286053,209.01395222496626,864.7389894235614,352.78339184947004,16831.781739253638,alice,0.8348844650217766,chen,0.7522000856765079,0.08268437934526873,alice,alice,alice,1,1,1,0,0,11.205325861730635,8.810402075686897,8.294400976891405,28.310128914308937
Daylight_Near_20260114_210700_T7,1736905006.4,160,Daylight,Near,4,4,1280,720,27.476940235826454,0,3,bob,4,1,0.7312310407070981,1094.3289134253519,265.7303088002626,1191.2471709356537,409.88501366875073,13971.222807765693,bob,0.8134901549051287,alice,0.7346342168075657,0.07885593809756297,bob,bob,bob,2,1,1,0,0,11.205325861730635,8.810402075686897,8.294400976891405,28.310128914308937
Daylight_Near_20260114_210700_T7,1736905006.44,161,Daylight,Near,4,4,1280,720,25.27248744229222,0,0,diana,1,1,0.7150360551523837,114.92590686072577,249.56025142762763,210.29486504894066,427.420624300223,16962.358463826855,diana,0.8479592437534202,chen,0.7674582729417633,0.08050097081165697,diana,diana,diana,2,1,1,0,0,11.052192827800258,8.991028302366058,8.735473487546901,28.778694617713217
Daylight_Near_20260114_210700_T7,1736905006.44,161,Daylight,Near,4,4,1280,720,25.27248744229222,0,1,chen,2,1,0.9641160670006548,425.04987077426864,241.75879529560015,507.34286700279216,403.6066942253342,13318.948536219059,chen,0.7994985429505663,diana,0.6317369924830667,0.16776155046749963,chen,chen,chen,1,1,1,0,0,11.052192827800258,8.991028302366058,8.735473487546901,28.778694617713217
Daylight_Near_20260114_210700_T7,1736905006.44,161,Daylight,Near,4,4,1280,720,25.27248744229222,0,2,alice,3,1,0.787140986585476,765.8844168170342,235.5743617020089,872.1682753929795,446.187203754694,22384.74551900548,alice,0.8591308668718249,chen,0.6925124153803335,0.16661845149149146,alice,alice,alice,2,1,1,0,0,11.052192827800258,8.991028302366058,8.735473487546901,28.778694617713217
Daylight_Near_20260114_210700_T7,1736905006.44,161,Daylight,Near,4,4,1280,720,25.27248744229222,0,3,bob,4,1,0.8891696793638658,1093.4358719167685,289.06270293968515,1205.805770433828,497.39282356771304,23410.034513018254,bob,0.8571618838764606,alice,0.6891490232180612,0.1680128606583995,bob,bob,bob,2,1,1,0,0,11.052192827800258,8.991028302366058,8.735473487546901,28.778694617713217
Daylight_Near_20260114_210700_T7,1736905006.48,162,Daylight,Near,4,4,1280,720,23.00393238914684,0,0,diana,1,1,0.8106674050413065,120.72221737988728,279.9441710952438,240.40653942134185,468.5052839174728,22567.808951510702,diana,0.8787527042524769,chen,0.7641113353882496,0.11464136886422727,diana,diana,diana,2,1,1,0,0,13.353273685354756,7.523724996279245,10.92905571027428,31.80605439190828
Daylight_Near_20260114_210700_T7,1736905006.48,162,Daylight,Near,4,4,1280,720,23.00393238914684,0,1,chen,2,1,0.6724603673677828,441.8580343098222,129.20018521300625,539.1579476675861,325.48495259742,19098.490859952297,chen,0.76792421819363,alice,0.6726909548576948,0.09523326333593518,chen,chen,chen,1,1,1,0,0,13.353273685354756,7.523724996279245,10.92905571027428,31.80605439190828
Daylight_Near_20260114_210700_T7,1736905006.48,162,Daylight,Near,4,4,1280,720,23.00393238914684,0,2,alice,3,1,0.8039350999672091,712.9372351838115,195.0291446943659,833.2879566736776,398.2750718539271,24460.793973529973,alice,0.8162186972827805,bob,0.6655921474075231,0.15062654987525737,alice,alice,alice,2,1,1,0,0,13.353273685354756,7.523724996279245,10.92905571027428,31.80605439190828
Daylight_Near_20260114_210700_T7,1736905006.48,162,Daylight,Near,4,4,1280,720,23.00393238914684,0,3,bob,4,1,0.8328418999079524,1059.703536788697,273.3692627321651,1145.1377178374573,470.9296917159653,16878.41345787275,bob,0.8636726092536422,diana,0.8006943322014839,0.0629782770521583,bob,bob,bob,2,1,1,0,0,13.353273685354756,7.523724996279245,10.92905571027428,31.80605439190828
Daylight_Near_20260114_210700_T7,1736905006.52,163,Daylight,Near,4,4,1280,720,24.28474831052407,0,0,diana,1,1,0.6227893225428619,92.81523180994712,228.26399823911268,212.89805723885723,360.71346397673494,15904.906072323305,diana,0.8278341765668259,bob,0.7632360982524268,0.06459807831439912,diana,diana,diana,2,1,1,0,0,12.217480747987032,7.816160109725508,4.933545532302344,24.967186390014884
Daylight_Near_20260114_210700_T7,1736905006.52,163,Daylight,Near,4,4,1280,720,24.28474831052407,0,1,chen,-1,0,-1.0,-1.0,-1.0,-1.0,-1.0,0.0,unknown,-1.0,unknown,-1.0,-1.0,unknown,unknown,unknown,0,0,0,0,1,12.217480747987032,7.816160109725508,4.933545532302344,24.967186390014884
Daylight_Near_20260114_210700_T7,1736905006.52,163,Daylight,Near,4,4,1280,720,24.28474831052407,0,2,alice,3,1,0.7149361535741632,759.0007820052701,219.65027256009452,852.2328069272985,380.6521728010093,15010.533175754892,alice,0.8355204815800332,diana,0.704901965966426,0.13061851561360727,alice,alice,alice,2,1,1,0,0,12.217480747987032,7.816160109725508,4.933545532302344,24.967186390014884
Daylight_Near_20260114_210700_T7,1736905006.52,163,Daylight,Near,4,4,1280,720,24.28474831052407,0,3,bob,4,1,0.7678246004503324,1056.6406639508918,232.9378150317423,1156.5571896222636,366.6342109204812,13358.47937198707,bob,0.7753521476057483,diana,0.7092826233828249,0.06606952422292345,bob,bob,bob,2,1,1,0,0,12.217480747987032,7.816160109725508,4.933545532302344,24.967186390014884
Daylight_Near_20260114_210700_T7,1736905006.56,164,Daylight,Near,4,4,1280,720,22.413987051205613,0,0,diana,1,1,0.8278967933480155,102.90908072405684,225.73204420140186,211.18048255797004,426.9393047315524,21784.992156760793,diana,0.8417613708664458,bob,0.6967138578095369,0.14504751305690888,diana,diana,diana,2,1,1,0,0,17.967876182858618,11.72489093685407,12.416784408344999,42.109551528057686
Daylight_Near_20260114_210700_T7,1736905006.56,164,Daylight,Near,4,4,1280,720,22.413987051205613,0,1,chen,2,1,0.8348659763079033,412.77882345637295,256.9671027933755,520.1188249565486,414.2297294427732,16880.57058046791,chen,0.827772510543338,alice,0.7490992196848498,0.07867329085848818,chen,chen,chen,1,1,1,0,0,17.967876182858618,11.72489093685407,12.416784408344999,42.109551528057686
Daylight_Near_20260114_210700_T7,1736905006.56,164,Daylight,Near,4,4,1280,720,22.413987051205613,0,2,alice,3,1,0.7807921263831131,750.6738563290271,190.7274559029017,843.5539826157571,381.7259872453259,17739.967711664325,alice,0.9380175678498618,bob,0.8330433568517217,0.10497421099814008,alice,alice,alice,3,1,1,0,0,17.967876182858618,11.72489093685407,12.416784408344999,42.109551528057686
Daylight_Near_20260114_210700_T7,1736905006.56,164,Daylight,Near,4,4,1280,720,22.413987051205613,0,3,bob,4,1,0.8267076095010757,1089.8542379959183,233.20362704441624,1211.1195011647799,385.9407210661803,18521.703902196372,bob,0.832485130051738,alice,0.6727949914698372,0.15969013858190073,bob,bob,bob,3,1,1,0,0,17.967876182858618,11.72489093685407,12.416784408344999,42.109551528057686
Daylight_Near_20260114_210700_T7,1736905006.6,165,Daylight,Near,4,4,1280,720,25.23513611190498,0,0,diana,1,1,0.7188601306877773,83.41638811780746,268.0213236093176,166.93628787759192,448.5540067288797,15078.071597510758,diana,0.7535958009061896,bob,0.6486680509937491,0.10492774991244047,diana,diana,diana,1,1,1,0,0,10.730452406404686,9.331462448129074,7.6367222706581686,27.69863712519193
Daylight_Near_20260114_210700_T7,1736905006.6,165,Daylight,Near,4,4,1280,720,25.23513611190498,0,1,chen,2,1,0.7088679195873198,426.51165195296755,229.3243008342621,525.091628769405,434.02924494951367,20179.808645091627,chen,0.8879722789071356,alice,0.7886968906996117,0.0992753882075239,chen,chen,chen,2,1,1,0,0,10.730452406404686,9.331462448129074,7.6367222706581686,27.69863712519193
Daylight_Near_20260114_210700_T7,1736905006.6,165,Daylight,Near,4,4,1280,720,25.23513611190498,0,2,alice,3,1,0.6952986943318441,757.1737039736196,202.41425473271244,863.0283733068921,355.5526238998627,16210.411430425313,alice,0.7348782533196521,bob,0.6624146544955467,0.07246359882410536,unknown,unknown,unknown,0,0,0,0,0,10.730452406404686,9.331462448129074,7.6367222706581686,27.69863712519193
Daylight_Near_20260114_210700_T7,1736905006.6,165,Daylight,Near,4,4,1280,720,25.23513611190498,0,3,bob,4,1,0.8469465187653675,1052.6720267916696,271.5974191502921,1159.6404174505321,401.93600167122486,13942.108413021522,bob,0.9854514797068112,alice,0.8856063341804676,0.0998451455263436,bob,bob,bob,1,1,1,0,0,10.730452406404686,9.331462448129074,7.6367222706581686,27.69863712519193
Daylight_Near_20260114_210700_T7,1736905006.64,166,Daylight,Near,4,4,1280,720,28.50967240016905,2,0,diana,1,1,0.8074939498193319,121.08397966392978,187.4813851849427,241.46408885689317,381.2316907946155,23323.682945462435,diana,0.8851159999041,chen,0.7314992221131524,0.1536167777909475,diana,diana,diana,2,1,1,0,0,13.628682191989112,6.756676540090565,5.862493116857969,26.247851848937646
Daylight_Near_20260114_210700_T7,1736905006.64,166,Daylight,Near,4,4,1280,720,28.50967240016905,2,1,chen,2,1,0.8099964055480118,433.19794997599803,222.49626253305436,538.6634118439263,437.6948446089399,22696.01785195653,chen,0.902788089920709,bob,0.7486104269646473,0.15417766295606172,chen,chen,chen,1,1,1,0,0,13.628682191989112,6.756676540090565,5.862493116857969,26.247851848937646
Daylight_Near_20260114_210700_T7,1736905006.64,166,Daylight,Near,4,4,1280,720,28.50967240016905,2,2,alice,3,1,0.8991793353622701,778.1768026623303,250.0349475582101,869.3262975468045,459.4481775267012,19087.910133754216,bob,0.712547862106533,diana,0.7004881602773628,0.012059701829170155,unknown,unknown,unknown,0,0,0,0,0,13.628682191989112,6.756676540090565,5.862493116857969,26.247851848937646
Daylight_Near_20260114_210700_T7,1736905006.64,166,Daylight,Near,4,4,1280,720,28.50967240016905,2,3,bob,4,1,0.8256430668858699,1069.311184515842,246.1653764106937,1152.159177767001,427.0211077301318,14983.53440778625,bob,0.8449050504488488,chen,0.7527286126409152,0.09217643780793361,bob,bob,bob,3,1,1,0,0,13.628682191989112,6.756676540090565,5.862493116857969,26.247851848937646
Daylight_Near_20260114_210700_T7,1736905006.68,167,Daylight,Near,4,4,1280,720,26.435438083557212,2,0,diana,1,1,0.8610416826180455,107.74551915549728,242.7381445286043,216.31552633297719,410.0104595955646,18160.75644741356,diana,0.9,chen,0.846431018632464,0.05356898136753607,unknown,unknown,unknown,0,0,0,0,0,12.430440369912251,9.765487257660176,7.112941009307281,29.30886863687971
Daylight_Near_20260114_210700_T7,1736905006.68,167,Daylight,Near,4,4,1280,720,26.435438083557212,2,1,chen,2,1,0.7319204086927591,387.9834157539815,287.4970171443504,508.7049978671199,429.7104628088758,17168.232158382347,chen,0.8222538348487693,diana,0.70715624212563,0.11509759272313935,chen,chen,chen,2,1,1,0,0,12.430440369912251,9.765487257660176,7.112941009307281,29.30886863687971
Daylight_Near_20260114_210700_T7,1736905006.68,167,Daylight,Near,4,4,1280,720,26.435438083557212,2,2,alice,3,1,0.7585890392913858,761.2795554098141,266.09848672124235,843.0885523239347,453.53275069897427,15333.809123354737,alice,0.8106646114828047,diana,0.7316052799275011,0.07905933155530354,alice,alice,alice,1,1,1,0,0,12.430440369912251,9.765487257660176,7.112941009307281,29.30886863687971
Daylight_Near_20260114_210700_T7,1736905006.68,167,Daylight,Near,4,4,1280,720,26.435438083557212,2,3,bob,4,1,0.7017823330858667,1044.1234762598137,286.3888719546362,1129.1937794305695,434.1391372708655,12569.159864011226,bob,0.8150610457108634,alice,0.6571952602961381,0.1578657854147253,bob,bob,bob,1,1,1,0,0,12.430440369912251,9.765487257660176,7.112941009307281,29.30886863687971
Daylight_Near_20260114_210700_T7,1736905006.72,168,Daylight,Near,4,4,1280,720,22.561880262118297,1,0,diana,-1,0,-1.0,-1.0,-1.0,-1.0,-1.0,0.0,unknown,-1.0,unknown,-1.0,-1.0,unknown,unknown,unknown,0,0,0,0,1,14.643440767541442,9.071023967957503,11.688918400761102,35.40338313626005
Daylight_Near_20260114_210700_T7,1736905006.72,168,Daylight,Near,4,4,1280,720,22.561880262118297,1,1,chen,2,1,0.7445222315538145,413.99473491475214,341.4129322126136,525.5661596390145,505.7877008648025,18339.52712724573,alice,0.49743289800778134,chen,0.41965356949116944,0.0777793285166119,unknown,unknown,unknown,0,0,0,0,0,14.643440767541442,9.071023967957503,11.688918400761102,35.40338313626005
Daylight_Near_20260114_210700_T7,1736905006.72,168,Daylight,Near,4,4,1280,720,22.561880262118297,1,2,alice,3,1,0.6744237897171761,771.6432262998206,283.0636698721702,878.5572072022584,452.5184237399362,18117.082318845627,alice,0.8217847183751351,diana,0.6446901790588857,0.1770945393162494,alice,alice,alice,2,1,1,0,0,14.643440767541442,9.071023967957503,11.688918400761102,35.40338313626005
Daylight_Near_20260114_210700_T7,1736905006.72,168,Daylight,Near,4,4,1280,720,22.561880262118297,1,3,bob,4,1,0.7608404727071956,1074.8127927023486,252.86385698195238,1176.1656409404825,426.3874114387859,17587.10648060501,bob,0.8760290398218232,chen,0.7845508271911071,0.0914782126307161,bob,bob,bob,2,1,1,0,0,14.643440767541442,9.071023967957503,11.688918400761102,35.40338313626005
Daylight_Near_20260114_210700_T7,1736905006.76,169,Daylight,Near,4,4,1280,720,23.827841344569745,2,0,diana,-1,0,-1.0,-1.0,-1.0,-1.0,-1.0,0.0,unknown,-1.0,unknown,-1.0,-1.0,unknown,unknown,unknown,0,0,0,0,1,17.924494394886672,10.035859770945223,8.03931315165621,35.999667317488104
Daylight_Near_20260114_210700_T7,1736905006.76,169,Daylight,Near,4,4,1280,720,23.827841344569745,2,1,chen,2,1,0.840488454287225,439.7008211175977,302.5645143296934,545.2922043249304,433.0710783739972,13780.368615074387,chen,0.8944398035507694,alice,0.833709245026749,0.06073055852402032,chen,chen,chen,2,1,1,0,0,17.924494394886672,10.035859770945223,8.03931315165621,35.999667317488104
Daylight_Near_20260114_210700_T7,1736905006.76,169,Daylight,Near,4,4,1280,720,23.827841344569745,2,2,alice,3,1,0.6693093477252345,739.9614182533509,189.11317234441032,841.632767612016,343.02008855774585,15647.923847040836,alice,0.8582847350961849,bob,0.7278528276220673,0.1304319074741176,alice,alice,alice,2,1,1,0,0,17.924494394886672,10.035859770945223,8.03931315165621,35.999667317488104
Daylight_Near_20260114_210700_T7,1736905006.76,169,Daylight,Near,4,4,1280,720,23.827841344569745,2,3,bob,4,1,0.6225008676683924,1052.3043949345151,162.90376837695635,1143.5140751782756,313.1254400872393,13701.670642378062,bob,0.99,chen,0.8134914582559487,0.17650854174405128,bob,bob,bob,2,1,1,0,0,17.924494394886672,10.035859770945223,8.03931315165621,35.999667317488104
Daylight_Near_20260114_210700_T7,1736905006.8,170,Daylight,Near,4,4,1280,720,22.56544390945022,2,0,diana,1,1,0.7085585257022916,110.90681951095678,209.3527627651991,203.48042049730486,396.9794725460036,17369.28016562953,diana,0.8572321480727277,bob,0.7656293989230639,0.09160274914966382,diana,diana,diana,1,1,1,0,0,10.94856280853917,11.110404019811092,6.831187560728715,28.89015438907898
Daylight_Near_20260114_210700_T7,1736905006.8,170,Daylight,Near,4,4,1280,720,22.56544390945022,2,1,chen,2,1,0.8085339185625029,422.24900372758714,226.24217146600984,535.2053395510832,440.6688445707865,24220.85129673816,chen,0.5405487365759255,bob,0.49597245000674123,0.044576286569184276,unknown,unknown,unknown,0,0,0,0,0,10.94856280853917,11.110404019811092,6.831187560728715,28.89015438907898
Daylight_Near_20260114_210700_T7,1736905006.8,170,Daylight,Near,4,4,1280,720,22.56544390945022,2,2,alice,3,1,0.8294802079141047,757.7163900201208,273.2574543027861,843.3888513633685,416.729697779066,12291.620233050618,alice,0.9374370177255438,diana,0.8250297620350482,0.11240725569049559,alice,alice,alice,2,1,1,0,0,10.94856280853917,11.110404019811092,6.831187560728715,28.89015438907898
Daylight_Near_20260114_210700_T7,1736905006.8,170,Daylight,Near,4,4,1280,720,22.56544390945022,2,3,bob,4,1,0.8217650757389622,1072.5931776502225,145.84359172843205,1186.2031121410673,336.29200603366706,21636.831873103023,bob,0.9100745221662564,alice,0.7403765990447447,0.16969792312151166,bob,bob,bob,3,1,1,0,0,10.94856280853917,11.110404019811092,6.831187560728715,28.89015438907898
Daylight_Near_20260114_210700_T7,1736905006.84,171,Daylight,Near,4,4,1280,720,24.708100519208593,1,0,diana,1,1,0.6588007461066653,89.88443381767485,248.20659801287047,215.29198262653853,431.93864242855113,23041.385327811782,diana,0.8811678320178515,bob,0.7052507178334009,0.17591711418445066,diana,diana,diana,2,1,1,0,0,8.698519324165497,8.329230400481393,6.480485462799519,23.50823518744641
Daylight_Near_20260114_210700_T7,1736905006.84,171,Daylight,Near,4,4,1280,720,24.708100519208593,1,1,chen,2,1,0.655304327098584,441.73680725641447,254.7022340294887,535.5647004492388,388.4433443592521,12548.646615510772,chen,0.8792802972537096,alice,0.7851791147311706,0.09410118252253896,chen,chen,chen,1,1,1,0,0,8.698519324165497,8.329230400481393,6.480485462799519,23.50823518744641
Daylight_Near_20260114_210700_T7,1736905006.84,171,Daylight,Near,4,4,1280,720,24.708100519208593,1,2,alice,3,1,0.8015200125876464,778.4561932110335,251.10884937427554,879.2107817699282,463.85698639212,21435.351011904284,alice,0.9133381465181204,chen,0.8470181561078538,0.0663199904102666,alice,alice,alice,3,1,1,0,0,8.698519324165497,8.329230400481393,6.480485462799519,23.50823518744641
Daylight_Near_20260114_210700_T7,1736905006.84,171,Daylight,Near,4,4,1280,720,24.708100519208593,1,3,bob,4,1,0.7266881397660887,1094.1343782488239,226.68582500049837,1196.9771547292144,389.36338622571265,16730.212067459754,bob,0.8639347927168142,alice,0.7420279806140028,0.1219068121028114,bob,bob,bob,2,1,1,0,0,8.698519324165497,8.329230400481393,6.480485462799519,23.50823518744641
Daylight_Near_20260114_210700_T7,1736905006.88,172,Daylight,Near,4,4,1280,720,29.20049505902663,1,0,diana,1,1,0.5816165490970509,109.6980963741931,245.89737315845883,191.2339331926757,434.97679275765785,15416.74870217369,diana,0.9856358132093728,chen,0.9041312766585611,0.08150453655081169,diana,diana,diana,1,1,1,0,0,20.923311040364492,10.879776027721752,8.517860316037448,40.32094738412369
Daylight_Near_20260114_210700_T7,1736905006.88,172,Daylight,Near,4,4,1280,720,29.20049505902663,1,1,chen,2,1,0.843787920380512,444.66261057164655,166.72154135290248,533.8365938354812,366.02061804952757,17772.292529842536,chen,0.8763762951924517,alice,0.720178161712853,0.15619813347959877,chen,chen,chen,2,1,1,0,0,20.923311040364492,10.879776027721752,8.517860316037448,40.32094738412369
Daylight_Near_20260114_210700_T7,1736905006.88,172,Daylight,Near,4,4,1280,720,29.20049505902663,1,2,alice,3,1,0.7052155682926755,722.9389418340553,258.03835675867356,809.833796925498,410.63165873198045,13259.572862895253,alice,0.7064758463140632,chen,0.5748685783838747,0.1316072679301885,alice,alice,alice,2,1,1,0,0,20.923311040364492,10.879776027721752,8.517860316037448,40.32094738412369
Daylight_Near_20260114_210700_T7,1736905006.88,172,Daylight,Near,4,4,1280,720,29.20049505902663,1,3,bob,4,1,0.8361959585105156,1072.681091193692,311.2246870366767,1154.2370029448423,497.0964501772674,15158.941111724715,bob,0.866443904986236,chen,0.737110681823231,0.129333223163005,bob,bob,bob,3,1,1,0,0,20.923311040364492,10.879776027721752,8.517860316037448,40.32094738412369
Daylight_Near_20260114_210700_T7,1736905006.92,173,Daylight,Near,4,4,1280,720,21.840063394820966,0,0,diana,1,1,0.8071828426071191,107.30975215958222,347.7938679524228,198.94850859969915,502.42781379436764,14170.46250038422,diana,0.920845280547949,chen,0.8131890568934117,0.10765622365453731,diana,diana,diana,1,1,1,0,0,16.55251773401464,10.015109257461717,5.664911424246608,32.23253841572296
Daylight_Near_20260114_210700_T7,1736905006.92,173,Daylight,Near,4,4,1280,720,21.840063394820966,0,1,chen,2,1,0.641902451610267,439.93744785023705,240.84301908009476,537.8780992688365,392.3258806430573,14836.330140230077,chen,0.874417172071546,alice,0.7903677366528599,0.08404943541868615,chen,chen,chen,1,1,1,0,0,16.55251773401464,10.015109257461717,5.664911424246608,32.23253841572296
Daylight_Near_20260114_210700_T7,1736905006.92,173,Daylight,Near,4,4,1280,720,21.840063394820966,0,2,alice,3,1,0.830553786144596,735.7234521467572,216.88195115728695,820.0772832935982,370.19869741346315,12932.854925676555,alice,0.9647777949014962,bob,0.8248294420342137,0.13994835286728247,alice,alice,alice,2,1,1,0,0,16.55251773401464,10.015109257461717,5.664911424246608,32.23253841572296
Daylight_Near_20260114_210700_T7,1736905006.92,173,Daylight,Near,4,4,1280,720,21.840063394820966,0,3,bob,4,1,0.7155231646668733,1113.9043568253273,203.98952701164376,1206.813187876653,379.56752286826577,16312.746353373259,bob,0.8346452910925765,alice,0.7369439906675044,0.09770130042507208,bob,bob,bob,1,1,1,0,0,16.55251773401464,10.015109257461717,5.664911424246608,32.23253841572296
Daylight_Near_20260114_210700_T7,1736905006.96,174,Daylight,Near,4,4,1280,720,26.65746899888483,0,0,diana,1,1,0.7566630314355662,103.9992151801231,236.37914348983043,197.96861551370347,401.4376862618677,15510.45228422297,diana,0.7524713029536065,bob,0.6784429002954749,0.0740284026581316,unknown,unknown,unknown,0,0,0,0,0,12.610524575976385,11.530938508388553,5.358890208721105,29.500353293086043
Daylight_Near_20260114_210700_T7,1736905006.96,174,Daylight,Near,4,4,1280,720,26.65746899888483,0,1,chen,2,1,0.8512885512047301,404.1002089520443,185.61715599043032,523.3422451496479,324.837995940464,16600.97643678269,chen,0.8665656254788426,bob,0.784521153994392,0.0820444714844506,chen,chen,chen,2,1,1,0,0,12.610524575976385,11.530938508388553,5.358890208721105,29.500353293086043
Daylight_Near_20260114_210700_T7,1736905006.96,174,Daylight,Near,4,4,1280,720,26.65746899888483,0,2,alice,3,1,0.7244383875732614,750.375919314113,244.57240367573863,859.4117355921297,399.4830316455939,16890.80677083333,alice,0.7559472336110266,diana,0.7267085376085082,0.029238696002518383,unknown,unknown,unknown,0,0,0,0,0,12.610524575976385,11.530938508388553,5.358890208721105,29.500353293086043
Daylight_Near_20260114_210700_T7,1736905006.96,174,Daylight,Near,4,4,1280,720,26.65746899888483,0,3,bob,4,1,0.7806134345334393,1068.769495683884,291.20749221460767,1182.2324975496972,429.67630408030993,15711.0870590751,bob,0.9583401837278711,diana,0.8469151755911973,0.11142500813667378,bob,bob,bob,1,1,1,0,0,12.610524575976385,11.530938508388553,5.358890208721105,29.500353293086043
Daylight_Near_20260114_210700_T7,1736905007.0,175,Daylight,Near,4,4,1280,720,26.049918314354233,2,0,diana,1,1,0.7314726238814312,106.17625046113217,273.6916500778067,224.36727539066078,454.79005882874844,21404.20654338052,diana,0.9803115453175483,chen,0.8939960827950585,0.08631546252248978,diana,diana,diana,2,1,1,0,0,11.049369821322951,7.053510424014224,6.291058556545707,24.393938801882882
Daylight_Near_20260114_210700_T7,1736905007.0,175,Daylight,Near,4,4,1280,720,26.049918314354233,2,1,chen,2,1,0.7298608309108302,453.05229735615296,207.17011994001518,542.058219591012,399.2175946437843,17093.362598884723,chen,0.8953478403013162,bob,0.8198650314144761,0.07548280888684011,chen,chen,chen,1,1,1,0,0,11.049369821322951,7.053510424014224,6.291058556545707,24.393938801882882
Daylight_Near_20260114_210700_T7,1736905007.0,175,Daylight,Near,4,4,1280,720,26.049918314354233,2,2,alice,3,1,0.9809154340484225,758.248546254337,228.30804844463665,845.3090839152085,406.60615043641684,15522.728623317274,alice,0.8874198252740353,diana,0.7477701388843074,0.13964968638972786,alice,alice,alice,3,1,1,0,0,11.049369821322951,7.053510424014224,6.291058556545707,24.393938801882882
Daylight_Near_20260114_210700_T7,1736905007.0,175,Daylight,Near,4,4,1280,720,26.049918314354233,2,3,bob,4,1,0.7922821172531586,1050.3147174855458,295.71866794215157,1158.379300388629,460.32161447389115,17787.74876157094,bob,0.880369950607724,alice,0.8145422526986346,0.06582769790908949,bob,bob,bob,2,1,1,0,0,11.049369821322951,7.053510424014224,6.291058556545707,24.393938801882882
Daylight_Near_20260114_210700_T7,1736905007.04,176,Daylight,Near,4,4,1280,720,27.505345017420208,2,0,diana,1,1,0.7699033808431054,111.18649763777455,278.4117388768304,225.68274658797873,411.91031824476516,15285.086577809652,diana,0.8474538311017216,chen,0.6683389638623406,0.17911486723938097,diana,diana,diana,3,1,1,0,0,18.333621554003415,13.675470103813803,2.4940647834965173,34.503156441313735
Daylight_Near_20260114_210700_T7,1736905007.04,176,Daylight,Near,4,4,1280,720,27.505345017420208,2,1,chen,2,1,0.8214818371765589,438.2968108646701,250.03732803651872,537.9137199682891,394.0288488729517,14343.99024285481,chen,0.8588823638266184,diana,0.7136668605920824,0.14521550323453603,chen,chen,chen,2,1,1,0,0,18.333621554003415,13.675470103813803,2.4940647834965173,34.503156441313735
Daylight_Near_20260114_210700_T7,1736905007.04,176,Daylight,Near,4,4,1280,720,27.505345017420208,2,2,alice,3,1,0.8847013838265446,759.0883122998515,191.26830550321398,861.3126107514837,368.81927820509264,18150.023623854446,alice,0.9258473633807952,diana,0.7890100982802892,0.13683726510050598,alice,alice,alice,2,1,1,0,0,18.333621554003415,13.675470103813803,2.4940647834965173,34.503156441313735
Daylight_Near_20260114_210700_T7,1736905007.04,176,Daylight,Near,4,4,1280,720,27.505345017420208,2,3,bob,4,1,0.6388223315838966,1058.244623917582,212.79101401890577,1148.6827815702868,353.55577317206564,12730.505480238498,bob,0.8472184655354307,alice,0.7059742187915874,0.14124424674384328,bob,bob,bob,2,1,1,0,0,18.333621554003415,13.675470103813803,2.4940647834965173,34.503156441313735
Daylight_Near_20260114_210700_T7,1736905007.08,177,Daylight,Near,4,4,1280,720,24.66188945475885,0,0,diana,1,1,0.7279194305861242,130.89425928166455,167.60924217981375,214.87800816290073,344.1525741551778,14826.770859275686,chen,0.9274080473020228,diana,0.8793937217376331,0.04801432556438967,chen,chen,chen,2,0,0,1,0,13.368295521390039,8.441515563179683,12.081927862162283,33.891738946732005
Daylight_Near_20260114_210700_T7,1736905007.08,177,Daylight,Near,4,4,1280,720,24.66188945475885,0,1,chen,-1,0,-1.0,-1.0,-1.0,-1.0,-1.0,0.0,unknown,-1.0,unknown,-1.0,-1.0,unknown,unknown,unknown,0,0,0,0,1,13.368295521390039,8.441515563179683,12.081927862162283,33.891738946732005
Daylight_Near_20260114_210700_T7,1736905007.08,177,Daylight,Near,4,4,1280,720,24.66188945475885,0,2,alice,3,1,0.7988785810750415,741.4280457061534,261.4543790774239,864.2895707024393,443.91908145036297,22417.89159153272,alice,0.8640004956770364,diana,0.7594853151034161,0.1045151805736203,alice,alice,alice,3,1,1,0,0,13.368295521390039,8.441515563179683,12.081927862162283,33.891738946732005
Daylight_Near_20260114_210700_T7,1736905007.08,177,Daylight,Near,4,4,1280,720,24.66188945475885,0,3,bob,-1,0,-1.0,-1.0,-1.0,-1.0,-1.0,0.0,unknown,-1.0,unknown,-1.0,-1.0,unknown,unknown,unknown,0,0,0,0,1,13.368295521390039,8.441515563179683,12.081927862162283,33.891738946732005
Daylight_Near_20260114_210700_T7,1736905007.12,178,Daylight,Near,4,4,1280,720,22.74481274313221,2,0,diana,1,1,0.8865357243035364,128.32870751635377,283.8200817619586,229.65963882672318,424.6416597741388,14269.581648570062,diana,0.8807869207680543,bob,0.7474882614788195,0.1332986592892348,diana,diana,diana,2,1,1,0,0,14.790035821671035,9.630809453820525,8.293153382438575,32.713998657930134
Daylight_Near_20260114_210700_T7,1736905007.12,178,Daylight,Near,4,4,1280,720,22.74481274313221,2,1,chen,2,1,0.7841231465506133,430.68110603312135,217.12272032502364,522.9472974158527,426.5042878772958,19318.839783794243,chen,0.8218480071696086,bob,0.7237568331699831,0.09809117399962552,chen,chen,chen,2,1,1,0,0,14.790035821671035,9.630809453820525,8.293153382438575,32.713998657930134
Daylight_Near_20260114_210700_T7,1736905007.12,178,Daylight,Near,4,4,1280,720,22.74481274313221,2,2,alice,3,1,0.7403231613190099,757.1646151085263,316.7039430494096,875.7673510189775,451.0608858085604,15935.100999799171,alice,0.8648152148891018,bob,0.6958261942311078,0.16898902065799404,alice,alice,alice,3,1,1,0,0,14.790035821671035,9.630809453820525,8.293153382438575,32.713998657930134
Daylight_Near_20260114_210700_T7,1736905007.12,178,Daylight,Near,4,4,1280,720,22.74481274313221,2,3,bob,4,1,0.5813423444929795,1049.5057499329962,223.42517439989433,1167.2228103835716,369.4958151876792,17195.006451669968,bob,0.8436079902202537,alice,0.7533504798054335,0.09025751041482022,bob,bob,bob,3,1,1,0,0,14.790035821671035,9.630809453820525,8.293153382438575,32.713998657930134
Daylight_Near_20260114_210700_T7,1736905007.16,179,Daylight,Near,4,4,1280,720,25.094219504043988,1,0,diana,1,1,0.7053861116947945,97.2942700128597,204.95771295940438,211.06047222803423,363.77084630946285,18067.56704312823,diana,0.900356485992089,bob,0.8173147738677834,0.08304171212430556,diana,diana,diana,1,1,1,0,0,14.681586244894167,8.836032193711523,6.699861690239802,30.21748012884549
Daylight_Near_20260114_210700_T7,1736905007.16,179,Daylight,Near,4,4,1280,720,25.094219504043988,1,1,chen,2,1,0.724177046686928,412.6477632459829,268.7720970976478,512.932938994471,434.3556289948426,16605.573597365565,chen,0.8877256227231916,diana,0.8160068137709919,0.07171880895219962,chen,chen,chen,1,1,1,0,0,14.681586244894167,8.836032193711523,6.699861690239802,30.21748012884549
Daylight_Near_20260114_210700_T7,1736905007.16,179,Daylight,Near,4,4,1280,720,25.094219504043988,1,2,alice,3,1,0.642794621362838,768.5035030562722,281.47294982500364,872.7015294602643,435.8624864252496,16087.085011172534,alice,0.854690465701341,bob,0.7059212663362746,0.14876919936506638,alice,alice,alice,1,1,1,0,0,14.681586244894167,8.836032193711523,6.699861690239802,30.21748012884549
Daylight_Near_20260114_210700_T7,1736905007.16,179,Daylight,Near,4,4,1280,720,25.094219504043988,1,3,bob,4,1,0.7555784636361667,1064.2863782769805,165.45391209594396,1176.0576796196488,376.31572183962356,23568.298878521196,bob,0.8966570192334886,chen,0.7394444252189297,0.1572125940145589,bob,bob,bob,2,1,1,0,0,14.681586244894167,8.836032193711523,6.699861690239802,30.21748012884549
Daylight_Near_20260114_210700_T7,1736905007.2,180,Daylight,Near,4,4,1280,720,24.535424210457627,1,0,diana,1,1,0.7637740999967639,126.34606950974448,186.96732939897743,221.07129907517702,391.7464956374522,19397.753532157396,bob,0.7277021902471906,alice,0.6967229088568037,0.03097928139038697,unknown,unknown,unknown,0,0,0,0,0,11.84132647049193,6.925228336730828,6.73597186142723,25.50252666864999
Daylight_Near_20260114_210700_T7,1736905007.2,180,Daylight,Near,4,4,1280,720,24.535424210457627,1,1,chen,2,1,0.9338613897130286,404.460901458533,339.794194079092,512.8491767013875,531.0882120329439,20734.028670293654,chen,0.7587230496377362,alice,0.636258620361392,0.12246442927634416,chen,chen,chen,2,1,1,0,0,11.84132647049193,6.925228336730828,6.73597186142723,25.50252666864999
Daylight_Near_20260114_210700_T7,1736905007.2,180,Daylight,Near,4,4,1280,720,24.535424210457627,1,2,alice,3,1,0.8534703470852811,718.6504244798712,278.73702178126064,837.0745125059484,454.27428308208766,20787.84008414566,alice,0.9120927176621604,bob,0.7483070629163826,0.16378565474577778,alice,alice,alice,2,1,1,0,0,11.84132647049193,6.925228336730828,6.73597186142723,25.50252666864999
Daylight_Near_20260114_210700_T7,1736905007.2,180,Daylight,Near,4,4,1280,720,24.535424210457627,1,3,bob,4,1,0.7684931055782263,1059.766772899304,250.85079464371958,1183.9891246137324,400.69063521969474,18613.457376862672,bob,0.8260066103640726,alice,0.7412443400519965,0.08476227031207617,bob,bob,bob,2,1,1,0,0,11.84132647049193,6.925228336730828,6.73597186142723,25.50252666864999
Daylight_Near_20260114_210700_T7,1736905007.24,181,Daylight,Near,4,4,1280,720,27.13840271168661,0,0,diana,1,1,0.8634252757271081,121.37335445428661,225.49812056056902,218.48867758501396,412.31750278138105,18143.02467145702,diana,0.8251173725528145,bob,0.7141825325409588,0.11093484001185572,diana,diana,diana,1,1,1,0,0,9.382480895579304,5.666963580494951,4.23893527564463,19.288379751718885
Daylight_Near_20260114_210700_T7,1736905007.24,181,Daylight,Near,4,4,1280,720,27.13840271168661,0,1,chen,2,1,0.7975350497862904,407.8895117811162,258.4456880074717,530.5562036268616,412.45605610912213,18891.94236497497,chen,0.8960519282406391,alice,0.7833886896986094,0.11266323854202964,chen,chen,chen,2,1,1,0,0,9.382480895579304,5.666963580494951,4.23893527564463,19.288379751718885
Daylight_Near_20260114_210700_T7,1736905007.24,181,Daylight,Near,4,4,1280,720,27.13840271168661,0,2,alice,3,1,0.6970360644414936,785.9689632312798,178.67935059995958,874.832873726551,381.22226713823363,17998.755606708386,alice,0.806083265833329,bob,0.7108437431242373,0.09523952270909175,alice,alice,alice,2,1,1,0,0,9.382480895579304,5.666963580494951,4.23893527564463,19.288379751718885
Daylight_Near_20260114_210700_T7,1736905007.24,181,Daylight,Near,4,4,1280,720,27.13840271168661,0,3,bob,4,1,0.9263237411807845,1070.5979941889561,148.2725640533235,1186.612236091756,338.14744519638685,22028.190392196706,bob,0.8502409146627726,diana,0.6796296744144616,0.17061124024831098,bob,bob,bob,2,1,1,0,0,9.382480895579304,5.666963580494951,4.23893527564463,19.288379751718885
Daylight_Near_20260114_210700_T7,1736905007.28,182,Daylight,Near,4,4,1280,720,26.751832846333937,0,0,diana,1,1,0.8949608145688819,134.93134169199095,259.1423612591194,218.14957429665162,436.68946170732136,14775.155903381523,diana,0.9500941565116351,alice,0.8597442844711496,0.0903498720404855,diana,diana,diana,1,1,1,0,0,11.330553369338915,7.84435365857559,10.03962574631022,29.214532774224725
Daylight_Near_20260114_210700_T7,1736905007.28,182,Daylight,Near,4,4,1280,720,26.751832846333937,0,1,chen,2,1,0.795876628404396,425.7572745057611,294.5086647410111,546.8556833820509,465.2697952432783,20678.90120174103,chen,0.8900349026193938,alice,0.7436322413440462,0.14640266127534762,chen,chen,chen,2,1,1,0,0,11.330553369338915,7.84435365857559,10.03962574631022,29.214532774224725
Daylight_Near_20260114_210700_T7,1736905007.28,182,Daylight,Near,4,4,1280,720,26.751832846333937,0,2,alice,3,1,0.5743502618861162,768.0643339388782,247.8548945666656,860.9276833022195,409.056494660981,14969.720507488042,alice,0.7430690950863118,diana,0.630651430505327,0.11241766458098479,alice,alice,alice,2,1,1,0,0,11.330553369338915,7.84435365857559,10.03962574631022,29.214532774224725
Daylight_Near_20260114_210700_T7,1736905007.28,182,Daylight,Near,4,4,1280,720,26.751832846333937,0,3,bob,4,1,0.7614546667339853,1090.1374200568011,269.80155501185106,1190.0401579611157,421.58643037608624,15163.72462135224,bob,0.7836492063649589,diana,0.6461733573991725,0.13747584896578646,bob,bob,bob,2,1,1,0,0,11.330553369338915,7.84435365857559,10.03962574631022,29.214532774224725
Daylight_Near_20260114_210700_T7,1736905007.32,183,Daylight,Near,4,4,1280,720,24.24587377589755,0,0,diana,1,1,0.7503124267022881,102.44025970352104,266.39273305599824,205.78044129161228,404.0343229808506,14223.906896907834,bob,0.7201434236130658,alice,0.6795985218130562,0.04054490180000958,unknown,unknown,unknown,0,0,0,0,0,15.213658384980336,11.032905718054792,2.0291860790830807,28.27575018211821
Daylight_Near_20260114_210700_T7,1736905007.32,183,Daylight,Near,4,4,1280,720,24.24587377589755,0,1,chen,2,1,0.6640869196942231,462.87054287156843,248.51348483866786,553.8553969982456,416.9369710498921,15323.986324434667,chen,0.7974135246479759,bob,0.6720052915674197,0.12540823308055615,chen,chen,chen,2,1,1,0,0,15.213658384980336,11.032905718054792,2.0291860790830807,28.27575018211821
Daylight_Near_20260114_210700_T7,1736905007.32,183,Daylight,Near,4,4,1280,720,24.24587377589755,0,2,alice,3,1,0.8103940590089322,737.9861152911185,180.33686394172554,838.6637823960041,374.8525321489189,19583.38369044819,alice,0.8753397420758859,chen,0.8067979689204074,0.06854177315547849,alice,alice,alice,2,1,1,0,0,15.213658384980336,11.032905718054792,2.0291860790830807,28.27575018211821
Daylight_Near_20260114_210700_T7,1736905007.32,183,Daylight,Near,4,4,1280,720,24.24587377589755,0,3,bob,4,1,0.8902132465446215,1063.177307371548,239.61378655956116,1190.7949724140176,377.9675820646661,17656.388332124807,bob,0.8660682495240344,alice,0.7030321751971311,0.16303607432690326,bob,bob,bob,2,1,1,0,0,15.213658384980336,11.032905718054792,2.0291860790830807,28.27575018211821
Daylight_Near_20260114_210700_T7,1736905007.36,184,Daylight,Near,4,4,1280,720,27.791984174195715,1,0,diana,1,1,0.6993583226863623,94.23599804980759,234.07467971638644,191.3435404331543,432.30923889595306,19250.070857373816,diana,0.8562179746217213,bob,0.7043329187153267,0.15188505590639467,diana,diana,diana,1,1,1,0,0,12.733819019163796,12.664896101197057,7.344371591482394,32.74308671184325
Daylight_Near_20260114_210700_T7,1736905007.36,184,Daylight,Near,4,4,1280,720,27.791984174195715,1,1,chen,2,1,0.9248480011172001,452.7471665766907,265.8985027195874,543.3899490632745,423.0214156106255,14242.05801684082,diana,0.6605802637205539,bob,0.6324424350118117,0.028137828708742152,unknown,unknown,unknown,0,0,0,0,0,12.733819019163796,12.664896101197057,7.344371591482394,32.74308671184325
Daylight_Near_20260114_210700_T7,1736905007.36,184,Daylight,Near,4,4,1280,720,27.791984174195715,1,2,alice,3,1,0.9086093129214693,733.3716732391273,264.1499330108074,860.2510214875059,427.69843097389963,20750.926828558422,alice,0.8415627679080215,chen,0.7387482504796663,0.10281451742835523,alice,alice,alice,2,1,1,0,0,12.733819019163796,12.664896101197057,7.344371591482394,32.74308671184325
Daylight_Near_20260114_210700_T7,1736905007.36,184,Daylight,Near,4,4,1280,720,27.791984174195715,1,3,bob,4,1,0.8602872289038486,1072.7320737940902,300.27540197712756,1158.7908794392163,435.58730130316235,11644.780445572096,diana,0.6000573419957925,chen,0.5658355610092123,0.03422178098658024,unknown,unknown,unknown,0,0,0,0,0,12.733819019163796,12.664896101197057,7.344371591482394,32.74308671184325
Daylight_Near_20260114_210700_T7,1736905007.4,185,Daylight,Near,4,4,1280,720,22.485976093126066,2,0,diana,1,1,0.7907536366036938,132.00294097149364,163.7267719036547,234.37733152470034,352.6073501295309,19336.534083211358,diana,0.8796000016195394,chen,0.7588950695286757,0.12070493209086375,diana,diana,diana,2,1,1,0,0,13.143477345536121,12.913468845415077,8.520198433045051,34.57714462399625
Daylight_Near_20260114_210700_T7,1736905007.4,185,Daylight,Near,4,4,1280,720,22.485976093126066,2,1,chen,2,1,0.6928846169889562,421.92561826628696,203.2107991609957,507.15748967756156,409.16990454316414,17554.279985914134,chen,0.8668521501399267,diana,0.7336206798918606,0.13323147024806603,chen,chen,chen,1,1,1,0,0,13.143477345536121,12.913468845415077,8.520198433045051,34.57714462399625
Daylight_Near_20260114_210700_T7,1736905007.4,185,Daylight,Near,4,4,1280,720,22.485976093126066,2,2,alice,3,1,0.7851462862640841,737.8119127935627,269.56949440611584,852.700402707145,441.9163519277047,19800.670202006677,alice,0.7541583766048672,chen,0.6688603281109268,0.0852980484939404,alice,alice,alice,2,1,1,0,0,13.143477345536121,12.913468845415077,8.520198433045051,34.57714462399625
Daylight_Near_20260114_210700_T7,1736905007.4,185,Daylight,Near,4,4,1280,720,22.485976093126066,2,3,bob,4,1,0.8619888722709091,1103.3540721239078,289.87889440243066,1190.944441050678,480.1475390014124,16665.700775621335,bob,0.8848340167682942,alice,0.7533137896598294,0.13152022710846478,bob,bob,bob,2,1,1,0,0,13.143477345536121,12.913468845415077,8.520198433045051,34.57714462399625
Daylight_Near_20260114_210700_T7,1736905007.44,186,Daylight,Near,4,4,1280,720,23.19884730912171,0,0,diana,1,1,0.7766607803718018,81.13169826126746,231.98226426763995,182.8066110893826,407.51351098775103,17847.124208877667,diana,0.8267717454173891,chen,0.7057677013750812,0.12100404404230791,diana,diana,diana,1,1,1,0,0,12.743930599830003,8.669734182462786,3.0904597833514007,24.50412456564419
Daylight_Near_20260114_210700_T7,1736905007.44,186,Daylight,Near,4,4,1280,720,23.19884730912171,0,1,chen,2,1,0.6923136648718986,431.12857751331046,329.85613553333724,520.2293469208067,461.99193094818077,11773.401037734076,chen,0.8970213062907106,diana,0.7885900633198469,0.1084312429708637,chen,chen,chen,2,1,1,0,0,12.743930599830003,8.669734182462786,3.0904597833514007,24.50412456564419
Daylight_Near_20260114_210700_T7,1736905007.44,186,Daylight,Near,4,4,1280,720,23.19884730912171,0,2,alice,3,1,0.665410562783582,775.6308239108821,262.2994727994042,865.4094894759726,422.874251209942,14416.18932910818,alice,0.8998773410082135,diana,0.794611009479029,0.10526633152918452,alice,alice,alice,2,1,1,0,0,12.743930599830003,8.669734182462786,3.0904597833514007,24.50412456564419
Daylight_Near_20260114_210700_T7,1736905007.44,186,Daylight,Near,4,4,1280,720,23.19884730912171,0,3,bob,4,1,0.8543394870705869,1048.0711868482533,215.5562350298561,1160.2657465265809,424.4829136946304,23440.43671784978,bob,0.8093106095664022,chen,0.7312292726670703,0.07808133689933194,bob,bob,bob,1,1,1,0,0,12.743930599830003,8.669734182462786,3.0904597833514007,24.50412456564419
Daylight_Near_20260114_210700_T7,1736905007.48,187,Daylight,Near,4,4,1280,720,25.16756176009747,1,0,diana,1,1,0.8826681441315662,113.14616688069462,177.36877979309406,232.25471871724767,383.76167159098827,24583.158451405565,diana,0.9716421861329814,chen,0.859435758424557,0.11220642770842437,diana,diana,diana,2,1,1,0,0,11.523546481963873,9.517544043440251,6.337605472487196,27.37869599789132
Daylight_Near_20260114_210700_T7,1736905007.48,187,Daylight,Near,4,4,1280,720,25.16756176009747,1,1,chen,2,1,0.6760024329583229,432.7055647970425,162.3955617815028,537.6507614279496,373.50574299150253,22154.999477869864,chen,0.9131129053186413,alice,0.8246630772197707,0.08844982809887059,chen,chen,chen,2,1,1,0,0,11.523546481963873,9.517544043440251,6.337605472487196,27.37869599789132
Daylight_Near_20260114_210700_T7,1736905007.48,187,Daylight,Near,4,4,1280,720,25.16756176009747,1,2,alice,3,1,0.5838128445874373,734.5876446239071,184.56071732837754,862.1561821397246,384.17694921789314,25464.7507665638,alice,0.9263253353604974,chen,0.8089166708064738,0.11740866455402366,alice,alice,alice,2,1,1,0,0,11.523546481963873,9.517544043440251,6.337605472487196,27.37869599789132
Daylight_Near_20260114_210700_T7,1736905007.48,187,Daylight,Near,4,4,1280,720,25.16756176009747,1,3,bob,4,1,0.8470923365073895,1052.132039178821,266.9838647226875,1174.2703285777131,460.31165550391756,23612.72565928634,bob,0.8380579585472441,diana,0.7371604817999334,0.10089747674731064,bob,bob,bob,3,1,1,0,0,11.523546481963873,9.517544043440251,6.337605472487196,27.37869599789132
Daylight_Near_20260114_210700_T7,1736905007.52,188,Daylight,Near,4,4,1280,720,27.466617575243415,1,0,diana,1,1,0.7097050023416132,97.05425951431553,251.80934341879833,200.6903645226267,425.38799203308315,17989.015054990767,diana,0.7705003663402338,alice,0.6690282949911881,0.10147207134904568,diana,diana,diana,2,1,1,0,0,9.929356483697179,7.513729789116466,5.881961676755754,23.3250479495694
Daylight_Near_20260114_210700_T7,1736905007.52,188,Daylight,Near,4,4,1280,720,27.466617575243415,1,1,chen,2,1,0.7994767317285442,409.3846665623277,196.95669737582702,511.56177480150785,384.76940858041223,19190.159721444783,chen,0.862352036210726,alice,0.6845304036514086,0.17782163255931738,chen,chen,chen,1,1,1,0,0,9.929356483697179,7.513729789116466,5.881961676755754,23.3250479495694
Daylight_Near_20260114_210700_T7,1736905007.52,188,Daylight,Near,4,4,1280,720,27.466617575243415,1,2,alice,3,1,0.9129791265890141,734.3733967938239,213.43640690050256,851.3146250698445,395.09504616072775,21243.38440204128,alice,0.642986171811315,chen,0.5883390729240124,0.05464709888730257,unknown,unknown,unknown,0,0,0,0,0,9.929356483697179,7.513729789116466,5.881961676755754,23.3250479495694
Daylight_Near_20260114_210700_T7,1736905007.52,188,Daylight,Near,4,4,1280,720,27.466617575243415,1,3,bob,4,1,0.7747016443691732,1055.219359336464,161.72690680554183,1182.0020995831483,361.78927243160774,25364.454934306672,bob,0.8567367414286543,diana,0.7473862020695186,0.10935053935913575,bob,bob,bob,2,1,1,0,0,9.929356483697179,7.513729789116466,5.881961676755754,23.3250479495694
Daylight_Near_20260114_210700_T7,1736905007.56,189,Daylight,Near,4,4,1280,720,23.162657668060547,3,0,diana,1,1,0.8837709092520739,117.05617421108957,270.4085674146661,216.09350876122107,444.08212949985864,17200.16667074425,diana,0.8593257194793409,bob,0.7510864855766409,0.10823923390269996,diana,diana,diana,1,1,1,0,0,10.832582072768579,7.2842900504406245,4.3908164048609155,22.50768852807012
Daylight_Near_20260114_210700_T7,1736905007.56,189,Daylight,Near,4,4,1280,720,23.162657668060547,3,1,chen,2,1,0.819669800167167,413.8397802398923,206.04886977000365,536.5185869897307,394.0107482469067,23058.938966004593,chen,0.7322373471439958,bob,0.6422819364654162,0.0899554106785796,chen,chen,chen,3,1,1,0,0,10.832582072768579,7.2842900504406245,4.3908164048609155,22.50768852807012
Daylight_Near_20260114_210700_T7,1736905007.56,189,Daylight,Near,4,4,1280,720,23.162657668060547,3,2,alice,3,1,0.7316246558343426,751.8506770443124,209.12177829228338,866.5514405586761,397.10263503925023,21561.547794961312,alice,0.9830824138539328,diana,0.9131278862784794,0.0699545275754534,alice,alice,alice,2,1,1,0,0,10.832582072768579,7.2842900504406245,4.3908164048609155,22.50768852807012
Daylight_Near_20260114_210700_T7,1736905007.56,189,Daylight,Near,4,4,1280,720,23.162657668060547,3,3,bob,4,1,0.7507430170648842,1083.6458287523026,245.99537237967553,1179.0531331332243,460.273132978575,20443.663527521472,bob,0.888212396678784,diana,0.7161699635024271,0.17204243317635692,bob,bob,bob,1,1,1,0,0,10.832582072768579,7.2842900504406245,4.3908164048609155,22.50768852807012
Daylight_Near_20260114_210700_T7,1736905007.6,190,Daylight,Near,4,4,1280,720,24.160297705606038,1,0,diana,1,1,0.7350079179722971,92.32905032676634,284.80426952562607,217.9018839200519,424.2917011943482,17515.832045291234,diana,0.8510129475764651,chen,0.7375240193495823,0.11348892822688272,diana,diana,diana,1,1,1,0,0,21.062010476647988,14.07112001239262,3.3592690884625913,38.4923995775032
Daylight_Near_20260114_210700_T7,1736905007.6,190,Daylight,Near,4,4,1280,720,24.160297705606038,1,1,chen,-1,0,-1.0,-1.0,-1.0,-1.0,-1.0,0.0,unknown,-1.0,unknown,-1.0,-1.0,unknown,unknown,unknown,0,0,0,0,1,21.062010476647988,14.07112001239262,3.3592690884625913,38.4923995775032
Daylight_Near_20260114_210700_T7,1736905007.6,190,Daylight,Near,4,4,1280,720,24.160297705606038,1,2,alice,3,1,0.8452406927565795,766.9321545052811,259.7719593100259,890.6159309914243,391.92474325588483,16345.155391581186,alice,0.9386072528524954,chen,0.7957521760743396,0.1428550767781558,alice,alice,alice,2,1,1,0,0,21.062010476647988,14.07112001239262,3.3592690884625913,38.4923995775032
Daylight_Near_20260114_210700_T7,1736905007.6,190,Daylight,Near,4,4,1280,720,24.160297705606038,1,3,bob,4,1,0.7253352857177379,1084.859697306929,276.67763244032915,1186.3630093813842,472.62477311914597,19889.28377041911,bob,0.9278943348533724,chen,0.7739070949395599,0.15398723991381247,bob,bob,bob,1,1,1,0,0,21.062010476647988,14.07112001239262,3.3592690884625913,38.4923995775032
Daylight_Near_20260114_210700_T7,1736905007.64,191,Daylight,Near,4,4,1280,720,23.351903597570118,1,0,diana,1,1,0.7780786917334889,117.54424580526786,299.9429187907199,207.44869050656473,439.4731388954614,12544.386957566512,diana,0.829849868223294,bob,0.7440145019761834,0.08583536624711063,diana,diana,diana,1,1,1,0,0,15.74413357224935,12.149400358037076,12.933160186199201,40.826694116485626
Daylight_Near_20260114_210700_T7,1736905007.64,191,Daylight,Near,4,4,1280,720,23.351903597570118,1,1,chen,2,1,0.8086080629982293,409.7823694568149,337.1612455378251,511.1932346212575,471.6373780272183,13637.340939717573,chen,0.8440620036161849,bob,0.7538436480512019,0.09021835556498303,chen,chen,chen,2,1,1,0,0,15.74413357224935,12.149400358037076,12.933160186199201,40.826694116485626
Daylight_Near_20260114_210700_T7,1736905007.64,191,Daylight,Near,4,4,1280,720,23.351903597570118,1,2,alice,3,1,0.7081100199820087,713.9096695591857,304.8234737882666,828.6525609347452,436.8798459196746,15152.52996292462,alice,0.7818815418653621,diana,0.6945691310932787,0.0873124107720834,alice,alice,alice,2,1,1,0,0,15.74413357224935,12.149400358037076,12.933160186199201,40.826694116485626
Daylight_Near_20260114_210700_T7,1736905007.64,191,Daylight,Near,4,4,1280,720,23.351903597570118,1,3,bob,4,1,0.7166863266674848,1095.9602632779306,198.8868005023056,1207.9449430210357,388.59705980571164,21244.642632073344,chen,0.7384871042936353,bob,0.714814257882301,0.02367284641133427,unknown,unknown,unknown,0,0,0,0,0,15.74413357224935,12.149400358037076,12.933160186199201,40.826694116485626
Daylight_Near_20260114_210700_T7,1736905007.68,192,Daylight,Near,4,4,1280,720,25.42982469183931,0,0,diana,1,1,0.7037138287382311,90.94297568706315,245.7427744435765,204.96676835021947,411.6118511625491,18913.0212130333,diana,0.8222847827932414,alice,0.6877414226641801,0.1345433601290612,diana,diana,diana,1,1,1,0,0,16.152898748044617,12.206653055121086,4.205810077223907,32.56536188038961
Daylight_Near_20260114_210700_T7,1736905007.68,192,Daylight,Near,4,4,1280,720,25.42982469183931,0,1,chen,2,1,0.7983131171512029,468.90699784535354,242.10308431004552,593.9392818122628,421.60691762631126,22443.77426034809,alice,0.6768744790093448,chen,0.6584750346029518,0.018399444406393073,unknown,unknown,unknown,0,0,0,0,0,16.152898748044617,12.206653055121086,4.205810077223907,32.56536188038961
Daylight_Near_20260114_210700_T7,1736905007.68,192,Daylight,Near,4,4,1280,720,25.42982469183931,0,2,alice,3,1,0.8007118980791593,725.7628344532958,266.0176844653395,827.4586824504337,445.52113831138973,18254.755957289177,alice,0.8949823175373693,chen,0.803107562801669,0.09187475473570039,alice,alice,alice,2,1,1,0,0,16.152898748044617,12.206653055121086,4.205810077223907,32.56536188038961
Daylight_Near_20260114_210700_T7,1736905007.68,192,Daylight,Near,4,4,1280,720,25.42982469183931,0,3,bob,4,1,0.8935432058658478,1047.4352720946533,261.78796714775103,1155.2475977214701,445.99151799890365,19859.413205980374,bob,0.9092840567173113,diana,0.8017927604406969,0.10749129627661436,bob,bob,bob,3,1,1,0,0,16.152898748044617,12.206653055121086,4.205810077223907,32.56536188038961
Daylight_Near_20260114_210700_T7,1736905007.72,193,Daylight,Near,4,4,1280,720,25.340345393163812,0,0,diana,1,1,0.7251677814042589,110.62539943340806,220.72031741553224,227.60341927431438,386.98045318519985,19448.781460815957,diana,0.8266276794542047,alice,0.6514171834132507,0.17521049604095396,diana,diana,diana,2,1,1,0,0,17.43031235140104,14.726936178309375,8.425647899241755,40.58289642895217
Daylight_Near_20260114_210700_T7,1736905007.72,193,Daylight,Near,4,4,1280,720,25.340345393163812,0,1,chen,2,1,0.8220240606763686,446.6177133744173,226.08573944325343,532.2862547792397,394.69884326178095,14444.838665873143,chen,0.8359627964475056,bob,0.7388646324749019,0.09709816397260373,chen,chen,chen,2,1,1,0,0,17.43031235140104,14.726936178309375,8.425647899241755,40.58289642895217
Daylight_Near_20260114_210700_T7,1736905007.72,193,Daylight,Near,4,4,1280,720,25.340345393163812,0,2,alice,3,1,0.885371009566434,737.243648495732,269.2683060282929,851.4575042884676,415.24664260286323,16672.74868239139,alice,0.9244176489547625,diana,0.7946399991570081,0.1297776497977544,alice,alice,alice,2,1,1,0,0,17.43031235140104,14.726936178309375,8.425647899241755,40.58289642895217
Daylight_Near_20260114_210700_T7,1736905007.72,193,Daylight,Near,4,4,1280,720,25.340345393163812,0,3,bob,4,1,0.8246333205680637,1102.9460798463426,220.01797010509597,1194.2524942268785,429.7138451738871,19146.578462920126,bob,0.8194886869244982,alice,0.6520098259831342,0.167478860941364,bob,bob,bob,2,1,1,0,0,17.43031235140104,14.726936178309375,8.425647899241755,40.58289642895217
Daylight_Near_20260114_210700_T7,1736905007.76,194,Daylight,Near,4,4,1280,720,24.9142365668345,0,0,diana,1,1,0.6719106134833033,96.27784636098087,270.0394568227315,199.1249506286683,484.5077594969505,22057.44388724935,alice,0.6534685956047716,diana,0.597717962361119,0.05575063324365259,alice,alice,alice,2,0,0,1,0,16.548628826398684,15.543408740347406,9.336049689883186,41.428087256629276
Daylight_Near_20260114_210700_T7,1736905007.76,194,Daylight,Near,4,4,1280,720,24.9142365668345,0,1,chen,2,1,0.7631307297432056,412.00816058112497,202.828918063847,516.3451001364081,392.29889590933317,19768.717626005317,chen,0.7857528680851722,diana,0.6138066362630943,0.1719462318220779,chen,chen,chen,3,1,1,0,0,16.548628826398684,15.543408740347406,9.336049689883186,41.428087256629276
Daylight_Near_20260114_210700_T7,1736905007.76,194,Daylight,Near,4,4,1280,720,24.9142365668345,0,2,alice,3,1,0.7220591632029675,752.9050209861043,164.71570899987444,864.7038549850699,362.31412222775407,22091.27219892273,alice,0.8946524749034254,bob,0.7666403843627603,0.1280120905406651,alice,alice,alice,2,1,1,0,0,16.548628826398684,15.543408740347406,9.336049689883186,41.428087256629276
Daylight_Near_20260114_210700_T7,1736905007.76,194,Daylight,Near,4,4,1280,720,24.9142365668345,0,3,bob,4,1,0.7547429207174826,1080.8147856416706,281.5181369959,1173.9480887754842,420.2590309759188,12921.397736097379,bob,0.762587969680193,chen,0.6796841515281236,0.08290381815206949,bob,bob,bob,2,1,1,0,0,16.548628826398684,15.543408740347406,9.336049689883186,41.428087256629276
Daylight_Near_20260114_210700_T7,1736905007.8,195,Daylight,Near,4,4,1280,720,24.355696431693513,3,0,diana,1,1,0.700969087045278,98.04230153045415,230.13946163204315,221.1772064787835,366.75975351961955,16822.72665558973,diana,0.9218443994506388,chen,0.7954524083321498,0.12639199111848898,diana,diana,diana,1,1,1,0,0,12.031644011309456,12.16319490167949,7.257651394617383,31.45249030760633
Daylight_Near_20260114_210700_T7,1736905007.8,195,Daylight,Near,4,4,1280,720,24.355696431693513,3,1,chen,2,1,0.8778869265929049,420.27616377336653,254.61713136819228,512.5512393907607,435.0686824347798,16651.18051994542,chen,0.842907283903162,alice,0.7572782306361018,0.08562905326706027,chen,chen,chen,2,1,1,0,0,12.031644011309456,12.16319490167949,7.257651394617383,31.45249030760633
Daylight_Near_20260114_210700_T7,1736905007.8,195,Daylight,Near,4,4,1280,720,24.355696431693513,3,2,alice,3,1,0.6773255557881301,778.53501804463,274.4448175577835,881.4162964945059,462.4386800006537,19341.0489088526,alice,0.8317733287034641,chen,0.7556809320369222,0.07609239666654188,alice,alice,alice,2,1,1,0,0,12.031644011309456,12.16319490167949,7.257651394617383,31.45249030760633
Daylight_Near_20260114_210700_T7,1736905007.8,195,Daylight,Near,4,4,1280,720,24.355696431693513,3,3,bob,4,1,0.7395323808480203,1060.7108211287484,273.8044243608017,1181.7093417754588,413.20197554680897,16866.89747528097,bob,0.9087451262677341,chen,0.762223857186944,0.1465212690807901,bob,bob,bob,2,1,1,0,0,12.031644011309456,12.16319490167949,7.257651394617383,31.45249030760633
Daylight_Near_20260114_210700_T7,1736905007.84,196,Daylight,Near,4,4,1280,720,27.219468882391773,2,0,diana,1,1,0.629468308611602,111.82247191043348,285.3595696140634,223.34273299189357,415.5670056941227,14520.767266395742,bob,0.728642164534947,alice,0.6597914672905356,0.0688506972444114,unknown,unknown,unknown,0,0,0,0,0,27.180012223081157,10.48666743848901,13.138938178954993,50.80561784052516
Daylight_Near_20260114_210700_T7,1736905007.84,196,Daylight,Near,4,4,1280,720,27.219468882391773,2,1,chen,-1,0,-1.0,-1.0,-1.0,-1.0,-1.0,0.0,unknown,-1.0,unknown,-1.0,-1.0,unknown,unknown,unknown,0,0,0,0,1,27.180012223081157,10.48666743848901,13.138938178954993,50.80561784052516
Daylight_Near_20260114_210700_T7,1736905007.84,196,Daylight,Near,4,4,1280,720,27.219468882391773,2,2,alice,-1,0,-1.0,-1.0,-1.0,-1.0,-1.0,0.0,unknown,-1.0,unknown,-1.0,-1.0,unknown,unknown,unknown,0,0,0,0,1,27.180012223081157,10.48666743848901,13.138938178954993,50.80561784052516
Daylight_Near_20260114_210700_T7,1736905007.84,196,Daylight,Near,4,4,1280,720,27.219468882391773,2,3,bob,4,1,0.7983183866618474,1050.5360745716116,153.39422768554914,1171.251167692989,364.0008240001721,25423.39488609603,bob,0.7648179114897959,alice,0.6507472154099886,0.11407069607980735,bob,bob,bob,2,1,1,0,0,27.180012223081157,10.48666743848901,13.138938178954993,50.80561784052516
Daylight_Near_20260114_210700_T7,1736905007.88,197,Daylight,Near,4,4,1280,720,30.72477166939002,0,0,diana,1,1,0.8498063240881288,92.67280757230344,206.0384725897544,199.2806017870165,369.28842405966395,17403.717231866012,diana,0.7872585395987307,alice,0.64855323135125,0.13870530824748073,diana,diana,diana,1,1,1,0,0,15.592947894890292,13.21716677495282,7.826722660156493,36.63683732999961
Daylight_Near_20260114_210700_T7,1736905007.88,197,Daylight,Near,4,4,1280,720,30.72477166939002,0,1,chen,2,1,0.8064538761522387,443.5127797676363,268.3387233003039,556.3877107258661,473.76098061545673,23187.023111731593,chen,0.8316604314191074,alice,0.6929271476917171,0.13873328372739024,chen,chen,chen,2,1,1,0,0,15.592947894890292,13.21716677495282,7.826722660156493,36.63683732999961
Daylight_Near_20260114_210700_T7,1736905007.88,197,Daylight,Near,4,4,1280,720,30.72477166939002,0,2,alice,3,1,0.7264623352134645,773.5646375695707,146.55483732524425,868.5036431181023,329.5179110115012,17370.332267875958,alice,0.8724485405486658,diana,0.8100985611567131,0.06234997939195275,alice,alice,alice,2,1,1,0,0,15.592947894890292,13.21716677495282,7.826722660156493,36.63683732999961
Daylight_Near_20260114_210700_T7,1736905007.88,197,Daylight,Near,4,4,1280,720,30.72477166939002,0,3,bob,4,1,0.9293364362398886,1082.894788097758,195.9196933627923,1194.876864338256,359.2996041563704,18295.62162665221,bob,0.8477405074568979,diana,0.7256895139952151,0.1220509934616828,bob,bob,bob,1,1,1,0,0,15.592947894890292,13.21716677495282,7.826722660156493,36.63683732999961
Daylight_Near_20260114_210700_T7,1736905007.92,198,Daylight,Near,4,4,1280,720,23.074832590592017,2,0,diana,1,1,0.8654353227578913,93.9326409962886,263.56936488155867,219.0507998400033,417.7063800399224,19285.339546280215,diana,0.9264563593734145,bob,0.769207887711318,0.15724847166209655,diana,diana,diana,2,1,1,0,0,13.063803814455197,8.827059539310255,7.341048590333344,29.231911944098798
Daylight_Near_20260114_210700_T7,1736905007.92,198,Daylight,Near,4,4,1280,720,23.074832590592017,2,1,chen,2,1,0.8194779026662378,398.0537441265544,233.94058844107855,507.96833212919285,420.1885483370749,20471.367778300362,chen,0.8725846189944302,bob,0.7716738501697241,0.10091076882470607,chen,chen,chen,2,1,1,0,0,13.063803814455197,8.827059539310255,7.341048590333344,29.231911944098798
Daylight_Near_20260114_210700_T7,1736905007.92,198,Daylight,Near,4,4,1280,720,23.074832590592017,2,2,alice,3,1,0.7288003447171717,741.9881351701648,180.7200828630082,853.8309750792563,363.0608071852919,20393.504439284956,alice,0.9044368625070404,bob,0.7947907429959639,0.1096461195110765,alice,alice,alice,2,1,1,0,0,13.063803814455197,8.827059539310255,7.341048590333344,29.231911944098798
Daylight_Near_20260114_210700_T7,1736905007.92,198,Daylight,Near,4,4,1280,720,23.074832590592017,2,3,bob,4,1,0.858220079802006,1067.6033607490401,294.8098765842785,1182.702349576144,439.1860484467503,16617.551392098652,bob,0.8325022993525634,chen,0.7617664022078443,0.07073589714471906,bob,bob,bob,3,1,1,0,0,13.063803814455197,8.827059539310255,7.341048590333344,29.231911944098798
Daylight_Near_20260114_210700_T7,1736905007.96,199,Daylight,Near,4,4,1280,720,21.846630300436914,0,0,diana,1,1,0.7542048913634976,106.58204011953227,293.2419296287124,199.92537884286338,423.8688704847322,12193.154786715997,diana,0.7498201690307208,bob,0.6206475516972842,0.12917261733343655,diana,diana,diana,1,1,1,0,0,11.937073245008612,10.468824902789047,3.8632435464197687,26.269141694217428
Daylight_Near_20260114_210700_T7,1736905007.96,199,Daylight,Near,4,4,1280,720,21.846630300436914,0,1,chen,2,1,0.9394877721597905,423.97547861191754,207.67509225607347,518.7130078497955,402.84045313683094,18489.484082661773,chen,0.8768548066701599,diana,0.8119615644137244,0.06489324225643556,chen,chen,chen,3,1,1,0,0,11.937073245008612,10.468824902789047,3.8632435464197687,26.269141694217428
Daylight_Near_20260114_210700_T7,1736905007.96,199,Daylight,Near,4,4,1280,720,21.846630300436914,0,2,alice,3,1,0.8548785032301994,740.0202667323433,190.25946329753452,852.7002756169566,387.58664449201405,22234.82853016964,alice,0.8822369326171179,bob,0.7233816101681356,0.15885532244898226,alice,alice,alice,3,1,1,0,0,11.937073245008612,10.468824902789047,3.8632435464197687,26.269141694217428
Daylight_Near_20260114_210700_T7,1736905007.96,199,Daylight,Near,4,4,1280,720,21.846630300436914,0,3,bob,4,1,0.7362143969316949,1089.0513163793776,310.53271512888466,1171.615543983828,496.2253599548993,15331.569791887458,bob,0.8246768725683757,diana,0.7153116303734215,0.10936524219495425,bob,bob,bob,2,1,1,0,0,11.937073245008612,10.468824902789047,3.8632435464197687,26.269141694217428
Daylight_Near_20260114_210700_T7,1736905008.0,200,Daylight,Near,4,4,1280,720,25.7764876143582,3,0,diana,1,1,0.7005798113963629,99.71628894563472,188.73824662607186,224.3019767268427,383.53299219491873,24268.637352860205,diana,0.8441816729200017,chen,0.7245847771898792,0.11959689573012244,diana,diana,diana,2,1,1,0,0,14.526244266575743,14.605405427264648,8.743751867739869,37.87540156158026
Daylight_Near_20260114_210700_T7,1736905008.0,200,Daylight,Near,4,4,1280,720,25.7764876143582,3,1,chen,2,1,0.6770930946704103,404.18887563721427,270.5488219809384,518.8286868464659,449.2675733986625,20488.283922081057,chen,0.786066502087728,alice,0.6970447961822102,0.08902170590551783,chen,chen,chen,3,1,1,0,0,14.526244266575743,14.605405427264648,8.743751867739869,37.87540156158026
Daylight_Near_20260114_210700_T7,1736905008.0,200,Daylight,Near,4,4,1280,720,25.7764876143582,3,2,alice,3,1,0.7458986291395308,734.1036160994691,219.30013584979866,845.8093746487278,383.6249480449655,18356.027794725585,alice,0.8056852743819781,chen,0.7212522795840361,0.08443299479794197,alice,alice,alice,2,1,1,0,0,14.526244266575743,14.605405427264648,8.743751867739869,37.87540156158026
Daylight_Near_20260114_210700_T7,1736905008.0,200,Daylight,Near,4,4,1280,720,25.7764876143582,3,3,bob,4,1,0.8046144381597641,1094.5194564499043,218.155675742469,1184.4475880537184,395.79909147009386,15975.14046810491,bob,0.9140716312833965,alice,0.8384775004366495,0.07559413084674704,bob,bob,bob,1,1,1,0,0,14.526244266575743,14.605405427264648,8.743751867739869,37.87540156158026
Daylight_Near_20260114_210700_T7,1736905008.04,201,Daylight,Near,4,4,1280,720,27.176717473961542,1,0,diana,1,1,0.8023239208855348,103.60047234548225,242.81633908951767,203.59740412689072,411.8888518650506,16906.732526126278,diana,0.7502093100495129,alice,0.6193035743431894,0.13090573570632347,diana,diana,diana,3,1,1,0,0,16.031854813448234,11.457936600720378,4.22669778706384,31.716489201232452
Daylight_Near_20260114_210700_T7,1736905008.04,201,Daylight,Near,4,4,1280,720,27.176717473961542,1,1,chen,2,1,0.8084755101580995,425.663880697654,180.8037095161224,533.2018328986562,380.4530821811433,21469.884694611097,chen,0.5055797919417762,alice,0.4571035858949558,0.04847620604682035,unknown,unknown,unknown,0,0,0,0,0,16.031854813448234,11.457936600720378,4.22669778706384,31.716489201232452
Daylight_Near_20260114_210700_T7,1736905008.04,201,Daylight,Near,4,4,1280,720,27.176717473961542,1,2,alice,3,1,0.7264932666380732,738.8972869128511,130.66813735164448,856.9601794228911,293.74084200863393,19252.835201239646,alice,0.8431106587538693,diana,0.7624721780869985,0.08063848066687074,alice,alice,alice,3,1,1,0,0,16.031854813448234,11.457936600720378,4.22669778706384,31.716489201232452
Daylight_Near_20260114_210700_T7,1736905008.04,201,Daylight,Near,4,4,1280,720,27.176717473961542,1,3,bob,4,1,0.6444296820912933,1063.4184297954437,182.63422279043078,1175.605123018319,378.5491999047446,21979.053435290185,bob,0.8875662037036225,diana,0.765669902188987,0.12189630151463549,bob,bob,bob,2,1,1,0,0,16.031854813448234,11.457936600720378,4.22669778706384,31.716489201232452
Daylight_Near_20260114_210700_T7,1736905008.08,202,Daylight,Near,4,4,1280,720,24.160185021639673,2,0,diana,1,1,0.7883830739075469,124.75036932502911,225.33887497760895,209.867158281576,403.66388543494963,15178.452280771482,diana,0.8142923976727687,chen,0.7042415302758904,0.1100508673968783,diana,diana,diana,1,1,1,0,0,8.365361027882237,6.595557043142031,6.807136971664945,21.768055042689213
Daylight_Near_20260114_210700_T7,1736905008.08,202,Daylight,Near,4,4,1280,720,24.160185021639673,2,1,chen,2,1,0.7976722264519414,452.9561715751848,195.11416958078223,541.5616274647712,398.95251833250074,18061.18981892652,chen,0.8931247038972372,diana,0.7921535427390043,0.1009711611582329,chen,chen,chen,2,1,1,0,0,8.365361027882237,6.595557043142031,6.807136971664945,21.768055042689213
Daylight_Near_20260114_210700_T7,1736905008.08,202,Daylight,Near,4,4,1280,720,24.160185021639673,2,2,alice,3,1,0.8620624287219203,766.549981771746,202.78332385459066,869.8845426044348,375.5188983859216,17849.554734377267,alice,0.7826261031310853,chen,0.6918868846871988,0.09073921844388644,alice,alice,alice,2,1,1,0,0,8.365361027882237,6.595557043142031,6.807136971664945,21.768055042689213
Daylight_Near_20260114_210700_T7,1736905008.08,202,Daylight,Near,4,4,1280,720,24.160185021639673,2,3,bob,4,1,0.771676042342121,1060.8835164031846,249.7015929203219,1165.9747201254693,411.6357676542126,17017.857346559358,bob,0.8010332270022634,diana,0.7251187001112583,0.07591452689100509,bob,bob,bob,3,1,1,0,0,8.365361027882237,6.595557043142031,6.807136971664945,21.768055042689213
Daylight_Near_20260114_210700_T7,1736905008.12,203,Daylight,Near,4,4,1280,720,26.741476240454055,2,0,diana,1,1,0.8490188477718384,115.64072772719481,330.2442819655417,199.03992740193956,465.4794838541099,11278.507605359118,diana,0.8468916716904905,chen,0.712932813051441,0.13395885863904955,diana,diana,diana,2,1,1,0,0,12.638188019715379,8.127240972664588,3.613143402814025,24.37857239519399
Daylight_Near_20260114_210700_T7,1736905008.12,203,Daylight,Near,4,4,1280,720,26.741476240454055,2,1,chen,2,1,0.5860091666372187,453.427588671904,213.06224559035056,559.2523176242048,361.7513667279636,15734.985942543723,chen,0.7987610181141043,diana,0.6979551094437428,0.10080590867036143,chen,chen,chen,1,1,1,0,0,12.638188019715379,8.127240972664588,3.613143402814025,24.37857239519399
Daylight_Near_20260114_210700_T7,1736905008.12,203,Daylight,Near,4,4,1280,720,26.741476240454055,2,2,alice,3,1,0.8302117150827033,769.4182542513156,223.85559962255388,850.594934662968,395.2458496047069,13912.89154847444,alice,0.8527260826059034,chen,0.7318745606908342,0.1208515219150692,alice,alice,alice,2,1,1,0,0,12.638188019715379,8.127240972664588,3.613143402814025,24.37857239519399
Daylight_Near_20260114_210700_T7,1736905008.12,203,Daylight,Near,4,4,1280,720,26.741476240454055,2,3,bob,4,1,0.6736029955065472,1040.5040054380793,209.79557096801642,1133.0493499938389,405.92142106586726,18150.53437359686,bob,0.879983628383867,chen,0.770712289445008,0.10927133893885899,bob,bob,bob,2,1,1,0,0,12.638188019715379,8.127240972664588,3.613143402814025,24.37857239519399
Daylight_Near_20260114_210700_T7,1736905008.16,204,Daylight,Near,4,4,1280,720,24.621737824708323,4,0,diana,1,1,0.8199750703215597,138.73142700704886,297.16764182714184,221.3058459962843,462.64870639436793,13664.502760358848,diana,0.8842991562348745,alice,0.7477951442914331,0.13650401194344142,diana,diana,diana,2,1,1,0,0,9.76131853862719,7.511817844394594,2.508574699296423,19.781711082318207
Daylight_Near_20260114_210700_T7,1736905008.16,204,Daylight,Near,4,4,1280,720,24.621737824708323,4,1,chen,2,1,0.9287806485694471,410.1784092641182,190.97772904766418,500.9831572391676,356.8664914116491,15063.487258354511,chen,0.8371493618803351,alice,0.692297626434284,0.144851735446051,chen,chen,chen,1,1,1,0,0,9.76131853862719,7.511817844394594,2.508574699296423,19.781711082318207
Daylight_Near_20260114_210700_T7,1736905008.16,204,Daylight,Near,4,4,1280,720,24.621737824708323,4,2,alice,3,1,0.7181005266711161,726.7304770356716,202.44200272352856,843.437590664229,347.7350360733347,16956.730552593606,alice,0.8587976329904705,diana,0.7247100848048441,0.1340875481856264,alice,alice,alice,3,1,1,0,0,9.76131853862719,7.511817844394594,2.508574699296423,19.781711082318207
Daylight_Near_20260114_210700_T7,1736905008.16,204,Daylight,Near,4,4,1280,720,24.621737824708323,4,3,bob,4,1,0.7601254711903124,1074.975289951226,270.7805060319506,1180.2101456014102,412.13567859465047,14875.491180042609,bob,0.9059579446010457,chen,0.7388851420536768,0.1670728025473689,bob,bob,bob,1,1,1,0,0,9.76131853862719,7.511817844394594,2.508574699296423,19.781711082318207
Daylight_Near_20260114_210700_T7,1736905008.2,205,Daylight,Near,4,4,1280,720,24.839843653737034,1,0,diana,1,1,0.8032768244784266,118.72306119431026,278.98445639834966,211.44369345835605,443.4023469046504,15244.930763264858,diana,0.9008993204339976,bob,0.7668767034010111,0.13402261703298646,diana,diana,diana,1,1,1,0,0,11.503384854825146,5.0593684750457975,5.744840280255147,22.30759361012609
Daylight_Near_20260114_210700_T7,1736905008.2,205,Daylight,Near,4,4,1280,720,24.839843653737034,1,1,chen,2,1,0.7433021764138951,435.2583976714698,306.22786418724934,517.8330533339724,468.4511752657842,13395.534052741059,chen,0.8215853477268654,diana,0.6660648782183212,0.15552046950854426,chen,chen,chen,2,1,1,0,0,11.503384854825146,5.0593684750457975,5.744840280255147,22.30759361012609
Daylight_Near_20260114_210700_T7,1736905008.2,205,Daylight,Near,4,4,1280,720,24.839843653737034,1,2,alice,3,1,0.8381713286730202,775.0135099821945,303.7919388488659,875.4107969226819,505.86812072809516,20287.90041596711,alice,0.9425596432319528,bob,0.772849987688723,0.1697096555432298,alice,alice,alice,2,1,1,0,0,11.503384854825146,5.0593684750457975,5.744840280255147,22.30759361012609
Daylight_Near_20260114_210700_T7,1736905008.2,205,Daylight,Near,4,4,1280,720,24.839843653737034,1,3,bob,-1,0,-1.0,-1.0,-1.0,-1.0,-1.0,0.0,unknown,-1.0,unknown,-1.0,-1.0,unknown,unknown,unknown,0,0,0,0,1,11.503384854825146,5.0593684750457975,5.744840280255147,22.30759361012609
Daylight_Near_20260114_210700_T7,1736905008.24,206,Daylight,Near,4,4,1280,720,22.065398656809666,3,0,diana,1,1,0.6981009080554379,90.45956603778994,214.8562737806963,206.19624139333263,394.8903081869857,20836.540593029316,diana,0.8793092941394971,chen,0.7784165865103977,0.10089270762909941,diana,diana,diana,1,1,1,0,0,15.203977224985218,6.59810440508895,9.12301691330695,30.925098543381118
Daylight_Near_20260114_210700_T7,1736905008.24,206,Daylight,Near,4,4,1280,720,22.065398656809666,3,1,chen,2,1,0.7122034543122753,420.7784262125149,162.9009054174451,528.1046182858046,348.2962323857788,19897.774471693727,chen,0.8172029427006768,alice,0.6591782463667529,0.1580246963339239,chen,chen,chen,2,1,1,0,0,15.203977224985218,6.59810440508895,9.12301691330695,30.925098543381118
Daylight_Near_20260114_210700_T7,1736905008.24,206,Daylight,Near,4,4,1280,720,22.065398656809666,3,2,alice,3,1,0.6417754476750224,763.2150926031943,312.46796210948264,857.6577464513814,462.63808588967095,14182.465018511733,chen,0.7286016003793299,alice,0.691805298244753,0.03679630213457685,unknown,unknown,unknown,0,0,0,0,0,15.203977224985218,6.59810440508895,9.12301691330695,30.925098543381118
Daylight_Near_20260114_210700_T7,1736905008.24,206,Daylight,Near,4,4,1280,720,22.065398656809666,3,3,bob,4,1,0.8688453298827304,1043.7663688816535,220.84956134333606,1169.8123441461692,371.77321631013854,19023.319280775875,bob,0.8866218831819671,chen,0.7912503744763489,0.09537150870561817,bob,bob,bob,2,1,1,0,0,15.203977224985218,6.59810440508895,9.12301691330695,30.925098543381118
Daylight_Near_20260114_210700_T7,1736905008.28,207,Daylight,Near,4,4,1280,720,25.612749873214632,0,0,diana,1,1,0.6398676158177149,118.84561449367331,220.09277156450634,213.85724741351024,414.46054539904384,18467.199579012962,bob,0.7739474408897477,alice,0.7026942205571651,0.07125322033258252,unknown,unknown,unknown,0,0,0,0,0,17.800141164924074,11.906392463452766,7.81314784133235,37.51968146970919
Daylight_Near_20260114_210700_T7,1736905008.28,207,Daylight,Near,4,4,1280,720,25.612749873214632,0,1,chen,2,1,0.8077479928011728,421.31240503094995,210.45197082882362,540.5847087453627,387.20964327284037,21082.294791595454,chen,0.8505524842631933,diana,0.6717917465543052,0.17876073770888812,chen,chen,chen,3,1,1,0,0,17.800141164924074,11.906392463452766,7.81314784133235,37.51968146970919
Daylight_Near_20260114_210700_T7,1736905008.28,207,Daylight,Near,4,4,1280,720,25.612749873214632,0,2,alice,3,1,0.7724448511524638,770.3171276260774,241.4701118294954,892.7311589262191,382.5926936993783,17275.38415417665,alice,0.8908732865241136,diana,0.8272596637135256,0.06361362281058802,alice,alice,alice,3,1,1,0,0,17.800141164924074,11.906392463452766,7.81314784133235,37.51968146970919
Daylight_Near_20260114_210700_T7,1736905008.28,207,Daylight,Near,4,4,1280,720,25.612749873214632,0,3,bob,4,1,0.6754953032791993,1095.9404338061063,244.03662512842243,1218.840473324694,451.9957358040799,25558.18292028864,bob,0.8038955028663195,alice,0.6611482147085279,0.14274728815779159,bob,bob,bob,2,1,1,0,0,17.800141164924074,11.906392463452766,7.81314784133235,37.51968146970919
Daylight_Near_20260114_210700_T7,1736905008.32,208,Daylight,Near,4,4,1280,720,25.137927938085586,3,0,diana,1,1,0.7526512849316598,99.98339098021012,291.16006122435067,219.44301059514385,466.51450164239066,20947.774750128618,diana,0.847354839480944,chen,0.7068702814099015,0.14048455807104254,diana,diana,diana,1,1,1,0,0,11.588625648639718,7.021938977136773,12.0516244177748,30.662189043551294
Daylight_Near_20260114_210700_T7,1736905008.32,208,Daylight,Near,4,4,1280,720,25.137927938085586,3,1,chen,2,1,0.6890339613913423,433.5966921582501,232.93955019941006,513.6836114668541,373.1055714171547,11225.464831073594,chen,0.9129498431082873,alice,0.7996673365613763,0.11328250654691097,chen,chen,chen,2,1,1,0,0,11.588625648639718,7.021938977136773,12.0516244177748,30.662189043551294
Daylight_Near_20260114_210700_T7,1736905008.32,208,Daylight,Near,4,4,1280,720,25.137927938085586,3,2,alice,3,1,0.8377863572448733,741.6566364982582,182.33420115005566,869.4871279956456,347.8513972010259,21158.14452246495,alice,0.8619044346824295,chen,0.7238173791483464,0.13808705553408307,alice,alice,alice,2,1,1,0,0,11.588625648639718,7.021938977136773,12.0516244177748,30.662189043551294
Daylight_Near_20260114_210700_T7,1736905008.32,208,Daylight,Near,4,4,1280,720,25.137927938085586,3,3,bob,4,1,0.7364806083464567,1100.9759713140995,322.49578430157237,1194.87876635709,501.89599009263463,16846.180755068424,bob,0.8336675851038241,diana,0.7305802897376759,0.10308729536614825,bob,bob,bob,2,1,1,0,0,11.588625648639718,7.021938977136773,12.0516244177748,30.662189043551294
Daylight_Near_20260114_210700_T7,1736905008.36,209,Daylight,Near,4,4,1280,720,25.453004117079146,1,0,diana,1,1,0.6286541874149372,108.67239849420989,319.2475999575271,233.4781214150507,499.7295306185921,22525.177830303284,diana,0.8577925558176744,chen,0.7831060324389228,0.07468652337875159,diana,diana,diana,2,1,1,0,0,17.679800126817668,12.675165651015188,2.4244961038386315,32.77946188167149
Daylight_Near_20260114_210700_T7,1736905008.36,209,Daylight,Near,4,4,1280,720,25.453004117079146,1,1,chen,2,1,0.755156688216017,377.26077624617767,286.7589404108488,493.733730967837,494.42648653333356,24187.652696682268,chen,0.9063489319532347,bob,0.7395436784504505,0.1668052535027842,chen,chen,chen,1,1,1,0,0,17.679800126817668,12.675165651015188,2.4244961038386315,32.77946188167149
Daylight_Near_20260114_210700_T7,1736905008.36,209,Daylight,Near,4,4,1280,720,25.453004117079146,1,2,alice,3,1,0.7452085701776676,712.3395000397478,223.35888177829497,830.0846364280693,401.4707634818708,20971.807803568117,alice,0.8856351207305825,diana,0.7434288024656714,0.14220631826491104,alice,alice,alice,2,1,1,0,0,17.679800126817668,12.675165651015188,2.4244961038386315,32.77946188167149
Daylight_Near_20260114_210700_T7,1736905008.36,209,Daylight,Near,4,4,1280,720,25.453004117079146,1,3,bob,4,1,0.664141354406765,1071.5295268161663,206.24707164311178,1174.7965251345477,387.56475823753294,18724.133236638896,bob,0.8088818048730273,alice,0.6685899634099597,0.1402918414630676,bob,bob,bob,3,1,1,0,0,17.679800126817668,12.675165651015188,2.4244961038386315,32.77946188167149
Daylight_Near_20260114_210700_T7,1736905008.4,210,Daylight,Near,4,4,1280,720,24.39143517000915,0,0,diana,1,1,0.6250622591185315,85.41754808829793,324.8160637282716,193.54343404173468,492.010790308795,18078.07793826171,diana,0.8724032464709592,chen,0.7293282660012951,0.14307498046966416,diana,diana,diana,2,1,1,0,0,13.979988674885812,7.062987590278698,10.92104435178916,31.964020616953672
Daylight_Near_20260114_210700_T7,1736905008.4,210,Daylight,Near,4,4,1280,720,24.39143517000915,0,1,chen,2,1,0.8441189846935546,429.39273280130664,182.64883085316035,523.0446905118825,333.14788333857143,14094.530898845464,chen,0.8593543292335187,diana,0.7571292100219675,0.1022251192115512,chen,chen,chen,2,1,1,0,0,13.979988674885812,7.062987590278698,10.92104435178916,31.964020616953672
Daylight_Near_20260114_210700_T7,1736905008.4,210,Daylight,Near,4,4,1280,720,24.39143517000915,0,2,alice,3,1,0.811538608610884,737.727723587352,278.5932904937627,847.7473216611332,448.80599054655835,18726.73284686166,alice,0.7913633170682738,diana,0.6831030589448728,0.10826025812340101,alice,alice,alice,2,1,1,0,0,13.979988674885812,7.062987590278698,10.92104435178916,31.964020616953672
Daylight_Near_20260114_210700_T7,1736905008.4,210,Daylight,Near,4,4,1280,720,24.39143517000915,0,3,bob,4,1,0.9180943060235878,1041.384492308492,189.60603834474125,1145.1629125606637,336.91317734410086,15287.302177220598,bob,0.8170812106911198,diana,0.6447950611721661,0.1722861495189537,bob,bob,bob,2,1,1,0,0,13.979988674885812,7.062987590278698,10.92104435178916,31.964020616953672
Daylight_Near_20260114_210700_T7,1736905008.44,211,Daylight,Near,4,4,1280,720,26.525600235990055,0,0,diana,1,1,0.7730692746580237,119.0577759904211,204.95483698680755,202.91311881417872,388.87457437420426,15422.65263067562,diana,0.8072501894178598,bob,0.6523289737073614,0.15492121571049833,diana,diana,diana,3,1,1,0,0,9.862173366403596,6.109063415041262,6.887829257191762,22.85906603863662
Daylight_Near_20260114_210700_T7,1736905008.44,211,Daylight,Near,4,4,1280,720,26.525600235990055,0,1,chen,2,1,0.7782668355724415,429.518554455821,242.6437202583367,544.2502205986407,437.4785309411772,22353.722452263133,diana,0.6605941623406643,alice,0.6377321863535234,0.022861975987140903,unknown,unknown,unknown,0,0,0,0,0,9.862173366403596,6.109063415041262,6.887829257191762,22.85906603863662
Daylight_Near_20260114_210700_T7,1736905008.44,211,Daylight,Near,4,4,1280,720,26.525600235990055,0,2,alice,3,1,0.6987543647358176,775.7593973341857,252.9144973506124,889.2495570454421,389.9089216507296,15547.519093371928,alice,0.942014430881368,diana,0.7845932896724199,0.15742114120894812,alice,alice,alice,3,1,1,0,0,9.862173366403596,6.109063415041262,6.887829257191762,22.85906603863662
Daylight_Near_20260114_210700_T7,1736905008.44,211,Daylight,Near,4,4,1280,720,26.525600235990055,0,3,bob,4,1,0.7857212716453049,1095.232104476014,217.47101685214759,1188.1097434411056,362.62934887264043,13481.96315417423,bob,0.8348449567276178,chen,0.8180208372901996,0.01682411943741824,unknown,unknown,unknown,0,0,0,0,0,9.862173366403596,6.109063415041262,6.887829257191762,22.85906603863662
Daylight_Near_20260114_210700_T7,1736905008.48,212,Daylight,Near,4,4,1280,720,22.330801129751475,1,0,diana,1,1,0.8486415069950504,121.26656224166908,329.73452730103656,238.54345399468986,475.08760015753785,17046.556591360844,diana,0.8748863183077004,bob,0.7731296587716359,0.1017566595360645,diana,diana,diana,1,1,1,0,0,9.187122585175349,5.418511371840767,9.133960632600731,23.739594589616846
Daylight_Near_20260114_210700_T7,1736905008.48,212,Daylight,Near,4,4,1280,720,22.330801129751475,1,1,chen,2,1,0.8110363627860318,442.5513604505551,256.9755916009137,557.3150239068888,423.4358210996849,19103.585757061053,chen,0.9294846786142578,bob,0.7964662743051335,0.13301840430912426,chen,chen,chen,3,1,1,0,0,9.187122585175349,5.418511371840767,9.133960632600731,23.739594589616846
Daylight_Near_20260114_210700_T7,1736905008.48,212,Daylight,Near,4,4,1280,720,22.330801129751475,1,2,alice,3,1,0.813253215245157,741.5030882278932,273.43536048498385,826.6789590045003,459.73723185098453,15868.424120910553,alice,0.8648464201325141,diana,0.7244645785879569,0.14038184154455724,alice,alice,alice,2,1,1,0,0,9.187122585175349,5.418511371840767,9.133960632600731,23.739594589616846
Daylight_Near_20260114_210700_T7,1736905008.48,212,Daylight,Near,4,4,1280,720,22.330801129751475,1,3,bob,4,1,0.688030203525605,1066.172034034539,186.0909768392102,1193.1948815495336,398.72030465100505,27008.782683853446,bob,0.8655989652705335,alice,0.772666830702827,0.09293213456770644,bob,bob,bob,2,1,1,0,0,9.187122585175349,5.418511371840767,9.133960632600731,23.739594589616846
Daylight_Near_20260114_210700_T7,1736905008.52,213,Daylight,Near,4,4,1280,720,20.65013239691203,1,0,diana,1,1,0.7149539266936173,100.63883310123319,219.0662235053696,216.5474403259856,425.2335305444393,23896.565414176464,diana,0.9423273266202562,bob,0.8183352751647032,0.12399205145555303,diana,diana,diana,2,1,1,0,0,17.56421062387278,11.950339007760762,2.9427225817170086,32.45727221335055
Daylight_Near_20260114_210700_T7,1736905008.52,213,Daylight,Near,4,4,1280,720,20.65013239691203,1,1,chen,2,1,0.8192912255963698,446.9779216619061,226.25308570748533,543.4567498455046,398.31080603178066,16599.92723682934,chen,0.7981076487944443,alice,0.6627840464640766,0.13532360233036766,chen,chen,chen,3,1,1,0,0,17.56421062387278,11.950339007760762,2.9427225817170086,32.45727221335055
Daylight_Near_20260114_210700_T7,1736905008.52,213,Daylight,Near,4,4,1280,720,20.65013239691203,1,2,alice,3,1,0.5837667045623957,727.9016138842939,237.2193226714759,855.7925009525387,387.65171162085073,19238.93166653078,alice,0.9336713775504804,bob,0.825081048361477,0.10859032918900335,alice,alice,alice,2,1,1,0,0,17.56421062387278,11.950339007760762,2.9427225817170086,32.45727221335055
Daylight_Near_20260114_210700_T7,1736905008.52,213,Daylight,Near,4,4,1280,720,20.65013239691203,1,3,bob,4,1,0.7405750684399184,1069.307863219808,164.6162445898525,1151.1118064509028,368.7838012620455,16701.711215643398,bob,0.7831766540249597,alice,0.6780273210212548,0.10514933300370488,bob,bob,bob,2,1,1,0,0,17.56421062387278,11.950339007760762,2.9427225817170086,32.45727221335055
Daylight_Near_20260114_210700_T7,1736905008.56,214,Daylight,Near,4,4,1280,720,25.666435558529027,3,0,diana,1,1,0.771311579314467,105.47530907647214,226.58455329836104,219.60112008692735,414.9590069757156,21498.387299579517,diana,0.8597474462981096,chen,0.7565001482955291,0.10324729800258048,diana,diana,diana,1,1,1,0,0,11.741943788505322,4.62572732109141,5.077038360223823,21.444709469820555
Daylight_Near_20260114_210700_T7,1736905008.56,214,Daylight,Near,4,4,1280,720,25.666435558529027,3,1,chen,2,1,0.8248194001303958,376.2750437266276,262.26242850903145,491.80427745301654,448.5836285269495,21525.54546505132,chen,0.9482913880020406,alice,0.8263034353807611,0.12198795262127948,chen,chen,chen,3,1,1,0,0,11.741943788505322,4.62572732109141,5.077038360223823,21.444709469820555
Daylight_Near_20260114_210700_T7,1736905008.56,214,Daylight,Near,4,4,1280,720,25.666435558529027,3,2,alice,3,1,0.7344286087012145,731.0800549253408,194.29233078758006,836.0312554776949,394.1337246088868,20973.594201601933,alice,0.837495806349278,bob,0.6908610406909633,0.14663476565831468,alice,alice,alice,1,1,1,0,0,11.741943788505322,4.62572732109141,5.077038360223823,21.444709469820555
Daylight_Near_20260114_210700_T7,1736905008.56,214,Daylight,Near,4,4,1280,720,25.666435558529027,3,3,bob,4,1,0.7582502593381615,1080.5390096745248,189.02514604599725,1201.4658908177832,396.75870996586167,25120.57199360293,bob,0.8127985378356489,chen,0.710009975431846,0.10278856240380296,bob,bob,bob,2,1,1,0,0,11.741943788505322,4.62572732109141,5.077038360223823,21.444709469820555
Daylight_Near_20260114_210700_T7,1736905008.6,215,Daylight,Near,4,4,1280,720,25.3785514335933,1,0,diana,1,1,0.8797460502410376,92.91095337590801,299.595428400886,202.1181905761034,461.4697506403826,17677.847505429563,diana,0.8524815771394755,alice,0.7101719873380936,0.14230958980138186,diana,diana,diana,3,1,1,0,0,12.124947125675334,9.69319734324246,6.74139170847938,28.559536177397174
Daylight_Near_20260114_210700_T7,1736905008.6,215,Daylight,Near,4,4,1280,720,25.3785514335933,1,1,chen,2,1,0.6306507958100062,441.468354612001,229.6638395334382,539.5988479217004,396.74319396798995,16395.579472528683,chen,0.8367843205567046,alice,0.7132801668642681,0.1235041536924365,chen,chen,chen,3,1,1,0,0,12.124947125675334,9.69319734324246,6.74139170847938,28.559536177397174
Daylight_Near_20260114_210700_T7,1736905008.6,215,Daylight,Near,4,4,1280,720,25.3785514335933,1,2,alice,3,1,0.84783035920373,728.1060704272943,206.97964097205096,843.7158052531506,341.3843828008988,15538.496562170776,alice,0.6626805660481596,bob,0.6392360040198103,0.023444562028349325,unknown,unknown,unknown,0,0,0,0,0,12.124947125675334,9.69319734324246,6.74139170847938,28.559536177397174
Daylight_Near_20260114_210700_T7,1736905008.6,215,Daylight,Near,4,4,1280,720,25.3785514335933,1,3,bob,4,1,0.7916036993635263,1053.8380288937803,191.09495004551917,1151.4723236659977,371.60978909288093,17624.439006309487,bob,0.8786511423990682,chen,0.7726620369439193,0.10598910545514884,bob,bob,bob,3,1,1,0,0,12.124947125675334,9.69319734324246,6.74139170847938,28.559536177397174
Daylight_Near_20260114_210700_T7,1736905008.64,216,Daylight,Near,4,4,1280,720,19.62955628419793,0,0,diana,1,1,0.8745917904558089,102.35655926256177,253.72899727066329,192.06276935408331,459.1370767449341,18426.380331814893,diana,0.766650199435483,alice,0.6763834647164082,0.09026673471907476,diana,diana,diana,2,1,1,0,0,11.842753187471107,6.575354897407818,12.236463967329987,30.654572052208913
Daylight_Near_20260114_210700_T7,1736905008.64,216,Daylight,Near,4,4,1280,720,19.62955628419793,0,1,chen,2,1,0.8223594159522497,449.73114902480006,218.71066011556724,533.1392564918655,376.63480404193473,13172.153968254765,diana,0.6559663571667822,alice,0.6371748581850626,0.018791498981719612,unknown,unknown,unknown,0,0,0,0,0,11.842753187471107,6.575354897407818,12.236463967329987,30.654572052208913
Daylight_Near_20260114_210700_T7,1736905008.64,216,Daylight,Near,4,4,1280,720,19.62955628419793,0,2,alice,3,1,0.6913835927427101,736.8437768543314,222.006146149688,857.6618422654786,403.28038589429525,21901.202954819946,alice,0.8592229971076979,chen,0.7251477223155138,0.13407527479218406,alice,alice,alice,1,1,1,0,0,11.842753187471107,6.575354897407818,12.236463967329987,30.654572052208913
Daylight_Near_20260114_210700_T7,1736905008.64,216,Daylight,Near,4,4,1280,720,19.62955628419793,0,3,bob,4,1,0.730593476226828,1098.3055799716858,264.47033554530094,1184.619429940551,426.9854456212331,14027.304828767634,bob,0.7752527698305635,chen,0.6834226343065495,0.09183013552401398,bob,bob,bob,2,1,1,0,0,11.842753187471107,6.575354897407818,12.236463967329987,30.654572052208913
Daylight_Near_20260114_210700_T7,1736905008.68,217,Daylight,Near,4,4,1280,720,27.45545154411475,1,0,diana,1,1,0.7064093535059595,72.4927863561112,258.61374045129554,199.99124300769472,393.2553752562414,17166.60063867673,diana,0.9097437753178405,bob,0.7593538999119714,0.150389875405869,diana,diana,diana,2,1,1,0,0,9.88985898569542,5.7491461718229955,11.133354362725019,26.772359520243434
Daylight_Near_20260114_210700_T7,1736905008.68,217,Daylight,Near,4,4,1280,720,27.45545154411475,1,1,chen,2,1,0.6380952123425284,435.3035131824086,344.55679613748487,515.5948160752241,519.8561838098992,14075.01623253091,chen,0.8467501295354053,bob,0.7429918002265743,0.103758329308831,chen,chen,chen,2,1,1,0,0,9.88985898569542,5.7491461718229955,11.133354362725019,26.772359520243434
Daylight_Near_20260114_210700_T7,1736905008.68,217,Daylight,Near,4,4,1280,720,27.45545154411475,1,2,alice,3,1,0.6895917496891196,748.9899075579807,282.9436707889172,849.5615576020854,418.73994398210846,13657.255264879264,alice,0.782199869186339,chen,0.6426835889764485,0.1395162802098905,alice,alice,alice,3,1,1,0,0,9.88985898569542,5.7491461718229955,11.133354362725019,26.772359520243434
Daylight_Near_20260114_210700_T7,1736905008.68,217,Daylight,Near,4,4,1280,720,27.45545154411475,1,3,bob,4,1,0.7686280821948144,1071.8779123414536,244.18862677198393,1157.9066366739455,432.49144324425,16199.451089324399,bob,0.7527106881756547,diana,0.6626981251600054,0.0900125630156493,bob,bob,bob,2,1,1,0,0,9.88985898569542,5.7491461718229955,11.133354362725019,26.772359520243434
Daylight_Near_20260114_210700_T7,1736905008.72,218,Daylight,Near,4,4,1280,720,22.188463428268918,1,0,diana,1,1,0.6566510918026135,118.47647817097446,223.92252240022697,200.53073846388327,415.5590893479307,15724.596745966326,diana,0.9280040259645085,alice,0.8592649838497789,0.06873904211472959,diana,diana,diana,3,1,1,0,0,16.3082993263901,7.52961461056914,9.70346909532143,33.54138303228067
Daylight_Near_20260114_210700_T7,1736905008.72,218,Daylight,Near,4,4,1280,720,22.188463428268918,1,1,chen,2,1,0.827705081172458,445.09655037187343,132.83084597312518,547.6200628134166,337.52231100291954,20985.68796165981,chen,0.803487729995273,diana,0.6954329913733321,0.10805473862194082,chen,chen,chen,1,1,1,0,0,16.3082993263901,7.52961461056914,9.70346909532143,33.54138303228067
Daylight_Near_20260114_210700_T7,1736905008.72,218,Daylight,Near,4,4,1280,720,22.188463428268918,1,2,alice,3,1,0.8941525372482676,758.5667447660041,209.16860313130132,865.9386164139505,396.97025071671214,20164.614399813585,alice,0.8709962185296615,bob,0.7955392660747982,0.07545695245486328,alice,alice,alice,2,1,1,0,0,16.3082993263901,7.52961461056914,9.70346909532143,33.54138303228067
Daylight_Near_20260114_210700_T7,1736905008.72,218,Daylight,Near,4,4,1280,720,22.188463428268918,1,3,bob,4,1,0.8753051444487032,1061.9314286919425,242.53859196257412,1178.585830271977,380.4945941697227,16093.174881848845,bob,0.8673622208001663,diana,0.7552389974239186,0.1121232233762477,bob,bob,bob,2,1,1,0,0,16.3082993263901,7.52961461056914,9.70346909532143,33.54138303228067
Daylight_Near_20260114_210700_T7,1736905008.76,219,Daylight,Near,4,4,1280,720,23.82805142819613,0,0,diana,1,1,0.7247214272585785,105.45911083226763,212.26610737461294,197.40567623801803,387.58731855394035,16120.183210715406,diana,0.8528482125898496,alice,0.7916317876561039,0.06121642493374568,diana,diana,diana,1,1,1,0,0,10.371095661805777,6.676823471274465,7.3581708534667705,24.406089986547013
Daylight_Near_20260114_210700_T7,1736905008.76,219,Daylight,Near,4,4,1280,720,23.82805142819613,0,1,chen,2,1,0.6997732428472139,438.2519205852865,246.04227579987094,560.4627155210826,384.2435650871322,16889.689424948123,chen,0.8303730595141254,alice,0.6580338266874288,0.1723392328266966,chen,chen,chen,2,1,1,0,0,10.371095661805777,6.676823471274465,7.3581708534667705,24.406089986547013
Daylight_Near_20260114_210700_T7,1736905008.76,219,Daylight,Near,4,4,1280,720,23.82805142819613,0,2,alice,3,1,0.7930157185579432,743.912848255853,268.4321819310769,853.0984474079881,431.24836140209527,17777.182107204713,alice,0.8832235614770597,bob,0.8030226153762619,0.08020094610079787,alice,alice,alice,2,1,1,0,0,10.371095661805777,6.676823471274465,7.3581708534667705,24.406089986547013
Daylight_Near_20260114_210700_T7,1736905008.76,219,Daylight,Near,4,4,1280,720,23.82805142819613,0,3,bob,4,1,0.7947627919540431,1069.206236502474,282.7681924318854,1179.0153437465642,432.6809080336693,16461.78146476909,bob,0.8578796267449242,alice,0.7799125956808632,0.077967031064061,bob,bob,bob,2,1,1,0,0,10.371095661805777,6.676823471274465,7.3581708534667705,24.406089986547013
Daylight_Near_20260114_210700_T7,1736905008.8,220,Daylight,Near,4,4,1280,720,21.67553689136667,2,0,diana,1,1,0.637837921877185,94.73119420251159,270.3389506902837,221.62847032742695,418.33281286164265,18780.017992751604,diana,0.9415458748692729,alice,0.856624690746056,0.08492118412321692,diana,diana,diana,2,1,1,0,0,19.29313003875015,10.713769635607905,6.831505832339593,36.83840550669765
Daylight_Near_20260114_210700_T7,1736905008.8,220,Daylight,Near,4,4,1280,720,21.67553689136667,2,1,chen,2,1,0.8847824600842538,422.3716181381555,197.89328181289727,511.76004971677906,406.89072193606194,18681.95337655698,chen,0.7880779899781161,alice,0.6764481349718885,0.11162985500622757,chen,chen,chen,1,1,1,0,0,19.29313003875015,10.713769635607905,6.831505832339593,36.83840550669765
Daylight_Near_20260114_210700_T7,1736905008.8,220,Daylight,Near,4,4,1280,720,21.67553689136667,2,2,alice,3,1,0.7210392333033822,755.5065382624188,300.48520602139007,864.0980808506268,439.4059771837331,15085.620838062285,alice,0.8736006098126632,chen,0.7590989445274278,0.11450166528523542,alice,alice,alice,3,1,1,0,0,19.29313003875015,10.713769635607905,6.831505832339593,36.83840550669765
Daylight_Near_20260114_210700_T7,1736905008.8,220,Daylight,Near,4,4,1280,720,21.67553689136667,2,3,bob,4,1,0.6791643262358853,1066.3824044914388,194.70524632769002,1159.541530827232,367.4603936119056,16093.7185910088,bob,0.8477967696618467,alice,0.6887422172720286,0.15905455238981814,bob,bob,bob,2,1,1,0,0,19.29313003875015,10.713769635607905,6.831505832339593,36.83840550669765
Daylight_Near_20260114_210700_T7,1736905008.84,221,Daylight,Near,4,4,1280,720,26.506238585605967,2,0,diana,1,1,0.8755921706657667,131.4030366098351,255.55452784826568,213.1996178912625,447.98035019426914,15739.77441817038,diana,0.7807642977858721,chen,0.6966156908430509,0.08414860694282122,diana,diana,diana,2,1,1,0,0,7.804016292768587,6.5580731073472665,7.5483417098890255,21.91043111000488
Daylight_Near_20260114_210700_T7,1736905008.84,221,Daylight,Near,4,4,1280,720,26.506238585605967,2,1,chen,2,1,0.8614863885434385,430.6644600002415,274.29697134957036,528.9111340995828,453.9384790296361,17649.180659757734,chen,0.7958589722756197,diana,0.7330431493186074,0.06281582295701238,chen,chen,chen,1,1,1,0,0,7.804016292768587,6.5580731073472665,7.5483417098890255,21.91043111000488
Daylight_Near_20260114_210700_T7,1736905008.84,221,Daylight,Near,4,4,1280,720,26.506238585605967,2,2,alice,3,1,0.8134749332643033,726.6456089436203,253.87974867321833,841.5808405590349,453.41578547727914,22933.720605696606,diana,0.6906772137808654,bob,0.6312425790354267,0.05943463474543875,unknown,unknown,unknown,0,0,0,0,0,7.804016292768587,6.5580731073472665,7.5483417098890255,21.91043111000488
Daylight_Near_20260114_210700_T7,1736905008.84,221,Daylight,Near,4,4,1280,720,26.506238585605967,2,3,bob,4,1,0.771935267339292,1052.4336256878369,191.43273051914673,1143.536797034967,387.7191601794385,17882.316234457987,bob,0.8692247812771241,alice,0.6932708297094217,0.17595395156770244,bob,bob,bob,2,1,1,0,0,7.804016292768587,6.5580731073472665,7.5483417098890255,21.91043111000488
Daylight_Near_20260114_210700_T7,1736905008.88,222,Daylight,Near,4,4,1280,720,26.380101657706607,3,0,diana,1,1,0.742472547793136,72.4373808103735,206.22001316687124,187.7072349798333,349.14842001382556,16475.33661392164,diana,0.779304489080465,chen,0.6236258624527328,0.15567862662773224,diana,diana,diana,1,1,1,0,0,19.965431746865388,15.772506061836586,6.809587438036386,42.54752524673836
Daylight_Near_20260114_210700_T7,1736905008.88,222,Daylight,Near,4,4,1280,720,26.380101657706607,3,1,chen,2,1,0.8240787994805961,463.55649630270807,194.29111332449602,558.2257019110102,360.9326893180786,15775.825620627975,chen,0.8373143561411616,diana,0.7369175157897848,0.10039684035137675,chen,chen,chen,2,1,1,0,0,19.965431746865388,15.772506061836586,6.809587438036386,42.54752524673836
Daylight_Near_20260114_210700_T7,1736905008.88,222,Daylight,Near,4,4,1280,720,26.380101657706607,3,2,alice,3,1,0.7147993991642565,747.6094486333791,277.6410450458028,857.9880013974107,465.17187644832677,20699.381768846208,alice,0.8525828922781721,diana,0.7303014558799663,0.12228143639820577,alice,alice,alice,1,1,1,0,0,19.965431746865388,15.772506061836586,6.809587438036386,42.54752524673836
Daylight_Near_20260114_210700_T7,1736905008.88,222,Daylight,Near,4,4,1280,720,26.380101657706607,3,3,bob,4,1,0.77513018092212,1068.552384751082,232.34950909552646,1189.0021526743315,417.8179350998259,22339.628869308242,bob,0.7999754885611379,alice,0.720167167576072,0.07980832098506585,bob,bob,bob,2,1,1,0,0,19.965431746865388,15.772506061836586,6.809587438036386,42.54752524673836
Daylight_Near_20260114_210700_T7,1736905008.92,223,Daylight,Near,4,4,1280,720,26.007822874629433,2,0,diana,1,1,0.7662951119315421,123.2134045198199,227.80885660468488,215.9777705141483,399.4154710316007,15918.978787746013,diana,0.739614179700631,bob,0.6547541932640051,0.08485998643662596,diana,diana,diana,2,1,1,0,0,10.495732702205792,7.861529556843471,10.79474106181059,29.152003320859855
Daylight_Near_20260114_210700_T7,1736905008.92,223,Daylight,Near,4,4,1280,720,26.007822874629433,2,1,chen,2,1,0.766047654635062,444.43296504804573,245.98875140340607,536.5003483533314,381.774658941686,12501.453196782906,chen,0.8517391461439494,bob,0.7083424793953428,0.14339666674860663,chen,chen,chen,1,1,1,0,0,10.495732702205792,7.861529556843471,10.79474106181059,29.152003320859855
Daylight_Near_20260114_210700_T7,1736905008.92,223,Daylight,Near,4,4,1280,720,26.007822874629433,2,2,alice,3,1,0.7834600006497493,743.241802344042,291.9697402326104,850.4968248611698,463.2758218551592,18373.437641747412,alice,0.9058551574892684,diana,0.8154490274622057,0.09040613002706266,alice,alice,alice,2,1,1,0,0,10.495732702205792,7.861529556843471,10.79474106181059,29.152003320859855
Daylight_Near_20260114_210700_T7,1736905008.92,223,Daylight,Near,4,4,1280,720,26.007822874629433,2,3,bob,4,1,0.8105987147858784,1059.731938092364,200.39295552261962,1147.847040400468,380.44704965359864,15865.484925344172,bob,0.8324144359627627,chen,0.6879655021848975,0.14444893377786516,bob,bob,bob,1,1,1,0,0,10.495732702205792,7.861529556843471,10.79474106181059,29.152003320859855
Daylight_Near_20260114_210700_T7,1736905008.96,224,Daylight,Near,4,4,1280,720,24.906868252545863,0,0,diana,1,1,0.716751397222586,104.72497025114511,169.01061409832857,190.5897189159512,364.3252511959994,16770.64222494932,alice,0.6819384921267535,diana,0.6602639863301821,0.021674505796571375,unknown,unknown,unknown,0,0,0,0,0,11.81098852457693,4.653218311906219,6.275132385152405,22.739339221635554
Daylight_Near_20260114_210700_T7,1736905008.96,224,Daylight,Near,4,4,1280,720,24.906868252545863,0,1,chen,2,1,0.8033003525253374,433.43875243787676,229.7810403986088,520.6490604199321,406.39991605727204,15402.986541636355,chen,0.7806050032455137,diana,0.6515871392589113,0.12901786398660242,chen,chen,chen,1,1,1,0,0,11.81098852457693,4.653218311906219,6.275132385152405,22.739339221635554
Daylight_Near_20260114_210700_T7,1736905008.96,224,Daylight,Near,4,4,1280,720,24.906868252545863,0,2,alice,3,1,0.7061318319396462,752.1387614096083,236.33718512563826,839.3406124725865,370.0256745850893,11657.883746677582,chen,0.722469900528838,alice,0.682878138818555,0.039591761710283,unknown,unknown,unknown,0,0,0,0,0,11.81098852457693,4.653218311906219,6.275132385152405,22.739339221635554
Daylight_Near_20260114_210700_T7,1736905008.96,224,Daylight,Near,4,4,1280,720,24.906868252545863,0,3,bob,4,1,0.8912471308666206,1091.0107402457415,236.15247852794488,1186.07818104211,432.51751686656604,18667.921656733473,bob,0.8682233382467488,chen,0.8068625644888215,0.061360773757927256,bob,bob,bob,3,1,1,0,0,11.81098852457693,4.653218311906219,6.275132385152405,22.739339221635554
Daylight_Near_20260114_210700_T7,1736905009.0,225,Daylight,Near,4,4,1280,720,27.970189569027823,1,0,diana,1,1,0.703077648480004,122.52867515362027,247.9805214759498,220.0738079634748,438.22757449294977,18557.674053226696,diana,0.7679366606819582,chen,0.6901049530729599,0.07783170760899827,diana,diana,diana,2,1,1,0,0,9.717192010907196,8.25243222822545,8.825216825930974,26.794841065063622
Daylight_Near_20260114_210700_T7,1736905009.0,225,Daylight,Near,4,4,1280,720,27.970189569027823,1,1,chen,2,1,0.666763908460314,457.027387482921,203.8943970271464,538.9384614548402,364.2645054199477,13136.087811447449,chen,0.7828905860106585,alice,0.6044565208275872,0.17843406518307137,chen,chen,chen,2,1,1,0,0,9.717192010907196,8.25243222822545,8.825216825930974,26.794841065063622
Daylight_Near_20260114_210700_T7,1736905009.0,225,Daylight,Near,4,4,1280,720,27.970189569027823,1,2,alice,3,1,0.7648778531898125,758.8828462725205,323.8603270073419,880.3244071059555,513.5888604057576,23040.929230542108,alice,0.8368397383233469,chen,0.6992739026399627,0.1375658356833842,alice,alice,alice,3,1,1,0,0,9.717192010907196,8.25243222822545,8.825216825930974,26.794841065063622
Daylight_Near_20260114_210700_T7,1736905009.0,225,Daylight,Near,4,4,1280,720,27.970189569027823,1,3,bob,4,1,0.8175500094226911,1064.6927729863648,172.14988697069413,1175.9906724241976,356.0131426984389,20463.59414629906,bob,0.8582318973138034,diana,0.6850657741011743,0.17316612321262914,bob,bob,bob,3,1,1,0,0,9.717192010907196,8.25243222822545,8.825216825930974,26.794841065063622
Daylight_Near_20260114_210700_T7,1736905009.04,226,Daylight,Near,4,4,1280,720,27.826368843482978,1,0,diana,1,1,0.6921595958252197,105.13954856104976,235.15939458173168,219.66336360608068,442.6682868128994,23764.709994081506,diana,0.8504444423942823,chen,0.7893603451513901,0.06108409724289221,diana,diana,diana,3,1,1,0,0,15.37934666296101,13.299108412879614,6.936240799680048,35.614695875520674
Daylight_Near_20260114_210700_T7,1736905009.04,226,Daylight,Near,4,4,1280,720,27.826368843482978,1,1,chen,2,1,0.721684852307149,446.4347808306007,198.81975286716892,539.8886459953809,354.84941908016896,14581.575387975368,chen,0.866278925393707,bob,0.7146204720540301,0.15165845333967687,chen,chen,chen,1,1,1,0,0,15.37934666296101,13.299108412879614,6.936240799680048,35.614695875520674
Daylight_Near_20260114_210700_T7,1736905009.04,226,Daylight,Near,4,4,1280,720,27.826368843482978,1,2,alice,3,1,0.6321536500635847,767.5830438950059,283.84514917993596,880.3511890709146,486.52104539594603,22855.384888144446,alice,0.9215444086192546,diana,0.8061325823562011,0.11541182626305346,alice,alice,alice,2,1,1,0,0,15.37934666296101,13.299108412879614,6.936240799680048,35.614695875520674
Daylight_Near_20260114_210700_T7,1736905009.04,226,Daylight,Near,4,4,1280,720,27.826368843482978,1,3,bob,4,1,0.748063177291969,1076.7080400456261,221.36349528134696,1180.114599756792,366.70109492937723,15028.861176281545,bob,0.95388103440285,diana,0.8914791823496124,0.06240185205323756,bob,bob,bob,2,1,1,0,0,15.37934666296101,13.299108412879614,6.936240799680048,35.614695875520674
Daylight_Near_20260114_210700_T7,1736905009.08,227,Daylight,Near,4,4,1280,720,29.342277859731325,3,0,diana,1,1,0.8036832762934905,120.20159231962504,182.21137643106454,201.39510817497114,387.6974297542089,16684.135128545215,diana,0.8357249694720736,bob,0.7333060148023631,0.10241895466971052,diana,diana,diana,3,1,1,0,0,12.166072860858858,10.539928148584496,5.144630691417804,27.850631700861157
Daylight_Near_20260114_210700_T7,1736905009.08,227,Daylight,Near,4,4,1280,720,29.342277859731325,3,1,chen,2,1,0.8824696810905892,455.43436827917424,245.35382055745157,554.0637207695167,394.0132850245489,14662.186721950891,chen,0.8571108678992178,bob,0.7505199320091311,0.10659093589008661,chen,chen,chen,2,1,1,0,0,12.166072860858858,10.539928148584496,5.144630691417804,27.850631700861157
Daylight_Near_20260114_210700_T7,1736905009.08,227,Daylight,Near,4,4,1280,720,29.342277859731325,3,2,alice,-1,0,-1.0,-1.0,-1.0,-1.0,-1.0,0.0,unknown,-1.0,unknown,-1.0,-1.0,unknown,unknown,unknown,0,0,0,0,1,12.166072860858858,10.539928148584496,5.144630691417804,27.850631700861157
Daylight_Near_20260114_210700_T7,1736905009.08,227,Daylight,Near,4,4,1280,720,29.342277859731325,3,3,bob,4,1,0.78941571064399,1064.5140292955928,215.33459520552884,1158.2119693893949,373.3764223766622,14808.193654595883,bob,0.8246870022657962,chen,0.7282123943013606,0.09647460796443552,bob,bob,bob,2,1,1,0,0,12.166072860858858,10.539928148584496,5.144630691417804,27.850631700861157
Daylight_Near_20260114_210700_T7,1736905009.12,228,Daylight,Near,4,4,1280,720,21.469858271474823,0,0,diana,1,1,0.7134017725030994,102.08349657704179,257.41391602031615,216.77634146712336,387.75376848274095,14949.048481469004,diana,0.788182199553107,alice,0.6830293361205177,0.10515286343258923,diana,diana,diana,1,1,1,0,0,7.92773010721548,6.376492495682347,7.70407061957304,22.00829322247087
Daylight_Near_20260114_210700_T7,1736905009.12,228,Daylight,Near,4,4,1280,720,21.469858271474823,0,1,chen,2,1,0.8400082504135645,427.13821155100743,270.54847716800776,527.5334448291744,402.61537539549334,13258.887055872352,chen,0.857653682194587,alice,0.6964640011038179,0.16118968109076914,chen,chen,chen,2,1,1,0,0,7.92773010721548,6.376492495682347,7.70407061957304,22.00829322247087
Daylight_Near_20260114_210700_T7,1736905009.12,228,Daylight,Near,4,4,1280,720,21.469858271474823,0,2,alice,3,1,0.833177743104474,736.0641789156251,289.26614939816636,859.7707627199649,465.5640386795203,21809.209614912023,alice,0.8642923355225959,diana,0.7612905530491589,0.10300178247343694,alice,alice,alice,1,1,1,0,0,7.92773010721548,6.376492495682347,7.70407061957304,22.00829322247087
Daylight_Near_20260114_210700_T7,1736905009.12,228,Daylight,Near,4,4,1280,720,21.469858271474823,0,3,bob,4,1,0.8077280620371061,1052.4679246690368,193.47985629250167,1177.8772090820842,368.69338160663466,21973.40282913277,bob,0.9374218779161625,alice,0.8597678588359187,0.07765401908024383,bob,bob,bob,3,1,1,0,0,7.92773010721548,6.376492495682347,7.70407061957304,22.00829322247087
Daylight_Near_20260114_210700_T7,1736905009.16,229,Daylight,Near,4,4,1280,720,26.61894052279337,0,0,diana,1,1,0.8421486742736208,119.84725010921339,174.38701341120742,199.96032973516168,326.83344184095034,12212.952859483421,diana,0.8435536411643775,chen,0.7270506407558353,0.11650300040854222,diana,diana,diana,2,1,1,0,0,7.793257820626086,5.407110330114593,7.563572039474716,20.763940190215393
Daylight_Near_20260114_210700_T7,1736905009.16,229,Daylight,Near,4,4,1280,720,26.61894052279337,0,1,chen,2,1,0.7983672109381605,418.4066195577383,209.42189948740634,531.7116597898828,379.80774252227764,19305.57480005395,chen,0.8764926788275335,diana,0.8066613322909978,0.06983134653653567,chen,chen,chen,2,1,1,0,0,7.793257820626086,5.407110330114593,7.563572039474716,20.763940190215393
Daylight_Near_20260114_210700_T7,1736905009.16,229,Daylight,Near,4,4,1280,720,26.61894052279337,0,2,alice,3,1,0.7930153454326814,766.631371784099,170.6079401166254,866.8999687671603,352.5652304956235,18244.602217141626,alice,0.8762184408810749,chen,0.7220836241687143,0.15413481671236062,alice,alice,alice,1,1,1,0,0,7.793257820626086,5.407110330114593,7.563572039474716,20.763940190215393
Daylight_Near_20260114_210700_T7,1736905009.16,229,Daylight,Near,4,4,1280,720,26.61894052279337,0,3,bob,4,1,0.6468697247567139,1090.1952122158787,236.074489216868,1172.2488295067565,405.4574265434478,13898.482714999922,bob,0.788574690758207,diana,0.7249692575983203,0.06360543315988665,bob,bob,bob,1,1,1,0,0,7.793257820626086,5.407110330114593,7.563572039474716,20.763940190215393
Daylight_Near_20260114_210700_T7,1736905009.2,230,Daylight,Near,4,4,1280,720,22.334416098237874,3,0,diana,1,1,0.8704403374444032,100.6534624119084,169.81239351111134,212.69758727684763,346.3164237446335,19776.239602649766,diana,0.9379657294770856,chen,0.8142756309030764,0.12369009857400914,diana,diana,diana,3,1,1,0,0,15.894471164058817,11.62862205681507,2.7276924908978675,30.250785711771755
Daylight_Near_20260114_210700_T7,1736905009.2,230,Daylight,Near,4,4,1280,720,22.334416098237874,3,1,chen,2,1,0.976184935271009,451.3138481056403,241.0327467647365,533.8874044399398,373.8083443957127,10963.753290801698,chen,0.7447286654311508,bob,0.6651410078796676,0.07958765755148323,unknown,unknown,unknown,0,0,0,0,0,15.894471164058817,11.62862205681507,2.7276924908978675,30.250785711771755
Daylight_Near_20260114_210700_T7,1736905009.2,230,Daylight,Near,4,4,1280,720,22.334416098237874,3,2,alice,3,1,0.8676929799063083,749.2455381694114,285.48115789993386,832.3181450548485,439.5379579100805,12797.89998527132,alice,0.8450131872081964,chen,0.7577709091136017,0.08724227809459473,alice,alice,alice,2,1,1,0,0,15.894471164058817,11.62862205681507,2.7276924908978675,30.250785711771755
Daylight_Near_20260114_210700_T7,1736905009.2,230,Daylight,Near,4,4,1280,720,22.334416098237874,3,3,bob,4,1,0.8938598765762296,1051.4114282191447,270.57813033328716,1160.2310948122251,432.21709768359824,17589.49853551067,bob,0.867219590869985,alice,0.7091294045364314,0.15809018633355365,bob,bob,bob,2,1,1,0,0,15.894471164058817,11.62862205681507,2.7276924908978675,30.250785711771755
Daylight_Near_20260114_210700_T7,1736905009.24,231,Daylight,Near,4,4,1280,720,28.182975621649454,1,0,diana,1,1,0.6698127154260581,130.96331144826837,158.69230051511295,212.97967332196328,347.3502501304439,15473.038666000284,diana,0.8777565615185909,chen,0.7718635589858559,0.10589300253273504,diana,diana,diana,2,1,1,0,0,9.46656639764696,7.017073482856076,8.854782146218252,25.338422026721286
Daylight_Near_20260114_210700_T7,1736905009.24,231,Daylight,Near,4,4,1280,720,28.182975621649454,1,1,chen,2,1,0.8048538479766318,438.5062020634267,238.0974837544481,550.7763093493768,451.9211342748932,24006.004184203863,chen,0.8398117088228516,alice,0.7602660014118565,0.07954570741099509,chen,chen,chen,2,1,1,0,0,9.46656639764696,7.017073482856076,8.854782146218252,25.338422026721286
Daylight_Near_20260114_210700_T7,1736905009.24,231,Daylight,Near,4,4,1280,720,28.182975621649454,1,2,alice,3,1,0.6692896923984998,758.4136238842149,246.11405478045776,861.2312617419283,391.1420748771285,14911.438449520674,alice,0.908961280606363,chen,0.7354260808531898,0.17353519975317322,alice,alice,alice,2,1,1,0,0,9.46656639764696,7.017073482856076,8.854782146218252,25.338422026721286
Daylight_Near_20260114_210700_T7,1736905009.24,231,Daylight,Near,4,4,1280,720,28.182975621649454,1,3,bob,4,1,0.8881621709123546,1087.2040184234068,216.35354081748784,1185.831987945103,421.3129809895591,20214.733418474978,alice,0.7947874995527447,bob,0.7799541233670139,0.014833376185730884,unknown,unknown,unknown,0,0,0,0,0,9.46656639764696,7.017073482856076,8.854782146218252,25.338422026721286
Daylight_Near_20260114_210700_T7,1736905009.28,232,Daylight,Near,4,4,1280,720,23.05088836666292,1,0,diana,1,1,0.7682465121727595,143.3748706358595,336.8439318584358,238.51974275877637,467.02586350576576,12386.143239299514,diana,0.8432318186369988,bob,0.6920626102186151,0.15116920841838366,diana,diana,diana,3,1,1,0,0,14.416152872072242,7.240177897035231,8.486958878029835,30.14328964713731
Daylight_Near_20260114_210700_T7,1736905009.28,232,Daylight,Near,4,4,1280,720,23.05088836666292,1,1,chen,2,1,0.7002160095658777,422.7651292384006,209.42539318988204,505.2554495221873,384.1223849952803,14410.810806641357,chen,0.8729987066489591,bob,0.8126035504787477,0.060395156170211406,chen,chen,chen,1,1,1,0,0,14.416152872072242,7.240177897035231,8.486958878029835,30.14328964713731
Daylight_Near_20260114_210700_T7,1736905009.28,232,Daylight,Near,4,4,1280,720,23.05088836666292,1,2,alice,3,1,0.8642498307376485,744.4368175182077,214.10041874114427,864.8983162408134,397.80514752677004,22129.34695194629,alice,0.9064752270971562,chen,0.8332119779541922,0.073263249142964,alice,alice,alice,2,1,1,0,0,14.416152872072242,7.240177897035231,8.486958878029835,30.14328964713731
Daylight_Near_20260114_210700_T7,1736905009.28,232,Daylight,Near,4,4,1280,720,23.05088836666292,1,3,bob,4,1,0.6851483571182361,1065.0212247308864,199.06456997919528,1157.7088498444118,384.41199776699625,17179.41290255192,bob,0.8540044853694546,diana,0.6934006984867229,0.1606037868827317,bob,bob,bob,1,1,1,0,0,14.416152872072242,7.240177897035231,8.486958878029835,30.14328964713731
Daylight_Near_20260114_210700_T7,1736905009.32,233,Daylight,Near,4,4,1280,720,25.933710428970066,1,0,diana,1,1,0.9579433000482014,124.20981533273768,267.2446275311072,251.30462006121087,469.52478219048135,25708.756756878513,diana,0.7582597890699312,bob,0.7096417807212572,0.048618008348674024,unknown,unknown,unknown,0,0,0,0,0,14.221217642981465,13.12379940662636,8.77342946787988,36.118446517487705
Daylight_Near_20260114_210700_T7,1736905009.32,233,Daylight,Near,4,4,1280,720,25.933710428970066,1,1,chen,2,1,0.5796790067786497,446.8537100355869,280.11755498457904,552.0485232249714,466.89336645316104,19647.84659573318,chen,0.8735744574805526,bob,0.7875833450163452,0.08599111246420743,chen,chen,chen,1,1,1,0,0,14.221217642981465,13.12379940662636,8.77342946787988,36.118446517487705
Daylight_Near_20260114_210700_T7,1736905009.32,233,Daylight,Near,4,4,1280,720,25.933710428970066,1,2,alice,3,1,0.8034367949155673,756.5412316234173,245.39598701414533,851.9465056806126,446.44642551355525,19181.272184355505,alice,0.8475275340211987,diana,0.7389110251603146,0.10861650886088414,alice,alice,alice,2,1,1,0,0,14.221217642981465,13.12379940662636,8.77342946787988,36.118446517487705
Daylight_Near_20260114_210700_T7,1736905009.32,233,Daylight,Near,4,4,1280,720,25.933710428970066,1,3,bob,4,1,0.9145519273070846,1070.526958662144,197.98405209323573,1197.5494983593185,364.5944205277209,21163.272138430275,bob,0.9220408921488972,diana,0.7838757957760591,0.13816509637283803,bob,bob,bob,2,1,1,0,0,14.221217642981465,13.12379940662636,8.77342946787988,36.118446517487705
Daylight_Near_20260114_210700_T7,1736905009.36,234,Daylight,Near,4,4,1280,720,26.827171129565627,0,0,diana,1,1,0.7796642637065463,111.56658305630967,258.7522648935762,218.7534338067301,450.03805581115415,20503.321521758557,chen,0.6528096523394404,bob,0.6367093644285101,0.016100287910930322,unknown,unknown,unknown,0,0,0,0,0,14.386878408161524,6.620494560263432,7.650069207895037,28.657442176319993
Daylight_Near_20260114_210700_T7,1736905009.36,234,Daylight,Near,4,4,1280,720,26.827171129565627,0,1,chen,2,1,0.9545906580306289,416.59541068393435,224.1970033434318,537.2272346207425,433.4735470694868,25245.411176865196,chen,0.8602698440229622,alice,0.7013952216420056,0.15887462238095662,chen,chen,chen,2,1,1,0,0,14.386878408161524,6.620494560263432,7.650069207895037,28.657442176319993
Daylight_Near_20260114_210700_T7,1736905009.36,234,Daylight,Near,4,4,1280,720,26.827171129565627,0,2,alice,3,1,0.8106986498673941,732.8767751641132,217.63834754476042,846.7598664291014,425.1439073738617,23631.374608010017,alice,0.8506547868647097,chen,0.7502575381312258,0.10039724873348399,alice,alice,alice,3,1,1,0,0,14.386878408161524,6.620494560263432,7.650069207895037,28.657442176319993
Daylight_Near_20260114_210700_T7,1736905009.36,234,Daylight,Near,4,4,1280,720,26.827171129565627,0,3,bob,4,1,0.8451838122336669,1065.5301400993083,278.70246627052694,1180.1555844969114,453.06342308172026,19986.20216007432,bob,0.9238498455156754,chen,0.7745594441770025,0.14929040133867288,bob,bob,bob,2,1,1,0,0,14.386878408161524,6.620494560263432,7.650069207895037,28.657442176319993
Daylight_Near_20260114_210700_T7,1736905009.4,235,Daylight,Near,4,4,1280,720,23.63072277677435,2,0,diana,1,1,0.7862904968829858,87.59064713602942,187.95708130105203,203.79570431183345,349.4577065839156,18767.18939492326,diana,0.8370932769793439,alice,0.7451523529557761,0.0919409240235678,diana,diana,diana,2,1,1,0,0,18.583715401455205,14.197116950253065,7.066570373868586,39.847402725576856
Daylight_Near_20260114_210700_T7,1736905009.4,235,Daylight,Near,4,4,1280,720,23.63072277677435,2,1,chen,2,1,0.7453544058975264,443.1589816681762,312.58660902818826,535.7058049780666,466.7482728286176,14267.172260897058,bob,0.9026812091658573,chen,0.818566896085091,0.08411431308076622,bob,bob,bob,1,0,0,1,0,18.583715401455205,14.197116950253065,7.066570373868586,39.847402725576856
Daylight_Near_20260114_210700_T7,1736905009.4,235,Daylight,Near,4,4,1280,720,23.63072277677435,2,2,alice,3,1,0.6861343499762717,743.8059546573722,199.15213021955245,842.6336894857529,413.9680492400414,21229.770681871785,alice,0.8566104931067792,bob,0.7662380950263791,0.0903723980804001,alice,alice,alice,2,1,1,0,0,18.583715401455205,14.197116950253065,7.066570373868586,39.847402725576856
Daylight_Near_20260114_210700_T7,1736905009.4,235,Daylight,Near,4,4,1280,720,23.63072277677435,2,3,bob,4,1,0.6933613593687458,1054.2744406710244,269.1139516635064,1135.9281262491086,427.6706173480533,12946.7361261154,bob,0.8865759075936297,diana,0.7665715079501862,0.12000439964344345,bob,bob,bob,1,1,1,0,0,18.583715401455205,14.197116950253065,7.066570373868586,39.847402725576856
Daylight_Near_20260114_210700_T7,1736905009.44,236,Daylight,Near,4,4,1280,720,24.21988183627803,0,0,diana,1,1,0.6934300466655836,113.86570705059042,180.21415503696488,215.90146787264388,383.9132907773267,20784.59629406256,diana,0.7984427207629967,alice,0.6513408654321073,0.14710185533088938,diana,diana,diana,3,1,1,0,0,16.509789476633365,10.641384188050047,10.911857119856457,38.06303078453987
Daylight_Near_20260114_210700_T7,1736905009.44,236,Daylight,Near,4,4,1280,720,24.21988183627803,0,1,chen,2,1,0.687906205514434,435.63036947678773,150.82909307585425,542.8084615928004,322.3909688736314,18387.674527850086,chen,0.8492648725997285,diana,0.7166505876694218,0.1326142849303067,chen,chen,chen,2,1,1,0,0,16.509789476633365,10.641384188050047,10.911857119856457,38.06303078453987
Daylight_Near_20260114_210700_T7,1736905009.44,236,Daylight,Near,4,4,1280,720,24.21988183627803,0,2,alice,3,1,0.7739099549023792,726.6958292135433,247.31783569563385,846.8618214262195,412.6653559027574,19869.148825594533,alice,0.8018343903125279,chen,0.6775338257537127,0.12430056455881522,alice,alice,alice,2,1,1,0,0,16.509789476633365,10.641384188050047,10.911857119856457,38.06303078453987
Daylight_Near_20260114_210700_T7,1736905009.44,236,Daylight,Near,4,4,1280,720,24.21988183627803,0,3,bob,4,1,0.8198501983344152,1073.7728726618134,187.79364736396622,1198.6233235459704,359.7625417374919,21470.394000584653,bob,0.7721055712958459,diana,0.6529474248117363,0.1191581464841096,bob,bob,bob,1,1,1,0,0,16.509789476633365,10.641384188050047,10.911857119856457,38.06303078453987
Daylight_Near_20260114_210700_T7,1736905009.48,237,Daylight,Near,4,4,1280,720,23.80192715675726,1,0,diana,1,1,0.8549880639572974,97.69472356655815,191.89627974215404,180.22945596139635,343.2390069850333,12491.03149289603,diana,0.8738403347545887,chen,0.6994079752857354,0.17443235946885327,diana,diana,diana,2,1,1,0,0,15.17857145187092,9.690353865622162,4.019824430900512,28.888749748393593
Daylight_Near_20260114_210700_T7,1736905009.48,237,Daylight,Near,4,4,1280,720,23.80192715675726,1,1,chen,2,1,0.9063120434050469,381.88661663264224,300.9030764092029,503.3533447827699,478.8280202432915,21611.960783821974,alice,0.9,diana,0.8610218884366252,0.03897811156337483,unknown,unknown,unknown,0,0,0,0,0,15.17857145187092,9.690353865622162,4.019824430900512,28.888749748393593
Daylight_Near_20260114_210700_T7,1736905009.48,237,Daylight,Near,4,4,1280,720,23.80192715675726,1,2,alice,3,1,0.6747247069190927,747.3801325669539,276.06807109426023,868.1780315500254,483.9802610555494,25115.35572029298,alice,0.8846385473944895,bob,0.753334577783808,0.13130396961068158,alice,alice,alice,2,1,1,0,0,15.17857145187092,9.690353865622162,4.019824430900512,28.888749748393593
Daylight_Near_20260114_210700_T7,1736905009.48,237,Daylight,Near,4,4,1280,720,23.80192715675726,1,3,bob,4,1,0.8242733817771415,1043.6920987159829,288.9769818618129,1144.6059246330856,488.4364480524563,20128.217848680822,bob,0.84367352338855,alice,0.7643971670068966,0.07927635638165331,bob,bob,bob,1,1,1,0,0,15.17857145187092,9.690353865622162,4.019824430900512,28.888749748393593
Daylight_Near_20260114_210700_T7,1736905009.52,238,Daylight,Near,4,4,1280,720,28.314546639518948,1,0,diana,1,1,0.6754967062684171,113.27096154949587,271.7794995699253,203.50943912433561,472.26160409265856,18091.199893131343,diana,0.8528402955666622,chen,0.7145934901417618,0.13824680542490042,diana,diana,diana,1,1,1,0,0,11.293120691917235,7.375738573827508,11.107419825321923,29.776279091066666
Daylight_Near_20260114_210700_T7,1736905009.52,238,Daylight,Near,4,4,1280,720,28.314546639518948,1,1,chen,2,1,0.7672214537317843,386.6046573970316,238.94524275330213,508.7230498840959,372.3492119144441,16291.078265352553,chen,0.8778011928666454,bob,0.7538886262769878,0.12391256658965755,chen,chen,chen,3,1,1,0,0,11.293120691917235,7.375738573827508,11.107419825321923,29.776279091066666
Daylight_Near_20260114_210700_T7,1736905009.52,238,Daylight,Near,4,4,1280,720,28.314546639518948,1,2,alice,3,1,0.8271781668115756,739.2013016351808,164.29549679406225,841.4030009283705,310.2299890279327,14914.75309179035,alice,0.7603572875106983,diana,0.6462510707223826,0.11410621678831567,alice,alice,alice,1,1,1,0,0,11.293120691917235,7.375738573827508,11.107419825321923,29.776279091066666
Daylight_Near_20260114_210700_T7,1736905009.52,238,Daylight,Near,4,4,1280,720,28.314546639518948,1,3,bob,4,1,0.7002769308720376,1062.680660073447,231.04755865859613,1157.8787974569489,412.03332843695364,17229.508175818934,bob,0.8877641320933887,alice,0.8149881611478978,0.07277597094549082,bob,bob,bob,1,1,1,0,0,11.293120691917235,7.375738573827508,11.107419825321923,29.776279091066666
Daylight_Near_20260114_210700_T7,1736905009.56,239,Daylight,Near,4,4,1280,720,25.867856484532098,2,0,diana,1,1,0.8737044976786785,115.04179957339034,267.3287984963586,196.717861186074,412.70990238634835,11874.155998638767,diana,0.7380659401158396,bob,0.5914382332331509,0.14662770688268867,diana,diana,diana,2,1,1,0,0,10.32914133881581,6.191439445857634,8.627724121582993,25.14830490625644
Daylight_Near_20260114_210700_T7,1736905009.56,239,Daylight,Near,4,4,1280,720,25.867856484532098,2,1,chen,2,1,0.7460156297877036,435.786182239939,235.74114459909882,528.8833342913252,404.7368513056373,15733.019003290081,chen,0.7579479878219182,bob,0.5868692215500992,0.17107876627181895,chen,chen,chen,2,1,1,0,0,10.32914133881581,6.191439445857634,8.627724121582993,25.14830490625644
Daylight_Near_20260114_210700_T7,1736905009.56,239,Daylight,Near,4,4,1280,720,25.867856484532098,2,2,alice,3,1,0.7511116271892664,773.5232677617691,202.62994615507114,854.1756373207518,407.4388823997757,16518.326014990023,alice,0.8675643560333166,chen,0.7662689930494786,0.10129536298383801,alice,alice,alice,1,1,1,0,0,10.32914133881581,6.191439445857634,8.627724121582993,25.14830490625644
Daylight_Near_20260114_210700_T7,1736905009.56,239,Daylight,Near,4,4,1280,720,25.867856484532098,2,3,bob,4,1,0.961228757497735,1044.9691197083507,247.44800960732812,1154.2438595595067,392.01939383626984,15798.000401539128,diana,0.861779038076293,alice,0.7912941925756914,0.07048484550060152,unknown,unknown,unknown,0,0,0,0,0,10.32914133881581,6.191439445857634,8.627724121582993,25.14830490625644
Daylight_Near_20260114_210700_T7,1736905009.6,240,Daylight,Near,4,4,1280,720,22.942367326084852,0,0,diana,1,1,0.7630929781984751,116.73680931275726,228.1654880981647,202.67446459476986,405.9931747211833,15282.094432606738,diana,0.7333017903560016,alice,0.5716278571016039,0.16167393325439772,diana,diana,diana,2,1,1,0,0,15.867332972192248,8.401236097078455,10.131014032030565,34.39958310130127
Daylight_Near_20260114_210700_T7,1736905009.6,240,Daylight,Near,4,4,1280,720,22.942367326084852,0,1,chen,2,1,0.7382321684611902,419.62950599058496,194.37556984112229,518.4846985441142,362.1861617808867,16588.94837872713,chen,0.9128867250802049,bob,0.740320696191507,0.17256602888869788,chen,chen,chen,2,1,1,0,0,15.867332972192248,8.401236097078455,10.131014032030565,34.39958310130127
Daylight_Near_20260114_210700_T7,1736905009.6,240,Daylight,Near,4,4,1280,720,22.942367326084852,0,2,alice,3,1,0.8857788278509292,762.197694276888,206.7255469376488,872.8750153436359,375.98297032426865,18732.958191091417,diana,0.6663489825346705,bob,0.5875244696556864,0.07882451287898407,unknown,unknown,unknown,0,0,0,0,0,15.867332972192248,8.401236097078455,10.131014032030565,34.39958310130127
Daylight_Near_20260114_210700_T7,1736905009.6,240,Daylight,Near,4,4,1280,720,22.942367326084852,0,3,bob,4,1,0.8399350329020553,1062.2896659608302,285.04767289416077,1183.644361036697,494.63684781842994,25434.630414137206,bob,0.8853070084665895,chen,0.712073836224139,0.1732331722424505,bob,bob,bob,3,1,1,0,0,15.867332972192248,8.401236097078455,10.131014032030565,34.39958310130127
Daylight_Near_20260114_210700_T7,1736905009.64,241,Daylight,Near,4,4,1280,720,23.004555131597968,2,0,diana,1,1,0.9284815296434276,132.22858635893095,327.8732351160743,247.01112778663475,526.0482021065955,22747.026358523326,diana,0.8841369539721478,alice,0.7187019781033203,0.1654349758688275,diana,diana,diana,3,1,1,0,0,15.800944340891899,8.359576726974218,4.599386526778446,28.759907594644563
Daylight_Near_20260114_210700_T7,1736905009.64,241,Daylight,Near,4,4,1280,720,23.004555131597968,2,1,chen,2,1,0.7472489980505304,403.9702961109335,153.7239449481314,527.0837435636315,301.23974500506347,18161.178698751817,chen,0.8862611744346479,bob,0.7711285637454747,0.11513261068917324,chen,chen,chen,2,1,1,0,0,15.800944340891899,8.359576726974218,4.599386526778446,28.759907594644563
Daylight_Near_20260114_210700_T7,1736905009.64,241,Daylight,Near,4,4,1280,720,23.004555131597968,2,2,alice,3,1,0.6642455230448268,768.1919620085614,321.60257043198266,857.1279661323736,492.9264202244944,15236.858611654197,alice,0.8670666376307389,diana,0.6953500404334131,0.1717165971973258,alice,alice,alice,1,1,1,0,0,15.800944340891899,8.359576726974218,4.599386526778446,28.759907594644563
Daylight_Near_20260114_210700_T7,1736905009.64,241,Daylight,Near,4,4,1280,720,23.004555131597968,2,3,bob,4,1,0.7783119333692625,1081.1175197573664,293.07617368673374,1172.809047968866,427.5173877396397,12327.120371120287,bob,0.8278300643519573,alice,0.7046103269793282,0.12321973737262903,bob,bob,bob,1,1,1,0,0,15.800944340891899,8.359576726974218,4.599386526778446,28.759907594644563
Daylight_Near_20260114_210700_T7,1736905009.68,242,Daylight,Near,4,4,1280,720,26.309596419678595,0,0,diana,1,1,0.7077665586002034,132.90392193990883,286.65976348251894,235.04408282270796,479.0289422774983,19648.618871011142,diana,0.8747236591094244,bob,0.6986545384523202,0.17606912065710423,diana,diana,diana,3,1,1,0,0,8.589310967710748,4.954660767057726,9.212842980041872,22.756814714810346
Daylight_Near_20260114_210700_T7,1736905009.68,242,Daylight,Near,4,4,1280,720,26.309596419678595,0,1,chen,2,1,0.682607282222135,439.20488436772536,199.44978955942753,520.1577787819035,386.6585156990565,15155.088240594181,chen,0.9505473714392495,bob,0.8363979357005467,0.11414943573870284,chen,chen,chen,1,1,1,0,0,8.589310967710748,4.954660767057726,9.212842980041872,22.756814714810346
Daylight_Near_20260114_210700_T7,1736905009.68,242,Daylight,Near,4,4,1280,720,26.309596419678595,0,2,alice,3,1,0.810248436294344,776.1195135394006,192.63621105316295,870.7364937786318,398.60994003792814,19488.612245152297,alice,0.9148359193638155,bob,0.7750444351859571,0.13979148417785836,alice,alice,alice,2,1,1,0,0,8.589310967710748,4.954660767057726,9.212842980041872,22.756814714810346
Daylight_Near_20260114_210700_T7,1736905009.68,242,Daylight,Near,4,4,1280,720,26.309596419678595,0,3,bob,4,1,0.6629342894694094,1061.5741648077699,192.89767315485315,1174.0296418664836,325.01672273519296,14857.51074910097,bob,0.8717300755147996,chen,0.8074994231988977,0.06423065231590197,bob,bob,bob,2,1,1,0,0,8.589310967710748,4.954660767057726,9.212842980041872,22.756814714810346
Daylight_Near_20260114_210700_T7,1736905009.72,243,Daylight,Near,4,4,1280,720,25.640165553191856,2,0,diana,1,1,0.7676314802790084,80.8173746835161,266.6010368041185,182.55795424355387,455.8838291370322,19257.74099269291,diana,0.863588106215887,chen,0.7945486936430162,0.06903941257287083,diana,diana,diana,3,1,1,0,0,14.916857771031818,5.6054571532834405,7.026121893345122,27.54843681766038
Daylight_Near_20260114_210700_T7,1736905009.72,243,Daylight,Near,4,4,1280,720,25.640165553191856,2,1,chen,2,1,0.7817553076489713,403.59383746356684,238.83441739152207,501.38263638051376,406.764733063814,16421.703871337173,chen,0.845802670803176,alice,0.7362187475375603,0.10958392326561561,chen,chen,chen,1,1,1,0,0,14.916857771031818,5.6054571532834405,7.026121893345122,27.54843681766038
Daylight_Near_20260114_210700_T7,1736905009.72,243,Daylight,Near,4,4,1280,720,25.640165553191856,2,2,alice,-1,0,-1.0,-1.0,-1.0,-1.0,-1.0,0.0,unknown,-1.0,unknown,-1.0,-1.0,unknown,unknown,unknown,0,0,0,0,1,14.916857771031818,5.6054571532834405,7.026121893345122,27.54843681766038
Daylight_Near_20260114_210700_T7,1736905009.72,243,Daylight,Near,4,4,1280,720,25.640165553191856,2,3,bob,4,1,0.8149875491125034,1038.0560034507346,304.2881179277298,1160.019850974804,480.8035271348675,21528.498454188077,bob,0.8788866132200639,alice,0.7106907077967997,0.16819590542326424,bob,bob,bob,1,1,1,0,0,14.916857771031818,5.6054571532834405,7.026121893345122,27.54843681766038
Daylight_Near_20260114_210700_T7,1736905009.76,244,Daylight,Near,4,4,1280,720,27.557390424780397,0,0,diana,1,1,0.7805246332257985,109.12673924295905,221.95283072191734,191.9681175109473,374.7516520532558,12658.064956812163,diana,0.878970713817762,chen,0.8017992742136171,0.07717143960414496,diana,diana,diana,1,1,1,0,0,18.188209736583868,10.450715453227376,6.183544120049648,34.82246930986089
Daylight_Near_20260114_210700_T7,1736905009.76,244,Daylight,Near,4,4,1280,720,27.557390424780397,0,1,chen,2,1,0.6455711519172513,452.39128269678156,182.10794139178546,565.5471280183671,333.74757959615926,17158.91144527531,chen,0.9029157076555832,bob,0.8120889993751513,0.09082670828043182,chen,chen,chen,1,1,1,0,0,18.188209736583868,10.450715453227376,6.183544120049648,34.82246930986089
Daylight_Near_20260114_210700_T7,1736905009.76,244,Daylight,Near,4,4,1280,720,27.557390424780397,0,2,alice,3,1,0.732536859517504,754.8762996703791,280.0034712928691,842.3645911846164,431.68964299498487,13270.764008553355,alice,0.7728278395133007,bob,0.642828259452737,0.12999958006056367,alice,alice,alice,1,1,1,0,0,18.188209736583868,10.450715453227376,6.183544120049648,34.82246930986089
Daylight_Near_20260114_210700_T7,1736905009.76,244,Daylight,Near,4,4,1280,720,27.557390424780397,0,3,bob,4,1,0.7379717006340307,1095.6081510003428,170.63774296768153,1180.3930483868944,373.49799213140113,17199.48540915626,bob,0.8517068652377269,chen,0.7223164720721396,0.12939039316558731,bob,bob,bob,2,1,1,0,0,18.188209736583868,10.450715453227376,6.183544120049648,34.82246930986089
Daylight_Near_20260114_210700_T7,1736905009.8,245,Daylight,Near,4,4,1280,720,23.73526350814374,1,0,diana,1,1,0.8414734683617012,126.72233249576848,302.37787723342205,210.5786299471837,497.53455244341797,16365.11620603865,diana,0.8451950050209371,alice,0.7352596160382716,0.10993538898266553,diana,diana,diana,2,1,1,0,0,11.96879032560153,5.628284234639146,10.184724863692034,27.78179942393271
Daylight_Near_20260114_210700_T7,1736905009.8,245,Daylight,Near,4,4,1280,720,23.73526350814374,1,1,chen,2,1,0.7541238169660722,420.3321461030096,241.5266252203147,512.471196694318,403.15942117367297,14892.6923635611,chen,0.7536532906538351,alice,0.6033232003808833,0.15033009027295186,chen,chen,chen,3,1,1,0,0,11.96879032560153,5.628284234639146,10.184724863692034,27.78179942393271
Daylight_Near_20260114_210700_T7,1736905009.8,245,Daylight,Near,4,4,1280,720,23.73526350814374,1,2,alice,3,1,0.6685251135455219,757.405730305709,212.32350988869894,846.9040377605305,411.48991992039157,17825.05659968948,alice,0.8456436188028532,bob,0.7004892851942994,0.1451543336085538,alice,alice,alice,3,1,1,0,0,11.96879032560153,5.628284234639146,10.184724863692034,27.78179942393271
Daylight_Near_20260114_210700_T7,1736905009.8,245,Daylight,Near,4,4,1280,720,23.73526350814374,1,3,bob,4,1,0.79085415960253,1081.6648867936576,224.45476358185186,1171.5054976741965,432.3333722368628,18675.94119056265,bob,0.8442064116103479,chen,0.6816094303157689,0.162596981294579,bob,bob,bob,3,1,1,0,0,11.96879032560153,5.628284234639146,10.184724863692034,27.78179942393271
Daylight_Near_20260114_210700_T7,1736905009.84,246,Daylight,Near,4,4,1280,720,26.590905924135562,0,0,diana,1,1,0.7807736519581466,97.38749592601579,272.7005473984322,216.40570278486905,436.60601384231694,19507.734710515106,diana,0.8324738710259184,alice,0.7712410492051374,0.06123282182078105,diana,diana,diana,2,1,1,0,0,15.37990833596276,7.361457914510172,6.649458638685271,29.390824889158203
Daylight_Near_20260114_210700_T7,1736905009.84,246,Daylight,Near,4,4,1280,720,26.590905924135562,0,1,chen,2,1,0.7498576839584087,443.25704464916873,251.48465617870832,543.6138446815896,403.03038067110924,15208.643968652228,chen,0.9036272183115083,alice,0.8086681980828473,0.09495902022866098,chen,chen,chen,2,1,1,0,0,15.37990833596276,7.361457914510172,6.649458638685271,29.390824889158203
Daylight_Near_20260114_210700_T7,1736905009.84,246,Daylight,Near,4,4,1280,720,26.590905924135562,0,2,alice,3,1,0.7270374367441417,749.4761167369676,220.1323575785767,846.5910743209539,413.0319909107302,18733.439709018603,alice,0.8585701231152731,chen,0.7176096353376024,0.14096048777767078,alice,alice,alice,2,1,1,0,0,15.37990833596276,7.361457914510172,6.649458638685271,29.390824889158203
Daylight_Near_20260114_210700_T7,1736905009.84,246,Daylight,Near,4,4,1280,720,26.590905924135562,0,3,bob,4,1,0.7265649866680253,1059.039850872468,215.88166754831352,1160.3585415029288,350.941556331024,13684.091088159897,bob,0.8866026920136584,diana,0.7740449319150502,0.11255776009860818,bob,bob,bob,2,1,1,0,0,15.37990833596276,7.361457914510172,6.649458638685271,29.390824889158203
Daylight_Near_20260114_210700_T7,1736905009.88,247,Daylight,Near,4,4,1280,720,26.776446290146115,1,0,diana,1,1,0.906721030605022,122.15700456223654,248.025270975309,216.09221396094978,458.5104036980167,19771.965017623497,diana,0.7549126585888176,alice,0.6017080224446386,0.153204636144179,diana,diana,diana,2,1,1,0,0,15.714522153132988,7.596874586380382,9.499888282589735,32.81128502210311
Daylight_Near_20260114_210700_T7,1736905009.88,247,Daylight,Near,4,4,1280,720,26.776446290146115,1,1,chen,2,1,0.8168916348716667,420.10100245684595,254.57040780288753,524.3754626689584,453.7316178864469,20767.42767665429,chen,0.8085887491462812,bob,0.662565093686696,0.14602365545958518,chen,chen,chen,2,1,1,0,0,15.714522153132988,7.596874586380382,9.499888282589735,32.81128502210311
Daylight_Near_20260114_210700_T7,1736905009.88,247,Daylight,Near,4,4,1280,720,26.776446290146115,1,2,alice,3,1,0.8686678082504469,784.9895013651479,208.5591086687549,873.7886215113773,389.6031803384982,16076.554271964094,alice,0.9255742085715196,bob,0.755982959942278,0.16959124862924158,alice,alice,alice,2,1,1,0,0,15.714522153132988,7.596874586380382,9.499888282589735,32.81128502210311
Daylight_Near_20260114_210700_T7,1736905009.88,247,Daylight,Near,4,4,1280,720,26.776446290146115,1,3,bob,4,1,0.783409140435358,1071.5246216086218,203.04940257646672,1166.5282799505333,393.4123088991714,18085.17251325553,bob,0.7606224217737769,alice,0.6405555623594079,0.12006685941436901,bob,bob,bob,3,1,1,0,0,15.714522153132988,7.596874586380382,9.499888282589735,32.81128502210311
Daylight_Near_20260114_210700_T7,1736905009.92,248,Daylight,Near,4,4,1280,720,24.35073470760671,0,0,diana,1,1,0.7873205607123033,104.97526523431755,192.9246804985359,224.1852800841762,406.1807442410413,25422.25852556647,diana,0.8257791021791627,chen,0.6937411327895189,0.13203796938964385,diana,diana,diana,3,1,1,0,0,12.878632673486356,5.57327639613953,7.664326492396393,26.11623556202228
Daylight_Near_20260114_210700_T7,1736905009.92,248,Daylight,Near,4,4,1280,720,24.35073470760671,0,1,chen,2,1,0.8338861350362754,425.29740685575376,277.0024346653941,537.861485606654,439.5263734655443,18294.357446006597,chen,0.9258716546569933,alice,0.7466897176530665,0.17918193700392682,chen,chen,chen,3,1,1,0,0,12.878632673486356,5.57327639613953,7.664326492396393,26.11623556202228
Daylight_Near_20260114_210700_T7,1736905009.92,248,Daylight,Near,4,4,1280,720,24.35073470760671,0,2,alice,3,1,0.8246458246396715,778.5495646588747,280.2656329682994,858.9290039184352,489.5359279859739,16821.028967203474,alice,0.8548282405362007,diana,0.7521135798945653,0.10271466064163537,alice,alice,alice,2,1,1,0,0,12.878632673486356,5.57327639613953,7.664326492396393,26.11623556202228
Daylight_Near_20260114_210700_T7,1736905009.92,248,Daylight,Near,4,4,1280,720,24.35073470760671,0,3,bob,4,1,0.667087932111962,1092.2660281731255,216.85678730273827,1190.3244769570115,393.56877218364485,17328.10311894321,bob,0.873071851791026,diana,0.7176735144360447,0.15539833735498132,bob,bob,bob,1,1,1,0,0,12.878632673486356,5.57327639613953,7.664326492396393,26.11623556202228
Daylight_Near_20260114_210700_T7,1736905009.96,249,Daylight,Near,4,4,1280,720,25.014812052220737,3,0,diana,1,1,0.7082274955803408,101.32071860262867,151.31116905568268,222.19016505585103,348.36223311406224,23817.453035754796,diana,0.8046707383784915,chen,0.6950614125959985,0.10960932578249294,diana,diana,diana,2,1,1,0,0,13.611167866098976,9.484927037154687,3.5405980434813795,26.636692946735042
Daylight_Near_20260114_210700_T7,1736905009.96,249,Daylight,Near,4,4,1280,720,25.014812052220737,3,1,chen,2,1,0.7794229793916948,425.2796176606721,199.54557167208816,536.958215727045,411.5050342184352,23671.3356240779,chen,0.8366762510392803,alice,0.7488790133123197,0.08779723772696069,chen,chen,chen,1,1,1,0,0,13.611167866098976,9.484927037154687,3.5405980434813795,26.636692946735042
Daylight_Near_20260114_210700_T7,1736905009.96,249,Daylight,Near,4,4,1280,720,25.014812052220737,3,2,alice,3,1,0.7239788808057877,767.0597908190124,274.2032453793347,848.9335795306905,410.3533882935649,11147.128034024461,alice,0.8960971626911434,chen,0.8037344137659346,0.09236274892520879,alice,alice,alice,2,1,1,0,0,13.611167866098976,9.484927037154687,3.5405980434813795,26.636692946735042
Daylight_Near_20260114_210700_T7,1736905009.96,249,Daylight,Near,4,4,1280,720,25.014812052220737,3,3,bob,4,1,0.7858635186925139,1047.8923856432266,266.47601253926393,1150.4737447432508,469.8513287565362,20862.51634496498,bob,0.8598330671164237,chen,0.7686028712228925,0.09123019589353121,bob,bob,bob,2,1,1,0,0,13.611167866098976,9.484927037154687,3.5405980434813795,26.636692946735042
Daylight_Near_20260114_210700_T7,1736905010.0,250,Daylight,Near,4,4,1280,720,21.922601091975213,1,0,diana,1,1,0.8826911636273297,113.7625915507133,273.24598942902054,216.5027139600345,488.02381435849003,22066.300024061453,diana,0.9073796723544999,bob,0.82872845260362,0.07865121975087985,diana,diana,diana,2,1,1,0,0,10.44572869949654,7.589325712863213,9.784665450419846,27.819719862779596
Daylight_Near_20260114_210700_T7,1736905010.0,250,Daylight,Near,4,4,1280,720,21.922601091975213,1,1,chen,2,1,0.8132498425050022,423.78595792410493,181.45054197003304,508.59198086537486,376.3320461221609,16527.125311954544,chen,0.8956904102324501,diana,0.7633840406675904,0.13230636956485975,chen,chen,chen,3,1,1,0,0,10.44572869949654,7.589325712863213,9.784665450419846,27.819719862779596
Daylight_Near_20260114_210700_T7,1736905010.0,250,Daylight,Near,4,4,1280,720,21.922601091975213,1,2,alice,3,1,0.7190537703844929,707.7588230862561,318.32342858032075,818.9576776539657,464.8303364245901,16291.400338539728,alice,0.8304152639337363,diana,0.7282770607544988,0.1021382031792375,alice,alice,alice,2,1,1,0,0,10.44572869949654,7.589325712863213,9.784665450419846,27.819719862779596
Daylight_Near_20260114_210700_T7,1736905010.0,250,Daylight,Near,4,4,1280,720,21.922601091975213,1,3,bob,4,1,0.7180680012231516,1054.8583981415632,195.88315503952236,1176.487298105852,385.1580751162741,23021.300319764006,bob,0.9369491210295846,diana,0.8706862965090655,0.06626282452051913,bob,bob,bob,1,1,1,0,0,10.44572869949654,7.589325712863213,9.784665450419846,27.819719862779596
