trial_id,t_wall,frame_idx,lighting,distance,n_users_roster,n_users_db,cam_w,cam_h,proc_fps,drained,slot_idx,true_id,track_id,detected,det_score,bbox_x1,bbox_y1,bbox_x2,bbox_y2,bbox_area,best_id,best_sim,second_id,second_sim,margin,accepted_id,stable_id,pending_id,pending_count,is_correct_accepted,is_correct_stable,is_wrong_accepted,is_miss,lat_det_ms,lat_emb_ms,lat_match_ms,lat_total_ms
Daylight_Far_20260114_211100_T11,1736909000.04,1,Daylight,Far,4,4,1280,720,23.916541713506916,3,0,diana,1,1,0.792961095912656,136.73253217248555,291.59873624216965,247.16179230278556,469.5053679615734,19646.097713047522,diana,0.9378224533928958,chen,0.8096606471316224,0.12816180626127338,diana,diana,diana,2,1,1,0,0,15.096800487289517,7.721686907620964,9.926786577147862,32.74527397205834
Daylight_Far_20260114_211100_T11,1736909000.04,1,Daylight,Far,4,4,1280,720,23.916541713506916,3,1,chen,-1,0,-1.0,-1.0,-1.0,-1.0,-1.0,0.0,unknown,-1.0,unknown,-1.0,-1.0,unknown,unknown,unknown,0,0,0,0,1,15.096800487289517,7.721686907620964,9.926786577147862,32.74527397205834
Daylight_Far_20260114_211100_T11,1736909000.04,1,Daylight,Far,4,4,1280,720,23.916541713506916,3,2,alice,3,1,0.792911674748416,757.3501963017086,223.62414112700594,871.5883074650669,420.6216399521402,22504.622169689235,alice,0.8524613931888233,diana,0.7626024057205991,0.08985898746822418,alice,alice,alice,2,1,1,0,0,15.096800487289517,7.721686907620964,9.926786577147862,32.74527397205834
Daylight_Far_20260114_211100_T11,1736909000.04,1,Daylight,Far,4,4,1280,720,23.916541713506916,3,3,bob,4,1,0.8581618328739348,1100.0660361724292,290.51414541119897,1204.513352127389,438.57858169797356,15464.932958537758,bob,0.7795459891828902,chen,0.704518711557391,0.07502727762549921,bob,bob,bob,1,1,1,0,0,15.096800487289517,7.721686907620964,9.926786577147862,32.74527397205834
Daylight_Far_20260114_211100_T11,1736909000.08,2,Daylight,Far,4,4,1280,720,27.267969381730655,0,0,diana,1,1,0.6343080059604166,121.33234634764761,270.99184420956107,218.45869078900404,409.8660356131223,13488.342548277145,diana,0.812042211860746,alice,0.6603006735840071,0.15174153827673886,diana,diana,diana,3,1,1,0,0,12.901316700954153,7.8980046591666175,7.928078352783751,28.72739971290452
Daylight_Far_20260114_211100_T11,1736909000.08,2,Daylight,Far,4,4,1280,720,27.267969381730655,0,1,chen,2,1,0.7900084555658788,401.2522166898756,210.3794495762479,517.1574284092512,394.85625272958987,21381.822926801684,chen,0.8224484924005294,alice,0.7260376704693728,0.09641082193115658,chen,chen,chen,2,1,1,0,0,12.901316700954153,7.8980046591666175,7.928078352783751,28.72739971290452
Daylight_Far_20260114_211100_T11,1736909000.08,2,Daylight,Far,4,4,1280,720,27.267969381730655,0,2,alice,3,1,0.8793007379070525,744.8096679647059,332.7491298609423,860.5627289688076,526.1039950898421,22381.417510280706,alice,0.8306166643003821,diana,0.6889710458337734,0.1416456184666086,alice,alice,alice,2,1,1,0,0,12.901316700954153,7.8980046591666175,7.928078352783751,28.72739971290452
Daylight_Far_20260114_211100_T11,1736909000.08,2,Daylight,Far,4,4,1280,720,27.267969381730655,0,3,bob,4,1,0.6756259705703833,1063.6918161465558,262.5086750599524,1174.7518524418058,453.69365584311896,21233.01090488516,bob,0.8305857618675412,alice,0.7196402653205756,0.11094549654696562,bob,bob,bob,1,1,1,0,0,12.901316700954153,7.8980046591666175,7.928078352783751,28.72739971290452
Daylight_Far_20260114_211100_T11,1736909000.12,3,Daylight,Far,4,4,1280,720,26.76032301900523,1,0,diana,1,1,0.8305699753863857,111.14694685819552,155.93269913792727,204.7494184578136,351.64520560084037,18319.17432788489,diana,0.8803425558966855,bob,0.8017334959019866,0.07860905999469892,diana,diana,diana,1,1,1,0,0,18.074002542761175,12.85751941771155,10.251440718608837,41.18296267908156
Daylight_Far_20260114_211100_T11,1736909000.12,3,Daylight,Far,4,4,1280,720,26.76032301900523,1,1,chen,2,1,0.7483845832682925,441.7690615329763,233.52400617124403,523.205384497341,402.1522919219796,13732.467539324081,chen,0.8373867384491435,bob,0.7639595477433322,0.07342719070581127,chen,chen,chen,2,1,1,0,0,18.074002542761175,12.85751941771155,10.251440718608837,41.18296267908156
Daylight_Far_20260114_211100_T11,1736909000.12,3,Daylight,Far,4,4,1280,720,26.76032301900523,1,2,alice,3,1,0.9148477365429103,738.4795459377751,240.7541043293851,853.4809399495621,407.8100556466097,19211.66727944605,alice,0.816961991943767,diana,0.6838947678391376,0.13306722410462934,alice,alice,alice,2,1,1,0,0,18.074002542761175,12.85751941771155,10.251440718608837,41.18296267908156
Daylight_Far_20260114_211100_T11,1736909000.12,3,Daylight,Far,4,4,1280,720,26.76032301900523,1,3,bob,4,1,0.8060068674528286,1040.8441856263285,198.48626748399124,1158.275852891295,391.5775831520234,22675.035133282978,bob,0.8805929923179839,diana,0.7753980482121051,0.10519494410587882,bob,bob,bob,2,1,1,0,0,18.074002542761175,12.85751941771155,10.251440718608837,41.18296267908156
Daylight_Far_20260114_211100_T11,1736909000.16,4,Daylight,Far,4,4,1280,720,28.223113585754398,0,0,diana,1,1,0.7163801760547484,115.24276450119069,184.94949828079368,205.28311741105537,389.25728894436804,18395.94557358299,diana,0.8593837228245076,bob,0.7579820047872041,0.10140171803730347,diana,diana,diana,1,1,1,0,0,25.03651437388953,13.157053095736376,9.569052560170388,47.762620029796295
Daylight_Far_20260114_211100_T11,1736909000.16,4,Daylight,Far,4,4,1280,720,28.223113585754398,0,1,chen,2,1,0.6027161898166926,432.40256642008217,209.35551841494072,513.0394936475672,350.1245701515484,11351.183780766905,alice,0.6568094035004839,diana,0.6242905562271784,0.03251884727330545,unknown,unknown,unknown,0,0,0,0,0,25.03651437388953,13.157053095736376,9.569052560170388,47.762620029796295
Daylight_Far_20260114_211100_T11,1736909000.16,4,Daylight,Far,4,4,1280,720,28.223113585754398,0,2,alice,3,1,0.7898433892099099,748.9442713523118,260.9201295873724,851.0528818099036,473.20253584782773,21675.86152784908,alice,0.8098708311939871,diana,0.6653982009783157,0.14447263021567136,alice,alice,alice,1,1,1,0,0,25.03651437388953,13.157053095736376,9.569052560170388,47.762620029796295
Daylight_Far_20260114_211100_T11,1736909000.16,4,Daylight,Far,4,4,1280,720,28.223113585754398,0,3,bob,4,1,0.6669446753203969,1077.877748009275,166.6026005492821,1174.7495514642387,377.1185399288371,20393.058703713326,bob,0.7870435121755242,diana,0.6849225045222703,0.10212100765325383,bob,bob,bob,2,1,1,0,0,25.03651437388953,13.157053095736376,9.569052560170388,47.762620029796295
Daylight_Far_20260114_211100_T11,1736909000.2,5,Daylight,Far,4,4,1280,720,27.063778708449348,1,0,diana,1,1,0.8922019819941838,119.84167937690596,216.18512877029985,206.66507622479241,413.2191411312353,17107.16224774486,diana,0.8991698367581975,alice,0.7312473587641425,0.16792247799405502,diana,diana,diana,3,1,1,0,0,15.99514040757243,12.83406346312159,11.242164847043432,40.07136871773745
Daylight_Far_20260114_211100_T11,1736909000.2,5,Daylight,Far,4,4,1280,720,27.063778708449348,1,1,chen,2,1,0.8373284171308156,408.9431026656067,354.4335068364621,518.772324638401,487.71976413647945,14638.725938926576,chen,0.8298951927213934,alice,0.7202613939221832,0.1096337987992102,chen,chen,chen,2,1,1,0,0,15.99514040757243,12.83406346312159,11.242164847043432,40.07136871773745
Daylight_Far_20260114_211100_T11,1736909000.2,5,Daylight,Far,4,4,1280,720,27.063778708449348,1,2,alice,3,1,0.805963268862405,763.8842957251223,197.91519839278146,868.3485377341568,355.00095570611813,16409.84456815286,alice,0.903227262286453,diana,0.744668011514287,0.15855925077216604,alice,alice,alice,2,1,1,0,0,15.99514040757243,12.83406346312159,11.242164847043432,40.07136871773745
Daylight_Far_20260114_211100_T11,1736909000.2,5,Daylight,Far,4,4,1280,720,27.063778708449348,1,3,bob,4,1,0.6933938202725138,1040.7317598134966,250.6883813798882,1130.088121256242,454.4436216840281,18206.82689847015,bob,0.8737535528551079,alice,0.7174828956730576,0.15627065718205035,bob,bob,bob,2,1,1,0,0,15.99514040757243,12.83406346312159,11.242164847043432,40.07136871773745
Daylight_Far_20260114_211100_T11,1736909000.24,6,Daylight,Far,4,4,1280,720,27.512362223190287,0,0,diana,1,1,0.8411222892612898,118.46290873851558,183.63116162443154,229.91923937538974,399.1318176247371,24018.912367633333,alice,0.7271053895028459,diana,0.6805335521091401,0.04657183739370574,alice,alice,alice,1,0,0,1,0,14.870389793783751,9.293216420070229,12.7718529689166,36.93545918277058
Daylight_Far_20260114_211100_T11,1736909000.24,6,Daylight,Far,4,4,1280,720,27.512362223190287,0,1,chen,2,1,0.847304602358284,426.67319725125367,255.32825318567438,512.7099543383928,424.59943416010447,14563.543479350205,bob,0.6006773937721889,chen,0.5798126772811117,0.02086471649107713,unknown,unknown,unknown,0,0,0,0,0,14.870389793783751,9.293216420070229,12.7718529689166,36.93545918277058
Daylight_Far_20260114_211100_T11,1736909000.24,6,Daylight,Far,4,4,1280,720,27.512362223190287,0,2,alice,3,1,0.683223451605779,750.9385206311943,204.1970293527163,842.0346225457811,350.1667674057046,13297.274134120566,alice,0.8467652191210014,diana,0.7630101528668871,0.08375506625411433,alice,alice,alice,2,1,1,0,0,14.870389793783751,9.293216420070229,12.7718529689166,36.93545918277058
Daylight_Far_20260114_211100_T11,1736909000.24,6,Daylight,Far,4,4,1280,720,27.512362223190287,0,3,bob,4,1,0.8398248958929737,1056.7705829818233,189.87190687608143,1165.5067146843298,376.403014522003,20282.671087601353,bob,0.8883068714476183,alice,0.7564962172638766,0.13181065418374172,bob,bob,bob,2,1,1,0,0,14.870389793783751,9.293216420070229,12.7718529689166,36.93545918277058
Daylight_Far_20260114_211100_T11,1736909000.28,7,Daylight,Far,4,4,1280,720,24.38685997528417,0,0,diana,1,1,0.7971151659733295,94.70795762144715,268.403274946616,219.02579068534462,468.33178167363843,24854.678724004272,diana,0.8748827906819717,chen,0.7756744379376505,0.09920835274432127,diana,diana,diana,2,1,1,0,0,10.630692247943504,5.619781812997489,5.04411003731058,21.294584098251573
Daylight_Far_20260114_211100_T11,1736909000.28,7,Daylight,Far,4,4,1280,720,24.38685997528417,0,1,chen,2,1,0.7114463058477172,417.46628548802414,193.92271470293224,543.9431587243033,357.2053978376256,20651.48321650615,chen,0.7709587163752567,diana,0.5994006398685419,0.17155807650671484,chen,chen,chen,2,1,1,0,0,10.630692247943504,5.619781812997489,5.04411003731058,21.294584098251573
Daylight_Far_20260114_211100_T11,1736909000.28,7,Daylight,Far,4,4,1280,720,24.38685997528417,0,2,alice,3,1,0.6636671555362823,762.5352833756859,199.9494558671276,845.7138190259594,404.53268216620046,17016.9331821654,alice,0.9790970646325854,bob,0.8917761250147864,0.08732093961779896,alice,alice,alice,3,1,1,0,0,10.630692247943504,5.619781812997489,5.04411003731058,21.294584098251573
Daylight_Far_20260114_211100_T11,1736909000.28,7,Daylight,Far,4,4,1280,720,24.38685997528417,0,3,bob,4,1,0.7969567319471416,1066.485424213063,230.42045035851459,1146.7073301896587,392.00721691168053,12962.798393490202,bob,0.9146728471703965,diana,0.8274063298328616,0.08726651733753499,bob,bob,bob,1,1,1,0,0,10.630692247943504,5.619781812997489,5.04411003731058,21.294584098251573
Daylight_Far_20260114_211100_T11,1736909000.32,8,Daylight,Far,4,4,1280,720,25.956160513543523,1,0,diana,1,1,0.7099747821965902,93.06051239999717,253.0389163900324,205.0368966734257,429.9184305141203,19806.3284436562,diana,0.8497914099127097,bob,0.7356713266245429,0.11412008328816681,diana,diana,diana,2,1,1,0,0,18.128475871813365,11.979605306851623,14.184187204870492,44.29226838353548
Daylight_Far_20260114_211100_T11,1736909000.32,8,Daylight,Far,4,4,1280,720,25.956160513543523,1,1,chen,2,1,0.9481060238852759,416.3125770994897,334.33492972068746,520.5478067659836,465.536790976883,13675.856140711016,chen,0.8214943579195036,bob,0.7245827037408135,0.09691165417869019,chen,chen,chen,2,1,1,0,0,18.128475871813365,11.979605306851623,14.184187204870492,44.29226838353548
Daylight_Far_20260114_211100_T11,1736909000.32,8,Daylight,Far,4,4,1280,720,25.956160513543523,1,2,alice,3,1,0.8054328705821958,770.5052384174102,309.62929492667075,877.3484243862866,489.399488461511,19207.22021950385,alice,0.8890354763538075,chen,0.7821980887638313,0.10683738758997618,alice,alice,alice,3,1,1,0,0,18.128475871813365,11.979605306851623,14.184187204870492,44.29226838353548
Daylight_Far_20260114_211100_T11,1736909000.32,8,Daylight,Far,4,4,1280,720,25.956160513543523,1,3,bob,4,1,0.6868232811694674,1077.9360164043803,217.88571982430636,1185.1934578146577,380.3865871874395,17429.427260320503,bob,0.8002332499957998,chen,0.6795656304037991,0.12066761959200067,bob,bob,bob,2,1,1,0,0,18.128475871813365,11.979605306851623,14.184187204870492,44.29226838353548
Daylight_Far_20260114_211100_T11,1736909000.36,9,Daylight,Far,4,4,1280,720,25.35226912289565,2,0,diana,1,1,0.8050793720031599,128.78789360443673,186.39747788440775,230.26691643572005,350.69124519732986,16672.37096418557,diana,0.8322873241188695,chen,0.7602461552222808,0.07204116889658874,diana,diana,diana,1,1,1,0,0,16.029975017895538,6.629389624339372,8.015720383465737,30.675085025700646
Daylight_Far_20260114_211100_T11,1736909000.36,9,Daylight,Far,4,4,1280,720,25.35226912289565,2,1,chen,2,1,0.7487579385890365,417.86905917099546,218.699996131286,545.1743402317893,404.9660401874359,23712.65109065037,chen,0.8865211019393182,alice,0.767513099833688,0.11900800210563023,chen,chen,chen,1,1,1,0,0,16.029975017895538,6.629389624339372,8.015720383465737,30.675085025700646
Daylight_Far_20260114_211100_T11,1736909000.36,9,Daylight,Far,4,4,1280,720,25.35226912289565,2,2,alice,3,1,0.7570070765205198,760.0979437657894,261.0549667304333,874.2170947832957,436.30077857535434,19998.903267116035,alice,0.8625048286255772,bob,0.7875072402959075,0.07499758832966974,alice,alice,alice,1,1,1,0,0,16.029975017895538,6.629389624339372,8.015720383465737,30.675085025700646
Daylight_Far_20260114_211100_T11,1736909000.36,9,Daylight,Far,4,4,1280,720,25.35226912289565,2,3,bob,4,1,0.6924559191887626,1065.3207212154082,182.10455294155375,1157.4363126390838,328.0484753074552,13443.710723426007,bob,0.8392668111208401,alice,0.6679211789774755,0.17134563214336462,bob,bob,bob,2,1,1,0,0,16.029975017895538,6.629389624339372,8.015720383465737,30.675085025700646
Daylight_Far_20260114_211100_T11,1736909000.4,10,Daylight,Far,4,4,1280,720,24.396135734059662,0,0,diana,1,1,0.7873754916188705,108.64898500884674,228.61032008275134,199.8158521346303,399.35944383470706,15566.66267693852,diana,0.9321197953873059,alice,0.7887417736310194,0.14337802175628656,diana,diana,diana,3,1,1,0,0,15.860142094956005,16.036732011951443,9.904475117331167,41.80134922423861
Daylight_Far_20260114_211100_T11,1736909000.4,10,Daylight,Far,4,4,1280,720,24.396135734059662,0,1,chen,2,1,0.7022480266060496,411.2682234305462,250.8693055035002,514.1527302347548,393.35158115052946,14659.218658285912,chen,0.8650799647858033,bob,0.8017259048756706,0.06335405991013265,chen,chen,chen,3,1,1,0,0,15.860142094956005,16.036732011951443,9.904475117331167,41.80134922423861
Daylight_Far_20260114_211100_T11,1736909000.4,10,Daylight,Far,4,4,1280,720,24.396135734059662,0,2,alice,-1,0,-1.0,-1.0,-1.0,-1.0,-1.0,0.0,unknown,-1.0,unknown,-1.0,-1.0,unknown,unknown,unknown,0,0,0,0,1,15.860142094956005,16.036732011951443,9.904475117331167,41.80134922423861
Daylight_Far_20260114_211100_T11,1736909000.4,10,Daylight,Far,4,4,1280,720,24.396135734059662,0,3,bob,4,1,0.7837685450171871,1087.1058383993193,176.1575182670225,1181.809909228353,360.2908232122471,17438.173553516623,bob,0.8671460866371917,diana,0.7962537344164473,0.07089235222074441,bob,bob,bob,1,1,1,0,0,15.860142094956005,16.036732011951443,9.904475117331167,41.80134922423861
Daylight_Far_20260114_211100_T11,1736909000.44,11,Daylight,Far,4,4,1280,720,23.587463717000826,0,0,diana,1,1,0.6810543875896605,119.87401130101331,262.41948663107655,207.39776494882597,451.4177055188519,16541.833549809024,alice,0.7839854267324954,diana,0.7392200204785027,0.04476540625399272,alice,alice,alice,1,0,0,1,0,21.423388774025103,17.85200178186896,6.731262341830124,46.00665289772419
Daylight_Far_20260114_211100_T11,1736909000.44,11,Daylight,Far,4,4,1280,720,23.587463717000826,0,1,chen,2,1,0.8277798022978589,451.82348454317207,203.61270149883137,567.7383626151093,399.6981020200294,22729.215293101643,chen,0.8400024567271807,diana,0.7009357692385135,0.13906668748866713,chen,chen,chen,3,1,1,0,0,21.423388774025103,17.85200178186896,6.731262341830124,46.00665289772419
Daylight_Far_20260114_211100_T11,1736909000.44,11,Daylight,Far,4,4,1280,720,23.587463717000826,0,2,alice,3,1,0.8525425343990565,756.8993517018455,248.13707653103071,847.0859165929635,430.80422918514137,16474.12301631571,alice,0.7608385541622504,diana,0.6119437103829438,0.14889484377930662,alice,alice,alice,2,1,1,0,0,21.423388774025103,17.85200178186896,6.731262341830124,46.00665289772419
Daylight_Far_20260114_211100_T11,1736909000.44,11,Daylight,Far,4,4,1280,720,23.587463717000826,0,3,bob,4,1,0.6971979834662336,1086.987611034522,172.66245999604695,1174.4268035382545,375.1804976859267,17708.013683043562,bob,0.8718019706047271,diana,0.8067000323373268,0.0651019382674003,bob,bob,bob,2,1,1,0,0,21.423388774025103,17.85200178186896,6.731262341830124,46.00665289772419
Daylight_Far_20260114_211100_T11,1736909000.48,12,Daylight,Far,4,4,1280,720,25.88215699443208,0,0,diana,1,1,0.5686926358750333,101.43070764357908,285.3969698746332,229.08936659762134,436.06119129074614,19233.59245833587,diana,0.8258655504596814,alice,0.6992129117845126,0.12665263867516874,diana,diana,diana,1,1,1,0,0,12.963897813989158,11.464230478380022,7.468615878158653,31.896744170527835
Daylight_Far_20260114_211100_T11,1736909000.48,12,Daylight,Far,4,4,1280,720,25.88215699443208,0,1,chen,2,1,0.7188444443354837,398.4897933307824,215.78047660895544,519.085641281762,387.5990846091899,20720.61072554525,chen,0.8245525125133278,alice,0.6730501143944991,0.1515023981188287,chen,chen,chen,2,1,1,0,0,12.963897813989158,11.464230478380022,7.468615878158653,31.896744170527835
Daylight_Far_20260114_211100_T11,1736909000.48,12,Daylight,Far,4,4,1280,720,25.88215699443208,0,2,alice,-1,0,-1.0,-1.0,-1.0,-1.0,-1.0,0.0,unknown,-1.0,unknown,-1.0,-1.0,unknown,unknown,unknown,0,0,0,0,1,12.963897813989158,11.464230478380022,7.468615878158653,31.896744170527835
Daylight_Far_20260114_211100_T11,1736909000.48,12,Daylight,Far,4,4,1280,720,25.88215699443208,0,3,bob,4,1,0.7882231836828438,1064.9486016605056,228.75676055764393,1158.1862781720492,365.02714710322664,12705.534218840054,bob,0.8909869548870879,alice,0.793841300629634,0.09714565425745392,bob,bob,bob,3,1,1,0,0,12.963897813989158,11.464230478380022,7.468615878158653,31.896744170527835
Daylight_Far_20260114_211100_T11,1736909000.52,13,Daylight,Far,4,4,1280,720,24.55557951808317,2,0,diana,-1,0,-1.0,-1.0,-1.0,-1.0,-1.0,0.0,unknown,-1.0,unknown,-1.0,-1.0,unknown,unknown,unknown,0,0,0,0,1,10.126874510052751,9.221078662322244,5.537944647570859,24.885897819945853
Daylight_Far_20260114_211100_T11,1736909000.52,13,Daylight,Far,4,4,1280,720,24.55557951808317,2,1,chen,2,1,0.7756790567874028,426.85110904670626,178.08002512119813,553.2509185528537,384.7175079574174,26118.93846732793,diana,0.8390745206642695,chen,0.7961513985259879,0.04292312213828153,diana,diana,diana,2,0,0,1,0,10.126874510052751,9.221078662322244,5.537944647570859,24.885897819945853
Daylight_Far_20260114_211100_T11,1736909000.52,13,Daylight,Far,4,4,1280,720,24.55557951808317,2,2,alice,3,1,0.8586766216876613,735.8147051972445,234.2931390896043,840.8270129620229,385.34246171528014,15862.037955228772,chen,0.727058984784518,alice,0.6762990128776132,0.050759971906904844,chen,chen,chen,1,0,0,1,0,10.126874510052751,9.221078662322244,5.537944647570859,24.885897819945853
Daylight_Far_20260114_211100_T11,1736909000.52,13,Daylight,Far,4,4,1280,720,24.55557951808317,2,3,bob,4,1,0.914940052526686,1053.2161965794523,241.50090826026454,1171.0824625298844,448.0029367848623,24339.623013383953,bob,0.9685478986744921,chen,0.7986447514207304,0.16990314725376165,bob,bob,bob,2,1,1,0,0,10.126874510052751,9.221078662322244,5.537944647570859,24.885897819945853
Daylight_Far_20260114_211100_T11,1736909000.56,14,Daylight,Far,4,4,1280,720,26.183656518719808,2,0,diana,1,1,0.751124678419142,108.72135101020429,192.88458053974483,212.01445670380764,359.27622357249396,17187.109570314075,chen,0.7714253691608756,diana,0.6740424613022489,0.09738290785862669,chen,chen,chen,1,0,0,1,0,19.25026182072747,11.93651370816623,4.9487574365529365,36.135532965446636
Daylight_Far_20260114_211100_T11,1736909000.56,14,Daylight,Far,4,4,1280,720,26.183656518719808,2,1,chen,2,1,0.7881188344049993,454.6425508300976,263.29218747319686,534.9892312013662,408.3564523737203,11655.432125255398,chen,0.6743736014719964,diana,0.641233396790079,0.03314020468191747,unknown,unknown,unknown,0,0,0,0,0,19.25026182072747,11.93651370816623,4.9487574365529365,36.135532965446636
Daylight_Far_20260114_211100_T11,1736909000.56,14,Daylight,Far,4,4,1280,720,26.183656518719808,2,2,alice,3,1,0.907603238227523,776.8374249919771,246.0592152394097,860.2713542674205,378.9142247769961,11084.61546964735,alice,0.8746354823994335,chen,0.767393654067419,0.10724182833201445,alice,alice,alice,2,1,1,0,0,19.25026182072747,11.93651370816623,4.9487574365529365,36.135532965446636
Daylight_Far_20260114_211100_T11,1736909000.56,14,Daylight,Far,4,4,1280,720,26.183656518719808,2,3,bob,4,1,0.7923053858803598,1054.1424432133817,251.12362951231643,1157.5201603030787,425.0647714259953,17981.63815901112,bob,0.9702548495426131,alice,0.8078544900673567,0.16240035947525644,bob,bob,bob,2,1,1,0,0,19.25026182072747,11.93651370816623,4.9487574365529365,36.135532965446636
Daylight_Far_20260114_211100_T11,1736909000.6,15,Daylight,Far,4,4,1280,720,25.32818320612494,2,0,diana,-1,0,-1.0,-1.0,-1.0,-1.0,-1.0,0.0,unknown,-1.0,unknown,-1.0,-1.0,unknown,unknown,unknown,0,0,0,0,1,12.117865182670398,6.126123155601522,7.540085837260427,25.784074175532346
Daylight_Far_20260114_211100_T11,1736909000.6,15,Daylight,Far,4,4,1280,720,25.32818320612494,2,1,chen,2,1,0.7572230821520747,448.1014800301177,178.11930311604206,544.4870220950288,349.57770428450533,16526.110938205315,chen,0.8641012061200206,diana,0.6891898730155084,0.17491133310451223,chen,chen,chen,1,1,1,0,0,12.117865182670398,6.126123155601522,7.540085837260427,25.784074175532346
Daylight_Far_20260114_211100_T11,1736909000.6,15,Daylight,Far,4,4,1280,720,25.32818320612494,2,2,alice,3,1,0.8243958270920017,745.8496541562695,226.39231555538095,855.8988479219181,437.11527690809726,23189.892004776364,alice,0.8622243195001098,diana,0.7193185807753929,0.1429057387247169,alice,alice,alice,2,1,1,0,0,12.117865182670398,6.126123155601522,7.540085837260427,25.784074175532346
Daylight_Far_20260114_211100_T11,1736909000.6,15,Daylight,Far,4,4,1280,720,25.32818320612494,2,3,bob,4,1,0.8565831342724407,1087.0561343212235,234.5153003832541,1213.1464875416423,441.33752285871634,26078.287085763077,bob,0.7931732776477185,chen,0.6499249497891859,0.1432483278585326,bob,bob,bob,1,1,1,0,0,12.117865182670398,6.126123155601522,7.540085837260427,25.784074175532346
Daylight_Far_20260114_211100_T11,1736909000.64,16,Daylight,Far,4,4,1280,720,24.400036045019952,1,0,diana,1,1,0.841322130397418,95.40135687357774,168.36106409540747,210.31687274864294,371.9162609077817,23391.65045074441,diana,0.8007378182184497,alice,0.7405734870414757,0.06016433117697395,diana,diana,diana,2,1,1,0,0,13.287101921096736,5.912798920898347,6.768352956032062,25.968253798027146
Daylight_Far_20260114_211100_T11,1736909000.64,16,Daylight,Far,4,4,1280,720,24.400036045019952,1,1,chen,2,1,0.8219067117339092,428.0681348202266,243.97960697663353,539.3758686328904,439.66865384157103,21781.704338496354,chen,0.8232141776633837,alice,0.7121979270586659,0.11101625060471776,chen,chen,chen,2,1,1,0,0,13.287101921096736,5.912798920898347,6.768352956032062,25.968253798027146
Daylight_Far_20260114_211100_T11,1736909000.64,16,Daylight,Far,4,4,1280,720,24.400036045019952,1,2,alice,3,1,0.7716161834978332,754.547446443978,219.46187103629526,843.0570151467213,390.7442493213307,15160.129428388613,alice,0.8226337340913233,bob,0.7094449433291014,0.11318879076222199,alice,alice,alice,2,1,1,0,0,13.287101921096736,5.912798920898347,6.768352956032062,25.968253798027146
Daylight_Far_20260114_211100_T11,1736909000.64,16,Daylight,Far,4,4,1280,720,24.400036045019952,1,3,bob,4,1,0.8103584365128274,1077.4361411418945,237.71327897899107,1177.3062359675373,436.06344932615866,19809.250321254032,chen,0.8621072025757217,bob,0.8101257882167259,0.05198141435899584,chen,chen,chen,1,0,0,1,0,13.287101921096736,5.912798920898347,6.768352956032062,25.968253798027146
Daylight_Far_20260114_211100_T11,1736909000.68,17,Daylight,Far,4,4,1280,720,23.815945876163497,0,0,diana,1,1,0.6432864222554964,111.10177654091731,230.7723208927193,213.52453108492605,438.47780052863527,21273.767358195026,diana,0.9142226052012599,chen,0.7747848359019667,0.1394377692992932,diana,diana,diana,1,1,1,0,0,14.694466775771126,10.78952315770691,7.33868084704406,32.822670780522095
Daylight_Far_20260114_211100_T11,1736909000.68,17,Daylight,Far,4,4,1280,720,23.815945876163497,0,1,chen,2,1,0.6834767091314542,425.1041320518408,206.73540338188917,524.4782014119111,418.24650493777887,21018.718876439852,chen,0.8395954307333398,bob,0.6957456350638525,0.1438497956694873,chen,chen,chen,2,1,1,0,0,14.694466775771126,10.78952315770691,7.33868084704406,32.822670780522095
Daylight_Far_20260114_211100_T11,1736909000.68,17,Daylight,Far,4,4,1280,720,23.815945876163497,0,2,alice,3,1,0.7789353492036073,774.0746900641907,155.5187726537082,868.0648499035558,360.24387377363007,19242.144977391643,alice,0.7094275832462943,bob,0.6888850817398693,0.020542501506425004,unknown,unknown,unknown,0,0,0,0,0,14.694466775771126,10.78952315770691,7.33868084704406,32.822670780522095
Daylight_Far_20260114_211100_T11,1736909000.68,17,Daylight,Far,4,4,1280,720,23.815945876163497,0,3,bob,4,1,0.6946224255557703,1085.4939553367926,153.10852771451053,1175.7147738969725,295.65612903420697,12860.761274853186,bob,0.8180832892440657,diana,0.674409911178029,0.14367337806603675,bob,bob,bob,2,1,1,0,0,14.694466775771126,10.78952315770691,7.33868084704406,32.822670780522095
Daylight_Far_20260114_211100_T11,1736909000.72,18,Daylight,Far,4,4,1280,720,20.677277291825668,1,0,diana,1,1,0.693931137334974,90.86125404835683,320.29887633622593,218.58505994184452,493.4521010658541,22115.78886519848,diana,0.8696086892833447,bob,0.8072353319744039,0.06237335730894078,diana,diana,diana,1,1,1,0,0,20.303817075853292,12.24594117894846,7.418266882492226,39.96802513729398
Daylight_Far_20260114_211100_T11,1736909000.72,18,Daylight,Far,4,4,1280,720,20.677277291825668,1,1,chen,-1,0,-1.0,-1.0,-1.0,-1.0,-1.0,0.0,unknown,-1.0,unknown,-1.0,-1.0,unknown,unknown,unknown,0,0,0,0,1,20.303817075853292,12.24594117894846,7.418266882492226,39.96802513729398
Daylight_Far_20260114_211100_T11,1736909000.72,18,Daylight,Far,4,4,1280,720,20.677277291825668,1,2,alice,3,1,0.7437905698491795,747.2237965282716,353.0331265074653,857.1748430608818,498.0983208106907,15950.069929096086,alice,0.8481974851095692,chen,0.7451365117756352,0.10306097333393394,alice,alice,alice,2,1,1,0,0,20.303817075853292,12.24594117894846,7.418266882492226,39.96802513729398
Daylight_Far_20260114_211100_T11,1736909000.72,18,Daylight,Far,4,4,1280,720,20.677277291825668,1,3,bob,4,1,0.8335360656279674,1040.0649551725685,211.31924501484173,1137.0469824760892,390.54344435807684,17381.52619415726,bob,0.8524347840903351,diana,0.7201506456105259,0.13228413847980924,bob,bob,bob,1,1,1,0,0,20.303817075853292,12.24594117894846,7.418266882492226,39.96802513729398
Daylight_Far_20260114_211100_T11,1736909000.76,19,Daylight,Far,4,4,1280,720,21.960645524043425,1,0,diana,1,1,0.7145517594307278,113.42665747996679,204.1049020211623,228.62964436976702,371.82400698278593,19321.741850062954,diana,0.858864176924326,alice,0.6854118771477933,0.17345229977653276,diana,diana,diana,2,1,1,0,0,21.383477308238415,14.981619251308423,2.743093223379635,39.10818978292647
Daylight_Far_20260114_211100_T11,1736909000.76,19,Daylight,Far,4,4,1280,720,21.960645524043425,1,1,chen,2,1,0.7524190617574096,417.7618954624445,252.8263395407641,537.2860062915381,423.84309800079257,20440.625991808774,chen,0.9082703551912529,bob,0.8098546969630671,0.09841565822818577,chen,chen,chen,3,1,1,0,0,21.383477308238415,14.981619251308423,2.743093223379635,39.10818978292647
Daylight_Far_20260114_211100_T11,1736909000.76,19,Daylight,Far,4,4,1280,720,21.960645524043425,1,2,alice,3,1,0.828631572121181,742.8465076349759,269.2231806516971,847.248002027918,435.819444598699,17392.898916348033,alice,0.90829138181845,diana,0.7867070157491945,0.12158436606925549,alice,alice,alice,3,1,1,0,0,21.383477308238415,14.981619251308423,2.743093223379635,39.10818978292647
Daylight_Far_20260114_211100_T11,1736909000.76,19,Daylight,Far,4,4,1280,720,21.960645524043425,1,3,bob,4,1,0.8053816076035164,1063.3796137827812,157.9788564686702,1185.832468483828,332.25332635485313,21340.406339074718,bob,0.8601749560050967,chen,0.6892469936947653,0.17092796231033147,bob,bob,bob,2,1,1,0,0,21.383477308238415,14.981619251308423,2.743093223379635,39.10818978292647
Daylight_Far_20260114_211100_T11,1736909000.8,20,Daylight,Far,4,4,1280,720,25.247610379176816,0,0,diana,1,1,0.8252100848965959,101.54137956414273,296.85984574267906,189.5408339665193,435.9997523891947,12244.23587049099,diana,0.8377697935389178,bob,0.6908448657915947,0.14692492774732313,diana,diana,diana,1,1,1,0,0,11.94527438297204,6.848904632075949,9.533441178658578,28.32762019370657
Daylight_Far_20260114_211100_T11,1736909000.8,20,Daylight,Far,4,4,1280,720,25.247610379176816,0,1,chen,2,1,0.8561060846176066,415.6068320274962,254.25433151059354,512.3098490778573,385.67877684378806,12709.140377890159,chen,0.8374263928844589,bob,0.7366819505949571,0.10074444228950175,chen,chen,chen,2,1,1,0,0,11.94527438297204,6.848904632075949,9.533441178658578,28.32762019370657
Daylight_Far_20260114_211100_T11,1736909000.8,20,Daylight,Far,4,4,1280,720,25.247610379176816,0,2,alice,3,1,0.7396069591142157,749.3478447385021,228.99014766323324,873.4303851916877,370.55722782140487,17566.002950565704,alice,0.8902177491984464,diana,0.7871338522787401,0.10308389691970632,alice,alice,alice,3,1,1,0,0,11.94527438297204,6.848904632075949,9.533441178658578,28.32762019370657
Daylight_Far_20260114_211100_T11,1736909000.8,20,Daylight,Far,4,4,1280,720,25.247610379176816,0,3,bob,4,1,0.8884658388269129,1079.0465580028406,277.2783665543461,1177.7786559748058,479.59584218942825,19975.228825843617,bob,0.8151665946766957,diana,0.6685417992884222,0.14662479538827355,bob,bob,bob,2,1,1,0,0,11.94527438297204,6.848904632075949,9.533441178658578,28.32762019370657
Daylight_Far_20260114_211100_T11,1736909000.84,21,Daylight,Far,4,4,1280,720,25.122952534550087,1,0,diana,1,1,0.713677341544974,110.24038840964135,246.49349231478809,228.15329210379952,454.445253721581,24520.19601578973,diana,0.7423559320494233,chen,0.6283318235679782,0.11402410848144506,diana,diana,diana,2,1,1,0,0,16.83412805823946,9.716410431109345,15.682222719350658,42.232761208699465
Daylight_Far_20260114_211100_T11,1736909000.84,21,Daylight,Far,4,4,1280,720,25.122952534550087,1,1,chen,2,1,0.7948311090445507,426.2103820615272,224.15367905051232,520.2816792386583,371.6111988860263,13871.520169449337,chen,0.8151278103724251,alice,0.7226472022723119,0.09248060810011316,chen,chen,chen,3,1,1,0,0,16.83412805823946,9.716410431109345,15.682222719350658,42.232761208699465
Daylight_Far_20260114_211100_T11,1736909000.84,21,Daylight,Far,4,4,1280,720,25.122952534550087,1,2,alice,3,1,0.8502538085023874,738.9983332720367,193.5100562117111,865.5294960978008,401.2219223336791,26282.023953122054,alice,0.8320412813432729,diana,0.6905368376404097,0.1415044437028632,alice,alice,alice,2,1,1,0,0,16.83412805823946,9.716410431109345,15.682222719350658,42.232761208699465
Daylight_Far_20260114_211100_T11,1736909000.84,21,Daylight,Far,4,4,1280,720,25.122952534550087,1,3,bob,4,1,0.70964934751045,1091.1529878169722,192.847648054719,1176.1507063311456,400.88818960519063,17682.971390243176,bob,0.8093860547874563,alice,0.6728345928600755,0.13655146192738077,bob,bob,bob,2,1,1,0,0,16.83412805823946,9.716410431109345,15.682222719350658,42.232761208699465
Daylight_Far_20260114_211100_T11,1736909000.88,22,Daylight,Far,4,4,1280,720,24.159788425824416,0,0,diana,1,1,0.728539584071456,120.22070899816332,244.36576174837717,204.99858583678042,450.2181524012783,17451.72862170655,alice,0.8084940906480798,diana,0.7659666670717111,0.04252742357636863,alice,alice,alice,1,0,0,1,0,13.876723969379633,13.001809009517489,10.048672674368254,36.927205653265375
Daylight_Far_20260114_211100_T11,1736909000.88,22,Daylight,Far,4,4,1280,720,24.159788425824416,0,1,chen,2,1,0.8360968585266638,392.79798852529336,208.86570086210634,499.1244183142485,416.5934187938967,22086.946615894383,chen,0.8363431139607088,diana,0.7368178357499648,0.09952527821074397,chen,chen,chen,2,1,1,0,0,13.876723969379633,13.001809009517489,10.048672674368254,36.927205653265375
Daylight_Far_20260114_211100_T11,1736909000.88,22,Daylight,Far,4,4,1280,720,24.159788425824416,0,2,alice,3,1,0.7363070546634367,726.976562824532,178.00569109026418,807.3387776206055,363.6939784036327,14922.322030191917,alice,0.753872734542791,chen,0.7100560885717624,0.043816645971028634,unknown,unknown,unknown,0,0,0,0,0,13.876723969379633,13.001809009517489,10.048672674368254,36.927205653265375
Daylight_Far_20260114_211100_T11,1736909000.88,22,Daylight,Far,4,4,1280,720,24.159788425824416,0,3,bob,4,1,0.767397567881893,1065.7434925438345,263.54127380888923,1164.912940717327,433.31127934373234,16835.997765301174,bob,0.912625772914663,diana,0.7358456206654529,0.17678015224921007,bob,bob,bob,2,1,1,0,0,13.876723969379633,13.001809009517489,10.048672674368254,36.927205653265375
Daylight_Far_20260114_211100_T11,1736909000.92,23,Daylight,Far,4,4,1280,720,24.789011408174986,2,0,diana,1,1,0.6960272669154972,89.12238287872896,260.3340131402065,173.2825005903568,402.9369961965856,12001.483840054136,diana,0.8972246687065555,bob,0.8312778155790667,0.06594685312748882,diana,diana,diana,3,1,1,0,0,18.288912681843456,14.960704555646974,6.875279309915687,40.12489654740612
Daylight_Far_20260114_211100_T11,1736909000.92,23,Daylight,Far,4,4,1280,720,24.789011408174986,2,1,chen,-1,0,-1.0,-1.0,-1.0,-1.0,-1.0,0.0,unknown,-1.0,unknown,-1.0,-1.0,unknown,unknown,unknown,0,0,0,0,1,18.288912681843456,14.960704555646974,6.875279309915687,40.12489654740612
Daylight_Far_20260114_211100_T11,1736909000.92,23,Daylight,Far,4,4,1280,720,24.789011408174986,2,2,alice,3,1,0.8235167719903094,748.980552367101,218.78159709927962,847.5572361352912,433.09154196575327,21125.963663480637,alice,0.8864969147021956,diana,0.7660723454272595,0.12042456927493606,alice,alice,alice,2,1,1,0,0,18.288912681843456,14.960704555646974,6.875279309915687,40.12489654740612
Daylight_Far_20260114_211100_T11,1736909000.92,23,Daylight,Far,4,4,1280,720,24.789011408174986,2,3,bob,4,1,0.6150409982756515,1052.7721451435375,205.33086970530326,1178.1829003094133,362.2915339461101,19684.555433777066,bob,0.58108911299379,alice,0.5129342311105235,0.06815488188326646,unknown,unknown,unknown,0,0,0,0,0,18.288912681843456,14.960704555646974,6.875279309915687,40.12489654740612
Daylight_Far_20260114_211100_T11,1736909000.96,24,Daylight,Far,4,4,1280,720,26.40193989616808,2,0,diana,1,1,0.6219735870247072,106.35802824203832,147.74957620964312,225.616062503018,309.9821886672987,19347.542454723327,diana,0.7843722104297293,alice,0.6855847720461161,0.09878743838361315,diana,diana,diana,1,1,1,0,0,13.78896824939738,8.21900363426822,10.498653139045807,32.506625022711404
Daylight_Far_20260114_211100_T11,1736909000.96,24,Daylight,Far,4,4,1280,720,26.40193989616808,2,1,chen,2,1,0.9005384757590604,449.90369352302145,268.61415253796736,542.8230366313521,454.69359959983433,17290.379986950073,chen,0.8677808588168076,diana,0.7406636358583991,0.12711722295840844,chen,chen,chen,1,1,1,0,0,13.78896824939738,8.21900363426822,10.498653139045807,32.506625022711404
Daylight_Far_20260114_211100_T11,1736909000.96,24,Daylight,Far,4,4,1280,720,26.40193989616808,2,2,alice,3,1,0.7372110562278457,712.1689360338305,287.2584008907878,837.418910003694,452.5118362059677,20697.988471656805,alice,0.8387636850634506,diana,0.7040473612654794,0.13471632379797116,alice,alice,alice,2,1,1,0,0,13.78896824939738,8.21900363426822,10.498653139045807,32.506625022711404
Daylight_Far_20260114_211100_T11,1736909000.96,24,Daylight,Far,4,4,1280,720,26.40193989616808,2,3,bob,4,1,0.6555451750894378,1063.7099734952237,275.454219255639,1175.5496594971462,433.3533131017355,17659.38507573553,bob,0.6397879394138408,alice,0.5630129317910756,0.07677500762276523,unknown,unknown,unknown,0,0,0,0,0,13.78896824939738,8.21900363426822,10.498653139045807,32.506625022711404
Daylight_Far_20260114_211100_T11,1736909001.0,25,Daylight,Far,4,4,1280,720,26.024615917791067,0,0,diana,-1,0,-1.0,-1.0,-1.0,-1.0,-1.0,0.0,unknown,-1.0,unknown,-1.0,-1.0,unknown,unknown,unknown,0,0,0,0,1,14.361578246602127,9.785840194982656,14.160915789257926,38.30833423084271
Daylight_Far_20260114_211100_T11,1736909001.0,25,Daylight,Far,4,4,1280,720,26.024615917791067,0,1,chen,2,1,0.8631027049158326,441.4503466723663,283.1259651838834,533.973676650412,421.0004109244686,12756.602838796322,chen,0.7180822164630168,diana,0.6871672280896679,0.03091498837334894,unknown,unknown,unknown,0,0,0,0,0,14.361578246602127,9.785840194982656,14.160915789257926,38.30833423084271
Daylight_Far_20260114_211100_T11,1736909001.0,25,Daylight,Far,4,4,1280,720,26.024615917791067,0,2,alice,3,1,0.8813274681759378,736.3535756829998,188.3285730178933,830.4668148264881,376.44737421193065,17704.469724160765,alice,0.7965383036348785,diana,0.7200635891914977,0.07647471444338083,alice,alice,alice,1,1,1,0,0,14.361578246602127,9.785840194982656,14.160915789257926,38.30833423084271
Daylight_Far_20260114_211100_T11,1736909001.0,25,Daylight,Far,4,4,1280,720,26.024615917791067,0,3,bob,4,1,0.7900619423172697,1101.7094364279317,198.9836428966227,1222.4107675845637,370.46001476584837,20697.426346525186,bob,0.8500177661700046,alice,0.6844866552653976,0.16553111090460693,bob,bob,bob,1,1,1,0,0,14.361578246602127,9.785840194982656,14.160915789257926,38.30833423084271
Daylight_Far_20260114_211100_T11,1736909001.04,26,Daylight,Far,4,4,1280,720,24.076907650338992,1,0,diana,1,1,0.7098660915240463,136.50304704542665,220.72956769723334,232.34764687959446,411.9393921077912,18326.42910499141,diana,0.8280831631623801,bob,0.7286045234174059,0.09947863974497417,diana,diana,diana,2,1,1,0,0,19.902212495435638,10.249399285711123,7.843423280207832,37.99503506135459
Daylight_Far_20260114_211100_T11,1736909001.04,26,Daylight,Far,4,4,1280,720,24.076907650338992,1,1,chen,2,1,0.7677628041436353,461.32687492483933,270.35920335230554,541.9390532936698,476.054628815973,16581.556327129623,chen,0.8935828005591075,diana,0.7175521288927516,0.176030671666356,chen,chen,chen,1,1,1,0,0,19.902212495435638,10.249399285711123,7.843423280207832,37.99503506135459
Daylight_Far_20260114_211100_T11,1736909001.04,26,Daylight,Far,4,4,1280,720,24.076907650338992,1,2,alice,-1,0,-1.0,-1.0,-1.0,-1.0,-1.0,0.0,unknown,-1.0,unknown,-1.0,-1.0,unknown,unknown,unknown,0,0,0,0,1,19.902212495435638,10.249399285711123,7.843423280207832,37.99503506135459
Daylight_Far_20260114_211100_T11,1736909001.04,26,Daylight,Far,4,4,1280,720,24.076907650338992,1,3,bob,4,1,0.6954983311569437,1053.165271007879,240.5648513678712,1161.015894635643,426.9757505340463,20104.531726084213,bob,0.8699334013042972,alice,0.8041839639054233,0.06574943739887384,bob,bob,bob,1,1,1,0,0,19.902212495435638,10.249399285711123,7.843423280207832,37.99503506135459
Daylight_Far_20260114_211100_T11,1736909001.08,27,Daylight,Far,4,4,1280,720,27.345023120981242,2,0,diana,1,1,0.705727119047938,104.74870556460816,263.8915127865356,199.2732628473388,411.8296044287837,13983.782617735535,diana,0.8338211708917468,bob,0.7451678835709592,0.08865328732078759,diana,diana,diana,2,1,1,0,0,15.747649268129326,7.958236253022455,11.55281092458797,35.25869644573975
Daylight_Far_20260114_211100_T11,1736909001.08,27,Daylight,Far,4,4,1280,720,27.345023120981242,2,1,chen,2,1,0.7440891740017681,439.7866408375019,278.88695747689303,552.0742007775773,466.63373265850566,21081.627271761183,alice,0.7450238927145326,diana,0.7025097566284491,0.042514136086083565,unknown,unknown,unknown,0,0,0,0,0,15.747649268129326,7.958236253022455,11.55281092458797,35.25869644573975
Daylight_Far_20260114_211100_T11,1736909001.08,27,Daylight,Far,4,4,1280,720,27.345023120981242,2,2,alice,3,1,0.7916464394454216,737.7847391838941,209.90323072913768,858.6911903691166,409.0778128403982,24081.491889372217,chen,0.7664009701157936,alice,0.6970582197876164,0.06934275032817716,chen,chen,chen,2,0,0,1,0,15.747649268129326,7.958236253022455,11.55281092458797,35.25869644573975
Daylight_Far_20260114_211100_T11,1736909001.08,27,Daylight,Far,4,4,1280,720,27.345023120981242,2,3,bob,4,1,0.8342495604161886,1059.6445908630997,215.23372949978437,1179.3316686667147,379.5380339823835,19665.102074077695,bob,0.9679537875183126,alice,0.8708031964322831,0.09715059108602953,bob,bob,bob,2,1,1,0,0,15.747649268129326,7.958236253022455,11.55281092458797,35.25869644573975
Daylight_Far_20260114_211100_T11,1736909001.12,28,Daylight,Far,4,4,1280,720,22.5340104418147,0,0,diana,1,1,0.813984896540317,84.822725839085,252.80580066231641,203.02005748991328,404.88682758432503,17975.571576899198,diana,0.9548908887571845,chen,0.8798642441253588,0.07502664463182573,diana,diana,diana,1,1,1,0,0,19.967465039895586,15.035580781506543,4.437432790538583,39.44047861194071
Daylight_Far_20260114_211100_T11,1736909001.12,28,Daylight,Far,4,4,1280,720,22.5340104418147,0,1,chen,2,1,0.797589070201359,443.31051258192355,260.4567173926444,558.6902375408981,448.51332265700006,21697.919392119806,chen,0.7687659843005129,alice,0.6084691781953481,0.16029680610516484,chen,chen,chen,2,1,1,0,0,19.967465039895586,15.035580781506543,4.437432790538583,39.44047861194071
Daylight_Far_20260114_211100_T11,1736909001.12,28,Daylight,Far,4,4,1280,720,22.5340104418147,0,2,alice,3,1,0.9721848141735605,753.3208527047972,161.51831836281494,840.9372101281,360.6108089764042,17443.7588178958,alice,0.9223659324642742,diana,0.7928450614711869,0.1295208709930873,alice,alice,alice,2,1,1,0,0,19.967465039895586,15.035580781506543,4.437432790538583,39.44047861194071
Daylight_Far_20260114_211100_T11,1736909001.12,28,Daylight,Far,4,4,1280,720,22.5340104418147,0,3,bob,4,1,0.6248738920924901,1057.0915782294994,277.50582135186374,1150.7355586913197,454.5568279511378,16579.76100272804,bob,0.8748062566735751,diana,0.7793806211951637,0.09542563547841143,bob,bob,bob,1,1,1,0,0,19.967465039895586,15.035580781506543,4.437432790538583,39.44047861194071
Daylight_Far_20260114_211100_T11,1736909001.16,29,Daylight,Far,4,4,1280,720,26.268897478631523,0,0,diana,1,1,0.7110017463499356,119.58890018445905,287.26963764890803,240.63489947304575,452.66780683515975,20020.786669652567,bob,0.8269532374230066,chen,0.7999562987049705,0.0269969387180361,unknown,unknown,unknown,0,0,0,0,0,32.03643875725374,20.244961090827076,13.095780608981578,65.3771804570624
Daylight_Far_20260114_211100_T11,1736909001.16,29,Daylight,Far,4,4,1280,720,26.268897478631523,0,1,chen,-1,0,-1.0,-1.0,-1.0,-1.0,-1.0,0.0,unknown,-1.0,unknown,-1.0,-1.0,unknown,unknown,unknown,0,0,0,0,1,32.03643875725374,20.244961090827076,13.095780608981578,65.3771804570624
Daylight_Far_20260114_211100_T11,1736909001.16,29,Daylight,Far,4,4,1280,720,26.268897478631523,0,2,alice,3,1,0.7856979783505279,720.9477665224645,196.42226057221262,832.2792859643012,411.1236116330996,23903.02763982374,chen,0.8007194253348924,alice,0.7668665714244546,0.0338528539104378,chen,chen,chen,2,0,0,1,0,32.03643875725374,20.244961090827076,13.095780608981578,65.3771804570624
Daylight_Far_20260114_211100_T11,1736909001.16,29,Daylight,Far,4,4,1280,720,26.268897478631523,0,3,bob,4,1,0.788785112115241,1045.515792342094,163.32062321755575,1165.359268492966,378.60364597820694,25800.265803903734,bob,0.8929025106288728,alice,0.7463817744969095,0.14652073613196337,bob,bob,bob,3,1,1,0,0,32.03643875725374,20.244961090827076,13.095780608981578,65.3771804570624
Daylight_Far_20260114_211100_T11,1736909001.2,30,Daylight,Far,4,4,1280,720,26.294066263197575,0,0,diana,1,1,0.788586001898231,86.9703381874811,229.7272166063741,198.0180578274087,395.06719959587224,18360.62807628819,diana,0.8026691496788364,alice,0.6777094345261552,0.12495971515268123,diana,diana,diana,3,1,1,0,0,14.666288808182681,10.686713128693606,6.279484099733315,31.632486036609603
Daylight_Far_20260114_211100_T11,1736909001.2,30,Daylight,Far,4,4,1280,720,26.294066263197575,0,1,chen,2,1,0.8020109371557634,420.1688433946186,282.72743804296886,546.1772456628339,424.4606477405936,17859.575302343612,chen,0.8556878976231403,alice,0.6869172368597047,0.1687706607634356,chen,chen,chen,2,1,1,0,0,14.666288808182681,10.686713128693606,6.279484099733315,31.632486036609603
Daylight_Far_20260114_211100_T11,1736909001.2,30,Daylight,Far,4,4,1280,720,26.294066263197575,0,2,alice,3,1,0.7722577713956009,749.493078897143,180.0363773556819,875.5346729619262,394.9584508865104,27089.12074753415,alice,0.9292217881953492,chen,0.7981484565730599,0.1310733316222893,alice,alice,alice,2,1,1,0,0,14.666288808182681,10.686713128693606,6.279484099733315,31.632486036609603
Daylight_Far_20260114_211100_T11,1736909001.2,30,Daylight,Far,4,4,1280,720,26.294066263197575,0,3,bob,4,1,0.7316855353172782,1094.691433029604,221.52219799190675,1175.688065262179,437.39560337924684,17485.018824951945,bob,0.800479098014224,alice,0.6943856155172696,0.10609348249695438,bob,bob,bob,1,1,1,0,0,14.666288808182681,10.686713128693606,6.279484099733315,31.632486036609603
Daylight_Far_20260114_211100_T11,1736909001.24,31,Daylight,Far,4,4,1280,720,26.284698507662092,1,0,diana,1,1,0.7136402442193959,90.81716130763887,255.54337058697536,213.40192878846761,435.64684040161933,22077.94196971859,chen,0.7606390918936196,alice,0.6810639031301285,0.07957518876349101,unknown,unknown,unknown,0,0,0,0,0,15.68081081453496,7.6352844104623445,6.339704474112826,29.65579969911013
Daylight_Far_20260114_211100_T11,1736909001.24,31,Daylight,Far,4,4,1280,720,26.284698507662092,1,1,chen,2,1,0.6250693711216202,484.32391842242606,258.35857600366677,567.019997411275,417.1796241327132,13133.877941171395,chen,0.9551961328333013,diana,0.8364180054405773,0.11877812739272398,chen,chen,chen,1,1,1,0,0,15.68081081453496,7.6352844104623445,6.339704474112826,29.65579969911013
Daylight_Far_20260114_211100_T11,1736909001.24,31,Daylight,Far,4,4,1280,720,26.284698507662092,1,2,alice,3,1,0.6285145488927514,751.828199917603,267.4910897036441,847.2504680377748,459.83181305680284,18353.588074232903,alice,0.99,bob,0.8347549585264371,0.15524504147356288,alice,alice,alice,2,1,1,0,0,15.68081081453496,7.6352844104623445,6.339704474112826,29.65579969911013
Daylight_Far_20260114_211100_T11,1736909001.24,31,Daylight,Far,4,4,1280,720,26.284698507662092,1,3,bob,4,1,0.8121994235116718,1067.9939889710977,181.8053469540448,1154.4189782429144,318.8521825642065,11844.271297344649,alice,0.6647334742497955,chen,0.628073628100987,0.03665984614880846,unknown,unknown,unknown,0,0,0,0,0,15.68081081453496,7.6352844104623445,6.339704474112826,29.65579969911013
Daylight_Far_20260114_211100_T11,1736909001.28,32,Daylight,Far,4,4,1280,720,24.094590853630823,0,0,diana,1,1,0.7271601096144756,84.98348716124083,190.5894953856706,195.05276007608194,371.85714475619886,19951.9983691964,diana,0.8763945455994363,chen,0.7449137012753108,0.13148084432412555,diana,diana,diana,3,1,1,0,0,19.44422164402423,8.17626346094404,9.408819566659416,37.029304671627685
Daylight_Far_20260114_211100_T11,1736909001.28,32,Daylight,Far,4,4,1280,720,24.094590853630823,0,1,chen,2,1,0.7659408942908825,431.2643648420174,188.51830464467972,522.2086305244469,332.71558493161194,13113.915769098518,chen,0.8886946834540672,alice,0.7736710538601708,0.11502362959389645,chen,chen,chen,2,1,1,0,0,19.44422164402423,8.17626346094404,9.408819566659416,37.029304671627685
Daylight_Far_20260114_211100_T11,1736909001.28,32,Daylight,Far,4,4,1280,720,24.094590853630823,0,2,alice,3,1,0.7799054656531925,735.7606288189636,315.10803812323593,832.23522637976,466.0312777520237,14560.258805758936,alice,0.7307544993583561,bob,0.6947309270084846,0.036023572349871524,unknown,unknown,unknown,0,0,0,0,0,19.44422164402423,8.17626346094404,9.408819566659416,37.029304671627685
Daylight_Far_20260114_211100_T11,1736909001.28,32,Daylight,Far,4,4,1280,720,24.094590853630823,0,3,bob,4,1,0.712347065228667,1036.6196500336573,196.56097133124547,1153.049643042756,390.284720643141,22555.254778080398,bob,0.8314842218276519,diana,0.7668739540088969,0.06461026781875501,bob,bob,bob,3,1,1,0,0,19.44422164402423,8.17626346094404,9.408819566659416,37.029304671627685
Daylight_Far_20260114_211100_T11,1736909001.32,33,Daylight,Far,4,4,1280,720,25.184339252280203,1,0,diana,1,1,0.7708950230034135,112.57609646142866,251.71994023081712,228.73406110412958,406.4978794251517,17978.690388405634,diana,0.8645984458392038,bob,0.7068842687355094,0.1577141771036944,diana,diana,diana,3,1,1,0,0,13.24334744371968,10.202818022597079,3.397405967246746,26.843571433563504
Daylight_Far_20260114_211100_T11,1736909001.32,33,Daylight,Far,4,4,1280,720,25.184339252280203,1,1,chen,2,1,0.8536218596961038,435.81130429697515,240.23781912078329,522.9546356029571,412.80864370352964,15038.396540360754,chen,0.91537293102004,alice,0.8068624057981972,0.10851052522184279,chen,chen,chen,2,1,1,0,0,13.24334744371968,10.202818022597079,3.397405967246746,26.843571433563504
Daylight_Far_20260114_211100_T11,1736909001.32,33,Daylight,Far,4,4,1280,720,25.184339252280203,1,2,alice,3,1,0.8036269248657552,742.6763051063427,190.92102778371353,824.0159991741542,375.57033291608684,15019.317989301217,alice,0.8643419298498525,chen,0.7126267869798147,0.15171514287003773,alice,alice,alice,1,1,1,0,0,13.24334744371968,10.202818022597079,3.397405967246746,26.843571433563504
Daylight_Far_20260114_211100_T11,1736909001.32,33,Daylight,Far,4,4,1280,720,25.184339252280203,1,3,bob,4,1,0.8797768312241663,1084.6959804145774,233.0677582809762,1186.2275758324815,398.24572132182783,16770.782115417263,bob,0.8927584498460976,chen,0.8111255131599533,0.08163293668614435,bob,bob,bob,2,1,1,0,0,13.24334744371968,10.202818022597079,3.397405967246746,26.843571433563504
Daylight_Far_20260114_211100_T11,1736909001.36,34,Daylight,Far,4,4,1280,720,25.877754958608847,1,0,diana,1,1,0.6395863525802656,125.8691322860814,316.7182890494372,232.12898040404193,459.5184289097506,15173.921172780421,diana,0.8483007207114425,bob,0.7514389285999975,0.09686179211144497,diana,diana,diana,2,1,1,0,0,15.254258032960834,13.742308084810453,7.526654751287573,36.52322086905886
Daylight_Far_20260114_211100_T11,1736909001.36,34,Daylight,Far,4,4,1280,720,25.877754958608847,1,1,chen,2,1,0.7228565243507499,400.8517647285427,233.59329216026998,523.886351007976,365.1322564820642,16183.84205495709,chen,0.8664389674633987,diana,0.7883292549225626,0.0781097125408361,chen,chen,chen,1,1,1,0,0,15.254258032960834,13.742308084810453,7.526654751287573,36.52322086905886
Daylight_Far_20260114_211100_T11,1736909001.36,34,Daylight,Far,4,4,1280,720,25.877754958608847,1,2,alice,3,1,0.7060929907589433,745.3417646478047,213.66405537876608,848.2299842685409,402.1079742192178,19388.659307848586,chen,0.8266902971625604,alice,0.7425040070909292,0.08418629007163114,chen,chen,chen,1,0,0,1,0,15.254258032960834,13.742308084810453,7.526654751287573,36.52322086905886
Daylight_Far_20260114_211100_T11,1736909001.36,34,Daylight,Far,4,4,1280,720,25.877754958608847,1,3,bob,4,1,0.780044578077859,1064.5399345011215,115.27137329269726,1161.4964909915898,325.1648452793592,20350.548273655317,bob,0.8487586303319936,alice,0.6710978943308115,0.17766073600118215,bob,bob,bob,2,1,1,0,0,15.254258032960834,13.742308084810453,7.526654751287573,36.52322086905886
Daylight_Far_20260114_211100_T11,1736909001.4,35,Daylight,Far,4,4,1280,720,27.404853994031917,2,0,diana,1,1,0.8309250163291692,101.33699329922376,245.19909911043277,191.13458069305148,429.6595582886278,16564.104203759558,diana,0.9735357797545183,bob,0.8589594838998745,0.1145762958546438,diana,diana,diana,1,1,1,0,0,12.441400701618257,11.710112965330831,6.814619327300742,30.96613299424983
Daylight_Far_20260114_211100_T11,1736909001.4,35,Daylight,Far,4,4,1280,720,27.404853994031917,2,1,chen,2,1,0.8003143786302899,421.9049074313384,248.0041762437856,535.647881453266,417.10096702813877,19233.571881376007,chen,0.9110058305399059,alice,0.8448388757114415,0.06616695482846446,chen,chen,chen,3,1,1,0,0,12.441400701618257,11.710112965330831,6.814619327300742,30.96613299424983
Daylight_Far_20260114_211100_T11,1736909001.4,35,Daylight,Far,4,4,1280,720,27.404853994031917,2,2,alice,3,1,0.8268536188531714,728.7622499196788,156.7125839393227,848.1130110623934,348.59002969537914,22900.719197105278,alice,0.8689087448606023,bob,0.7492907670107761,0.1196179778498262,alice,alice,alice,2,1,1,0,0,12.441400701618257,11.710112965330831,6.814619327300742,30.96613299424983
Daylight_Far_20260114_211100_T11,1736909001.4,35,Daylight,Far,4,4,1280,720,27.404853994031917,2,3,bob,4,1,0.6104992160152479,1090.3623622860096,207.94598325236444,1196.1938528637193,352.7366724306307,15323.414457509776,bob,0.9342643956355057,chen,0.7861987064867737,0.14806568914873197,bob,bob,bob,2,1,1,0,0,12.441400701618257,11.710112965330831,6.814619327300742,30.96613299424983
Daylight_Far_20260114_211100_T11,1736909001.44,36,Daylight,Far,4,4,1280,720,24.59190874628287,2,0,diana,1,1,0.7696416971069493,111.73168492246978,255.14737402855138,228.48732822257037,467.425107481058,24784.62332753469,diana,0.8689187349052101,bob,0.7790896901263868,0.08982904477882325,diana,diana,diana,1,1,1,0,0,8.84444454922824,4.09296600116562,5.401007985108474,18.338418535502335
Daylight_Far_20260114_211100_T11,1736909001.44,36,Daylight,Far,4,4,1280,720,24.59190874628287,2,1,chen,2,1,0.6791063711607386,396.34172456867157,250.9933114587039,501.73024590677903,431.94642697321154,19070.381275597716,chen,0.8730883274240278,alice,0.7014732108496387,0.1716151165743891,chen,chen,chen,3,1,1,0,0,8.84444454922824,4.09296600116562,5.401007985108474,18.338418535502335
Daylight_Far_20260114_211100_T11,1736909001.44,36,Daylight,Far,4,4,1280,720,24.59190874628287,2,2,alice,3,1,0.7641947782992092,716.4617070461851,230.788072192127,842.4471068876366,401.15269552597687,21463.455189553344,alice,0.8908134476534147,bob,0.7729314402559143,0.11788200739750043,alice,alice,alice,2,1,1,0,0,8.84444454922824,4.09296600116562,5.401007985108474,18.338418535502335
Daylight_Far_20260114_211100_T11,1736909001.44,36,Daylight,Far,4,4,1280,720,24.59190874628287,2,3,bob,4,1,0.9665249982878324,1072.4076473381547,289.7143962212971,1172.4107849985708,438.7609758444702,14905.125619870347,bob,0.8482219948897421,diana,0.7532703674728201,0.09495162741692209,bob,bob,bob,2,1,1,0,0,8.84444454922824,4.09296600116562,5.401007985108474,18.338418535502335
Daylight_Far_20260114_211100_T11,1736909001.48,37,Daylight,Far,4,4,1280,720,24.969335130158985,0,0,diana,1,1,0.7017278328099843,111.48774143775393,242.27934173706075,211.21588935240823,424.4806824351295,18170.60225538532,diana,0.8863968317689036,chen,0.7460584870049098,0.14033834476399376,diana,diana,diana,2,1,1,0,0,12.160436784495413,6.686427695682729,9.436784102487907,28.28364858266605
Daylight_Far_20260114_211100_T11,1736909001.48,37,Daylight,Far,4,4,1280,720,24.969335130158985,0,1,chen,2,1,0.8564442328309171,435.30081451167524,229.70103860244015,548.7921688278395,404.8617687303439,19879.228485223957,chen,0.8708822255874819,bob,0.7082212587818124,0.16266096680566944,chen,chen,chen,2,1,1,0,0,12.160436784495413,6.686427695682729,9.436784102487907,28.28364858266605
Daylight_Far_20260114_211100_T11,1736909001.48,37,Daylight,Far,4,4,1280,720,24.969335130158985,0,2,alice,3,1,0.7761740876735073,750.0845545499812,186.60704410205892,837.0367087926686,371.9807632292419,16118.64421808742,alice,0.8475663906325686,bob,0.7582191811866337,0.08934720944593488,alice,alice,alice,3,1,1,0,0,12.160436784495413,6.686427695682729,9.436784102487907,28.28364858266605
Daylight_Far_20260114_211100_T11,1736909001.48,37,Daylight,Far,4,4,1280,720,24.969335130158985,0,3,bob,4,1,0.7782735756544529,1092.2518570525374,239.90273851000913,1199.2960538875561,391.7672030664386,16256.20963622316,bob,0.8851961907336701,alice,0.7979142280311468,0.08728196270252331,bob,bob,bob,1,1,1,0,0,12.160436784495413,6.686427695682729,9.436784102487907,28.28364858266605
Daylight_Far_20260114_211100_T11,1736909001.52,38,Daylight,Far,4,4,1280,720,26.644862619299136,2,0,diana,1,1,0.8499911383373816,119.36807061858107,274.8440889927108,217.0201524000809,463.67081385178835,18439.322778471407,diana,0.8191296315146588,chen,0.6804634256581148,0.138666205856544,diana,diana,diana,2,1,1,0,0,29.455514938414886,20.46352432092983,6.3187742582041615,56.23781351754888
Daylight_Far_20260114_211100_T11,1736909001.52,38,Daylight,Far,4,4,1280,720,26.644862619299136,2,1,chen,2,1,0.7417835627241028,410.1642466416945,298.53151846682493,516.5158439578689,462.9407664776531,17485.186139502646,chen,0.9343091800924516,alice,0.7874591833449377,0.14684999674751387,chen,chen,chen,1,1,1,0,0,29.455514938414886,20.46352432092983,6.3187742582041615,56.23781351754888
Daylight_Far_20260114_211100_T11,1736909001.52,38,Daylight,Far,4,4,1280,720,26.644862619299136,2,2,alice,3,1,0.7263694134800062,734.6056566274449,204.10510792806306,843.4492204674832,395.7918677136114,20863.870076008418,alice,0.8619864055592649,chen,0.6931254969638514,0.16886090859541347,alice,alice,alice,2,1,1,0,0,29.455514938414886,20.46352432092983,6.3187742582041615,56.23781351754888
Daylight_Far_20260114_211100_T11,1736909001.52,38,Daylight,Far,4,4,1280,720,26.644862619299136,2,3,bob,4,1,0.6087714763966661,1039.7003799598485,317.3028596993133,1151.025242418221,484.988916295161,18667.627186719623,bob,0.8551414238037076,diana,0.7338142034399968,0.1213272203637108,bob,bob,bob,2,1,1,0,0,29.455514938414886,20.46352432092983,6.3187742582041615,56.23781351754888
Daylight_Far_20260114_211100_T11,1736909001.56,39,Daylight,Far,4,4,1280,720,26.0382080226826,2,0,diana,1,1,0.8823127840622434,99.11925118248683,278.9082902644137,222.0012236368566,447.18162545657026,20677.75933988751,diana,0.9113176474442425,bob,0.8495812246338624,0.061736422810380054,diana,diana,diana,2,1,1,0,0,17.013078336366213,9.154124624541595,16.851825876518014,43.01902883742582
Daylight_Far_20260114_211100_T11,1736909001.56,39,Daylight,Far,4,4,1280,720,26.0382080226826,2,1,chen,2,1,0.6829032696909547,442.3529551668012,179.8705238418166,564.1766446411165,339.5752812124168,19455.82276948686,chen,0.8567299245771869,alice,0.7081653980362403,0.14856452654094654,chen,chen,chen,2,1,1,0,0,17.013078336366213,9.154124624541595,16.851825876518014,43.01902883742582
Daylight_Far_20260114_211100_T11,1736909001.56,39,Daylight,Far,4,4,1280,720,26.0382080226826,2,2,alice,-1,0,-1.0,-1.0,-1.0,-1.0,-1.0,0.0,unknown,-1.0,unknown,-1.0,-1.0,unknown,unknown,unknown,0,0,0,0,1,17.013078336366213,9.154124624541595,16.851825876518014,43.01902883742582
Daylight_Far_20260114_211100_T11,1736909001.56,39,Daylight,Far,4,4,1280,720,26.0382080226826,2,3,bob,4,1,0.8310966307243016,1065.5918893983946,219.09305325979392,1190.804832894253,402.8854764311242,23013.190297518657,bob,0.9189353653406777,alice,0.8014252534161878,0.1175101119244899,bob,bob,bob,3,1,1,0,0,17.013078336366213,9.154124624541595,16.851825876518014,43.01902883742582
Daylight_Far_20260114_211100_T11,1736909001.6,40,Daylight,Far,4,4,1280,720,22.179685151713525,0,0,diana,1,1,0.9035597603628938,118.39976968707745,187.6039892094431,217.81209574429542,369.7869130970975,18111.228231576824,diana,0.7666656963296511,bob,0.6288392679989241,0.137826428330727,diana,diana,diana,1,1,1,0,0,13.161947818738858,13.846652865831842,9.93599684149111,36.94459752606181
Daylight_Far_20260114_211100_T11,1736909001.6,40,Daylight,Far,4,4,1280,720,22.179685151713525,0,1,chen,2,1,0.6849627799193311,426.43976916163615,252.29699808734662,548.2656600123945,408.3349625080058,19009.46402208574,chen,0.8479508690722841,diana,0.7712989634963191,0.07665190557596502,chen,chen,chen,2,1,1,0,0,13.161947818738858,13.846652865831842,9.93599684149111,36.94459752606181
Daylight_Far_20260114_211100_T11,1736909001.6,40,Daylight,Far,4,4,1280,720,22.179685151713525,0,2,alice,3,1,0.7396925615998863,727.307633192601,232.66288291906812,818.3149553802999,386.9099402305793,14037.611641253163,alice,0.8519557219456505,chen,0.6821344676854353,0.16982125426021522,alice,alice,alice,1,1,1,0,0,13.161947818738858,13.846652865831842,9.93599684149111,36.94459752606181
Daylight_Far_20260114_211100_T11,1736909001.6,40,Daylight,Far,4,4,1280,720,22.179685151713525,0,3,bob,4,1,0.8889919520641418,1053.862214028441,251.90830872354502,1167.9168745755378,446.9587701300096,22246.414165268918,bob,0.857546706511728,diana,0.7481107463943948,0.10943596011733325,bob,bob,bob,2,1,1,0,0,13.161947818738858,13.846652865831842,9.93599684149111,36.94459752606181
Daylight_Far_20260114_211100_T11,1736909001.64,41,Daylight,Far,4,4,1280,720,24.01570603053226,0,0,diana,1,1,0.7850378984951357,64.29005769961186,277.8847955571223,189.47432113809123,442.5124815224226,20608.795609147408,diana,0.9303113632482936,bob,0.7982286356845288,0.1320827275637647,diana,diana,diana,2,1,1,0,0,39.150946719675076,19.678320533194636,20.457803667063047,79.28707091993276
Daylight_Far_20260114_211100_T11,1736909001.64,41,Daylight,Far,4,4,1280,720,24.01570603053226,0,1,chen,2,1,0.8116620258334123,422.71923119452515,204.64614616235457,503.2274281411462,376.3598310198766,13824.359158939407,chen,0.8624228455655393,diana,0.7138214692166595,0.14860137634887982,chen,chen,chen,2,1,1,0,0,39.150946719675076,19.678320533194636,20.457803667063047,79.28707091993276
Daylight_Far_20260114_211100_T11,1736909001.64,41,Daylight,Far,4,4,1280,720,24.01570603053226,0,2,alice,3,1,0.8041249853588494,769.4398838869245,241.6517734849839,852.5508761204349,419.2307137260684,14758.761923211781,alice,0.625298109754489,chen,0.5657471043560603,0.059551005398428614,unknown,unknown,unknown,0,0,0,0,0,39.150946719675076,19.678320533194636,20.457803667063047,79.28707091993276
Daylight_Far_20260114_211100_T11,1736909001.64,41,Daylight,Far,4,4,1280,720,24.01570603053226,0,3,bob,4,1,0.8778169763598833,1054.1536254505074,286.1056966535567,1152.4323034662814,435.55945530276824,14688.11782453305,bob,0.900050914479197,chen,0.7561308336121638,0.14392008086703323,bob,bob,bob,2,1,1,0,0,39.150946719675076,19.678320533194636,20.457803667063047,79.28707091993276
Daylight_Far_20260114_211100_T11,1736909001.68,42,Daylight,Far,4,4,1280,720,27.602561056401896,1,0,diana,1,1,0.8173864289644793,124.57092034035429,225.35179061960264,210.91759178537075,372.14208357472626,12674.853197113773,diana,0.8336550515546847,alice,0.7233986549131111,0.1102563966415736,diana,diana,diana,2,1,1,0,0,34.81486303049664,20.460303155515085,17.76634281055967,73.0415089965714
Daylight_Far_20260114_211100_T11,1736909001.68,42,Daylight,Far,4,4,1280,720,27.602561056401896,1,1,chen,2,1,0.8208073926235039,434.51427961852255,243.307877587005,554.8378924242627,450.45295078798995,24924.44358245201,chen,0.8492625637047949,diana,0.7865276416529926,0.06273492205180231,chen,chen,chen,3,1,1,0,0,34.81486303049664,20.460303155515085,17.76634281055967,73.0415089965714
Daylight_Far_20260114_211100_T11,1736909001.68,42,Daylight,Far,4,4,1280,720,27.602561056401896,1,2,alice,3,1,0.7229627653908883,760.2713228105788,221.09142950903316,852.8812922952652,389.8172468991391,15625.692799776483,alice,0.8341577020682831,chen,0.7112828604242423,0.12287484164404083,alice,alice,alice,3,1,1,0,0,34.81486303049664,20.460303155515085,17.76634281055967,73.0415089965714
Daylight_Far_20260114_211100_T11,1736909001.68,42,Daylight,Far,4,4,1280,720,27.602561056401896,1,3,bob,4,1,0.8720519253671507,1066.2418936567767,221.24550138039206,1166.3794362246315,425.20707576294694,20424.21083693977,bob,0.8313286687801809,diana,0.7070410479506045,0.12428762082957634,bob,bob,bob,2,1,1,0,0,34.81486303049664,20.460303155515085,17.76634281055967,73.0415089965714
Daylight_Far_20260114_211100_T11,1736909001.72,43,Daylight,Far,4,4,1280,720,26.849930842867696,1,0,diana,1,1,0.7553261127487249,108.2296872606773,262.22269784464856,228.07823286873457,427.2203291919467,19774.72614574808,diana,0.760852994598216,alice,0.7144058045374333,0.046447190060782684,unknown,unknown,unknown,0,0,0,0,0,19.963569412533577,13.888814270764884,20.016266107096953,53.868649790395416
Daylight_Far_20260114_211100_T11,1736909001.72,43,Daylight,Far,4,4,1280,720,26.849930842867696,1,1,chen,2,1,0.7674575078026823,431.23643481627124,203.81936202159477,517.7295577817491,387.5762460552986,15893.706766480205,chen,0.9053447027365527,alice,0.798943564532527,0.10640113820402564,chen,chen,chen,2,1,1,0,0,19.963569412533577,13.888814270764884,20.016266107096953,53.868649790395416
Daylight_Far_20260114_211100_T11,1736909001.72,43,Daylight,Far,4,4,1280,720,26.849930842867696,1,2,alice,3,1,0.7774131690250848,768.5885832639879,245.60582322581104,869.2223639836966,436.7719769871617,19237.772798649883,alice,0.9217332768346419,chen,0.7561951650402758,0.16553811179436606,alice,alice,alice,2,1,1,0,0,19.963569412533577,13.888814270764884,20.016266107096953,53.868649790395416
Daylight_Far_20260114_211100_T11,1736909001.72,43,Daylight,Far,4,4,1280,720,26.849930842867696,1,3,bob,4,1,0.8482573661279557,1061.6350240018535,277.1681630018921,1159.111606500677,453.95488120786405,17232.56512190069,bob,0.710277222635042,diana,0.6395946839273275,0.07068253870771446,unknown,unknown,unknown,0,0,0,0,0,19.963569412533577,13.888814270764884,20.016266107096953,53.868649790395416
Daylight_Far_20260114_211100_T11,1736909001.76,44,Daylight,Far,4,4,1280,720,26.03583178014445,1,0,diana,1,1,0.7701707671953649,114.24489381564501,191.94192459881128,220.4062275390629,351.3912752708926,16927.355728681112,diana,0.8756728661610359,alice,0.7649167810497054,0.1107560851113305,diana,diana,diana,2,1,1,0,0,19.977856325264977,20.352711819210242,12.563120933217732,52.89368907769295
Daylight_Far_20260114_211100_T11,1736909001.76,44,Daylight,Far,4,4,1280,720,26.03583178014445,1,1,chen,2,1,0.7213822379442514,446.0630681982257,271.8689172477688,529.904412542679,412.32750705696634,11776.236994329243,chen,0.84879151764868,diana,0.7772970077815483,0.07149450986713168,chen,chen,chen,1,1,1,0,0,19.977856325264977,20.352711819210242,12.563120933217732,52.89368907769295
Daylight_Far_20260114_211100_T11,1736909001.76,44,Daylight,Far,4,4,1280,720,26.03583178014445,1,2,alice,3,1,0.7280156993555226,778.1277734494091,235.85361489635977,858.603309043449,434.4498877627485,15982.14142590273,alice,0.819304514048229,diana,0.7181698115943391,0.10113470245388989,alice,alice,alice,3,1,1,0,0,19.977856325264977,20.352711819210242,12.563120933217732,52.89368907769295
Daylight_Far_20260114_211100_T11,1736909001.76,44,Daylight,Far,4,4,1280,720,26.03583178014445,1,3,bob,4,1,0.795589876423463,1035.9004972119512,238.97875601307823,1141.026818260277,386.32199135125217,15489.652262459887,bob,0.8702124856910776,chen,0.767254668514052,0.10295781717702557,bob,bob,bob,2,1,1,0,0,19.977856325264977,20.352711819210242,12.563120933217732,52.89368907769295
Daylight_Far_20260114_211100_T11,1736909001.8,45,Daylight,Far,4,4,1280,720,24.635090353831806,3,0,diana,1,1,0.779051032949136,139.45425953064068,287.98835601264693,228.56891900977848,495.31496510465945,18475.84017019901,bob,0.7364578373815153,diana,0.658345396073734,0.07811244130778128,unknown,unknown,unknown,0,0,0,0,0,8.019135736665287,6.035644774783142,7.126346288036119,21.18112679948455
Daylight_Far_20260114_211100_T11,1736909001.8,45,Daylight,Far,4,4,1280,720,24.635090353831806,3,1,chen,-1,0,-1.0,-1.0,-1.0,-1.0,-1.0,0.0,unknown,-1.0,unknown,-1.0,-1.0,unknown,unknown,unknown,0,0,0,0,1,8.019135736665287,6.035644774783142,7.126346288036119,21.18112679948455
Daylight_Far_20260114_211100_T11,1736909001.8,45,Daylight,Far,4,4,1280,720,24.635090353831806,3,2,alice,3,1,0.7280457157042713,725.4550870843902,200.09316295960676,832.8300321845356,359.0326287498798,17066.116413477004,bob,0.767633639193196,chen,0.7387737779535448,0.02885986123965123,unknown,unknown,unknown,0,0,0,0,0,8.019135736665287,6.035644774783142,7.126346288036119,21.18112679948455
Daylight_Far_20260114_211100_T11,1736909001.8,45,Daylight,Far,4,4,1280,720,24.635090353831806,3,3,bob,4,1,0.7111138105425708,1095.138349571966,246.1693860030615,1183.3152800027228,437.4106019786733,16863.063396574853,bob,0.8522119070797903,diana,0.7417636353701034,0.11044827170968696,bob,bob,bob,1,1,1,0,0,8.019135736665287,6.035644774783142,7.126346288036119,21.18112679948455
Daylight_Far_20260114_211100_T11,1736909001.84,46,Daylight,Far,4,4,1280,720,24.756234801393497,0,0,diana,1,1,0.5840855807409119,130.72622677407665,240.44784185437868,233.1145989568145,451.4171996658672,21600.809126755878,diana,0.8130887787862001,alice,0.7324100666111509,0.08067871217504918,diana,diana,diana,2,1,1,0,0,13.308532172966043,8.888217395253502,10.46738616417715,32.664135732396694
Daylight_Far_20260114_211100_T11,1736909001.84,46,Daylight,Far,4,4,1280,720,24.756234801393497,0,1,chen,2,1,0.8003962750749946,432.527972426166,193.21298603641492,521.0710147699969,397.237511309957,18064.952180475222,chen,0.7903342741044094,alice,0.6204668765580181,0.16986739754639124,chen,chen,chen,3,1,1,0,0,13.308532172966043,8.888217395253502,10.46738616417715,32.664135732396694
Daylight_Far_20260114_211100_T11,1736909001.84,46,Daylight,Far,4,4,1280,720,24.756234801393497,0,2,alice,3,1,0.7164765823282326,747.0750091264699,190.8351146732394,834.6527423506916,400.81242030887046,18389.336456098157,alice,0.8699377083178743,chen,0.6910068172506412,0.17893089106723314,alice,alice,alice,2,1,1,0,0,13.308532172966043,8.888217395253502,10.46738616417715,32.664135732396694
Daylight_Far_20260114_211100_T11,1736909001.84,46,Daylight,Far,4,4,1280,720,24.756234801393497,0,3,bob,4,1,0.6419665310645779,1045.4705974075082,271.2852844015626,1169.7721289550914,439.67225145525975,20930.75789742699,bob,0.7986221243672391,alice,0.6347636677945222,0.16385845657271692,bob,bob,bob,3,1,1,0,0,13.308532172966043,8.888217395253502,10.46738616417715,32.664135732396694
Daylight_Far_20260114_211100_T11,1736909001.88,47,Daylight,Far,4,4,1280,720,25.23854875226022,0,0,diana,1,1,0.6387579073493292,96.74530780588998,286.68781766706536,221.13652948772415,424.74555136936226,17173.17015785404,diana,0.92282910956767,alice,0.8322842978143208,0.09054481175334916,diana,diana,diana,2,1,1,0,0,15.54684303052207,11.118022460152341,1.7568306333748058,28.421696124049216
Daylight_Far_20260114_211100_T11,1736909001.88,47,Daylight,Far,4,4,1280,720,25.23854875226022,0,1,chen,2,1,0.7362008013530756,426.98489816155404,126.48642673511827,545.5506794559387,332.1323172903649,24382.56568366234,chen,0.8230429218865907,bob,0.7570457787295416,0.06599714315704908,chen,chen,chen,3,1,1,0,0,15.54684303052207,11.118022460152341,1.7568306333748058,28.421696124049216
Daylight_Far_20260114_211100_T11,1736909001.88,47,Daylight,Far,4,4,1280,720,25.23854875226022,0,2,alice,-1,0,-1.0,-1.0,-1.0,-1.0,-1.0,0.0,unknown,-1.0,unknown,-1.0,-1.0,unknown,unknown,unknown,0,0,0,0,1,15.54684303052207,11.118022460152341,1.7568306333748058,28.421696124049216
Daylight_Far_20260114_211100_T11,1736909001.88,47,Daylight,Far,4,4,1280,720,25.23854875226022,0,3,bob,4,1,0.779478468016681,1077.8957503290965,235.22398917940558,1191.3351993160848,439.48733913689483,23171.521867413936,chen,0.787104345082527,bob,0.7599342119296107,0.027170133152916276,chen,chen,chen,1,0,0,1,0,15.54684303052207,11.118022460152341,1.7568306333748058,28.421696124049216
Daylight_Far_20260114_211100_T11,1736909001.92,48,Daylight,Far,4,4,1280,720,25.24058222424453,0,0,diana,1,1,0.8337272210680433,104.89055129998214,137.80563683592638,211.5767900871507,334.3298312099514,20966.427128443163,chen,0.7845797064342332,diana,0.7575803270784368,0.026999379355796438,unknown,unknown,unknown,0,0,0,0,0,15.156944309178659,16.510989469150555,10.152641174228783,41.820574952558
Daylight_Far_20260114_211100_T11,1736909001.92,48,Daylight,Far,4,4,1280,720,25.24058222424453,0,1,chen,2,1,0.7330690294914293,428.23556873744803,255.73124572902307,541.8517759123511,410.415602950731,17574.649976818273,chen,0.7742002999781145,bob,0.6381133862313884,0.1360869137467261,chen,chen,chen,2,1,1,0,0,15.156944309178659,16.510989469150555,10.152641174228783,41.820574952558
Daylight_Far_20260114_211100_T11,1736909001.92,48,Daylight,Far,4,4,1280,720,25.24058222424453,0,2,alice,3,1,0.808065057307956,723.7602703377897,181.0341644728125,840.2940456324627,361.2600849319825,21002.40691706452,alice,0.8988426856810485,chen,0.8345339350364815,0.06430875064456698,alice,alice,alice,2,1,1,0,0,15.156944309178659,16.510989469150555,10.152641174228783,41.820574952558
Daylight_Far_20260114_211100_T11,1736909001.92,48,Daylight,Far,4,4,1280,720,25.24058222424453,0,3,bob,4,1,0.7490389471312011,1068.6353782121869,227.84237756966263,1177.4316933383952,397.18687209063387,18424.05699079205,diana,0.8264586504165982,bob,0.7788937815318997,0.047564868884698464,diana,diana,diana,1,0,0,1,0,15.156944309178659,16.510989469150555,10.152641174228783,41.820574952558
Daylight_Far_20260114_211100_T11,1736909001.96,49,Daylight,Far,4,4,1280,720,23.57619725651051,0,0,diana,1,1,0.7821834830760923,102.61565432222937,258.2073650317648,192.58537757468883,445.37272581930944,16839.215712502115,diana,0.7160398038252117,bob,0.5854904809491689,0.13054932287604282,diana,diana,diana,2,1,1,0,0,12.129802914323278,9.631696784575379,9.009876048375382,30.77137574727404
Daylight_Far_20260114_211100_T11,1736909001.96,49,Daylight,Far,4,4,1280,720,23.57619725651051,0,1,chen,2,1,0.6393237037835954,434.4180929332004,290.6591861299527,522.568281633621,438.58547987307475,13039.730707210065,chen,0.8975152499718159,alice,0.776722470655475,0.12079277931634091,chen,chen,chen,3,1,1,0,0,12.129802914323278,9.631696784575379,9.009876048375382,30.77137574727404
Daylight_Far_20260114_211100_T11,1736909001.96,49,Daylight,Far,4,4,1280,720,23.57619725651051,0,2,alice,3,1,0.7802045960248303,753.4416654799323,286.2059331489477,837.0764465090919,437.68092736883636,12668.577972973593,chen,0.7871737682075775,alice,0.7494024314941773,0.03777133671340016,chen,chen,chen,1,0,0,1,0,12.129802914323278,9.631696784575379,9.009876048375382,30.77137574727404
Daylight_Far_20260114_211100_T11,1736909001.96,49,Daylight,Far,4,4,1280,720,23.57619725651051,0,3,bob,4,1,0.7460115187757563,1065.130698662046,253.27381931374993,1177.5351136769298,462.1586258543518,23479.574484693538,bob,0.7234609429130199,diana,0.5601972257862936,0.16326371712672627,bob,bob,bob,2,1,1,0,0,12.129802914323278,9.631696784575379,9.009876048375382,30.77137574727404
Daylight_Far_20260114_211100_T11,1736909002.0,50,Daylight,Far,4,4,1280,720,23.13960784798128,1,0,diana,1,1,0.8180517347134232,125.45193123657866,230.2481542248761,211.41725749656672,377.9462993561234,12696.919234202742,diana,0.8381949383172064,chen,0.6940964631017514,0.14409847521545494,diana,diana,diana,1,1,1,0,0,17.79146341462787,10.263737846417339,14.49384460658396,42.54904586762917
Daylight_Far_20260114_211100_T11,1736909002.0,50,Daylight,Far,4,4,1280,720,23.13960784798128,1,1,chen,2,1,0.9025488570973809,429.10514677881037,273.1454443491852,515.8017436417879,438.15954778291695,14306.161202099915,chen,0.8551748767153649,bob,0.7937972225185164,0.061377654196848486,chen,chen,chen,2,1,1,0,0,17.79146341462787,10.263737846417339,14.49384460658396,42.54904586762917
Daylight_Far_20260114_211100_T11,1736909002.0,50,Daylight,Far,4,4,1280,720,23.13960784798128,1,2,alice,3,1,0.5939532106405725,745.1768103307454,257.84868906944405,861.6105668436094,390.0337764618977,15390.80628008459,alice,0.8831794188503509,diana,0.737540114909645,0.1456393039407059,alice,alice,alice,2,1,1,0,0,17.79146341462787,10.263737846417339,14.49384460658396,42.54904586762917
Daylight_Far_20260114_211100_T11,1736909002.0,50,Daylight,Far,4,4,1280,720,23.13960784798128,1,3,bob,4,1,0.7413865532484448,1101.15205766346,184.55918721785247,1216.9284750223653,400.3438774975084,24982.77836147956,bob,0.8575778066631178,alice,0.776601121955318,0.08097668470779973,bob,bob,bob,2,1,1,0,0,17.79146341462787,10.263737846417339,14.49384460658396,42.54904586762917
Daylight_Far_20260114_211100_T11,1736909002.04,51,Daylight,Far,4,4,1280,720,23.378141918058375,0,0,diana,-1,0,-1.0,-1.0,-1.0,-1.0,-1.0,0.0,unknown,-1.0,unknown,-1.0,-1.0,unknown,unknown,unknown,0,0,0,0,1,16.883831970872485,10.322126098164956,17.436573961282654,44.6425320303201
Daylight_Far_20260114_211100_T11,1736909002.04,51,Daylight,Far,4,4,1280,720,23.378141918058375,0,1,chen,2,1,0.7406981707837262,418.99712209479213,251.80015684920278,526.3424549607736,405.19658578170305,16466.39072421211,chen,0.8641398539628582,bob,0.7981311685060467,0.06600868545681149,chen,chen,chen,2,1,1,0,0,16.883831970872485,10.322126098164956,17.436573961282654,44.6425320303201
Daylight_Far_20260114_211100_T11,1736909002.04,51,Daylight,Far,4,4,1280,720,23.378141918058375,0,2,alice,3,1,0.854978769577543,783.5755935773574,314.9728528456079,883.4903961654485,460.40842886565736,14531.166867328557,alice,0.8284327502089737,bob,0.7410390571244471,0.0873936930845266,alice,alice,alice,2,1,1,0,0,16.883831970872485,10.322126098164956,17.436573961282654,44.6425320303201
Daylight_Far_20260114_211100_T11,1736909002.04,51,Daylight,Far,4,4,1280,720,23.378141918058375,0,3,bob,-1,0,-1.0,-1.0,-1.0,-1.0,-1.0,0.0,unknown,-1.0,unknown,-1.0,-1.0,unknown,unknown,unknown,0,0,0,0,1,16.883831970872485,10.322126098164956,17.436573961282654,44.6425320303201
Daylight_Far_20260114_211100_T11,1736909002.08,52,Daylight,Far,4,4,1280,720,25.58567613445748,2,0,diana,-1,0,-1.0,-1.0,-1.0,-1.0,-1.0,0.0,unknown,-1.0,unknown,-1.0,-1.0,unknown,unknown,unknown,0,0,0,0,1,20.49159407315084,7.948424316221851,10.00308923067957,38.44310762005226
Daylight_Far_20260114_211100_T11,1736909002.08,52,Daylight,Far,4,4,1280,720,25.58567613445748,2,1,chen,2,1,0.7786113454125242,451.43349240239337,307.7105543751748,537.8704004485927,447.2642522207688,12062.590148186695,chen,0.8469214106993785,alice,0.7404821109350179,0.10643929976436062,chen,chen,chen,2,1,1,0,0,20.49159407315084,7.948424316221851,10.00308923067957,38.44310762005226
Daylight_Far_20260114_211100_T11,1736909002.08,52,Daylight,Far,4,4,1280,720,25.58567613445748,2,2,alice,3,1,0.8970329349786844,723.5639202159265,281.9730062103957,828.1428425123844,437.26531780975137,16240.302587986347,alice,0.8005991735019008,diana,0.727688719864399,0.07291045363750182,alice,alice,alice,2,1,1,0,0,20.49159407315084,7.948424316221851,10.00308923067957,38.44310762005226
Daylight_Far_20260114_211100_T11,1736909002.08,52,Daylight,Far,4,4,1280,720,25.58567613445748,2,3,bob,4,1,0.7307874748329932,1100.5088121470965,198.1202576000133,1203.6935576207682,361.7729172726204,16886.45803440738,bob,0.7912353734018123,diana,0.6746397077397882,0.11659566566202406,bob,bob,bob,1,1,1,0,0,20.49159407315084,7.948424316221851,10.00308923067957,38.44310762005226
Daylight_Far_20260114_211100_T11,1736909002.12,53,Daylight,Far,4,4,1280,720,22.652235942314622,1,0,diana,1,1,0.793956604273913,96.57237410294249,244.33022709515836,205.21727154704786,411.94376452186276,18210.355583968016,diana,0.8738804260089108,chen,0.7005789433495965,0.17330148265931433,diana,diana,diana,2,1,1,0,0,19.997064401639012,17.93938317514355,16.005441994625127,53.941889571407685
Daylight_Far_20260114_211100_T11,1736909002.12,53,Daylight,Far,4,4,1280,720,22.652235942314622,1,1,chen,2,1,0.8436763058563179,418.29719894041415,264.6842726700215,523.5868782238806,450.64210191776306,19579.440201744324,chen,0.8780688530889252,diana,0.7135454747801189,0.16452337830880637,chen,chen,chen,2,1,1,0,0,19.997064401639012,17.93938317514355,16.005441994625127,53.941889571407685
Daylight_Far_20260114_211100_T11,1736909002.12,53,Daylight,Far,4,4,1280,720,22.652235942314622,1,2,alice,3,1,0.8388129718749339,757.0009548350482,284.30580815674364,850.3419008597085,432.4713154465611,13829.908618655265,diana,0.7779146917037255,alice,0.6862959612438322,0.09161873045989333,diana,diana,diana,2,0,0,1,0,19.997064401639012,17.93938317514355,16.005441994625127,53.941889571407685
Daylight_Far_20260114_211100_T11,1736909002.12,53,Daylight,Far,4,4,1280,720,22.652235942314622,1,3,bob,4,1,0.6882471236972885,1068.6491954335,264.0962980164579,1187.7737265043522,403.6802419115397,16627.871861521777,bob,0.908960412875341,alice,0.8076566730529129,0.10130373982242813,bob,bob,bob,2,1,1,0,0,19.997064401639012,17.93938317514355,16.005441994625127,53.941889571407685
Daylight_Far_20260114_211100_T11,1736909002.16,54,Daylight,Far,4,4,1280,720,28.20006946241227,0,0,diana,1,1,0.8059162172841409,84.05683787384982,248.29058841116682,199.26282881545404,410.3000001610998,18664.454822517404,diana,0.8486083232830004,bob,0.7668285791412134,0.08177974414178701,diana,diana,diana,3,1,1,0,0,13.155545862005683,10.048606613927321,12.501065657460002,35.705218133393004
Daylight_Far_20260114_211100_T11,1736909002.16,54,Daylight,Far,4,4,1280,720,28.20006946241227,0,1,chen,2,1,0.8167504171096163,413.9886053513264,234.68384971804625,504.80153112174906,386.0008938232127,13741.543494122257,chen,0.8074719688773045,diana,0.7039620436377408,0.1035099252395637,chen,chen,chen,3,1,1,0,0,13.155545862005683,10.048606613927321,12.501065657460002,35.705218133393004
Daylight_Far_20260114_211100_T11,1736909002.16,54,Daylight,Far,4,4,1280,720,28.20006946241227,0,2,alice,3,1,0.8393083908202164,749.511773338366,170.81908847016282,832.674992632384,381.6832842742198,17536.14535690955,chen,0.768373829020843,diana,0.7021947603409465,0.06617906867989642,unknown,unknown,unknown,0,0,0,0,0,13.155545862005683,10.048606613927321,12.501065657460002,35.705218133393004
Daylight_Far_20260114_211100_T11,1736909002.16,54,Daylight,Far,4,4,1280,720,28.20006946241227,0,3,bob,4,1,0.8053253836179657,1067.194026979988,246.3066843893846,1153.8415411315214,433.3098376292801,16203.358366735216,bob,0.8760892473140117,chen,0.8055232585193115,0.07056598879470022,bob,bob,bob,2,1,1,0,0,13.155545862005683,10.048606613927321,12.501065657460002,35.705218133393004
Daylight_Far_20260114_211100_T11,1736909002.2,55,Daylight,Far,4,4,1280,720,23.391145557482226,1,0,diana,1,1,0.7765739265360267,110.69801626447628,172.6937042008587,222.22257690665032,346.7672314220127,19413.473642772722,diana,0.7589906160548288,bob,0.6691954083379528,0.08979520771687599,diana,diana,diana,2,1,1,0,0,8.256716555117691,3.2508912830968586,4.213181517808691,15.720789356023241
Daylight_Far_20260114_211100_T11,1736909002.2,55,Daylight,Far,4,4,1280,720,23.391145557482226,1,1,chen,2,1,0.7579165913388941,416.1216538877127,193.3254600860334,527.9340258099564,371.5832370554378,19931.42485653542,chen,0.8138897696855968,alice,0.6475879879591276,0.16630178172646914,chen,chen,chen,2,1,1,0,0,8.256716555117691,3.2508912830968586,4.213181517808691,15.720789356023241
Daylight_Far_20260114_211100_T11,1736909002.2,55,Daylight,Far,4,4,1280,720,23.391145557482226,1,2,alice,3,1,0.740295049422403,738.6161709167009,292.363529903406,823.1865918875123,451.4026205447379,13450.002846352481,alice,0.8403724859666608,chen,0.7074797865218219,0.13289269944483895,alice,alice,alice,2,1,1,0,0,8.256716555117691,3.2508912830968586,4.213181517808691,15.720789356023241
Daylight_Far_20260114_211100_T11,1736909002.2,55,Daylight,Far,4,4,1280,720,23.391145557482226,1,3,bob,4,1,0.8631500362655643,1098.001192466777,188.12943662635584,1178.9005897728657,393.86867554715263,16644.18043090586,bob,0.8006210920268246,chen,0.6376677127522105,0.16295337927461417,bob,bob,bob,2,1,1,0,0,8.256716555117691,3.2508912830968586,4.213181517808691,15.720789356023241
Daylight_Far_20260114_211100_T11,1736909002.24,56,Daylight,Far,4,4,1280,720,22.24923743666386,1,0,diana,1,1,0.7855905138563368,113.5557351971778,137.10660342399117,203.66079946045517,351.07580823191927,19279.70894958072,diana,0.8748986916440417,bob,0.7242638014957877,0.15063489014825393,diana,diana,diana,3,1,1,0,0,8.555422964574882,6.889421063995047,7.344959272620993,22.789803301190922
Daylight_Far_20260114_211100_T11,1736909002.24,56,Daylight,Far,4,4,1280,720,22.24923743666386,1,1,chen,2,1,0.7421968009192815,402.41951641980955,192.82605796110477,500.9778935566746,336.0585362853785,14116.760616931619,chen,0.7747910739745696,alice,0.64547962280562,0.1293114511689496,chen,chen,chen,2,1,1,0,0,8.555422964574882,6.889421063995047,7.344959272620993,22.789803301190922
Daylight_Far_20260114_211100_T11,1736909002.24,56,Daylight,Far,4,4,1280,720,22.24923743666386,1,2,alice,3,1,0.6455465496950236,712.2159860841916,213.90462458246364,838.5064921017515,392.32354299589645,22532.615489538162,alice,0.9297212954331516,diana,0.777670917118566,0.15205037831458568,alice,alice,alice,2,1,1,0,0,8.555422964574882,6.889421063995047,7.344959272620993,22.789803301190922
Daylight_Far_20260114_211100_T11,1736909002.24,56,Daylight,Far,4,4,1280,720,22.24923743666386,1,3,bob,4,1,0.9050911495461347,1051.792697720785,205.35031901772496,1157.827027226893,395.70178915296367,20183.790506291967,bob,0.8957331866751227,diana,0.7177814848500874,0.17795170182503528,bob,bob,bob,2,1,1,0,0,8.555422964574882,6.889421063995047,7.344959272620993,22.789803301190922
Daylight_Far_20260114_211100_T11,1736909002.28,57,Daylight,Far,4,4,1280,720,23.593424528193705,0,0,diana,1,1,0.8399731819792736,93.11052679837249,285.2626735847866,175.0514611251741,435.07606234205,12275.849049434517,diana,0.8642447124979232,alice,0.7574043232323935,0.10684038926552974,diana,diana,diana,1,1,1,0,0,14.734187247286973,10.126765429109842,7.14293363098388,32.0038863073807
Daylight_Far_20260114_211100_T11,1736909002.28,57,Daylight,Far,4,4,1280,720,23.593424528193705,0,1,chen,-1,0,-1.0,-1.0,-1.0,-1.0,-1.0,0.0,unknown,-1.0,unknown,-1.0,-1.0,unknown,unknown,unknown,0,0,0,0,1,14.734187247286973,10.126765429109842,7.14293363098388,32.0038863073807
Daylight_Far_20260114_211100_T11,1736909002.28,57,Daylight,Far,4,4,1280,720,23.593424528193705,0,2,alice,3,1,0.7568162611712306,783.2081998162902,262.18682685240714,894.1714081883789,398.0816025658242,15079.32031416616,alice,0.8502354937256865,chen,0.7292691418751958,0.12096635185049076,alice,alice,alice,2,1,1,0,0,14.734187247286973,10.126765429109842,7.14293363098388,32.0038863073807
Daylight_Far_20260114_211100_T11,1736909002.28,57,Daylight,Far,4,4,1280,720,23.593424528193705,0,3,bob,4,1,0.811543575036009,1070.8209152748007,279.7903189768874,1156.8886685886257,443.8654534121754,14121.578195509046,bob,0.8636367693462408,alice,0.7116665348963046,0.15197023444993618,bob,bob,bob,3,1,1,0,0,14.734187247286973,10.126765429109842,7.14293363098388,32.0038863073807
Daylight_Far_20260114_211100_T11,1736909002.32,58,Daylight,Far,4,4,1280,720,23.511602406779726,2,0,diana,1,1,0.7316768478995245,93.32780038969167,199.6673993407668,178.80530234214632,374.28319176783134,14925.721738113825,diana,0.8843763681693001,bob,0.7842792731046806,0.1000970950646195,diana,diana,diana,2,1,1,0,0,10.030018776969312,10.037378998795138,7.001163420707041,27.06856119647149
Daylight_Far_20260114_211100_T11,1736909002.32,58,Daylight,Far,4,4,1280,720,23.511602406779726,2,1,chen,2,1,0.7013339271670782,454.6022684564735,230.6392314936412,538.7465300118926,420.49023118126934,15974.872174273565,chen,0.8314987119270855,alice,0.6766308711169868,0.15486784081009863,chen,chen,chen,1,1,1,0,0,10.030018776969312,10.037378998795138,7.001163420707041,27.06856119647149
Daylight_Far_20260114_211100_T11,1736909002.32,58,Daylight,Far,4,4,1280,720,23.511602406779726,2,2,alice,3,1,0.8035253072865484,743.2527972945529,253.69508467247908,866.1112141902192,430.08915035100506,21671.49565905389,alice,0.8267150461929278,bob,0.6479239605324163,0.1787910856605115,alice,alice,alice,2,1,1,0,0,10.030018776969312,10.037378998795138,7.001163420707041,27.06856119647149
Daylight_Far_20260114_211100_T11,1736909002.32,58,Daylight,Far,4,4,1280,720,23.511602406779726,2,3,bob,4,1,0.7789906705310088,1063.9911548590271,289.7994223115304,1159.140641823728,426.3486298727595,12992.587044887394,diana,0.8631063550233644,alice,0.8228972457459731,0.0402091092773913,unknown,unknown,unknown,0,0,0,0,0,10.030018776969312,10.037378998795138,7.001163420707041,27.06856119647149
Daylight_Far_20260114_211100_T11,1736909002.36,59,Daylight,Far,4,4,1280,720,24.95063022259942,1,0,diana,1,1,0.8645991304437383,116.89225241600998,214.58350737776937,214.90530768958462,418.94129579380115,20029.731211605995,diana,0.9469593621404637,alice,0.8230681569394885,0.12389120520097519,diana,diana,diana,2,1,1,0,0,14.060674719824094,6.963941430384342,11.417605399194311,32.442221549402745
Daylight_Far_20260114_211100_T11,1736909002.36,59,Daylight,Far,4,4,1280,720,24.95063022259942,1,1,chen,2,1,0.6392322096564886,440.5960154773028,224.29256587586576,563.6317912984306,367.35038098942766,17601.22926977255,chen,0.8616342796358271,alice,0.7581282015985416,0.10350607803728551,chen,chen,chen,2,1,1,0,0,14.060674719824094,6.963941430384342,11.417605399194311,32.442221549402745
Daylight_Far_20260114_211100_T11,1736909002.36,59,Daylight,Far,4,4,1280,720,24.95063022259942,1,2,alice,3,1,0.8046343672123647,750.8937640046845,285.90174361890143,870.0608101796022,417.81465440497044,15719.671930711282,alice,0.8632149336976929,bob,0.691509934137891,0.1717049995598019,alice,alice,alice,2,1,1,0,0,14.060674719824094,6.963941430384342,11.417605399194311,32.442221549402745
Daylight_Far_20260114_211100_T11,1736909002.36,59,Daylight,Far,4,4,1280,720,24.95063022259942,1,3,bob,4,1,0.772649897197293,1068.8420773180287,231.35977525604056,1171.2365971712675,369.87525795886137,14183.226343594935,bob,0.7840364795094946,diana,0.691562398143179,0.09247408136631563,bob,bob,bob,1,1,1,0,0,14.060674719824094,6.963941430384342,11.417605399194311,32.442221549402745
Daylight_Far_20260114_211100_T11,1736909002.4,60,Daylight,Far,4,4,1280,720,28.654326261153845,1,0,diana,1,1,0.8273491445069634,59.4026781007351,331.344691915353,186.4453259927148,538.1267238980397,26270.13687956455,diana,0.8207917542337153,chen,0.7365491100662799,0.08424264416743543,diana,diana,diana,2,1,1,0,0,16.059724255669206,8.993997456805674,11.27854187263558,36.33226358511046
Daylight_Far_20260114_211100_T11,1736909002.4,60,Daylight,Far,4,4,1280,720,28.654326261153845,1,1,chen,2,1,0.7483511723686067,430.69378044727335,233.04049979654664,534.0543195241736,418.67977793194405,19187.775861921295,chen,0.90454087921684,diana,0.7980137442961761,0.1065271349206639,chen,chen,chen,3,1,1,0,0,16.059724255669206,8.993997456805674,11.27854187263558,36.33226358511046
Daylight_Far_20260114_211100_T11,1736909002.4,60,Daylight,Far,4,4,1280,720,28.654326261153845,1,2,alice,-1,0,-1.0,-1.0,-1.0,-1.0,-1.0,0.0,unknown,-1.0,unknown,-1.0,-1.0,unknown,unknown,unknown,0,0,0,0,1,16.059724255669206,8.993997456805674,11.27854187263558,36.33226358511046
Daylight_Far_20260114_211100_T11,1736909002.4,60,Daylight,Far,4,4,1280,720,28.654326261153845,1,3,bob,4,1,0.8156635145619214,1065.9901453853897,196.80319614522878,1167.0441587581493,383.7960704526795,18896.380420875867,bob,0.9728067184473963,diana,0.8150206374900296,0.15778608095736668,bob,bob,bob,2,1,1,0,0,16.059724255669206,8.993997456805674,11.27854187263558,36.33226358511046
Daylight_Far_20260114_211100_T11,1736909002.44,61,Daylight,Far,4,4,1280,720,25.663427732136242,0,0,diana,1,1,0.7304357191395009,119.27707362690883,258.73716991911505,200.2738118743152,432.94367585321885,14110.158762139848,diana,0.8476097048357978,alice,0.7482392338119921,0.0993704710238057,diana,diana,diana,2,1,1,0,0,17.268066909530173,10.573932676318,4.559903543247165,32.40190312909534
Daylight_Far_20260114_211100_T11,1736909002.44,61,Daylight,Far,4,4,1280,720,25.663427732136242,0,1,chen,2,1,0.746036687448676,407.8129157615127,141.88291338312388,535.2136743792096,343.2765704972488,25657.704697131838,chen,0.7790108416080052,diana,0.6004156884806379,0.1785951531273673,chen,chen,chen,2,1,1,0,0,17.268066909530173,10.573932676318,4.559903543247165,32.40190312909534
Daylight_Far_20260114_211100_T11,1736909002.44,61,Daylight,Far,4,4,1280,720,25.663427732136242,0,2,alice,3,1,0.7722110624523882,781.7205603690346,234.31714231012504,881.9235902734903,403.7239142642203,16975.07183613351,alice,0.7894295073847669,chen,0.6760867097793217,0.11334279760544519,alice,alice,alice,2,1,1,0,0,17.268066909530173,10.573932676318,4.559903543247165,32.40190312909534
Daylight_Far_20260114_211100_T11,1736909002.44,61,Daylight,Far,4,4,1280,720,25.663427732136242,0,3,bob,4,1,0.8001165822732181,1051.925888157923,173.43705668019112,1179.2219728820096,373.2485686350106,25435.22315464853,bob,0.8266718319382358,alice,0.7620717294123386,0.06460010252589721,bob,bob,bob,3,1,1,0,0,17.268066909530173,10.573932676318,4.559903543247165,32.40190312909534
Daylight_Far_20260114_211100_T11,1736909002.48,62,Daylight,Far,4,4,1280,720,23.7938216857242,2,0,diana,1,1,0.6832179386850393,84.0974738725669,216.79137309389563,185.22233664435922,404.7505435020053,19007.34531422002,diana,0.8537059686752091,bob,0.7023722090806679,0.1513337595945412,diana,diana,diana,1,1,1,0,0,18.18281194486016,18.484531451822207,14.460253146621966,51.12759654330433
Daylight_Far_20260114_211100_T11,1736909002.48,62,Daylight,Far,4,4,1280,720,23.7938216857242,2,1,chen,2,1,0.7139308592418336,451.61728211527156,268.4330721709682,536.4173300217933,401.9417335949207,11321.540884686763,chen,0.8848559656774804,diana,0.7783919683712531,0.10646399730622724,chen,chen,chen,3,1,1,0,0,18.18281194486016,18.484531451822207,14.460253146621966,51.12759654330433
Daylight_Far_20260114_211100_T11,1736909002.48,62,Daylight,Far,4,4,1280,720,23.7938216857242,2,2,alice,-1,0,-1.0,-1.0,-1.0,-1.0,-1.0,0.0,unknown,-1.0,unknown,-1.0,-1.0,unknown,unknown,unknown,0,0,0,0,1,18.18281194486016,18.484531451822207,14.460253146621966,51.12759654330433
Daylight_Far_20260114_211100_T11,1736909002.48,62,Daylight,Far,4,4,1280,720,23.7938216857242,2,3,bob,4,1,0.7617994229119863,1062.128222673378,253.6047796023817,1163.4269610294812,438.4660046906857,18726.208872408777,bob,0.8389855407243605,chen,0.6883607649171323,0.15062477580722822,bob,bob,bob,2,1,1,0,0,18.18281194486016,18.484531451822207,14.460253146621966,51.12759654330433
Daylight_Far_20260114_211100_T11,1736909002.52,63,Daylight,Far,4,4,1280,720,23.724292097313395,1,0,diana,1,1,0.809249197662264,100.42938297809633,325.9825971164598,183.9389786043672,539.5641632180977,17836.110218373433,diana,0.8057370732868874,chen,0.6915514409218441,0.11418563236504331,diana,diana,diana,2,1,1,0,0,15.261381515932621,11.044024764855001,11.826345758050843,38.131752038838464
Daylight_Far_20260114_211100_T11,1736909002.52,63,Daylight,Far,4,4,1280,720,23.724292097313395,1,1,chen,-1,0,-1.0,-1.0,-1.0,-1.0,-1.0,0.0,unknown,-1.0,unknown,-1.0,-1.0,unknown,unknown,unknown,0,0,0,0,1,15.261381515932621,11.044024764855001,11.826345758050843,38.131752038838464
Daylight_Far_20260114_211100_T11,1736909002.52,63,Daylight,Far,4,4,1280,720,23.724292097313395,1,2,alice,3,1,0.8130732969198089,727.7204946962592,263.2451593552362,845.8770771310925,439.6038252324812,20837.937242821932,alice,0.8343774872609847,bob,0.7333879771264181,0.10098951013456658,alice,alice,alice,3,1,1,0,0,15.261381515932621,11.044024764855001,11.826345758050843,38.131752038838464
Daylight_Far_20260114_211100_T11,1736909002.52,63,Daylight,Far,4,4,1280,720,23.724292097313395,1,3,bob,4,1,0.6729385130617255,1060.4560987972513,242.9816781685767,1172.9868484068415,375.19698986023747,14878.2881345282,bob,0.8775062977141845,chen,0.7818582303619371,0.0956480673522474,bob,bob,bob,2,1,1,0,0,15.261381515932621,11.044024764855001,11.826345758050843,38.131752038838464
Daylight_Far_20260114_211100_T11,1736909002.56,64,Daylight,Far,4,4,1280,720,30.052454574194755,2,0,diana,1,1,0.8391781509440354,115.41291805776444,165.1910903055786,240.83413259848334,320.04155351384344,19421.533167773483,diana,0.8262342264821221,chen,0.685369332762175,0.14086489371994704,diana,diana,diana,3,1,1,0,0,13.02374734197436,9.510028408207477,2.170550317962869,24.704326068144706
Daylight_Far_20260114_211100_T11,1736909002.56,64,Daylight,Far,4,4,1280,720,30.052454574194755,2,1,chen,2,1,0.76962580121014,416.28827187715626,239.90965771898232,525.7433654541726,389.25134449099244,16346.208300579829,chen,0.8006719214675562,alice,0.6821309974589207,0.11854092400863547,chen,chen,chen,2,1,1,0,0,13.02374734197436,9.510028408207477,2.170550317962869,24.704326068144706
Daylight_Far_20260114_211100_T11,1736909002.56,64,Daylight,Far,4,4,1280,720,30.052454574194755,2,2,alice,-1,0,-1.0,-1.0,-1.0,-1.0,-1.0,0.0,unknown,-1.0,unknown,-1.0,-1.0,unknown,unknown,unknown,0,0,0,0,1,13.02374734197436,9.510028408207477,2.170550317962869,24.704326068144706
Daylight_Far_20260114_211100_T11,1736909002.56,64,Daylight,Far,4,4,1280,720,30.052454574194755,2,3,bob,4,1,0.7220392936122982,1074.4867507341671,293.07115693300375,1184.418903248166,435.9886166683916,15711.223980543966,bob,0.8620229090577665,alice,0.7673174768662518,0.09470543219151462,bob,bob,bob,1,1,1,0,0,13.02374734197436,9.510028408207477,2.170550317962869,24.704326068144706
Daylight_Far_20260114_211100_T11,1736909002.6,65,Daylight,Far,4,4,1280,720,25.49663514319102,2,0,diana,1,1,0.7811561212817563,75.37472818401267,209.92419213413174,187.28639106654532,392.37556827556534,20418.43689919428,chen,0.6763397093496212,bob,0.65805450510914,0.01828520424048119,unknown,unknown,unknown,0,0,0,0,0,17.41477411531188,9.877087095102647,13.977081377682621,41.26894258809715
Daylight_Far_20260114_211100_T11,1736909002.6,65,Daylight,Far,4,4,1280,720,25.49663514319102,2,1,chen,2,1,0.68363357826509,417.9915206705921,236.97183141278754,529.2206867843593,412.05603173376005,19474.46960139754,chen,0.8291860945909159,alice,0.6623755022003053,0.16681059239061058,chen,chen,chen,2,1,1,0,0,17.41477411531188,9.877087095102647,13.977081377682621,41.26894258809715
Daylight_Far_20260114_211100_T11,1736909002.6,65,Daylight,Far,4,4,1280,720,25.49663514319102,2,2,alice,3,1,0.8126831186539198,724.7878995660516,221.59960349737952,831.8064630977289,352.53867701924895,14012.911558479145,alice,0.8772218707918806,diana,0.7527235129765792,0.12449835781530139,alice,alice,alice,2,1,1,0,0,17.41477411531188,9.877087095102647,13.977081377682621,41.26894258809715
Daylight_Far_20260114_211100_T11,1736909002.6,65,Daylight,Far,4,4,1280,720,25.49663514319102,2,3,bob,4,1,0.7966588358490658,1075.5883228619389,137.30747645112473,1194.435628598207,324.10794506246884,22200.732404730552,bob,0.8836847250874089,diana,0.7967999749190383,0.0868847501683706,bob,bob,bob,2,1,1,0,0,17.41477411531188,9.877087095102647,13.977081377682621,41.26894258809715
Daylight_Far_20260114_211100_T11,1736909002.64,66,Daylight,Far,4,4,1280,720,28.355487301922057,4,0,diana,1,1,0.7840183151507526,117.3500676446286,174.8755017036862,203.8925780873072,389.36129935672903,18562.139383194706,diana,0.9169796320725154,chen,0.8134570057022381,0.10352262637027732,diana,diana,diana,1,1,1,0,0,16.680417649461692,15.839031413743436,13.022747625452952,45.54219668865808
Daylight_Far_20260114_211100_T11,1736909002.64,66,Daylight,Far,4,4,1280,720,28.355487301922057,4,1,chen,2,1,0.864920238726644,444.91327674474286,242.46545659310593,547.1359397344289,392.1975824541636,15306.016640624153,chen,0.9119804206574491,bob,0.7713230107217768,0.14065740993567233,chen,chen,chen,2,1,1,0,0,16.680417649461692,15.839031413743436,13.022747625452952,45.54219668865808
Daylight_Far_20260114_211100_T11,1736909002.64,66,Daylight,Far,4,4,1280,720,28.355487301922057,4,2,alice,3,1,0.8992938951294894,763.1090615292169,319.29434187214235,848.365214630448,450.88737244943104,11219.115561952312,alice,0.8181741468092645,chen,0.648104541988386,0.17006960482087852,alice,alice,alice,3,1,1,0,0,16.680417649461692,15.839031413743436,13.022747625452952,45.54219668865808
Daylight_Far_20260114_211100_T11,1736909002.64,66,Daylight,Far,4,4,1280,720,28.355487301922057,4,3,bob,4,1,0.7543002514646872,1083.4249924310923,230.35728171622245,1173.2200792642673,437.27950411725453,18580.598928214225,bob,0.8089062024735131,chen,0.7012233530886729,0.10768284938484018,bob,bob,bob,3,1,1,0,0,16.680417649461692,15.839031413743436,13.022747625452952,45.54219668865808
Daylight_Far_20260114_211100_T11,1736909002.68,67,Daylight,Far,4,4,1280,720,24.48841518250307,1,0,diana,1,1,0.8311763054067197,86.74369168385002,274.1769050425657,195.6582227179958,467.8184461921034,21090.377643031145,diana,0.8520814593412052,bob,0.7484068069056036,0.10367465243560159,diana,diana,diana,2,1,1,0,0,16.97881421189663,13.844695604023737,17.353414274524418,48.176924090444786
Daylight_Far_20260114_211100_T11,1736909002.68,67,Daylight,Far,4,4,1280,720,24.48841518250307,1,1,chen,2,1,0.8309871328873458,426.5099102336877,257.8369576224956,511.8836760780049,433.4688793564699,14994.358560903764,bob,0.6845286237737189,alice,0.6432115383162477,0.04131708545747126,unknown,unknown,unknown,0,0,0,0,0,16.97881421189663,13.844695604023737,17.353414274524418,48.176924090444786
Daylight_Far_20260114_211100_T11,1736909002.68,67,Daylight,Far,4,4,1280,720,24.48841518250307,1,2,alice,3,1,0.8065012741465435,765.4846855324236,266.46119265736195,859.8907680025827,410.6560443304692,13612.871058823728,alice,0.8939272161583847,bob,0.7533688186301106,0.14055839752827404,alice,alice,alice,3,1,1,0,0,16.97881421189663,13.844695604023737,17.353414274524418,48.176924090444786
Daylight_Far_20260114_211100_T11,1736909002.68,67,Daylight,Far,4,4,1280,720,24.48841518250307,1,3,bob,4,1,0.795964576150684,1079.6992334045176,234.1145171378342,1188.9052788129811,400.1732728935897,18134.620021535986,bob,0.8234002640090379,diana,0.682415059173367,0.1409852048356709,bob,bob,bob,2,1,1,0,0,16.97881421189663,13.844695604023737,17.353414274524418,48.176924090444786
Daylight_Far_20260114_211100_T11,1736909002.72,68,Daylight,Far,4,4,1280,720,24.178411023476706,2,0,diana,1,1,0.8849304292238743,102.21533047414916,307.1700243394193,225.76314395207527,469.8066786510529,20093.403031567657,diana,0.8854237753892459,alice,0.7326112980506105,0.15281247733863534,diana,diana,diana,2,1,1,0,0,19.625215039788092,11.744171049674135,10.31886323333397,41.688249322796196
Daylight_Far_20260114_211100_T11,1736909002.72,68,Daylight,Far,4,4,1280,720,24.178411023476706,2,1,chen,2,1,0.7731359396197081,428.99425730173533,254.22370747824857,530.0411993834581,444.9248779075333,19269.770123284674,chen,0.7806106385925446,bob,0.7668605842636577,0.013750054328886985,unknown,unknown,unknown,0,0,0,0,0,19.625215039788092,11.744171049674135,10.31886323333397,41.688249322796196
Daylight_Far_20260114_211100_T11,1736909002.72,68,Daylight,Far,4,4,1280,720,24.178411023476706,2,2,alice,3,1,0.6199402339269723,747.3786570517586,302.3527062050134,847.9484180409468,439.9933662667096,13842.488284798876,alice,0.8942337471357403,bob,0.8268707450549203,0.06736300208082002,alice,alice,alice,2,1,1,0,0,19.625215039788092,11.744171049674135,10.31886323333397,41.688249322796196
Daylight_Far_20260114_211100_T11,1736909002.72,68,Daylight,Far,4,4,1280,720,24.178411023476706,2,3,bob,4,1,0.904381853277917,1057.675789067867,219.31090223860502,1164.4358086320178,379.7762090453147,17131.27929405178,bob,0.8656591172484918,alice,0.7764489757091869,0.08921014153930484,bob,bob,bob,1,1,1,0,0,19.625215039788092,11.744171049674135,10.31886323333397,41.688249322796196
Daylight_Far_20260114_211100_T11,1736909002.76,69,Daylight,Far,4,4,1280,720,24.150185204797893,0,0,diana,1,1,0.8078365682627999,91.25997086643865,270.45646433505306,201.05162862160597,446.7160727461944,19351.834602735842,diana,0.8695225308280388,bob,0.710585688604797,0.15893684222324178,diana,diana,diana,1,1,1,0,0,18.62291156847666,8.649897432737635,14.688506002183555,41.96131500339785
Daylight_Far_20260114_211100_T11,1736909002.76,69,Daylight,Far,4,4,1280,720,24.150185204797893,0,1,chen,2,1,0.8946706304203175,418.29619052755436,261.4938939248595,540.5013917978823,394.8288547044013,16294.225718435191,chen,0.8442489537676596,alice,0.7644640740405748,0.07978487972708481,chen,chen,chen,1,1,1,0,0,18.62291156847666,8.649897432737635,14.688506002183555,41.96131500339785
Daylight_Far_20260114_211100_T11,1736909002.76,69,Daylight,Far,4,4,1280,720,24.150185204797893,0,2,alice,3,1,0.9533317330209087,740.2225884887198,225.56804081015542,855.5537350622737,399.2343938675993,20029.139619362628,alice,0.8195375270718849,diana,0.713713741173116,0.10582378589876884,alice,alice,alice,2,1,1,0,0,18.62291156847666,8.649897432737635,14.688506002183555,41.96131500339785
Daylight_Far_20260114_211100_T11,1736909002.76,69,Daylight,Far,4,4,1280,720,24.150185204797893,0,3,bob,4,1,0.9705481568974643,1070.9613814549778,256.05834141124484,1166.2794690477233,471.4890253430795,20534.440801179695,bob,0.8903251447367166,alice,0.7425533764702301,0.14777176826648653,bob,bob,bob,3,1,1,0,0,18.62291156847666,8.649897432737635,14.688506002183555,41.96131500339785
Daylight_Far_20260114_211100_T11,1736909002.8,70,Daylight,Far,4,4,1280,720,24.031562092170322,0,0,diana,1,1,0.7695258639204556,108.46254205960794,242.82399688047258,223.70072422134507,417.39110016911627,20116.795648223502,diana,0.8146837769264803,alice,0.7484454482857984,0.06623832864068191,diana,diana,diana,2,1,1,0,0,17.77089534154456,14.71437504724657,12.397318742704556,44.882589131495685
Daylight_Far_20260114_211100_T11,1736909002.8,70,Daylight,Far,4,4,1280,720,24.031562092170322,0,1,chen,2,1,0.8026733108904809,436.61489855920786,221.5630575957707,534.9974319659285,376.59448026140603,15252.3841194933,chen,0.9007383150402108,bob,0.7658210827359515,0.13491723230425934,chen,chen,chen,2,1,1,0,0,17.77089534154456,14.71437504724657,12.397318742704556,44.882589131495685
Daylight_Far_20260114_211100_T11,1736909002.8,70,Daylight,Far,4,4,1280,720,24.031562092170322,0,2,alice,3,1,0.8980666760941309,740.9483388735439,253.50447580063832,840.5805932418898,411.11742635806985,15703.333581683546,diana,0.718779517752365,chen,0.6851830622244084,0.03359645552795665,unknown,unknown,unknown,0,0,0,0,0,17.77089534154456,14.71437504724657,12.397318742704556,44.882589131495685
Daylight_Far_20260114_211100_T11,1736909002.8,70,Daylight,Far,4,4,1280,720,24.031562092170322,0,3,bob,4,1,0.7470577658679542,1085.5213567463088,263.3874120733672,1201.090230696525,433.3273327943962,19639.765276918322,bob,0.8134956564986474,alice,0.673482499119891,0.14001315737875641,bob,bob,bob,1,1,1,0,0,17.77089534154456,14.71437504724657,12.397318742704556,44.882589131495685
Daylight_Far_20260114_211100_T11,1736909002.84,71,Daylight,Far,4,4,1280,720,25.55192190197085,2,0,diana,1,1,0.8412844830494923,124.55283250229493,292.4242569515647,221.29340713324214,492.3135246416619,19337.402618899232,diana,0.8605353127429156,alice,0.7717918334690641,0.08874347927385151,diana,diana,diana,2,1,1,0,0,20.599543345259264,8.6341257158823,9.113391007820367,38.34706006896193
Daylight_Far_20260114_211100_T11,1736909002.84,71,Daylight,Far,4,4,1280,720,25.55192190197085,2,1,chen,2,1,0.6933544211063799,432.3050211446388,249.0334122377348,520.095027452418,383.9582314655043,11845.050731081852,chen,0.8671655106559959,bob,0.7208991322392818,0.14626637841671408,chen,chen,chen,2,1,1,0,0,20.599543345259264,8.6341257158823,9.113391007820367,38.34706006896193
Daylight_Far_20260114_211100_T11,1736909002.84,71,Daylight,Far,4,4,1280,720,25.55192190197085,2,2,alice,3,1,0.6976569505169324,748.2061206566183,211.2751562758209,830.659598085903,413.9932581767232,16714.812439593483,alice,0.90377922753654,bob,0.817396806451073,0.08638242108546701,alice,alice,alice,3,1,1,0,0,20.599543345259264,8.6341257158823,9.113391007820367,38.34706006896193
Daylight_Far_20260114_211100_T11,1736909002.84,71,Daylight,Far,4,4,1280,720,25.55192190197085,2,3,bob,4,1,0.8447365802276261,1052.3010926759164,233.10433721544544,1161.0841834560827,373.3897037510194,15260.675762968242,bob,0.7780004604400268,chen,0.7377894000383606,0.04021106040166622,unknown,unknown,unknown,0,0,0,0,0,20.599543345259264,8.6341257158823,9.113391007820367,38.34706006896193
Daylight_Far_20260114_211100_T11,1736909002.88,72,Daylight,Far,4,4,1280,720,24.200949388183453,3,0,diana,1,1,0.8220141502138177,106.51941815582214,214.62568213212379,197.17972200101852,348.9643911856739,12179.188180966286,diana,0.8310983023652101,chen,0.7152926832622244,0.1158056191029857,diana,diana,diana,3,1,1,0,0,22.20945377403609,16.854696785053846,4.832368315076938,43.89651887416687
Daylight_Far_20260114_211100_T11,1736909002.88,72,Daylight,Far,4,4,1280,720,24.200949388183453,3,1,chen,2,1,0.840628908283978,399.8907295702562,197.54590675457308,521.4155536366803,392.1471368961407,23648.880256063712,chen,0.699902182293151,alice,0.6672285630228081,0.03267361927034296,unknown,unknown,unknown,0,0,0,0,0,22.20945377403609,16.854696785053846,4.832368315076938,43.89651887416687
Daylight_Far_20260114_211100_T11,1736909002.88,72,Daylight,Far,4,4,1280,720,24.200949388183453,3,2,alice,3,1,0.7949635799981843,760.9795918988623,270.8908991697699,867.791638726675,429.1191939114742,16900.68802743588,alice,0.751520972790551,bob,0.6378208397258844,0.11370013306466653,alice,alice,alice,2,1,1,0,0,22.20945377403609,16.854696785053846,4.832368315076938,43.89651887416687
Daylight_Far_20260114_211100_T11,1736909002.88,72,Daylight,Far,4,4,1280,720,24.200949388183453,3,3,bob,4,1,0.904645030106052,1089.393008325657,165.9097926546317,1178.4794362573773,324.6265197870939,14139.506273244597,bob,0.7860444597771721,chen,0.7229511177093142,0.06309334206785788,bob,bob,bob,2,1,1,0,0,22.20945377403609,16.854696785053846,4.832368315076938,43.89651887416687
Daylight_Far_20260114_211100_T11,1736909002.92,73,Daylight,Far,4,4,1280,720,25.481326043326163,4,0,diana,1,1,0.8177856185677183,97.1002462208034,302.6517099864129,217.16727463888685,509.6920736925722,24858.721232797758,diana,0.8310525033620659,bob,0.7312799588452796,0.0997725445167863,diana,diana,diana,2,1,1,0,0,9.138239366927072,8.678867873115184,4.779882033851562,22.59698927389382
Daylight_Far_20260114_211100_T11,1736909002.92,73,Daylight,Far,4,4,1280,720,25.481326043326163,4,1,chen,2,1,0.9133872420243241,398.46817255660153,245.0579770771634,524.3433883101541,389.79086032230816,18218.282905116328,chen,0.8822037872324028,alice,0.7172220521715753,0.16498173506082747,chen,chen,chen,1,1,1,0,0,9.138239366927072,8.678867873115184,4.779882033851562,22.59698927389382
Daylight_Far_20260114_211100_T11,1736909002.92,73,Daylight,Far,4,4,1280,720,25.481326043326163,4,2,alice,3,1,0.8069994486892693,732.1705727104713,266.86404724553483,847.4356178465864,446.68668611739724,20727.26458606054,alice,0.8225272181542208,bob,0.7382104803252465,0.08431673782897431,alice,alice,alice,3,1,1,0,0,9.138239366927072,8.678867873115184,4.779882033851562,22.59698927389382
Daylight_Far_20260114_211100_T11,1736909002.92,73,Daylight,Far,4,4,1280,720,25.481326043326163,4,3,bob,4,1,0.6664824227908382,1057.265369083975,304.79589228189536,1155.3633903676475,482.17203894048714,17400.24901013036,bob,0.8583542728124255,alice,0.7302592202237196,0.1280950525887059,bob,bob,bob,2,1,1,0,0,9.138239366927072,8.678867873115184,4.779882033851562,22.59698927389382
Daylight_Far_20260114_211100_T11,1736909002.96,74,Daylight,Far,4,4,1280,720,27.141571273743942,1,0,diana,1,1,0.9786353429369548,113.01845740097018,205.06051272857377,240.54758235990613,403.290761867664,25280.130213100045,diana,0.9468577879173423,chen,0.8021338510191882,0.1447239368981541,diana,diana,diana,2,1,1,0,0,21.106732696139527,7.843766237106893,9.89027931789469,38.84077825114111
Daylight_Far_20260114_211100_T11,1736909002.96,74,Daylight,Far,4,4,1280,720,27.141571273743942,1,1,chen,2,1,0.8652490938897369,416.1000472505764,287.8457073118093,543.2579202138263,425.324514747952,17481.512731104132,chen,0.9195943206148799,bob,0.7593679175393944,0.16022640307548552,chen,chen,chen,1,1,1,0,0,21.106732696139527,7.843766237106893,9.89027931789469,38.84077825114111
Daylight_Far_20260114_211100_T11,1736909002.96,74,Daylight,Far,4,4,1280,720,27.141571273743942,1,2,alice,3,1,0.7432277448379729,727.1258715501672,326.2462743065952,852.0874667159935,542.1463636656428,26979.219562751034,alice,0.8147228604891972,chen,0.6872184060100452,0.12750445447915193,alice,alice,alice,1,1,1,0,0,21.106732696139527,7.843766237106893,9.89027931789469,38.84077825114111
Daylight_Far_20260114_211100_T11,1736909002.96,74,Daylight,Far,4,4,1280,720,27.141571273743942,1,3,bob,4,1,0.7050176456665118,1106.535940849618,278.3593840005838,1205.550224125963,455.2495065570661,17514.648703594914,bob,0.6498366058527618,alice,0.5700125409997466,0.07982406485301519,unknown,unknown,unknown,0,0,0,0,0,21.106732696139527,7.843766237106893,9.89027931789469,38.84077825114111
Daylight_Far_20260114_211100_T11,1736909003.0,75,Daylight,Far,4,4,1280,720,26.874055165288706,0,0,diana,1,1,0.8326709759917906,105.87334450956331,223.89792522658803,232.7331728092156,413.3835428803679,24038.112920812076,diana,0.8582580254600835,alice,0.6897218141033251,0.16853621135675834,diana,diana,diana,2,1,1,0,0,22.95198851595454,20.954756370067273,16.339627848697077,60.24637273471889
Daylight_Far_20260114_211100_T11,1736909003.0,75,Daylight,Far,4,4,1280,720,26.874055165288706,0,1,chen,2,1,0.8484936683619705,381.3014726839544,249.286421065027,504.51392210974535,454.58409014593605,25295.228668864274,chen,0.9463475092045579,bob,0.7713867031083516,0.17496080609620634,chen,chen,chen,2,1,1,0,0,22.95198851595454,20.954756370067273,16.339627848697077,60.24637273471889
Daylight_Far_20260114_211100_T11,1736909003.0,75,Daylight,Far,4,4,1280,720,26.874055165288706,0,2,alice,3,1,0.7627227883969842,752.6206880738868,210.37163238074834,834.945291384595,404.9542415254383,16018.936108999183,alice,0.8931954949562346,chen,0.7721763389324212,0.12101915602381341,alice,alice,alice,3,1,1,0,0,22.95198851595454,20.954756370067273,16.339627848697077,60.24637273471889
Daylight_Far_20260114_211100_T11,1736909003.0,75,Daylight,Far,4,4,1280,720,26.874055165288706,0,3,bob,4,1,0.7460392366105816,1068.0148133776597,233.4389982039906,1189.581354748499,444.83765148718595,25699.00313009129,bob,0.8190152296321863,alice,0.6603025468581891,0.1587126827739972,bob,bob,bob,2,1,1,0,0,22.95198851595454,20.954756370067273,16.339627848697077,60.24637273471889
Daylight_Far_20260114_211100_T11,1736909003.04,76,Daylight,Far,4,4,1280,720,25.364224891411816,2,0,diana,1,1,0.7067534421114655,119.78670456179464,174.618874311912,212.29007818475839,384.39663293090234,19405.150383320368,diana,0.9052121915369739,alice,0.7791870304436082,0.1260251610933657,diana,diana,diana,1,1,1,0,0,19.423252921230464,16.465677997987083,5.330348237856409,41.219279157073956
Daylight_Far_20260114_211100_T11,1736909003.04,76,Daylight,Far,4,4,1280,720,25.364224891411816,2,1,chen,2,1,0.702782054202259,404.4027145444898,271.7444014600723,500.2738546738912,454.6513360262597,17535.496354434203,chen,0.8380233305513872,bob,0.7382611030627781,0.09976222748860908,chen,chen,chen,2,1,1,0,0,19.423252921230464,16.465677997987083,5.330348237856409,41.219279157073956
Daylight_Far_20260114_211100_T11,1736909003.04,76,Daylight,Far,4,4,1280,720,25.364224891411816,2,2,alice,3,1,0.7424768058335895,739.062803882955,157.06684588680793,841.8721506647212,314.390334634332,16174.325111561495,chen,0.7762233778852055,bob,0.7073749877637262,0.06884839012147925,unknown,unknown,unknown,0,0,0,0,0,19.423252921230464,16.465677997987083,5.330348237856409,41.219279157073956
Daylight_Far_20260114_211100_T11,1736909003.04,76,Daylight,Far,4,4,1280,720,25.364224891411816,2,3,bob,4,1,0.8068728302405961,1096.6962194618716,279.6367926467469,1209.9767627404274,436.07993432670446,17721.964081709666,bob,0.9564586108175089,chen,0.8720321428396672,0.0844264679778417,bob,bob,bob,2,1,1,0,0,19.423252921230464,16.465677997987083,5.330348237856409,41.219279157073956
Daylight_Far_20260114_211100_T11,1736909003.08,77,Daylight,Far,4,4,1280,720,23.31939573422477,2,0,diana,-1,0,-1.0,-1.0,-1.0,-1.0,-1.0,0.0,unknown,-1.0,unknown,-1.0,-1.0,unknown,unknown,unknown,0,0,0,0,1,16.821819684127508,10.374993307170927,6.45366053422231,33.650473525520745
Daylight_Far_20260114_211100_T11,1736909003.08,77,Daylight,Far,4,4,1280,720,23.31939573422477,2,1,chen,2,1,0.8562294682367786,431.1788980365544,283.1072518281341,536.5170060601164,429.77192546729674,15449.379235042576,alice,0.7593109300390605,chen,0.6997172601697137,0.05959366986934678,unknown,unknown,unknown,0,0,0,0,0,16.821819684127508,10.374993307170927,6.45366053422231,33.650473525520745
Daylight_Far_20260114_211100_T11,1736909003.08,77,Daylight,Far,4,4,1280,720,23.31939573422477,2,2,alice,3,1,0.8236929670999525,771.0851722840763,267.50938821681626,872.6236484810723,419.7470382683311,15457.979006042353,alice,0.8319383192562443,chen,0.7247474920947548,0.10719082716148953,alice,alice,alice,2,1,1,0,0,16.821819684127508,10.374993307170927,6.45366053422231,33.650473525520745
Daylight_Far_20260114_211100_T11,1736909003.08,77,Daylight,Far,4,4,1280,720,23.31939573422477,2,3,bob,4,1,0.7720313067336272,1078.1134498465217,216.48832750284512,1178.5659168762722,405.4034771888545,18976.992845254244,bob,0.6367721860541186,alice,0.6064919781443576,0.030280207909760937,unknown,unknown,unknown,0,0,0,0,0,16.821819684127508,10.374993307170927,6.45366053422231,33.650473525520745
Daylight_Far_20260114_211100_T11,1736909003.12,78,Daylight,Far,4,4,1280,720,24.883347509897746,2,0,diana,-1,0,-1.0,-1.0,-1.0,-1.0,-1.0,0.0,unknown,-1.0,unknown,-1.0,-1.0,unknown,unknown,unknown,0,0,0,0,1,20.51536023205589,16.510340590217936,7.879236757296702,44.90493757957053
Daylight_Far_20260114_211100_T11,1736909003.12,78,Daylight,Far,4,4,1280,720,24.883347509897746,2,1,chen,2,1,0.6929808649038675,413.49594822467236,184.80075869528235,538.8775603343639,322.8991569651223,17314.99980483877,chen,0.8918497831164955,bob,0.8007287132790604,0.09112106983743518,chen,chen,chen,1,1,1,0,0,20.51536023205589,16.510340590217936,7.879236757296702,44.90493757957053
Daylight_Far_20260114_211100_T11,1736909003.12,78,Daylight,Far,4,4,1280,720,24.883347509897746,2,2,alice,3,1,0.8636963604011404,775.8519286184066,224.93288282658625,858.1432912051209,388.5436638475053,13463.75410408796,alice,0.8955204957296344,bob,0.7255415426837001,0.16997895304593436,alice,alice,alice,1,1,1,0,0,20.51536023205589,16.510340590217936,7.879236757296702,44.90493757957053
Daylight_Far_20260114_211100_T11,1736909003.12,78,Daylight,Far,4,4,1280,720,24.883347509897746,2,3,bob,4,1,0.6558586373440507,1075.0677979483303,183.70348144484205,1181.9980150145116,326.08216377542124,15224.583407205702,bob,0.797035607315558,diana,0.6650243674645366,0.13201123985102137,bob,bob,bob,2,1,1,0,0,20.51536023205589,16.510340590217936,7.879236757296702,44.90493757957053
Daylight_Far_20260114_211100_T11,1736909003.16,79,Daylight,Far,4,4,1280,720,25.86742693877084,1,0,diana,1,1,0.7083385755071074,106.63393007132169,269.8657731542852,214.1871750349668,473.94782675599856,21949.68710370883,bob,0.61207081279,diana,0.5647475455047245,0.04732326728527547,bob,bob,bob,2,0,0,1,0,21.186996096048166,9.083249070592988,11.724296490736627,41.99454165737778
Daylight_Far_20260114_211100_T11,1736909003.16,79,Daylight,Far,4,4,1280,720,25.86742693877084,1,1,chen,2,1,0.7112570301543137,402.7004493369909,219.81968930739382,527.322897741048,411.69831491768105,23912.384119959406,chen,0.8813292459426011,alice,0.800095267994988,0.08123397794761311,chen,chen,chen,2,1,1,0,0,21.186996096048166,9.083249070592988,11.724296490736627,41.99454165737778
Daylight_Far_20260114_211100_T11,1736909003.16,79,Daylight,Far,4,4,1280,720,25.86742693877084,1,2,alice,-1,0,-1.0,-1.0,-1.0,-1.0,-1.0,0.0,unknown,-1.0,unknown,-1.0,-1.0,unknown,unknown,unknown,0,0,0,0,1,21.186996096048166,9.083249070592988,11.724296490736627,41.99454165737778
Daylight_Far_20260114_211100_T11,1736909003.16,79,Daylight,Far,4,4,1280,720,25.86742693877084,1,3,bob,4,1,0.8821556466486807,1047.84174211479,167.8653537221836,1162.5825272200584,313.38733783326177,16697.30670698152,bob,0.9050532596325025,diana,0.8182579125666594,0.08679534706584313,bob,bob,bob,3,1,1,0,0,21.186996096048166,9.083249070592988,11.724296490736627,41.99454165737778
Daylight_Far_20260114_211100_T11,1736909003.2,80,Daylight,Far,4,4,1280,720,24.072709430549647,0,0,diana,1,1,0.7959756929941677,126.74301845327727,246.81742225296114,221.781280177741,391.6538172089537,13764.999211055418,diana,0.7933764108439756,chen,0.6665676082046437,0.12680880263933192,diana,diana,diana,3,1,1,0,0,20.27658490231746,10.296119277438113,12.921249046131617,43.49395322588719
Daylight_Far_20260114_211100_T11,1736909003.2,80,Daylight,Far,4,4,1280,720,24.072709430549647,0,1,chen,2,1,0.7059416158923558,402.5150322788469,318.13947687939515,502.7309256587356,453.4447950832988,13559.743342854325,chen,0.8590596199890005,bob,0.7490858947109061,0.10997372527809435,chen,chen,chen,3,1,1,0,0,20.27658490231746,10.296119277438113,12.921249046131617,43.49395322588719
Daylight_Far_20260114_211100_T11,1736909003.2,80,Daylight,Far,4,4,1280,720,24.072709430549647,0,2,alice,-1,0,-1.0,-1.0,-1.0,-1.0,-1.0,0.0,unknown,-1.0,unknown,-1.0,-1.0,unknown,unknown,unknown,0,0,0,0,1,20.27658490231746,10.296119277438113,12.921249046131617,43.49395322588719
Daylight_Far_20260114_211100_T11,1736909003.2,80,Daylight,Far,4,4,1280,720,24.072709430549647,0,3,bob,4,1,0.5577424028567451,1067.3919423101474,224.24256003135352,1171.357749066215,371.2449606090628,15283.22317114017,bob,0.8198348142280598,alice,0.6450194380952814,0.17481537613277842,bob,bob,bob,1,1,1,0,0,20.27658490231746,10.296119277438113,12.921249046131617,43.49395322588719
Daylight_Far_20260114_211100_T11,1736909003.24,81,Daylight,Far,4,4,1280,720,25.612814809585725,2,0,diana,1,1,0.8567001887525794,130.78118067099524,217.78652539462908,241.3379679897419,416.93404456427265,22017.10992189431,diana,0.8928086708647006,alice,0.7232735754887967,0.16953509537590394,diana,diana,diana,2,1,1,0,0,11.8441606770911,6.149587757952902,10.443033624495001,28.436782059539002
Daylight_Far_20260114_211100_T11,1736909003.24,81,Daylight,Far,4,4,1280,720,25.612814809585725,2,1,chen,-1,0,-1.0,-1.0,-1.0,-1.0,-1.0,0.0,unknown,-1.0,unknown,-1.0,-1.0,unknown,unknown,unknown,0,0,0,0,1,11.8441606770911,6.149587757952902,10.443033624495001,28.436782059539002
Daylight_Far_20260114_211100_T11,1736909003.24,81,Daylight,Far,4,4,1280,720,25.612814809585725,2,2,alice,3,1,0.7003452609340077,734.5810891782157,241.73567725749038,845.4495899708484,442.9660205454395,22310.106474321725,alice,0.8994337806389798,diana,0.7976605177730729,0.10177326286590693,alice,alice,alice,2,1,1,0,0,11.8441606770911,6.149587757952902,10.443033624495001,28.436782059539002
Daylight_Far_20260114_211100_T11,1736909003.24,81,Daylight,Far,4,4,1280,720,25.612814809585725,2,3,bob,4,1,0.7930054513987882,1059.2013221245873,340.5911014320369,1176.4656569700699,507.8919734348963,19618.425474484528,bob,0.8982361812450661,diana,0.8074935911218815,0.09074259012318464,bob,bob,bob,1,1,1,0,0,11.8441606770911,6.149587757952902,10.443033624495001,28.436782059539002
Daylight_Far_20260114_211100_T11,1736909003.28,82,Daylight,Far,4,4,1280,720,21.829616215970134,3,0,diana,1,1,0.8379865836278941,102.49650318168992,222.05924994935344,199.72888071138132,390.38445338085546,16366.65972781391,diana,0.8436796994969926,chen,0.7015495396267041,0.14213015987028854,diana,diana,diana,2,1,1,0,0,23.875787733165136,12.701227522402846,9.166635942889993,45.743651198457975
Daylight_Far_20260114_211100_T11,1736909003.28,82,Daylight,Far,4,4,1280,720,21.829616215970134,3,1,chen,2,1,0.8915097580865804,404.39329466328405,211.007678889014,488.41639958169714,404.6436525788755,16269.89573332231,chen,0.9422635614914076,diana,0.859252405847216,0.08301115564419159,chen,chen,chen,1,1,1,0,0,23.875787733165136,12.701227522402846,9.166635942889993,45.743651198457975
Daylight_Far_20260114_211100_T11,1736909003.28,82,Daylight,Far,4,4,1280,720,21.829616215970134,3,2,alice,3,1,0.8803576113464885,725.025106562205,213.68606252104362,852.4895079487861,389.0634815849187,22354.377737700415,alice,0.8389805283129194,chen,0.7378871088579743,0.1010934194549451,alice,alice,alice,2,1,1,0,0,23.875787733165136,12.701227522402846,9.166635942889993,45.743651198457975
Daylight_Far_20260114_211100_T11,1736909003.28,82,Daylight,Far,4,4,1280,720,21.829616215970134,3,3,bob,4,1,0.9025441896668058,1050.9865680891558,172.19685554553922,1152.2618463749059,387.2035609418321,21774.863922311855,bob,0.8993434668402704,chen,0.7537334243049412,0.14561004253532928,bob,bob,bob,1,1,1,0,0,23.875787733165136,12.701227522402846,9.166635942889993,45.743651198457975
Daylight_Far_20260114_211100_T11,1736909003.32,83,Daylight,Far,4,4,1280,720,25.123329990953497,1,0,diana,1,1,0.8046315317901823,95.6276782763382,202.1777305992716,204.0033503059093,406.6000046569144,22154.401328810196,diana,0.83032300877751,bob,0.7567213797517096,0.07360162902580036,diana,diana,diana,2,1,1,0,0,16.368975578058844,11.089942617156794,2.418757410278733,29.87767560549437
Daylight_Far_20260114_211100_T11,1736909003.32,83,Daylight,Far,4,4,1280,720,25.123329990953497,1,1,chen,2,1,0.7297623888239056,422.4358593230742,209.04861055839922,516.2497126327876,410.1170947054852,18863.00927698115,chen,0.7548963298552842,alice,0.6913487428793106,0.06354758697597362,chen,chen,chen,1,1,1,0,0,16.368975578058844,11.089942617156794,2.418757410278733,29.87767560549437
Daylight_Far_20260114_211100_T11,1736909003.32,83,Daylight,Far,4,4,1280,720,25.123329990953497,1,2,alice,3,1,0.6121337104833191,756.7969662569996,214.0409568230928,865.4690796655849,361.52542819127297,16027.449198528131,alice,0.8823170274780346,chen,0.7201118504882178,0.16220517698981685,alice,alice,alice,1,1,1,0,0,16.368975578058844,11.089942617156794,2.418757410278733,29.87767560549437
Daylight_Far_20260114_211100_T11,1736909003.32,83,Daylight,Far,4,4,1280,720,25.123329990953497,1,3,bob,4,1,0.7744452090822666,1077.847603307869,249.74843888837708,1168.11010186508,419.3613439005941,15309.684593949616,bob,0.8230788420918145,alice,0.6936574419456276,0.12942140014618686,bob,bob,bob,2,1,1,0,0,16.368975578058844,11.089942617156794,2.418757410278733,29.87767560549437
Daylight_Far_20260114_211100_T11,1736909003.36,84,Daylight,Far,4,4,1280,720,22.652158720955647,1,0,diana,1,1,0.8189583213299401,126.05910192001289,211.46469835768568,227.14646941966367,406.3036244801528,19695.754128179142,diana,0.8521766083698975,bob,0.714083064151563,0.13809354421833453,diana,diana,diana,3,1,1,0,0,14.593567579904008,7.2124409156827305,5.686720777912381,27.49272927349912
Daylight_Far_20260114_211100_T11,1736909003.36,84,Daylight,Far,4,4,1280,720,22.652158720955647,1,1,chen,2,1,0.7464586220848206,396.81412599975863,342.1787510155183,522.3448692763776,519.8857452387697,22307.691070298584,bob,0.7328025436203301,chen,0.6750757102405394,0.05772683337979079,bob,bob,bob,1,0,0,1,0,14.593567579904008,7.2124409156827305,5.686720777912381,27.49272927349912
Daylight_Far_20260114_211100_T11,1736909003.36,84,Daylight,Far,4,4,1280,720,22.652158720955647,1,2,alice,3,1,0.8994230846457968,757.196456988268,247.80247437546524,849.6845937501391,379.2819201656935,12160.288963621657,alice,0.8553956901244827,chen,0.7821598980617331,0.07323579206274955,alice,alice,alice,2,1,1,0,0,14.593567579904008,7.2124409156827305,5.686720777912381,27.49272927349912
Daylight_Far_20260114_211100_T11,1736909003.36,84,Daylight,Far,4,4,1280,720,22.652158720955647,1,3,bob,4,1,0.723266215303775,1054.2665678637227,218.21172761590552,1170.0332503638383,351.93017791517264,15480.141380202747,bob,0.858327549914759,chen,0.7582106167679291,0.1001169331468299,bob,bob,bob,2,1,1,0,0,14.593567579904008,7.2124409156827305,5.686720777912381,27.49272927349912
Daylight_Far_20260114_211100_T11,1736909003.4,85,Daylight,Far,4,4,1280,720,24.485784129025884,0,0,diana,1,1,0.7136782124026868,106.55838645602063,248.77165811049124,187.94442174643103,408.59843211050384,13007.667469117472,diana,0.8394789694269875,alice,0.7727173817859537,0.06676158764103379,diana,diana,diana,2,1,1,0,0,25.075377524246758,14.802981604219568,11.897368593974502,51.77572772244083
Daylight_Far_20260114_211100_T11,1736909003.4,85,Daylight,Far,4,4,1280,720,24.485784129025884,0,1,chen,2,1,0.8290397793852108,417.2808319766625,271.30898507813833,544.5404909947787,402.0197536103087,16634.207833399912,chen,0.8625437909944282,bob,0.7598748732166851,0.10266891777774312,chen,chen,chen,2,1,1,0,0,25.075377524246758,14.802981604219568,11.897368593974502,51.77572772244083
Daylight_Far_20260114_211100_T11,1736909003.4,85,Daylight,Far,4,4,1280,720,24.485784129025884,0,2,alice,3,1,0.8252301185739458,728.4058994586748,201.36860909528593,851.8413903245033,367.05267934034043,20451.294539346723,alice,0.8692296967698625,chen,0.6914066331367186,0.17782306363314393,alice,alice,alice,2,1,1,0,0,25.075377524246758,14.802981604219568,11.897368593974502,51.77572772244083
Daylight_Far_20260114_211100_T11,1736909003.4,85,Daylight,Far,4,4,1280,720,24.485784129025884,0,3,bob,4,1,0.6775841433186953,1045.2590579802156,222.66776832274712,1131.0102882990125,405.58798080337345,15685.633270389446,bob,0.9122439876238088,alice,0.7795472772694194,0.13269671035438935,bob,bob,bob,1,1,1,0,0,25.075377524246758,14.802981604219568,11.897368593974502,51.77572772244083
Daylight_Far_20260114_211100_T11,1736909003.44,86,Daylight,Far,4,4,1280,720,29.25483031179917,0,0,diana,1,1,0.7512919312716987,112.7437789233215,272.6534777215445,212.66357856351362,420.50748086564283,14773.54237015864,diana,0.8841780537590996,chen,0.7814577888102996,0.10272026494880004,diana,diana,diana,2,1,1,0,0,16.12273691305721,11.601803536886333,13.286894555179021,41.011435005122564
Daylight_Far_20260114_211100_T11,1736909003.44,86,Daylight,Far,4,4,1280,720,29.25483031179917,0,1,chen,2,1,0.8596306003884133,415.58056938632,263.5338167884896,516.1578186085517,395.52947078648106,13275.759788407446,chen,0.8654320638608519,bob,0.6863423069555532,0.1790897569052987,chen,chen,chen,2,1,1,0,0,16.12273691305721,11.601803536886333,13.286894555179021,41.011435005122564
Daylight_Far_20260114_211100_T11,1736909003.44,86,Daylight,Far,4,4,1280,720,29.25483031179917,0,2,alice,3,1,0.7922086911514593,763.7645818007275,221.5051542477563,858.6206201521227,374.72640910679115,14533.961227157512,chen,0.7133701860854975,alice,0.6588416488686961,0.0545285372168014,chen,chen,chen,2,0,0,1,0,16.12273691305721,11.601803536886333,13.286894555179021,41.011435005122564
Daylight_Far_20260114_211100_T11,1736909003.44,86,Daylight,Far,4,4,1280,720,29.25483031179917,0,3,bob,4,1,0.6136913487013662,1058.673708217264,231.54549670368303,1180.1395981624169,380.87824404881997,18138.835054231724,bob,0.9117974190086922,alice,0.8009853463190715,0.11081207268962068,bob,bob,bob,2,1,1,0,0,16.12273691305721,11.601803536886333,13.286894555179021,41.011435005122564
Daylight_Far_20260114_211100_T11,1736909003.48,87,Daylight,Far,4,4,1280,720,24.232396439376963,2,0,diana,1,1,0.8830453404949428,129.9338450941842,218.64423273738424,210.35849571247493,408.75853092458664,15289.876009247297,diana,0.9394836818629599,bob,0.792684588301046,0.1467990935619139,diana,diana,diana,2,1,1,0,0,14.817755503611155,8.931295404240403,16.02820768342754,39.77725859127909
Daylight_Far_20260114_211100_T11,1736909003.48,87,Daylight,Far,4,4,1280,720,24.232396439376963,2,1,chen,2,1,0.708454156181693,437.2815288066371,227.86272891045317,557.1368151876628,432.37891128964304,24512.34560861189,chen,0.8611045141845853,diana,0.7191787165653828,0.14192579761920254,chen,chen,chen,2,1,1,0,0,14.817755503611155,8.931295404240403,16.02820768342754,39.77725859127909
Daylight_Far_20260114_211100_T11,1736909003.48,87,Daylight,Far,4,4,1280,720,24.232396439376963,2,2,alice,3,1,0.6791935703686329,748.7877140220611,311.7507357768089,862.3589589882046,453.2722388090078,16072.773288846676,diana,0.644878226159266,bob,0.6111523461395643,0.03372588001970178,unknown,unknown,unknown,0,0,0,0,0,14.817755503611155,8.931295404240403,16.02820768342754,39.77725859127909
Daylight_Far_20260114_211100_T11,1736909003.48,87,Daylight,Far,4,4,1280,720,24.232396439376963,2,3,bob,4,1,0.8534333839693149,1093.6516137980575,224.81860998506107,1187.7771568354606,416.9196594301712,18081.61559707601,bob,0.83659837988971,diana,0.7269992395601041,0.10959914032960583,bob,bob,bob,2,1,1,0,0,14.817755503611155,8.931295404240403,16.02820768342754,39.77725859127909
Daylight_Far_20260114_211100_T11,1736909003.52,88,Daylight,Far,4,4,1280,720,28.257320625107386,2,0,diana,1,1,0.8612595230717939,113.75958261568292,196.55176924104924,213.85496608116551,405.3078097242735,20895.515922904142,diana,0.8384464768607449,chen,0.7455684988062842,0.09287797805446074,diana,diana,diana,2,1,1,0,0,12.399857971113295,7.7657236533790925,6.654082465637183,26.81966409012957
Daylight_Far_20260114_211100_T11,1736909003.52,88,Daylight,Far,4,4,1280,720,28.257320625107386,2,1,chen,-1,0,-1.0,-1.0,-1.0,-1.0,-1.0,0.0,unknown,-1.0,unknown,-1.0,-1.0,unknown,unknown,unknown,0,0,0,0,1,12.399857971113295,7.7657236533790925,6.654082465637183,26.81966409012957
Daylight_Far_20260114_211100_T11,1736909003.52,88,Daylight,Far,4,4,1280,720,28.257320625107386,2,2,alice,3,1,0.7753635630996729,772.2174454304127,168.00965704060917,854.5327043096199,326.26607930235707,13026.918367772916,bob,0.8020267377381216,diana,0.7728609098760626,0.029165827862059013,unknown,unknown,unknown,0,0,0,0,0,12.399857971113295,7.7657236533790925,6.654082465637183,26.81966409012957
Daylight_Far_20260114_211100_T11,1736909003.52,88,Daylight,Far,4,4,1280,720,28.257320625107386,2,3,bob,4,1,0.7692099647557222,1061.8791434804398,227.10267243943503,1185.7497742045102,373.4204767290252,18124.478703512636,alice,0.5519259010062462,bob,0.49274822306494415,0.05917767794130202,unknown,unknown,unknown,0,0,0,0,0,12.399857971113295,7.7657236533790925,6.654082465637183,26.81966409012957
Daylight_Far_20260114_211100_T11,1736909003.56,89,Daylight,Far,4,4,1280,720,25.142931400559004,2,0,diana,1,1,0.6284083765636066,103.41851470772602,256.1817205378096,224.73134561082819,402.0376855820391,17694.200023619393,diana,0.7699583781851939,alice,0.6000342758181564,0.16992410236703748,diana,diana,diana,2,1,1,0,0,13.6196363644239,7.547180447328249,14.657502632658435,35.824319444410584
Daylight_Far_20260114_211100_T11,1736909003.56,89,Daylight,Far,4,4,1280,720,25.142931400559004,2,1,chen,2,1,0.8810771074783567,399.2949940250658,294.0076537297814,499.7788923874345,450.6278305902307,15737.805933141595,chen,0.8092840290453758,diana,0.7292704070382734,0.08001362200710238,chen,chen,chen,1,1,1,0,0,13.6196363644239,7.547180447328249,14.657502632658435,35.824319444410584
Daylight_Far_20260114_211100_T11,1736909003.56,89,Daylight,Far,4,4,1280,720,25.142931400559004,2,2,alice,3,1,0.6855646337928948,786.9267956243323,273.32685370212323,879.52681387091,404.80520849245147,12174.898052614417,chen,0.6616459403121359,bob,0.5822199080413689,0.07942603227076694,unknown,unknown,unknown,0,0,0,0,0,13.6196363644239,7.547180447328249,14.657502632658435,35.824319444410584
Daylight_Far_20260114_211100_T11,1736909003.56,89,Daylight,Far,4,4,1280,720,25.142931400559004,2,3,bob,4,1,0.7531927644082822,1071.3991858561158,241.49474460667915,1174.6566947813922,445.1552228487629,21029.47364980802,alice,0.7533921192039214,chen,0.7235161846605809,0.029875934543340477,unknown,unknown,unknown,0,0,0,0,0,13.6196363644239,7.547180447328249,14.657502632658435,35.824319444410584
Daylight_Far_20260114_211100_T11,1736909003.6,90,Daylight,Far,4,4,1280,720,26.63360207931214,0,0,diana,1,1,0.7031995542106301,122.61993917357972,271.14305869078396,243.86739947888066,431.45129519478303,19436.96654213142,diana,0.8669743033783264,alice,0.7354287097564522,0.13154559362187412,diana,diana,diana,2,1,1,0,0,17.786009162603253,12.300224866280479,11.184401651765105,41.27063568064884
Daylight_Far_20260114_211100_T11,1736909003.6,90,Daylight,Far,4,4,1280,720,26.63360207931214,0,1,chen,2,1,0.8159533591090826,400.51057546284653,232.56654140733644,501.1740607348512,374.9256715877484,14330.366204251295,chen,0.8776804082811084,alice,0.735846580656465,0.14183382762464336,chen,chen,chen,2,1,1,0,0,17.786009162603253,12.300224866280479,11.184401651765105,41.27063568064884
Daylight_Far_20260114_211100_T11,1736909003.6,90,Daylight,Far,4,4,1280,720,26.63360207931214,0,2,alice,3,1,0.7010132299921531,755.3347084838331,226.18493157545169,866.6118607950671,420.60983650652526,21635.04975911226,alice,0.8875902300755777,bob,0.8274950536328031,0.06009517644277462,alice,alice,alice,2,1,1,0,0,17.786009162603253,12.300224866280479,11.184401651765105,41.27063568064884
Daylight_Far_20260114_211100_T11,1736909003.6,90,Daylight,Far,4,4,1280,720,26.63360207931214,0,3,bob,-1,0,-1.0,-1.0,-1.0,-1.0,-1.0,0.0,unknown,-1.0,unknown,-1.0,-1.0,unknown,unknown,unknown,0,0,0,0,1,17.786009162603253,12.300224866280479,11.184401651765105,41.27063568064884
Daylight_Far_20260114_211100_T11,1736909003.64,91,Daylight,Far,4,4,1280,720,22.113048193409856,3,0,diana,1,1,0.7015730713801575,91.96240346973505,254.90570699047538,198.28780673128713,438.52437689545985,19523.32912399729,diana,0.8589618638906708,alice,0.7616787236935347,0.09728314019713602,diana,diana,diana,2,1,1,0,0,8.008866736848962,8.809873500231522,5.950089087193998,22.76882932427448
Daylight_Far_20260114_211100_T11,1736909003.64,91,Daylight,Far,4,4,1280,720,22.113048193409856,3,1,chen,2,1,0.718350865268033,408.6596666068773,236.52317726345476,511.6443447037416,386.71510499013016,15467.467329679172,chen,0.8293242158306217,diana,0.750328136660418,0.07899607917020368,chen,chen,chen,3,1,1,0,0,8.008866736848962,8.809873500231522,5.950089087193998,22.76882932427448
Daylight_Far_20260114_211100_T11,1736909003.64,91,Daylight,Far,4,4,1280,720,22.113048193409856,3,2,alice,3,1,0.747025099651413,754.4612681578868,240.1737888381486,852.6576920820593,436.18056237693787,19247.16422642422,alice,0.8652361866519841,diana,0.7326991645458079,0.13253702210617624,alice,alice,alice,3,1,1,0,0,8.008866736848962,8.809873500231522,5.950089087193998,22.76882932427448
Daylight_Far_20260114_211100_T11,1736909003.64,91,Daylight,Far,4,4,1280,720,22.113048193409856,3,3,bob,4,1,0.8342552830044907,1082.9099700275342,189.6510078550886,1182.0250665668627,378.1380425697152,18681.910642151983,bob,0.8664409585841801,chen,0.7602467866210457,0.10619417196313441,bob,bob,bob,2,1,1,0,0,8.008866736848962,8.809873500231522,5.950089087193998,22.76882932427448
Daylight_Far_20260114_211100_T11,1736909003.68,92,Daylight,Far,4,4,1280,720,28.062420883652813,4,0,diana,1,1,0.7091972856197742,78.44168920250702,268.3732048510667,188.4428744799007,473.18957010062843,22530.042941659376,diana,0.7025439458627993,chen,0.6729868273292944,0.029557118533504956,unknown,unknown,unknown,0,0,0,0,0,18.944556129331726,8.941222281537275,11.933493766103084,39.819272176972085
Daylight_Far_20260114_211100_T11,1736909003.68,92,Daylight,Far,4,4,1280,720,28.062420883652813,4,1,chen,-1,0,-1.0,-1.0,-1.0,-1.0,-1.0,0.0,unknown,-1.0,unknown,-1.0,-1.0,unknown,unknown,unknown,0,0,0,0,1,18.944556129331726,8.941222281537275,11.933493766103084,39.819272176972085
Daylight_Far_20260114_211100_T11,1736909003.68,92,Daylight,Far,4,4,1280,720,28.062420883652813,4,2,alice,-1,0,-1.0,-1.0,-1.0,-1.0,-1.0,0.0,unknown,-1.0,unknown,-1.0,-1.0,unknown,unknown,unknown,0,0,0,0,1,18.944556129331726,8.941222281537275,11.933493766103084,39.819272176972085
Daylight_Far_20260114_211100_T11,1736909003.68,92,Daylight,Far,4,4,1280,720,28.062420883652813,4,3,bob,4,1,0.7768181180269124,1069.922663866446,272.08615895318553,1196.646253304603,434.4412466830048,20574.219480669577,bob,0.7539935638519732,chen,0.7183096039600471,0.03568395989192619,unknown,unknown,unknown,0,0,0,0,0,18.944556129331726,8.941222281537275,11.933493766103084,39.819272176972085
Daylight_Far_20260114_211100_T11,1736909003.72,93,Daylight,Far,4,4,1280,720,22.695876605326976,1,0,diana,1,1,0.8141866905210254,96.78651835749667,223.55606057165778,197.07185308162883,396.7528237386771,17369.095367340775,diana,0.8617860691402347,chen,0.7642399049078101,0.09754616423242457,diana,diana,diana,2,1,1,0,0,17.77812860241328,9.997652397449942,14.447518573385596,42.223299573248816
Daylight_Far_20260114_211100_T11,1736909003.72,93,Daylight,Far,4,4,1280,720,22.695876605326976,1,1,chen,2,1,0.6248381601920042,448.60684582552335,264.9983128422484,544.4839770255558,452.59337469712966,17986.076357938644,chen,0.6527936830318302,diana,0.5972071453114265,0.05558653772040367,unknown,unknown,unknown,0,0,0,0,0,17.77812860241328,9.997652397449942,14.447518573385596,42.223299573248816
Daylight_Far_20260114_211100_T11,1736909003.72,93,Daylight,Far,4,4,1280,720,22.695876605326976,1,2,alice,3,1,0.7769183960215663,769.9173231120052,212.51024706033587,859.3033968774802,426.8735830405373,19161.09696253958,alice,0.7283787365464349,bob,0.6735752048853115,0.054803531661123395,unknown,unknown,unknown,0,0,0,0,0,17.77812860241328,9.997652397449942,14.447518573385596,42.223299573248816
Daylight_Far_20260114_211100_T11,1736909003.72,93,Daylight,Far,4,4,1280,720,22.695876605326976,1,3,bob,-1,0,-1.0,-1.0,-1.0,-1.0,-1.0,0.0,unknown,-1.0,unknown,-1.0,-1.0,unknown,unknown,unknown,0,0,0,0,1,17.77812860241328,9.997652397449942,14.447518573385596,42.223299573248816
Daylight_Far_20260114_211100_T11,1736909003.76,94,Daylight,Far,4,4,1280,720,24.98372710072978,1,0,diana,1,1,0.7347214924997898,86.12745814865663,190.0025351407317,188.9505753453867,334.24172904869596,14831.123539560484,diana,0.8988370458966968,bob,0.7310321604731622,0.16780488542353456,diana,diana,diana,1,1,1,0,0,18.714601298076783,18.042806096396927,11.17334433638846,47.93075173086217
Daylight_Far_20260114_211100_T11,1736909003.76,94,Daylight,Far,4,4,1280,720,24.98372710072978,1,1,chen,2,1,0.99,424.29681243856635,248.1924245704377,541.6561168759622,429.3512161060351,21260.669767336905,chen,0.8877460123204907,diana,0.7952005566868625,0.09254545563362815,chen,chen,chen,3,1,1,0,0,18.714601298076783,18.042806096396927,11.17334433638846,47.93075173086217
Daylight_Far_20260114_211100_T11,1736909003.76,94,Daylight,Far,4,4,1280,720,24.98372710072978,1,2,alice,3,1,0.7668601590165878,761.5344397113573,197.5470623151823,851.7385395655946,337.5598188843378,12629.724674431116,alice,0.8467261757343192,chen,0.7635744377058219,0.08315173802849729,alice,alice,alice,3,1,1,0,0,18.714601298076783,18.042806096396927,11.17334433638846,47.93075173086217
Daylight_Far_20260114_211100_T11,1736909003.76,94,Daylight,Far,4,4,1280,720,24.98372710072978,1,3,bob,4,1,0.8721093405718712,1123.18269595422,160.93859717872996,1204.2296942494504,355.3412232704236,15755.749305441812,bob,0.596637915519556,diana,0.5831565790152413,0.013481336504314712,unknown,unknown,unknown,0,0,0,0,0,18.714601298076783,18.042806096396927,11.17334433638846,47.93075173086217
Daylight_Far_20260114_211100_T11,1736909003.8,95,Daylight,Far,4,4,1280,720,21.833185740407195,1,0,diana,1,1,0.8644293992128588,122.05531320871876,294.978586797303,230.54019035105568,502.5373019218339,22516.98171010604,diana,0.8320224141626089,alice,0.7708114712732549,0.061210942889354025,diana,diana,diana,2,1,1,0,0,9.941258567703624,6.396846717690327,9.793410529630052,26.131515815024002
Daylight_Far_20260114_211100_T11,1736909003.8,95,Daylight,Far,4,4,1280,720,21.833185740407195,1,1,chen,2,1,0.750142686156517,398.71666322603426,303.72902010716325,519.5557330324875,460.8165028112604,18982.30528820042,chen,0.9701436885827324,diana,0.8504464494369817,0.1196972391457507,chen,chen,chen,1,1,1,0,0,9.941258567703624,6.396846717690327,9.793410529630052,26.131515815024002
Daylight_Far_20260114_211100_T11,1736909003.8,95,Daylight,Far,4,4,1280,720,21.833185740407195,1,2,alice,3,1,0.7531783731872133,744.3911116031217,216.9362253548867,871.6226924317303,424.23427441153956,26374.85848416442,alice,0.8613163133235552,bob,0.6907457736358433,0.17057053968771185,alice,alice,alice,3,1,1,0,0,9.941258567703624,6.396846717690327,9.793410529630052,26.131515815024002
Daylight_Far_20260114_211100_T11,1736909003.8,95,Daylight,Far,4,4,1280,720,21.833185740407195,1,3,bob,4,1,0.6335466713587375,1077.4044799220126,246.8133597896509,1201.4729528581295,381.5364824625783,16714.892099215253,bob,0.8896649999794045,diana,0.7946392974775466,0.09502570250185793,bob,bob,bob,1,1,1,0,0,9.941258567703624,6.396846717690327,9.793410529630052,26.131515815024002
Daylight_Far_20260114_211100_T11,1736909003.84,96,Daylight,Far,4,4,1280,720,26.66481302412912,0,0,diana,1,1,0.7914603350260125,109.44720644861661,271.6048988014228,192.0208849924777,443.69096719659126,14209.779693539534,diana,0.9016063703965133,chen,0.8217523949530204,0.07985397544349282,diana,diana,diana,3,1,1,0,0,12.053091161441023,9.62516865139997,2.934251539676593,24.612511352517586
Daylight_Far_20260114_211100_T11,1736909003.84,96,Daylight,Far,4,4,1280,720,26.66481302412912,0,1,chen,2,1,0.8637672885093696,446.10017899875794,239.99034985482848,529.8387183676135,433.7592076777111,16225.921129259637,chen,0.9441034207588681,alice,0.7909086423751993,0.1531947783836688,chen,chen,chen,2,1,1,0,0,12.053091161441023,9.62516865139997,2.934251539676593,24.612511352517586
Daylight_Far_20260114_211100_T11,1736909003.84,96,Daylight,Far,4,4,1280,720,26.66481302412912,0,2,alice,3,1,0.799701736463618,792.7947734497625,257.65068062094645,881.4386141861171,428.2216289288126,15120.063976051462,bob,0.8542539364114278,alice,0.7972185997722854,0.0570353366391424,bob,bob,bob,1,0,0,1,0,12.053091161441023,9.62516865139997,2.934251539676593,24.612511352517586
Daylight_Far_20260114_211100_T11,1736909003.84,96,Daylight,Far,4,4,1280,720,26.66481302412912,0,3,bob,4,1,0.7315132637114093,1043.4561858930686,282.6966340323873,1143.5538173977386,417.13357359372225,13456.819236826106,bob,0.7346429261637228,diana,0.7183776083422513,0.01626531782147156,unknown,unknown,unknown,0,0,0,0,0,12.053091161441023,9.62516865139997,2.934251539676593,24.612511352517586
Daylight_Far_20260114_211100_T11,1736909003.88,97,Daylight,Far,4,4,1280,720,26.507992832335066,0,0,diana,1,1,0.8440457836042895,123.47511399393827,210.6324129823095,215.44278257266038,347.5667011598414,12593.52723217448,diana,0.8455047743378411,chen,0.7193155357308858,0.1261892386069553,diana,diana,diana,1,1,1,0,0,18.964568827591272,10.89397660219532,10.609992920593928,40.46853835038052
Daylight_Far_20260114_211100_T11,1736909003.88,97,Daylight,Far,4,4,1280,720,26.507992832335066,0,1,chen,2,1,0.8593894490710783,386.5381288940688,211.2505645739371,512.7231753524985,402.1853379897425,24093.113254003154,chen,0.8753868928259392,bob,0.6955939881485007,0.17979290467743847,chen,chen,chen,1,1,1,0,0,18.964568827591272,10.89397660219532,10.609992920593928,40.46853835038052
Daylight_Far_20260114_211100_T11,1736909003.88,97,Daylight,Far,4,4,1280,720,26.507992832335066,0,2,alice,3,1,0.6890652278620033,740.4826601548556,228.62208743138163,867.6165819600382,371.6658942705657,18185.720153408467,alice,0.8891145691696938,diana,0.732068906573451,0.15704566259624275,alice,alice,alice,2,1,1,0,0,18.964568827591272,10.89397660219532,10.609992920593928,40.46853835038052
Daylight_Far_20260114_211100_T11,1736909003.88,97,Daylight,Far,4,4,1280,720,26.507992832335066,0,3,bob,4,1,0.8053914718725932,1065.0155022776178,251.68943369600578,1149.639573800701,436.3386038980456,15625.764585855406,bob,0.8804625873739812,chen,0.8032275103084676,0.07723507706551358,bob,bob,bob,3,1,1,0,0,18.964568827591272,10.89397660219532,10.609992920593928,40.46853835038052
Daylight_Far_20260114_211100_T11,1736909003.92,98,Daylight,Far,4,4,1280,720,27.74955731639671,1,0,diana,1,1,0.8194132540691048,128.48317171104563,271.89578705171675,221.0737012847841,484.87394843740867,19719.760750342353,diana,0.8080731577433483,chen,0.7238619681678775,0.0842111895754708,diana,diana,diana,1,1,1,0,0,13.679746207612677,11.34220475186028,7.640197201930096,32.66214816140305
Daylight_Far_20260114_211100_T11,1736909003.92,98,Daylight,Far,4,4,1280,720,27.74955731639671,1,1,chen,2,1,0.7981077975096597,434.6271284810864,260.60072806605194,530.3016953772607,423.98611154158243,15631.825801186727,chen,0.7760796131308669,diana,0.7087705824833485,0.06730903064751848,chen,chen,chen,1,1,1,0,0,13.679746207612677,11.34220475186028,7.640197201930096,32.66214816140305
Daylight_Far_20260114_211100_T11,1736909003.92,98,Daylight,Far,4,4,1280,720,27.74955731639671,1,2,alice,3,1,0.7440469881083874,778.8957770542603,275.4629129728497,868.3787398064095,435.59517928147966,14329.10962151237,alice,0.7591704354440525,diana,0.6227792947911227,0.1363911406529298,alice,alice,alice,3,1,1,0,0,13.679746207612677,11.34220475186028,7.640197201930096,32.66214816140305
Daylight_Far_20260114_211100_T11,1736909003.92,98,Daylight,Far,4,4,1280,720,27.74955731639671,1,3,bob,4,1,0.6780560688650223,1043.3672274678747,258.2867513842882,1157.5999916726555,399.29447412959985,16107.701943418288,bob,0.9851783144669986,alice,0.8736849087133643,0.1114934057536342,bob,bob,bob,2,1,1,0,0,13.679746207612677,11.34220475186028,7.640197201930096,32.66214816140305
Daylight_Far_20260114_211100_T11,1736909003.96,99,Daylight,Far,4,4,1280,720,29.841127192852483,0,0,diana,1,1,0.9001037764964227,136.4030025131635,167.12610192358795,244.86025810785267,371.41429446660277,22156.536713614834,diana,0.848913058450474,alice,0.6880121781072868,0.16090088034318728,diana,diana,diana,2,1,1,0,0,18.443280343413186,19.37675637272383,13.080726657123368,50.90076337326038
Daylight_Far_20260114_211100_T11,1736909003.96,99,Daylight,Far,4,4,1280,720,29.841127192852483,0,1,chen,2,1,0.8282237591766946,405.12528205142263,221.88196557132318,518.4355473373604,426.1936760582004,23150.614116291774,chen,0.8233062271129431,bob,0.7385450489129687,0.08476117819997442,chen,chen,chen,2,1,1,0,0,18.443280343413186,19.37675637272383,13.080726657123368,50.90076337326038
Daylight_Far_20260114_211100_T11,1736909003.96,99,Daylight,Far,4,4,1280,720,29.841127192852483,0,2,alice,3,1,0.9856943014613905,770.8159488992133,254.28716271003617,886.3063621317335,466.01242050125114,24452.2375140693,alice,0.798405507223382,diana,0.737830221668801,0.060575285554581026,alice,alice,alice,1,1,1,0,0,18.443280343413186,19.37675637272383,13.080726657123368,50.90076337326038
Daylight_Far_20260114_211100_T11,1736909003.96,99,Daylight,Far,4,4,1280,720,29.841127192852483,0,3,bob,4,1,0.760145017830252,1074.0596071452474,260.16223011647867,1162.272331414656,463.603906298324,17946.14448593545,bob,0.6028491810019453,chen,0.5843388873651549,0.018510293636790354,unknown,unknown,unknown,0,0,0,0,0,18.443280343413186,19.37675637272383,13.080726657123368,50.90076337326038
Daylight_Far_20260114_211100_T11,1736909004.0,100,Daylight,Far,4,4,1280,720,23.602037023070373,3,0,diana,1,1,0.8367095386135351,79.7363772784901,209.17267973956544,202.19426699078227,365.67048903818863,19164.39147130613,diana,0.8100351185148723,chen,0.7427371934773588,0.06729792503751353,diana,diana,diana,2,1,1,0,0,7.857334298299959,6.493807217565182,4.124421187617596,18.475562703482737
Daylight_Far_20260114_211100_T11,1736909004.0,100,Daylight,Far,4,4,1280,720,23.602037023070373,3,1,chen,2,1,0.7650909254628266,446.1488483248959,240.90553283330735,540.409097210417,455.11801533226435,20191.72191473703,chen,0.8201508759583089,diana,0.7195180073112937,0.10063286864701526,chen,chen,chen,1,1,1,0,0,7.857334298299959,6.493807217565182,4.124421187617596,18.475562703482737
Daylight_Far_20260114_211100_T11,1736909004.0,100,Daylight,Far,4,4,1280,720,23.602037023070373,3,2,alice,3,1,0.7769804569844304,771.5418270521081,265.55854276286937,881.2926943699913,448.9005882092422,20121.948503574167,alice,0.916612240623744,bob,0.8027652394079264,0.11384700121581759,alice,alice,alice,2,1,1,0,0,7.857334298299959,6.493807217565182,4.124421187617596,18.475562703482737
Daylight_Far_20260114_211100_T11,1736909004.0,100,Daylight,Far,4,4,1280,720,23.602037023070373,3,3,bob,4,1,0.7142501339060215,1064.7722397395835,210.75315753282416,1159.915833736636,347.4488899017846,13005.723261642112,bob,0.8266453231854592,diana,0.6835080723792152,0.14313725080624407,bob,bob,bob,1,1,1,0,0,7.857334298299959,6.493807217565182,4.124421187617596,18.475562703482737
Daylight_Far_20260114_211100_T11,1736909004.04,101,Daylight,Far,4,4,1280,720,26.27427430507729,2,0,diana,1,1,0.7068014801408711,87.80700735667358,295.83042741872623,202.18971204238454,508.5238696937063,24328.451196326354,diana,0.7811314824872237,bob,0.6128892272747565,0.16824225521246727,diana,diana,diana,3,1,1,0,0,9.747129498688668,8.796182965980442,8.724208405114037,27.267520869783148
Daylight_Far_20260114_211100_T11,1736909004.04,101,Daylight,Far,4,4,1280,720,26.27427430507729,2,1,chen,2,1,0.8783107087519432,440.6184900246777,257.93912714398306,559.820921038437,417.8742004397839,19064.64954122323,bob,0.9261376623578456,chen,0.8459546265428479,0.08018303581499764,bob,bob,bob,1,0,0,1,0,9.747129498688668,8.796182965980442,8.724208405114037,27.267520869783148
Daylight_Far_20260114_211100_T11,1736909004.04,101,Daylight,Far,4,4,1280,720,26.27427430507729,2,2,alice,3,1,0.7841207846435351,765.3892939746409,288.0097402887223,858.5884514924119,488.63079016851606,18697.712829127497,alice,0.9469257890625336,chen,0.8415554578166419,0.10537033124589168,alice,alice,alice,1,1,1,0,0,9.747129498688668,8.796182965980442,8.724208405114037,27.267520869783148
Daylight_Far_20260114_211100_T11,1736909004.04,101,Daylight,Far,4,4,1280,720,26.27427430507729,2,3,bob,4,1,0.8211560144175333,1048.6951292291642,271.51334901524194,1165.9999849413925,427.1805165751524,18260.51462974657,bob,0.8921664115510021,alice,0.8193940404700985,0.07277237108090362,bob,bob,bob,2,1,1,0,0,9.747129498688668,8.796182965980442,8.724208405114037,27.267520869783148
Daylight_Far_20260114_211100_T11,1736909004.08,102,Daylight,Far,4,4,1280,720,24.7980845437569,0,0,diana,1,1,0.7008689584699753,113.67751361138424,170.87125401683136,213.6835483288873,384.6665235779549,21380.817150167644,diana,0.9565904974959868,chen,0.836307550823419,0.12028294667256778,diana,diana,diana,2,1,1,0,0,22.328395940307686,14.47536563436369,24.946378079098025,61.7501396537694
Daylight_Far_20260114_211100_T11,1736909004.08,102,Daylight,Far,4,4,1280,720,24.7980845437569,0,1,chen,2,1,0.7843818948695203,414.47710658983374,140.4419479499049,538.2533660287895,336.37183105563275,24251.46804313885,chen,0.8232473879399889,diana,0.726454937045256,0.09679245089473287,chen,chen,chen,1,1,1,0,0,22.328395940307686,14.47536563436369,24.946378079098025,61.7501396537694
Daylight_Far_20260114_211100_T11,1736909004.08,102,Daylight,Far,4,4,1280,720,24.7980845437569,0,2,alice,3,1,0.6776676439575676,749.2090592036819,296.14680662314663,855.3527330282662,485.13223521389455,20059.607689935616,alice,0.8958363235672637,diana,0.7415494799815917,0.15428684358567202,alice,alice,alice,2,1,1,0,0,22.328395940307686,14.47536563436369,24.946378079098025,61.7501396537694
Daylight_Far_20260114_211100_T11,1736909004.08,102,Daylight,Far,4,4,1280,720,24.7980845437569,0,3,bob,4,1,0.7452308977699234,1086.9816559899282,209.5544822847562,1188.2043156256855,356.3284668601509,14856.853084059068,bob,0.8465376868613032,diana,0.7202470732354018,0.12629061362590133,bob,bob,bob,2,1,1,0,0,22.328395940307686,14.47536563436369,24.946378079098025,61.7501396537694
Daylight_Far_20260114_211100_T11,1736909004.12,103,Daylight,Far,4,4,1280,720,21.469697673986367,4,0,diana,1,1,0.6210071275525235,113.87551200497472,245.75416481549337,210.2297778440502,410.4871114568457,15872.7221331351,diana,0.9241940109928861,bob,0.8592472201468815,0.06494679084600463,diana,diana,diana,1,1,1,0,0,20.34669090484827,11.27726015987988,5.837793870196581,37.46174493492473
Daylight_Far_20260114_211100_T11,1736909004.12,103,Daylight,Far,4,4,1280,720,21.469697673986367,4,1,chen,2,1,0.6399896722675925,450.96222316761293,206.11295273859298,540.8266152534177,364.6512249624104,14246.94545572718,chen,0.8777998669286682,bob,0.7568366219698904,0.12096324495877775,chen,chen,chen,2,1,1,0,0,20.34669090484827,11.27726015987988,5.837793870196581,37.46174493492473
Daylight_Far_20260114_211100_T11,1736909004.12,103,Daylight,Far,4,4,1280,720,21.469697673986367,4,2,alice,3,1,0.7862549957559088,736.5414006043045,195.888482905984,822.7077630045994,348.7273103805305,13169.565797007928,alice,0.8641528280144687,bob,0.7921943891133922,0.07195843890107645,alice,alice,alice,2,1,1,0,0,20.34669090484827,11.27726015987988,5.837793870196581,37.46174493492473
Daylight_Far_20260114_211100_T11,1736909004.12,103,Daylight,Far,4,4,1280,720,21.469697673986367,4,3,bob,4,1,0.7391487323831037,1045.4404516983902,271.0800633712515,1142.2071637285742,417.3544204882231,14154.488592538279,bob,0.6157093778586187,diana,0.5385493977427231,0.07715998011589553,unknown,unknown,unknown,0,0,0,0,0,20.34669090484827,11.27726015987988,5.837793870196581,37.46174493492473
Daylight_Far_20260114_211100_T11,1736909004.16,104,Daylight,Far,4,4,1280,720,27.013277566988435,0,0,diana,1,1,0.6575820579603795,113.33906982671255,200.73026739494895,198.58333547431658,392.96676563314594,16387.05912298203,diana,0.9589707030427445,alice,0.7898719620128705,0.169098741029874,diana,diana,diana,2,1,1,0,0,16.681149300685032,8.1216461877223,10.454643581604971,35.2574390700123
Daylight_Far_20260114_211100_T11,1736909004.16,104,Daylight,Far,4,4,1280,720,27.013277566988435,0,1,chen,2,1,0.772758035043063,455.95869026236016,234.47529544634477,567.440125357747,380.9319930793842,16327.202831462377,chen,0.8041525916045089,bob,0.6444305736674139,0.15972201793709506,chen,chen,chen,2,1,1,0,0,16.681149300685032,8.1216461877223,10.454643581604971,35.2574390700123
Daylight_Far_20260114_211100_T11,1736909004.16,104,Daylight,Far,4,4,1280,720,27.013277566988435,0,2,alice,3,1,0.7870028350100691,742.3246452229914,204.3741607004093,850.689137505974,364.010326265922,17298.892031508934,alice,0.9236079721108577,diana,0.8606494325208955,0.06295853958996211,alice,alice,alice,3,1,1,0,0,16.681149300685032,8.1216461877223,10.454643581604971,35.2574390700123
Daylight_Far_20260114_211100_T11,1736909004.16,104,Daylight,Far,4,4,1280,720,27.013277566988435,0,3,bob,4,1,0.7500685708924777,1046.7336823155736,315.915901855102,1161.3101426903702,449.69380781697896,15327.798941464265,bob,0.8537374109796806,alice,0.7055644191415082,0.14817299183817234,bob,bob,bob,2,1,1,0,0,16.681149300685032,8.1216461877223,10.454643581604971,35.2574390700123
Daylight_Far_20260114_211100_T11,1736909004.2,105,Daylight,Far,4,4,1280,720,21.745443233319133,3,0,diana,-1,0,-1.0,-1.0,-1.0,-1.0,-1.0,0.0,unknown,-1.0,unknown,-1.0,-1.0,unknown,unknown,unknown,0,0,0,0,1,23.08999907999399,16.459290242103958,3.372017839183883,42.92130716128183
Daylight_Far_20260114_211100_T11,1736909004.2,105,Daylight,Far,4,4,1280,720,21.745443233319133,3,1,chen,2,1,0.8936066205027192,419.1613240725495,304.70209113896163,525.7781351661268,448.68984014415156,15351.514635475762,chen,0.9177535554769136,diana,0.8338815185276713,0.08387203694924228,chen,chen,chen,2,1,1,0,0,23.08999907999399,16.459290242103958,3.372017839183883,42.92130716128183
Daylight_Far_20260114_211100_T11,1736909004.2,105,Daylight,Far,4,4,1280,720,21.745443233319133,3,2,alice,3,1,0.8048057670187168,738.7785705719189,219.60059360955566,847.1563690367266,425.87186857765414,22355.226667571515,alice,0.8862686051523664,diana,0.7553753855932894,0.13089321955907696,alice,alice,alice,2,1,1,0,0,23.08999907999399,16.459290242103958,3.372017839183883,42.92130716128183
Daylight_Far_20260114_211100_T11,1736909004.2,105,Daylight,Far,4,4,1280,720,21.745443233319133,3,3,bob,4,1,0.7700379933039563,1077.9129294653671,220.07235890871016,1162.8314679164305,383.38293907042373,13868.095780927937,bob,0.8192825300685268,alice,0.6861502473274942,0.13313228274103261,bob,bob,bob,2,1,1,0,0,23.08999907999399,16.459290242103958,3.372017839183883,42.92130716128183
Daylight_Far_20260114_211100_T11,1736909004.24,106,Daylight,Far,4,4,1280,720,26.710658000297386,3,0,diana,1,1,0.6051340782701903,91.40976205311634,205.13834107692554,218.47246295813758,355.8742403123534,19152.91048020059,diana,0.8367818067752725,alice,0.6992026258089574,0.13757918096631505,diana,diana,diana,1,1,1,0,0,18.610301714767502,6.811032892938643,8.63105292936749,34.052387537073635
Daylight_Far_20260114_211100_T11,1736909004.24,106,Daylight,Far,4,4,1280,720,26.710658000297386,3,1,chen,2,1,0.8762328472023158,411.34384982850236,198.64971850413187,535.9117980942806,367.20497154679913,20996.582040944133,chen,0.8281157690046593,diana,0.6653353509383524,0.16278041806630694,chen,chen,chen,1,1,1,0,0,18.610301714767502,6.811032892938643,8.63105292936749,34.052387537073635
Daylight_Far_20260114_211100_T11,1736909004.24,106,Daylight,Far,4,4,1280,720,26.710658000297386,3,2,alice,3,1,0.7686642315011751,766.2727033788065,255.9421857353217,886.5112752155032,388.7250026518128,15965.616270492477,alice,0.8135050161237872,diana,0.7164005594392315,0.0971044566845557,alice,alice,alice,2,1,1,0,0,18.610301714767502,6.811032892938643,8.63105292936749,34.052387537073635
Daylight_Far_20260114_211100_T11,1736909004.24,106,Daylight,Far,4,4,1280,720,26.710658000297386,3,3,bob,4,1,0.7432067797121773,1053.4001261764774,244.53577963761785,1175.2001559720861,375.9661004687371,16008.216993276736,bob,0.9284151907981406,alice,0.8246976223422992,0.10371756845584146,bob,bob,bob,1,1,1,0,0,18.610301714767502,6.811032892938643,8.63105292936749,34.052387537073635
Daylight_Far_20260114_211100_T11,1736909004.28,107,Daylight,Far,4,4,1280,720,22.660470448302522,1,0,diana,1,1,0.82232472503426,104.81956299607148,154.68921036942987,230.22554679720108,363.8612049528912,26231.41976438352,diana,0.8595803692743355,alice,0.6842638594677283,0.17531650980660718,diana,diana,diana,2,1,1,0,0,9.992842622461689,9.32607160012703,6.462448047083635,25.781362269672353
Daylight_Far_20260114_211100_T11,1736909004.28,107,Daylight,Far,4,4,1280,720,22.660470448302522,1,1,chen,2,1,0.7188930619735118,440.4181816980278,216.9734308959973,562.469764647479,389.10622720955547,21009.080267585232,chen,0.84510652258828,diana,0.6655506206377597,0.1795559019505203,chen,chen,chen,2,1,1,0,0,9.992842622461689,9.32607160012703,6.462448047083635,25.781362269672353
Daylight_Far_20260114_211100_T11,1736909004.28,107,Daylight,Far,4,4,1280,720,22.660470448302522,1,2,alice,3,1,0.7877539876074098,751.9432268784966,171.28284873310082,874.8423089959475,380.75161194790525,25743.51873137713,alice,0.841393087661856,diana,0.7421489091358695,0.09924417852598655,alice,alice,alice,3,1,1,0,0,9.992842622461689,9.32607160012703,6.462448047083635,25.781362269672353
Daylight_Far_20260114_211100_T11,1736909004.28,107,Daylight,Far,4,4,1280,720,22.660470448302522,1,3,bob,4,1,0.8882884160927104,1060.9865968668191,244.56967185905435,1186.4599696601394,399.7324858707127,19468.801606145436,bob,0.7272373126684819,diana,0.6755691769411477,0.0516681357273342,unknown,unknown,unknown,0,0,0,0,0,9.992842622461689,9.32607160012703,6.462448047083635,25.781362269672353
Daylight_Far_20260114_211100_T11,1736909004.32,108,Daylight,Far,4,4,1280,720,23.502437092808425,2,0,diana,1,1,0.7593803356352847,77.24936609941557,237.91961091947053,203.25642445854794,413.57426499697294,22133.726247397055,diana,0.8591125259457273,alice,0.691853811174615,0.16725871477111232,diana,diana,diana,2,1,1,0,0,6.272894283374895,5.164310300203604,5.829575550253817,17.266780133832317
Daylight_Far_20260114_211100_T11,1736909004.32,108,Daylight,Far,4,4,1280,720,23.502437092808425,2,1,chen,-1,0,-1.0,-1.0,-1.0,-1.0,-1.0,0.0,unknown,-1.0,unknown,-1.0,-1.0,unknown,unknown,unknown,0,0,0,0,1,6.272894283374895,5.164310300203604,5.829575550253817,17.266780133832317
Daylight_Far_20260114_211100_T11,1736909004.32,108,Daylight,Far,4,4,1280,720,23.502437092808425,2,2,alice,3,1,0.8743470298934233,735.9306552515533,208.48168563471899,856.220341556426,396.44402770364053,22609.93116459975,alice,0.7843152055124264,chen,0.6996510465356461,0.08466415897678026,alice,alice,alice,3,1,1,0,0,6.272894283374895,5.164310300203604,5.829575550253817,17.266780133832317
Daylight_Far_20260114_211100_T11,1736909004.32,108,Daylight,Far,4,4,1280,720,23.502437092808425,2,3,bob,4,1,0.8216849933171608,1081.6307295743945,220.53144492565988,1189.4914398658052,435.0704137959666,23140.325567538126,bob,0.8707485149419734,diana,0.783488572342624,0.08725994259934933,bob,bob,bob,2,1,1,0,0,6.272894283374895,5.164310300203604,5.829575550253817,17.266780133832317
Daylight_Far_20260114_211100_T11,1736909004.36,109,Daylight,Far,4,4,1280,720,24.047952789878543,1,0,diana,1,1,0.8245086020161665,117.39697566887774,233.923342617918,205.26867606588792,434.48470117872773,17623.667610672805,diana,0.8584780068171219,bob,0.7091501597104654,0.14932784710665659,diana,diana,diana,1,1,1,0,0,10.647849734564291,7.793869734473088,9.39680882684539,27.83852829588277
Daylight_Far_20260114_211100_T11,1736909004.36,109,Daylight,Far,4,4,1280,720,24.047952789878543,1,1,chen,2,1,0.931196508883761,424.77321594550193,216.25046490068945,538.4071541853924,425.5115545145846,23779.161733197547,chen,0.8107578122080633,diana,0.7262716702719498,0.08448614193611348,chen,chen,chen,1,1,1,0,0,10.647849734564291,7.793869734473088,9.39680882684539,27.83852829588277
Daylight_Far_20260114_211100_T11,1736909004.36,109,Daylight,Far,4,4,1280,720,24.047952789878543,1,2,alice,3,1,0.7868299979610056,760.969068430865,276.3474428822941,873.5257665129891,432.96114864902756,17627.92159550883,diana,0.5859498577512476,alice,0.5545724363201068,0.03137742143114086,unknown,unknown,unknown,0,0,0,0,0,10.647849734564291,7.793869734473088,9.39680882684539,27.83852829588277
Daylight_Far_20260114_211100_T11,1736909004.36,109,Daylight,Far,4,4,1280,720,24.047952789878543,1,3,bob,4,1,0.8592868115192271,1079.791947418061,238.5074377917332,1169.3653588530149,445.5848628818744,18548.63139649006,bob,0.8061668624933521,diana,0.6894539377872915,0.11671292470606065,bob,bob,bob,2,1,1,0,0,10.647849734564291,7.793869734473088,9.39680882684539,27.83852829588277
Daylight_Far_20260114_211100_T11,1736909004.4,110,Daylight,Far,4,4,1280,720,29.16357249344418,1,0,diana,1,1,0.8432012788184846,103.18191859604312,240.45780643730546,208.76491516032397,455.17348738109746,22670.325003385613,diana,0.8303380759796839,alice,0.7153392826090738,0.11499879337061014,diana,diana,diana,3,1,1,0,0,15.311250418282413,9.243228158961534,4.28871154075444,28.843190117998386
Daylight_Far_20260114_211100_T11,1736909004.4,110,Daylight,Far,4,4,1280,720,29.16357249344418,1,1,chen,2,1,0.7243388285104371,405.1310747327527,146.36370212606005,518.9936667396062,344.3599362726371,22544.36442752513,chen,0.6931282326346773,alice,0.6631361217615861,0.02999211087309117,unknown,unknown,unknown,0,0,0,0,0,15.311250418282413,9.243228158961534,4.28871154075444,28.843190117998386
Daylight_Far_20260114_211100_T11,1736909004.4,110,Daylight,Far,4,4,1280,720,29.16357249344418,1,2,alice,3,1,0.7943701020627075,736.7167912235573,364.8213766411436,828.6757237563286,497.2363768605618,12176.742071504375,alice,0.8194988960024596,diana,0.7136291241099499,0.10586977189250968,alice,alice,alice,1,1,1,0,0,15.311250418282413,9.243228158961534,4.28871154075444,28.843190117998386
Daylight_Far_20260114_211100_T11,1736909004.4,110,Daylight,Far,4,4,1280,720,29.16357249344418,1,3,bob,4,1,0.746793736385762,1059.46440322117,306.12314874283334,1152.1742905584074,479.0896587148095,16035.705652617065,bob,0.8643020916317482,alice,0.7033718973795319,0.16093019425221633,bob,bob,bob,1,1,1,0,0,15.311250418282413,9.243228158961534,4.28871154075444,28.843190117998386
Daylight_Far_20260114_211100_T11,1736909004.44,111,Daylight,Far,4,4,1280,720,21.711078446647463,1,0,diana,1,1,0.7195373910455548,95.93022143470277,185.26194260227248,203.97656757764042,348.58514340193074,17646.475086772385,diana,0.8149334119844114,alice,0.6815561529809209,0.1333772590034905,diana,diana,diana,1,1,1,0,0,14.5355748058615,11.582798197776988,12.926423383555417,39.044796387193905
Daylight_Far_20260114_211100_T11,1736909004.44,111,Daylight,Far,4,4,1280,720,21.711078446647463,1,1,chen,2,1,0.99,409.88553394541685,252.25549382141133,523.1277548321908,399.4617290515386,16669.96100584048,chen,0.806564519703924,diana,0.7344986376663408,0.07206588203758313,chen,chen,chen,2,1,1,0,0,14.5355748058615,11.582798197776988,12.926423383555417,39.044796387193905
Daylight_Far_20260114_211100_T11,1736909004.44,111,Daylight,Far,4,4,1280,720,21.711078446647463,1,2,alice,3,1,0.8538958768255809,769.5352727146148,223.3318571475559,849.8464242126099,356.2496421874937,10674.780371120387,alice,0.8834084889459851,chen,0.7309982223233411,0.152410266622644,alice,alice,alice,3,1,1,0,0,14.5355748058615,11.582798197776988,12.926423383555417,39.044796387193905
Daylight_Far_20260114_211100_T11,1736909004.44,111,Daylight,Far,4,4,1280,720,21.711078446647463,1,3,bob,4,1,0.9459771681146476,1081.553102221052,237.24834422036417,1188.2145517997828,378.7578741591327,15093.61159247385,bob,0.9200258079585727,chen,0.8125720771535225,0.10745373080505016,bob,bob,bob,2,1,1,0,0,14.5355748058615,11.582798197776988,12.926423383555417,39.044796387193905
Daylight_Far_20260114_211100_T11,1736909004.48,112,Daylight,Far,4,4,1280,720,23.695275240502664,0,0,diana,1,1,0.7929112958335441,103.47864775628894,233.182978628095,220.08446876998954,443.1236076799093,24480.299414719575,diana,0.8795603998488826,chen,0.811057538207619,0.06850286164126351,diana,diana,diana,1,1,1,0,0,12.361329409088713,9.145047242683061,13.581810057157549,35.08818670892932
Daylight_Far_20260114_211100_T11,1736909004.48,112,Daylight,Far,4,4,1280,720,23.695275240502664,0,1,chen,2,1,0.6978331683675545,450.1488329246573,322.96037428647213,556.2967659645105,472.1080890034353,15831.721634823336,chen,0.8754979839703744,diana,0.7318463715178691,0.14365161245250524,chen,chen,chen,2,1,1,0,0,12.361329409088713,9.145047242683061,13.581810057157549,35.08818670892932
Daylight_Far_20260114_211100_T11,1736909004.48,112,Daylight,Far,4,4,1280,720,23.695275240502664,0,2,alice,3,1,0.6809570222885196,730.7135656531048,268.86257824031213,857.9462226659336,432.5421886557184,20825.39173197684,diana,0.663931492589942,alice,0.6379191656653471,0.026012326924594875,unknown,unknown,unknown,0,0,0,0,0,12.361329409088713,9.145047242683061,13.581810057157549,35.08818670892932
Daylight_Far_20260114_211100_T11,1736909004.48,112,Daylight,Far,4,4,1280,720,23.695275240502664,0,3,bob,4,1,0.8470423356204981,1057.4338723143103,222.4260554224898,1164.0948816260968,408.52212854768214,19849.194988493047,bob,0.9212825639641952,diana,0.7707363265752646,0.15054623738893058,bob,bob,bob,2,1,1,0,0,12.361329409088713,9.145047242683061,13.581810057157549,35.08818670892932
Daylight_Far_20260114_211100_T11,1736909004.52,113,Daylight,Far,4,4,1280,720,24.688238488927414,0,0,diana,1,1,0.8177417744394697,148.26026537681233,225.6705853725071,242.18715467015537,418.42174042447635,18104.516401730314,diana,0.8154966084648094,bob,0.6582117754075917,0.15728483305721774,diana,diana,diana,2,1,1,0,0,10.204155875446743,7.4170618070549486,8.383979052937708,26.005196735439398
Daylight_Far_20260114_211100_T11,1736909004.52,113,Daylight,Far,4,4,1280,720,24.688238488927414,0,1,chen,2,1,0.9218134842795649,449.4085606996368,234.88912365950088,535.1374496250667,369.0241650825169,11499.248067161678,chen,0.8168242078382677,diana,0.7434162098594694,0.07340799797879827,chen,chen,chen,2,1,1,0,0,10.204155875446743,7.4170618070549486,8.383979052937708,26.005196735439398
Daylight_Far_20260114_211100_T11,1736909004.52,113,Daylight,Far,4,4,1280,720,24.688238488927414,0,2,alice,3,1,0.9749815085463511,763.7308903515673,249.02422550738646,849.6619123704436,398.8113983622447,12871.364848736055,alice,0.8995154514618915,diana,0.7963752677874495,0.103140183674442,alice,alice,alice,2,1,1,0,0,10.204155875446743,7.4170618070549486,8.383979052937708,26.005196735439398
Daylight_Far_20260114_211100_T11,1736909004.52,113,Daylight,Far,4,4,1280,720,24.688238488927414,0,3,bob,4,1,0.8070067919595143,1087.3337600945733,267.72519763004993,1176.9105696504257,452.55524453568785,16556.48591186559,bob,0.8920915659278359,chen,0.7660908550984205,0.12600071082941544,bob,bob,bob,2,1,1,0,0,10.204155875446743,7.4170618070549486,8.383979052937708,26.005196735439398
Daylight_Far_20260114_211100_T11,1736909004.56,114,Daylight,Far,4,4,1280,720,24.89131737884027,0,0,diana,1,1,0.7194924566170269,123.12415796396166,307.4577069770585,209.98240265187812,458.57170636925684,13125.496734977223,diana,0.8584990714265598,bob,0.7698723157974949,0.08862675562906486,diana,diana,diana,3,1,1,0,0,13.261896516960169,10.770327212565938,10.1037604624321,34.13598419195821
Daylight_Far_20260114_211100_T11,1736909004.56,114,Daylight,Far,4,4,1280,720,24.89131737884027,0,1,chen,-1,0,-1.0,-1.0,-1.0,-1.0,-1.0,0.0,unknown,-1.0,unknown,-1.0,-1.0,unknown,unknown,unknown,0,0,0,0,1,13.261896516960169,10.770327212565938,10.1037604624321,34.13598419195821
Daylight_Far_20260114_211100_T11,1736909004.56,114,Daylight,Far,4,4,1280,720,24.89131737884027,0,2,alice,3,1,0.7583498243747658,752.5942496893516,186.43235067540016,844.9879817365223,400.83234630293873,19809.215746925373,alice,0.7914793101717342,bob,0.697235050348834,0.09424425982290019,alice,alice,alice,3,1,1,0,0,13.261896516960169,10.770327212565938,10.1037604624321,34.13598419195821
Daylight_Far_20260114_211100_T11,1736909004.56,114,Daylight,Far,4,4,1280,720,24.89131737884027,0,3,bob,4,1,0.7483694508198356,1071.9774059485458,231.5805213705479,1175.472234541186,420.1723751820165,19518.28158418621,chen,0.6247388246846914,diana,0.5617156153739968,0.0630232093106946,unknown,unknown,unknown,0,0,0,0,0,13.261896516960169,10.770327212565938,10.1037604624321,34.13598419195821
Daylight_Far_20260114_211100_T11,1736909004.6,115,Daylight,Far,4,4,1280,720,24.283038295700567,3,0,diana,1,1,0.8750846526838135,138.675104865234,245.66737426078254,224.40845183419418,447.5929950299191,17311.759307323056,chen,0.8176658601820427,diana,0.7468564486840723,0.07080941149797038,chen,chen,chen,1,0,0,1,0,13.304336203884722,10.052812787657388,10.154485736474612,33.51163472801672
Daylight_Far_20260114_211100_T11,1736909004.6,115,Daylight,Far,4,4,1280,720,24.283038295700567,3,1,chen,2,1,0.8409018319522029,451.84591236472147,322.6632555978005,560.8332237140811,454.55268427345635,14374.274226762862,chen,0.9308327517520353,diana,0.7659683829052979,0.16486436884673739,chen,chen,chen,2,1,1,0,0,13.304336203884722,10.052812787657388,10.154485736474612,33.51163472801672
Daylight_Far_20260114_211100_T11,1736909004.6,115,Daylight,Far,4,4,1280,720,24.283038295700567,3,2,alice,3,1,0.7360600899051567,764.8073343683592,323.1319889323664,860.433180229886,494.4034339720454,16377.976803845306,alice,0.8328091421823095,diana,0.6842366864434233,0.14857245573888622,alice,alice,alice,2,1,1,0,0,13.304336203884722,10.052812787657388,10.154485736474612,33.51163472801672
Daylight_Far_20260114_211100_T11,1736909004.6,115,Daylight,Far,4,4,1280,720,24.283038295700567,3,3,bob,4,1,0.7982305415041588,1082.3970055483474,192.36898628763282,1188.6482258369056,373.2812715674822,19222.151076175764,bob,0.919778096852598,chen,0.8056182825121252,0.11415981434047284,bob,bob,bob,2,1,1,0,0,13.304336203884722,10.052812787657388,10.154485736474612,33.51163472801672
Daylight_Far_20260114_211100_T11,1736909004.64,116,Daylight,Far,4,4,1280,720,28.4346849679494,2,0,diana,1,1,0.7436305901159852,101.23215129671121,176.42856846048485,212.67294917945384,387.2662709555012,23495.92178980894,diana,0.7659941313877927,chen,0.6310397672092937,0.13495436417849904,diana,diana,diana,2,1,1,0,0,20.043265841977064,12.588126196810654,10.657833461428629,43.28922550021635
Daylight_Far_20260114_211100_T11,1736909004.64,116,Daylight,Far,4,4,1280,720,28.4346849679494,2,1,chen,2,1,0.8011486172207327,432.3271204584845,207.59137540649934,523.7726892652666,362.0725078004714,14126.615021682594,chen,0.8881884684502012,diana,0.7224176428815327,0.1657708255686685,chen,chen,chen,1,1,1,0,0,20.043265841977064,12.588126196810654,10.657833461428629,43.28922550021635
Daylight_Far_20260114_211100_T11,1736909004.64,116,Daylight,Far,4,4,1280,720,28.4346849679494,2,2,alice,3,1,0.726697966269703,738.8515907471855,255.36319524575927,862.8038060298276,428.86674772054744,21506.149688658134,alice,0.6026426893772923,diana,0.5649387238330588,0.0377039655442335,unknown,unknown,unknown,0,0,0,0,0,20.043265841977064,12.588126196810654,10.657833461428629,43.28922550021635
Daylight_Far_20260114_211100_T11,1736909004.64,116,Daylight,Far,4,4,1280,720,28.4346849679494,2,3,bob,4,1,0.8857604892876858,1055.669509907097,190.26771891944117,1182.3975265302597,343.08006965422356,19365.606124142058,bob,0.8394346714360439,chen,0.6610632383608988,0.17837143307514514,bob,bob,bob,2,1,1,0,0,20.043265841977064,12.588126196810654,10.657833461428629,43.28922550021635
Daylight_Far_20260114_211100_T11,1736909004.68,117,Daylight,Far,4,4,1280,720,27.03463748213815,0,0,diana,1,1,0.7077059459297415,112.77369813826957,241.21483077640727,215.7474089975702,451.20863240357306,21623.841011001106,diana,0.9226691202052751,alice,0.7704573700396931,0.15221175016558208,diana,diana,diana,3,1,1,0,0,11.656605387006593,6.260547914142555,3.8289789969132544,21.746132298062403
Daylight_Far_20260114_211100_T11,1736909004.68,117,Daylight,Far,4,4,1280,720,27.03463748213815,0,1,chen,2,1,0.802776581273644,422.57670572966276,229.4830217529782,521.8946620932645,381.21900922865416,15070.108182897207,chen,0.896404299349908,diana,0.8241140275144734,0.07229027183543457,chen,chen,chen,2,1,1,0,0,11.656605387006593,6.260547914142555,3.8289789969132544,21.746132298062403
Daylight_Far_20260114_211100_T11,1736909004.68,117,Daylight,Far,4,4,1280,720,27.03463748213815,0,2,alice,-1,0,-1.0,-1.0,-1.0,-1.0,-1.0,0.0,unknown,-1.0,unknown,-1.0,-1.0,unknown,unknown,unknown,0,0,0,0,1,11.656605387006593,6.260547914142555,3.8289789969132544,21.746132298062403
Daylight_Far_20260114_211100_T11,1736909004.68,117,Daylight,Far,4,4,1280,720,27.03463748213815,0,3,bob,4,1,0.7641987917430154,1079.5097079157247,306.7345161666857,1181.9336866944648,469.89366355810796,16711.409049976362,bob,0.8532481997682936,chen,0.7504361508535445,0.10281204891474904,bob,bob,bob,3,1,1,0,0,11.656605387006593,6.260547914142555,3.8289789969132544,21.746132298062403
Daylight_Far_20260114_211100_T11,1736909004.72,118,Daylight,Far,4,4,1280,720,26.405679178119478,2,0,diana,1,1,0.7187949311154734,95.46727073292541,123.29841867538126,187.6947471014918,338.7492376113053,19870.485312001212,diana,0.8981679268144073,alice,0.7873131736074314,0.11085475320697591,diana,diana,diana,2,1,1,0,0,23.060947264654185,20.300426008402706,9.20951229511958,52.57088556817647
Daylight_Far_20260114_211100_T11,1736909004.72,118,Daylight,Far,4,4,1280,720,26.405679178119478,2,1,chen,2,1,0.8439749973709771,420.94868012413144,192.45633311949655,524.5181997677134,345.96100748666026,15898.40538725162,chen,0.8252553935882055,diana,0.6543043880410058,0.17095100554719977,chen,chen,chen,2,1,1,0,0,23.060947264654185,20.300426008402706,9.20951229511958,52.57088556817647
Daylight_Far_20260114_211100_T11,1736909004.72,118,Daylight,Far,4,4,1280,720,26.405679178119478,2,2,alice,3,1,0.7529312280375456,748.7037271218046,232.8061072110225,858.283180809331,445.8911594380564,23349.743612016413,alice,0.9007664477403443,bob,0.7235062403730711,0.17726020736727321,alice,alice,alice,3,1,1,0,0,23.060947264654185,20.300426008402706,9.20951229511958,52.57088556817647
Daylight_Far_20260114_211100_T11,1736909004.72,118,Daylight,Far,4,4,1280,720,26.405679178119478,2,3,bob,4,1,0.8672199971496605,1053.1312463796382,191.00163008632558,1169.3315072050475,366.1068005286394,20347.266477274607,bob,0.8193338475651104,diana,0.7420374287302607,0.07729641883484972,bob,bob,bob,2,1,1,0,0,23.060947264654185,20.300426008402706,9.20951229511958,52.57088556817647
Daylight_Far_20260114_211100_T11,1736909004.76,119,Daylight,Far,4,4,1280,720,29.096246899415405,2,0,diana,1,1,0.7263014164993641,94.40115839295214,245.50499959519234,219.97573519553725,400.63739559011606,19480.684975433596,diana,0.8412295348859632,alice,0.708541056887067,0.13268847799889616,diana,diana,diana,3,1,1,0,0,20.943718212341494,20.948485899426053,14.623664211821165,56.51586832358871
Daylight_Far_20260114_211100_T11,1736909004.76,119,Daylight,Far,4,4,1280,720,29.096246899415405,2,1,chen,-1,0,-1.0,-1.0,-1.0,-1.0,-1.0,0.0,unknown,-1.0,unknown,-1.0,-1.0,unknown,unknown,unknown,0,0,0,0,1,20.943718212341494,20.948485899426053,14.623664211821165,56.51586832358871
Daylight_Far_20260114_211100_T11,1736909004.76,119,Daylight,Far,4,4,1280,720,29.096246899415405,2,2,alice,-1,0,-1.0,-1.0,-1.0,-1.0,-1.0,0.0,unknown,-1.0,unknown,-1.0,-1.0,unknown,unknown,unknown,0,0,0,0,1,20.943718212341494,20.948485899426053,14.623664211821165,56.51586832358871
Daylight_Far_20260114_211100_T11,1736909004.76,119,Daylight,Far,4,4,1280,720,29.096246899415405,2,3,bob,4,1,0.6207702820987369,1073.1681261583346,211.52533440377633,1194.3308615849412,414.9306827818259,24645.14840988636,bob,0.7888719664705455,diana,0.6125602891224164,0.17631167734812903,bob,bob,bob,2,1,1,0,0,20.943718212341494,20.948485899426053,14.623664211821165,56.51586832358871
Daylight_Far_20260114_211100_T11,1736909004.8,120,Daylight,Far,4,4,1280,720,27.68795988963997,2,0,diana,1,1,0.7755229739601088,117.79006823896705,232.8531447582385,210.64195302025237,400.73404234583927,15588.057759782667,diana,0.7300815490494296,alice,0.7068477971116645,0.023233751937765112,unknown,unknown,unknown,0,0,0,0,0,6.783718413838453,4.892178209083994,6.203172960786439,17.879069583708887
Daylight_Far_20260114_211100_T11,1736909004.8,120,Daylight,Far,4,4,1280,720,27.68795988963997,2,1,chen,2,1,0.601084700848817,418.5390862458232,165.07626823808405,532.477304926791,315.22171973593515,17107.305286714804,chen,0.940884759808278,bob,0.8153294302436958,0.12555532956458226,chen,chen,chen,1,1,1,0,0,6.783718413838453,4.892178209083994,6.203172960786439,17.879069583708887
Daylight_Far_20260114_211100_T11,1736909004.8,120,Daylight,Far,4,4,1280,720,27.68795988963997,2,2,alice,3,1,0.6037868611697051,763.046346382138,237.6791536602434,866.0383107668209,426.9372384647959,19492.061929703763,alice,0.8406320650836269,diana,0.7118263812508804,0.1288056838327465,alice,alice,alice,3,1,1,0,0,6.783718413838453,4.892178209083994,6.203172960786439,17.879069583708887
Daylight_Far_20260114_211100_T11,1736909004.8,120,Daylight,Far,4,4,1280,720,27.68795988963997,2,3,bob,4,1,0.8074596546127429,1064.439164389535,299.7856552395889,1163.7894009400834,513.8360788700049,21265.960221426907,bob,0.9000650198232931,diana,0.7706609939196194,0.12940402590367373,bob,bob,bob,2,1,1,0,0,6.783718413838453,4.892178209083994,6.203172960786439,17.879069583708887
Daylight_Far_20260114_211100_T11,1736909004.84,121,Daylight,Far,4,4,1280,720,25.807050599210726,0,0,diana,1,1,0.7368522562639063,110.65302714470707,148.74639165583773,202.2239428934162,347.59339804506476,18208.602468950932,diana,0.8708028172978924,alice,0.794076148517143,0.07672666878074941,diana,diana,diana,1,1,1,0,0,13.019809853131994,5.725204096721225,7.440163905326647,26.185177855179866
Daylight_Far_20260114_211100_T11,1736909004.84,121,Daylight,Far,4,4,1280,720,25.807050599210726,0,1,chen,2,1,0.7580720970281453,453.25526253366144,232.2840330338611,567.7084384802314,377.3635749365794,16604.81433563959,chen,0.9616232775328655,bob,0.8698242898398365,0.09179898769302897,chen,chen,chen,2,1,1,0,0,13.019809853131994,5.725204096721225,7.440163905326647,26.185177855179866
Daylight_Far_20260114_211100_T11,1736909004.84,121,Daylight,Far,4,4,1280,720,25.807050599210726,0,2,alice,3,1,0.803016914297869,731.632838489448,213.1224745504648,858.4159312304305,420.3943822747921,26278.57349961376,alice,0.7021290478266055,diana,0.6331354876525961,0.06899356017400937,unknown,unknown,unknown,0,0,0,0,0,13.019809853131994,5.725204096721225,7.440163905326647,26.185177855179866
Daylight_Far_20260114_211100_T11,1736909004.84,121,Daylight,Far,4,4,1280,720,25.807050599210726,0,3,bob,4,1,0.7744230659331718,1071.0813466474656,130.95068610390322,1157.919727373791,338.0164115002309,17981.252297339037,bob,0.8473569963235672,chen,0.7219520419702414,0.12540495435332577,bob,bob,bob,2,1,1,0,0,13.019809853131994,5.725204096721225,7.440163905326647,26.185177855179866
Daylight_Far_20260114_211100_T11,1736909004.88,122,Daylight,Far,4,4,1280,720,27.420148663222797,0,0,diana,1,1,0.77159018155966,98.3318702198179,269.7194609869043,190.3995393691353,425.9468849794754,14383.494784198165,diana,0.8413827977217132,alice,0.7450134041936175,0.0963693935280957,diana,diana,diana,2,1,1,0,0,18.461755406825127,16.6098778570721,8.04789570377502,43.119528967672245
Daylight_Far_20260114_211100_T11,1736909004.88,122,Daylight,Far,4,4,1280,720,27.420148663222797,0,1,chen,-1,0,-1.0,-1.0,-1.0,-1.0,-1.0,0.0,unknown,-1.0,unknown,-1.0,-1.0,unknown,unknown,unknown,0,0,0,0,1,18.461755406825127,16.6098778570721,8.04789570377502,43.119528967672245
Daylight_Far_20260114_211100_T11,1736909004.88,122,Daylight,Far,4,4,1280,720,27.420148663222797,0,2,alice,3,1,0.8352823978608983,770.2921249452869,224.28736855531162,870.3257109648026,377.5488350318769,15331.294090260617,alice,0.8206088451534069,diana,0.6562070496147374,0.16440179553866952,alice,alice,alice,3,1,1,0,0,18.461755406825127,16.6098778570721,8.04789570377502,43.119528967672245
Daylight_Far_20260114_211100_T11,1736909004.88,122,Daylight,Far,4,4,1280,720,27.420148663222797,0,3,bob,4,1,0.8486134237236904,1048.34482341343,174.22676384366906,1169.935599868719,360.25744833983305,22619.615372397464,bob,0.8923977372709957,diana,0.812659572033931,0.07973816523706467,bob,bob,bob,1,1,1,0,0,18.461755406825127,16.6098778570721,8.04789570377502,43.119528967672245
Daylight_Far_20260114_211100_T11,1736909004.92,123,Daylight,Far,4,4,1280,720,26.066863950985944,1,0,diana,1,1,0.8215687616190992,91.4171984831739,228.6691896003387,183.69269778497974,381.6936404668972,14120.407609096339,diana,0.8444099031702709,alice,0.7430557086201561,0.10135419455011474,diana,diana,diana,3,1,1,0,0,21.747621018199286,11.308776528101525,8.593017829208637,41.64941537550945
Daylight_Far_20260114_211100_T11,1736909004.92,123,Daylight,Far,4,4,1280,720,26.066863950985944,1,1,chen,2,1,0.9378770426069813,406.01412370022047,302.9702263918592,506.1320923991085,484.7637014099629,18200.793441524587,chen,0.828054102457392,diana,0.7142378376627058,0.1138162647946862,chen,chen,chen,2,1,1,0,0,21.747621018199286,11.308776528101525,8.593017829208637,41.64941537550945
Daylight_Far_20260114_211100_T11,1736909004.92,123,Daylight,Far,4,4,1280,720,26.066863950985944,1,2,alice,3,1,0.7922971394766611,759.0487770214247,249.5761806030502,874.2203071834881,438.9451967027059,21809.919349481766,alice,0.8588007794927508,bob,0.7420321398505998,0.116768639642151,alice,alice,alice,1,1,1,0,0,21.747621018199286,11.308776528101525,8.593017829208637,41.64941537550945
Daylight_Far_20260114_211100_T11,1736909004.92,123,Daylight,Far,4,4,1280,720,26.066863950985944,1,3,bob,4,1,0.6775158879169497,1068.1080341606937,212.67690243890155,1191.050322673628,365.9106171278666,18838.903561199397,bob,0.7786639726998285,alice,0.6001768918289023,0.17848708087092613,bob,bob,bob,2,1,1,0,0,21.747621018199286,11.308776528101525,8.593017829208637,41.64941537550945
Daylight_Far_20260114_211100_T11,1736909004.96,124,Daylight,Far,4,4,1280,720,28.74428808557951,1,0,diana,-1,0,-1.0,-1.0,-1.0,-1.0,-1.0,0.0,unknown,-1.0,unknown,-1.0,-1.0,unknown,unknown,unknown,0,0,0,0,1,20.089641492693605,9.155904305658288,8.991982535631427,38.23752833398332
Daylight_Far_20260114_211100_T11,1736909004.96,124,Daylight,Far,4,4,1280,720,28.74428808557951,1,1,chen,2,1,0.9680985228220644,436.2771185925793,248.09716763146068,559.5207733145975,386.90629077771416,17107.343645302964,bob,0.6801732538195665,alice,0.6491627181585752,0.031010535660991323,unknown,unknown,unknown,0,0,0,0,0,20.089641492693605,9.155904305658288,8.991982535631427,38.23752833398332
Daylight_Far_20260114_211100_T11,1736909004.96,124,Daylight,Far,4,4,1280,720,28.74428808557951,1,2,alice,3,1,0.7333170687721051,757.4144653853075,242.43323329396844,876.525081783572,450.5783243493157,24792.2900958753,alice,0.6365408713177502,diana,0.6225262257804535,0.0140146455372967,unknown,unknown,unknown,0,0,0,0,0,20.089641492693605,9.155904305658288,8.991982535631427,38.23752833398332
Daylight_Far_20260114_211100_T11,1736909004.96,124,Daylight,Far,4,4,1280,720,28.74428808557951,1,3,bob,4,1,0.6824253876974563,1058.6365785660569,278.624085168316,1178.2184913966412,415.23438745670353,16336.12126000973,bob,0.8107509791761883,alice,0.7384315938791352,0.07231938529705317,bob,bob,bob,1,1,1,0,0,20.089641492693605,9.155904305658288,8.991982535631427,38.23752833398332
Daylight_Far_20260114_211100_T11,1736909005.0,125,Daylight,Far,4,4,1280,720,22.530043255274784,3,0,diana,1,1,0.6748969115888304,125.69978963540231,252.9851636990229,217.54571620103528,411.02011289352583,14514.866338521853,chen,0.8059001314452902,diana,0.7477453372271696,0.05815479421812053,chen,chen,chen,2,0,0,1,0,12.819459909117509,10.008317926483565,4.08199317748012,26.909771013081194
Daylight_Far_20260114_211100_T11,1736909005.0,125,Daylight,Far,4,4,1280,720,22.530043255274784,3,1,chen,2,1,0.8232693241931167,423.02045667946396,199.24606922112298,527.6948809586848,368.4104429655382,17707.183430251614,chen,0.8079959743836358,diana,0.6477639384558782,0.1602320359277576,chen,chen,chen,2,1,1,0,0,12.819459909117509,10.008317926483565,4.08199317748012,26.909771013081194
Daylight_Far_20260114_211100_T11,1736909005.0,125,Daylight,Far,4,4,1280,720,22.530043255274784,3,2,alice,3,1,0.6943074587436338,716.2696160527302,181.39363688214408,836.7905779554181,375.0452763564168,23339.081863471893,alice,0.8722579650019533,chen,0.7655095253977344,0.10674843960421887,alice,alice,alice,1,1,1,0,0,12.819459909117509,10.008317926483565,4.08199317748012,26.909771013081194
Daylight_Far_20260114_211100_T11,1736909005.0,125,Daylight,Far,4,4,1280,720,22.530043255274784,3,3,bob,4,1,0.7455639926419964,1083.7551274029543,235.67868222637907,1182.451872208529,399.0885590918205,16128.022915698873,bob,0.7349452533597722,chen,0.6739835520399917,0.060961701319780515,unknown,unknown,unknown,0,0,0,0,0,12.819459909117509,10.008317926483565,4.08199317748012,26.909771013081194
Daylight_Far_20260114_211100_T11,1736909005.04,126,Daylight,Far,4,4,1280,720,26.234309259239637,0,0,diana,1,1,0.8703964011497909,69.49273646383753,251.49340743433538,178.39430117361977,424.89215993755295,18883.395466324662,diana,0.847236625326763,alice,0.7399733047290088,0.10726332059775423,diana,diana,diana,3,1,1,0,0,13.412705471102047,8.834605611964463,2.5484683785967874,24.795779461663297
Daylight_Far_20260114_211100_T11,1736909005.04,126,Daylight,Far,4,4,1280,720,26.234309259239637,0,1,chen,2,1,0.9294278706560887,408.9278445895488,224.02165975549042,528.3126029911032,432.90247381090103,24937.1855207252,alice,0.7789522123649301,chen,0.7189240775032314,0.06002813486169867,alice,alice,alice,1,0,0,1,0,13.412705471102047,8.834605611964463,2.5484683785967874,24.795779461663297
Daylight_Far_20260114_211100_T11,1736909005.04,126,Daylight,Far,4,4,1280,720,26.234309259239637,0,2,alice,3,1,0.9213960133992223,730.0881272500916,122.87593391076136,830.760592127766,297.8355642607851,17613.61724142366,alice,0.7984404670968185,diana,0.7220567237405704,0.07638374335624809,alice,alice,alice,3,1,1,0,0,13.412705471102047,8.834605611964463,2.5484683785967874,24.795779461663297
Daylight_Far_20260114_211100_T11,1736909005.04,126,Daylight,Far,4,4,1280,720,26.234309259239637,0,3,bob,4,1,0.7782551705428034,1080.5382108938784,279.3558453252088,1198.2489271360168,437.3947842853656,18602.876699147655,bob,0.8999715794584779,chen,0.7952342009009007,0.10473737855757725,bob,bob,bob,2,1,1,0,0,13.412705471102047,8.834605611964463,2.5484683785967874,24.795779461663297
Daylight_Far_20260114_211100_T11,1736909005.08,127,Daylight,Far,4,4,1280,720,30.04575543262436,2,0,diana,1,1,0.8125483406209907,76.16841658285068,192.98150428484786,194.04440855303375,346.09759032499716,18048.7105285745,diana,0.8107240337921111,chen,0.7228233166039015,0.08790071718820958,diana,diana,diana,3,1,1,0,0,10.013437504618647,10.721657897283878,6.423329019123818,27.158424421026343
Daylight_Far_20260114_211100_T11,1736909005.08,127,Daylight,Far,4,4,1280,720,30.04575543262436,2,1,chen,2,1,0.6924865918229755,387.29083234494465,201.32826966031806,500.5251232385724,403.97703203679544,22946.78890817169,chen,0.885656919205046,diana,0.7687601041255434,0.11689681507950256,chen,chen,chen,3,1,1,0,0,10.013437504618647,10.721657897283878,6.423329019123818,27.158424421026343
Daylight_Far_20260114_211100_T11,1736909005.08,127,Daylight,Far,4,4,1280,720,30.04575543262436,2,2,alice,3,1,0.8826436446753696,770.6606062593306,242.88293972870187,857.2851354074104,442.93656667837695,17329.551238881206,alice,0.8892083410954909,bob,0.7649871808902045,0.1242211602052864,alice,alice,alice,3,1,1,0,0,10.013437504618647,10.721657897283878,6.423329019123818,27.158424421026343
Daylight_Far_20260114_211100_T11,1736909005.08,127,Daylight,Far,4,4,1280,720,30.04575543262436,2,3,bob,4,1,0.7025462430604605,1052.4289500838545,203.00991729908583,1163.2151694026647,404.07193287837094,22274.900554648724,bob,0.9090278540053915,diana,0.787628410076409,0.1213994439289825,bob,bob,bob,2,1,1,0,0,10.013437504618647,10.721657897283878,6.423329019123818,27.158424421026343
Daylight_Far_20260114_211100_T11,1736909005.12,128,Daylight,Far,4,4,1280,720,27.241585330221056,2,0,diana,1,1,0.9152518843916748,123.3798880308886,222.31797451709173,248.9352593155213,380.800717914028,19898.359689409506,diana,0.9080471821610868,chen,0.7991105022375042,0.10893667992358258,diana,diana,diana,2,1,1,0,0,21.430169519377078,9.778052814380365,12.688450389386544,43.896672723143986
Daylight_Far_20260114_211100_T11,1736909005.12,128,Daylight,Far,4,4,1280,720,27.241585330221056,2,1,chen,2,1,0.726639819145517,428.48150588416723,176.03466493939231,543.7322315932632,366.62654746844976,21965.852775736646,alice,0.7955761835995618,chen,0.7253254785022065,0.07025070509735531,alice,alice,alice,1,0,0,1,0,21.430169519377078,9.778052814380365,12.688450389386544,43.896672723143986
Daylight_Far_20260114_211100_T11,1736909005.12,128,Daylight,Far,4,4,1280,720,27.241585330221056,2,2,alice,3,1,0.7498653536331155,737.2497508302232,311.741443268955,832.8464526690485,453.7109170351662,13571.813453843424,chen,0.7240783186315443,alice,0.6445658562360886,0.07951246239545562,unknown,unknown,unknown,0,0,0,0,0,21.430169519377078,9.778052814380365,12.688450389386544,43.896672723143986
Daylight_Far_20260114_211100_T11,1736909005.12,128,Daylight,Far,4,4,1280,720,27.241585330221056,2,3,bob,4,1,0.7462883367617565,1051.813868846739,253.8236719632368,1161.0294746062393,410.3273639695354,17092.645526066157,bob,0.825032215563029,diana,0.7478381100148321,0.07719410554819683,bob,bob,bob,3,1,1,0,0,21.430169519377078,9.778052814380365,12.688450389386544,43.896672723143986
Daylight_Far_20260114_211100_T11,1736909005.16,129,Daylight,Far,4,4,1280,720,24.61902990126245,2,0,diana,1,1,0.776942952029406,110.3959936370709,215.91557593382169,222.35835146929765,369.50725120830356,17196.48610713271,diana,0.8682251085050299,bob,0.7279516347027728,0.14027347380225708,diana,diana,diana,3,1,1,0,0,12.56440440143226,10.129085951439938,8.542569219291503,31.2360595721637
Daylight_Far_20260114_211100_T11,1736909005.16,129,Daylight,Far,4,4,1280,720,24.61902990126245,2,1,chen,2,1,0.6484076589162346,426.34985522484124,290.0191600186267,533.5461997337608,467.4799290347335,19023.145732268382,chen,0.878833629696069,alice,0.7362288676361116,0.14260476205995742,chen,chen,chen,2,1,1,0,0,12.56440440143226,10.129085951439938,8.542569219291503,31.2360595721637
Daylight_Far_20260114_211100_T11,1736909005.16,129,Daylight,Far,4,4,1280,720,24.61902990126245,2,2,alice,3,1,0.7241701186757042,774.6798742159383,229.61242007368966,870.5146969391819,387.09903891670626,15092.702198103536,alice,0.9070650136023697,bob,0.7740913574611173,0.13297365614125234,alice,alice,alice,2,1,1,0,0,12.56440440143226,10.129085951439938,8.542569219291503,31.2360595721637
Daylight_Far_20260114_211100_T11,1736909005.16,129,Daylight,Far,4,4,1280,720,24.61902990126245,2,3,bob,4,1,0.8291653517176547,1058.1783073764975,263.6012230020554,1157.0396547949265,444.97830288226925,17931.182507777965,bob,0.8422676965065813,chen,0.6865557065221726,0.15571198998440872,bob,bob,bob,2,1,1,0,0,12.56440440143226,10.129085951439938,8.542569219291503,31.2360595721637
Daylight_Far_20260114_211100_T11,1736909005.2,130,Daylight,Far,4,4,1280,720,24.858188022643105,0,0,diana,1,1,0.8339873927912689,99.22899354163948,306.48127422456014,219.89279652643373,521.2738366853794,25917.687439371402,chen,0.9338482737007288,diana,0.9120072069732683,0.021841066727460445,chen,chen,chen,1,0,0,1,0,12.019410627446268,8.819190824078428,12.185859824012423,33.02446127553712
Daylight_Far_20260114_211100_T11,1736909005.2,130,Daylight,Far,4,4,1280,720,24.858188022643105,0,1,chen,2,1,0.7290198456635323,411.66145982724254,174.33169102910767,529.5686572010653,388.2360183285789,25220.859738013543,chen,0.8145007003267926,diana,0.7133785023097943,0.10112219801699829,chen,chen,chen,1,1,1,0,0,12.019410627446268,8.819190824078428,12.185859824012423,33.02446127553712
Daylight_Far_20260114_211100_T11,1736909005.2,130,Daylight,Far,4,4,1280,720,24.858188022643105,0,2,alice,3,1,0.8655058882943174,729.4661462740638,227.208605710915,837.4946011046046,370.1020442907859,15436.557375206237,alice,0.7850631621508313,diana,0.6281339884341932,0.15692917371663806,alice,alice,alice,3,1,1,0,0,12.019410627446268,8.819190824078428,12.185859824012423,33.02446127553712
Daylight_Far_20260114_211100_T11,1736909005.2,130,Daylight,Far,4,4,1280,720,24.858188022643105,0,3,bob,4,1,0.8342309538935292,1069.1006930795409,344.8590312609516,1192.5728385568593,514.0492107097892,20890.274450240497,bob,0.8653998438487097,chen,0.763562484168602,0.10183735968010776,bob,bob,bob,3,1,1,0,0,12.019410627446268,8.819190824078428,12.185859824012423,33.02446127553712
Daylight_Far_20260114_211100_T11,1736909005.24,131,Daylight,Far,4,4,1280,720,27.20848620205397,1,0,diana,1,1,0.6967063750127359,115.67200392387888,270.1737245662586,205.69428009464656,452.3116725467584,16396.47265427747,diana,0.864003719624152,bob,0.6868108021639453,0.1771929174602067,diana,diana,diana,1,1,1,0,0,31.392422701311084,15.294415211985418,22.24391049185347,68.93074840514997
Daylight_Far_20260114_211100_T11,1736909005.24,131,Daylight,Far,4,4,1280,720,27.20848620205397,1,1,chen,-1,0,-1.0,-1.0,-1.0,-1.0,-1.0,0.0,unknown,-1.0,unknown,-1.0,-1.0,unknown,unknown,unknown,0,0,0,0,1,31.392422701311084,15.294415211985418,22.24391049185347,68.93074840514997
Daylight_Far_20260114_211100_T11,1736909005.24,131,Daylight,Far,4,4,1280,720,27.20848620205397,1,2,alice,-1,0,-1.0,-1.0,-1.0,-1.0,-1.0,0.0,unknown,-1.0,unknown,-1.0,-1.0,unknown,unknown,unknown,0,0,0,0,1,31.392422701311084,15.294415211985418,22.24391049185347,68.93074840514997
Daylight_Far_20260114_211100_T11,1736909005.24,131,Daylight,Far,4,4,1280,720,27.20848620205397,1,3,bob,4,1,0.7924711145688846,1087.4778124764239,196.3084837232991,1209.4407952610272,395.56871081691986,24302.371646675423,diana,0.824359988076861,bob,0.7938369704652295,0.030523017611631453,diana,diana,diana,1,0,0,1,0,31.392422701311084,15.294415211985418,22.24391049185347,68.93074840514997
Daylight_Far_20260114_211100_T11,1736909005.28,132,Daylight,Far,4,4,1280,720,26.014642186256232,1,0,diana,1,1,0.8347351461879909,116.30306837974908,278.26793490040774,205.39222516770852,422.3836903071636,12839.151129047685,diana,0.8016023339024825,alice,0.6585198720991638,0.14308246180331863,diana,diana,diana,2,1,1,0,0,10.572428703904434,6.477080961742205,5.422373471873055,22.471883137519693
Daylight_Far_20260114_211100_T11,1736909005.28,132,Daylight,Far,4,4,1280,720,26.014642186256232,1,1,chen,2,1,0.8255525718831309,444.17550514857777,199.3328778951826,541.1518260542501,383.1101850626227,17822.04711504999,chen,0.8248194531022541,bob,0.7515371346303878,0.07328231847186628,chen,chen,chen,3,1,1,0,0,10.572428703904434,6.477080961742205,5.422373471873055,22.471883137519693
Daylight_Far_20260114_211100_T11,1736909005.28,132,Daylight,Far,4,4,1280,720,26.014642186256232,1,2,alice,3,1,0.7741249358407571,750.5717536275234,228.3300538625815,862.4133446983905,425.91110032067263,22097.778601319806,alice,0.8816414684250609,diana,0.821335831916974,0.060305636508086846,alice,alice,alice,2,1,1,0,0,10.572428703904434,6.477080961742205,5.422373471873055,22.471883137519693
Daylight_Far_20260114_211100_T11,1736909005.28,132,Daylight,Far,4,4,1280,720,26.014642186256232,1,3,bob,4,1,0.8134673476611576,1054.6090764148196,214.3973198804439,1148.0243478921363,401.0965079130917,17440.55533466441,bob,0.8420598799110727,chen,0.7247247202801038,0.11733515963096885,bob,bob,bob,2,1,1,0,0,10.572428703904434,6.477080961742205,5.422373471873055,22.471883137519693
Daylight_Far_20260114_211100_T11,1736909005.32,133,Daylight,Far,4,4,1280,720,23.664407070931492,2,0,diana,1,1,0.8245050276039503,113.11697027967735,226.35270146523044,237.77393072141336,364.7830910855887,17256.311602839105,diana,0.8550764102485752,bob,0.7709065264640328,0.08416988378454238,diana,diana,diana,2,1,1,0,0,16.855601749679447,8.839089506346319,7.862788548401728,33.557479804427494
Daylight_Far_20260114_211100_T11,1736909005.32,133,Daylight,Far,4,4,1280,720,23.664407070931492,2,1,chen,2,1,0.7772342606478242,406.7135532227747,256.1804307624318,527.1885709718338,418.02377677371055,19498.07998327592,chen,0.8233448571936188,alice,0.7431992027087433,0.08014565448487554,chen,chen,chen,1,1,1,0,0,16.855601749679447,8.839089506346319,7.862788548401728,33.557479804427494
Daylight_Far_20260114_211100_T11,1736909005.32,133,Daylight,Far,4,4,1280,720,23.664407070931492,2,2,alice,3,1,0.8170151326136983,745.3541646733602,265.96209540330744,865.5049775966613,462.651842934676,23632.433059572795,alice,0.8613750556324684,bob,0.7824848124652648,0.07889024316720361,alice,alice,alice,2,1,1,0,0,16.855601749679447,8.839089506346319,7.862788548401728,33.557479804427494
Daylight_Far_20260114_211100_T11,1736909005.32,133,Daylight,Far,4,4,1280,720,23.664407070931492,2,3,bob,4,1,0.7891733350632815,1061.0584450469148,228.38446623817154,1182.7673238933692,409.0991047885642,21994.57604911053,bob,0.828576085187001,alice,0.6942111054923077,0.1343649796946933,bob,bob,bob,3,1,1,0,0,16.855601749679447,8.839089506346319,7.862788548401728,33.557479804427494
Daylight_Far_20260114_211100_T11,1736909005.36,134,Daylight,Far,4,4,1280,720,24.997244493130072,0,0,diana,1,1,0.7494731846342121,108.71010383757584,264.65772918209706,233.62599956177837,475.2808278017314,26310.17302427867,diana,0.7717597723847051,alice,0.7033119365583573,0.06844783582634772,diana,diana,diana,2,1,1,0,0,23.751135179645477,13.581446429163472,11.191630495255113,48.52421210406406
Daylight_Far_20260114_211100_T11,1736909005.36,134,Daylight,Far,4,4,1280,720,24.997244493130072,0,1,chen,2,1,0.7746160761015103,408.411896711905,198.85460795190892,510.00963104150605,334.2670570348599,13757.59802685028,alice,0.7169729283047246,bob,0.6495430719448412,0.06742985635988341,unknown,unknown,unknown,0,0,0,0,0,23.751135179645477,13.581446429163472,11.191630495255113,48.52421210406406
Daylight_Far_20260114_211100_T11,1736909005.36,134,Daylight,Far,4,4,1280,720,24.997244493130072,0,2,alice,3,1,0.7115640251034647,747.9014639660817,251.65554288441115,861.0204969686082,419.2760483346059,18961.069487920755,alice,0.8823538969373478,bob,0.806710455437468,0.07564344149987978,alice,alice,alice,2,1,1,0,0,23.751135179645477,13.581446429163472,11.191630495255113,48.52421210406406
Daylight_Far_20260114_211100_T11,1736909005.36,134,Daylight,Far,4,4,1280,720,24.997244493130072,0,3,bob,4,1,0.7050381098977905,1077.1205374023596,148.41749242827962,1179.3576478144694,307.82921535346554,16297.793917686891,bob,0.9383640275134466,alice,0.825153425910088,0.11321060160335861,bob,bob,bob,2,1,1,0,0,23.751135179645477,13.581446429163472,11.191630495255113,48.52421210406406
Daylight_Far_20260114_211100_T11,1736909005.4,135,Daylight,Far,4,4,1280,720,29.258347783391578,3,0,diana,1,1,0.9157740310758301,97.91985729552684,291.50843482429565,199.59042425409157,454.12777740217535,16533.600758322096,diana,0.8118187709379292,chen,0.6554054958108844,0.15641327512704484,diana,diana,diana,1,1,1,0,0,10.058805727831114,10.221391686878675,7.847162907425606,28.127360322135395
Daylight_Far_20260114_211100_T11,1736909005.4,135,Daylight,Far,4,4,1280,720,29.258347783391578,3,1,chen,2,1,0.7797468855855771,419.76448328032643,223.78666471845355,520.2868604736327,386.08626233277056,16314.741369708207,chen,0.8409516684321178,bob,0.7360536235820402,0.10489804485007759,chen,chen,chen,1,1,1,0,0,10.058805727831114,10.221391686878675,7.847162907425606,28.127360322135395
Daylight_Far_20260114_211100_T11,1736909005.4,135,Daylight,Far,4,4,1280,720,29.258347783391578,3,2,alice,-1,0,-1.0,-1.0,-1.0,-1.0,-1.0,0.0,unknown,-1.0,unknown,-1.0,-1.0,unknown,unknown,unknown,0,0,0,0,1,10.058805727831114,10.221391686878675,7.847162907425606,28.127360322135395
Daylight_Far_20260114_211100_T11,1736909005.4,135,Daylight,Far,4,4,1280,720,29.258347783391578,3,3,bob,4,1,0.7848542363544498,1045.1026401878373,160.63927856527954,1159.8188402885942,339.3173668264172,20497.27132658536,bob,0.900339848671329,alice,0.7243421735896628,0.1759976750816662,bob,bob,bob,2,1,1,0,0,10.058805727831114,10.221391686878675,7.847162907425606,28.127360322135395
Daylight_Far_20260114_211100_T11,1736909005.44,136,Daylight,Far,4,4,1280,720,24.336368766638667,1,0,diana,1,1,0.6955643230084423,137.0383837915638,175.07979680772314,217.9490769275943,383.24062933446896,16842.437243512166,diana,0.9464436884267938,alice,0.862006123631024,0.0844375647957698,diana,diana,diana,2,1,1,0,0,14.338796623724546,9.789192644527315,8.792013255549694,32.92000252380156
Daylight_Far_20260114_211100_T11,1736909005.44,136,Daylight,Far,4,4,1280,720,24.336368766638667,1,1,chen,2,1,0.6075817861319145,454.6993684793868,318.77669836052956,574.2097974064363,479.1460243960975,19165.806941252577,chen,0.9101527913088385,bob,0.7688955998202318,0.14125719148860671,chen,chen,chen,2,1,1,0,0,14.338796623724546,9.789192644527315,8.792013255549694,32.92000252380156
Daylight_Far_20260114_211100_T11,1736909005.44,136,Daylight,Far,4,4,1280,720,24.336368766638667,1,2,alice,-1,0,-1.0,-1.0,-1.0,-1.0,-1.0,0.0,unknown,-1.0,unknown,-1.0,-1.0,unknown,unknown,unknown,0,0,0,0,1,14.338796623724546,9.789192644527315,8.792013255549694,32.92000252380156
Daylight_Far_20260114_211100_T11,1736909005.44,136,Daylight,Far,4,4,1280,720,24.336368766638667,1,3,bob,4,1,0.7962212394344461,1064.851298527712,232.40812110364348,1182.3174009989766,401.5387983096331,19867.12145971314,bob,0.6354212012809731,alice,0.6020586800788041,0.03336252120216898,unknown,unknown,unknown,0,0,0,0,0,14.338796623724546,9.789192644527315,8.792013255549694,32.92000252380156
Daylight_Far_20260114_211100_T11,1736909005.48,137,Daylight,Far,4,4,1280,720,26.766301348909483,0,0,diana,1,1,0.9057308986337016,112.16992586900324,225.27473698957607,203.8816501185084,422.3208277996527,18071.4367448167,diana,0.8476003773174617,chen,0.7548969823005955,0.0927033950168662,diana,diana,diana,1,1,1,0,0,15.627449912106844,13.844161965167272,5.581913701889212,35.05352557916333
Daylight_Far_20260114_211100_T11,1736909005.48,137,Daylight,Far,4,4,1280,720,26.766301348909483,0,1,chen,2,1,0.8591865750161457,396.33551202977594,258.9184841841673,493.32075915506095,443.06428290209686,17859.42579574139,chen,0.8883192093348901,bob,0.7702860095177908,0.11803319981709925,chen,chen,chen,2,1,1,0,0,15.627449912106844,13.844161965167272,5.581913701889212,35.05352557916333
Daylight_Far_20260114_211100_T11,1736909005.48,137,Daylight,Far,4,4,1280,720,26.766301348909483,0,2,alice,3,1,0.6851263029241964,743.5450057083469,237.19639738459662,834.2533369912353,434.0835912321087,17859.308804878383,alice,0.7718924921480184,diana,0.7469157579238788,0.024976734224139596,unknown,unknown,unknown,0,0,0,0,0,15.627449912106844,13.844161965167272,5.581913701889212,35.05352557916333
Daylight_Far_20260114_211100_T11,1736909005.48,137,Daylight,Far,4,4,1280,720,26.766301348909483,0,3,bob,4,1,0.7306555883938289,1066.361294296925,211.3493840240256,1171.1782337219963,393.2147712526227,19062.573276656993,bob,0.8269536072279197,alice,0.7398245080754395,0.08712909915248013,bob,bob,bob,2,1,1,0,0,15.627449912106844,13.844161965167272,5.581913701889212,35.05352557916333
Daylight_Far_20260114_211100_T11,1736909005.52,138,Daylight,Far,4,4,1280,720,25.318004204308824,2,0,diana,1,1,0.7357757273694471,122.78663557212155,230.29505586862422,240.71442507535687,433.3029945450629,23940.277459720768,diana,0.8745729582981419,bob,0.7702944089496234,0.10427854934851843,diana,diana,diana,1,1,1,0,0,8.936310363043033,5.927864392661054,7.717922788287468,22.582097543991555
Daylight_Far_20260114_211100_T11,1736909005.52,138,Daylight,Far,4,4,1280,720,25.318004204308824,2,1,chen,2,1,0.8973746754326514,432.78954777209157,274.4241578590206,558.527653344484,452.12483792533476,22343.74687046413,chen,0.8653347612855924,diana,0.796062765112176,0.0692719961734164,chen,chen,chen,2,1,1,0,0,8.936310363043033,5.927864392661054,7.717922788287468,22.582097543991555
Daylight_Far_20260114_211100_T11,1736909005.52,138,Daylight,Far,4,4,1280,720,25.318004204308824,2,2,alice,3,1,0.9290616512249076,756.0979224317642,155.80897973139338,846.5856645478865,322.62949571495295,15095.21182999879,alice,0.7642681528144106,bob,0.685649795704321,0.07861835711008958,alice,alice,alice,1,1,1,0,0,8.936310363043033,5.927864392661054,7.717922788287468,22.582097543991555
Daylight_Far_20260114_211100_T11,1736909005.52,138,Daylight,Far,4,4,1280,720,25.318004204308824,2,3,bob,4,1,0.633773225499184,1072.3967295690977,242.41324940103078,1160.036507860299,376.2080156056683,11725.743646697547,bob,0.99,chen,0.8612825877922292,0.12871741220777078,bob,bob,bob,2,1,1,0,0,8.936310363043033,5.927864392661054,7.717922788287468,22.582097543991555
Daylight_Far_20260114_211100_T11,1736909005.56,139,Daylight,Far,4,4,1280,720,27.618126079421472,0,0,diana,1,1,0.5615429246687771,106.49066711454485,218.6193262031121,208.9500051674206,411.70656524162507,19783.59069834343,chen,0.607152628810579,bob,0.5677766594830387,0.03937596932754028,unknown,unknown,unknown,0,0,0,0,0,14.21364638638524,7.011963236776459,7.404980503716968,28.630590126878666
Daylight_Far_20260114_211100_T11,1736909005.56,139,Daylight,Far,4,4,1280,720,27.618126079421472,0,1,chen,2,1,0.8091725511213826,441.0991216017067,297.29614088825707,526.9727699271809,431.42294734812793,11517.958208953894,chen,0.8665908502098877,bob,0.7594382205994891,0.10715262961039862,chen,chen,chen,1,1,1,0,0,14.21364638638524,7.011963236776459,7.404980503716968,28.630590126878666
Daylight_Far_20260114_211100_T11,1736909005.56,139,Daylight,Far,4,4,1280,720,27.618126079421472,0,2,alice,3,1,0.7373455248614204,759.3603552414341,279.0590530806224,851.9082656515351,431.137450263209,14074.537877765775,chen,0.6527846577212159,bob,0.631386003110889,0.02139865461032686,unknown,unknown,unknown,0,0,0,0,0,14.21364638638524,7.011963236776459,7.404980503716968,28.630590126878666
Daylight_Far_20260114_211100_T11,1736909005.56,139,Daylight,Far,4,4,1280,720,27.618126079421472,0,3,bob,4,1,0.630118332573798,1045.9209958228737,238.1091196835258,1147.9541158018967,442.14589013298166,20818.508279401707,bob,0.8794317493892997,diana,0.7275935178150442,0.15183823157425547,bob,bob,bob,2,1,1,0,0,14.21364638638524,7.011963236776459,7.404980503716968,28.630590126878666
Daylight_Far_20260114_211100_T11,1736909005.6,140,Daylight,Far,4,4,1280,720,24.786430885020504,1,0,diana,1,1,0.6344325540655125,114.76789583456376,283.67283446034185,215.08036347155866,418.19609669965973,13494.360389804553,diana,0.8674421558328561,alice,0.7542530437657355,0.11318911206712057,diana,diana,diana,2,1,1,0,0,16.326156783056295,10.460507891493831,6.172977767870533,32.95964244242066
Daylight_Far_20260114_211100_T11,1736909005.6,140,Daylight,Far,4,4,1280,720,24.786430885020504,1,1,chen,2,1,0.8753849164697275,429.847500448886,249.00342703581646,554.6341057416797,432.5993842996339,22910.31625243261,chen,0.8112276941054394,alice,0.7059586563885671,0.10526903771687224,chen,chen,chen,2,1,1,0,0,16.326156783056295,10.460507891493831,6.172977767870533,32.95964244242066
Daylight_Far_20260114_211100_T11,1736909005.6,140,Daylight,Far,4,4,1280,720,24.786430885020504,1,2,alice,-1,0,-1.0,-1.0,-1.0,-1.0,-1.0,0.0,unknown,-1.0,unknown,-1.0,-1.0,unknown,unknown,unknown,0,0,0,0,1,16.326156783056295,10.460507891493831,6.172977767870533,32.95964244242066
Daylight_Far_20260114_211100_T11,1736909005.6,140,Daylight,Far,4,4,1280,720,24.786430885020504,1,3,bob,4,1,0.7278826822727101,1055.1813854357583,160.54484928873018,1167.9616965460928,369.502074117582,23566.260824950008,bob,0.8091623674559719,alice,0.6450977525111967,0.1640646149447752,bob,bob,bob,2,1,1,0,0,16.326156783056295,10.460507891493831,6.172977767870533,32.95964244242066
Daylight_Far_20260114_211100_T11,1736909005.64,141,Daylight,Far,4,4,1280,720,25.30300722483323,0,0,diana,1,1,0.6289618814358391,114.2950057188848,259.9965134964392,236.49848801123431,468.1234042074385,25433.830803563367,diana,0.9308692029752695,bob,0.8562861070364132,0.07458309593885637,diana,diana,diana,3,1,1,0,0,18.208859703388374,9.504757311236734,12.3158729570143,40.02948997163941
Daylight_Far_20260114_211100_T11,1736909005.64,141,Daylight,Far,4,4,1280,720,25.30300722483323,0,1,chen,2,1,0.7712007905938257,420.94557790734564,259.70466050564374,537.1115683187938,456.69347505786465,22883.400742435842,chen,0.9321398852879197,bob,0.7722654505865527,0.15987443470136697,chen,chen,chen,2,1,1,0,0,18.208859703388374,9.504757311236734,12.3158729570143,40.02948997163941
Daylight_Far_20260114_211100_T11,1736909005.64,141,Daylight,Far,4,4,1280,720,25.30300722483323,0,2,alice,3,1,0.851741121260092,737.2612176865226,229.7968555035808,829.4802991680377,405.7916431497914,16230.077662267846,alice,0.8967494361221633,diana,0.754225097799598,0.14252433832256528,alice,alice,alice,2,1,1,0,0,18.208859703388374,9.504757311236734,12.3158729570143,40.02948997163941
Daylight_Far_20260114_211100_T11,1736909005.64,141,Daylight,Far,4,4,1280,720,25.30300722483323,0,3,bob,4,1,0.7695527648241056,1060.3589352499557,218.07312578224924,1175.977231861083,410.5989015142843,22259.502243873812,chen,0.8263769116830162,bob,0.7784561503234426,0.04792076135957357,chen,chen,chen,1,0,0,1,0,18.208859703388374,9.504757311236734,12.3158729570143,40.02948997163941
Daylight_Far_20260114_211100_T11,1736909005.68,142,Daylight,Far,4,4,1280,720,23.719237047365617,0,0,diana,-1,0,-1.0,-1.0,-1.0,-1.0,-1.0,0.0,unknown,-1.0,unknown,-1.0,-1.0,unknown,unknown,unknown,0,0,0,0,1,12.578251527674981,8.331047908766488,2.1704940834740007,23.07979351991547
Daylight_Far_20260114_211100_T11,1736909005.68,142,Daylight,Far,4,4,1280,720,23.719237047365617,0,1,chen,2,1,0.9000607077976106,445.85762084856515,228.97684866128208,546.0879704994617,367.83592747560755,13917.89402176124,diana,0.6256918946152539,alice,0.5956477072826578,0.030044187332596062,unknown,unknown,unknown,0,0,0,0,0,12.578251527674981,8.331047908766488,2.1704940834740007,23.07979351991547
Daylight_Far_20260114_211100_T11,1736909005.68,142,Daylight,Far,4,4,1280,720,23.719237047365617,0,2,alice,3,1,0.7128666183722072,713.4363114535437,286.73106259481114,834.2383915927913,494.2160618056667,25064.61950236151,alice,0.8517934618813099,chen,0.75198471498479,0.09980874689651986,alice,alice,alice,2,1,1,0,0,12.578251527674981,8.331047908766488,2.1704940834740007,23.07979351991547
Daylight_Far_20260114_211100_T11,1736909005.68,142,Daylight,Far,4,4,1280,720,23.719237047365617,0,3,bob,4,1,0.9062545833542289,1067.4355607154039,246.36891028740285,1193.498182316107,384.9873337629166,17474.601865479708,bob,0.75008184711798,chen,0.6594770710078386,0.0906047761101414,bob,bob,bob,3,1,1,0,0,12.578251527674981,8.331047908766488,2.1704940834740007,23.07979351991547
Daylight_Far_20260114_211100_T11,1736909005.72,143,Daylight,Far,4,4,1280,720,26.891995864949145,3,0,diana,1,1,0.7107719700008824,113.06794055703843,318.572294491968,227.32215743961393,493.3192995195459,19965.582212001395,diana,0.858047899585621,alice,0.7829724589327904,0.07507544065283056,diana,diana,diana,2,1,1,0,0,14.702599818732262,6.023205425262365,6.93197058579989,27.657775829794517
Daylight_Far_20260114_211100_T11,1736909005.72,143,Daylight,Far,4,4,1280,720,26.891995864949145,3,1,chen,2,1,0.8979724653502414,415.8194053745204,290.280144215125,527.1885949160253,451.78403409140844,17986.557323322148,chen,0.9080936329368782,diana,0.8162256742605194,0.09186795867635877,chen,chen,chen,3,1,1,0,0,14.702599818732262,6.023205425262365,6.93197058579989,27.657775829794517
Daylight_Far_20260114_211100_T11,1736909005.72,143,Daylight,Far,4,4,1280,720,26.891995864949145,3,2,alice,3,1,0.8058107617575938,792.6293668554054,224.32210032064367,893.1191115763058,358.6932192847254,13502.919442562323,alice,0.9239020429987838,bob,0.7899840082188441,0.1339180347799397,alice,alice,alice,2,1,1,0,0,14.702599818732262,6.023205425262365,6.93197058579989,27.657775829794517
Daylight_Far_20260114_211100_T11,1736909005.72,143,Daylight,Far,4,4,1280,720,26.891995864949145,3,3,bob,4,1,0.6206744396592887,1073.9309864441268,189.56572174933117,1157.1766460507195,402.2320413610229,17703.548052181726,alice,0.7380758304663426,diana,0.6729381613713771,0.06513766909496554,unknown,unknown,unknown,0,0,0,0,0,14.702599818732262,6.023205425262365,6.93197058579989,27.657775829794517
Daylight_Far_20260114_211100_T11,1736909005.76,144,Daylight,Far,4,4,1280,720,26.03527114755794,0,0,diana,1,1,0.7201162819558273,91.9553533823647,289.60564210518925,215.0771100240375,433.8214823280916,17756.107583798548,diana,0.8615672803132663,bob,0.7568964952483176,0.10467078506494876,diana,diana,diana,1,1,1,0,0,8.878786883777419,7.910234870880124,4.6839270968204305,21.472948851477973
Daylight_Far_20260114_211100_T11,1736909005.76,144,Daylight,Far,4,4,1280,720,26.03527114755794,0,1,chen,2,1,0.8154834126282442,382.78406511545364,193.63701725055097,502.8506043737336,392.9000384933284,23924.821362769402,chen,0.8093763733300959,diana,0.7436272129645215,0.06574916036557443,chen,chen,chen,2,1,1,0,0,8.878786883777419,7.910234870880124,4.6839270968204305,21.472948851477973
Daylight_Far_20260114_211100_T11,1736909005.76,144,Daylight,Far,4,4,1280,720,26.03527114755794,0,2,alice,3,1,0.7218265871469106,747.3868576050745,208.18446050226947,829.2050474907089,402.9956209752184,15939.096519416533,alice,0.893258993659072,chen,0.7271585939374416,0.16610039972163038,alice,alice,alice,2,1,1,0,0,8.878786883777419,7.910234870880124,4.6839270968204305,21.472948851477973
Daylight_Far_20260114_211100_T11,1736909005.76,144,Daylight,Far,4,4,1280,720,26.03527114755794,0,3,bob,4,1,0.7905312337020264,1065.5240222178568,268.9968007451854,1158.5057029080913,470.39641629634366,18726.474744313782,bob,0.99,alice,0.8958544209852021,0.09414557901479792,bob,bob,bob,1,1,1,0,0,8.878786883777419,7.910234870880124,4.6839270968204305,21.472948851477973
Daylight_Far_20260114_211100_T11,1736909005.8,145,Daylight,Far,4,4,1280,720,23.06351496687173,0,0,diana,1,1,0.8190731573274203,113.33116268239807,243.3341083244752,210.58961839616518,384.8578250721155,13764.37813774809,diana,0.8587526978901829,chen,0.7400946017870303,0.11865809610315259,diana,diana,diana,2,1,1,0,0,18.594673921745787,18.41715510335557,10.370213244369275,47.38204226947063
Daylight_Far_20260114_211100_T11,1736909005.8,145,Daylight,Far,4,4,1280,720,23.06351496687173,0,1,chen,2,1,0.644005627433065,405.9864825355028,246.1339181977921,498.439113042513,390.79138721532036,13373.963533156817,chen,0.8947934377961196,alice,0.8224961610482159,0.07229727674790376,chen,chen,chen,2,1,1,0,0,18.594673921745787,18.41715510335557,10.370213244369275,47.38204226947063
Daylight_Far_20260114_211100_T11,1736909005.8,145,Daylight,Far,4,4,1280,720,23.06351496687173,0,2,alice,3,1,0.6289768205245827,752.9856261600204,204.27308914883162,860.4120007028301,346.6264071985299,15292.500862218605,alice,0.8833502285655443,chen,0.7391476047005263,0.14420262386501803,alice,alice,alice,2,1,1,0,0,18.594673921745787,18.41715510335557,10.370213244369275,47.38204226947063
Daylight_Far_20260114_211100_T11,1736909005.8,145,Daylight,Far,4,4,1280,720,23.06351496687173,0,3,bob,4,1,0.8290188250785366,1060.3625281415243,290.31052710965537,1171.238444931631,442.40154367372827,16863.23089708088,bob,0.9129288415395254,diana,0.7839215333565235,0.12900730818300188,bob,bob,bob,1,1,1,0,0,18.594673921745787,18.41715510335557,10.370213244369275,47.38204226947063
Daylight_Far_20260114_211100_T11,1736909005.84,146,Daylight,Far,4,4,1280,720,23.454512638634373,0,0,diana,1,1,0.8039540686499589,77.82902322445032,237.70978097490195,202.6280842526814,425.9217084213749,23488.671819633375,diana,0.903496326436775,bob,0.8397192212141905,0.06377710522258451,diana,diana,diana,2,1,1,0,0,18.364701173139853,12.634895812107573,6.264393637537996,37.26399062278542
Daylight_Far_20260114_211100_T11,1736909005.84,146,Daylight,Far,4,4,1280,720,23.454512638634373,0,1,chen,2,1,0.9383975462736359,449.1538412327671,160.47748775946872,537.7360285927201,342.4651836702163,16120.868176371998,chen,0.8505381720996198,diana,0.7425107749019366,0.10802739719768317,chen,chen,chen,1,1,1,0,0,18.364701173139853,12.634895812107573,6.264393637537996,37.26399062278542
Daylight_Far_20260114_211100_T11,1736909005.84,146,Daylight,Far,4,4,1280,720,23.454512638634373,0,2,alice,3,1,0.8369286379240117,741.5026513850456,249.48498107365072,861.8903365889845,417.4705954615123,20223.399263716143,alice,0.697188509257817,bob,0.6847958950918662,0.012392614165950722,unknown,unknown,unknown,0,0,0,0,0,18.364701173139853,12.634895812107573,6.264393637537996,37.26399062278542
Daylight_Far_20260114_211100_T11,1736909005.84,146,Daylight,Far,4,4,1280,720,23.454512638634373,0,3,bob,4,1,0.8129229431089356,1057.1531282746532,319.2872722334131,1147.937172400606,453.6790485536743,12200.628951623763,bob,0.7795276940534759,diana,0.6050397642878216,0.1744879297656543,bob,bob,bob,3,1,1,0,0,18.364701173139853,12.634895812107573,6.264393637537996,37.26399062278542
Daylight_Far_20260114_211100_T11,1736909005.88,147,Daylight,Far,4,4,1280,720,25.773903482391574,0,0,diana,1,1,0.8350239917114075,100.66448319155302,266.5801817274096,181.00492343146692,433.28836249260985,13393.408634271336,diana,0.7976105433075984,chen,0.6745599729907499,0.12305057031684852,diana,diana,diana,3,1,1,0,0,23.369336493650305,14.145133726882472,24.44638014915909,61.96085036969187
Daylight_Far_20260114_211100_T11,1736909005.88,147,Daylight,Far,4,4,1280,720,25.773903482391574,0,1,chen,2,1,0.6967760542549376,396.7779042700929,247.6027059320217,509.92652069708765,377.311344486692,14676.352991090092,chen,0.8633987241656217,bob,0.7778594151780865,0.08553930898753515,chen,chen,chen,1,1,1,0,0,23.369336493650305,14.145133726882472,24.44638014915909,61.96085036969187
Daylight_Far_20260114_211100_T11,1736909005.88,147,Daylight,Far,4,4,1280,720,25.773903482391574,0,2,alice,3,1,0.8880477999433894,771.6039650784866,316.15530950171683,851.9712628117067,483.4404203594752,13444.252310640193,alice,0.9152560480120498,chen,0.8492750982770518,0.06598094973499802,alice,alice,alice,3,1,1,0,0,23.369336493650305,14.145133726882472,24.44638014915909,61.96085036969187
Daylight_Far_20260114_211100_T11,1736909005.88,147,Daylight,Far,4,4,1280,720,25.773903482391574,0,3,bob,4,1,0.7929120681419881,1054.556227427879,212.82922636062818,1178.4411382636385,365.22235412601907,18879.20904519795,bob,0.8676925638344821,chen,0.7363417281058631,0.13135083572861905,bob,bob,bob,3,1,1,0,0,23.369336493650305,14.145133726882472,24.44638014915909,61.96085036969187
Daylight_Far_20260114_211100_T11,1736909005.92,148,Daylight,Far,4,4,1280,720,28.623650337427453,1,0,diana,1,1,0.7596778924692185,121.58027914721362,227.25681426763003,215.82859338849164,420.63811468205245,18225.86156984547,diana,0.8263192311885575,bob,0.711170885881307,0.1151483453072506,diana,diana,diana,2,1,1,0,0,15.309440644775986,6.493922092299179,8.893266929345334,30.6966296664205
Daylight_Far_20260114_211100_T11,1736909005.92,148,Daylight,Far,4,4,1280,720,28.623650337427453,1,1,chen,2,1,0.8153255501086698,426.52549322178623,283.7570504239303,540.4897518426815,469.83676812928786,21206.437072676545,chen,0.8866971920885856,alice,0.7511218645337816,0.13557532755480395,chen,chen,chen,1,1,1,0,0,15.309440644775986,6.493922092299179,8.893266929345334,30.6966296664205
Daylight_Far_20260114_211100_T11,1736909005.92,148,Daylight,Far,4,4,1280,720,28.623650337427453,1,2,alice,3,1,0.8476372477897701,760.495501303052,299.99863892410224,856.1581351702226,458.2663260608506,15140.303807566663,alice,0.8759270789402597,diana,0.8072593184756972,0.06866776046456247,alice,alice,alice,3,1,1,0,0,15.309440644775986,6.493922092299179,8.893266929345334,30.6966296664205
Daylight_Far_20260114_211100_T11,1736909005.92,148,Daylight,Far,4,4,1280,720,28.623650337427453,1,3,bob,4,1,0.9395759301794493,1100.2224955896424,232.80052443604052,1196.0938558859668,443.5564931475799,20205.46141094486,bob,0.902150420013587,alice,0.8062778707285396,0.0958725492850474,bob,bob,bob,2,1,1,0,0,15.309440644775986,6.493922092299179,8.893266929345334,30.6966296664205
Daylight_Far_20260114_211100_T11,1736909005.96,149,Daylight,Far,4,4,1280,720,24.323048820499604,3,0,diana,1,1,0.7253806993426305,86.49544551730499,219.82611221614678,188.63339761237938,422.4526133071493,20695.855861625354,diana,0.8512594399905409,alice,0.716259437847798,0.13500000214274288,diana,diana,diana,2,1,1,0,0,18.955014524547497,10.964582840466347,10.898997805943806,40.81859517095765
Daylight_Far_20260114_211100_T11,1736909005.96,149,Daylight,Far,4,4,1280,720,24.323048820499604,3,1,chen,2,1,0.7808162473504392,416.7612552215166,236.78592975174485,529.6291173380513,407.74436021956086,19295.71255770064,chen,0.8855567578969729,diana,0.7504897566505591,0.1350670012464138,chen,chen,chen,2,1,1,0,0,18.955014524547497,10.964582840466347,10.898997805943806,40.81859517095765
Daylight_Far_20260114_211100_T11,1736909005.96,149,Daylight,Far,4,4,1280,720,24.323048820499604,3,2,alice,3,1,0.6646995219142297,747.0648413217133,238.10508220847703,847.9854341899487,424.5382270187248,18814.94350453979,alice,0.8531387053023034,bob,0.7101254308482919,0.14301327445401146,alice,alice,alice,2,1,1,0,0,18.955014524547497,10.964582840466347,10.898997805943806,40.81859517095765
Daylight_Far_20260114_211100_T11,1736909005.96,149,Daylight,Far,4,4,1280,720,24.323048820499604,3,3,bob,4,1,0.7028254278951085,1047.3810025318446,246.05833439903984,1175.2144234826517,462.00217600221947,27604.840005393668,bob,0.9371119026653936,diana,0.7930995404631964,0.14401236220219715,bob,bob,bob,2,1,1,0,0,18.955014524547497,10.964582840466347,10.898997805943806,40.81859517095765
Daylight_Far_20260114_211100_T11,1736909006.0,150,Daylight,Far,4,4,1280,720,22.94186998412719,2,0,diana,1,1,0.6497096205395759,101.42708400376404,258.51523966625257,212.48425922195747,407.0180599128969,16492.303728527462,diana,0.900752655797183,alice,0.8043704655968722,0.0963821902003108,diana,diana,diana,2,1,1,0,0,16.107879771750817,9.40885989257808,11.823565396633873,37.34030506096277
Daylight_Far_20260114_211100_T11,1736909006.0,150,Daylight,Far,4,4,1280,720,22.94186998412719,2,1,chen,2,1,0.8745412670439424,412.870466913888,276.75690168390014,536.3253480588985,445.72962053460896,20860.506922463534,chen,0.8408409940673126,diana,0.763369736309004,0.07747125775830865,chen,chen,chen,1,1,1,0,0,16.107879771750817,9.40885989257808,11.823565396633873,37.34030506096277
Daylight_Far_20260114_211100_T11,1736909006.0,150,Daylight,Far,4,4,1280,720,22.94186998412719,2,2,alice,3,1,0.7132648232485729,755.2589779817799,188.43954811714895,883.1035630595857,389.042095976143,25645.949496583762,bob,0.7706068214514916,alice,0.7034836303891816,0.06712319106231002,unknown,unknown,unknown,0,0,0,0,0,16.107879771750817,9.40885989257808,11.823565396633873,37.34030506096277
Daylight_Far_20260114_211100_T11,1736909006.0,150,Daylight,Far,4,4,1280,720,22.94186998412719,2,3,bob,4,1,0.9518650519006923,1066.3592118374868,229.34143589179783,1193.8502505562587,418.99858602496306,24179.587070919315,bob,0.8917902000031743,chen,0.7770594755241546,0.11473072447901977,bob,bob,bob,1,1,1,0,0,16.107879771750817,9.40885989257808,11.823565396633873,37.34030506096277
Daylight_Far_20260114_211100_T11,1736909006.04,151,Daylight,Far,4,4,1280,720,24.786788335336617,1,0,diana,1,1,0.6889049015006993,98.59080237273676,179.03376937520588,202.2049787565684,348.79315687078235,17589.479118777886,diana,0.863955885125914,alice,0.7936120392237087,0.07034384590220533,diana,diana,diana,3,1,1,0,0,24.178574225207296,15.728611720416486,4.347192091706303,44.254378037330085
Daylight_Far_20260114_211100_T11,1736909006.04,151,Daylight,Far,4,4,1280,720,24.786788335336617,1,1,chen,2,1,0.737250535697667,414.1644475506562,233.6805262141482,518.4154070114048,384.92074259800626,15766.937667068436,alice,0.660102215019249,bob,0.6468986277734918,0.013203587245757209,unknown,unknown,unknown,0,0,0,0,0,24.178574225207296,15.728611720416486,4.347192091706303,44.254378037330085
Daylight_Far_20260114_211100_T11,1736909006.04,151,Daylight,Far,4,4,1280,720,24.786788335336617,1,2,alice,3,1,0.783952778425736,743.2511511299448,268.1202841944896,867.8398802065188,441.0788659604415,21548.689885106658,alice,0.8658027969520375,diana,0.7902719183825155,0.07553087856952201,alice,alice,alice,1,1,1,0,0,24.178574225207296,15.728611720416486,4.347192091706303,44.254378037330085
Daylight_Far_20260114_211100_T11,1736909006.04,151,Daylight,Far,4,4,1280,720,24.786788335336617,1,3,bob,4,1,0.6327327689266071,1059.1839877892592,275.9606800238377,1177.591659753465,467.02457001967065,22623.43041083168,bob,0.8833239236860984,alice,0.732503721321139,0.1508202023649594,bob,bob,bob,3,1,1,0,0,24.178574225207296,15.728611720416486,4.347192091706303,44.254378037330085
Daylight_Far_20260114_211100_T11,1736909006.08,152,Daylight,Far,4,4,1280,720,20.500722173472266,1,0,diana,1,1,0.6742121721504255,81.87417348891051,206.61139206101342,205.78090816197926,382.8155645436288,21832.883648091065,diana,0.8346210040839175,alice,0.6740668175458748,0.16055418653804265,diana,diana,diana,1,1,1,0,0,20.048716790717698,8.406238534825437,10.586213507435968,39.0411688329791
Daylight_Far_20260114_211100_T11,1736909006.08,152,Daylight,Far,4,4,1280,720,20.500722173472266,1,1,chen,2,1,0.7492398690445066,427.0093249941724,215.46655842396797,524.5096562893553,408.28827495778944,18800.181242953448,chen,0.8887068021685121,alice,0.7827387291556784,0.10596807301283362,chen,chen,chen,3,1,1,0,0,20.048716790717698,8.406238534825437,10.586213507435968,39.0411688329791
Daylight_Far_20260114_211100_T11,1736909006.08,152,Daylight,Far,4,4,1280,720,20.500722173472266,1,2,alice,3,1,0.8257629081394015,738.2259348684382,119.53046252054948,835.1039354493699,332.93357796563976,20674.067142062093,alice,0.8573084062677852,chen,0.7477354857117158,0.10957292055606938,alice,alice,alice,2,1,1,0,0,20.048716790717698,8.406238534825437,10.586213507435968,39.0411688329791
Daylight_Far_20260114_211100_T11,1736909006.08,152,Daylight,Far,4,4,1280,720,20.500722173472266,1,3,bob,4,1,0.8590487662716355,1041.2299163003624,174.58608931696745,1162.5318768238255,310.89855224726324,16534.968997226766,bob,0.7550122929578804,diana,0.6325135944165385,0.12249869854134188,bob,bob,bob,2,1,1,0,0,20.048716790717698,8.406238534825437,10.586213507435968,39.0411688329791
Daylight_Far_20260114_211100_T11,1736909006.12,153,Daylight,Far,4,4,1280,720,23.547801822051117,4,0,diana,1,1,0.7747742738829325,131.187035800844,173.16275543067246,233.2480798398659,349.15890259157294,17962.350526086844,diana,0.7884634449054266,chen,0.6388217319793594,0.1496417129260672,diana,diana,diana,2,1,1,0,0,16.665290179145593,10.621937643518217,8.466118414028456,35.753346236692266
Daylight_Far_20260114_211100_T11,1736909006.12,153,Daylight,Far,4,4,1280,720,23.547801822051117,4,1,chen,2,1,0.9087567373096811,464.12537463721736,283.21444453778054,545.1485032953011,444.4339373814304,13062.507710862054,bob,0.7922694329446467,chen,0.7489853437019808,0.04328408924266591,bob,bob,bob,1,0,0,1,0,16.665290179145593,10.621937643518217,8.466118414028456,35.753346236692266
Daylight_Far_20260114_211100_T11,1736909006.12,153,Daylight,Far,4,4,1280,720,23.547801822051117,4,2,alice,3,1,0.7164394083141068,718.2435902739687,292.54971903852476,837.0545525242937,444.455490965794,18048.07093405727,alice,0.8855187403931508,chen,0.8088716941240566,0.07664704626909424,alice,alice,alice,2,1,1,0,0,16.665290179145593,10.621937643518217,8.466118414028456,35.753346236692266
Daylight_Far_20260114_211100_T11,1736909006.12,153,Daylight,Far,4,4,1280,720,23.547801822051117,4,3,bob,4,1,0.7475573858635125,1074.3382660420548,255.75081672325913,1182.4315150042585,387.9337054849133,14288.077903456757,bob,0.8907030818075707,chen,0.8088499176195951,0.08185316418797561,bob,bob,bob,2,1,1,0,0,16.665290179145593,10.621937643518217,8.466118414028456,35.753346236692266
Daylight_Far_20260114_211100_T11,1736909006.16,154,Daylight,Far,4,4,1280,720,25.31398332237959,4,0,diana,1,1,0.8741991195912093,120.68915312483261,241.1101348119889,241.00128839119702,439.2678437425909,23840.777080931457,diana,0.7610761070372684,bob,0.6083570908425053,0.15271901619476302,diana,diana,diana,2,1,1,0,0,16.35798293073883,9.853599150441434,7.305319342756436,33.5169014239367
Daylight_Far_20260114_211100_T11,1736909006.16,154,Daylight,Far,4,4,1280,720,25.31398332237959,4,1,chen,-1,0,-1.0,-1.0,-1.0,-1.0,-1.0,0.0,unknown,-1.0,unknown,-1.0,-1.0,unknown,unknown,unknown,0,0,0,0,1,16.35798293073883,9.853599150441434,7.305319342756436,33.5169014239367
Daylight_Far_20260114_211100_T11,1736909006.16,154,Daylight,Far,4,4,1280,720,25.31398332237959,4,2,alice,3,1,0.7530289001991932,755.6473186487274,203.62020722163066,883.3393675307354,394.77128360902765,24408.472589907953,chen,0.8479965072895873,alice,0.7706246629926402,0.0773718442969471,chen,chen,chen,1,0,0,1,0,16.35798293073883,9.853599150441434,7.305319342756436,33.5169014239367
Daylight_Far_20260114_211100_T11,1736909006.16,154,Daylight,Far,4,4,1280,720,25.31398332237959,4,3,bob,4,1,0.6570497968594254,1068.660988983317,176.93794254890707,1166.3423550461375,351.84112805227477,17084.782088707845,bob,0.8777375405958547,alice,0.7447629923307701,0.1329745482650846,bob,bob,bob,2,1,1,0,0,16.35798293073883,9.853599150441434,7.305319342756436,33.5169014239367
Daylight_Far_20260114_211100_T11,1736909006.2,155,Daylight,Far,4,4,1280,720,24.900021470666776,1,0,diana,1,1,0.8625660464048097,78.97113626012624,295.08943066471124,195.7646995430581,439.27931335020685,16840.45018818695,diana,0.8193559244293549,bob,0.6499755845095108,0.16938033991984414,diana,diana,diana,3,1,1,0,0,14.16607693372487,7.4891816654924845,7.957907016887511,29.613165616104865
Daylight_Far_20260114_211100_T11,1736909006.2,155,Daylight,Far,4,4,1280,720,24.900021470666776,1,1,chen,2,1,0.8162708402789588,450.13590241316496,257.34279829738284,536.6798220291791,454.97953279755325,17104.257663754288,chen,0.7884486448000925,diana,0.706703267921196,0.08174537687889649,chen,chen,chen,3,1,1,0,0,14.16607693372487,7.4891816654924845,7.957907016887511,29.613165616104865
Daylight_Far_20260114_211100_T11,1736909006.2,155,Daylight,Far,4,4,1280,720,24.900021470666776,1,2,alice,3,1,0.7839184072421094,767.5065212478502,234.87500509585027,894.9395385952822,389.02066328617445,19643.246334198913,alice,0.8436651631949171,diana,0.6881257271689212,0.15553943602599596,alice,alice,alice,3,1,1,0,0,14.16607693372487,7.4891816654924845,7.957907016887511,29.613165616104865
Daylight_Far_20260114_211100_T11,1736909006.2,155,Daylight,Far,4,4,1280,720,24.900021470666776,1,3,bob,4,1,0.99,1091.7909226354636,259.6557777450036,1174.1148127677457,401.1964877501346,11652.181859707598,bob,0.8963218602144102,diana,0.8200276650854419,0.07629419512896829,bob,bob,bob,1,1,1,0,0,14.16607693372487,7.4891816654924845,7.957907016887511,29.613165616104865
Daylight_Far_20260114_211100_T11,1736909006.24,156,Daylight,Far,4,4,1280,720,26.76886719341039,0,0,diana,1,1,0.9067691768730293,95.86115605049916,273.4886161651262,211.3936087976524,467.52391077675196,22417.373505997613,diana,0.9212609417208284,chen,0.7813410875987815,0.13991985412204688,diana,diana,diana,1,1,1,0,0,13.347853921149127,13.015091540062805,7.51697891211116,33.87992437332309
Daylight_Far_20260114_211100_T11,1736909006.24,156,Daylight,Far,4,4,1280,720,26.76886719341039,0,1,chen,2,1,0.5360799921709121,424.538151628043,194.99204507542214,526.829567746097,383.41948552784703,19274.509719378842,diana,0.7740473990902312,chen,0.7038936177261946,0.0701537813640366,diana,diana,diana,1,0,0,1,0,13.347853921149127,13.015091540062805,7.51697891211116,33.87992437332309
Daylight_Far_20260114_211100_T11,1736909006.24,156,Daylight,Far,4,4,1280,720,26.76886719341039,0,2,alice,3,1,0.7396620542541972,748.891352864397,223.55052558003854,853.1288440821959,435.69436171354334,22113.341255876363,alice,0.8872552982298716,bob,0.7476295892415623,0.13962570898830928,alice,alice,alice,1,1,1,0,0,13.347853921149127,13.015091540062805,7.51697891211116,33.87992437332309
Daylight_Far_20260114_211100_T11,1736909006.24,156,Daylight,Far,4,4,1280,720,26.76886719341039,0,3,bob,4,1,0.8366561243405138,1096.7817421685518,185.45514156404153,1188.8696377941724,370.5018693389083,17040.56375319456,bob,0.8488773254538329,chen,0.7475197775706862,0.10135754788314666,bob,bob,bob,2,1,1,0,0,13.347853921149127,13.015091540062805,7.51697891211116,33.87992437332309
Daylight_Far_20260114_211100_T11,1736909006.28,157,Daylight,Far,4,4,1280,720,25.50436469551488,2,0,diana,1,1,0.6902744447652794,93.11949925851678,262.66116823124264,212.82454598349153,441.8638267908325,21451.4626161154,chen,0.8045939328438702,bob,0.7829258906584754,0.021668042185394754,unknown,unknown,unknown,0,0,0,0,0,20.568327934892498,13.88010177099101,6.621124676675441,41.06955438255895
Daylight_Far_20260114_211100_T11,1736909006.28,157,Daylight,Far,4,4,1280,720,25.50436469551488,2,1,chen,2,1,0.7725036869467594,413.6861496586577,228.4252302805205,530.5148386680113,418.82903766853565,22244.62719953128,chen,0.8872359630946917,bob,0.7817644908987611,0.10547147219593056,chen,chen,chen,1,1,1,0,0,20.568327934892498,13.88010177099101,6.621124676675441,41.06955438255895
Daylight_Far_20260114_211100_T11,1736909006.28,157,Daylight,Far,4,4,1280,720,25.50436469551488,2,2,alice,3,1,0.7482304504302791,752.3748719741541,278.67041402887764,836.7581360230324,447.03297460565,14206.982405095057,bob,0.7213522189535501,chen,0.6653393928072376,0.05601282614631242,unknown,unknown,unknown,0,0,0,0,0,20.568327934892498,13.88010177099101,6.621124676675441,41.06955438255895
Daylight_Far_20260114_211100_T11,1736909006.28,157,Daylight,Far,4,4,1280,720,25.50436469551488,2,3,bob,4,1,0.8937029493168576,1092.5127187848038,300.71674749913194,1179.741982272522,449.0466375643851,12938.707063606222,bob,0.8290494435392376,diana,0.6692766889661367,0.15977275457310092,bob,bob,bob,1,1,1,0,0,20.568327934892498,13.88010177099101,6.621124676675441,41.06955438255895
Daylight_Far_20260114_211100_T11,1736909006.32,158,Daylight,Far,4,4,1280,720,20.587064975290556,2,0,diana,1,1,0.7182945106277194,142.06823764956988,196.0296496164027,222.81783469794175,399.1640948652707,16403.02460049065,diana,0.8528243733007493,bob,0.7452691192683045,0.10755525403244481,diana,diana,diana,3,1,1,0,0,10.263793515482297,9.70657441478919,6.035673165810163,26.00604109608165
Daylight_Far_20260114_211100_T11,1736909006.32,158,Daylight,Far,4,4,1280,720,20.587064975290556,2,1,chen,2,1,0.8488852443738564,441.98335004360877,265.3353814121174,532.9641737618276,448.3847294494267,16653.98046551733,alice,0.7029356887541302,chen,0.6430045106285167,0.05993117812561344,unknown,unknown,unknown,0,0,0,0,0,10.263793515482297,9.70657441478919,6.035673165810163,26.00604109608165
Daylight_Far_20260114_211100_T11,1736909006.32,158,Daylight,Far,4,4,1280,720,20.587064975290556,2,2,alice,3,1,0.9090141596444798,759.6871196645513,213.82930836978204,887.5582098237594,413.2979874247456,25506.27744337538,alice,0.8863875233302636,chen,0.7164738208925687,0.16991370243769488,alice,alice,alice,3,1,1,0,0,10.263793515482297,9.70657441478919,6.035673165810163,26.00604109608165
Daylight_Far_20260114_211100_T11,1736909006.32,158,Daylight,Far,4,4,1280,720,20.587064975290556,2,3,bob,4,1,0.7947439852250526,1101.5492839878777,236.05917813318098,1216.701338266443,391.770541478809,17930.48336376514,diana,0.6274544871909915,chen,0.57365747176106,0.05379701542993154,unknown,unknown,unknown,0,0,0,0,0,10.263793515482297,9.70657441478919,6.035673165810163,26.00604109608165
Daylight_Far_20260114_211100_T11,1736909006.36,159,Daylight,Far,4,4,1280,720,23.54585663004359,2,0,diana,1,1,0.6807542739767426,136.73731032497483,307.06398639218526,221.05063034495106,478.4547212862367,14450.521879581065,diana,0.8447184055930674,bob,0.7698417923327426,0.0748766132603248,diana,diana,diana,2,1,1,0,0,25.3174803254428,20.785286236891835,10.025434082581341,56.12820064491598
Daylight_Far_20260114_211100_T11,1736909006.36,159,Daylight,Far,4,4,1280,720,23.54585663004359,2,1,chen,2,1,0.7566250191813376,403.28910043149165,162.76627778538932,516.8101666794405,340.0636340828903,20126.9849298348,chen,0.8198720901644125,bob,0.7114624932118769,0.1084095969525356,chen,chen,chen,2,1,1,0,0,25.3174803254428,20.785286236891835,10.025434082581341,56.12820064491598
Daylight_Far_20260114_211100_T11,1736909006.36,159,Daylight,Far,4,4,1280,720,23.54585663004359,2,2,alice,3,1,0.8466660560347363,722.446046303056,179.53269944240026,836.4379878158067,374.6046439722452,22236.629691624614,alice,0.7953983652256237,bob,0.674699825025802,0.12069854019982174,alice,alice,alice,2,1,1,0,0,25.3174803254428,20.785286236891835,10.025434082581341,56.12820064491598
Daylight_Far_20260114_211100_T11,1736909006.36,159,Daylight,Far,4,4,1280,720,23.54585663004359,2,3,bob,4,1,0.7866454511979905,1031.980171235452,228.97230301698866,1158.7589271844681,382.1253694713647,19416.555234862793,bob,0.7447000072531015,alice,0.7135773446347415,0.031122662618359942,unknown,unknown,unknown,0,0,0,0,0,25.3174803254428,20.785286236891835,10.025434082581341,56.12820064491598
Daylight_Far_20260114_211100_T11,1736909006.4,160,Daylight,Far,4,4,1280,720,25.054664776744367,2,0,diana,1,1,0.7432714278219884,95.00979109003201,172.8917501754094,200.79461511147264,384.33932448698505,22367.94443831052,diana,0.8155623716525636,alice,0.6446784874572475,0.17088388419531608,diana,diana,diana,2,1,1,0,0,23.81466824255183,18.664447168997427,20.738566696973024,63.217682108522276
Daylight_Far_20260114_211100_T11,1736909006.4,160,Daylight,Far,4,4,1280,720,25.054664776744367,2,1,chen,2,1,0.8101119537023037,434.88450589577775,195.9877370839582,558.6438245217106,401.35050757579734,25415.55654720384,chen,0.936864695282792,bob,0.7681472189044098,0.1687174763783822,chen,chen,chen,2,1,1,0,0,23.81466824255183,18.664447168997427,20.738566696973024,63.217682108522276
Daylight_Far_20260114_211100_T11,1736909006.4,160,Daylight,Far,4,4,1280,720,25.054664776744367,2,2,alice,3,1,0.8206713208280105,766.8511179378113,207.82363394267347,856.2048032131581,381.8257665224893,15547.731791776037,alice,0.8949120677376137,chen,0.8003062201067461,0.09460584763086755,alice,alice,alice,3,1,1,0,0,23.81466824255183,18.664447168997427,20.738566696973024,63.217682108522276
Daylight_Far_20260114_211100_T11,1736909006.4,160,Daylight,Far,4,4,1280,720,25.054664776744367,2,3,bob,4,1,0.7951054342672265,1065.0226042608404,237.02895951642438,1174.8019473460424,411.191873203957,19119.490254422082,bob,0.831047534420883,alice,0.6742501834902425,0.1567973509306405,bob,bob,bob,3,1,1,0,0,23.81466824255183,18.664447168997427,20.738566696973024,63.217682108522276
Daylight_Far_20260114_211100_T11,1736909006.44,161,Daylight,Far,4,4,1280,720,23.626140012656172,0,0,diana,1,1,0.7831942792274198,141.943627374808,224.21948047630042,232.3685711418987,431.4448447458626,18738.34191119005,diana,0.8369526569169995,bob,0.7165366895634214,0.12041596735357807,diana,diana,diana,2,1,1,0,0,21.823147065128936,14.065306007641865,4.70800695098081,40.59646002375161
Daylight_Far_20260114_211100_T11,1736909006.44,161,Daylight,Far,4,4,1280,720,23.626140012656172,0,1,chen,2,1,0.8711359048184346,425.5176014476929,179.2387940631344,514.8550522282765,360.5503473237211,16197.911965368814,chen,0.8321087711368402,bob,0.731505556768888,0.10060321436795228,chen,chen,chen,3,1,1,0,0,21.823147065128936,14.065306007641865,4.70800695098081,40.59646002375161
Daylight_Far_20260114_211100_T11,1736909006.44,161,Daylight,Far,4,4,1280,720,23.626140012656172,0,2,alice,3,1,0.7909431347288475,748.2502686003435,277.04274309069933,855.4611933669743,487.083267356704,22518.63884502632,alice,0.8048604193142317,diana,0.6713333374588977,0.13352708185533402,alice,alice,alice,1,1,1,0,0,21.823147065128936,14.065306007641865,4.70800695098081,40.59646002375161
Daylight_Far_20260114_211100_T11,1736909006.44,161,Daylight,Far,4,4,1280,720,23.626140012656172,0,3,bob,-1,0,-1.0,-1.0,-1.0,-1.0,-1.0,0.0,unknown,-1.0,unknown,-1.0,-1.0,unknown,unknown,unknown,0,0,0,0,1,21.823147065128936,14.065306007641865,4.70800695098081,40.59646002375161
Daylight_Far_20260114_211100_T11,1736909006.48,162,Daylight,Far,4,4,1280,720,24.706290796573157,0,0,diana,1,1,0.7727241035096002,80.62476037319071,231.14183957782728,177.31190311182695,376.9959052986231,14102.212871357015,diana,0.9185596680754847,bob,0.7938057436744553,0.12475392440102939,diana,diana,diana,1,1,1,0,0,37.13946389367521,20.89834158137607,12.440696134430187,70.47850160948147
Daylight_Far_20260114_211100_T11,1736909006.48,162,Daylight,Far,4,4,1280,720,24.706290796573157,0,1,chen,2,1,0.8493175342870052,433.73682685049465,223.7516341285883,538.8855481923774,366.24888317487694,14983.403531953074,chen,0.9362401835009811,diana,0.7960221778292964,0.14021800567168474,chen,chen,chen,1,1,1,0,0,37.13946389367521,20.89834158137607,12.440696134430187,70.47850160948147
Daylight_Far_20260114_211100_T11,1736909006.48,162,Daylight,Far,4,4,1280,720,24.706290796573157,0,2,alice,-1,0,-1.0,-1.0,-1.0,-1.0,-1.0,0.0,unknown,-1.0,unknown,-1.0,-1.0,unknown,unknown,unknown,0,0,0,0,1,37.13946389367521,20.89834158137607,12.440696134430187,70.47850160948147
Daylight_Far_20260114_211100_T11,1736909006.48,162,Daylight,Far,4,4,1280,720,24.706290796573157,0,3,bob,4,1,0.8246142539760326,1065.4669893496257,293.6851824623247,1183.3463173385485,483.4542075519673,22369.845150680096,bob,0.8741762211860705,diana,0.7092802664040144,0.1648959547820561,bob,bob,bob,2,1,1,0,0,37.13946389367521,20.89834158137607,12.440696134430187,70.47850160948147
Daylight_Far_20260114_211100_T11,1736909006.52,163,Daylight,Far,4,4,1280,720,25.188305392448793,1,0,diana,1,1,0.7005308816642144,96.15122941157173,248.91010254802433,183.34466408743756,378.99192617736884,11342.28099114275,diana,0.8972991857920866,alice,0.7952027267096148,0.10209645908247178,diana,diana,diana,2,1,1,0,0,14.506468739894848,11.577197556341263,8.173245235097829,34.25691153133394
Daylight_Far_20260114_211100_T11,1736909006.52,163,Daylight,Far,4,4,1280,720,25.188305392448793,1,1,chen,2,1,0.7530586469539731,441.28312545243955,249.58809054795955,522.1395583311331,431.5442864153525,14712.328938014276,chen,0.8416494734678653,alice,0.7606521354691549,0.08099733799871045,chen,chen,chen,2,1,1,0,0,14.506468739894848,11.577197556341263,8.173245235097829,34.25691153133394
Daylight_Far_20260114_211100_T11,1736909006.52,163,Daylight,Far,4,4,1280,720,25.188305392448793,1,2,alice,3,1,0.8490669642648666,733.674558259941,189.4882590175122,836.9028361234284,339.88511798015975,15525.208746791905,alice,0.902082800473012,chen,0.8222085223496006,0.07987427812341141,alice,alice,alice,2,1,1,0,0,14.506468739894848,11.577197556341263,8.173245235097829,34.25691153133394
Daylight_Far_20260114_211100_T11,1736909006.52,163,Daylight,Far,4,4,1280,720,25.188305392448793,1,3,bob,4,1,0.7861052925956539,1084.9378438750648,291.1329350859375,1171.9939804061885,452.35554148402565,14035.417234495577,bob,0.8134367003570907,alice,0.7361135367120162,0.07732316364507452,bob,bob,bob,3,1,1,0,0,14.506468739894848,11.577197556341263,8.173245235097829,34.25691153133394
Daylight_Far_20260114_211100_T11,1736909006.56,164,Daylight,Far,4,4,1280,720,24.619040207772997,1,0,diana,1,1,0.8547444397902266,90.06053240341816,82.82910133025393,177.81647095610526,293.4834520586169,18486.170258374415,diana,0.8348451961248751,chen,0.7632961250571677,0.07154907106770736,diana,diana,diana,1,1,1,0,0,7.914385090284603,8.761680766883817,5.7374264865677915,22.413492343736213
Daylight_Far_20260114_211100_T11,1736909006.56,164,Daylight,Far,4,4,1280,720,24.619040207772997,1,1,chen,2,1,0.7803650896512867,431.31937175851164,210.35679410041035,538.5931409316987,366.2631371804295,16724.661060201688,chen,0.8409049415051499,alice,0.6854551560405968,0.15544978546455313,chen,chen,chen,2,1,1,0,0,7.914385090284603,8.761680766883817,5.7374264865677915,22.413492343736213
Daylight_Far_20260114_211100_T11,1736909006.56,164,Daylight,Far,4,4,1280,720,24.619040207772997,1,2,alice,3,1,0.7104974822679435,736.110218660879,255.0698859059322,858.2729539476269,406.3282354871292,18478.133719798137,alice,0.8602210982120494,chen,0.7929700162393423,0.06725108197270713,alice,alice,alice,3,1,1,0,0,7.914385090284603,8.761680766883817,5.7374264865677915,22.413492343736213
Daylight_Far_20260114_211100_T11,1736909006.56,164,Daylight,Far,4,4,1280,720,24.619040207772997,1,3,bob,-1,0,-1.0,-1.0,-1.0,-1.0,-1.0,0.0,unknown,-1.0,unknown,-1.0,-1.0,unknown,unknown,unknown,0,0,0,0,1,7.914385090284603,8.761680766883817,5.7374264865677915,22.413492343736213
Daylight_Far_20260114_211100_T11,1736909006.6,165,Daylight,Far,4,4,1280,720,27.74465827967076,0,0,diana,1,1,0.7081351478240431,95.08976694556239,235.4418291548809,190.8606128175954,424.429592439399,18099.517949221845,bob,0.6781660116370117,chen,0.6038176209355208,0.07434839070149091,unknown,unknown,unknown,0,0,0,0,0,17.164967822259708,14.187446198269859,16.693956817100528,48.04637083763009
Daylight_Far_20260114_211100_T11,1736909006.6,165,Daylight,Far,4,4,1280,720,27.74465827967076,0,1,chen,2,1,0.8268012717344578,437.3312199749798,263.0563388160688,543.199795880027,475.8030142696483,22523.187558803722,chen,0.8872958583853175,alice,0.7490022132958749,0.13829364508944264,chen,chen,chen,2,1,1,0,0,17.164967822259708,14.187446198269859,16.693956817100528,48.04637083763009
Daylight_Far_20260114_211100_T11,1736909006.6,165,Daylight,Far,4,4,1280,720,27.74465827967076,0,2,alice,3,1,0.8211763767609461,769.3024245476274,293.1879159648613,850.875804609838,440.48799314913856,12015.765179346008,diana,0.695109343964851,alice,0.623541702757895,0.07156764120695602,unknown,unknown,unknown,0,0,0,0,0,17.164967822259708,14.187446198269859,16.693956817100528,48.04637083763009
Daylight_Far_20260114_211100_T11,1736909006.6,165,Daylight,Far,4,4,1280,720,27.74465827967076,0,3,bob,4,1,0.99,1067.0101582978875,205.6902020067426,1150.978042208537,359.9714239328859,12954.667732287562,bob,0.7939250637256545,diana,0.6180173415785536,0.17590772214710093,bob,bob,bob,2,1,1,0,0,17.164967822259708,14.187446198269859,16.693956817100528,48.04637083763009
Daylight_Far_20260114_211100_T11,1736909006.64,166,Daylight,Far,4,4,1280,720,23.342896837086432,0,0,diana,1,1,0.9576263137199239,109.48018920477158,256.88973893239813,215.2189825469843,443.19625292429066,19699.825981296788,diana,0.8466331376423226,alice,0.7103917154645067,0.13624142217781587,diana,diana,diana,2,1,1,0,0,15.710548219872587,12.881237024138173,10.941348614956347,39.533133858967105
Daylight_Far_20260114_211100_T11,1736909006.64,166,Daylight,Far,4,4,1280,720,23.342896837086432,0,1,chen,2,1,0.7684979277091075,388.12924505882836,217.3787904884486,508.8249834936589,393.97193456701217,21314.039927090656,chen,0.9109459276965678,diana,0.8242551049127056,0.0866908227838622,chen,chen,chen,3,1,1,0,0,15.710548219872587,12.881237024138173,10.941348614956347,39.533133858967105
Daylight_Far_20260114_211100_T11,1736909006.64,166,Daylight,Far,4,4,1280,720,23.342896837086432,0,2,alice,3,1,0.8410892061479864,761.775379269927,157.24082621004936,863.6208319694199,363.76980746347954,21034.03759132067,alice,0.8045384752949803,bob,0.6562701648634365,0.14826831043154387,alice,alice,alice,1,1,1,0,0,15.710548219872587,12.881237024138173,10.941348614956347,39.533133858967105
Daylight_Far_20260114_211100_T11,1736909006.64,166,Daylight,Far,4,4,1280,720,23.342896837086432,0,3,bob,4,1,0.7108722251896236,1061.066359786675,257.02073358135,1187.1854112671645,454.0581128256174,24850.16737648847,bob,0.8765218584081352,chen,0.8107858566232976,0.06573600178483763,bob,bob,bob,1,1,1,0,0,15.710548219872587,12.881237024138173,10.941348614956347,39.533133858967105
Daylight_Far_20260114_211100_T11,1736909006.68,167,Daylight,Far,4,4,1280,720,26.37908219364914,0,0,diana,1,1,0.6446783847053097,134.04931088729978,294.5462213054584,242.4263655584491,471.49514390893614,19177.20305899808,diana,0.7868332598189975,bob,0.6980327664014606,0.08880049341753693,diana,diana,diana,1,1,1,0,0,16.001383927407787,7.079342982019412,10.475265525124975,33.555992434552174
Daylight_Far_20260114_211100_T11,1736909006.68,167,Daylight,Far,4,4,1280,720,26.37908219364914,0,1,chen,2,1,0.8417971753288159,436.9103900376543,178.55027509298168,547.3597885409274,385.044401252253,22807.152028750515,chen,0.8574132397424628,diana,0.7372936599294768,0.12011957981298593,chen,chen,chen,2,1,1,0,0,16.001383927407787,7.079342982019412,10.475265525124975,33.555992434552174
Daylight_Far_20260114_211100_T11,1736909006.68,167,Daylight,Far,4,4,1280,720,26.37908219364914,0,2,alice,3,1,0.6904819969588432,786.1536987430293,204.16733218877627,900.4613608539912,402.22796531609833,22639.847929001124,alice,0.8780515767453119,bob,0.7531123391549537,0.12493923759035819,alice,alice,alice,3,1,1,0,0,16.001383927407787,7.079342982019412,10.475265525124975,33.555992434552174
Daylight_Far_20260114_211100_T11,1736909006.68,167,Daylight,Far,4,4,1280,720,26.37908219364914,0,3,bob,4,1,0.7692366403878886,1051.7570920135151,258.59715065636726,1155.3538323979094,425.23754452008416,17263.401620652683,bob,0.8848815391234262,alice,0.746432875026664,0.13844866409676215,bob,bob,bob,1,1,1,0,0,16.001383927407787,7.079342982019412,10.475265525124975,33.555992434552174
Daylight_Far_20260114_211100_T11,1736909006.72,168,Daylight,Far,4,4,1280,720,24.76058565410585,2,0,diana,1,1,0.5471894893898579,89.3081232574811,243.64316325161147,197.49305768712753,376.2401752776766,14344.999051606896,diana,0.8872204454091311,alice,0.7341804227698604,0.15304002263927075,diana,diana,diana,2,1,1,0,0,16.426984502176477,7.159247308316903,9.655695545209078,33.24192735570246
Daylight_Far_20260114_211100_T11,1736909006.72,168,Daylight,Far,4,4,1280,720,24.76058565410585,2,1,chen,2,1,0.8611957745477425,415.62827386599565,269.0211303242711,537.6574758080932,401.9102096129956,16216.348292423168,chen,0.8540452864442297,bob,0.6869772261672104,0.16706806027701937,chen,chen,chen,3,1,1,0,0,16.426984502176477,7.159247308316903,9.655695545209078,33.24192735570246
Daylight_Far_20260114_211100_T11,1736909006.72,168,Daylight,Far,4,4,1280,720,24.76058565410585,2,2,alice,3,1,0.7065478957861638,738.7456901605262,334.0231461483967,862.9749586970756,504.1733993278226,21137.64149378877,alice,0.8522449115249597,chen,0.7067204520633206,0.14552445946163917,alice,alice,alice,2,1,1,0,0,16.426984502176477,7.159247308316903,9.655695545209078,33.24192735570246
Daylight_Far_20260114_211100_T11,1736909006.72,168,Daylight,Far,4,4,1280,720,24.76058565410585,2,3,bob,4,1,0.8315362574266015,1079.2604017205583,320.20071950997357,1183.7165939077474,530.3536782691879,21951.777848858917,bob,0.8036626359273124,diana,0.6784344638104618,0.12522817211685056,bob,bob,bob,2,1,1,0,0,16.426984502176477,7.159247308316903,9.655695545209078,33.24192735570246
Daylight_Far_20260114_211100_T11,1736909006.76,169,Daylight,Far,4,4,1280,720,24.702687197048697,1,0,diana,1,1,0.7173420650996966,115.26872673593158,231.19700763459122,222.62265337165815,406.9358272627813,18866.252349413902,diana,0.8823914777286448,chen,0.7141215002330252,0.16826997749561956,diana,diana,diana,1,1,1,0,0,14.205218178389478,10.853238484672014,4.094299187099942,29.152755850161434
Daylight_Far_20260114_211100_T11,1736909006.76,169,Daylight,Far,4,4,1280,720,24.702687197048697,1,1,chen,2,1,0.7800685297930625,448.26056896554894,266.89034635808173,547.1981695797687,411.9705189606864,14353.88417399856,chen,0.853176947499869,alice,0.677773742840518,0.1754032046593511,chen,chen,chen,2,1,1,0,0,14.205218178389478,10.853238484672014,4.094299187099942,29.152755850161434
Daylight_Far_20260114_211100_T11,1736909006.76,169,Daylight,Far,4,4,1280,720,24.702687197048697,1,2,alice,3,1,0.8219579798732836,741.0194662524437,288.27263072707876,860.8432319522475,474.5242912297558,22317.375329272167,alice,0.8612543433622816,diana,0.7687130700211459,0.09254127334113571,alice,alice,alice,1,1,1,0,0,14.205218178389478,10.853238484672014,4.094299187099942,29.152755850161434
Daylight_Far_20260114_211100_T11,1736909006.76,169,Daylight,Far,4,4,1280,720,24.702687197048697,1,3,bob,4,1,0.8806728926023432,1086.052674337619,248.93003481594542,1170.7757316237812,453.6447451149817,17344.056127985346,bob,0.8123644619818773,diana,0.659852387865609,0.15251207411626833,bob,bob,bob,1,1,1,0,0,14.205218178389478,10.853238484672014,4.094299187099942,29.152755850161434
Daylight_Far_20260114_211100_T11,1736909006.8,170,Daylight,Far,4,4,1280,720,26.101419154518297,0,0,diana,1,1,0.99,103.55548371241579,240.37708247917422,191.7498986642968,390.637495682623,13252.129232906063,diana,0.7842324548409739,alice,0.6353897519756992,0.14884270286527468,diana,diana,diana,2,1,1,0,0,14.262494589438155,11.604560469973954,5.639237782258768,31.506292841670877
Daylight_Far_20260114_211100_T11,1736909006.8,170,Daylight,Far,4,4,1280,720,26.101419154518297,0,1,chen,2,1,0.9274505673649143,428.33362657699547,188.39715820950335,521.3359332982441,401.1740909187455,19788.745559031413,chen,0.8026571423952359,diana,0.7497040980796491,0.052953044315586784,unknown,unknown,unknown,0,0,0,0,0,14.262494589438155,11.604560469973954,5.639237782258768,31.506292841670877
Daylight_Far_20260114_211100_T11,1736909006.8,170,Daylight,Far,4,4,1280,720,26.101419154518297,0,2,alice,3,1,0.7539237247340401,760.6468152276137,233.15373124370885,849.7715187094406,413.7325474229144,16094.03344707101,alice,0.8097265701684346,bob,0.7037310057806841,0.10599556438775048,alice,alice,alice,3,1,1,0,0,14.262494589438155,11.604560469973954,5.639237782258768,31.506292841670877
Daylight_Far_20260114_211100_T11,1736909006.8,170,Daylight,Far,4,4,1280,720,26.101419154518297,0,3,bob,4,1,0.7790934091406432,1086.1508580147988,285.2076792131345,1212.6087675420367,415.4433510176058,16469.33080226888,bob,0.9023546743880086,alice,0.7991562824459113,0.10319839194209735,bob,bob,bob,2,1,1,0,0,14.262494589438155,11.604560469973954,5.639237782258768,31.506292841670877
Daylight_Far_20260114_211100_T11,1736909006.84,171,Daylight,Far,4,4,1280,720,25.046438173117597,1,0,diana,1,1,0.8185307638795625,96.7484960818633,252.66247334224317,216.3739969255295,462.57693596372997,25111.122725424404,diana,0.885347509060369,chen,0.7557171250640504,0.12963038399631854,diana,diana,diana,1,1,1,0,0,16.414028105629725,8.297779667614366,5.297589228963078,30.00939700220717
Daylight_Far_20260114_211100_T11,1736909006.84,171,Daylight,Far,4,4,1280,720,25.046438173117597,1,1,chen,2,1,0.6744586212723723,441.0930810815067,211.1521681916275,541.2053324663545,380.16408748761046,16920.163751595064,chen,0.6416575782912142,diana,0.6265759925108813,0.015081585780332918,unknown,unknown,unknown,0,0,0,0,0,16.414028105629725,8.297779667614366,5.297589228963078,30.00939700220717
Daylight_Far_20260114_211100_T11,1736909006.84,171,Daylight,Far,4,4,1280,720,25.046438173117597,1,2,alice,3,1,0.8014998630144244,739.7265953041659,248.63051966788026,838.5678876658206,437.4533964983039,18663.497173364623,alice,0.9547724521836539,bob,0.8498990706592208,0.10487338152443315,alice,alice,alice,3,1,1,0,0,16.414028105629725,8.297779667614366,5.297589228963078,30.00939700220717
Daylight_Far_20260114_211100_T11,1736909006.84,171,Daylight,Far,4,4,1280,720,25.046438173117597,1,3,bob,4,1,0.6972530862293679,1043.755110133691,197.05837363030486,1169.566353299687,360.27125092556986,20534.014993216464,bob,0.8476375371756582,diana,0.7254974261550952,0.12214011102056299,bob,bob,bob,2,1,1,0,0,16.414028105629725,8.297779667614366,5.297589228963078,30.00939700220717
Daylight_Far_20260114_211100_T11,1736909006.88,172,Daylight,Far,4,4,1280,720,23.627631294142194,1,0,diana,1,1,0.7044997921597346,115.30023303642639,179.52565596365446,227.40409067637222,364.37474883834784,20722.296392497752,diana,0.8693712927931752,bob,0.7065851219789854,0.16278617081418978,diana,diana,diana,3,1,1,0,0,16.476119350015775,16.602038924344615,10.258384731599342,43.33654300595973
Daylight_Far_20260114_211100_T11,1736909006.88,172,Daylight,Far,4,4,1280,720,23.627631294142194,1,1,chen,2,1,0.7665157580886249,435.0340015776634,234.6706166079697,539.6011151850242,392.9558923532153,16551.434411225535,chen,0.8032892260481023,diana,0.6949760449906784,0.10831318105742382,chen,chen,chen,2,1,1,0,0,16.476119350015775,16.602038924344615,10.258384731599342,43.33654300595973
Daylight_Far_20260114_211100_T11,1736909006.88,172,Daylight,Far,4,4,1280,720,23.627631294142194,1,2,alice,3,1,0.7764146459924154,728.5629260783468,288.8136055562626,856.4761264890707,452.67697357652276,20960.287833551745,diana,0.7893243056038903,alice,0.6973499498447479,0.09197435575914248,diana,diana,diana,1,0,0,1,0,16.476119350015775,16.602038924344615,10.258384731599342,43.33654300595973
Daylight_Far_20260114_211100_T11,1736909006.88,172,Daylight,Far,4,4,1280,720,23.627631294142194,1,3,bob,4,1,0.8061988239503338,1040.9300363119132,214.9748539225568,1160.3299340688495,384.85300495148977,20283.433863991977,bob,0.9187123457057925,chen,0.8128278408337974,0.10588450487199508,bob,bob,bob,1,1,1,0,0,16.476119350015775,16.602038924344615,10.258384731599342,43.33654300595973
Daylight_Far_20260114_211100_T11,1736909006.92,173,Daylight,Far,4,4,1280,720,25.734597584991675,2,0,diana,1,1,0.7692997388532866,133.32325315006125,229.86546905946165,239.3150871169973,424.9902904357188,20681.637670140302,diana,0.8584294488592121,bob,0.7402268560391619,0.11820259282005019,diana,diana,diana,2,1,1,0,0,21.24112272065002,16.788098555712416,11.47352116797095,49.502742444333386
Daylight_Far_20260114_211100_T11,1736909006.92,173,Daylight,Far,4,4,1280,720,25.734597584991675,2,1,chen,2,1,0.8360404247908271,481.73975809196804,151.46401614970796,591.0416015990286,330.1431137228397,19529.954760921246,chen,0.781748386484098,diana,0.6038833740912763,0.1778650123928216,chen,chen,chen,1,1,1,0,0,21.24112272065002,16.788098555712416,11.47352116797095,49.502742444333386
Daylight_Far_20260114_211100_T11,1736909006.92,173,Daylight,Far,4,4,1280,720,25.734597584991675,2,2,alice,3,1,0.6996317163256104,735.2495058914594,245.35427245931461,855.4519491147978,461.2201935042709,25947.611118260007,alice,0.8963234121610739,diana,0.794737521921934,0.10158589023913989,alice,alice,alice,2,1,1,0,0,21.24112272065002,16.788098555712416,11.47352116797095,49.502742444333386
Daylight_Far_20260114_211100_T11,1736909006.92,173,Daylight,Far,4,4,1280,720,25.734597584991675,2,3,bob,4,1,0.7389912055797452,1058.034488353824,220.21923124043627,1152.0002171550457,416.9858687991095,18489.320501966584,bob,0.911095485194849,chen,0.7948734197800466,0.1162220654148024,bob,bob,bob,2,1,1,0,0,21.24112272065002,16.788098555712416,11.47352116797095,49.502742444333386
Daylight_Far_20260114_211100_T11,1736909006.96,174,Daylight,Far,4,4,1280,720,26.244165956073996,2,0,diana,1,1,0.6386111298038645,100.4237242234398,256.22232485503014,222.15823963467903,462.53644040161623,25115.548878562076,diana,0.8352896708334643,chen,0.746231851338235,0.08905781949522928,diana,diana,diana,3,1,1,0,0,18.67966010817801,14.078632064069039,9.59208247236519,42.35037464461224
Daylight_Far_20260114_211100_T11,1736909006.96,174,Daylight,Far,4,4,1280,720,26.244165956073996,2,1,chen,-1,0,-1.0,-1.0,-1.0,-1.0,-1.0,0.0,unknown,-1.0,unknown,-1.0,-1.0,unknown,unknown,unknown,0,0,0,0,1,18.67966010817801,14.078632064069039,9.59208247236519,42.35037464461224
Daylight_Far_20260114_211100_T11,1736909006.96,174,Daylight,Far,4,4,1280,720,26.244165956073996,2,2,alice,3,1,0.6378633875486478,705.9107849718883,223.7107768079367,833.8328809138342,430.4686111660718,26448.895523510302,alice,0.8914901704894782,chen,0.7719132425863252,0.119576927903153,alice,alice,alice,1,1,1,0,0,18.67966010817801,14.078632064069039,9.59208247236519,42.35037464461224
Daylight_Far_20260114_211100_T11,1736909006.96,174,Daylight,Far,4,4,1280,720,26.244165956073996,2,3,bob,4,1,0.8505711539139396,1060.7497600103165,209.42588869356229,1172.7046139399145,407.98525151801533,22229.684461365672,bob,0.7955205705648453,chen,0.6967538530220908,0.09876671754275446,bob,bob,bob,2,1,1,0,0,18.67966010817801,14.078632064069039,9.59208247236519,42.35037464461224
Daylight_Far_20260114_211100_T11,1736909007.0,175,Daylight,Far,4,4,1280,720,25.64394124426061,0,0,diana,1,1,0.5989739637410372,95.36328269947612,257.66164532982805,207.823372905465,398.4360294681993,15831.499938893761,diana,0.8874943094411524,bob,0.7482392421818437,0.1392550672593087,diana,diana,diana,1,1,1,0,0,11.539990779666223,7.428428856937588,12.295216636048236,31.263636272652047
Daylight_Far_20260114_211100_T11,1736909007.0,175,Daylight,Far,4,4,1280,720,25.64394124426061,0,1,chen,2,1,0.8290863324649922,411.53578092025464,302.68018942566715,530.3868460162845,505.0702433321089,24054.273471623495,chen,0.8115269040888042,bob,0.6584650416854259,0.15306186240337838,chen,chen,chen,2,1,1,0,0,11.539990779666223,7.428428856937588,12.295216636048236,31.263636272652047
Daylight_Far_20260114_211100_T11,1736909007.0,175,Daylight,Far,4,4,1280,720,25.64394124426061,0,2,alice,-1,0,-1.0,-1.0,-1.0,-1.0,-1.0,0.0,unknown,-1.0,unknown,-1.0,-1.0,unknown,unknown,unknown,0,0,0,0,1,11.539990779666223,7.428428856937588,12.295216636048236,31.263636272652047
Daylight_Far_20260114_211100_T11,1736909007.0,175,Daylight,Far,4,4,1280,720,25.64394124426061,0,3,bob,4,1,0.9623523236475708,1052.01845390746,224.19219956247974,1161.3055977582123,435.6305617891698,23107.494708235743,bob,0.82838444152057,chen,0.6815296392261864,0.14685480229438364,bob,bob,bob,1,1,1,0,0,11.539990779666223,7.428428856937588,12.295216636048236,31.263636272652047
Daylight_Far_20260114_211100_T11,1736909007.04,176,Daylight,Far,4,4,1280,720,25.098436734776122,1,0,diana,1,1,0.8903780227042036,97.00980728579965,288.7449736235156,213.98969359519504,446.38696740427775,18440.942510059973,diana,0.7982989547309144,bob,0.6918732552243543,0.10642569950656011,diana,diana,diana,2,1,1,0,0,9.952271877015189,5.3096153705221365,6.853889123601755,22.11577637113908
Daylight_Far_20260114_211100_T11,1736909007.04,176,Daylight,Far,4,4,1280,720,25.098436734776122,1,1,chen,2,1,0.8774731180835537,414.29108470008975,202.07441551299917,525.2716431106893,406.9719299803328,22739.640572528584,diana,0.8271070093050685,chen,0.8002859336671055,0.026821075637962988,diana,diana,diana,2,0,0,1,0,9.952271877015189,5.3096153705221365,6.853889123601755,22.11577637113908
Daylight_Far_20260114_211100_T11,1736909007.04,176,Daylight,Far,4,4,1280,720,25.098436734776122,1,2,alice,3,1,0.8255591397948405,749.961990043518,226.7561755033649,869.5659433284488,432.15930007107426,24567.025715375148,chen,0.832855823792183,diana,0.7561564404795006,0.07669938331268245,unknown,unknown,unknown,0,0,0,0,0,9.952271877015189,5.3096153705221365,6.853889123601755,22.11577637113908
Daylight_Far_20260114_211100_T11,1736909007.04,176,Daylight,Far,4,4,1280,720,25.098436734776122,1,3,bob,4,1,0.8449869760211121,1054.51299097178,182.56747240382492,1165.2057615312344,384.88729489471007,22395.34169061309,alice,0.760922612567608,chen,0.7202547153695369,0.04066789719807107,unknown,unknown,unknown,0,0,0,0,0,9.952271877015189,5.3096153705221365,6.853889123601755,22.11577637113908
Daylight_Far_20260114_211100_T11,1736909007.08,177,Daylight,Far,4,4,1280,720,25.654357873291847,0,0,diana,1,1,0.7087922992952435,148.69506271511156,170.5995035084988,229.15921823719984,346.24662929487096,14133.297646282452,diana,0.8408886041492716,bob,0.7229172374396862,0.11797136670958541,diana,diana,diana,2,1,1,0,0,18.235266234257352,16.54822398611742,9.31555656151506,44.09904678188983
Daylight_Far_20260114_211100_T11,1736909007.08,177,Daylight,Far,4,4,1280,720,25.654357873291847,0,1,chen,2,1,0.8404838231048024,453.02818984647723,260.9653273985889,543.3248020588545,396.4275907947243,12231.78346729175,chen,0.7869410548230074,bob,0.7049972255679163,0.08194382925509103,chen,chen,chen,2,1,1,0,0,18.235266234257352,16.54822398611742,9.31555656151506,44.09904678188983
Daylight_Far_20260114_211100_T11,1736909007.08,177,Daylight,Far,4,4,1280,720,25.654357873291847,0,2,alice,3,1,0.8722549294308808,757.3544608948795,202.03572168148236,843.21252648706,400.0958121499022,17005.0562386308,alice,0.9121206791718287,chen,0.7417731250021813,0.17034755416964742,alice,alice,alice,2,1,1,0,0,18.235266234257352,16.54822398611742,9.31555656151506,44.09904678188983
Daylight_Far_20260114_211100_T11,1736909007.08,177,Daylight,Far,4,4,1280,720,25.654357873291847,0,3,bob,4,1,0.7804143546580116,1058.3760828201923,190.76864243522718,1168.5509212630475,399.99899161626695,23051.91991836323,bob,0.88489016390574,alice,0.7341292371361829,0.1507609267695571,bob,bob,bob,1,1,1,0,0,18.235266234257352,16.54822398611742,9.31555656151506,44.09904678188983
Daylight_Far_20260114_211100_T11,1736909007.12,178,Daylight,Far,4,4,1280,720,25.774977443334123,1,0,diana,-1,0,-1.0,-1.0,-1.0,-1.0,-1.0,0.0,unknown,-1.0,unknown,-1.0,-1.0,unknown,unknown,unknown,0,0,0,0,1,20.53507960379591,11.540378009524426,13.235376351103676,45.31083396442401
Daylight_Far_20260114_211100_T11,1736909007.12,178,Daylight,Far,4,4,1280,720,25.774977443334123,1,1,chen,2,1,0.7664478574733042,476.693417162636,186.51748222435901,557.7977637495765,316.8565447357013,10571.064499736798,chen,0.8753579837785307,diana,0.7895975136984976,0.08576047008003307,chen,chen,chen,2,1,1,0,0,20.53507960379591,11.540378009524426,13.235376351103676,45.31083396442401
Daylight_Far_20260114_211100_T11,1736909007.12,178,Daylight,Far,4,4,1280,720,25.774977443334123,1,2,alice,3,1,0.8527632376898062,743.1319971988349,208.97076044013306,845.4246667634078,393.3599361362835,18861.661020770287,bob,0.698217518885745,chen,0.6592943167222384,0.03892320216350664,unknown,unknown,unknown,0,0,0,0,0,20.53507960379591,11.540378009524426,13.235376351103676,45.31083396442401
Daylight_Far_20260114_211100_T11,1736909007.12,178,Daylight,Far,4,4,1280,720,25.774977443334123,1,3,bob,4,1,0.8132404118790092,1041.5751959154145,258.70190499752437,1164.6041483088839,457.3385178814608,24438.054390097815,bob,0.8427663509268845,chen,0.66667819973548,0.17608815119140442,bob,bob,bob,2,1,1,0,0,20.53507960379591,11.540378009524426,13.235376351103676,45.31083396442401
Daylight_Far_20260114_211100_T11,1736909007.16,179,Daylight,Far,4,4,1280,720,24.805055163070197,1,0,diana,1,1,0.9081925250033314,115.37556980218518,272.6147403801543,216.70126010839806,404.9487016478011,13408.829976399953,diana,0.8959934294222537,chen,0.7648804341082792,0.13111299531397447,diana,diana,diana,3,1,1,0,0,11.852950551590416,5.025893258069157,4.946086727128948,21.82493053678852
Daylight_Far_20260114_211100_T11,1736909007.16,179,Daylight,Far,4,4,1280,720,24.805055163070197,1,1,chen,2,1,0.7695733636503237,440.88805874317103,255.92126888544522,521.7894586177044,435.0919468592266,14495.158664548144,chen,0.8140971574279415,alice,0.7371279851415099,0.07696917228643163,chen,chen,chen,2,1,1,0,0,11.852950551590416,5.025893258069157,4.946086727128948,21.82493053678852
Daylight_Far_20260114_211100_T11,1736909007.16,179,Daylight,Far,4,4,1280,720,24.805055163070197,1,2,alice,3,1,0.8774293604569163,756.2246322425622,205.955805757755,862.5781315101442,389.788587253684,19551.259592184855,alice,0.820112511984208,bob,0.7323894259757269,0.08772308600848111,alice,alice,alice,2,1,1,0,0,11.852950551590416,5.025893258069157,4.946086727128948,21.82493053678852
Daylight_Far_20260114_211100_T11,1736909007.16,179,Daylight,Far,4,4,1280,720,24.805055163070197,1,3,bob,4,1,0.7616816380440793,1092.7280987155898,239.24000421875212,1202.141471004584,442.59416510680035,22249.664511760042,chen,0.8245616031377678,bob,0.7558743378292672,0.06868726530850067,chen,chen,chen,2,0,0,1,0,11.852950551590416,5.025893258069157,4.946086727128948,21.82493053678852
Daylight_Far_20260114_211100_T11,1736909007.2,180,Daylight,Far,4,4,1280,720,22.693009702269304,0,0,diana,1,1,0.7962309993508891,95.6753446455509,211.84976018500384,203.05421592265432,398.6942759222075,20063.153204177917,alice,0.6745059660449391,bob,0.6431570973352485,0.03134886870969056,unknown,unknown,unknown,0,0,0,0,0,14.873993770885741,9.195793069624346,5.248602983889107,29.318389824399194
Daylight_Far_20260114_211100_T11,1736909007.2,180,Daylight,Far,4,4,1280,720,22.693009702269304,0,1,chen,2,1,0.7341264527043391,408.22714830795627,175.4798841312542,500.2852242575987,372.3649188171376,18124.857476461042,chen,0.886931764598112,bob,0.7112954017454634,0.1756363628526486,chen,chen,chen,1,1,1,0,0,14.873993770885741,9.195793069624346,5.248602983889107,29.318389824399194
Daylight_Far_20260114_211100_T11,1736909007.2,180,Daylight,Far,4,4,1280,720,22.693009702269304,0,2,alice,3,1,0.5942038493977077,754.7419679967135,294.23657211436114,859.6434723823953,464.83201162768944,17895.71824628473,alice,0.8603671875403813,diana,0.6879276443289761,0.1724395432114052,alice,alice,alice,2,1,1,0,0,14.873993770885741,9.195793069624346,5.248602983889107,29.318389824399194
Daylight_Far_20260114_211100_T11,1736909007.2,180,Daylight,Far,4,4,1280,720,22.693009702269304,0,3,bob,4,1,0.7403170670142456,1096.0574206198987,237.4485690858653,1216.1908829531465,436.28639134267905,23887.076030513945,bob,0.865081683087224,alice,0.7048044934276412,0.16027718965958282,bob,bob,bob,2,1,1,0,0,14.873993770885741,9.195793069624346,5.248602983889107,29.318389824399194
Daylight_Far_20260114_211100_T11,1736909007.24,181,Daylight,Far,4,4,1280,720,23.45037399028499,2,0,diana,1,1,0.8310354058581344,103.23458693876373,327.96565164412243,200.397138497743,463.4385745162532,13162.894853409027,diana,0.8381294936313878,bob,0.7411706950529262,0.09695879857846157,diana,diana,diana,3,1,1,0,0,11.152258968065516,8.204867905480262,5.28486400030943,24.641990873855207
Daylight_Far_20260114_211100_T11,1736909007.24,181,Daylight,Far,4,4,1280,720,23.45037399028499,2,1,chen,2,1,0.6993219606053878,454.10293923499603,225.3833846467639,568.2398680148642,358.9189322116244,15241.337281991184,chen,0.9811730831220864,bob,0.9205945527989969,0.06057853032308946,chen,chen,chen,3,1,1,0,0,11.152258968065516,8.204867905480262,5.28486400030943,24.641990873855207
Daylight_Far_20260114_211100_T11,1736909007.24,181,Daylight,Far,4,4,1280,720,23.45037399028499,2,2,alice,3,1,0.8603502564094682,734.6692080849976,156.50237061920689,839.3602571452842,349.234522921552,20177.331212179433,alice,0.8373681189869115,bob,0.7069206936505612,0.13044742533635034,alice,alice,alice,1,1,1,0,0,11.152258968065516,8.204867905480262,5.28486400030943,24.641990873855207
Daylight_Far_20260114_211100_T11,1736909007.24,181,Daylight,Far,4,4,1280,720,23.45037399028499,2,3,bob,4,1,0.6487074457594968,1058.2020142631914,259.50650336224476,1146.0563051187337,443.11222865914647,16130.550792976808,bob,0.9066071888001003,diana,0.7617447374166424,0.14486245138345788,bob,bob,bob,2,1,1,0,0,11.152258968065516,8.204867905480262,5.28486400030943,24.641990873855207
Daylight_Far_20260114_211100_T11,1736909007.28,182,Daylight,Far,4,4,1280,720,24.404796289082398,0,0,diana,1,1,0.8148390459565923,127.92390973811953,162.6827658563013,222.00355682356005,375.40855591638785,20013.167254824453,diana,0.9232973953047592,alice,0.8025932546778045,0.12070414062695467,diana,diana,diana,1,1,1,0,0,16.286878588194654,10.548891596859598,7.630476509887195,34.46624669494145
Daylight_Far_20260114_211100_T11,1736909007.28,182,Daylight,Far,4,4,1280,720,24.404796289082398,0,1,chen,2,1,0.6709604708977738,443.696817165258,190.65578904037417,544.8879897314334,402.39126123439473,21425.76070516578,chen,0.8705565974184108,diana,0.7766665772615442,0.09389002015686665,chen,chen,chen,2,1,1,0,0,16.286878588194654,10.548891596859598,7.630476509887195,34.46624669494145
Daylight_Far_20260114_211100_T11,1736909007.28,182,Daylight,Far,4,4,1280,720,24.404796289082398,0,2,alice,3,1,0.7898223694627697,799.225944398504,158.86291823311637,902.6389210427039,339.62574577027414,18693.222062239638,diana,0.8343187679030563,alice,0.7652978899336399,0.06902087796941636,diana,diana,diana,1,0,0,1,0,16.286878588194654,10.548891596859598,7.630476509887195,34.46624669494145
Daylight_Far_20260114_211100_T11,1736909007.28,182,Daylight,Far,4,4,1280,720,24.404796289082398,0,3,bob,4,1,0.6336879378907435,1068.472886630605,245.62055161047297,1175.2545994622997,439.532869910512,20706.28948724294,bob,0.7226452167587595,diana,0.66446760130457,0.058177615454189424,unknown,unknown,unknown,0,0,0,0,0,16.286878588194654,10.548891596859598,7.630476509887195,34.46624669494145
Daylight_Far_20260114_211100_T11,1736909007.32,183,Daylight,Far,4,4,1280,720,23.55705927442373,0,0,diana,-1,0,-1.0,-1.0,-1.0,-1.0,-1.0,0.0,unknown,-1.0,unknown,-1.0,-1.0,unknown,unknown,unknown,0,0,0,0,1,18.590115572226033,12.163093602905525,4.608600547476032,35.36180972260759
Daylight_Far_20260114_211100_T11,1736909007.32,183,Daylight,Far,4,4,1280,720,23.55705927442373,0,1,chen,2,1,0.8095254273334758,427.335108072825,199.36423468355179,545.5975477205643,402.27993596232454,23997.305876059563,chen,0.8565154365647175,diana,0.7085883932596693,0.14792704330504824,chen,chen,chen,2,1,1,0,0,18.590115572226033,12.163093602905525,4.608600547476032,35.36180972260759
Daylight_Far_20260114_211100_T11,1736909007.32,183,Daylight,Far,4,4,1280,720,23.55705927442373,0,2,alice,3,1,0.7062411680338773,783.7985932094382,170.33845852490208,863.9264676578284,377.67139953014635,16613.14786588371,alice,0.8614423023014176,diana,0.7070744873186583,0.1543678149827593,alice,alice,alice,3,1,1,0,0,18.590115572226033,12.163093602905525,4.608600547476032,35.36180972260759
Daylight_Far_20260114_211100_T11,1736909007.32,183,Daylight,Far,4,4,1280,720,23.55705927442373,0,3,bob,4,1,0.8223846766829486,1067.8151158085316,229.3723294519077,1166.1776128541933,441.6995190680319,20885.032561329674,bob,0.8469310518405402,alice,0.6801417236112492,0.16678932822929093,bob,bob,bob,2,1,1,0,0,18.590115572226033,12.163093602905525,4.608600547476032,35.36180972260759
Daylight_Far_20260114_211100_T11,1736909007.36,184,Daylight,Far,4,4,1280,720,24.855641313635104,0,0,diana,1,1,0.7763724001334724,108.84004827437198,221.6290465885588,213.92263996821688,380.23002566247305,16666.20192626817,diana,0.9173208653970586,alice,0.7817319830617219,0.13558888233533672,diana,diana,diana,3,1,1,0,0,13.841754117216233,13.299024451832999,11.413787698544368,38.5545662675936
Daylight_Far_20260114_211100_T11,1736909007.36,184,Daylight,Far,4,4,1280,720,24.855641313635104,0,1,chen,2,1,0.7747208425650204,450.26390291861793,201.41394782023843,558.788767818029,353.19716245447063,16472.25286217836,chen,0.9009700124084162,diana,0.7668530794587581,0.1341169329496581,chen,chen,chen,1,1,1,0,0,13.841754117216233,13.299024451832999,11.413787698544368,38.5545662675936
Daylight_Far_20260114_211100_T11,1736909007.36,184,Daylight,Far,4,4,1280,720,24.855641313635104,0,2,alice,3,1,0.8928636096685807,753.2887210357037,210.92250273507557,873.0674192988697,391.9885024233812,21687.84974238407,alice,0.7834880563396407,diana,0.6643427499342585,0.11914530640538223,alice,alice,alice,2,1,1,0,0,13.841754117216233,13.299024451832999,11.413787698544368,38.5545662675936
Daylight_Far_20260114_211100_T11,1736909007.36,184,Daylight,Far,4,4,1280,720,24.855641313635104,0,3,bob,4,1,0.8016027384027818,1074.9438684847744,227.62171092845094,1169.9904489322287,376.8222607474031,14181.002061171448,bob,0.8237327472420531,chen,0.6750685636511233,0.1486641835909298,bob,bob,bob,2,1,1,0,0,13.841754117216233,13.299024451832999,11.413787698544368,38.5545662675936
Daylight_Far_20260114_211100_T11,1736909007.4,185,Daylight,Far,4,4,1280,720,25.197206909415698,0,0,diana,1,1,0.7763833963390478,126.76867880478486,273.807886147698,216.62427493809523,432.3182093554742,14243.039585118431,diana,0.8945394589332497,chen,0.7676932948960558,0.12684616403719395,diana,diana,diana,1,1,1,0,0,9.931523529995797,4.5528145161580715,5.813731067232266,20.298069113386134
Daylight_Far_20260114_211100_T11,1736909007.4,185,Daylight,Far,4,4,1280,720,25.197206909415698,0,1,chen,2,1,0.7951348682023158,398.8476851577607,324.64814090306766,484.25824812678513,501.8722281498326,15136.809063417702,chen,0.7907002942509491,diana,0.6502706373355273,0.14042965691542186,chen,chen,chen,2,1,1,0,0,9.931523529995797,4.5528145161580715,5.813731067232266,20.298069113386134
Daylight_Far_20260114_211100_T11,1736909007.4,185,Daylight,Far,4,4,1280,720,25.197206909415698,0,2,alice,3,1,0.6797093171754429,744.8335961226552,205.18772109226836,846.336561698536,343.4519551300747,14034.229787914983,alice,0.6229491738701929,diana,0.6063201510058833,0.01662902286430956,unknown,unknown,unknown,0,0,0,0,0,9.931523529995797,4.5528145161580715,5.813731067232266,20.298069113386134
Daylight_Far_20260114_211100_T11,1736909007.4,185,Daylight,Far,4,4,1280,720,25.197206909415698,0,3,bob,4,1,0.8254209646826299,1085.5201951495617,239.44618260802378,1176.6713124923779,400.3586662100551,14667.352674732741,bob,0.7419403611540405,alice,0.6376089539997943,0.10433140715424616,bob,bob,bob,1,1,1,0,0,9.931523529995797,4.5528145161580715,5.813731067232266,20.298069113386134
Daylight_Far_20260114_211100_T11,1736909007.44,186,Daylight,Far,4,4,1280,720,27.342537598954976,2,0,diana,1,1,0.7381781455224095,127.59330556437068,213.5655252527598,213.30719289260628,389.85056845680526,15110.076330844697,diana,0.7947483673428364,alice,0.6349497656895038,0.1597986016533326,diana,diana,diana,2,1,1,0,0,15.579605179908572,14.578407699257312,12.750808031217868,42.90882091038375
Daylight_Far_20260114_211100_T11,1736909007.44,186,Daylight,Far,4,4,1280,720,27.342537598954976,2,1,chen,2,1,0.685064133047005,444.7510952166939,267.22546186683513,526.9126326185743,422.4845182264991,12756.322766075193,bob,0.7453306281543051,alice,0.7264175210159777,0.01891310713832739,unknown,unknown,unknown,0,0,0,0,0,15.579605179908572,14.578407699257312,12.750808031217868,42.90882091038375
Daylight_Far_20260114_211100_T11,1736909007.44,186,Daylight,Far,4,4,1280,720,27.342537598954976,2,2,alice,3,1,0.9430371300615921,732.1946986446151,251.45957036291438,824.9666037484706,397.5825560967854,13556.107765994713,alice,0.877334473572255,chen,0.7145939809767536,0.16274049259550138,alice,alice,alice,3,1,1,0,0,15.579605179908572,14.578407699257312,12.750808031217868,42.90882091038375
Daylight_Far_20260114_211100_T11,1736909007.44,186,Daylight,Far,4,4,1280,720,27.342537598954976,2,3,bob,4,1,0.6951218902098285,1069.8667943969474,270.21073367185045,1174.5018402787966,406.17041923477507,14226.147936958412,bob,0.8922449315411517,diana,0.7894260099154049,0.1028189216257468,bob,bob,bob,3,1,1,0,0,15.579605179908572,14.578407699257312,12.750808031217868,42.90882091038375
Daylight_Far_20260114_211100_T11,1736909007.48,187,Daylight,Far,4,4,1280,720,24.57514886241444,0,0,diana,1,1,0.8175239416741377,110.85452270476603,224.92459182047122,200.68457556317642,420.051504388315,17528.26087006783,diana,0.8081697989341105,chen,0.7477794604822554,0.06039033845185504,diana,diana,diana,2,1,1,0,0,18.863889736311627,13.893594421940888,7.287835901714667,40.04532005996718
Daylight_Far_20260114_211100_T11,1736909007.48,187,Daylight,Far,4,4,1280,720,24.57514886241444,0,1,chen,2,1,0.8060293130064905,429.1476989251065,283.0834631409916,509.4474388110856,478.13594350524806,15662.663437364834,chen,0.8991646625114524,alice,0.7226199960725284,0.17654466643892408,chen,chen,chen,3,1,1,0,0,18.863889736311627,13.893594421940888,7.287835901714667,40.04532005996718
Daylight_Far_20260114_211100_T11,1736909007.48,187,Daylight,Far,4,4,1280,720,24.57514886241444,0,2,alice,3,1,0.7426563133844202,772.3161254784002,317.89660199925936,860.9528070010144,462.1619249371146,12787.19948399977,alice,0.9387119665053995,chen,0.847054670492707,0.09165729601269246,alice,alice,alice,1,1,1,0,0,18.863889736311627,13.893594421940888,7.287835901714667,40.04532005996718
Daylight_Far_20260114_211100_T11,1736909007.48,187,Daylight,Far,4,4,1280,720,24.57514886241444,0,3,bob,4,1,0.9214335582981155,1062.5400813874223,329.98700200420063,1158.3764648516383,475.5001813730766,13945.456857092833,bob,0.6014048536946904,chen,0.5370888721149581,0.06431598157973228,unknown,unknown,unknown,0,0,0,0,0,18.863889736311627,13.893594421940888,7.287835901714667,40.04532005996718
Daylight_Far_20260114_211100_T11,1736909007.52,188,Daylight,Far,4,4,1280,720,21.613134275400142,0,0,diana,1,1,0.7766920789144274,100.75058605324688,264.98951700930786,183.7700439015349,434.489822946814,14071.823504050715,diana,0.8004077423248194,alice,0.7074916628132556,0.09291607951156378,diana,diana,diana,3,1,1,0,0,15.31121785094146,14.365715266814377,10.781606997207483,40.45854011496332
Daylight_Far_20260114_211100_T11,1736909007.52,188,Daylight,Far,4,4,1280,720,21.613134275400142,0,1,chen,2,1,0.6469191440977544,427.2639326461029,209.12835744615572,512.0884204210702,350.59050232007075,11999.453978478057,chen,0.8262665072435605,bob,0.6987720893842757,0.12749441785928484,chen,chen,chen,1,1,1,0,0,15.31121785094146,14.365715266814377,10.781606997207483,40.45854011496332
Daylight_Far_20260114_211100_T11,1736909007.52,188,Daylight,Far,4,4,1280,720,21.613134275400142,0,2,alice,3,1,0.8636552557071635,719.6551004512248,285.0506626091159,839.335336285551,447.17861875980475,19403.512027451732,alice,0.883107135903313,chen,0.7178395767450529,0.16526755915826008,alice,alice,alice,3,1,1,0,0,15.31121785094146,14.365715266814377,10.781606997207483,40.45854011496332
Daylight_Far_20260114_211100_T11,1736909007.52,188,Daylight,Far,4,4,1280,720,21.613134275400142,0,3,bob,4,1,0.9679281147076698,1091.117204746109,138.3608888892257,1171.8555984103537,326.323155505888,15175.771476119771,bob,0.8186904951577868,alice,0.7292267241141661,0.08946377104362069,bob,bob,bob,2,1,1,0,0,15.31121785094146,14.365715266814377,10.781606997207483,40.45854011496332
Daylight_Far_20260114_211100_T11,1736909007.56,189,Daylight,Far,4,4,1280,720,22.82682462201204,0,0,diana,1,1,0.793106968786009,105.3645661717157,221.46770937497342,204.87822731838327,416.0697190302403,19365.558447294763,diana,0.9082686407156547,chen,0.7669295307283143,0.14133910998734045,diana,diana,diana,2,1,1,0,0,17.746107470916737,10.274797902644924,22.232587094346396,50.25349246790805
Daylight_Far_20260114_211100_T11,1736909007.56,189,Daylight,Far,4,4,1280,720,22.82682462201204,0,1,chen,-1,0,-1.0,-1.0,-1.0,-1.0,-1.0,0.0,unknown,-1.0,unknown,-1.0,-1.0,unknown,unknown,unknown,0,0,0,0,1,17.746107470916737,10.274797902644924,22.232587094346396,50.25349246790805
Daylight_Far_20260114_211100_T11,1736909007.56,189,Daylight,Far,4,4,1280,720,22.82682462201204,0,2,alice,3,1,0.8227951984304255,728.5819678447002,257.2955074781739,853.703191289966,430.7334073762017,21700.76222701877,alice,0.8837989365841882,bob,0.8165977504441781,0.06720118614001003,alice,alice,alice,2,1,1,0,0,17.746107470916737,10.274797902644924,22.232587094346396,50.25349246790805
Daylight_Far_20260114_211100_T11,1736909007.56,189,Daylight,Far,4,4,1280,720,22.82682462201204,0,3,bob,4,1,0.9012532576835796,1049.6380424538202,228.45481045933866,1160.5625910142398,438.8886521306006,23342.27888921956,bob,0.8172374050446937,chen,0.6982084792745533,0.11902892577014035,bob,bob,bob,2,1,1,0,0,17.746107470916737,10.274797902644924,22.232587094346396,50.25349246790805
Daylight_Far_20260114_211100_T11,1736909007.6,190,Daylight,Far,4,4,1280,720,25.43630314566443,1,0,diana,1,1,0.7175056269250707,100.9723563344208,271.3033741616844,228.90454636580063,433.9477531871982,20807.451605027796,diana,0.7629923930828496,chen,0.6274672944420334,0.1355250986408162,diana,diana,diana,2,1,1,0,0,15.568203314974408,7.790287015961005,7.4227543730449215,30.781244703980335
Daylight_Far_20260114_211100_T11,1736909007.6,190,Daylight,Far,4,4,1280,720,25.43630314566443,1,1,chen,2,1,0.5973490348100556,434.41444917584477,285.9189907402976,519.5123084618585,425.8563678310789,11908.371224525154,chen,0.868611014648664,bob,0.7469479390268823,0.12166307562178169,chen,chen,chen,3,1,1,0,0,15.568203314974408,7.790287015961005,7.4227543730449215,30.781244703980335
Daylight_Far_20260114_211100_T11,1736909007.6,190,Daylight,Far,4,4,1280,720,25.43630314566443,1,2,alice,3,1,0.7812148271140138,734.7556144700953,249.8122319810053,825.0512859424274,413.98074407580964,14823.706034214023,alice,0.8550287818529486,diana,0.7248391654780867,0.13018961637486193,alice,alice,alice,1,1,1,0,0,15.568203314974408,7.790287015961005,7.4227543730449215,30.781244703980335
Daylight_Far_20260114_211100_T11,1736909007.6,190,Daylight,Far,4,4,1280,720,25.43630314566443,1,3,bob,4,1,0.6902507864928906,1076.6704868343347,262.35959414567355,1172.9613682707497,435.0948440309494,16632.829466592615,bob,0.9061196387519903,alice,0.8444603862788717,0.06165925247311865,bob,bob,bob,2,1,1,0,0,15.568203314974408,7.790287015961005,7.4227543730449215,30.781244703980335
Daylight_Far_20260114_211100_T11,1736909007.64,191,Daylight,Far,4,4,1280,720,24.91150631626806,0,0,diana,1,1,0.7399845346778372,134.78732582327837,236.4021933674997,218.0676127808356,408.2982547629866,14315.553319890021,diana,0.9086073138683184,chen,0.8271867894917154,0.08142052437660297,diana,diana,diana,2,1,1,0,0,19.64140224324174,18.011644201655663,12.375635260841793,50.028681705739196
Daylight_Far_20260114_211100_T11,1736909007.64,191,Daylight,Far,4,4,1280,720,24.91150631626806,0,1,chen,2,1,0.6815190496383535,442.29038217307107,215.69117389167562,527.8534179889629,385.6802757129219,14544.783607442574,chen,0.8591535386804025,alice,0.694145282294663,0.16500825638573946,chen,chen,chen,2,1,1,0,0,19.64140224324174,18.011644201655663,12.375635260841793,50.028681705739196
Daylight_Far_20260114_211100_T11,1736909007.64,191,Daylight,Far,4,4,1280,720,24.91150631626806,0,2,alice,3,1,0.6550446490716207,752.2621097199611,258.02979140649023,851.2423931715042,411.44124352853686,15184.709015753004,alice,0.828512225410706,bob,0.7020758894272334,0.1264363359834726,alice,alice,alice,2,1,1,0,0,19.64140224324174,18.011644201655663,12.375635260841793,50.028681705739196
Daylight_Far_20260114_211100_T11,1736909007.64,191,Daylight,Far,4,4,1280,720,24.91150631626806,0,3,bob,4,1,0.670490996028742,1068.8635364266274,242.70499738847244,1153.6585184749433,372.9647031268231,11045.369409702356,diana,0.6898319022847185,chen,0.6479786746014925,0.04185322768322597,unknown,unknown,unknown,0,0,0,0,0,19.64140224324174,18.011644201655663,12.375635260841793,50.028681705739196
Daylight_Far_20260114_211100_T11,1736909007.68,192,Daylight,Far,4,4,1280,720,22.560016862819488,2,0,diana,1,1,0.9039839802500137,99.03307867675257,231.22879379387456,182.2140511203511,401.06981894253244,14127.541632683035,diana,0.934676029866201,chen,0.8215010130186264,0.11317501684757458,diana,diana,diana,2,1,1,0,0,15.26446775550312,8.221695517163907,12.430046085464449,35.916209358131475
Daylight_Far_20260114_211100_T11,1736909007.68,192,Daylight,Far,4,4,1280,720,22.560016862819488,2,1,chen,2,1,0.632922547486376,417.0883722687261,233.40657896771506,512.0556240813647,406.3619133042481,16425.092788276634,chen,0.5428729411067281,alice,0.46365836449845155,0.07921457660827658,unknown,unknown,unknown,0,0,0,0,0,15.26446775550312,8.221695517163907,12.430046085464449,35.916209358131475
Daylight_Far_20260114_211100_T11,1736909007.68,192,Daylight,Far,4,4,1280,720,22.560016862819488,2,2,alice,3,1,0.6660419395142058,741.9283297187445,287.9365594537851,855.6991107489386,467.448781052841,20423.24565578986,alice,0.9446125847772423,chen,0.8181566187887317,0.1264559659885106,alice,alice,alice,1,1,1,0,0,15.26446775550312,8.221695517163907,12.430046085464449,35.916209358131475
Daylight_Far_20260114_211100_T11,1736909007.68,192,Daylight,Far,4,4,1280,720,22.560016862819488,2,3,bob,4,1,0.7600655307210358,1081.214655021564,249.26836348492412,1184.776934181166,449.4873050092369,20735.129915180903,bob,0.7642919904246087,alice,0.5913453512277148,0.1729466391968939,bob,bob,bob,2,1,1,0,0,15.26446775550312,8.221695517163907,12.430046085464449,35.916209358131475
Daylight_Far_20260114_211100_T11,1736909007.72,193,Daylight,Far,4,4,1280,720,28.114265793238477,2,0,diana,1,1,0.8375366715483481,129.3034763512621,259.79882149766684,243.63918896312933,431.4260239758984,19623.118498929827,diana,0.8762325358913305,bob,0.7170105371042047,0.15922199878712584,diana,diana,diana,2,1,1,0,0,6.576117305609786,4.298799916316736,6.698042777251026,17.57295999917755
Daylight_Far_20260114_211100_T11,1736909007.72,193,Daylight,Far,4,4,1280,720,28.114265793238477,2,1,chen,2,1,0.877105047372511,430.623746220138,156.6387040378708,552.3417106374402,362.83195008230103,25097.422185123996,chen,0.8178164258107364,bob,0.7289570797699878,0.08885934604074863,chen,chen,chen,3,1,1,0,0,6.576117305609786,4.298799916316736,6.698042777251026,17.57295999917755
Daylight_Far_20260114_211100_T11,1736909007.72,193,Daylight,Far,4,4,1280,720,28.114265793238477,2,2,alice,3,1,0.8204958387727521,763.7549337821232,179.85780126159648,875.54775152182,316.06784812877277,15227.304943737801,diana,0.8718283931538264,bob,0.7923055233139444,0.079522869839882,unknown,unknown,unknown,0,0,0,0,0,6.576117305609786,4.298799916316736,6.698042777251026,17.57295999917755
Daylight_Far_20260114_211100_T11,1736909007.72,193,Daylight,Far,4,4,1280,720,28.114265793238477,2,3,bob,4,1,0.8847204489222505,1083.7570983327237,270.89993471873265,1171.4934744897932,459.7951783825589,16572.984152370773,diana,0.7563168549611546,alice,0.7054406900707604,0.05087616489039426,unknown,unknown,unknown,0,0,0,0,0,6.576117305609786,4.298799916316736,6.698042777251026,17.57295999917755
Daylight_Far_20260114_211100_T11,1736909007.76,194,Daylight,Far,4,4,1280,720,26.34837087336755,2,0,diana,1,1,0.8379045526510075,116.5730613933963,244.365348811337,219.25788356003255,379.40645903790073,13866.672388799821,diana,0.8195782444165325,chen,0.7410262936356697,0.07855195078086274,diana,diana,diana,2,1,1,0,0,19.689974084426012,8.011289418658343,9.87930545237797,37.580568955462326
Daylight_Far_20260114_211100_T11,1736909007.76,194,Daylight,Far,4,4,1280,720,26.34837087336755,2,1,chen,2,1,0.7016524599183755,462.0087313966967,299.79662186451344,551.6346952765084,491.9449728676684,17221.481166574147,chen,0.8171696641151404,diana,0.7317004278814864,0.08546923623365399,chen,chen,chen,2,1,1,0,0,19.689974084426012,8.011289418658343,9.87930545237797,37.580568955462326
Daylight_Far_20260114_211100_T11,1736909007.76,194,Daylight,Far,4,4,1280,720,26.34837087336755,2,2,alice,3,1,0.7824309212234886,735.4880784089772,231.7815218467789,840.7760318952345,440.68101017981746,21994.599610911908,alice,0.8889249420911228,chen,0.7902081233991419,0.0987168186919809,alice,alice,alice,2,1,1,0,0,19.689974084426012,8.011289418658343,9.87930545237797,37.580568955462326
Daylight_Far_20260114_211100_T11,1736909007.76,194,Daylight,Far,4,4,1280,720,26.34837087336755,2,3,bob,4,1,0.7690596717287617,1069.6626882708438,305.5890693706454,1165.2178417421164,446.9119220754432,13504.126879205016,diana,0.8226153233117592,bob,0.803727386538121,0.018887936773638203,unknown,unknown,unknown,0,0,0,0,0,19.689974084426012,8.011289418658343,9.87930545237797,37.580568955462326
Daylight_Far_20260114_211100_T11,1736909007.8,195,Daylight,Far,4,4,1280,720,25.71720362241227,0,0,diana,1,1,0.7591628386187719,82.97518903113789,248.94387643746686,196.86978948818663,401.5578878964269,17381.911859265714,bob,0.7406195193867466,diana,0.7070834685611048,0.03353605082564182,unknown,unknown,unknown,0,0,0,0,0,12.691386054069147,8.176245160830895,8.256745668782479,29.12437688368252
Daylight_Far_20260114_211100_T11,1736909007.8,195,Daylight,Far,4,4,1280,720,25.71720362241227,0,1,chen,2,1,0.6417285094917309,428.42339156733755,250.39918735704978,525.4653883574357,433.3530752258108,17754.210599296286,chen,0.9003590024321134,bob,0.7486864669472529,0.15167253548486048,chen,chen,chen,1,1,1,0,0,12.691386054069147,8.176245160830895,8.256745668782479,29.12437688368252
Daylight_Far_20260114_211100_T11,1736909007.8,195,Daylight,Far,4,4,1280,720,25.71720362241227,0,2,alice,3,1,0.7163013736329318,735.4876282007115,261.45611491941906,837.439378063011,430.09146099497286,17192.66862103717,alice,0.8612258755195278,chen,0.7135036143486304,0.14772226117089737,alice,alice,alice,3,1,1,0,0,12.691386054069147,8.176245160830895,8.256745668782479,29.12437688368252
Daylight_Far_20260114_211100_T11,1736909007.8,195,Daylight,Far,4,4,1280,720,25.71720362241227,0,3,bob,4,1,0.8735432266512011,1056.3153788463212,238.5734842628328,1181.618670382057,391.44420719319123,19155.204762621386,bob,0.7581551934748794,chen,0.6114424987100058,0.14671269476487359,bob,bob,bob,3,1,1,0,0,12.691386054069147,8.176245160830895,8.256745668782479,29.12437688368252
Daylight_Far_20260114_211100_T11,1736909007.84,196,Daylight,Far,4,4,1280,720,24.714798277602515,1,0,diana,1,1,0.7205686444338923,115.2925868132657,207.41764240045177,210.79416068763163,381.5415981177217,16629.11182022968,diana,0.8903507356847148,bob,0.7277387101575024,0.16261202552721243,diana,diana,diana,2,1,1,0,0,15.566701029325362,9.578016023726004,7.011121603460239,32.155838656511605
Daylight_Far_20260114_211100_T11,1736909007.84,196,Daylight,Far,4,4,1280,720,24.714798277602515,1,1,chen,2,1,0.7833475373682283,395.5252207325986,155.36142017588003,501.11178225353257,290.05023336913956,14221.32866041168,chen,0.8361672541969388,alice,0.722386842264248,0.11378041193269084,chen,chen,chen,1,1,1,0,0,15.566701029325362,9.578016023726004,7.011121603460239,32.155838656511605
Daylight_Far_20260114_211100_T11,1736909007.84,196,Daylight,Far,4,4,1280,720,24.714798277602515,1,2,alice,3,1,0.8402013367362258,773.0072192400983,351.0239812471492,861.672213839116,519.3332977552881,14923.144639158501,diana,0.6691554814783057,alice,0.6243881277371727,0.044767353741133054,unknown,unknown,unknown,0,0,0,0,0,15.566701029325362,9.578016023726004,7.011121603460239,32.155838656511605
Daylight_Far_20260114_211100_T11,1736909007.84,196,Daylight,Far,4,4,1280,720,24.714798277602515,1,3,bob,4,1,0.7109611674722932,1058.2985836384805,283.82385537624,1177.5170365938507,430.4223988996015,17477.251564365655,alice,0.6025254570473157,chen,0.5666505491661273,0.03587490788118841,unknown,unknown,unknown,0,0,0,0,0,15.566701029325362,9.578016023726004,7.011121603460239,32.155838656511605
Daylight_Far_20260114_211100_T11,1736909007.88,197,Daylight,Far,4,4,1280,720,22.1738385387278,0,0,diana,1,1,0.9015563144710734,108.50134971437706,201.9649251905524,230.15569467494493,396.48638128665334,23664.38032214702,diana,0.8762039319952433,bob,0.7905074062117459,0.0856965257834974,diana,diana,diana,2,1,1,0,0,16.774403372602084,16.077144478385993,7.90203387278796,40.75358172377604
Daylight_Far_20260114_211100_T11,1736909007.88,197,Daylight,Far,4,4,1280,720,22.1738385387278,0,1,chen,-1,0,-1.0,-1.0,-1.0,-1.0,-1.0,0.0,unknown,-1.0,unknown,-1.0,-1.0,unknown,unknown,unknown,0,0,0,0,1,16.774403372602084,16.077144478385993,7.90203387278796,40.75358172377604
Daylight_Far_20260114_211100_T11,1736909007.88,197,Daylight,Far,4,4,1280,720,22.1738385387278,0,2,alice,3,1,0.9266521615643525,746.1607940304663,216.0291876709138,828.7965443866218,387.95783429310364,14207.452721342963,alice,0.7354532730222055,chen,0.7166256223554386,0.01882765066676695,unknown,unknown,unknown,0,0,0,0,0,16.774403372602084,16.077144478385993,7.90203387278796,40.75358172377604
Daylight_Far_20260114_211100_T11,1736909007.88,197,Daylight,Far,4,4,1280,720,22.1738385387278,0,3,bob,4,1,0.6441730952731615,1078.0766132097347,210.03605722396506,1183.9120141065464,394.1185158643673,19482.440808277734,bob,0.9035207186171984,diana,0.7863913772194919,0.11712934139770648,bob,bob,bob,2,1,1,0,0,16.774403372602084,16.077144478385993,7.90203387278796,40.75358172377604
Daylight_Far_20260114_211100_T11,1736909007.92,198,Daylight,Far,4,4,1280,720,23.484119840358993,3,0,diana,1,1,0.8548354993650745,158.42012237655015,232.1360118612432,243.42720320034672,400.41569192991824,14304.964364600488,diana,0.81537993587061,alice,0.6410460664320694,0.17433386943854057,diana,diana,diana,1,1,1,0,0,14.933187921057515,10.283558835238928,16.35734483672897,41.574091593025415
Daylight_Far_20260114_211100_T11,1736909007.92,198,Daylight,Far,4,4,1280,720,23.484119840358993,3,1,chen,2,1,0.7066950863308847,462.7301708252267,242.01900412591226,559.9200501747099,406.5505188297484,15990.798063253555,chen,0.7899222477235257,diana,0.6441039721577406,0.14581827556578508,chen,chen,chen,3,1,1,0,0,14.933187921057515,10.283558835238928,16.35734483672897,41.574091593025415
Daylight_Far_20260114_211100_T11,1736909007.92,198,Daylight,Far,4,4,1280,720,23.484119840358993,3,2,alice,3,1,0.8111810064751523,744.7190915886409,221.23055564680533,866.8163348516802,372.9285723117341,18521.909643258386,alice,0.9131963756500838,diana,0.8324387665448428,0.08075760910524099,alice,alice,alice,2,1,1,0,0,14.933187921057515,10.283558835238928,16.35734483672897,41.574091593025415
Daylight_Far_20260114_211100_T11,1736909007.92,198,Daylight,Far,4,4,1280,720,23.484119840358993,3,3,bob,4,1,0.7529884290303032,1091.889441915534,306.17494379448766,1174.4794439655075,500.9420303374473,16085.814076850396,bob,0.739257641569389,chen,0.6249582327820634,0.11429940878732558,bob,bob,bob,1,1,1,0,0,14.933187921057515,10.283558835238928,16.35734483672897,41.574091593025415
Daylight_Far_20260114_211100_T11,1736909007.96,199,Daylight,Far,4,4,1280,720,23.02776841107839,1,0,diana,1,1,0.99,134.98115696997127,185.51900489645934,239.3468065580472,396.4512762066315,22014.083514374393,diana,0.7687935203670175,bob,0.5974317220546435,0.17136179831237408,diana,diana,diana,1,1,1,0,0,19.33781741696845,12.48984196051661,11.797854864261499,43.62551424174656
Daylight_Far_20260114_211100_T11,1736909007.96,199,Daylight,Far,4,4,1280,720,23.02776841107839,1,1,chen,2,1,0.99,423.6201618034116,263.77178645677856,550.2560448299511,456.7427241085381,24437.045087989864,chen,0.8426218909761907,alice,0.7390042189590698,0.10361767201712091,chen,chen,chen,3,1,1,0,0,19.33781741696845,12.48984196051661,11.797854864261499,43.62551424174656
Daylight_Far_20260114_211100_T11,1736909007.96,199,Daylight,Far,4,4,1280,720,23.02776841107839,1,2,alice,3,1,0.6476334216923767,738.1391570319684,284.7427724499638,863.4633260680343,447.48127894330014,20395.068096447805,alice,0.7837333815232408,chen,0.6568382474354069,0.12689513408783393,alice,alice,alice,2,1,1,0,0,19.33781741696845,12.48984196051661,11.797854864261499,43.62551424174656
Daylight_Far_20260114_211100_T11,1736909007.96,199,Daylight,Far,4,4,1280,720,23.02776841107839,1,3,bob,4,1,0.7479092925420262,1055.8413842561347,229.8578071937368,1169.1517309686494,430.16704388126095,22697.10905878254,bob,0.8757073904607061,diana,0.7878836558961547,0.08782373456455139,bob,bob,bob,2,1,1,0,0,19.33781741696845,12.48984196051661,11.797854864261499,43.62551424174656
Daylight_Far_20260114_211100_T11,1736909008.0,200,Daylight,Far,4,4,1280,720,23.29421089478976,0,0,diana,1,1,0.9214564828063815,109.9325826837595,255.59083075950804,234.27307095895412,460.82745979296095,25519.222665974517,diana,0.9073387899537334,chen,0.8268262060033494,0.08051258395038396,diana,diana,diana,1,1,1,0,0,19.863153112675278,13.863462846505987,5.73829619392688,39.464912153108145
Daylight_Far_20260114_211100_T11,1736909008.0,200,Daylight,Far,4,4,1280,720,23.29421089478976,0,1,chen,2,1,0.7464830223972326,440.7568617253247,192.26141464494987,546.7557276033971,401.0270776139054,22128.92350899318,chen,0.8337731559616124,bob,0.710390369603495,0.12338278635811739,chen,chen,chen,1,1,1,0,0,19.863153112675278,13.863462846505987,5.73829619392688,39.464912153108145
Daylight_Far_20260114_211100_T11,1736909008.0,200,Daylight,Far,4,4,1280,720,23.29421089478976,0,2,alice,3,1,0.7163471966976306,754.1698451736679,322.64103913766974,846.3404981083013,490.36438616292185,15459.170407699587,alice,0.8298357534127595,chen,0.7448662390116247,0.08496951440113476,alice,alice,alice,2,1,1,0,0,19.863153112675278,13.863462846505987,5.73829619392688,39.464912153108145
Daylight_Far_20260114_211100_T11,1736909008.0,200,Daylight,Far,4,4,1280,720,23.29421089478976,0,3,bob,4,1,0.8088475988333873,1055.1580639794784,265.4031894928671,1158.9457684494132,407.84654458018167,14783.868841508194,bob,0.9059466463184678,chen,0.7415056147975431,0.1644410315209247,bob,bob,bob,1,1,1,0,0,19.863153112675278,13.863462846505987,5.73829619392688,39.464912153108145
Daylight_Far_20260114_211100_T11,1736909008.04,201,Daylight,Far,4,4,1280,720,26.722512018794863,0,0,diana,-1,0,-1.0,-1.0,-1.0,-1.0,-1.0,0.0,unknown,-1.0,unknown,-1.0,-1.0,unknown,unknown,unknown,0,0,0,0,1,13.842271757853892,9.9714035065452,10.7625034252795,34.57617868967859
Daylight_Far_20260114_211100_T11,1736909008.04,201,Daylight,Far,4,4,1280,720,26.722512018794863,0,1,chen,2,1,0.8630134340440414,422.08874936252346,225.0271903986434,515.3990541013656,410.30906448436133,17288.70813352211,chen,0.8097836062811282,bob,0.6699866214133803,0.13979698486774794,chen,chen,chen,2,1,1,0,0,13.842271757853892,9.9714035065452,10.7625034252795,34.57617868967859
Daylight_Far_20260114_211100_T11,1736909008.04,201,Daylight,Far,4,4,1280,720,26.722512018794863,0,2,alice,3,1,0.7836223422605317,754.5852060514877,221.8628366857303,879.2504240077111,429.04438807515737,25828.333260471423,alice,0.8288150961819427,chen,0.7538571358846741,0.07495796029726864,alice,alice,alice,3,1,1,0,0,13.842271757853892,9.9714035065452,10.7625034252795,34.57617868967859
Daylight_Far_20260114_211100_T11,1736909008.04,201,Daylight,Far,4,4,1280,720,26.722512018794863,0,3,bob,4,1,0.7894200195375782,1067.5951135237183,238.4991394911322,1168.1160534317137,414.52069594600636,17693.852298912225,bob,0.7829401670584539,alice,0.661872340746807,0.12106782631164692,bob,bob,bob,2,1,1,0,0,13.842271757853892,9.9714035065452,10.7625034252795,34.57617868967859
Daylight_Far_20260114_211100_T11,1736909008.08,202,Daylight,Far,4,4,1280,720,27.307153281735797,0,0,diana,1,1,0.8503320232874918,113.71433273498039,274.6692915167071,223.329582775518,431.2575694676604,17164.463241010944,bob,0.6540202199135405,chen,0.6360965803382401,0.01792363957530041,unknown,unknown,unknown,0,0,0,0,0,11.590429472933812,11.331563765842574,7.082818465858075,30.00481170463446
Daylight_Far_20260114_211100_T11,1736909008.08,202,Daylight,Far,4,4,1280,720,27.307153281735797,0,1,chen,2,1,0.8789643586410494,449.05412679979605,270.69710004776823,531.2195250385475,424.28840762215737,12619.890952860253,chen,0.9269258753275453,diana,0.7650737619089991,0.16185211341854622,chen,chen,chen,1,1,1,0,0,11.590429472933812,11.331563765842574,7.082818465858075,30.00481170463446
Daylight_Far_20260114_211100_T11,1736909008.08,202,Daylight,Far,4,4,1280,720,27.307153281735797,0,2,alice,3,1,0.6467208045322584,758.9013038489795,244.56164327509134,851.6716851923311,403.99944379325746,14791.105554615488,bob,0.8024699121863266,alice,0.7046639410922111,0.09780597109411548,bob,bob,bob,1,0,0,1,0,11.590429472933812,11.331563765842574,7.082818465858075,30.00481170463446
Daylight_Far_20260114_211100_T11,1736909008.08,202,Daylight,Far,4,4,1280,720,27.307153281735797,0,3,bob,4,1,0.9298137265360967,1062.572941595335,240.57538758607097,1150.8322618531986,388.86052383189644,13087.545329401262,bob,0.8657232486867512,alice,0.7906248344622128,0.07509841422453845,bob,bob,bob,2,1,1,0,0,11.590429472933812,11.331563765842574,7.082818465858075,30.00481170463446
Daylight_Far_20260114_211100_T11,1736909008.12,203,Daylight,Far,4,4,1280,720,26.34946388525036,0,0,diana,1,1,0.9066546338601562,112.16158349793142,240.269633369983,209.6878988117869,410.99554297681755,16650.268892560936,diana,0.9139443348769978,alice,0.7891588199195191,0.1247855149574787,diana,diana,diana,1,1,1,0,0,12.98516270239895,9.083503408247802,6.7712041860980605,28.839870296744813
Daylight_Far_20260114_211100_T11,1736909008.12,203,Daylight,Far,4,4,1280,720,26.34946388525036,0,1,chen,2,1,0.8497153821174939,448.7649137784828,266.82980865988293,532.8005791450308,427.5848675076969,13509.15833131463,chen,0.8032927596045616,bob,0.6344588638418682,0.16883389576269336,chen,chen,chen,2,1,1,0,0,12.98516270239895,9.083503408247802,6.7712041860980605,28.839870296744813
Daylight_Far_20260114_211100_T11,1736909008.12,203,Daylight,Far,4,4,1280,720,26.34946388525036,0,2,alice,-1,0,-1.0,-1.0,-1.0,-1.0,-1.0,0.0,unknown,-1.0,unknown,-1.0,-1.0,unknown,unknown,unknown,0,0,0,0,1,12.98516270239895,9.083503408247802,6.7712041860980605,28.839870296744813
Daylight_Far_20260114_211100_T11,1736909008.12,203,Daylight,Far,4,4,1280,720,26.34946388525036,0,3,bob,4,1,0.7431823704783124,1063.0403559326019,270.856036190312,1170.3665186266644,443.2134943539394,18498.46459640455,bob,0.7656579456493756,diana,0.6770574896430039,0.08860045600637168,bob,bob,bob,3,1,1,0,0,12.98516270239895,9.083503408247802,6.7712041860980605,28.839870296744813
Daylight_Far_20260114_211100_T11,1736909008.16,204,Daylight,Far,4,4,1280,720,24.33155463730387,0,0,diana,1,1,0.48015217435768953,91.99309000479495,335.8196887548502,193.2252088540027,497.51289448267335,16368.545819348392,diana,0.9036923531090707,bob,0.7596812058445626,0.14401114726450814,diana,diana,diana,2,1,1,0,0,16.015030506150488,9.728138980626786,6.11989245648356,31.863061943260835
Daylight_Far_20260114_211100_T11,1736909008.16,204,Daylight,Far,4,4,1280,720,24.33155463730387,0,1,chen,2,1,0.758529541219415,410.35239187366443,276.58413313090347,520.2047979922035,443.94486581096095,18384.97917466592,chen,0.9511266832684279,alice,0.8563057658452158,0.09482091742321208,chen,chen,chen,2,1,1,0,0,16.015030506150488,9.728138980626786,6.11989245648356,31.863061943260835
Daylight_Far_20260114_211100_T11,1736909008.16,204,Daylight,Far,4,4,1280,720,24.33155463730387,0,2,alice,3,1,0.8258276331235115,748.6420270981815,231.5622462976546,831.921984871337,417.92032473560926,15519.892902999263,alice,0.9166516197753978,chen,0.7857983276427356,0.13085329213266217,alice,alice,alice,1,1,1,0,0,16.015030506150488,9.728138980626786,6.11989245648356,31.863061943260835
Daylight_Far_20260114_211100_T11,1736909008.16,204,Daylight,Far,4,4,1280,720,24.33155463730387,0,3,bob,4,1,0.8447287152292061,1068.513250049306,278.18558111850587,1159.7751923230671,468.1754878595725,17338.847901600493,bob,0.7086288828811307,chen,0.6792921592645794,0.029336723616551263,unknown,unknown,unknown,0,0,0,0,0,16.015030506150488,9.728138980626786,6.11989245648356,31.863061943260835
Daylight_Far_20260114_211100_T11,1736909008.2,205,Daylight,Far,4,4,1280,720,24.42891447789143,1,0,diana,1,1,0.8608955081032612,116.0076663056639,246.31501472796162,205.3665911145826,405.38267302381394,14214.11491718984,diana,0.8708964258577371,chen,0.742760533106968,0.1281358927507691,diana,diana,diana,2,1,1,0,0,12.292279445278096,9.215792237020851,3.558707193344926,25.066778875643873
Daylight_Far_20260114_211100_T11,1736909008.2,205,Daylight,Far,4,4,1280,720,24.42891447789143,1,1,chen,2,1,0.6966703246782411,437.97917810942124,215.08948379077415,553.206087913854,345.1992702543481,14992.148629512249,chen,0.8370282183738296,bob,0.7182861957282703,0.11874202264555922,chen,chen,chen,1,1,1,0,0,12.292279445278096,9.215792237020851,3.558707193344926,25.066778875643873
Daylight_Far_20260114_211100_T11,1736909008.2,205,Daylight,Far,4,4,1280,720,24.42891447789143,1,2,alice,3,1,0.8277560828328709,735.3244521920617,207.9513685277283,854.6380942930325,402.827619826513,23251.395301442044,alice,0.8435148749136705,chen,0.6935171763310222,0.14999769858264833,alice,alice,alice,2,1,1,0,0,12.292279445278096,9.215792237020851,3.558707193344926,25.066778875643873
Daylight_Far_20260114_211100_T11,1736909008.2,205,Daylight,Far,4,4,1280,720,24.42891447789143,1,3,bob,4,1,0.9047303659440872,1074.6172163214517,250.28323999547524,1190.8100590741421,443.2765995791284,22424.44708241686,alice,0.6468611728243497,chen,0.6022045527841074,0.04465662004024229,unknown,unknown,unknown,0,0,0,0,0,12.292279445278096,9.215792237020851,3.558707193344926,25.066778875643873
Daylight_Far_20260114_211100_T11,1736909008.24,206,Daylight,Far,4,4,1280,720,22.895086145138556,1,0,diana,1,1,0.8387283998636499,104.79747071739608,236.2286883662453,194.99897533036506,451.10107760422926,19381.812809049676,diana,0.9134438120894941,alice,0.821024756665332,0.09241905542416207,diana,diana,diana,1,1,1,0,0,11.428931062874502,6.791349256220335,6.468032774972836,24.688313094067674
Daylight_Far_20260114_211100_T11,1736909008.24,206,Daylight,Far,4,4,1280,720,22.895086145138556,1,1,chen,2,1,0.8157863864510166,398.3976472924494,207.75691657888046,500.037448712137,417.63079756504385,21331.5395866128,chen,0.8339664228796199,diana,0.6542979746345798,0.17966844824504002,chen,chen,chen,2,1,1,0,0,11.428931062874502,6.791349256220335,6.468032774972836,24.688313094067674
Daylight_Far_20260114_211100_T11,1736909008.24,206,Daylight,Far,4,4,1280,720,22.895086145138556,1,2,alice,3,1,0.8094847344495164,741.713878332719,199.1545377884827,861.694804775777,407.1316055005294,24953.281263001973,alice,0.8940165113081958,chen,0.7871914584408589,0.1068250528673369,alice,alice,alice,3,1,1,0,0,11.428931062874502,6.791349256220335,6.468032774972836,24.688313094067674
Daylight_Far_20260114_211100_T11,1736909008.24,206,Daylight,Far,4,4,1280,720,22.895086145138556,1,3,bob,4,1,0.7118363843126339,1065.2833674489882,294.88078885261376,1156.8185058202632,449.52873307765384,14155.720973472266,bob,0.8375409407316136,alice,0.7145450480893121,0.12299589264230149,bob,bob,bob,1,1,1,0,0,11.428931062874502,6.791349256220335,6.468032774972836,24.688313094067674
Daylight_Far_20260114_211100_T11,1736909008.28,207,Daylight,Far,4,4,1280,720,23.092585730151256,0,0,diana,1,1,0.7063337737770712,97.40852937846803,152.39734480256874,209.69320269022785,354.61403816770945,22705.835352689133,diana,0.8756932833127319,chen,0.7537558634444139,0.12193741986831796,diana,diana,diana,1,1,1,0,0,12.680537787487374,10.507258028746795,10.409831377530823,33.59762719376499
Daylight_Far_20260114_211100_T11,1736909008.28,207,Daylight,Far,4,4,1280,720,23.092585730151256,0,1,chen,2,1,0.769956414088769,409.77433392583134,141.04638324319006,532.2285750091917,342.7038217269833,24693.808588347318,chen,0.9281184307840319,alice,0.7587509185828921,0.16936751220113977,chen,chen,chen,2,1,1,0,0,12.680537787487374,10.507258028746795,10.409831377530823,33.59762719376499
Daylight_Far_20260114_211100_T11,1736909008.28,207,Daylight,Far,4,4,1280,720,23.092585730151256,0,2,alice,3,1,0.7098224739009975,754.5540753988084,226.75630640966253,839.7822752496154,365.490466545285,11824.06272617269,alice,0.955847238054589,chen,0.7968817222672893,0.15896551578729978,alice,alice,alice,2,1,1,0,0,12.680537787487374,10.507258028746795,10.409831377530823,33.59762719376499
Daylight_Far_20260114_211100_T11,1736909008.28,207,Daylight,Far,4,4,1280,720,23.092585730151256,0,3,bob,4,1,0.7559341265550723,1061.123280528399,208.17950552920837,1159.5155867182493,404.16636818439355,19283.599399557133,bob,0.7957891728668977,diana,0.7159127904417406,0.07987638242515704,bob,bob,bob,2,1,1,0,0,12.680537787487374,10.507258028746795,10.409831377530823,33.59762719376499
Daylight_Far_20260114_211100_T11,1736909008.32,208,Daylight,Far,4,4,1280,720,25.412404904582043,1,0,diana,1,1,0.8041161769784355,99.96029558954753,225.77785136347393,212.66156357954583,425.3043146849865,22486.885413894353,bob,0.6086001584910501,chen,0.562589619420399,0.04601053907065111,unknown,unknown,unknown,0,0,0,0,0,28.458180939707024,10.5885372403485,12.914143019768016,51.96086119982354
Daylight_Far_20260114_211100_T11,1736909008.32,208,Daylight,Far,4,4,1280,720,25.412404904582043,1,1,chen,2,1,0.7856680349570301,438.63471176206644,234.63904687453785,532.7843769620363,397.73741830240715,15355.65706459422,chen,0.7988427182998591,bob,0.6679781359017682,0.13086458239809085,chen,chen,chen,3,1,1,0,0,28.458180939707024,10.5885372403485,12.914143019768016,51.96086119982354
Daylight_Far_20260114_211100_T11,1736909008.32,208,Daylight,Far,4,4,1280,720,25.412404904582043,1,2,alice,3,1,0.7365770472207813,710.830011222455,249.34198512906158,814.8581481558646,414.2626430739812,17156.388787842097,alice,0.8139807030870502,diana,0.6934147171993045,0.1205659858877457,alice,alice,alice,1,1,1,0,0,28.458180939707024,10.5885372403485,12.914143019768016,51.96086119982354
Daylight_Far_20260114_211100_T11,1736909008.32,208,Daylight,Far,4,4,1280,720,25.412404904582043,1,3,bob,4,1,0.8302632593986022,1035.6682508869944,188.4957954123447,1131.7123974925175,381.4947110464385,18536.41614786789,bob,0.8876487539673342,diana,0.7604676990722844,0.12718105489504983,bob,bob,bob,1,1,1,0,0,28.458180939707024,10.5885372403485,12.914143019768016,51.96086119982354
Daylight_Far_20260114_211100_T11,1736909008.36,209,Daylight,Far,4,4,1280,720,23.834322924503695,1,0,diana,1,1,0.7832697380299565,98.19967061708974,204.62520387033814,183.12858429393032,385.8867924044165,15394.349805537737,diana,0.8739116422754818,chen,0.7631323551773925,0.11077928709808926,diana,diana,diana,2,1,1,0,0,22.386307318469058,10.257959671497252,11.764668765359248,44.40893575532556
Daylight_Far_20260114_211100_T11,1736909008.36,209,Daylight,Far,4,4,1280,720,23.834322924503695,1,1,chen,-1,0,-1.0,-1.0,-1.0,-1.0,-1.0,0.0,unknown,-1.0,unknown,-1.0,-1.0,unknown,unknown,unknown,0,0,0,0,1,22.386307318469058,10.257959671497252,11.764668765359248,44.40893575532556
Daylight_Far_20260114_211100_T11,1736909008.36,209,Daylight,Far,4,4,1280,720,23.834322924503695,1,2,alice,3,1,0.8471547829673058,722.1785578315138,211.35865561658824,833.9331294300622,347.6346521145895,15229.465607799417,alice,0.9153483695615048,bob,0.8001480357226357,0.11520033383886907,alice,alice,alice,1,1,1,0,0,22.386307318469058,10.257959671497252,11.764668765359248,44.40893575532556
Daylight_Far_20260114_211100_T11,1736909008.36,209,Daylight,Far,4,4,1280,720,23.834322924503695,1,3,bob,4,1,0.7534779520248731,1065.5586417766167,296.6892345233961,1163.319325548936,437.98475869124553,13813.147056617214,bob,0.8668573860339388,chen,0.7695618009209506,0.09729558511298819,bob,bob,bob,1,1,1,0,0,22.386307318469058,10.257959671497252,11.764668765359248,44.40893575532556
Daylight_Far_20260114_211100_T11,1736909008.4,210,Daylight,Far,4,4,1280,720,24.46204448847162,0,0,diana,1,1,0.6696646998925466,110.85184121319689,284.4903293647018,205.6913070706819,427.85163831575915,13596.309965548164,diana,0.9046302076061176,bob,0.7999903101501473,0.10463989745597024,diana,diana,diana,2,1,1,0,0,22.987064308181594,16.774573190726567,6.775691843331163,46.537329342239325
Daylight_Far_20260114_211100_T11,1736909008.4,210,Daylight,Far,4,4,1280,720,24.46204448847162,0,1,chen,-1,0,-1.0,-1.0,-1.0,-1.0,-1.0,0.0,unknown,-1.0,unknown,-1.0,-1.0,unknown,unknown,unknown,0,0,0,0,1,22.987064308181594,16.774573190726567,6.775691843331163,46.537329342239325
Daylight_Far_20260114_211100_T11,1736909008.4,210,Daylight,Far,4,4,1280,720,24.46204448847162,0,2,alice,3,1,0.8893029841611346,738.9560696389294,211.64353175039685,833.0951573653329,390.4549901289671,16833.14756678636,alice,0.911893674211579,chen,0.7711518311358763,0.1407418430757027,alice,alice,alice,3,1,1,0,0,22.987064308181594,16.774573190726567,6.775691843331163,46.537329342239325
Daylight_Far_20260114_211100_T11,1736909008.4,210,Daylight,Far,4,4,1280,720,24.46204448847162,0,3,bob,4,1,0.7477247372193907,1061.0533046543662,289.5847242647571,1167.0090088486588,471.90935669014306,19318.334820597323,chen,0.767146002321917,bob,0.6934911811272795,0.07365482119463751,unknown,unknown,unknown,0,0,0,0,0,22.987064308181594,16.774573190726567,6.775691843331163,46.537329342239325
Daylight_Far_20260114_211100_T11,1736909008.44,211,Daylight,Far,4,4,1280,720,22.579272614954565,0,0,diana,1,1,0.7929180948182291,101.04366678613928,132.77739772179507,217.1164173427557,300.61611447561233,19481.50150350843,diana,0.816893029332268,alice,0.7044452801008341,0.11244774923143397,diana,diana,diana,2,1,1,0,0,14.451856944672622,11.117165297502162,13.902155264370926,39.47117750654571
Daylight_Far_20260114_211100_T11,1736909008.44,211,Daylight,Far,4,4,1280,720,22.579272614954565,0,1,chen,2,1,0.8945118423254778,436.8702888638776,187.338545584449,548.477653378896,399.7845572561622,23710.539464406746,chen,0.8460594301763105,alice,0.6992811430037298,0.14677828717258068,chen,chen,chen,1,1,1,0,0,14.451856944672622,11.117165297502162,13.902155264370926,39.47117750654571
Daylight_Far_20260114_211100_T11,1736909008.44,211,Daylight,Far,4,4,1280,720,22.579272614954565,0,2,alice,-1,0,-1.0,-1.0,-1.0,-1.0,-1.0,0.0,unknown,-1.0,unknown,-1.0,-1.0,unknown,unknown,unknown,0,0,0,0,1,14.451856944672622,11.117165297502162,13.902155264370926,39.47117750654571
Daylight_Far_20260114_211100_T11,1736909008.44,211,Daylight,Far,4,4,1280,720,22.579272614954565,0,3,bob,4,1,0.9081202892131404,1064.8571615485564,305.33959783317954,1161.6647806233102,509.42867815689664,19757.377945295237,bob,0.9236281266596438,alice,0.7509861966543863,0.17264193000525752,bob,bob,bob,3,1,1,0,0,14.451856944672622,11.117165297502162,13.902155264370926,39.47117750654571
Daylight_Far_20260114_211100_T11,1736909008.48,212,Daylight,Far,4,4,1280,720,26.101760774847797,0,0,diana,1,1,0.9729106155149988,96.31778695869612,229.66992136339445,218.49901796452497,420.89973211508584,23364.69368265334,diana,0.8339502596481507,alice,0.6918487319789601,0.1421015276691906,diana,diana,diana,2,1,1,0,0,19.771485440834045,7.624809700976962,9.958419114342792,37.3547142561538
Daylight_Far_20260114_211100_T11,1736909008.48,212,Daylight,Far,4,4,1280,720,26.101760774847797,0,1,chen,2,1,0.8658557911729546,428.48341307159194,253.33276510058232,528.2503902641296,414.72051851279815,16101.168313831426,chen,0.9349305834677211,bob,0.8745918761700524,0.06033870729766866,chen,chen,chen,2,1,1,0,0,19.771485440834045,7.624809700976962,9.958419114342792,37.3547142561538
Daylight_Far_20260114_211100_T11,1736909008.48,212,Daylight,Far,4,4,1280,720,26.101760774847797,0,2,alice,3,1,0.6556364913712996,780.8141657726396,225.52925955176102,871.9470323838955,439.4313355640121,19493.509361095188,diana,0.8270333897891562,alice,0.7417478614869965,0.08528552830215974,diana,diana,diana,1,0,0,1,0,19.771485440834045,7.624809700976962,9.958419114342792,37.3547142561538
Daylight_Far_20260114_211100_T11,1736909008.48,212,Daylight,Far,4,4,1280,720,26.101760774847797,0,3,bob,4,1,0.733153822752998,1064.6350681075132,258.68955714700013,1181.1130704646375,423.6439961029193,19213.56352952567,bob,0.8587641469497442,alice,0.7117583384133714,0.1470058085363728,bob,bob,bob,2,1,1,0,0,19.771485440834045,7.624809700976962,9.958419114342792,37.3547142561538
Daylight_Far_20260114_211100_T11,1736909008.52,213,Daylight,Far,4,4,1280,720,23.8043202642593,4,0,diana,1,1,0.9069331652471098,108.99506632767365,248.90437676230692,209.56748585267246,424.7204416171156,17682.24703381222,diana,0.8905695253154436,bob,0.7948200079536288,0.0957495173618148,diana,diana,diana,2,1,1,0,0,25.985665146781837,16.336129055241656,5.501600570182124,47.82339477220562
Daylight_Far_20260114_211100_T11,1736909008.52,213,Daylight,Far,4,4,1280,720,23.8043202642593,4,1,chen,2,1,0.7837252372701937,398.2654442363282,243.33930188160667,501.24258312715983,377.2286674205,13787.543791103943,chen,0.8907889668300658,alice,0.7709129071633992,0.11987605966666659,chen,chen,chen,3,1,1,0,0,25.985665146781837,16.336129055241656,5.501600570182124,47.82339477220562
Daylight_Far_20260114_211100_T11,1736909008.52,213,Daylight,Far,4,4,1280,720,23.8043202642593,4,2,alice,3,1,0.7558362253742277,758.4467899678323,178.75883510401331,863.0989309258391,382.06284503210065,21276.199904322217,alice,0.8686808538354731,bob,0.6963389954934532,0.17234185834201987,alice,alice,alice,2,1,1,0,0,25.985665146781837,16.336129055241656,5.501600570182124,47.82339477220562
Daylight_Far_20260114_211100_T11,1736909008.52,213,Daylight,Far,4,4,1280,720,23.8043202642593,4,3,bob,4,1,0.7219671482854727,1073.0687750562995,207.04225474879564,1183.2334956511984,417.1392721208393,23145.279216612802,bob,0.9387138288334399,chen,0.8759373195860952,0.06277650924734468,bob,bob,bob,2,1,1,0,0,25.985665146781837,16.336129055241656,5.501600570182124,47.82339477220562
Daylight_Far_20260114_211100_T11,1736909008.56,214,Daylight,Far,4,4,1280,720,23.924368714663917,1,0,diana,1,1,0.8640029101554756,85.37939901854438,230.35873444110814,166.43414316550124,413.0483630967059,14807.861108982033,bob,0.7930244090300761,chen,0.758590690283236,0.03443371874684009,unknown,unknown,unknown,0,0,0,0,0,15.93662108790923,12.550171948048968,6.662053742325513,35.14884677828371
Daylight_Far_20260114_211100_T11,1736909008.56,214,Daylight,Far,4,4,1280,720,23.924368714663917,1,1,chen,2,1,0.8871285331250909,448.9470706942423,251.5730462640096,529.3109766125465,435.96030328358904,14818.080175655652,chen,0.8757998192571852,bob,0.7363877042295902,0.13941211502759498,chen,chen,chen,2,1,1,0,0,15.93662108790923,12.550171948048968,6.662053742325513,35.14884677828371
Daylight_Far_20260114_211100_T11,1736909008.56,214,Daylight,Far,4,4,1280,720,23.924368714663917,1,2,alice,3,1,0.7795576090006662,754.3520389334964,245.6359354280711,846.579892491747,426.2674147857383,16659.253626209113,bob,0.798144229115204,alice,0.7509010671324432,0.047243161982760795,bob,bob,bob,1,0,0,1,0,15.93662108790923,12.550171948048968,6.662053742325513,35.14884677828371
Daylight_Far_20260114_211100_T11,1736909008.56,214,Daylight,Far,4,4,1280,720,23.924368714663917,1,3,bob,4,1,0.8939694927461228,1064.3023638326097,208.71935566301664,1171.5347036588316,364.62981040681603,16718.642865547896,bob,0.8566799403126885,diana,0.694083182081491,0.16259675823119746,bob,bob,bob,3,1,1,0,0,15.93662108790923,12.550171948048968,6.662053742325513,35.14884677828371
Daylight_Far_20260114_211100_T11,1736909008.6,215,Daylight,Far,4,4,1280,720,24.30089428254187,0,0,diana,1,1,0.807834532360439,125.92111221641264,267.6641677290743,209.17505713059526,449.621579403332,15148.672328255905,diana,0.839607569870971,alice,0.6761237006571305,0.1634838692138405,diana,diana,diana,2,1,1,0,0,15.350817742523201,12.90077049269704,5.8337974047983305,34.08538564001857
Daylight_Far_20260114_211100_T11,1736909008.6,215,Daylight,Far,4,4,1280,720,24.30089428254187,0,1,chen,2,1,0.8630691414882239,415.443621939954,247.0851529668942,532.0608795649764,421.7455590495144,20368.417573027942,chen,0.7771463035411252,alice,0.6247704234008309,0.15237588014029435,chen,chen,chen,1,1,1,0,0,15.350817742523201,12.90077049269704,5.8337974047983305,34.08538564001857
Daylight_Far_20260114_211100_T11,1736909008.6,215,Daylight,Far,4,4,1280,720,24.30089428254187,0,2,alice,-1,0,-1.0,-1.0,-1.0,-1.0,-1.0,0.0,unknown,-1.0,unknown,-1.0,-1.0,unknown,unknown,unknown,0,0,0,0,1,15.350817742523201,12.90077049269704,5.8337974047983305,34.08538564001857
Daylight_Far_20260114_211100_T11,1736909008.6,215,Daylight,Far,4,4,1280,720,24.30089428254187,0,3,bob,4,1,0.7533645649757463,1098.5152206123125,161.68625894052522,1192.9170514229586,352.41601264391625,18005.237939663715,bob,0.914934577800361,chen,0.831948222816081,0.08298635498427998,bob,bob,bob,2,1,1,0,0,15.350817742523201,12.90077049269704,5.8337974047983305,34.08538564001857
Daylight_Far_20260114_211100_T11,1736909008.64,216,Daylight,Far,4,4,1280,720,23.1472841715718,0,0,diana,1,1,0.5834662850622586,109.10638201100647,253.32733815798957,194.68418869617636,391.8566643795487,11855.035899615423,diana,0.9238516866180262,alice,0.7463090189088193,0.1775426677092069,diana,diana,diana,1,1,1,0,0,21.831883027497614,16.837778045603105,14.958164207223447,53.62782528032417
Daylight_Far_20260114_211100_T11,1736909008.64,216,Daylight,Far,4,4,1280,720,23.1472841715718,0,1,chen,2,1,0.7985961020752503,410.88213562434356,148.83377808380612,521.8247079221674,361.17014558669035,23557.142803146016,chen,0.8975127863985889,diana,0.726355909182144,0.1711568772164449,chen,chen,chen,1,1,1,0,0,21.831883027497614,16.837778045603105,14.958164207223447,53.62782528032417
Daylight_Far_20260114_211100_T11,1736909008.64,216,Daylight,Far,4,4,1280,720,23.1472841715718,0,2,alice,3,1,0.8924160217939965,737.677509851659,251.39132692625367,822.6258713837391,390.3078643439525,11800.732243343407,alice,0.8211284483624285,bob,0.7294047549912184,0.09172369337121011,alice,alice,alice,3,1,1,0,0,21.831883027497614,16.837778045603105,14.958164207223447,53.62782528032417
Daylight_Far_20260114_211100_T11,1736909008.64,216,Daylight,Far,4,4,1280,720,23.1472841715718,0,3,bob,-1,0,-1.0,-1.0,-1.0,-1.0,-1.0,0.0,unknown,-1.0,unknown,-1.0,-1.0,unknown,unknown,unknown,0,0,0,0,1,21.831883027497614,16.837778045603105,14.958164207223447,53.62782528032417
Daylight_Far_20260114_211100_T11,1736909008.68,217,Daylight,Far,4,4,1280,720,25.74141552133898,0,0,diana,-1,0,-1.0,-1.0,-1.0,-1.0,-1.0,0.0,unknown,-1.0,unknown,-1.0,-1.0,unknown,unknown,unknown,0,0,0,0,1,10.564885533767926,5.570311279929122,4.928267926149394,21.06346473984644
Daylight_Far_20260114_211100_T11,1736909008.68,217,Daylight,Far,4,4,1280,720,25.74141552133898,0,1,chen,2,1,0.7785236381358214,412.3350505914059,208.2457958309821,505.5675639430423,420.47070152715304,19786.26135386803,chen,0.8376256750622367,diana,0.6967763208716177,0.14084935419061906,chen,chen,chen,3,1,1,0,0,10.564885533767926,5.570311279929122,4.928267926149394,21.06346473984644
Daylight_Far_20260114_211100_T11,1736909008.68,217,Daylight,Far,4,4,1280,720,25.74141552133898,0,2,alice,3,1,0.8797773246149095,738.2695621707658,212.02721853362,858.2259584669096,404.4632262239457,23083.930000148484,alice,0.8067883631178225,bob,0.637772257606688,0.16901610551113455,alice,alice,alice,1,1,1,0,0,10.564885533767926,5.570311279929122,4.928267926149394,21.06346473984644
Daylight_Far_20260114_211100_T11,1736909008.68,217,Daylight,Far,4,4,1280,720,25.74141552133898,0,3,bob,4,1,0.8080495371719589,1050.0288027877957,238.4894260673061,1150.9366283681313,439.02626167411586,20235.736029844393,alice,0.8222750227776244,bob,0.7346697846145619,0.08760523816306254,alice,alice,alice,1,0,0,1,0,10.564885533767926,5.570311279929122,4.928267926149394,21.06346473984644
Daylight_Far_20260114_211100_T11,1736909008.72,218,Daylight,Far,4,4,1280,720,24.508680856500042,1,0,diana,1,1,0.7353271327106674,102.34045594230872,228.2520673764974,229.77094032042953,438.8523005194512,26836.889719551775,diana,0.9264179990070981,alice,0.7626243100597516,0.16379368894734647,diana,diana,diana,1,1,1,0,0,12.434455871700678,6.459730188331358,11.894259401554672,30.788445461586708
Daylight_Far_20260114_211100_T11,1736909008.72,218,Daylight,Far,4,4,1280,720,24.508680856500042,1,1,chen,2,1,0.7032673010927808,410.1728901181939,251.2658774935459,514.0857533338727,457.2823753707279,21407.7641640848,chen,0.833023738820722,diana,0.6811357370475113,0.1518880017732107,chen,chen,chen,2,1,1,0,0,12.434455871700678,6.459730188331358,11.894259401554672,30.788445461586708
Daylight_Far_20260114_211100_T11,1736909008.72,218,Daylight,Far,4,4,1280,720,24.508680856500042,1,2,alice,3,1,0.7715050957393288,761.7824830546186,309.4800786161971,854.735350391854,479.8467493380295,15836.07054229295,alice,0.9256626950931579,diana,0.791199288466927,0.1344634066262309,alice,alice,alice,2,1,1,0,0,12.434455871700678,6.459730188331358,11.894259401554672,30.788445461586708
Daylight_Far_20260114_211100_T11,1736909008.72,218,Daylight,Far,4,4,1280,720,24.508680856500042,1,3,bob,4,1,0.7513563284522942,1026.3087871410196,294.3603800407368,1146.5621289572666,427.17021173113085,15970.826086823192,bob,0.7947774028131706,alice,0.6216399244906632,0.17313747832250737,bob,bob,bob,3,1,1,0,0,12.434455871700678,6.459730188331358,11.894259401554672,30.788445461586708
Daylight_Far_20260114_211100_T11,1736909008.76,219,Daylight,Far,4,4,1280,720,27.4496700929972,2,0,diana,1,1,0.8840433038165344,116.51544502165625,238.01783678300148,218.09365952360469,369.70889242870794,13376.942298367598,diana,0.9050231044452813,alice,0.7440386585198705,0.16098444592541084,diana,diana,diana,2,1,1,0,0,22.574926539134328,17.47350993677583,5.671304772392695,45.71974124830285
Daylight_Far_20260114_211100_T11,1736909008.76,219,Daylight,Far,4,4,1280,720,27.4496700929972,2,1,chen,2,1,0.9384182592177156,436.7940141849487,241.8278624702035,528.4786094286984,435.5632689070991,17762.55232355011,chen,0.9111585330282694,bob,0.7337990663843009,0.1773594666439685,chen,chen,chen,2,1,1,0,0,22.574926539134328,17.47350993677583,5.671304772392695,45.71974124830285
Daylight_Far_20260114_211100_T11,1736909008.76,219,Daylight,Far,4,4,1280,720,27.4496700929972,2,2,alice,3,1,0.8826292954354444,773.2047158943096,246.12932943936664,882.5138000919303,438.021406642436,20975.547223846632,alice,0.9743081762442789,diana,0.876422023919795,0.09788615232448394,alice,alice,alice,3,1,1,0,0,22.574926539134328,17.47350993677583,5.671304772392695,45.71974124830285
Daylight_Far_20260114_211100_T11,1736909008.76,219,Daylight,Far,4,4,1280,720,27.4496700929972,2,3,bob,4,1,0.6933722583203465,1067.370052076416,307.4775530710952,1176.713371533042,474.8321379182418,18299.105833472568,bob,0.9276775714820288,chen,0.8321860853594821,0.09549148612254665,bob,bob,bob,1,1,1,0,0,22.574926539134328,17.47350993677583,5.671304772392695,45.71974124830285
Daylight_Far_20260114_211100_T11,1736909008.8,220,Daylight,Far,4,4,1280,720,23.10871252351724,1,0,diana,1,1,0.7815323081665131,74.7223682458321,162.1596028407896,166.99314191226762,349.9183178036367,17324.641892237643,diana,0.7578027432712227,alice,0.6772262159259101,0.08057652734531251,diana,diana,diana,2,1,1,0,0,16.763117392627315,13.039503370533023,14.967856094730838,44.770476857891175
Daylight_Far_20260114_211100_T11,1736909008.8,220,Daylight,Far,4,4,1280,720,23.10871252351724,1,1,chen,2,1,0.7329373612401703,439.1174375858311,259.9759394831218,548.9919348997532,452.6140871239992,21166.019635526514,chen,0.8675216727231055,alice,0.7694413883174467,0.09808028440565886,chen,chen,chen,2,1,1,0,0,16.763117392627315,13.039503370533023,14.967856094730838,44.770476857891175
Daylight_Far_20260114_211100_T11,1736909008.8,220,Daylight,Far,4,4,1280,720,23.10871252351724,1,2,alice,3,1,0.7045411024279871,741.4170475257249,303.6435489109462,821.9513835601483,475.7219419828219,13858.219131914031,alice,0.8360236226644168,chen,0.6695109282286655,0.16651269443575123,alice,alice,alice,2,1,1,0,0,16.763117392627315,13.039503370533023,14.967856094730838,44.770476857891175
Daylight_Far_20260114_211100_T11,1736909008.8,220,Daylight,Far,4,4,1280,720,23.10871252351724,1,3,bob,4,1,0.626036730091496,1076.6305121295663,240.7655177125577,1194.1389131274095,417.03503465941907,20713.1490810879,chen,0.6111476323540014,alice,0.5755898145390413,0.035557817814960035,unknown,unknown,unknown,0,0,0,0,0,16.763117392627315,13.039503370533023,14.967856094730838,44.770476857891175
Daylight_Far_20260114_211100_T11,1736909008.84,221,Daylight,Far,4,4,1280,720,24.495005691833452,1,0,diana,1,1,0.8090103435306235,64.66725144621903,222.67280361133606,180.78020083995534,419.8010548024817,22889.142654633233,diana,0.7129468084371632,alice,0.6357283233673588,0.07721848506980433,unknown,unknown,unknown,0,0,0,0,0,14.866971024455239,11.146739618499392,2.905550004396108,28.91926064735074
Daylight_Far_20260114_211100_T11,1736909008.84,221,Daylight,Far,4,4,1280,720,24.495005691833452,1,1,chen,2,1,0.7985251926344925,422.5080660576677,270.7444787996489,535.7617511481797,443.13569536171354,19523.94055289032,chen,0.8744595436793889,alice,0.8091040344400748,0.0653555092393141,chen,chen,chen,2,1,1,0,0,14.866971024455239,11.146739618499392,2.905550004396108,28.91926064735074
Daylight_Far_20260114_211100_T11,1736909008.84,221,Daylight,Far,4,4,1280,720,24.495005691833452,1,2,alice,3,1,0.7671837335133728,773.1484157797155,224.2233057992243,860.3898839449429,429.67495313483386,17923.903350523105,alice,0.9160134356721833,bob,0.8218185751728129,0.09419486049937043,alice,alice,alice,2,1,1,0,0,14.866971024455239,11.146739618499392,2.905550004396108,28.91926064735074
Daylight_Far_20260114_211100_T11,1736909008.84,221,Daylight,Far,4,4,1280,720,24.495005691833452,1,3,bob,4,1,0.7196342569437656,1063.4460655046435,286.9749394105517,1168.9490959686407,463.296822274356,18602.49297924929,bob,0.8154594203312902,chen,0.7193853128524225,0.09607410747886769,bob,bob,bob,2,1,1,0,0,14.866971024455239,11.146739618499392,2.905550004396108,28.91926064735074
Daylight_Far_20260114_211100_T11,1736909008.88,222,Daylight,Far,4,4,1280,720,23.947345532169656,1,0,diana,1,1,0.8261482313295008,105.35853008906074,303.15729213562844,208.28630311177122,461.1038684429413,16257.089355873319,chen,0.6526458617530411,diana,0.6246022766654944,0.028043585087546674,chen,chen,chen,2,0,0,1,0,11.931810741731818,6.929130170389136,5.55701124051774,24.417952152638694
Daylight_Far_20260114_211100_T11,1736909008.88,222,Daylight,Far,4,4,1280,720,23.947345532169656,1,1,chen,2,1,0.8730446806053526,423.0650512734732,262.4477842657386,548.3612793699431,393.554852850608,16427.221170469307,chen,0.8651861351700537,bob,0.7343241126149136,0.13086202255514012,chen,chen,chen,3,1,1,0,0,11.931810741731818,6.929130170389136,5.55701124051774,24.417952152638694
Daylight_Far_20260114_211100_T11,1736909008.88,222,Daylight,Far,4,4,1280,720,23.947345532169656,1,2,alice,3,1,0.8473751421340117,751.1146662573203,273.3685553580003,848.6789916550404,409.7568002044907,13306.627100626898,alice,0.8112333381080628,bob,0.6706579202056334,0.14057541790242933,alice,alice,alice,1,1,1,0,0,11.931810741731818,6.929130170389136,5.55701124051774,24.417952152638694
Daylight_Far_20260114_211100_T11,1736909008.88,222,Daylight,Far,4,4,1280,720,23.947345532169656,1,3,bob,4,1,0.8492374441035155,1090.5059501471687,228.9831060722031,1193.1797358456502,387.8994752522382,16316.545233171679,bob,0.8601992203324406,diana,0.769958625810137,0.0902405945223036,bob,bob,bob,1,1,1,0,0,11.931810741731818,6.929130170389136,5.55701124051774,24.417952152638694
Daylight_Far_20260114_211100_T11,1736909008.92,223,Daylight,Far,4,4,1280,720,25.42817702399433,1,0,diana,1,1,0.7333679750028079,129.2773975598734,275.0309588911123,244.50833998973098,417.7079445936206,16440.80352555135,diana,0.9171500754731934,chen,0.8354282987716933,0.08172177670150005,diana,diana,diana,3,1,1,0,0,10.76483731609498,10.396710944293657,5.478574320688173,26.64012258107681
Daylight_Far_20260114_211100_T11,1736909008.92,223,Daylight,Far,4,4,1280,720,25.42817702399433,1,1,chen,2,1,0.762263435712401,402.5251990611851,254.05487819891795,509.0109220129927,430.58893321910983,18798.35647443931,chen,0.8252202560741905,alice,0.6700178988821992,0.15520235719199127,chen,chen,chen,2,1,1,0,0,10.76483731609498,10.396710944293657,5.478574320688173,26.64012258107681
Daylight_Far_20260114_211100_T11,1736909008.92,223,Daylight,Far,4,4,1280,720,25.42817702399433,1,2,alice,3,1,0.8591503386011445,741.2693678766352,266.71170290696006,868.4197126368795,406.220616380213,17738.6064452512,alice,0.9323126372259509,chen,0.7766989252488228,0.15561371197712814,alice,alice,alice,3,1,1,0,0,10.76483731609498,10.396710944293657,5.478574320688173,26.64012258107681
Daylight_Far_20260114_211100_T11,1736909008.92,223,Daylight,Far,4,4,1280,720,25.42817702399433,1,3,bob,4,1,0.8279390180803665,1055.3416246561017,189.6417016858412,1170.6333277815463,327.93681275900144,15944.278889547182,bob,0.8673857337195593,chen,0.7481378574224848,0.11924787629707445,bob,bob,bob,2,1,1,0,0,10.76483731609498,10.396710944293657,5.478574320688173,26.64012258107681
Daylight_Far_20260114_211100_T11,1736909008.96,224,Daylight,Far,4,4,1280,720,24.032984390853255,2,0,diana,1,1,0.7848468189114834,127.72184479706233,249.1062100102843,214.5644300771297,387.79664742485886,12044.23613870504,diana,0.8254768527025718,chen,0.6851379511529604,0.14033890154961137,diana,diana,diana,2,1,1,0,0,8.676112107565706,6.21455786051942,6.306335717641984,21.19700568572711
Daylight_Far_20260114_211100_T11,1736909008.96,224,Daylight,Far,4,4,1280,720,24.032984390853255,2,1,chen,2,1,0.7791869690803157,450.91248621115903,268.93980807102196,537.5095490238728,459.5162597378479,16503.360955616226,alice,0.7573477539858536,chen,0.6983897290173061,0.05895802496854752,alice,alice,alice,1,0,0,1,0,8.676112107565706,6.21455786051942,6.306335717641984,21.19700568572711
Daylight_Far_20260114_211100_T11,1736909008.96,224,Daylight,Far,4,4,1280,720,24.032984390853255,2,2,alice,-1,0,-1.0,-1.0,-1.0,-1.0,-1.0,0.0,unknown,-1.0,unknown,-1.0,-1.0,unknown,unknown,unknown,0,0,0,0,1,8.676112107565706,6.21455786051942,6.306335717641984,21.19700568572711
Daylight_Far_20260114_211100_T11,1736909008.96,224,Daylight,Far,4,4,1280,720,24.032984390853255,2,3,bob,4,1,0.5599028645882993,1075.37413003961,259.5687217999671,1196.0227879770346,412.10071341410935,18402.780080768764,bob,0.8177260899283869,chen,0.6738154697741968,0.1439106201541901,bob,bob,bob,2,1,1,0,0,8.676112107565706,6.21455786051942,6.306335717641984,21.19700568572711
Daylight_Far_20260114_211100_T11,1736909009.0,225,Daylight,Far,4,4,1280,720,25.25472558426121,1,0,diana,1,1,0.8717656975969541,106.46892638231925,317.0422716327186,203.60474618260298,452.7089046217623,13178.089614934977,diana,0.9100302383987292,bob,0.844450270754673,0.06557996764405616,diana,diana,diana,2,1,1,0,0,19.194498894780274,14.037261866862604,3.306266958924976,36.538027720567854
Daylight_Far_20260114_211100_T11,1736909009.0,225,Daylight,Far,4,4,1280,720,25.25472558426121,1,1,chen,2,1,0.725891459865035,417.529039897896,187.0503062312349,501.90868076456974,336.52883496148,12612.944571536857,chen,0.8265457193989815,alice,0.6565162329308097,0.17002948646817173,chen,chen,chen,1,1,1,0,0,19.194498894780274,14.037261866862604,3.306266958924976,36.538027720567854
Daylight_Far_20260114_211100_T11,1736909009.0,225,Daylight,Far,4,4,1280,720,25.25472558426121,1,2,alice,3,1,0.8096633307701213,746.1209329135369,191.51307906283313,847.1626523837102,350.8007801419812,16094.703207488106,alice,0.7351966882309806,bob,0.6668298691506467,0.06836681908033393,alice,alice,alice,2,1,1,0,0,19.194498894780274,14.037261866862604,3.306266958924976,36.538027720567854
Daylight_Far_20260114_211100_T11,1736909009.0,225,Daylight,Far,4,4,1280,720,25.25472558426121,1,3,bob,4,1,0.7809163305828628,1096.4774282738633,250.12652954076987,1200.9636894942776,450.94201349947036,20982.459114012683,bob,0.8586081673413345,alice,0.7051307710008722,0.1534773963404623,bob,bob,bob,3,1,1,0,0,19.194498894780274,14.037261866862604,3.306266958924976,36.538027720567854
Daylight_Far_20260114_211100_T11,1736909009.04,226,Daylight,Far,4,4,1280,720,24.780260968298325,1,0,diana,1,1,0.7925928588591482,113.88899336990454,242.76188660648185,202.8551782120535,386.0799281802949,12750.459377870642,diana,0.7223944212827549,chen,0.5605210223048693,0.16187339897788555,diana,diana,diana,2,1,1,0,0,20.238495881684496,9.781431711952933,17.430640849965254,47.450568443602684
Daylight_Far_20260114_211100_T11,1736909009.04,226,Daylight,Far,4,4,1280,720,24.780260968298325,1,1,chen,2,1,0.8557837898934446,435.759693458599,193.23651018122848,531.4313764520903,396.61820917201135,19457.869432523847,chen,0.8907055997507038,bob,0.7786206050364995,0.1120849947142043,chen,chen,chen,1,1,1,0,0,20.238495881684496,9.781431711952933,17.430640849965254,47.450568443602684
Daylight_Far_20260114_211100_T11,1736909009.04,226,Daylight,Far,4,4,1280,720,24.780260968298325,1,2,alice,3,1,0.7736845412413824,737.5826626596062,271.4058994732656,861.6318287788182,461.70992335143643,23607.055471217707,alice,0.7872587822297531,diana,0.6860850500605549,0.10117373216919823,alice,alice,alice,2,1,1,0,0,20.238495881684496,9.781431711952933,17.430640849965254,47.450568443602684
Daylight_Far_20260114_211100_T11,1736909009.04,226,Daylight,Far,4,4,1280,720,24.780260968298325,1,3,bob,4,1,0.8045507692527171,1080.664569408321,294.5983206920082,1178.6660730704873,467.9348526047711,16987.240767035823,chen,0.6996530899124681,bob,0.6601065166948545,0.03954657321761357,unknown,unknown,unknown,0,0,0,0,0,20.238495881684496,9.781431711952933,17.430640849965254,47.450568443602684
Daylight_Far_20260114_211100_T11,1736909009.08,227,Daylight,Far,4,4,1280,720,23.85961376305257,2,0,diana,1,1,0.8276769978966938,126.04347942608878,243.11480355547354,235.75836167609629,400.252191954172,17240.3100652369,diana,0.9281690127920633,chen,0.8406514589459504,0.08751755384611293,diana,diana,diana,3,1,1,0,0,10.084852704346844,6.8175077998572995,5.399153276405862,22.301513780610005
Daylight_Far_20260114_211100_T11,1736909009.08,227,Daylight,Far,4,4,1280,720,23.85961376305257,2,1,chen,2,1,0.7567487225381849,440.57443858087265,264.64672857363234,543.4685887386767,430.3005539430534,17044.80958177585,chen,0.8815969054087832,diana,0.7523345523679964,0.12926235304078681,chen,chen,chen,2,1,1,0,0,10.084852704346844,6.8175077998572995,5.399153276405862,22.301513780610005
Daylight_Far_20260114_211100_T11,1736909009.08,227,Daylight,Far,4,4,1280,720,23.85961376305257,2,2,alice,3,1,0.845464072502391,756.79817504765,219.47308494117476,837.3867327548418,392.12859570387945,13914.058592564892,alice,0.9188908767048439,diana,0.8284451861840371,0.09044569052080687,alice,alice,alice,2,1,1,0,0,10.084852704346844,6.8175077998572995,5.399153276405862,22.301513780610005
Daylight_Far_20260114_211100_T11,1736909009.08,227,Daylight,Far,4,4,1280,720,23.85961376305257,2,3,bob,4,1,0.7853153994485647,1066.795162230731,166.86541285411585,1179.2405968365501,335.2145549040254,18930.09244331887,bob,0.8368783364918126,chen,0.6794730051994469,0.15740533129236578,bob,bob,bob,2,1,1,0,0,10.084852704346844,6.8175077998572995,5.399153276405862,22.301513780610005
Daylight_Far_20260114_211100_T11,1736909009.12,228,Daylight,Far,4,4,1280,720,25.027625156905117,0,0,diana,1,1,0.6326531841038198,89.698349528402,296.76422641259273,196.09871219837532,455.27845088115,16865.97097180405,diana,0.8813300014251949,alice,0.7571282881422908,0.12420171328290408,diana,diana,diana,2,1,1,0,0,12.871470289087515,5.123544388395053,6.224961504590479,24.219976182073047
Daylight_Far_20260114_211100_T11,1736909009.12,228,Daylight,Far,4,4,1280,720,25.027625156905117,0,1,chen,2,1,0.7713306891141608,420.89082497527113,255.7813515928903,538.5160274406202,448.022062026206,22612.3524868013,chen,0.7513756020518244,bob,0.6686055318427694,0.08277007020905502,chen,chen,chen,2,1,1,0,0,12.871470289087515,5.123544388395053,6.224961504590479,24.219976182073047
Daylight_Far_20260114_211100_T11,1736909009.12,228,Daylight,Far,4,4,1280,720,25.027625156905117,0,2,alice,-1,0,-1.0,-1.0,-1.0,-1.0,-1.0,0.0,unknown,-1.0,unknown,-1.0,-1.0,unknown,unknown,unknown,0,0,0,0,1,12.871470289087515,5.123544388395053,6.224961504590479,24.219976182073047
Daylight_Far_20260114_211100_T11,1736909009.12,228,Daylight,Far,4,4,1280,720,25.027625156905117,0,3,bob,4,1,0.6916233798243052,1060.8320717006852,269.0956206049492,1151.9069548475566,428.87896594218,14552.249505404485,bob,0.9294255040266584,chen,0.8049132780136758,0.12451222601298251,bob,bob,bob,3,1,1,0,0,12.871470289087515,5.123544388395053,6.224961504590479,24.219976182073047
Daylight_Far_20260114_211100_T11,1736909009.16,229,Daylight,Far,4,4,1280,720,29.903152367965088,0,0,diana,-1,0,-1.0,-1.0,-1.0,-1.0,-1.0,0.0,unknown,-1.0,unknown,-1.0,-1.0,unknown,unknown,unknown,0,0,0,0,1,20.99153816707401,15.460693323903682,11.733437626927108,48.1856691179048
Daylight_Far_20260114_211100_T11,1736909009.16,229,Daylight,Far,4,4,1280,720,29.903152367965088,0,1,chen,2,1,0.8355259456253221,407.54410139178094,302.4579053168557,507.626891686019,515.6679857607437,21338.65976968327,chen,0.99,diana,0.9229497953709981,0.06705020462900191,chen,chen,chen,1,1,1,0,0,20.99153816707401,15.460693323903682,11.733437626927108,48.1856691179048
Daylight_Far_20260114_211100_T11,1736909009.16,229,Daylight,Far,4,4,1280,720,29.903152367965088,0,2,alice,3,1,0.6995270054708008,709.3474554415909,223.4393965370204,802.3964941975537,409.86417202133197,17346.64615911137,alice,0.8894327079450206,bob,0.7761340768691156,0.11329863107590499,alice,alice,alice,1,1,1,0,0,20.99153816707401,15.460693323903682,11.733437626927108,48.1856691179048
Daylight_Far_20260114_211100_T11,1736909009.16,229,Daylight,Far,4,4,1280,720,29.903152367965088,0,3,bob,4,1,0.6710467153900407,1051.5714037890825,149.6024423098076,1161.0968615461165,359.93442405220577,23036.706581280283,bob,0.8435416096485067,chen,0.6664495706529188,0.1770920389955879,bob,bob,bob,2,1,1,0,0,20.99153816707401,15.460693323903682,11.733437626927108,48.1856691179048
Daylight_Far_20260114_211100_T11,1736909009.2,230,Daylight,Far,4,4,1280,720,24.627200005202432,0,0,diana,1,1,0.7063595256997044,118.69390295131176,269.2456450590455,226.87241300990075,457.1912942774618,20331.680304442485,chen,0.7095768538742832,diana,0.6451393193830152,0.06443753449126799,chen,chen,chen,1,0,0,1,0,23.025596690744987,9.820218523820737,10.130165208262826,42.97598042282855
Daylight_Far_20260114_211100_T11,1736909009.2,230,Daylight,Far,4,4,1280,720,24.627200005202432,0,1,chen,2,1,0.7785925829149636,415.9401081689041,241.7312389353117,502.23656871891353,446.7341465426465,17691.0253289736,chen,0.8062919572265126,bob,0.6813151953156334,0.12497676191087914,chen,chen,chen,2,1,1,0,0,23.025596690744987,9.820218523820737,10.130165208262826,42.97598042282855
Daylight_Far_20260114_211100_T11,1736909009.2,230,Daylight,Far,4,4,1280,720,24.627200005202432,0,2,alice,3,1,0.6648502887330889,754.0994606455284,240.07552003171253,865.7384036582258,405.9813358284377,18521.54991520567,alice,0.8423711571717973,chen,0.7656035347201748,0.0767676224516225,alice,alice,alice,2,1,1,0,0,23.025596690744987,9.820218523820737,10.130165208262826,42.97598042282855
Daylight_Far_20260114_211100_T11,1736909009.2,230,Daylight,Far,4,4,1280,720,24.627200005202432,0,3,bob,4,1,0.745788769851539,1073.8244428629685,308.1361281378684,1200.0269005912999,522.8858999876513,27101.949004041042,alice,0.5214543515404035,chen,0.5046932071087451,0.016761144431658437,unknown,unknown,unknown,0,0,0,0,0,23.025596690744987,9.820218523820737,10.130165208262826,42.97598042282855
Daylight_Far_20260114_211100_T11,1736909009.24,231,Daylight,Far,4,4,1280,720,24.12375994672278,0,0,diana,1,1,0.6679876236120259,103.34017996657217,260.11191457015207,190.33415682484645,393.0996282909647,11569.130089863178,diana,0.934139102415267,alice,0.8506616154870151,0.08347748692825185,diana,diana,diana,2,1,1,0,0,23.846623664316756,9.886181527168368,15.432414465877802,49.165219657362925
Daylight_Far_20260114_211100_T11,1736909009.24,231,Daylight,Far,4,4,1280,720,24.12375994672278,0,1,chen,2,1,0.7823208625736062,424.33718207465114,313.07421552414837,517.0937308866797,466.0501569713689,14189.520379915139,chen,0.9749204619709017,alice,0.9049785387258038,0.06994192324509785,chen,chen,chen,2,1,1,0,0,23.846623664316756,9.886181527168368,15.432414465877802,49.165219657362925
Daylight_Far_20260114_211100_T11,1736909009.24,231,Daylight,Far,4,4,1280,720,24.12375994672278,0,2,alice,3,1,0.7988845200640615,733.1767175609268,316.00417980753605,860.3034946526916,486.880004138083,21722.892830040997,alice,0.9224934200509767,chen,0.8408591106005305,0.08163430945044614,alice,alice,alice,3,1,1,0,0,23.846623664316756,9.886181527168368,15.432414465877802,49.165219657362925
Daylight_Far_20260114_211100_T11,1736909009.24,231,Daylight,Far,4,4,1280,720,24.12375994672278,0,3,bob,-1,0,-1.0,-1.0,-1.0,-1.0,-1.0,0.0,unknown,-1.0,unknown,-1.0,-1.0,unknown,unknown,unknown,0,0,0,0,1,23.846623664316756,9.886181527168368,15.432414465877802,49.165219657362925
Daylight_Far_20260114_211100_T11,1736909009.28,232,Daylight,Far,4,4,1280,720,23.349098840388752,1,0,diana,1,1,0.8138571764343431,86.69116857157084,200.9567321650279,190.07452168830648,414.69561008981896,22097.041891273526,diana,0.7497207721171217,chen,0.5710438854029427,0.17867688671417903,diana,diana,diana,3,1,1,0,0,12.134133506945497,5.489839728953942,7.142899421597284,24.766872657496723
Daylight_Far_20260114_211100_T11,1736909009.28,232,Daylight,Far,4,4,1280,720,23.349098840388752,1,1,chen,2,1,0.9466344895112222,421.79616298707265,205.43322776385583,530.7945347948679,393.03361931015604,20448.1372290516,chen,0.8439127108188922,diana,0.686358973859011,0.15755373695988117,chen,chen,chen,3,1,1,0,0,12.134133506945497,5.489839728953942,7.142899421597284,24.766872657496723
Daylight_Far_20260114_211100_T11,1736909009.28,232,Daylight,Far,4,4,1280,720,23.349098840388752,1,2,alice,3,1,0.722985261283393,751.834037887864,199.95018668612425,877.1256671511883,415.90660108503783,27057.531009905495,alice,0.6703565324919429,chen,0.6372927993779656,0.03306373311397737,unknown,unknown,unknown,0,0,0,0,0,12.134133506945497,5.489839728953942,7.142899421597284,24.766872657496723
Daylight_Far_20260114_211100_T11,1736909009.28,232,Daylight,Far,4,4,1280,720,23.349098840388752,1,3,bob,4,1,0.7389353928245692,1060.5446608257303,264.8175552991553,1161.9567501205884,417.27986346412706,15461.521209726292,bob,0.7903063885355912,alice,0.7628972494740924,0.027409139061498777,unknown,unknown,unknown,0,0,0,0,0,12.134133506945497,5.489839728953942,7.142899421597284,24.766872657496723
Daylight_Far_20260114_211100_T11,1736909009.32,233,Daylight,Far,4,4,1280,720,22.735352394138708,0,0,diana,1,1,0.7818937714355956,128.10261187380445,232.55835000445333,225.05573681638612,418.7303847202646,18049.960542616704,diana,0.8514285264011734,chen,0.7429336737222814,0.10849485267889203,diana,diana,diana,3,1,1,0,0,20.421718586709382,15.697074683496973,14.929944491159565,51.04873776136592
Daylight_Far_20260114_211100_T11,1736909009.32,233,Daylight,Far,4,4,1280,720,22.735352394138708,0,1,chen,2,1,0.6520983471748262,421.37150195096126,267.13257535776756,548.5033556330944,412.65158156861514,18500.101005566903,chen,0.9005067692223501,diana,0.7390700878135942,0.1614366814087559,chen,chen,chen,2,1,1,0,0,20.421718586709382,15.697074683496973,14.929944491159565,51.04873776136592
Daylight_Far_20260114_211100_T11,1736909009.32,233,Daylight,Far,4,4,1280,720,22.735352394138708,0,2,alice,3,1,0.7755849009298426,743.1080803438821,221.48340115634642,860.0815287854647,393.3587888186577,20104.856797094388,alice,0.7991468519005439,bob,0.7024682535354798,0.0966785983650641,alice,alice,alice,2,1,1,0,0,20.421718586709382,15.697074683496973,14.929944491159565,51.04873776136592
Daylight_Far_20260114_211100_T11,1736909009.32,233,Daylight,Far,4,4,1280,720,22.735352394138708,0,3,bob,4,1,0.8207706051036491,1059.759911126455,251.04992014493334,1186.7554699518876,384.2255177765484,16912.70944313789,bob,0.8422361118448004,diana,0.7762880143071762,0.0659480975376242,bob,bob,bob,1,1,1,0,0,20.421718586709382,15.697074683496973,14.929944491159565,51.04873776136592
Daylight_Far_20260114_211100_T11,1736909009.36,234,Daylight,Far,4,4,1280,720,27.339752633938964,0,0,diana,1,1,0.8322406969785628,103.28566268836632,309.2417288044285,207.3071703945596,447.98400108243857,14432.180344941793,diana,0.8649592404984873,chen,0.7925137126218149,0.07244552787667236,diana,diana,diana,1,1,1,0,0,19.43339341527285,9.54282125774889,11.8482689760875,40.82448364910924
Daylight_Far_20260114_211100_T11,1736909009.36,234,Daylight,Far,4,4,1280,720,27.339752633938964,0,1,chen,2,1,0.758954924557705,462.37202440119546,313.87086643375244,566.0629174553762,487.3142113297298,17984.49532656818,chen,0.860666994925616,alice,0.7338356344039464,0.12683136052166966,chen,chen,chen,1,1,1,0,0,19.43339341527285,9.54282125774889,11.8482689760875,40.82448364910924
Daylight_Far_20260114_211100_T11,1736909009.36,234,Daylight,Far,4,4,1280,720,27.339752633938964,0,2,alice,3,1,0.7245441071692906,744.4324373737487,187.00978934320742,850.8272593469684,324.6011502296975,14639.008346571134,alice,0.9532978891131728,bob,0.7952891684513459,0.15800872066182692,alice,alice,alice,2,1,1,0,0,19.43339341527285,9.54282125774889,11.8482689760875,40.82448364910924
Daylight_Far_20260114_211100_T11,1736909009.36,234,Daylight,Far,4,4,1280,720,27.339752633938964,0,3,bob,4,1,0.8685433582440878,1090.348812400207,276.741259967212,1200.2695722742105,445.1404176490042,18510.563374524743,chen,0.8063626339623845,bob,0.7229125093856371,0.08345012457674739,chen,chen,chen,2,0,0,1,0,19.43339341527285,9.54282125774889,11.8482689760875,40.82448364910924
Daylight_Far_20260114_211100_T11,1736909009.4,235,Daylight,Far,4,4,1280,720,25.359976305992912,0,0,diana,1,1,0.8807882573316265,96.65495719732978,241.80527601534652,214.26422581279263,437.1153803617385,22970.278525388894,diana,0.8616401561296254,alice,0.7325429260622879,0.12909723006733753,diana,diana,diana,3,1,1,0,0,14.81607017678309,8.036716038976314,11.82842266681031,34.68120888256971
Daylight_Far_20260114_211100_T11,1736909009.4,235,Daylight,Far,4,4,1280,720,25.359976305992912,0,1,chen,2,1,0.7671620875925065,425.52368207010477,213.2378053670754,543.0610404767339,379.6991621041796,19565.428147662762,chen,0.8498367812270968,diana,0.771132156555827,0.07870462467126982,chen,chen,chen,2,1,1,0,0,14.81607017678309,8.036716038976314,11.82842266681031,34.68120888256971
Daylight_Far_20260114_211100_T11,1736909009.4,235,Daylight,Far,4,4,1280,720,25.359976305992912,0,2,alice,3,1,0.739854123289243,734.8224044827562,219.21192385856403,816.2370199764803,367.26385526253404,12053.591068357437,alice,0.9334805725420161,diana,0.8211289709714581,0.11235160157055801,alice,alice,alice,1,1,1,0,0,14.81607017678309,8.036716038976314,11.82842266681031,34.68120888256971
Daylight_Far_20260114_211100_T11,1736909009.4,235,Daylight,Far,4,4,1280,720,25.359976305992912,0,3,bob,-1,0,-1.0,-1.0,-1.0,-1.0,-1.0,0.0,unknown,-1.0,unknown,-1.0,-1.0,unknown,unknown,unknown,0,0,0,0,1,14.81607017678309,8.036716038976314,11.82842266681031,34.68120888256971
Daylight_Far_20260114_211100_T11,1736909009.44,236,Daylight,Far,4,4,1280,720,24.914035539490847,1,0,diana,1,1,0.6057490422473173,128.77625113825943,256.59612091209647,226.33609149418604,422.157107883207,16152.10345807119,diana,0.8580457882788799,chen,0.6834266180455804,0.17461917023329954,diana,diana,diana,2,1,1,0,0,13.266249873256335,11.865706306752564,5.953575921101464,31.085532101110363
Daylight_Far_20260114_211100_T11,1736909009.44,236,Daylight,Far,4,4,1280,720,24.914035539490847,1,1,chen,2,1,0.7167423165206318,442.67196301809315,206.48554384970404,535.1423200309619,342.8043831799315,12605.45174044602,diana,0.6658015107218905,bob,0.6535404379252446,0.0122610727966459,unknown,unknown,unknown,0,0,0,0,0,13.266249873256335,11.865706306752564,5.953575921101464,31.085532101110363
Daylight_Far_20260114_211100_T11,1736909009.44,236,Daylight,Far,4,4,1280,720,24.914035539490847,1,2,alice,3,1,0.8166341610703856,731.8286861518089,222.84177137590672,847.182119229417,411.2938187324109,21738.590633076736,alice,0.8058792123786542,bob,0.7253605327889155,0.08051867958973868,alice,alice,alice,3,1,1,0,0,13.266249873256335,11.865706306752564,5.953575921101464,31.085532101110363
Daylight_Far_20260114_211100_T11,1736909009.44,236,Daylight,Far,4,4,1280,720,24.914035539490847,1,3,bob,4,1,0.8141494451829416,1056.318621996771,248.86735866246875,1152.8014756281168,420.3193307866685,16542.175531264733,bob,0.8699885921355937,chen,0.7003598368068678,0.1696287553287259,bob,bob,bob,3,1,1,0,0,13.266249873256335,11.865706306752564,5.953575921101464,31.085532101110363
Daylight_Far_20260114_211100_T11,1736909009.48,237,Daylight,Far,4,4,1280,720,22.777444251592982,0,0,diana,1,1,0.6519537831949207,143.02248110323896,178.10126284895924,237.23527774489307,340.43014239302477,15293.457717552612,diana,0.8741664648975246,alice,0.7721418125310768,0.10202465236644775,diana,diana,diana,3,1,1,0,0,21.098680857044883,9.396931284997612,11.242787605852422,41.73839974789492
Daylight_Far_20260114_211100_T11,1736909009.48,237,Daylight,Far,4,4,1280,720,22.777444251592982,0,1,chen,2,1,0.9038743264832159,468.2061282698673,258.5938319665006,548.4683772016427,428.6431479114691,13648.540527053194,diana,0.6026408099792078,bob,0.5926275915420417,0.010013218437166072,unknown,unknown,unknown,0,0,0,0,0,21.098680857044883,9.396931284997612,11.242787605852422,41.73839974789492
Daylight_Far_20260114_211100_T11,1736909009.48,237,Daylight,Far,4,4,1280,720,22.777444251592982,0,2,alice,3,1,0.8107352254378454,742.9087955560592,218.96693821148472,841.9892790444733,387.7601436043906,16724.112399888294,alice,0.9161561650009518,bob,0.8406554143920267,0.07550075060892503,alice,alice,alice,2,1,1,0,0,21.098680857044883,9.396931284997612,11.242787605852422,41.73839974789492
Daylight_Far_20260114_211100_T11,1736909009.48,237,Daylight,Far,4,4,1280,720,22.777444251592982,0,3,bob,4,1,0.7407145365065326,1074.707640599183,164.190250781265,1172.0495592289517,362.03775708678006,19258.85585989411,bob,0.8321002364623379,diana,0.7172568355382938,0.1148434009240441,bob,bob,bob,2,1,1,0,0,21.098680857044883,9.396931284997612,11.242787605852422,41.73839974789492
Daylight_Far_20260114_211100_T11,1736909009.52,238,Daylight,Far,4,4,1280,720,24.883471823702354,0,0,diana,1,1,0.6684731315638645,139.9144854462902,254.07138316120609,229.45932163116373,388.43790331768344,12031.828036143272,bob,0.7261480573032469,diana,0.6826985321453176,0.043449525157929325,bob,bob,bob,1,0,0,1,0,14.472819533035683,13.192846746988412,10.972577601220703,38.6382438812448
Daylight_Far_20260114_211100_T11,1736909009.52,238,Daylight,Far,4,4,1280,720,24.883471823702354,0,1,chen,2,1,0.7510635066192556,428.57981898866524,186.2302582809274,518.6574776929614,359.43766964097574,15602.118085545062,chen,0.8857879310983999,diana,0.7074566546995709,0.17833127639882906,chen,chen,chen,1,1,1,0,0,14.472819533035683,13.192846746988412,10.972577601220703,38.6382438812448
Daylight_Far_20260114_211100_T11,1736909009.52,238,Daylight,Far,4,4,1280,720,24.883471823702354,0,2,alice,3,1,0.8374317018431987,734.6997914327316,196.82119675237672,850.6842531742421,374.12917572575736,20564.97050370263,alice,0.885584781505654,chen,0.8086171395563577,0.07696764194929628,alice,alice,alice,2,1,1,0,0,14.472819533035683,13.192846746988412,10.972577601220703,38.6382438812448
Daylight_Far_20260114_211100_T11,1736909009.52,238,Daylight,Far,4,4,1280,720,24.883471823702354,0,3,bob,4,1,0.7389188586092361,1084.9165105772256,235.8546424507556,1172.4483051938303,442.3341282916439,18073.519947166762,bob,0.8953433727274306,diana,0.792723019402007,0.10262035332542363,bob,bob,bob,3,1,1,0,0,14.472819533035683,13.192846746988412,10.972577601220703,38.6382438812448
Daylight_Far_20260114_211100_T11,1736909009.56,239,Daylight,Far,4,4,1280,720,27.978517234059268,1,0,diana,1,1,0.8723433135227067,113.84053191658832,233.36799980966185,223.98926593103903,393.49713032853873,17638.02100548903,diana,0.8074688581256931,alice,0.6787273362519922,0.12874152187370091,diana,diana,diana,2,1,1,0,0,27.70210605375014,18.286208371772627,4.8886542809799,50.876968706502666
Daylight_Far_20260114_211100_T11,1736909009.56,239,Daylight,Far,4,4,1280,720,27.978517234059268,1,1,chen,2,1,0.8704966592734681,444.5208669201623,253.20724538598898,564.1755456708396,410.1039467733147,18773.424401541404,chen,0.9155450942124039,diana,0.8216463029088763,0.09389879130352763,chen,chen,chen,1,1,1,0,0,27.70210605375014,18.286208371772627,4.8886542809799,50.876968706502666
Daylight_Far_20260114_211100_T11,1736909009.56,239,Daylight,Far,4,4,1280,720,27.978517234059268,1,2,alice,3,1,0.7498789536643928,757.7114015022917,163.2757435651456,841.0302302679806,372.0847774241714,17397.724136829125,alice,0.8494209370997466,chen,0.7069964921366301,0.14242444496311657,alice,alice,alice,2,1,1,0,0,27.70210605375014,18.286208371772627,4.8886542809799,50.876968706502666
Daylight_Far_20260114_211100_T11,1736909009.56,239,Daylight,Far,4,4,1280,720,27.978517234059268,1,3,bob,4,1,0.8885005312585924,1062.5825640514818,244.93196142568854,1157.6743879126261,444.81552886205736,19007.29298739635,bob,0.8919083752864131,diana,0.7433201409813721,0.14858823430504098,bob,bob,bob,3,1,1,0,0,27.70210605375014,18.286208371772627,4.8886542809799,50.876968706502666
Daylight_Far_20260114_211100_T11,1736909009.6,240,Daylight,Far,4,4,1280,720,26.203188289719183,1,0,diana,1,1,0.7093670891251325,99.60711637367216,137.4332457351922,191.59865275940103,350.0305363915938,19557.151398925744,diana,0.8910575020086031,bob,0.7796689197798504,0.1113885822287527,diana,diana,diana,1,1,1,0,0,17.023697360147608,13.352198980166296,4.490939024079463,34.86683536439337
Daylight_Far_20260114_211100_T11,1736909009.6,240,Daylight,Far,4,4,1280,720,26.203188289719183,1,1,chen,2,1,0.8418211737707362,420.78390046661957,226.2649228975799,501.80942950213876,391.8671156927338,13418.00528066939,chen,0.778007923873136,diana,0.6257016905960237,0.15230623327711235,chen,chen,chen,2,1,1,0,0,17.023697360147608,13.352198980166296,4.490939024079463,34.86683536439337
Daylight_Far_20260114_211100_T11,1736909009.6,240,Daylight,Far,4,4,1280,720,26.203188289719183,1,2,alice,3,1,0.7660124220190929,771.3781855714427,203.7386990761899,868.2181673590147,418.90311384879743,20836.518007912902,alice,0.9534523423194181,diana,0.842930220745662,0.11052212157375607,alice,alice,alice,2,1,1,0,0,17.023697360147608,13.352198980166296,4.490939024079463,34.86683536439337
Daylight_Far_20260114_211100_T11,1736909009.6,240,Daylight,Far,4,4,1280,720,26.203188289719183,1,3,bob,-1,0,-1.0,-1.0,-1.0,-1.0,-1.0,0.0,unknown,-1.0,unknown,-1.0,-1.0,unknown,unknown,unknown,0,0,0,0,1,17.023697360147608,13.352198980166296,4.490939024079463,34.86683536439337
Daylight_Far_20260114_211100_T11,1736909009.64,241,Daylight,Far,4,4,1280,720,21.595477124307482,0,0,diana,-1,0,-1.0,-1.0,-1.0,-1.0,-1.0,0.0,unknown,-1.0,unknown,-1.0,-1.0,unknown,unknown,unknown,0,0,0,0,1,15.536819690962488,9.110934683668555,9.715329112344568,34.36308348697561
Daylight_Far_20260114_211100_T11,1736909009.64,241,Daylight,Far,4,4,1280,720,21.595477124307482,0,1,chen,2,1,0.820459731066311,453.333499546725,190.88270084819294,558.2056721483468,358.46972959903655,17575.215804951426,chen,0.9595888912119208,diana,0.802556177739949,0.15703271347197179,chen,chen,chen,2,1,1,0,0,15.536819690962488,9.110934683668555,9.715329112344568,34.36308348697561
Daylight_Far_20260114_211100_T11,1736909009.64,241,Daylight,Far,4,4,1280,720,21.595477124307482,0,2,alice,3,1,0.6486521061781454,758.9848157425689,233.94606119651286,879.8830912519398,428.368270820286,23505.309864235594,alice,0.8762429629955483,diana,0.8049997816707833,0.07124318132476493,alice,alice,alice,2,1,1,0,0,15.536819690962488,9.110934683668555,9.715329112344568,34.36308348697561
Daylight_Far_20260114_211100_T11,1736909009.64,241,Daylight,Far,4,4,1280,720,21.595477124307482,0,3,bob,4,1,0.8749965453936189,1071.94581897939,185.25032754404674,1192.6651931662254,359.5913492626091,21046.339036958343,bob,0.8198299508110648,alice,0.6872139870809076,0.13261596373015716,bob,bob,bob,2,1,1,0,0,15.536819690962488,9.110934683668555,9.715329112344568,34.36308348697561
Daylight_Far_20260114_211100_T11,1736909009.68,242,Daylight,Far,4,4,1280,720,24.018712615457105,1,0,diana,1,1,0.7456361496514364,122.11828322294235,279.30922181021253,245.802869371628,438.0923529499173,19639.025862406867,diana,0.9218458463663584,chen,0.8038159568638554,0.11802988950250293,diana,diana,diana,1,1,1,0,0,17.80804964649681,9.984592802079353,16.23043422105335,44.02307666962951
Daylight_Far_20260114_211100_T11,1736909009.68,242,Daylight,Far,4,4,1280,720,24.018712615457105,1,1,chen,2,1,0.7628967846618188,429.28881831275066,271.80530826071777,534.7016494701227,436.5810767581962,17369.480263450914,chen,0.8234138891639339,bob,0.7440778091361213,0.07933608002781256,chen,chen,chen,1,1,1,0,0,17.80804964649681,9.984592802079353,16.23043422105335,44.02307666962951
Daylight_Far_20260114_211100_T11,1736909009.68,242,Daylight,Far,4,4,1280,720,24.018712615457105,1,2,alice,3,1,0.8926367831199726,753.7292117476497,223.76633370688387,839.449363741456,413.5141229692491,16265.209336058659,alice,0.8272417017338386,bob,0.660810609899225,0.16643109183461358,alice,alice,alice,2,1,1,0,0,17.80804964649681,9.984592802079353,16.23043422105335,44.02307666962951
Daylight_Far_20260114_211100_T11,1736909009.68,242,Daylight,Far,4,4,1280,720,24.018712615457105,1,3,bob,4,1,0.5761884107561183,1073.7920359667346,226.6039835844146,1181.4871641714308,421.771839544863,21018.627269096163,bob,0.9278698032727184,alice,0.7512912977013033,0.17657850557141508,bob,bob,bob,2,1,1,0,0,17.80804964649681,9.984592802079353,16.23043422105335,44.02307666962951
Daylight_Far_20260114_211100_T11,1736909009.72,243,Daylight,Far,4,4,1280,720,25.161365543489456,2,0,diana,1,1,0.8343349315069697,126.20744542306626,264.41033742091616,237.4081669259948,449.9323030699679,20630.176434816076,diana,0.9449295613215628,alice,0.8037496626981856,0.1411798986233772,diana,diana,diana,1,1,1,0,0,13.720429431356479,9.89236259474794,4.074249987626896,27.687042013731315
Daylight_Far_20260114_211100_T11,1736909009.72,243,Daylight,Far,4,4,1280,720,25.161365543489456,2,1,chen,2,1,0.8487007466813936,422.5763958909104,249.80563242986688,524.0435080646647,395.10837250979563,14743.449426843994,chen,0.8261636076633434,bob,0.7109533568364828,0.11521025082686065,chen,chen,chen,1,1,1,0,0,13.720429431356479,9.89236259474794,4.074249987626896,27.687042013731315
Daylight_Far_20260114_211100_T11,1736909009.72,243,Daylight,Far,4,4,1280,720,25.161365543489456,2,2,alice,3,1,0.7859293474449688,771.7670758885879,199.02719774098617,882.3410759153396,410.03984478791756,23332.512440212344,alice,0.7939707687083677,diana,0.7129467859964485,0.08102398271191924,alice,alice,alice,2,1,1,0,0,13.720429431356479,9.89236259474794,4.074249987626896,27.687042013731315
Daylight_Far_20260114_211100_T11,1736909009.72,243,Daylight,Far,4,4,1280,720,25.161365543489456,2,3,bob,4,1,0.8638610394654259,1096.0636803349535,250.64899475837188,1186.6709514685913,444.1841167139358,17535.689268909442,alice,0.6767435786054137,diana,0.6349818626120921,0.04176171599332157,unknown,unknown,unknown,0,0,0,0,0,13.720429431356479,9.89236259474794,4.074249987626896,27.687042013731315
Daylight_Far_20260114_211100_T11,1736909009.76,244,Daylight,Far,4,4,1280,720,22.90982576769312,1,0,diana,1,1,0.7809290609601206,125.76224926414588,173.10969432889104,235.06648232306682,386.2452917710482,23296.6230159699,diana,0.8516883991506756,bob,0.7229647432758661,0.1287236558748095,diana,diana,diana,3,1,1,0,0,22.884985714523676,18.03940944541074,19.413982973637204,60.338378133571624
Daylight_Far_20260114_211100_T11,1736909009.76,244,Daylight,Far,4,4,1280,720,22.90982576769312,1,1,chen,-1,0,-1.0,-1.0,-1.0,-1.0,-1.0,0.0,unknown,-1.0,unknown,-1.0,-1.0,unknown,unknown,unknown,0,0,0,0,1,22.884985714523676,18.03940944541074,19.413982973637204,60.338378133571624
Daylight_Far_20260114_211100_T11,1736909009.76,244,Daylight,Far,4,4,1280,720,22.90982576769312,1,2,alice,3,1,0.8703913824954415,749.5750175635238,324.8283839028998,844.9148353047773,458.34532121548267,12729.480468752012,alice,0.8395323370945166,bob,0.7177029750202455,0.12182936207427109,alice,alice,alice,2,1,1,0,0,22.884985714523676,18.03940944541074,19.413982973637204,60.338378133571624
Daylight_Far_20260114_211100_T11,1736909009.76,244,Daylight,Far,4,4,1280,720,22.90982576769312,1,3,bob,4,1,0.7317564167231793,1075.471794244087,222.9070990934286,1186.036398260981,426.59361823333467,22520.519332283216,bob,0.7905051725761381,alice,0.6557091068958658,0.13479606568027225,bob,bob,bob,1,1,1,0,0,22.884985714523676,18.03940944541074,19.413982973637204,60.338378133571624
Daylight_Far_20260114_211100_T11,1736909009.8,245,Daylight,Far,4,4,1280,720,23.452816227238774,1,0,diana,1,1,0.8818132970868547,117.57783073064417,252.5496042912598,208.05742044608013,427.4220162485293,15822.384086442442,chen,0.9254322587174032,diana,0.8808237469519611,0.044608511765442116,chen,chen,chen,1,0,0,1,0,12.746659342662019,11.132056518706385,7.565617284363071,31.444333145731477
Daylight_Far_20260114_211100_T11,1736909009.8,245,Daylight,Far,4,4,1280,720,23.452816227238774,1,1,chen,2,1,0.9212275419770031,434.12296852798556,254.84689850211814,548.2861522812144,421.8519952009141,19065.833542150394,chen,0.8337464488194782,bob,0.762148762887337,0.07159768593214122,chen,chen,chen,2,1,1,0,0,12.746659342662019,11.132056518706385,7.565617284363071,31.444333145731477
Daylight_Far_20260114_211100_T11,1736909009.8,245,Daylight,Far,4,4,1280,720,23.452816227238774,1,2,alice,3,1,0.9091792736608573,734.0590991672565,263.4440447764382,854.7973583572781,464.24909520136487,24244.852224870156,chen,0.5960303886082685,bob,0.5391884209155442,0.056841967692724316,unknown,unknown,unknown,0,0,0,0,0,12.746659342662019,11.132056518706385,7.565617284363071,31.444333145731477
Daylight_Far_20260114_211100_T11,1736909009.8,245,Daylight,Far,4,4,1280,720,23.452816227238774,1,3,bob,-1,0,-1.0,-1.0,-1.0,-1.0,-1.0,0.0,unknown,-1.0,unknown,-1.0,-1.0,unknown,unknown,unknown,0,0,0,0,1,12.746659342662019,11.132056518706385,7.565617284363071,31.444333145731477
Daylight_Far_20260114_211100_T11,1736909009.84,246,Daylight,Far,4,4,1280,720,23.83498888158754,2,0,diana,1,1,0.7455705472361379,89.64016622618823,197.29885512339933,201.72197551197848,345.6770465998144,16630.49615923002,diana,0.7904545855598115,chen,0.6207898913152263,0.1696646942445852,diana,diana,diana,1,1,1,0,0,17.283537503791248,14.156565591307404,17.84285168198779,49.28295477708644
Daylight_Far_20260114_211100_T11,1736909009.84,246,Daylight,Far,4,4,1280,720,23.83498888158754,2,1,chen,2,1,0.9647690871071046,428.80201757831287,269.2984219396052,530.504097407353,474.1291269593049,20831.708713352076,chen,0.9057056223696099,bob,0.7688926628111218,0.13681295955848816,chen,chen,chen,1,1,1,0,0,17.283537503791248,14.156565591307404,17.84285168198779,49.28295477708644
Daylight_Far_20260114_211100_T11,1736909009.84,246,Daylight,Far,4,4,1280,720,23.83498888158754,2,2,alice,3,1,0.9819549481889243,772.5883755278882,277.3034422073964,889.0092955844156,463.67157560042335,21697.149558833822,alice,0.5660232942534376,bob,0.5267156793176198,0.0393076149358178,unknown,unknown,unknown,0,0,0,0,0,17.283537503791248,14.156565591307404,17.84285168198779,49.28295477708644
Daylight_Far_20260114_211100_T11,1736909009.84,246,Daylight,Far,4,4,1280,720,23.83498888158754,2,3,bob,4,1,0.8285897276252071,1102.0492647832311,200.51090412710863,1207.844716643432,387.4367413649532,19775.903414924145,bob,0.9408347643628128,diana,0.7703533323315935,0.17048143203121924,bob,bob,bob,2,1,1,0,0,17.283537503791248,14.156565591307404,17.84285168198779,49.28295477708644
Daylight_Far_20260114_211100_T11,1736909009.88,247,Daylight,Far,4,4,1280,720,23.30021314232933,0,0,diana,1,1,0.7482790694273247,96.26384993411858,154.94608598155736,213.07670462697183,336.17163146106833,21169.473310731184,diana,0.79671102009469,bob,0.6959503678770729,0.1007606522176171,diana,diana,diana,3,1,1,0,0,19.775811749807534,9.099180685041485,8.979770249203455,37.854762684052474
Daylight_Far_20260114_211100_T11,1736909009.88,247,Daylight,Far,4,4,1280,720,23.30021314232933,0,1,chen,2,1,0.876832180949117,414.3778075554369,274.6670389994271,518.3732503269556,441.23399033080483,17322.20385480863,chen,0.8382930602141572,bob,0.6921213412155443,0.14617171899861292,chen,chen,chen,1,1,1,0,0,19.775811749807534,9.099180685041485,8.979770249203455,37.854762684052474
Daylight_Far_20260114_211100_T11,1736909009.88,247,Daylight,Far,4,4,1280,720,23.30021314232933,0,2,alice,3,1,0.795963009775914,773.4919651488581,305.06242387672563,858.0517949168593,476.82700663009206,14524.383877796427,alice,0.8652260794255433,diana,0.7417502586814784,0.12347582074406493,alice,alice,alice,1,1,1,0,0,19.775811749807534,9.099180685041485,8.979770249203455,37.854762684052474
Daylight_Far_20260114_211100_T11,1736909009.88,247,Daylight,Far,4,4,1280,720,23.30021314232933,0,3,bob,4,1,0.785262633628804,1079.7899843889877,199.92002418311284,1182.5433063159367,393.4708107774307,19887.986284140137,bob,0.8642402215775475,alice,0.694271201414558,0.16996902016298954,bob,bob,bob,1,1,1,0,0,19.775811749807534,9.099180685041485,8.979770249203455,37.854762684052474
Daylight_Far_20260114_211100_T11,1736909009.92,248,Daylight,Far,4,4,1280,720,26.141805206451565,1,0,diana,1,1,0.7918118381672834,104.57498568439568,256.07921581379543,209.18512063386362,420.45861152823653,17195.750768599675,diana,0.8634285731273469,chen,0.7016080966260494,0.1618204765012975,diana,diana,diana,2,1,1,0,0,26.160201700334795,23.44360313592585,9.951891263092154,59.5556960993528
Daylight_Far_20260114_211100_T11,1736909009.92,248,Daylight,Far,4,4,1280,720,26.141805206451565,1,1,chen,2,1,0.8422412196755155,432.15044355207743,204.16834722903928,560.0618373006711,386.5267911761894,23325.722727104763,chen,0.8343023346525325,diana,0.683450746364525,0.1508515882880075,chen,chen,chen,2,1,1,0,0,26.160201700334795,23.44360313592585,9.951891263092154,59.5556960993528
Daylight_Far_20260114_211100_T11,1736909009.92,248,Daylight,Far,4,4,1280,720,26.141805206451565,1,2,alice,3,1,0.8980989292208585,739.0967089278619,260.03623705245747,847.2887006469015,395.8180328611032,14690.502927725323,alice,0.9554304710879715,bob,0.8918777278465778,0.0635527432413937,alice,alice,alice,1,1,1,0,0,26.160201700334795,23.44360313592585,9.951891263092154,59.5556960993528
Daylight_Far_20260114_211100_T11,1736909009.92,248,Daylight,Far,4,4,1280,720,26.141805206451565,1,3,bob,4,1,0.8900699196262649,1045.5119806105079,261.0704235780206,1129.2011158832418,437.031900461291,14726.063841674053,bob,0.8199471928513318,alice,0.7127591908934383,0.10718800195789346,bob,bob,bob,2,1,1,0,0,26.160201700334795,23.44360313592585,9.951891263092154,59.5556960993528
Daylight_Far_20260114_211100_T11,1736909009.96,249,Daylight,Far,4,4,1280,720,22.97599461704092,0,0,diana,1,1,0.681441776839196,98.1958650361572,228.05824567792357,182.75506955684642,410.0155749168755,15386.167017154921,diana,0.8426543113535389,chen,0.7681631395199611,0.07449117183357779,diana,diana,diana,3,1,1,0,0,11.583828320663823,8.408571376438344,4.2359290476903215,24.22832874479249
Daylight_Far_20260114_211100_T11,1736909009.96,249,Daylight,Far,4,4,1280,720,22.97599461704092,0,1,chen,2,1,0.8621014105212641,423.83165897125696,177.12436677967662,535.4102981112527,327.6043184514848,16790.348225392685,chen,0.96055818659728,alice,0.7924574187994101,0.16810076779786987,chen,chen,chen,2,1,1,0,0,11.583828320663823,8.408571376438344,4.2359290476903215,24.22832874479249
Daylight_Far_20260114_211100_T11,1736909009.96,249,Daylight,Far,4,4,1280,720,22.97599461704092,0,2,alice,3,1,0.7286682057372483,757.9632955989672,302.12148493505924,857.6175677256348,513.0802092476781,21022.93812014437,alice,0.8602529854315929,diana,0.7987926391524912,0.061460346279101685,alice,alice,alice,2,1,1,0,0,11.583828320663823,8.408571376438344,4.2359290476903215,24.22832874479249
Daylight_Far_20260114_211100_T11,1736909009.96,249,Daylight,Far,4,4,1280,720,22.97599461704092,0,3,bob,4,1,0.8283546197009096,1060.2964339140105,232.43845112749392,1180.8696681135445,380.92901076985123,17903.98702417782,bob,0.9415329514724855,diana,0.843618727470006,0.09791422400247951,bob,bob,bob,2,1,1,0,0,11.583828320663823,8.408571376438344,4.2359290476903215,24.22832874479249
Daylight_Far_20260114_211100_T11,1736909010.0,250,Daylight,Far,4,4,1280,720,25.584996813578684,1,0,diana,1,1,0.6976776123246331,90.2584867967795,307.78643021877224,175.53629530068946,492.5866646270979,15759.35900135087,chen,0.894807185380273,diana,0.8732259276100323,0.02158125777024078,chen,chen,chen,1,0,0,1,0,19.77119682263057,14.491656515241248,7.079807441649093,41.34266077952091
Daylight_Far_20260114_211100_T11,1736909010.0,250,Daylight,Far,4,4,1280,720,25.584996813578684,1,1,chen,2,1,0.82339368919624,422.14692302905166,149.7134938808784,523.6165229273222,344.1269147875394,19727.052034252956,chen,0.9278883293500769,bob,0.8552630825793388,0.07262524677073812,chen,chen,chen,2,1,1,0,0,19.77119682263057,14.491656515241248,7.079807441649093,41.34266077952091
Daylight_Far_20260114_211100_T11,1736909010.0,250,Daylight,Far,4,4,1280,720,25.584996813578684,1,2,alice,3,1,0.7545622569636699,742.9754152723921,284.19916847781485,835.3635168235286,422.04210628213866,12735.047335972862,alice,0.8613267826424308,bob,0.7147123199590684,0.14661446268336242,alice,alice,alice,1,1,1,0,0,19.77119682263057,14.491656515241248,7.079807441649093,41.34266077952091
Daylight_Far_20260114_211100_T11,1736909010.0,250,Daylight,Far,4,4,1280,720,25.584996813578684,1,3,bob,4,1,0.9637314366989461,1081.335829158159,200.4694799597541,1190.5547891725878,335.8413394811061,14785.173712141423,bob,0.9555072750691052,chen,0.8737933382133778,0.08171393685572736,bob,bob,bob,2,1,1,0,0,19.77119682263057,14.491656515241248,7.079807441649093,41.34266077952091
