trial_id,t_wall,frame_idx,lighting,distance,n_users_roster,n_users_db,cam_w,cam_h,proc_fps,drained,slot_idx,true_id,track_id,detected,det_score,bbox_x1,bbox_y1,bbox_x2,bbox_y2,bbox_area,best_id,best_sim,second_id,second_sim,margin,accepted_id,stable_id,pending_id,pending_count,is_correct_accepted,is_correct_stable,is_wrong_accepted,is_miss,lat_det_ms,lat_emb_ms,lat_match_ms,lat_total_ms
Daylight_Near_20260114_210800_T8,1736906000.04,1,Daylight,Near,4,4,1280,720,26.15891391091114,1,0,diana,1,1,0.6517750124364675,97.51998153614724,267.6937215306966,223.53738578843516,471.3916463452674,25669.483736709917,diana,0.7756483679029902,bob,0.6855530499869096,0.09009531791608061,diana,diana,diana,2,1,1,0,0,11.42494202884332,5.642007860604926,6.777252745591457,23.844202635039704
Daylight_Near_20260114_210800_T8,1736906000.04,1,Daylight,Near,4,4,1280,720,26.15891391091114,1,1,chen,2,1,0.6444682721915694,422.81415353309325,234.5400570043721,547.9080696030372,384.3326063508474,18738.136595850927,chen,0.8165818435986805,bob,0.7311832808600643,0.08539856273861612,chen,chen,chen,2,1,1,0,0,11.42494202884332,5.642007860604926,6.777252745591457,23.844202635039704
Daylight_Near_20260114_210800_T8,1736906000.04,1,Daylight,Near,4,4,1280,720,26.15891391091114,1,2,alice,3,1,0.8222836723678588,741.2552259241149,265.40046798752815,854.3867677046596,425.46925632988905,18108.82881611497,alice,0.7746952877018358,diana,0.6096724230000377,0.16502286470179817,alice,alice,alice,1,1,1,0,0,11.42494202884332,5.642007860604926,6.777252745591457,23.844202635039704
Daylight_Near_20260114_210800_T8,1736906000.04,1,Daylight,Near,4,4,1280,720,26.15891391091114,1,3,bob,4,1,0.7669808940570683,1079.2285222430905,304.75650336724414,1188.4712489526346,446.0821688929675,15438.80105607103,chen,0.6996435540675299,alice,0.6671155061037023,0.03252804796382758,unknown,unknown,unknown,0,0,0,0,0,11.42494202884332,5.642007860604926,6.777252745591457,23.844202635039704
Daylight_Near_20260114_210800_T8,1736906000.08,2,Daylight,Near,4,4,1280,720,21.917992091656128,2,0,diana,1,1,0.7453462274139226,85.73020300152595,303.57509048400146,207.75914578927157,442.4025718917356,16940.970786071208,diana,0.8508793947455993,bob,0.6778253688335941,0.17305402591200514,diana,diana,diana,1,1,1,0,0,12.965734593026827,7.192003035118863,6.87154381764791,27.0292814457936
Daylight_Near_20260114_210800_T8,1736906000.08,2,Daylight,Near,4,4,1280,720,21.917992091656128,2,1,chen,-1,0,-1.0,-1.0,-1.0,-1.0,-1.0,0.0,unknown,-1.0,unknown,-1.0,-1.0,unknown,unknown,unknown,0,0,0,0,1,12.965734593026827,7.192003035118863,6.87154381764791,27.0292814457936
Daylight_Near_20260114_210800_T8,1736906000.08,2,Daylight,Near,4,4,1280,720,21.917992091656128,2,2,alice,3,1,0.8360500422354827,749.9934410901584,247.7474896249504,842.9578894439945,430.52517862482694,16991.827029262546,alice,0.9394798752975879,diana,0.8619447255647021,0.07753514973288578,alice,alice,alice,2,1,1,0,0,12.965734593026827,7.192003035118863,6.87154381764791,27.0292814457936
Daylight_Near_20260114_210800_T8,1736906000.08,2,Daylight,Near,4,4,1280,720,21.917992091656128,2,3,bob,4,1,0.7693480824776285,1073.5505880807682,262.62491112162786,1155.5220874007155,396.2114543552734,10950.289237830882,bob,0.9085454952545329,diana,0.8221381013718914,0.08640739388264151,bob,bob,bob,1,1,1,0,0,12.965734593026827,7.192003035118863,6.87154381764791,27.0292814457936
Daylight_Near_20260114_210800_T8,1736906000.12,3,Daylight,Near,4,4,1280,720,24.92907740513568,3,0,diana,1,1,0.8076124899437194,112.75046361318269,336.4044019604229,193.12306496087834,505.69221080050045,13606.10157292846,diana,0.9083386079143033,chen,0.8437522462919942,0.06458636162230913,diana,diana,diana,2,1,1,0,0,12.57795555367628,8.924741724188534,8.783631794536378,30.28632907240119
Daylight_Near_20260114_210800_T8,1736906000.12,3,Daylight,Near,4,4,1280,720,24.92907740513568,3,1,chen,2,1,0.7561298632583358,438.09059545576724,275.6654942031315,529.1851193617374,406.17402279615146,11888.612277849847,chen,0.8696756882679885,alice,0.8079514044068644,0.06172428386112405,chen,chen,chen,3,1,1,0,0,12.57795555367628,8.924741724188534,8.783631794536378,30.28632907240119
Daylight_Near_20260114_210800_T8,1736906000.12,3,Daylight,Near,4,4,1280,720,24.92907740513568,3,2,alice,3,1,0.8578881443768613,749.6093769746611,224.70678932090152,843.503911507912,384.4867479426953,15002.464842535408,alice,0.9360408591460947,diana,0.7907764514720683,0.14526440767402637,alice,alice,alice,2,1,1,0,0,12.57795555367628,8.924741724188534,8.783631794536378,30.28632907240119
Daylight_Near_20260114_210800_T8,1736906000.12,3,Daylight,Near,4,4,1280,720,24.92907740513568,3,3,bob,4,1,0.8804986980062608,1094.055293029415,166.53421451178104,1211.0998526555688,356.16709660267344,22195.497174966855,bob,0.8415054425384995,chen,0.7409940173082458,0.10051142523025369,bob,bob,bob,2,1,1,0,0,12.57795555367628,8.924741724188534,8.783631794536378,30.28632907240119
Daylight_Near_20260114_210800_T8,1736906000.16,4,Daylight,Near,4,4,1280,720,26.27584659769369,0,0,diana,1,1,0.7165700829546481,117.27668282553543,215.6452135982999,199.53350426411748,346.34351184759424,10750.826581418745,diana,0.8778423749282928,chen,0.7522696305581484,0.12557274437014432,diana,diana,diana,3,1,1,0,0,14.137179763376084,12.398726584077878,4.829778932919844,31.365685280373803
Daylight_Near_20260114_210800_T8,1736906000.16,4,Daylight,Near,4,4,1280,720,26.27584659769369,0,1,chen,2,1,0.804641265582001,432.8260098536366,259.6267675306472,549.8673073569585,407.2005563825608,17272.227724709224,chen,0.8138169455936752,alice,0.7532297603911545,0.06058718520252071,chen,chen,chen,2,1,1,0,0,14.137179763376084,12.398726584077878,4.829778932919844,31.365685280373803
Daylight_Near_20260114_210800_T8,1736906000.16,4,Daylight,Near,4,4,1280,720,26.27584659769369,0,2,alice,3,1,0.6574695521743275,757.9610216645684,230.04783788239092,856.8621440475798,405.64310064817073,17366.568572675435,alice,0.8711779331068398,diana,0.7133950625810751,0.15778287052576467,alice,alice,alice,1,1,1,0,0,14.137179763376084,12.398726584077878,4.829778932919844,31.365685280373803
Daylight_Near_20260114_210800_T8,1736906000.16,4,Daylight,Near,4,4,1280,720,26.27584659769369,0,3,bob,4,1,0.9210273004708627,1101.3413502577696,234.3214495473274,1197.1022164681726,384.9535161102281,14424.657173126461,bob,0.8509771729539867,chen,0.733663361378153,0.11731381157583365,bob,bob,bob,2,1,1,0,0,14.137179763376084,12.398726584077878,4.829778932919844,31.365685280373803
Daylight_Near_20260114_210800_T8,1736906000.2,5,Daylight,Near,4,4,1280,720,25.981431945719244,1,0,diana,1,1,0.8194335127467572,117.53225358881289,301.067488783572,214.99859269402364,437.41018775136706,13288.82373211478,diana,0.8884401698722386,bob,0.7227404898559158,0.16569968001632285,diana,diana,diana,3,1,1,0,0,11.592159787357938,11.231788295758166,6.567698753820599,29.391646836936705
Daylight_Near_20260114_210800_T8,1736906000.2,5,Daylight,Near,4,4,1280,720,25.981431945719244,1,1,chen,2,1,0.7859950846172122,447.7141739691563,320.1344456955154,529.7514676966348,460.75404111743796,11536.051053467447,chen,0.8378269332494875,alice,0.7584800651516523,0.0793468680978352,chen,chen,chen,1,1,1,0,0,11.592159787357938,11.231788295758166,6.567698753820599,29.391646836936705
Daylight_Near_20260114_210800_T8,1736906000.2,5,Daylight,Near,4,4,1280,720,25.981431945719244,1,2,alice,3,1,0.7429509329860183,743.604162930675,328.32834550245644,863.6120722114703,478.746594502782,18051.379580207144,alice,0.815199550215645,diana,0.7192535070832342,0.09594604313241084,alice,alice,alice,2,1,1,0,0,11.592159787357938,11.231788295758166,6.567698753820599,29.391646836936705
Daylight_Near_20260114_210800_T8,1736906000.2,5,Daylight,Near,4,4,1280,720,25.981431945719244,1,3,bob,4,1,0.795770504041611,1086.6674396180401,297.31847257972476,1212.9203103678342,439.8257587133765,17991.953977135854,bob,0.9321486675215297,alice,0.8025388463441435,0.12960982117738618,bob,bob,bob,3,1,1,0,0,11.592159787357938,11.231788295758166,6.567698753820599,29.391646836936705
Daylight_Near_20260114_210800_T8,1736906000.24,6,Daylight,Near,4,4,1280,720,24.453897668801368,1,0,diana,1,1,0.6941132953774776,137.53721603057303,214.31312105937184,220.86905450621728,387.2694099182356,14412.765526533705,diana,0.8705414658031557,bob,0.7556264693381045,0.11491499646505121,diana,diana,diana,2,1,1,0,0,8.00267012114325,7.2105215599498305,5.213558186391998,20.42674986748508
Daylight_Near_20260114_210800_T8,1736906000.24,6,Daylight,Near,4,4,1280,720,24.453897668801368,1,1,chen,2,1,0.8054036021390302,421.9520868159829,168.05460334510562,539.9713489749188,362.4137791699668,22938.126524669,chen,0.842225792144537,diana,0.680276501012375,0.16194929113216194,chen,chen,chen,2,1,1,0,0,8.00267012114325,7.2105215599498305,5.213558186391998,20.42674986748508
Daylight_Near_20260114_210800_T8,1736906000.24,6,Daylight,Near,4,4,1280,720,24.453897668801368,1,2,alice,3,1,0.8146773006595374,763.9411311296229,233.7731480230499,864.4663394486905,398.9562912337533,16605.069882054333,alice,0.8984665980797822,bob,0.7216273926761338,0.1768392054036484,alice,alice,alice,2,1,1,0,0,8.00267012114325,7.2105215599498305,5.213558186391998,20.42674986748508
Daylight_Near_20260114_210800_T8,1736906000.24,6,Daylight,Near,4,4,1280,720,24.453897668801368,1,3,bob,4,1,0.8205109694454423,1096.0767218332298,202.13104334337663,1203.7713452362755,385.4337807176096,19740.719270265392,bob,0.8966577641981225,diana,0.8195613153970464,0.07709644880107613,bob,bob,bob,2,1,1,0,0,8.00267012114325,7.2105215599498305,5.213558186391998,20.42674986748508
Daylight_Near_20260114_210800_T8,1736906000.28,7,Daylight,Near,4,4,1280,720,23.67720044000387,0,0,diana,1,1,0.7953710202627406,83.63987884480407,278.5620319795252,210.2360457132947,410.76617392308225,16736.537614192166,diana,0.8942124167420978,chen,0.8157960485596215,0.07841636818247633,diana,diana,diana,2,1,1,0,0,12.321876613669835,9.682120350659428,7.702609853334327,29.70660681766359
Daylight_Near_20260114_210800_T8,1736906000.28,7,Daylight,Near,4,4,1280,720,23.67720044000387,0,1,chen,2,1,0.7937064330294212,443.2412197834182,265.7878878428537,527.6463271938344,415.1234495863479,12604.684129154462,chen,0.8892776812170274,alice,0.7102500822451541,0.17902759897187337,chen,chen,chen,2,1,1,0,0,12.321876613669835,9.682120350659428,7.702609853334327,29.70660681766359
Daylight_Near_20260114_210800_T8,1736906000.28,7,Daylight,Near,4,4,1280,720,23.67720044000387,0,2,alice,3,1,0.7395421594261753,767.4328166382323,165.59932564494986,855.6190072377184,379.5454607569362,18867.094649009025,alice,0.8853103708696015,diana,0.7822236174360246,0.10308675343357687,alice,alice,alice,2,1,1,0,0,12.321876613669835,9.682120350659428,7.702609853334327,29.70660681766359
Daylight_Near_20260114_210800_T8,1736906000.28,7,Daylight,Near,4,4,1280,720,23.67720044000387,0,3,bob,4,1,0.7894143010243999,1038.1237396392617,303.6680837679518,1157.9765380912354,447.4973445440963,17238.339403299615,bob,0.8656738204996012,alice,0.801117092015799,0.06455672848380223,bob,bob,bob,1,1,1,0,0,12.321876613669835,9.682120350659428,7.702609853334327,29.70660681766359
Daylight_Near_20260114_210800_T8,1736906000.32,8,Daylight,Near,4,4,1280,720,26.9475631502538,0,0,diana,1,1,0.8477613667647846,125.68897825902678,260.9602020354644,216.53399481461884,425.87654417579387,14981.827832025912,diana,0.8020639513550927,alice,0.7369620363150057,0.065101915040087,diana,diana,diana,1,1,1,0,0,14.739654825113423,9.594735186813905,6.9755175402960585,31.309907552223386
Daylight_Near_20260114_210800_T8,1736906000.32,8,Daylight,Near,4,4,1280,720,26.9475631502538,0,1,chen,2,1,0.8038252246012871,415.3701478048152,245.6674096566172,535.6580243158234,450.208365490677,24603.797236810962,chen,0.8899197262954586,diana,0.7700117298932667,0.11990799640219185,chen,chen,chen,2,1,1,0,0,14.739654825113423,9.594735186813905,6.9755175402960585,31.309907552223386
Daylight_Near_20260114_210800_T8,1736906000.32,8,Daylight,Near,4,4,1280,720,26.9475631502538,0,2,alice,3,1,0.6929883146769402,768.4024073614196,136.4319588244773,862.6741206073543,335.8697534656327,18801.34258681262,alice,0.8903810787524914,diana,0.7451083345847259,0.14527274416776548,alice,alice,alice,2,1,1,0,0,14.739654825113423,9.594735186813905,6.9755175402960585,31.309907552223386
Daylight_Near_20260114_210800_T8,1736906000.32,8,Daylight,Near,4,4,1280,720,26.9475631502538,0,3,bob,4,1,0.7198963089323129,1079.6118814324504,256.8215095461212,1173.571228655966,453.05501417285984,18437.971998111087,bob,0.8988380380319423,diana,0.7703086992317922,0.12852933880015005,bob,bob,bob,2,1,1,0,0,14.739654825113423,9.594735186813905,6.9755175402960585,31.309907552223386
Daylight_Near_20260114_210800_T8,1736906000.36,9,Daylight,Near,4,4,1280,720,26.423369425425154,3,0,diana,-1,0,-1.0,-1.0,-1.0,-1.0,-1.0,0.0,unknown,-1.0,unknown,-1.0,-1.0,unknown,unknown,unknown,0,0,0,0,1,16.678162508814058,8.633398690416266,6.7435834257998,32.055144625030124
Daylight_Near_20260114_210800_T8,1736906000.36,9,Daylight,Near,4,4,1280,720,26.423369425425154,3,1,chen,2,1,0.7580227736685339,454.3691351882092,278.3070519010147,560.16708810886,422.1843767020175,15221.926435645673,chen,0.8409511550375888,diana,0.7771255870453072,0.06382556799228156,chen,chen,chen,2,1,1,0,0,16.678162508814058,8.633398690416266,6.7435834257998,32.055144625030124
Daylight_Near_20260114_210800_T8,1736906000.36,9,Daylight,Near,4,4,1280,720,26.423369425425154,3,2,alice,3,1,0.6362593444981495,735.684595727452,256.3758262284592,858.7206580338241,399.94080253911835,17663.66937037109,alice,0.8956062637801426,diana,0.7490390393621346,0.14656722441800807,alice,alice,alice,1,1,1,0,0,16.678162508814058,8.633398690416266,6.7435834257998,32.055144625030124
Daylight_Near_20260114_210800_T8,1736906000.36,9,Daylight,Near,4,4,1280,720,26.423369425425154,3,3,bob,4,1,0.7948362784500513,1071.2900329971828,255.96188976322816,1152.501800671712,402.28508322620536,11883.165192910503,bob,0.8665968970119602,alice,0.7613718356386416,0.10522506137331855,bob,bob,bob,3,1,1,0,0,16.678162508814058,8.633398690416266,6.7435834257998,32.055144625030124
Daylight_Near_20260114_210800_T8,1736906000.4,10,Daylight,Near,4,4,1280,720,25.185226298540336,2,0,diana,1,1,0.7416816288089135,119.99887284143803,256.7774063731598,212.3177293056583,396.83776278158734,12930.211939597157,diana,0.8418323319520922,bob,0.7601050027262181,0.08172732922587411,diana,diana,diana,1,1,1,0,0,12.5304367830118,6.412324808862295,10.462927317234545,29.40568890910864
Daylight_Near_20260114_210800_T8,1736906000.4,10,Daylight,Near,4,4,1280,720,25.185226298540336,2,1,chen,-1,0,-1.0,-1.0,-1.0,-1.0,-1.0,0.0,unknown,-1.0,unknown,-1.0,-1.0,unknown,unknown,unknown,0,0,0,0,1,12.5304367830118,6.412324808862295,10.462927317234545,29.40568890910864
Daylight_Near_20260114_210800_T8,1736906000.4,10,Daylight,Near,4,4,1280,720,25.185226298540336,2,2,alice,3,1,0.6127166477636048,729.2431925716444,292.43831273679115,836.7212757230409,443.10599021422587,16193.473168147519,alice,0.8556004565714515,bob,0.6993351799762205,0.15626527659523093,alice,alice,alice,3,1,1,0,0,12.5304367830118,6.412324808862295,10.462927317234545,29.40568890910864
Daylight_Near_20260114_210800_T8,1736906000.4,10,Daylight,Near,4,4,1280,720,25.185226298540336,2,3,bob,-1,0,-1.0,-1.0,-1.0,-1.0,-1.0,0.0,unknown,-1.0,unknown,-1.0,-1.0,unknown,unknown,unknown,0,0,0,0,1,12.5304367830118,6.412324808862295,10.462927317234545,29.40568890910864
Daylight_Near_20260114_210800_T8,1736906000.44,11,Daylight,Near,4,4,1280,720,27.289194948303685,3,0,diana,1,1,0.6814575490574749,79.11808826128579,98.45152068681772,202.71477177914892,309.1520902888168,26041.89161813177,diana,0.881191575013301,alice,0.7020229132479751,0.17916866176532598,diana,diana,diana,1,1,1,0,0,14.216440749323802,10.489668648951593,14.963028074433574,39.66913747270897
Daylight_Near_20260114_210800_T8,1736906000.44,11,Daylight,Near,4,4,1280,720,27.289194948303685,3,1,chen,2,1,0.7340511278365518,454.3974180215723,158.96674990686165,542.4340987223422,307.56970230172874,13082.510671178627,chen,0.7966691670015584,diana,0.6733444295458477,0.12332473745571071,chen,chen,chen,2,1,1,0,0,14.216440749323802,10.489668648951593,14.963028074433574,39.66913747270897
Daylight_Near_20260114_210800_T8,1736906000.44,11,Daylight,Near,4,4,1280,720,27.289194948303685,3,2,alice,3,1,0.7362260057727812,759.126295497391,242.2191429854057,886.2755202798124,447.4819364581783,26099.005066737318,bob,0.5847869316914147,chen,0.5577076758984352,0.02707925579297954,unknown,unknown,unknown,0,0,0,0,0,14.216440749323802,10.489668648951593,14.963028074433574,39.66913747270897
Daylight_Near_20260114_210800_T8,1736906000.44,11,Daylight,Near,4,4,1280,720,27.289194948303685,3,3,bob,4,1,0.792502760865664,1025.9579167102645,305.12626168872794,1153.044347647883,466.23120962932444,20474.25284016122,diana,0.6662063336545484,alice,0.6293032220907334,0.03690311156381498,unknown,unknown,unknown,0,0,0,0,0,14.216440749323802,10.489668648951593,14.963028074433574,39.66913747270897
Daylight_Near_20260114_210800_T8,1736906000.48,12,Daylight,Near,4,4,1280,720,21.903877683905524,1,0,diana,1,1,0.773659824836437,82.71156685560351,237.18808723887594,209.32638624838575,449.9333087554211,26936.697798994814,diana,0.8423471821601662,chen,0.7085789047957994,0.1337682773643668,diana,diana,diana,2,1,1,0,0,14.751808154821864,12.804445603566109,12.633504669478747,40.18975842786672
Daylight_Near_20260114_210800_T8,1736906000.48,12,Daylight,Near,4,4,1280,720,21.903877683905524,1,1,chen,2,1,0.7742726819337601,406.1348717915921,233.60331113919028,499.91225592771605,406.08437908912754,16174.823365350161,chen,0.8218975788964525,bob,0.6607968484733304,0.16110073042312212,chen,chen,chen,2,1,1,0,0,14.751808154821864,12.804445603566109,12.633504669478747,40.18975842786672
Daylight_Near_20260114_210800_T8,1736906000.48,12,Daylight,Near,4,4,1280,720,21.903877683905524,1,2,alice,3,1,0.7673869151142877,751.3079653810698,258.05195618413177,840.9113302488734,404.68230123923627,13138.572308664458,chen,0.6087677892244314,alice,0.5774470554250464,0.03132073379938505,unknown,unknown,unknown,0,0,0,0,0,14.751808154821864,12.804445603566109,12.633504669478747,40.18975842786672
Daylight_Near_20260114_210800_T8,1736906000.48,12,Daylight,Near,4,4,1280,720,21.903877683905524,1,3,bob,4,1,0.7620054319008526,1029.747256019429,206.50515593805864,1156.9606678503626,388.233228135543,23118.24808970022,bob,0.9254095917492681,chen,0.7650163510313411,0.16039324071792693,bob,bob,bob,1,1,1,0,0,14.751808154821864,12.804445603566109,12.633504669478747,40.18975842786672
Daylight_Near_20260114_210800_T8,1736906000.52,13,Daylight,Near,4,4,1280,720,23.58535434036565,1,0,diana,1,1,0.8285284832425114,139.66086237164853,312.5060845002156,236.35729063902323,443.7423279572703,12690.07600152481,diana,0.7966272263641281,alice,0.6845711772930221,0.112056049071106,diana,diana,diana,2,1,1,0,0,14.270785204783659,8.525453080094502,4.801622669369806,27.597860954247967
Daylight_Near_20260114_210800_T8,1736906000.52,13,Daylight,Near,4,4,1280,720,23.58535434036565,1,1,chen,2,1,0.8098589063218269,423.36122373556384,187.56648222041719,545.8825096758648,385.47527710625974,24248.040048308678,chen,0.8796109190455328,diana,0.7406317596623226,0.13897915938321015,chen,chen,chen,1,1,1,0,0,14.270785204783659,8.525453080094502,4.801622669369806,27.597860954247967
Daylight_Near_20260114_210800_T8,1736906000.52,13,Daylight,Near,4,4,1280,720,23.58535434036565,1,2,alice,3,1,0.9191092299461303,749.1180140346468,224.22938936902236,853.6268476743809,440.05410228389565,22555.58901736387,alice,0.8289298470122479,diana,0.7448932389702566,0.08403660804199131,alice,alice,alice,2,1,1,0,0,14.270785204783659,8.525453080094502,4.801622669369806,27.597860954247967
Daylight_Near_20260114_210800_T8,1736906000.52,13,Daylight,Near,4,4,1280,720,23.58535434036565,1,3,bob,4,1,0.698099412511909,1067.162287271407,208.71732639196966,1178.2711065715525,387.8389170860868,19901.988453187296,bob,0.8011233920704993,alice,0.6529877034749682,0.14813568859553117,bob,bob,bob,2,1,1,0,0,14.270785204783659,8.525453080094502,4.801622669369806,27.597860954247967
Daylight_Near_20260114_210800_T8,1736906000.56,14,Daylight,Near,4,4,1280,720,23.84956334734298,3,0,diana,1,1,0.798209496897256,104.65593479275857,313.21731968711015,189.65732376290782,494.1752477796489,15381.675233026182,diana,0.7869099915520557,chen,0.7095646769498072,0.07734531460224847,diana,diana,diana,2,1,1,0,0,8.391562258528317,5.79537224999061,8.978801657350687,23.165736165869614
Daylight_Near_20260114_210800_T8,1736906000.56,14,Daylight,Near,4,4,1280,720,23.84956334734298,3,1,chen,2,1,0.7990021177715765,381.26976511061366,270.3602017607527,490.0068958427544,410.2358067813726,15209.671949364423,chen,0.8801204948073755,diana,0.8134651755920617,0.06665531921531387,chen,chen,chen,3,1,1,0,0,8.391562258528317,5.79537224999061,8.978801657350687,23.165736165869614
Daylight_Near_20260114_210800_T8,1736906000.56,14,Daylight,Near,4,4,1280,720,23.84956334734298,3,2,alice,3,1,0.7920598625194565,768.4556847629788,212.8435752683724,851.1153668092015,350.9668978851629,11417.229930671752,alice,0.9291300841102373,diana,0.8009994718979402,0.12813061221229716,alice,alice,alice,2,1,1,0,0,8.391562258528317,5.79537224999061,8.978801657350687,23.165736165869614
Daylight_Near_20260114_210800_T8,1736906000.56,14,Daylight,Near,4,4,1280,720,23.84956334734298,3,3,bob,4,1,0.939891421011716,1067.1314864681706,233.5010341564918,1181.7339454989317,443.3061982751877,24044.187725354954,bob,0.8540365979223581,alice,0.7174372031755749,0.13659939474678318,bob,bob,bob,1,1,1,0,0,8.391562258528317,5.79537224999061,8.978801657350687,23.165736165869614
Daylight_Near_20260114_210800_T8,1736906000.6,15,Daylight,Near,4,4,1280,720,24.80402397772848,4,0,diana,1,1,0.7738960554318198,119.69122849398536,309.96424944022965,214.68026366138298,473.3542366619156,15520.257242201373,chen,0.8974105104553902,diana,0.80868396432273,0.08872654613266018,chen,chen,chen,2,0,0,1,0,9.693310109665877,7.040966998065632,3.2913073577111005,20.02558446544261
Daylight_Near_20260114_210800_T8,1736906000.6,15,Daylight,Near,4,4,1280,720,24.80402397772848,4,1,chen,2,1,0.7776964013606774,423.97153247005406,237.51175738428094,522.08927516031,445.537016466791,20410.96884373154,chen,0.9030155998986954,diana,0.777200268954588,0.12581533094410735,chen,chen,chen,1,1,1,0,0,9.693310109665877,7.040966998065632,3.2913073577111005,20.02558446544261
Daylight_Near_20260114_210800_T8,1736906000.6,15,Daylight,Near,4,4,1280,720,24.80402397772848,4,2,alice,3,1,0.6607351717255566,744.2823420126541,230.2157989183852,859.9390859543963,364.13635852584514,15488.81587105482,alice,0.8616220847251213,chen,0.7094223696797356,0.15219971504538565,alice,alice,alice,2,1,1,0,0,9.693310109665877,7.040966998065632,3.2913073577111005,20.02558446544261
Daylight_Near_20260114_210800_T8,1736906000.6,15,Daylight,Near,4,4,1280,720,24.80402397772848,4,3,bob,4,1,0.7726475723305507,1066.779999507482,199.13770252022135,1160.155916065432,372.95891682727944,16230.715203137392,bob,0.9516921990740199,chen,0.7945856063352278,0.15710659273879213,bob,bob,bob,1,1,1,0,0,9.693310109665877,7.040966998065632,3.2913073577111005,20.02558446544261
Daylight_Near_20260114_210800_T8,1736906000.64,16,Daylight,Near,4,4,1280,720,26.219529903697573,0,0,diana,1,1,0.7648190950071722,112.96220776356296,261.6855975950687,240.21197639382513,454.13999178916373,24489.777133075862,diana,0.879596907011152,bob,0.7826360270662915,0.09696087994486047,diana,diana,diana,1,1,1,0,0,8.679352269163479,7.584253998985873,6.774653264273117,23.03825953242247
Daylight_Near_20260114_210800_T8,1736906000.64,16,Daylight,Near,4,4,1280,720,26.219529903697573,0,1,chen,-1,0,-1.0,-1.0,-1.0,-1.0,-1.0,0.0,unknown,-1.0,unknown,-1.0,-1.0,unknown,unknown,unknown,0,0,0,0,1,8.679352269163479,7.584253998985873,6.774653264273117,23.03825953242247
Daylight_Near_20260114_210800_T8,1736906000.64,16,Daylight,Near,4,4,1280,720,26.219529903697573,0,2,alice,3,1,0.7325330834964964,750.5105623571475,246.4380164837233,866.738844974435,438.44552128033007,22316.7025321402,alice,0.7971845343429277,chen,0.6645027360495246,0.1326817982934031,alice,alice,alice,2,1,1,0,0,8.679352269163479,7.584253998985873,6.774653264273117,23.03825953242247
Daylight_Near_20260114_210800_T8,1736906000.64,16,Daylight,Near,4,4,1280,720,26.219529903697573,0,3,bob,4,1,0.8416933354694778,1089.9049867244626,238.5598906768816,1171.0648254973694,437.38099827760783,16136.289037525701,bob,0.8591799728655811,diana,0.6994386492690841,0.15974132359649706,bob,bob,bob,1,1,1,0,0,8.679352269163479,7.584253998985873,6.774653264273117,23.03825953242247
Daylight_Near_20260114_210800_T8,1736906000.68,17,Daylight,Near,4,4,1280,720,24.613705378973496,2,0,diana,1,1,0.6673630248483764,95.02060584806381,208.629040575047,205.53074246334123,383.4415257894495,19318.551623099786,diana,0.8236127145790103,alice,0.7214760061922642,0.10213670838674616,diana,diana,diana,2,1,1,0,0,12.536728287936139,8.68908626710115,2.4218185671849213,23.64763312222221
Daylight_Near_20260114_210800_T8,1736906000.68,17,Daylight,Near,4,4,1280,720,24.613705378973496,2,1,chen,2,1,0.7008712087031751,429.31455424421347,217.6347778572923,536.2120122379873,354.4943969885004,14629.945387122205,chen,0.9184693302534448,diana,0.7455561126942851,0.17291321755915967,chen,chen,chen,1,1,1,0,0,12.536728287936139,8.68908626710115,2.4218185671849213,23.64763312222221
Daylight_Near_20260114_210800_T8,1736906000.68,17,Daylight,Near,4,4,1280,720,24.613705378973496,2,2,alice,3,1,0.87384314150143,764.7552002934037,246.34646549684012,864.5590655648739,442.87494625279805,19614.302015374342,alice,0.7417424933724269,diana,0.6577224609492149,0.08402003242321199,alice,alice,alice,1,1,1,0,0,12.536728287936139,8.68908626710115,2.4218185671849213,23.64763312222221
Daylight_Near_20260114_210800_T8,1736906000.68,17,Daylight,Near,4,4,1280,720,24.613705378973496,2,3,bob,4,1,0.7503263635195649,1064.0527747293486,212.6523646347951,1164.0224622779247,361.85366729725723,14915.607609006871,diana,0.8198065926442708,bob,0.7381364113824869,0.08167018126178394,diana,diana,diana,1,0,0,1,0,12.536728287936139,8.68908626710115,2.4218185671849213,23.64763312222221
Daylight_Near_20260114_210800_T8,1736906000.72,18,Daylight,Near,4,4,1280,720,21.704721992901035,0,0,diana,1,1,0.7588141910546788,99.4278625194129,271.66883939147704,227.26400946099574,455.42619838112034,23490.83274539723,diana,0.8783727601131752,alice,0.8020335748878404,0.07633918522533478,diana,diana,diana,1,1,1,0,0,12.327606657271216,7.489109666612992,3.5771611286717784,23.393877452555987
Daylight_Near_20260114_210800_T8,1736906000.72,18,Daylight,Near,4,4,1280,720,21.704721992901035,0,1,chen,2,1,0.911887549625003,424.72250168728885,243.1529205081251,536.2713323398402,404.097473219844,17953.176654890158,chen,0.8617759065892396,diana,0.7077925458492478,0.15398336073999186,chen,chen,chen,1,1,1,0,0,12.327606657271216,7.489109666612992,3.5771611286717784,23.393877452555987
Daylight_Near_20260114_210800_T8,1736906000.72,18,Daylight,Near,4,4,1280,720,21.704721992901035,0,2,alice,3,1,0.6925913178446329,762.6749136468445,161.55106201153404,845.1415942964154,358.06263633605255,16205.657243764483,alice,0.8480483773190122,bob,0.7488059122174257,0.09924246510158652,alice,alice,alice,2,1,1,0,0,12.327606657271216,7.489109666612992,3.5771611286717784,23.393877452555987
Daylight_Near_20260114_210800_T8,1736906000.72,18,Daylight,Near,4,4,1280,720,21.704721992901035,0,3,bob,4,1,0.7766261181448191,1090.9498876410637,223.2846671266537,1171.3993049796666,437.44362652739864,17228.96350163144,bob,0.8349526469475368,chen,0.6904047933852617,0.14454785356227506,bob,bob,bob,2,1,1,0,0,12.327606657271216,7.489109666612992,3.5771611286717784,23.393877452555987
Daylight_Near_20260114_210800_T8,1736906000.76,19,Daylight,Near,4,4,1280,720,26.582593966068433,0,0,diana,1,1,0.7562806325975543,79.95776572132587,188.1998329900774,199.81516481127557,393.4147132542578,24596.52180302011,bob,0.7702965421409174,chen,0.7514416874250195,0.018854854715897873,unknown,unknown,unknown,0,0,0,0,0,11.466174907950732,9.269130017878428,11.426173180304989,32.16147810613415
Daylight_Near_20260114_210800_T8,1736906000.76,19,Daylight,Near,4,4,1280,720,26.582593966068433,0,1,chen,2,1,0.7673222254127527,419.7181081245629,293.89704352961564,541.8129456951247,486.1784823816048,23476.57104446752,chen,0.9010744383482898,alice,0.7658202368457301,0.13525420150255973,chen,chen,chen,1,1,1,0,0,11.466174907950732,9.269130017878428,11.426173180304989,32.16147810613415
Daylight_Near_20260114_210800_T8,1736906000.76,19,Daylight,Near,4,4,1280,720,26.582593966068433,0,2,alice,3,1,0.7220599964656589,749.6746343881898,231.87442807158538,875.6775541214718,367.0955670355055,17038.25831911379,bob,0.6381909232332145,diana,0.5800844058483698,0.058106517384844625,unknown,unknown,unknown,0,0,0,0,0,11.466174907950732,9.269130017878428,11.426173180304989,32.16147810613415
Daylight_Near_20260114_210800_T8,1736906000.76,19,Daylight,Near,4,4,1280,720,26.582593966068433,0,3,bob,4,1,0.6256595799413334,1084.8823100328057,252.7214909543944,1177.6724740864804,395.6481863840993,13262.191516571922,bob,0.8093013079657507,chen,0.6389470419445816,0.1703542660211691,bob,bob,bob,1,1,1,0,0,11.466174907950732,9.269130017878428,11.426173180304989,32.16147810613415
Daylight_Near_20260114_210800_T8,1736906000.8,20,Daylight,Near,4,4,1280,720,26.308309531635427,1,0,diana,1,1,0.800785664736521,80.61914417771797,255.64264906024033,202.01446336102148,426.59193280962467,20752.44286491363,diana,0.8678114093573164,chen,0.7694683905203517,0.09834301883696472,diana,diana,diana,2,1,1,0,0,10.532388996685613,6.382448277710065,7.615056171528691,24.52989344592437
Daylight_Near_20260114_210800_T8,1736906000.8,20,Daylight,Near,4,4,1280,720,26.308309531635427,1,1,chen,2,1,0.7815259007019038,445.4596245743692,154.69624358990566,559.2123519509444,288.9563059180633,15272.448267576912,chen,0.8386556403143991,diana,0.70838740455353,0.1302682357608691,chen,chen,chen,3,1,1,0,0,10.532388996685613,6.382448277710065,7.615056171528691,24.52989344592437
Daylight_Near_20260114_210800_T8,1736906000.8,20,Daylight,Near,4,4,1280,720,26.308309531635427,1,2,alice,3,1,0.8310584866120182,744.8195673779833,226.83317192435635,842.8304537762936,440.28761795864995,20920.859461481403,alice,0.8812010852626216,bob,0.7469200924831568,0.13428099277946481,alice,alice,alice,2,1,1,0,0,10.532388996685613,6.382448277710065,7.615056171528691,24.52989344592437
Daylight_Near_20260114_210800_T8,1736906000.8,20,Daylight,Near,4,4,1280,720,26.308309531635427,1,3,bob,4,1,0.7007557044166361,1029.0016685415776,221.24687608470146,1138.7971770505592,382.09989341602756,17660.938833096978,bob,0.8570971376712478,diana,0.796666097647061,0.060431040024186866,bob,bob,bob,2,1,1,0,0,10.532388996685613,6.382448277710065,7.615056171528691,24.52989344592437
Daylight_Near_20260114_210800_T8,1736906000.84,21,Daylight,Near,4,4,1280,720,25.035306784473875,0,0,diana,1,1,0.7574842453302784,126.85510046997365,325.7354518884009,228.93603027512358,471.52234140257576,14882.061235007632,diana,0.7326551550707695,chen,0.6892051478064383,0.043450007264331236,unknown,unknown,unknown,0,0,0,0,0,13.188606219370143,11.50485644257783,5.51801274231328,30.211475404261254
Daylight_Near_20260114_210800_T8,1736906000.84,21,Daylight,Near,4,4,1280,720,25.035306784473875,0,1,chen,2,1,0.7797422559916962,423.0952286154867,253.7195199801452,536.1298512826718,390.2575203489319,15433.521351417783,chen,0.7615600808404619,bob,0.6742810227266499,0.08727905811381198,chen,chen,chen,2,1,1,0,0,13.188606219370143,11.50485644257783,5.51801274231328,30.211475404261254
Daylight_Near_20260114_210800_T8,1736906000.84,21,Daylight,Near,4,4,1280,720,25.035306784473875,0,2,alice,3,1,0.7362095010278105,746.2244129042821,198.22932698536033,859.1079111177168,348.1330417438953,16921.655717132307,alice,0.8673152194491576,bob,0.7540945990109161,0.11322062043824144,alice,alice,alice,2,1,1,0,0,13.188606219370143,11.50485644257783,5.51801274231328,30.211475404261254
Daylight_Near_20260114_210800_T8,1736906000.84,21,Daylight,Near,4,4,1280,720,25.035306784473875,0,3,bob,4,1,0.8139856370060575,1092.0469089393598,272.133417414891,1172.1820248407728,412.77228540728345,11270.111986813887,bob,0.7653263465755178,chen,0.6738549627452375,0.0914713838302803,bob,bob,bob,1,1,1,0,0,13.188606219370143,11.50485644257783,5.51801274231328,30.211475404261254
Daylight_Near_20260114_210800_T8,1736906000.88,22,Daylight,Near,4,4,1280,720,26.430476055093703,1,0,diana,1,1,0.6562952028498765,84.20476351393995,112.27540712552882,181.24156198726484,320.89632444537045,20243.905911285645,diana,0.907292135514008,alice,0.8214675436877742,0.08582459182623381,diana,diana,diana,2,1,1,0,0,19.981570814556015,15.303919374277061,3.7063619312270326,38.99185212006011
Daylight_Near_20260114_210800_T8,1736906000.88,22,Daylight,Near,4,4,1280,720,26.430476055093703,1,1,chen,2,1,0.7344952858268324,414.1167545479137,181.43369831316323,504.4522711791471,384.66642578161765,18359.133432237493,chen,0.8529831393112713,bob,0.7052858261032997,0.14769731320797164,chen,chen,chen,2,1,1,0,0,19.981570814556015,15.303919374277061,3.7063619312270326,38.99185212006011
Daylight_Near_20260114_210800_T8,1736906000.88,22,Daylight,Near,4,4,1280,720,26.430476055093703,1,2,alice,3,1,0.8468172039296856,749.5835223879772,215.33769839427595,848.6733019391597,378.01012233027205,16119.17462687437,alice,0.8562865078316675,bob,0.7095255996156679,0.14676090821599963,alice,alice,alice,1,1,1,0,0,19.981570814556015,15.303919374277061,3.7063619312270326,38.99185212006011
Daylight_Near_20260114_210800_T8,1736906000.88,22,Daylight,Near,4,4,1280,720,26.430476055093703,1,3,bob,4,1,0.8587826033649122,1069.0033427997178,160.05330538684268,1161.8381529583503,374.63785610205537,19920.916028622225,bob,0.8295321608767173,alice,0.7059269352618429,0.12360522561487441,bob,bob,bob,1,1,1,0,0,19.981570814556015,15.303919374277061,3.7063619312270326,38.99185212006011
Daylight_Near_20260114_210800_T8,1736906000.92,23,Daylight,Near,4,4,1280,720,25.156898912174917,1,0,diana,1,1,0.6633892181294365,132.0578816508172,150.34272105765262,239.12276337329848,315.477954025813,17680.184185950482,diana,0.8732355904497634,bob,0.7222457556174214,0.15098983483234196,diana,diana,diana,3,1,1,0,0,11.592378834606558,5.228156482352476,5.958332110230781,22.778867427189816
Daylight_Near_20260114_210800_T8,1736906000.92,23,Daylight,Near,4,4,1280,720,25.156898912174917,1,1,chen,2,1,0.7035094233286504,443.5819828599632,288.6535183599054,535.3077194828408,433.3290963293194,13270.473960585055,chen,0.8136369988494634,bob,0.7391419239622422,0.07449507488722118,chen,chen,chen,3,1,1,0,0,11.592378834606558,5.228156482352476,5.958332110230781,22.778867427189816
Daylight_Near_20260114_210800_T8,1736906000.92,23,Daylight,Near,4,4,1280,720,25.156898912174917,1,2,alice,3,1,0.99,749.3646212030962,243.84168884848447,875.260892757952,385.14607264641296,17789.695074515563,alice,0.8955598401484347,diana,0.7406760771159597,0.15488376303247497,alice,alice,alice,1,1,1,0,0,11.592378834606558,5.228156482352476,5.958332110230781,22.778867427189816
Daylight_Near_20260114_210800_T8,1736906000.92,23,Daylight,Near,4,4,1280,720,25.156898912174917,1,3,bob,4,1,0.8325163590933436,1081.373655911232,245.6057882217175,1177.3750993978645,412.83176246844437,16053.934916144217,bob,0.8699233822735869,alice,0.6976775461966146,0.1722458360769723,bob,bob,bob,2,1,1,0,0,11.592378834606558,5.228156482352476,5.958332110230781,22.778867427189816
Daylight_Near_20260114_210800_T8,1736906000.96,24,Daylight,Near,4,4,1280,720,25.031430007508227,0,0,diana,1,1,0.7540758745245669,96.19254405865931,172.3905387740431,217.5004363859177,338.4825398823655,20148.270586867253,diana,0.8522015879467952,bob,0.6926661714024636,0.15953541654433168,diana,diana,diana,3,1,1,0,0,11.810880013687521,7.669182729958834,8.158795066682215,27.63885781032857
Daylight_Near_20260114_210800_T8,1736906000.96,24,Daylight,Near,4,4,1280,720,25.031430007508227,0,1,chen,2,1,0.7374702724947312,394.8241308163137,254.44010003852532,510.51342034869793,387.98513501797004,15449.73021734936,chen,0.7761044526958261,alice,0.6355384123509711,0.14056604034485498,chen,chen,chen,1,1,1,0,0,11.810880013687521,7.669182729958834,8.158795066682215,27.63885781032857
Daylight_Near_20260114_210800_T8,1736906000.96,24,Daylight,Near,4,4,1280,720,25.031430007508227,0,2,alice,3,1,0.7877978187897446,734.0400685438175,201.6811998432584,853.6740502455351,389.79591717221075,22504.91265075567,alice,0.9097822961553064,chen,0.8482177686072614,0.06156452754804498,alice,alice,alice,2,1,1,0,0,11.810880013687521,7.669182729958834,8.158795066682215,27.63885781032857
Daylight_Near_20260114_210800_T8,1736906000.96,24,Daylight,Near,4,4,1280,720,25.031430007508227,0,3,bob,4,1,0.8336983063208083,1056.1769319824393,261.5947265097928,1165.3676557271956,474.0301293963834,23195.975390195716,bob,0.8202041752147753,diana,0.7275465664514159,0.09265760876335938,bob,bob,bob,2,1,1,0,0,11.810880013687521,7.669182729958834,8.158795066682215,27.63885781032857
Daylight_Near_20260114_210800_T8,1736906001.0,25,Daylight,Near,4,4,1280,720,23.589693211025573,1,0,diana,1,1,0.6959155280882104,118.26614851721828,205.89944746796186,228.09843895794322,399.7313070267098,21288.99709572221,chen,0.7770477791743943,diana,0.741396047161788,0.035651732012606296,chen,chen,chen,2,0,0,1,0,10.111068287904006,8.064220592571468,9.400789580371343,27.57607846084682
Daylight_Near_20260114_210800_T8,1736906001.0,25,Daylight,Near,4,4,1280,720,23.589693211025573,1,1,chen,2,1,0.7421000748137757,425.3024749928427,261.8213302435057,526.6997481314553,425.86048862019743,16633.12334734954,chen,0.8369505689401929,alice,0.726883478129309,0.11006709081088395,chen,chen,chen,2,1,1,0,0,10.111068287904006,8.064220592571468,9.400789580371343,27.57607846084682
Daylight_Near_20260114_210800_T8,1736906001.0,25,Daylight,Near,4,4,1280,720,23.589693211025573,1,2,alice,3,1,0.6553762715596254,784.9940386782853,260.2335571284892,872.4879920120416,397.02386187889863,11968.32454034262,alice,0.8662402128232076,bob,0.7353657398288036,0.13087447299440402,alice,alice,alice,2,1,1,0,0,10.111068287904006,8.064220592571468,9.400789580371343,27.57607846084682
Daylight_Near_20260114_210800_T8,1736906001.0,25,Daylight,Near,4,4,1280,720,23.589693211025573,1,3,bob,4,1,0.6631865068526177,1053.2156367047673,154.51918773822013,1161.5128451434393,365.9115193479388,22893.199398674573,bob,0.8553466004981727,diana,0.6957122155499949,0.15963438494817783,bob,bob,bob,2,1,1,0,0,10.111068287904006,8.064220592571468,9.400789580371343,27.57607846084682
Daylight_Near_20260114_210800_T8,1736906001.04,26,Daylight,Near,4,4,1280,720,27.545605873587235,0,0,diana,1,1,0.7992911200163474,118.2386888535216,219.9239448185822,231.7183730120871,366.0990458508717,16587.90429699061,chen,0.6537958014613098,alice,0.6072506174684867,0.046545183992823036,unknown,unknown,unknown,0,0,0,0,0,11.51973106972891,7.862172088318024,6.793535915630347,26.175439073677282
Daylight_Near_20260114_210800_T8,1736906001.04,26,Daylight,Near,4,4,1280,720,27.545605873587235,0,1,chen,2,1,0.7953409252484858,450.5707568869351,337.56267867667555,538.9174385674191,536.727301743016,17595.533556055572,chen,0.7640746177726113,alice,0.6979210858169137,0.06615353195569762,chen,chen,chen,2,1,1,0,0,11.51973106972891,7.862172088318024,6.793535915630347,26.175439073677282
Daylight_Near_20260114_210800_T8,1736906001.04,26,Daylight,Near,4,4,1280,720,27.545605873587235,0,2,alice,3,1,0.774362381581172,753.2101098220479,147.77938837568348,843.131831556063,327.33272622867565,16145.745282830369,alice,0.8990796808920611,chen,0.7366261290888252,0.16245355180323595,alice,alice,alice,2,1,1,0,0,11.51973106972891,7.862172088318024,6.793535915630347,26.175439073677282
Daylight_Near_20260114_210800_T8,1736906001.04,26,Daylight,Near,4,4,1280,720,27.545605873587235,0,3,bob,4,1,0.7546686154287323,1062.2531155159486,159.5236340576979,1176.5440991919122,350.8307110535802,21864.6740140327,bob,0.8494838521302961,alice,0.6794295795692145,0.17005427256108163,bob,bob,bob,2,1,1,0,0,11.51973106972891,7.862172088318024,6.793535915630347,26.175439073677282
Daylight_Near_20260114_210800_T8,1736906001.08,27,Daylight,Near,4,4,1280,720,22.19487294861255,0,0,diana,-1,0,-1.0,-1.0,-1.0,-1.0,-1.0,0.0,unknown,-1.0,unknown,-1.0,-1.0,unknown,unknown,unknown,0,0,0,0,1,12.918096660338232,6.178678940950921,4.583473586254665,23.68024918754382
Daylight_Near_20260114_210800_T8,1736906001.08,27,Daylight,Near,4,4,1280,720,22.19487294861255,0,1,chen,2,1,0.6354882082826417,424.389773968637,244.9969039907823,533.1045629900436,447.3432043185663,21998.035349397225,chen,0.8928068599210662,diana,0.7973340911935947,0.09547276872747157,chen,chen,chen,2,1,1,0,0,12.918096660338232,6.178678940950921,4.583473586254665,23.68024918754382
Daylight_Near_20260114_210800_T8,1736906001.08,27,Daylight,Near,4,4,1280,720,22.19487294861255,0,2,alice,3,1,0.8695822769059326,749.2611772920823,170.53088653941046,837.6840969690245,384.24306980942055,18897.055215268058,alice,0.85243164951439,diana,0.7889026597147897,0.06352898979960031,alice,alice,alice,1,1,1,0,0,12.918096660338232,6.178678940950921,4.583473586254665,23.68024918754382
Daylight_Near_20260114_210800_T8,1736906001.08,27,Daylight,Near,4,4,1280,720,22.19487294861255,0,3,bob,4,1,0.7986805398653297,1055.853290172394,272.0397276615095,1153.2549654259944,405.57677379212356,13006.732001539123,bob,0.8270745101186482,alice,0.7613593542825632,0.065715155836085,bob,bob,bob,1,1,1,0,0,12.918096660338232,6.178678940950921,4.583473586254665,23.68024918754382
Daylight_Near_20260114_210800_T8,1736906001.12,28,Daylight,Near,4,4,1280,720,24.147617580612838,3,0,diana,1,1,0.8282758965490294,104.21099164925053,316.35536004351735,205.30398116900935,458.82403414034303,14402.584177364333,diana,0.8702878715127471,alice,0.7504899734549378,0.11979789805780927,diana,diana,diana,1,1,1,0,0,10.152855770720327,4.764798616258394,5.604859023433537,20.52251341041226
Daylight_Near_20260114_210800_T8,1736906001.12,28,Daylight,Near,4,4,1280,720,24.147617580612838,3,1,chen,2,1,0.8038638777365732,458.4926947250448,291.9209173747449,575.1254937864311,431.2307933705486,16248.100774285214,chen,0.821124025334005,bob,0.7324380754718898,0.0886859498621152,chen,chen,chen,2,1,1,0,0,10.152855770720327,4.764798616258394,5.604859023433537,20.52251341041226
Daylight_Near_20260114_210800_T8,1736906001.12,28,Daylight,Near,4,4,1280,720,24.147617580612838,3,2,alice,3,1,0.7665333181293423,738.4924618237939,198.3837925711987,837.5536523753977,375.6182075850562,17557.052157989783,alice,0.8276896387666839,bob,0.7113918123542429,0.11629782641244102,alice,alice,alice,2,1,1,0,0,10.152855770720327,4.764798616258394,5.604859023433537,20.52251341041226
Daylight_Near_20260114_210800_T8,1736906001.12,28,Daylight,Near,4,4,1280,720,24.147617580612838,3,3,bob,4,1,0.8346763814598669,1082.7508987294254,244.52274243636634,1178.8188153375322,407.99907476583667,15704.830661626704,bob,0.8385061705171987,chen,0.6903692217162726,0.1481369488009261,bob,bob,bob,2,1,1,0,0,10.152855770720327,4.764798616258394,5.604859023433537,20.52251341041226
Daylight_Near_20260114_210800_T8,1736906001.16,29,Daylight,Near,4,4,1280,720,25.244022947311525,2,0,diana,1,1,0.8144825115751453,97.04803296149115,291.01624994696925,185.36950786950572,434.25019837630686,12650.633582177596,diana,0.9054773098328542,alice,0.7617846892024309,0.14369262063042332,diana,diana,diana,2,1,1,0,0,13.462161613788147,9.545365310533183,5.499776466257524,28.507303390578855
Daylight_Near_20260114_210800_T8,1736906001.16,29,Daylight,Near,4,4,1280,720,25.244022947311525,2,1,chen,2,1,0.7388142290251717,425.4135499434699,274.8125040592776,540.0241914260224,485.6910527710641,24168.92574276755,chen,0.882786040875238,alice,0.7224994732405049,0.16028656763473315,chen,chen,chen,2,1,1,0,0,13.462161613788147,9.545365310533183,5.499776466257524,28.507303390578855
Daylight_Near_20260114_210800_T8,1736906001.16,29,Daylight,Near,4,4,1280,720,25.244022947311525,2,2,alice,3,1,0.8548522395547379,738.0216182226711,242.33326284866038,859.4190186570363,415.71288283184754,21047.835154257034,alice,0.8572048008095398,bob,0.7199561882512527,0.13724861255828702,alice,alice,alice,1,1,1,0,0,13.462161613788147,9.545365310533183,5.499776466257524,28.507303390578855
Daylight_Near_20260114_210800_T8,1736906001.16,29,Daylight,Near,4,4,1280,720,25.244022947311525,2,3,bob,4,1,0.8580511002145631,1081.0928647078515,151.83435179056863,1163.2899859959373,307.0784361563868,12760.616831874975,bob,0.9023496140553215,diana,0.8309389628924317,0.0714106511628898,bob,bob,bob,3,1,1,0,0,13.462161613788147,9.545365310533183,5.499776466257524,28.507303390578855
Daylight_Near_20260114_210800_T8,1736906001.2,30,Daylight,Near,4,4,1280,720,23.215541501448627,0,0,diana,1,1,0.8383154197117131,96.28770327215328,315.4321718334264,201.9871200506521,502.16188957928114,19737.222260950544,diana,0.8597061093011292,alice,0.7656766135241689,0.09402949577696029,diana,diana,diana,1,1,1,0,0,12.64165379467027,7.077558235837622,6.577369750357673,26.296581780865566
Daylight_Near_20260114_210800_T8,1736906001.2,30,Daylight,Near,4,4,1280,720,23.215541501448627,0,1,chen,2,1,0.7541090913774271,436.1192325389902,230.8367424299545,543.6996198250861,376.6854196365332,15690.457179048517,chen,0.8483062910528429,diana,0.7160647438299415,0.1322415472229015,chen,chen,chen,3,1,1,0,0,12.64165379467027,7.077558235837622,6.577369750357673,26.296581780865566
Daylight_Near_20260114_210800_T8,1736906001.2,30,Daylight,Near,4,4,1280,720,23.215541501448627,0,2,alice,3,1,0.8046928974035106,746.1739023011911,276.18330941106115,864.9036628816101,420.5258580682895,17137.7562436402,alice,0.8549596333485515,diana,0.7291969328841224,0.12576270046442917,alice,alice,alice,1,1,1,0,0,12.64165379467027,7.077558235837622,6.577369750357673,26.296581780865566
Daylight_Near_20260114_210800_T8,1736906001.2,30,Daylight,Near,4,4,1280,720,23.215541501448627,0,3,bob,4,1,0.7093201751462541,1024.9750935775744,189.23453362788644,1120.7919941277344,330.30301169183906,13516.744333416173,bob,0.9168368581966913,diana,0.7877923867043124,0.12904447149237885,bob,bob,bob,1,1,1,0,0,12.64165379467027,7.077558235837622,6.577369750357673,26.296581780865566
Daylight_Near_20260114_210800_T8,1736906001.24,31,Daylight,Near,4,4,1280,720,25.05101694905609,1,0,diana,1,1,0.6220159529052427,126.37105410434683,263.4492938200716,214.16767673494795,455.1364463859429,16829.48459696027,diana,0.8780867802823931,chen,0.8127873126169876,0.06529946766540551,diana,diana,diana,2,1,1,0,0,7.229455874197555,4.171253928811927,5.002088661740315,16.402798464749797
Daylight_Near_20260114_210800_T8,1736906001.24,31,Daylight,Near,4,4,1280,720,25.05101694905609,1,1,chen,2,1,0.7471752766447133,419.4326716307292,234.62939484933952,518.9249044260705,397.1638117185096,16170.912040402514,chen,0.7939280661472116,diana,0.709353273030326,0.08457479311688554,chen,chen,chen,3,1,1,0,0,7.229455874197555,4.171253928811927,5.002088661740315,16.402798464749797
Daylight_Near_20260114_210800_T8,1736906001.24,31,Daylight,Near,4,4,1280,720,25.05101694905609,1,2,alice,3,1,0.8055411579076137,730.7587488770513,222.88952246057121,846.7683214052585,431.30115316218576,24177.74418760088,alice,0.7691707123956113,bob,0.71314787157653,0.056022840819081265,unknown,unknown,unknown,0,0,0,0,0,7.229455874197555,4.171253928811927,5.002088661740315,16.402798464749797
Daylight_Near_20260114_210800_T8,1736906001.24,31,Daylight,Near,4,4,1280,720,25.05101694905609,1,3,bob,4,1,0.7497142442338888,1087.0673665283855,228.5658063832882,1207.3125073830263,393.6925952509795,19855.69398627007,bob,0.8231072586720038,alice,0.6552308224550147,0.1678764362169891,bob,bob,bob,3,1,1,0,0,7.229455874197555,4.171253928811927,5.002088661740315,16.402798464749797
Daylight_Near_20260114_210800_T8,1736906001.28,32,Daylight,Near,4,4,1280,720,25.486541732241896,2,0,diana,1,1,0.7241501201137382,115.5809585538448,238.29263519611516,235.88604137951225,442.40474502843756,24555.72427909928,diana,0.9208211228064409,bob,0.7831159997708632,0.1377051230355777,diana,diana,diana,1,1,1,0,0,10.655940911005711,7.677603243488016,5.515892176321116,23.849436330814843
Daylight_Near_20260114_210800_T8,1736906001.28,32,Daylight,Near,4,4,1280,720,25.486541732241896,2,1,chen,2,1,0.8019644067691531,430.5326719887478,175.79273513421396,534.0595288153035,340.60556174441416,17062.55390365414,chen,0.801815055667391,bob,0.7039487133418219,0.09786634232556912,chen,chen,chen,2,1,1,0,0,10.655940911005711,7.677603243488016,5.515892176321116,23.849436330814843
Daylight_Near_20260114_210800_T8,1736906001.28,32,Daylight,Near,4,4,1280,720,25.486541732241896,2,2,alice,3,1,0.740106089638888,764.8543485645423,257.7431673245709,885.1928606561291,453.7113719615579,23582.522163274625,alice,0.8150422628436307,bob,0.6919567621502847,0.123085500693346,alice,alice,alice,3,1,1,0,0,10.655940911005711,7.677603243488016,5.515892176321116,23.849436330814843
Daylight_Near_20260114_210800_T8,1736906001.28,32,Daylight,Near,4,4,1280,720,25.486541732241896,2,3,bob,4,1,0.767889304668451,1096.4597938437103,270.9709214842102,1179.5267675454722,419.581046184638,12344.593320306007,diana,0.6503702215756552,bob,0.6136878382854513,0.0366823832902039,unknown,unknown,unknown,0,0,0,0,0,10.655940911005711,7.677603243488016,5.515892176321116,23.849436330814843
Daylight_Near_20260114_210800_T8,1736906001.32,33,Daylight,Near,4,4,1280,720,27.302446568107595,1,0,diana,-1,0,-1.0,-1.0,-1.0,-1.0,-1.0,0.0,unknown,-1.0,unknown,-1.0,-1.0,unknown,unknown,unknown,0,0,0,0,1,9.929424003160248,6.7846904390859475,11.457276825641637,28.17139126788783
Daylight_Near_20260114_210800_T8,1736906001.32,33,Daylight,Near,4,4,1280,720,27.302446568107595,1,1,chen,2,1,0.6208462316379676,420.09037708353526,253.91808765083763,543.9930565130096,388.5569905903369,16682.12082964889,chen,0.8973958144792606,diana,0.8214510676930096,0.07594474678625107,chen,chen,chen,1,1,1,0,0,9.929424003160248,6.7846904390859475,11.457276825641637,28.17139126788783
Daylight_Near_20260114_210800_T8,1736906001.32,33,Daylight,Near,4,4,1280,720,27.302446568107595,1,2,alice,3,1,0.8676132183054852,744.9795511736372,237.77626600005965,871.5245621938141,367.91347601535426,16468.214675520525,alice,0.8609005870644842,bob,0.766948880822035,0.0939517062424492,alice,alice,alice,1,1,1,0,0,9.929424003160248,6.7846904390859475,11.457276825641637,28.17139126788783
Daylight_Near_20260114_210800_T8,1736906001.32,33,Daylight,Near,4,4,1280,720,27.302446568107595,1,3,bob,4,1,0.8206061933428392,1043.1980401143599,249.51771442441773,1126.1410934346602,455.18224883614107,17058.444443806315,bob,0.8976296079498872,diana,0.8145419603187667,0.08308764763112053,bob,bob,bob,2,1,1,0,0,9.929424003160248,6.7846904390859475,11.457276825641637,28.17139126788783
Daylight_Near_20260114_210800_T8,1736906001.36,34,Daylight,Near,4,4,1280,720,25.233007718689432,0,0,diana,1,1,0.7754647643767503,65.6665584825343,273.76188921941036,192.79737743434515,407.77893453347576,17037.696724279078,diana,0.9057366025420646,chen,0.7784699204720701,0.12726668206999447,diana,diana,diana,2,1,1,0,0,13.266611097478245,9.480268218342124,1.66575048148907,24.41262979730944
Daylight_Near_20260114_210800_T8,1736906001.36,34,Daylight,Near,4,4,1280,720,25.233007718689432,0,1,chen,2,1,0.7344885372723824,420.5772155270494,136.54319655440293,501.31377381880367,270.4696148101172,10812.758074308336,chen,0.8057969995669826,diana,0.629696758323889,0.17610024124309354,chen,chen,chen,2,1,1,0,0,13.266611097478245,9.480268218342124,1.66575048148907,24.41262979730944
Daylight_Near_20260114_210800_T8,1736906001.36,34,Daylight,Near,4,4,1280,720,25.233007718689432,0,2,alice,3,1,0.7703958019865018,740.4108403682255,251.57478734851827,844.8494982843565,394.69760283166966,14947.554766238381,alice,0.7746856249596442,chen,0.6249520438729964,0.1497335810866478,alice,alice,alice,2,1,1,0,0,13.266611097478245,9.480268218342124,1.66575048148907,24.41262979730944
Daylight_Near_20260114_210800_T8,1736906001.36,34,Daylight,Near,4,4,1280,720,25.233007718689432,0,3,bob,4,1,0.7042252790198864,1098.4146032816795,189.75650768826756,1181.0904977664738,403.2590216357065,17651.511315356787,bob,0.8976412399243073,alice,0.7590503271564588,0.13859091276784852,bob,bob,bob,2,1,1,0,0,13.266611097478245,9.480268218342124,1.66575048148907,24.41262979730944
Daylight_Near_20260114_210800_T8,1736906001.4,35,Daylight,Near,4,4,1280,720,24.529065047733358,1,0,diana,1,1,0.6688598292065885,108.7514576590064,247.37658056461163,234.79568622216829,408.23111216659146,20274.78534666029,diana,0.9404037643302648,bob,0.861367754561827,0.07903600976843783,diana,diana,diana,2,1,1,0,0,12.65239953531133,14.28735235742199,9.046186845627672,35.98593873836099
Daylight_Near_20260114_210800_T8,1736906001.4,35,Daylight,Near,4,4,1280,720,24.529065047733358,1,1,chen,2,1,0.799997613730335,408.33235088143397,222.6202961841651,512.1702204426795,395.23095694781375,17923.523277256143,chen,0.7787770625480404,alice,0.6911087865407267,0.08766827600731364,chen,chen,chen,1,1,1,0,0,12.65239953531133,14.28735235742199,9.046186845627672,35.98593873836099
Daylight_Near_20260114_210800_T8,1736906001.4,35,Daylight,Near,4,4,1280,720,24.529065047733358,1,2,alice,3,1,0.6775311006654211,697.5696640342425,236.42375598272227,815.9153464538332,392.80474520847747,18507.014887372665,diana,0.8095337718013922,alice,0.7331142450469416,0.07641952675445063,diana,diana,diana,1,0,0,1,0,12.65239953531133,14.28735235742199,9.046186845627672,35.98593873836099
Daylight_Near_20260114_210800_T8,1736906001.4,35,Daylight,Near,4,4,1280,720,24.529065047733358,1,3,bob,4,1,0.8337685878443046,1093.2046755667388,320.01428483565485,1182.963960765101,451.72911856730786,11822.629325774307,alice,0.8325324844762805,chen,0.7565983044287735,0.07593418004750696,unknown,unknown,unknown,0,0,0,0,0,12.65239953531133,14.28735235742199,9.046186845627672,35.98593873836099
Daylight_Near_20260114_210800_T8,1736906001.44,36,Daylight,Near,4,4,1280,720,26.097884986497657,0,0,diana,1,1,0.8331683683393621,107.71051144441792,273.60479328229815,198.75067585794523,415.5142782808932,12919.462846111082,diana,0.9189668197329586,alice,0.8425060173064367,0.07646080242652187,diana,diana,diana,2,1,1,0,0,14.847398724103051,7.816249895891815,6.463402003624019,29.127050623618885
Daylight_Near_20260114_210800_T8,1736906001.44,36,Daylight,Near,4,4,1280,720,26.097884986497657,0,1,chen,2,1,0.7177585292079063,429.6760769296124,215.8089810344615,515.5810111842993,404.38946809940995,16199.99434303123,chen,0.9029489396759431,diana,0.7834333347094296,0.11951560496651359,chen,chen,chen,2,1,1,0,0,14.847398724103051,7.816249895891815,6.463402003624019,29.127050623618885
Daylight_Near_20260114_210800_T8,1736906001.44,36,Daylight,Near,4,4,1280,720,26.097884986497657,0,2,alice,3,1,0.8441616369758979,764.9315931765842,258.7411764152089,864.7449854906155,436.727802298964,17765.44891598596,alice,0.6253796356939351,diana,0.5829390383947896,0.04244059729914551,unknown,unknown,unknown,0,0,0,0,0,14.847398724103051,7.816249895891815,6.463402003624019,29.127050623618885
Daylight_Near_20260114_210800_T8,1736906001.44,36,Daylight,Near,4,4,1280,720,26.097884986497657,0,3,bob,4,1,0.7871667618601575,1053.1861711885415,300.2028629339312,1159.6126549946787,442.71442506846904,15167.004459698703,diana,0.7859275639166294,bob,0.7088984138423766,0.07702915007425282,diana,diana,diana,1,0,0,1,0,14.847398724103051,7.816249895891815,6.463402003624019,29.127050623618885
Daylight_Near_20260114_210800_T8,1736906001.48,37,Daylight,Near,4,4,1280,720,24.295255554390963,2,0,diana,1,1,0.5797854098362851,108.49703128305612,218.49695462975288,196.65530668093726,425.0055709755087,18205.443471844523,diana,0.8722379594186344,bob,0.7352753282866173,0.136962631132017,diana,diana,diana,2,1,1,0,0,14.203889127237554,8.967674818929481,3.9668984357780754,27.13846238194511
Daylight_Near_20260114_210800_T8,1736906001.48,37,Daylight,Near,4,4,1280,720,24.295255554390963,2,1,chen,2,1,0.99,423.8609907267224,200.90808365130175,511.3756367849633,390.24854787969394,16570.063711450774,chen,0.8254976509141677,diana,0.6546372080932754,0.1708604428208923,chen,chen,chen,1,1,1,0,0,14.203889127237554,8.967674818929481,3.9668984357780754,27.13846238194511
Daylight_Near_20260114_210800_T8,1736906001.48,37,Daylight,Near,4,4,1280,720,24.295255554390963,2,2,alice,3,1,0.8189727716075657,758.2403404900905,216.32735279028964,843.6276005240221,388.875752098907,14733.43504020358,diana,0.7706886523416863,bob,0.7361618546559003,0.034526797685785926,unknown,unknown,unknown,0,0,0,0,0,14.203889127237554,8.967674818929481,3.9668984357780754,27.13846238194511
Daylight_Near_20260114_210800_T8,1736906001.48,37,Daylight,Near,4,4,1280,720,24.295255554390963,2,3,bob,4,1,0.8611353552967591,1060.849131446567,336.1750956370754,1178.6763843535261,523.8385732742183,22111.8720409511,bob,0.9877162994522304,alice,0.9198421910562771,0.06787410839595331,bob,bob,bob,1,1,1,0,0,14.203889127237554,8.967674818929481,3.9668984357780754,27.13846238194511
Daylight_Near_20260114_210800_T8,1736906001.52,38,Daylight,Near,4,4,1280,720,24.358747317802727,2,0,diana,-1,0,-1.0,-1.0,-1.0,-1.0,-1.0,0.0,unknown,-1.0,unknown,-1.0,-1.0,unknown,unknown,unknown,0,0,0,0,1,10.018019894860219,6.588607941751445,9.56921449545884,26.175842332070502
Daylight_Near_20260114_210800_T8,1736906001.52,38,Daylight,Near,4,4,1280,720,24.358747317802727,2,1,chen,2,1,0.7493235708678921,448.05793756975453,277.20526714093694,534.0038211621116,481.695793063084,17575.11893664474,chen,0.653735667514019,bob,0.6211415158911663,0.03259415162285273,unknown,unknown,unknown,0,0,0,0,0,10.018019894860219,6.588607941751445,9.56921449545884,26.175842332070502
Daylight_Near_20260114_210800_T8,1736906001.52,38,Daylight,Near,4,4,1280,720,24.358747317802727,2,2,alice,3,1,0.8144045250769936,755.2390268818584,324.61561875976685,873.4528264167737,483.44205644636105,18775.476665527767,alice,0.8864954050254624,bob,0.8136332087416123,0.07286219628385016,alice,alice,alice,3,1,1,0,0,10.018019894860219,6.588607941751445,9.56921449545884,26.175842332070502
Daylight_Near_20260114_210800_T8,1736906001.52,38,Daylight,Near,4,4,1280,720,24.358747317802727,2,3,bob,4,1,0.7717981945044133,1089.9178377125368,299.8877742537521,1178.8260904620247,472.5655417755604,15352.478599046248,bob,0.8335177262152186,diana,0.6577286400198146,0.175789086195404,bob,bob,bob,2,1,1,0,0,10.018019894860219,6.588607941751445,9.56921449545884,26.175842332070502
Daylight_Near_20260114_210800_T8,1736906001.56,39,Daylight,Near,4,4,1280,720,27.03038168379333,1,0,diana,1,1,0.7344917570224749,129.94128999629794,323.5206737560427,210.34606155957363,454.23808276595184,10510.30341078502,diana,0.8756177176707391,alice,0.7028632361793574,0.17275448149138173,diana,diana,diana,2,1,1,0,0,18.13220077587612,8.687214160465661,6.550052630898211,33.369467567239994
Daylight_Near_20260114_210800_T8,1736906001.56,39,Daylight,Near,4,4,1280,720,27.03038168379333,1,1,chen,2,1,0.8289000237155373,419.5074367154194,241.17059867335502,544.1960748667104,398.573566914382,19626.361750944572,chen,0.803544670207086,alice,0.7271870922292796,0.0763575779778064,chen,chen,chen,2,1,1,0,0,18.13220077587612,8.687214160465661,6.550052630898211,33.369467567239994
Daylight_Near_20260114_210800_T8,1736906001.56,39,Daylight,Near,4,4,1280,720,27.03038168379333,1,2,alice,3,1,0.7957089980633383,773.90201597578,223.81152351249796,857.8048769126011,364.03519485575816,11765.167196764063,bob,0.6286759188258509,alice,0.6010408268570707,0.027635091968780223,unknown,unknown,unknown,0,0,0,0,0,18.13220077587612,8.687214160465661,6.550052630898211,33.369467567239994
Daylight_Near_20260114_210800_T8,1736906001.56,39,Daylight,Near,4,4,1280,720,27.03038168379333,1,3,bob,4,1,0.7515191069182631,1062.7590933728136,188.35866315616704,1159.654134083093,401.5161000390368,20653.89852446446,bob,0.6647242965866414,chen,0.6011338123447114,0.06359048424193003,unknown,unknown,unknown,0,0,0,0,0,18.13220077587612,8.687214160465661,6.550052630898211,33.369467567239994
Daylight_Near_20260114_210800_T8,1736906001.6,40,Daylight,Near,4,4,1280,720,26.527249493639022,1,0,diana,1,1,0.6887254028435558,108.61215928859536,153.3928411377537,217.84139044509277,363.7621816679022,22978.48132500751,diana,0.8852925124862177,alice,0.798425322444715,0.08686719004150267,diana,diana,diana,2,1,1,0,0,19.351958838042968,10.20694852946541,5.783030324638947,35.341937692147326
Daylight_Near_20260114_210800_T8,1736906001.6,40,Daylight,Near,4,4,1280,720,26.527249493639022,1,1,chen,2,1,0.8776163357538797,414.48974437158085,252.68598783030956,526.1749587067882,459.6365760927684,23113.320806889955,chen,0.8480087129178812,bob,0.7515515913191175,0.09645712159876363,chen,chen,chen,2,1,1,0,0,19.351958838042968,10.20694852946541,5.783030324638947,35.341937692147326
Daylight_Near_20260114_210800_T8,1736906001.6,40,Daylight,Near,4,4,1280,720,26.527249493639022,1,2,alice,3,1,0.8028046346869393,761.106252903287,242.06489750033057,850.838961288639,457.00137854729763,19286.832575161232,alice,0.904013223340526,bob,0.8071372534197095,0.09687596992081648,alice,alice,alice,2,1,1,0,0,19.351958838042968,10.20694852946541,5.783030324638947,35.341937692147326
Daylight_Near_20260114_210800_T8,1736906001.6,40,Daylight,Near,4,4,1280,720,26.527249493639022,1,3,bob,4,1,0.6846038823331014,1063.146292126301,222.6451385122699,1156.6301541555913,405.2348133745613,17069.18797279943,bob,0.5904029594032322,chen,0.575021374035048,0.015381585368184125,unknown,unknown,unknown,0,0,0,0,0,19.351958838042968,10.20694852946541,5.783030324638947,35.341937692147326
Daylight_Near_20260114_210800_T8,1736906001.64,41,Daylight,Near,4,4,1280,720,25.930677555534523,1,0,diana,1,1,0.813556257607784,132.78568796676655,240.0260459622433,221.16531511175396,373.11538629485415,11762.38627556848,diana,0.8254378213690924,alice,0.7229641695527673,0.10247365181632506,diana,diana,diana,1,1,1,0,0,14.748300065470266,8.924689216935308,5.2950491353892915,28.968038417794865
Daylight_Near_20260114_210800_T8,1736906001.64,41,Daylight,Near,4,4,1280,720,25.930677555534523,1,1,chen,2,1,0.7785880817118296,400.32924975729156,308.1321388108494,512.9341147321995,458.00976751926254,16876.950143470247,chen,0.8540835052919197,bob,0.7837170623429357,0.07036644294898398,chen,chen,chen,3,1,1,0,0,14.748300065470266,8.924689216935308,5.2950491353892915,28.968038417794865
Daylight_Near_20260114_210800_T8,1736906001.64,41,Daylight,Near,4,4,1280,720,25.930677555534523,1,2,alice,3,1,0.8584147275071299,760.6140480855578,265.904329367142,845.6185225085597,445.9338247517365,15303.312635805714,alice,0.8260932674099564,chen,0.7059658196521008,0.12012744775785555,alice,alice,alice,2,1,1,0,0,14.748300065470266,8.924689216935308,5.2950491353892915,28.968038417794865
Daylight_Near_20260114_210800_T8,1736906001.64,41,Daylight,Near,4,4,1280,720,25.930677555534523,1,3,bob,4,1,0.8421053151509916,1049.1673591454253,206.5916884309403,1166.149153109516,340.9630979377531,15719.00854159043,bob,0.8383184906034646,diana,0.728922073830662,0.10939641677280265,bob,bob,bob,2,1,1,0,0,14.748300065470266,8.924689216935308,5.2950491353892915,28.968038417794865
Daylight_Near_20260114_210800_T8,1736906001.68,42,Daylight,Near,4,4,1280,720,24.092557252262846,0,0,diana,1,1,0.8110691773831663,71.38492023664745,216.23349875369968,192.4186489517963,357.1761492973277,17058.814530291504,diana,0.8842840342874964,alice,0.7610050652002702,0.12327896908722613,diana,diana,diana,2,1,1,0,0,8.939983823320361,5.174700423384042,10.618890848906247,24.73357509561065
Daylight_Near_20260114_210800_T8,1736906001.68,42,Daylight,Near,4,4,1280,720,24.092557252262846,0,1,chen,2,1,0.8090598436115379,438.5382460702326,266.30063327075067,522.9396253676713,448.2725343791204,15358.679446923512,chen,0.8575120839164083,bob,0.7285186829789474,0.12899340093746092,chen,chen,chen,2,1,1,0,0,8.939983823320361,5.174700423384042,10.618890848906247,24.73357509561065
Daylight_Near_20260114_210800_T8,1736906001.68,42,Daylight,Near,4,4,1280,720,24.092557252262846,0,2,alice,3,1,0.7141100259679528,724.5168208211679,136.99414398403323,825.5517582373094,351.84663228148395,21707.607708835203,alice,0.8660641805022798,chen,0.7411606206419953,0.12490355986028456,alice,alice,alice,2,1,1,0,0,8.939983823320361,5.174700423384042,10.618890848906247,24.73357509561065
Daylight_Near_20260114_210800_T8,1736906001.68,42,Daylight,Near,4,4,1280,720,24.092557252262846,0,3,bob,4,1,0.7591659475130067,1042.464021280172,211.5462347931708,1164.0213225206035,408.58065133129105,23950.971925856953,bob,0.892361594729499,chen,0.824441318898397,0.06792027583110205,bob,bob,bob,1,1,1,0,0,8.939983823320361,5.174700423384042,10.618890848906247,24.73357509561065
Daylight_Near_20260114_210800_T8,1736906001.72,43,Daylight,Near,4,4,1280,720,24.668628976122363,1,0,diana,1,1,0.7393145086522646,129.33143283078823,260.5675348343277,217.79055870433956,413.6208227065348,13538.960057248452,diana,0.8927017222574293,chen,0.8274949756008075,0.06520674665662174,diana,diana,diana,2,1,1,0,0,14.34843199278458,6.785444738718584,5.93395904887451,27.067835780377674
Daylight_Near_20260114_210800_T8,1736906001.72,43,Daylight,Near,4,4,1280,720,24.668628976122363,1,1,chen,2,1,0.959150129549176,398.57817175947827,241.08456570209077,521.3567994463019,451.79553340992277,25870.803453730226,chen,0.8384010144303139,diana,0.7076462000241172,0.13075481440619674,chen,chen,chen,2,1,1,0,0,14.34843199278458,6.785444738718584,5.93395904887451,27.067835780377674
Daylight_Near_20260114_210800_T8,1736906001.72,43,Daylight,Near,4,4,1280,720,24.668628976122363,1,2,alice,3,1,0.6348465309946161,759.9329918376794,132.37622635175762,866.6802812782681,339.47317480304116,22107.037898591843,alice,0.7886736745440989,chen,0.7096225441397447,0.07905113040435419,alice,alice,alice,2,1,1,0,0,14.34843199278458,6.785444738718584,5.93395904887451,27.067835780377674
Daylight_Near_20260114_210800_T8,1736906001.72,43,Daylight,Near,4,4,1280,720,24.668628976122363,1,3,bob,4,1,0.8020921382488203,1055.4964812515373,295.96874117968855,1161.6117199072032,468.3013758319114,18287.11865428032,bob,0.9316533875735488,diana,0.7594830293659216,0.17217035820762716,bob,bob,bob,3,1,1,0,0,14.34843199278458,6.785444738718584,5.93395904887451,27.067835780377674
Daylight_Near_20260114_210800_T8,1736906001.76,44,Daylight,Near,4,4,1280,720,26.213604923130138,4,0,diana,1,1,0.77040724041856,140.02746555718932,275.32964333244854,229.1065234256015,483.9844347571294,18586.77223984062,diana,0.8845706785904554,bob,0.7467237674761024,0.137846911114353,diana,diana,diana,2,1,1,0,0,13.662070618197376,7.1419596022910445,5.127274731915006,25.931304952403426
Daylight_Near_20260114_210800_T8,1736906001.76,44,Daylight,Near,4,4,1280,720,26.213604923130138,4,1,chen,2,1,0.8412488315697219,417.39125509120396,310.46098069386744,507.1766818570158,448.12416630464395,12360.147870004737,chen,0.8708795347988774,bob,0.7207388783962985,0.1501406564025789,chen,chen,chen,3,1,1,0,0,13.662070618197376,7.1419596022910445,5.127274731915006,25.931304952403426
Daylight_Near_20260114_210800_T8,1736906001.76,44,Daylight,Near,4,4,1280,720,26.213604923130138,4,2,alice,3,1,0.7252410786483301,733.8116147153338,295.9116768135224,834.8029008850716,499.33478786392755,20543.96162162982,alice,0.8775404687529895,chen,0.8032125315142635,0.074327937238726,alice,alice,alice,2,1,1,0,0,13.662070618197376,7.1419596022910445,5.127274731915006,25.931304952403426
Daylight_Near_20260114_210800_T8,1736906001.76,44,Daylight,Near,4,4,1280,720,26.213604923130138,4,3,bob,4,1,0.7459620014314277,1088.4728152443429,284.2294022569642,1184.7474479774316,428.2113292339006,13861.807139906956,bob,0.8811300174400843,chen,0.7766793034671922,0.10445071397289218,bob,bob,bob,2,1,1,0,0,13.662070618197376,7.1419596022910445,5.127274731915006,25.931304952403426
Daylight_Near_20260114_210800_T8,1736906001.8,45,Daylight,Near,4,4,1280,720,27.261779232754396,1,0,diana,1,1,0.7945810336273397,109.34876346498935,304.9884469583992,191.1162733791768,485.4935144768881,14759.449897879114,diana,0.8764832218000693,chen,0.7690507959888544,0.10743242581121493,diana,diana,diana,2,1,1,0,0,12.913229826288743,8.00965414366939,3.5665681169377716,24.489452086895906
Daylight_Near_20260114_210800_T8,1736906001.8,45,Daylight,Near,4,4,1280,720,27.261779232754396,1,1,chen,2,1,0.7442495974983214,428.3161825144507,211.28356363094338,533.9516805704005,375.0224826416313,17296.642260836852,chen,0.9388644629501046,alice,0.7639332981086212,0.1749311648414834,chen,chen,chen,1,1,1,0,0,12.913229826288743,8.00965414366939,3.5665681169377716,24.489452086895906
Daylight_Near_20260114_210800_T8,1736906001.8,45,Daylight,Near,4,4,1280,720,27.261779232754396,1,2,alice,3,1,0.7859899270719403,750.4852557540385,213.283629833795,834.8695160995965,421.7115884263162,17588.039121164493,alice,0.8319051112274727,bob,0.7703842279358404,0.0615208832916323,alice,alice,alice,2,1,1,0,0,12.913229826288743,8.00965414366939,3.5665681169377716,24.489452086895906
Daylight_Near_20260114_210800_T8,1736906001.8,45,Daylight,Near,4,4,1280,720,27.261779232754396,1,3,bob,4,1,0.697420090688759,1073.646628412765,260.705884065719,1166.7936795664168,415.6599725394187,14433.516405527189,chen,0.7852006356483993,diana,0.7435357170323994,0.04166491861599986,unknown,unknown,unknown,0,0,0,0,0,12.913229826288743,8.00965414366939,3.5665681169377716,24.489452086895906
Daylight_Near_20260114_210800_T8,1736906001.84,46,Daylight,Near,4,4,1280,720,27.255031738578726,3,0,diana,1,1,0.8834703134488898,118.54987341270254,280.4673541934061,213.67815810818615,481.2354643364222,19098.725939459047,diana,0.8886431179999081,bob,0.8234553793730106,0.06518773862689753,diana,diana,diana,3,1,1,0,0,17.757963329010057,13.1187316616328,2.902579836753876,33.77927482739673
Daylight_Near_20260114_210800_T8,1736906001.84,46,Daylight,Near,4,4,1280,720,27.255031738578726,3,1,chen,2,1,0.718929899414038,405.62486493249446,135.64798896982882,501.2994581962928,313.54797755508457,17020.50904952871,chen,0.8905964366806172,bob,0.7731714935292626,0.11742494315135454,chen,chen,chen,2,1,1,0,0,17.757963329010057,13.1187316616328,2.902579836753876,33.77927482739673
Daylight_Near_20260114_210800_T8,1736906001.84,46,Daylight,Near,4,4,1280,720,27.255031738578726,3,2,alice,3,1,0.8201533337912453,763.8461537919991,200.71213188300663,859.3929515051416,360.53949736590386,15270.992958818873,alice,0.7058867441766966,chen,0.5950654351198226,0.11082130905687404,alice,alice,alice,2,1,1,0,0,17.757963329010057,13.1187316616328,2.902579836753876,33.77927482739673
Daylight_Near_20260114_210800_T8,1736906001.84,46,Daylight,Near,4,4,1280,720,27.255031738578726,3,3,bob,4,1,0.8814013514119895,1073.5142283640257,251.69600830782346,1159.8076236230868,454.7643936111368,17523.46043759813,bob,0.8594590090383003,chen,0.7994458784463605,0.0600131305919398,bob,bob,bob,3,1,1,0,0,17.757963329010057,13.1187316616328,2.902579836753876,33.77927482739673
Daylight_Near_20260114_210800_T8,1736906001.88,47,Daylight,Near,4,4,1280,720,25.76672171643152,0,0,diana,1,1,0.8045621846909287,102.59387366438182,227.6824691243141,230.5295054121139,389.9735233604571,20762.808550706402,alice,0.663544965825034,diana,0.637261545516742,0.026283420308292005,unknown,unknown,unknown,0,0,0,0,0,9.129510982649585,6.488060543219384,5.957939786729766,21.575511312598735
Daylight_Near_20260114_210800_T8,1736906001.88,47,Daylight,Near,4,4,1280,720,25.76672171643152,0,1,chen,2,1,0.9855819790647048,447.905972248494,305.2807783301674,537.8061737150477,479.56361656998405,15668.06226992232,chen,0.8718051384063709,diana,0.6972674611719363,0.17453767723443459,chen,chen,chen,2,1,1,0,0,9.129510982649585,6.488060543219384,5.957939786729766,21.575511312598735
Daylight_Near_20260114_210800_T8,1736906001.88,47,Daylight,Near,4,4,1280,720,25.76672171643152,0,2,alice,3,1,0.7193355537856724,779.8213388529089,190.5690113143404,866.2256208872416,382.66016198867624,16597.49795916481,alice,0.8579385611438058,bob,0.7477379528019746,0.11020060834183121,alice,alice,alice,1,1,1,0,0,9.129510982649585,6.488060543219384,5.957939786729766,21.575511312598735
Daylight_Near_20260114_210800_T8,1736906001.88,47,Daylight,Near,4,4,1280,720,25.76672171643152,0,3,bob,4,1,0.8302151760498298,1065.399194461515,248.201849847934,1179.7818072313048,426.55906467924774,20400.964238748376,bob,0.8556434172948668,chen,0.7790605941970786,0.07658282309778819,bob,bob,bob,2,1,1,0,0,9.129510982649585,6.488060543219384,5.957939786729766,21.575511312598735
Daylight_Near_20260114_210800_T8,1736906001.92,48,Daylight,Near,4,4,1280,720,26.220439095778914,2,0,diana,1,1,0.7699692508557631,117.68200733078558,163.05052512263137,242.92433632026612,349.9232854800879,23404.379731860925,diana,0.8220473306130738,chen,0.7416228091689454,0.08042452144412837,diana,diana,diana,3,1,1,0,0,13.387063365239372,5.487111426461289,8.32655626882282,27.20073106052348
Daylight_Near_20260114_210800_T8,1736906001.92,48,Daylight,Near,4,4,1280,720,26.220439095778914,2,1,chen,2,1,0.8897006309300504,442.32577166172973,196.22065740800383,525.1682670872005,370.89629441548266,14470.565659733265,chen,0.8796650264760669,alice,0.8191357957209613,0.060529230755105634,chen,chen,chen,1,1,1,0,0,13.387063365239372,5.487111426461289,8.32655626882282,27.20073106052348
Daylight_Near_20260114_210800_T8,1736906001.92,48,Daylight,Near,4,4,1280,720,26.220439095778914,2,2,alice,3,1,0.8079007806533455,751.952073067315,291.2413714649907,836.3259502390185,485.15550166763876,16361.287003575944,alice,0.835021242262068,bob,0.663811703630146,0.171209538631922,alice,alice,alice,2,1,1,0,0,13.387063365239372,5.487111426461289,8.32655626882282,27.20073106052348
Daylight_Near_20260114_210800_T8,1736906001.92,48,Daylight,Near,4,4,1280,720,26.220439095778914,2,3,bob,4,1,0.7394041016370201,1085.5920782573528,278.32856108413654,1169.7396811680385,408.32585300477814,10938.960500002639,bob,0.8126208613722883,diana,0.7035126645853345,0.10910819678695383,bob,bob,bob,2,1,1,0,0,13.387063365239372,5.487111426461289,8.32655626882282,27.20073106052348
Daylight_Near_20260114_210800_T8,1736906001.96,49,Daylight,Near,4,4,1280,720,23.60236247645838,2,0,diana,1,1,0.7771902605948481,125.87765898037188,263.73555518298184,224.3237897611514,450.6037630441254,18396.452029868033,diana,0.7095806933510709,chen,0.6367659350489919,0.07281475830207895,unknown,unknown,unknown,0,0,0,0,0,16.727250512512228,12.624012263907277,11.076656513451644,40.42791928987115
Daylight_Near_20260114_210800_T8,1736906001.96,49,Daylight,Near,4,4,1280,720,23.60236247645838,2,1,chen,2,1,0.8351367515229122,427.34942351580753,250.4538701713169,525.643792660192,380.958084127162,12827.829381473577,chen,0.8940424280274245,alice,0.7491263070937975,0.14491612093362705,chen,chen,chen,3,1,1,0,0,16.727250512512228,12.624012263907277,11.076656513451644,40.42791928987115
Daylight_Near_20260114_210800_T8,1736906001.96,49,Daylight,Near,4,4,1280,720,23.60236247645838,2,2,alice,3,1,0.7265369122818184,766.7853758921087,232.29009139990066,860.594698754592,425.91976860110685,18164.268904326356,alice,0.8205446749996684,diana,0.6484528286250497,0.17209184637461872,alice,alice,alice,1,1,1,0,0,16.727250512512228,12.624012263907277,11.076656513451644,40.42791928987115
Daylight_Near_20260114_210800_T8,1736906001.96,49,Daylight,Near,4,4,1280,720,23.60236247645838,2,3,bob,-1,0,-1.0,-1.0,-1.0,-1.0,-1.0,0.0,unknown,-1.0,unknown,-1.0,-1.0,unknown,unknown,unknown,0,0,0,0,1,16.727250512512228,12.624012263907277,11.076656513451644,40.42791928987115
Daylight_Near_20260114_210800_T8,1736906002.0,50,Daylight,Near,4,4,1280,720,26.508222479605458,3,0,diana,1,1,0.7982114790594385,92.70642054175016,278.6590352110975,188.11039676832252,483.1175912369025,19506.159218405213,diana,0.8162790961480674,bob,0.7224684831445417,0.09381061300352567,diana,diana,diana,2,1,1,0,0,9.922110615216363,6.568022755564679,6.888568723590093,23.378702094371135
Daylight_Near_20260114_210800_T8,1736906002.0,50,Daylight,Near,4,4,1280,720,26.508222479605458,3,1,chen,-1,0,-1.0,-1.0,-1.0,-1.0,-1.0,0.0,unknown,-1.0,unknown,-1.0,-1.0,unknown,unknown,unknown,0,0,0,0,1,9.922110615216363,6.568022755564679,6.888568723590093,23.378702094371135
Daylight_Near_20260114_210800_T8,1736906002.0,50,Daylight,Near,4,4,1280,720,26.508222479605458,3,2,alice,3,1,0.8216410841352964,756.654803822938,222.12820787284056,858.1276134283044,403.5741744300841,18411.832018124845,bob,0.658999636565707,chen,0.6397614169206326,0.01923821964507444,unknown,unknown,unknown,0,0,0,0,0,9.922110615216363,6.568022755564679,6.888568723590093,23.378702094371135
Daylight_Near_20260114_210800_T8,1736906002.0,50,Daylight,Near,4,4,1280,720,26.508222479605458,3,3,bob,4,1,0.8847929049442249,1062.8839281002474,280.5990681402707,1178.7181923126486,413.68922900286987,15416.400857429291,bob,0.8544246549486008,diana,0.6752036800816789,0.1792209748669219,bob,bob,bob,2,1,1,0,0,9.922110615216363,6.568022755564679,6.888568723590093,23.378702094371135
Daylight_Near_20260114_210800_T8,1736906002.04,51,Daylight,Near,4,4,1280,720,24.409299461567155,2,0,diana,1,1,0.6887446213299677,82.55960804342378,241.2037609104578,209.41102310954312,416.58432024087966,22247.272126151514,diana,0.8198457772778349,alice,0.711854206876638,0.10799157040119689,diana,diana,diana,2,1,1,0,0,12.329870475975095,7.893093122557722,9.971426828087615,30.194390426620433
Daylight_Near_20260114_210800_T8,1736906002.04,51,Daylight,Near,4,4,1280,720,24.409299461567155,2,1,chen,2,1,0.6704029540548306,427.048783780341,260.0721870415443,525.033346139693,431.97940008834,16844.25303680616,diana,0.7878673306487781,chen,0.6912673208557477,0.0966000097930304,diana,diana,diana,1,0,0,1,0,12.329870475975095,7.893093122557722,9.971426828087615,30.194390426620433
Daylight_Near_20260114_210800_T8,1736906002.04,51,Daylight,Near,4,4,1280,720,24.409299461567155,2,2,alice,3,1,0.7683865158214731,757.5897685879817,291.89205833955964,865.448574360741,445.2348969807657,16539.375449645413,alice,0.9268104584240608,chen,0.856852172522948,0.06995828590111286,alice,alice,alice,2,1,1,0,0,12.329870475975095,7.893093122557722,9.971426828087615,30.194390426620433
Daylight_Near_20260114_210800_T8,1736906002.04,51,Daylight,Near,4,4,1280,720,24.409299461567155,2,3,bob,4,1,0.9282185402750928,1080.402124749753,217.76465673466666,1186.6029789082572,422.6529424102963,21759.310945823483,bob,0.9077343218372766,chen,0.7503710183775341,0.1573633034597426,bob,bob,bob,2,1,1,0,0,12.329870475975095,7.893093122557722,9.971426828087615,30.194390426620433
Daylight_Near_20260114_210800_T8,1736906002.08,52,Daylight,Near,4,4,1280,720,27.97073653159757,1,0,diana,1,1,0.8358112384158117,95.62290233034338,259.2651831353526,214.90126262816744,434.7511604878123,20931.679633862484,diana,0.8273601289385696,bob,0.7181687115389923,0.10919141739957727,diana,diana,diana,2,1,1,0,0,7.853839761627274,4.059054252529187,3.582301293093092,15.495195307249553
Daylight_Near_20260114_210800_T8,1736906002.08,52,Daylight,Near,4,4,1280,720,27.97073653159757,1,1,chen,2,1,0.8185379687544279,439.49811879395276,222.18093971000457,534.9599987905383,395.9813598665144,16591.31485233689,chen,0.7741164481613944,diana,0.7028354354723905,0.07128101268900389,chen,chen,chen,1,1,1,0,0,7.853839761627274,4.059054252529187,3.582301293093092,15.495195307249553
Daylight_Near_20260114_210800_T8,1736906002.08,52,Daylight,Near,4,4,1280,720,27.97073653159757,1,2,alice,3,1,0.8288689310445018,781.4408748916329,277.54094442460405,877.3000062378245,436.33310552438195,15221.678627609224,alice,0.846136740031645,chen,0.689660482664879,0.15647625736676596,alice,alice,alice,1,1,1,0,0,7.853839761627274,4.059054252529187,3.582301293093092,15.495195307249553
Daylight_Near_20260114_210800_T8,1736906002.08,52,Daylight,Near,4,4,1280,720,27.97073653159757,1,3,bob,4,1,0.8129749335001076,1041.0299826371263,238.95929182454313,1145.3395976036638,415.3860535183876,18403.00758207799,bob,0.957807815743976,chen,0.8013601515035004,0.15644766424047563,bob,bob,bob,1,1,1,0,0,7.853839761627274,4.059054252529187,3.582301293093092,15.495195307249553
Daylight_Near_20260114_210800_T8,1736906002.12,53,Daylight,Near,4,4,1280,720,25.49559099020235,1,0,diana,1,1,0.7951022576523264,115.62597957130663,218.45292477350648,224.45300897709228,382.4802295257235,17850.604317621284,diana,0.856940497966775,bob,0.7851017931934722,0.07183870477330279,diana,diana,diana,2,1,1,0,0,9.938650952222861,4.9617911300539115,5.516925259912752,20.417367342189525
Daylight_Near_20260114_210800_T8,1736906002.12,53,Daylight,Near,4,4,1280,720,25.49559099020235,1,1,chen,2,1,0.717975362290268,434.56800954774957,217.29399763152114,550.1629988619574,409.19372083295,22182.646452868605,chen,0.6673540189235357,alice,0.5883046934103385,0.07904932551319721,unknown,unknown,unknown,0,0,0,0,0,9.938650952222861,4.9617911300539115,5.516925259912752,20.417367342189525
Daylight_Near_20260114_210800_T8,1736906002.12,53,Daylight,Near,4,4,1280,720,25.49559099020235,1,2,alice,3,1,0.7802985515447776,736.6154453383417,211.9907073528487,861.1071123575778,422.19391623121925,26168.54788606103,alice,0.834155223490599,diana,0.7577625583213417,0.07639266516925736,alice,alice,alice,2,1,1,0,0,9.938650952222861,4.9617911300539115,5.516925259912752,20.417367342189525
Daylight_Near_20260114_210800_T8,1736906002.12,53,Daylight,Near,4,4,1280,720,25.49559099020235,1,3,bob,4,1,0.7141811560941422,1050.74263562917,268.3983732886239,1174.2709460594963,471.9050659778034,25138.837909157966,bob,0.8454668010214976,diana,0.7828977284856528,0.06256907253584487,bob,bob,bob,1,1,1,0,0,9.938650952222861,4.9617911300539115,5.516925259912752,20.417367342189525
Daylight_Near_20260114_210800_T8,1736906002.16,54,Daylight,Near,4,4,1280,720,26.52549254439199,0,0,diana,1,1,0.8227743686051384,89.12892088713159,189.25490185374628,201.70657415615034,339.18026699887497,16878.24577353933,diana,0.8319669723978758,chen,0.6977063204616634,0.1342606519362124,diana,diana,diana,3,1,1,0,0,10.710895781936623,5.75432290889106,6.608337939493946,23.07355663032163
Daylight_Near_20260114_210800_T8,1736906002.16,54,Daylight,Near,4,4,1280,720,26.52549254439199,0,1,chen,2,1,0.798366591016823,423.77739354750497,264.58240908420044,536.9265870560564,454.71196770834126,21513.006220458385,chen,0.8438824536659439,diana,0.6829739950752018,0.1609084585907421,chen,chen,chen,3,1,1,0,0,10.710895781936623,5.75432290889106,6.608337939493946,23.07355663032163
Daylight_Near_20260114_210800_T8,1736906002.16,54,Daylight,Near,4,4,1280,720,26.52549254439199,0,2,alice,3,1,0.7687820158436505,744.9335268974405,151.03799357251515,858.4003148800462,366.4562047031992,24442.812489957505,alice,0.8093113066449318,chen,0.6820717217976718,0.12723958484725995,alice,alice,alice,2,1,1,0,0,10.710895781936623,5.75432290889106,6.608337939493946,23.07355663032163
Daylight_Near_20260114_210800_T8,1736906002.16,54,Daylight,Near,4,4,1280,720,26.52549254439199,0,3,bob,4,1,0.6463651683920285,1068.0424052270862,253.0041273931941,1159.7466758455919,446.65289226267015,17758.41873852981,bob,0.9501615705448675,chen,0.884641133482204,0.06552043706266353,bob,bob,bob,1,1,1,0,0,10.710895781936623,5.75432290889106,6.608337939493946,23.07355663032163
Daylight_Near_20260114_210800_T8,1736906002.2,55,Daylight,Near,4,4,1280,720,28.025124337342817,2,0,diana,1,1,0.7155700703668937,121.09123852944808,247.54335714337114,235.89703732289578,394.77028659586756,16902.505239700426,diana,0.805181980547286,alice,0.716563020635612,0.08861895991167401,diana,diana,diana,2,1,1,0,0,10.58494137667341,5.781655265809735,6.337039458186749,22.703636100669893
Daylight_Near_20260114_210800_T8,1736906002.2,55,Daylight,Near,4,4,1280,720,28.025124337342817,2,1,chen,2,1,0.8103936430659802,425.2682434517257,190.3547443651491,508.5544215586937,369.8811095577084,14952.064826324076,chen,0.7799017308110682,diana,0.6769071885683725,0.10299454224269566,chen,chen,chen,3,1,1,0,0,10.58494137667341,5.781655265809735,6.337039458186749,22.703636100669893
Daylight_Near_20260114_210800_T8,1736906002.2,55,Daylight,Near,4,4,1280,720,28.025124337342817,2,2,alice,3,1,0.792973127267944,731.8095822570019,278.80799616710607,851.5014262182115,448.8602584690339,20353.868844693025,alice,0.8827981173994424,diana,0.7155632116041446,0.16723490579529776,alice,alice,alice,2,1,1,0,0,10.58494137667341,5.781655265809735,6.337039458186749,22.703636100669893
Daylight_Near_20260114_210800_T8,1736906002.2,55,Daylight,Near,4,4,1280,720,28.025124337342817,2,3,bob,4,1,0.8858165015076948,1048.4730514319774,206.22214311233265,1153.1091896981072,420.6391371221756,22435.766231821857,bob,0.7606643148212281,alice,0.6664327731813882,0.09423154163983993,bob,bob,bob,1,1,1,0,0,10.58494137667341,5.781655265809735,6.337039458186749,22.703636100669893
Daylight_Near_20260114_210800_T8,1736906002.24,56,Daylight,Near,4,4,1280,720,27.62848061423671,1,0,diana,1,1,0.8652000302209647,139.63862368109534,215.00478301499112,259.65907371018665,392.0883661215558,21253.651337213883,diana,0.8951423521479167,alice,0.7397335583351872,0.15540879381272954,diana,diana,diana,2,1,1,0,0,6.831246717476479,6.62538073113638,5.5161645852982115,18.97279203391107
Daylight_Near_20260114_210800_T8,1736906002.24,56,Daylight,Near,4,4,1280,720,27.62848061423671,1,1,chen,2,1,0.7644308558730716,410.49668748701845,255.88889614716442,521.8119728337279,423.0055630265195,18602.63945986639,chen,0.8463397592357574,alice,0.7811248781651624,0.06521488107059503,chen,chen,chen,1,1,1,0,0,6.831246717476479,6.62538073113638,5.5161645852982115,18.97279203391107
Daylight_Near_20260114_210800_T8,1736906002.24,56,Daylight,Near,4,4,1280,720,27.62848061423671,1,2,alice,3,1,0.7057494507094768,731.8970007768598,203.29444233463852,834.5986101324445,343.80142263609827,14430.293002653347,alice,0.8745367784673376,chen,0.6966657244258601,0.17787105404147752,alice,alice,alice,2,1,1,0,0,6.831246717476479,6.62538073113638,5.5161645852982115,18.97279203391107
Daylight_Near_20260114_210800_T8,1736906002.24,56,Daylight,Near,4,4,1280,720,27.62848061423671,1,3,bob,4,1,0.7274126256151346,1061.6669317537467,217.79170812630343,1167.1390525524598,366.3562078892961,15669.412865402755,bob,0.9164898490792528,alice,0.8039931658096658,0.11249668326958695,bob,bob,bob,3,1,1,0,0,6.831246717476479,6.62538073113638,5.5161645852982115,18.97279203391107
Daylight_Near_20260114_210800_T8,1736906002.28,57,Daylight,Near,4,4,1280,720,26.328159423290785,2,0,diana,1,1,0.6358160487703254,109.96813714619987,202.80654912747212,195.87545989288327,373.324100945835,14648.706358034413,chen,0.792156242916479,bob,0.7315877652328454,0.060568477683633604,unknown,unknown,unknown,0,0,0,0,0,11.863843398807038,5.569017604758045,5.988302503061881,23.421163506626964
Daylight_Near_20260114_210800_T8,1736906002.28,57,Daylight,Near,4,4,1280,720,26.328159423290785,2,1,chen,2,1,0.6859513253103592,432.613929841295,232.5053276777481,538.8689550077386,400.32626511527303,17831.817930880366,chen,0.879377218830621,bob,0.7177218946780859,0.16165532415253514,chen,chen,chen,2,1,1,0,0,11.863843398807038,5.569017604758045,5.988302503061881,23.421163506626964
Daylight_Near_20260114_210800_T8,1736906002.28,57,Daylight,Near,4,4,1280,720,26.328159423290785,2,2,alice,3,1,0.8555386927518338,758.2096807604214,210.43486233042492,862.8436840602676,422.4977366918753,22188.987495710866,alice,0.7804321877843521,diana,0.6858316469590605,0.09460054082529157,alice,alice,alice,2,1,1,0,0,11.863843398807038,5.569017604758045,5.988302503061881,23.421163506626964
Daylight_Near_20260114_210800_T8,1736906002.28,57,Daylight,Near,4,4,1280,720,26.328159423290785,2,3,bob,4,1,0.8549978371951636,1067.8500501770263,273.23955063565785,1168.3871044487605,405.8981478414385,13337.104586889694,bob,0.8262341989032995,diana,0.7286384886180646,0.09759571028523495,bob,bob,bob,3,1,1,0,0,11.863843398807038,5.569017604758045,5.988302503061881,23.421163506626964
Daylight_Near_20260114_210800_T8,1736906002.32,58,Daylight,Near,4,4,1280,720,26.310500437583983,0,0,diana,-1,0,-1.0,-1.0,-1.0,-1.0,-1.0,0.0,unknown,-1.0,unknown,-1.0,-1.0,unknown,unknown,unknown,0,0,0,0,1,10.822121287405837,6.512410926354336,10.927564259924642,28.262096473684817
Daylight_Near_20260114_210800_T8,1736906002.32,58,Daylight,Near,4,4,1280,720,26.310500437583983,0,1,chen,2,1,0.8486488131049977,441.7397406184463,316.1038804817945,554.8067802540112,458.19295823824336,16065.591386469265,chen,0.8896506390646844,bob,0.7374706328544621,0.15218000621022232,chen,chen,chen,2,1,1,0,0,10.822121287405837,6.512410926354336,10.927564259924642,28.262096473684817
Daylight_Near_20260114_210800_T8,1736906002.32,58,Daylight,Near,4,4,1280,720,26.310500437583983,0,2,alice,3,1,0.7550135293870087,774.9217470548047,221.42098471152997,856.9780460916786,410.02303537945863,15475.986268575207,alice,0.7862444139170585,chen,0.6727532194042992,0.11349119451275924,alice,alice,alice,3,1,1,0,0,10.822121287405837,6.512410926354336,10.927564259924642,28.262096473684817
Daylight_Near_20260114_210800_T8,1736906002.32,58,Daylight,Near,4,4,1280,720,26.310500437583983,0,3,bob,4,1,0.8131785317390154,1040.357686440674,234.85354052555135,1160.8782288617533,438.70330837965525,24568.084594187723,bob,0.8972735993007902,diana,0.783992588647652,0.11328101065313823,bob,bob,bob,1,1,1,0,0,10.822121287405837,6.512410926354336,10.927564259924642,28.262096473684817
Daylight_Near_20260114_210800_T8,1736906002.36,59,Daylight,Near,4,4,1280,720,28.960660405850117,0,0,diana,1,1,0.7537365606943032,138.2770882127567,225.21755932962236,259.1382865825344,366.45037970416325,17069.56791961057,diana,0.8784012944743551,bob,0.7948791540378046,0.08352214043655048,diana,diana,diana,3,1,1,0,0,12.95594941501783,8.46573870814618,3.7191142798268046,25.140802402990815
Daylight_Near_20260114_210800_T8,1736906002.36,59,Daylight,Near,4,4,1280,720,28.960660405850117,0,1,chen,2,1,0.6167483380314593,373.66567550118396,300.260734271378,475.9552905750147,469.55372673869584,17316.915034178874,chen,0.8982164980248843,bob,0.8017803870750861,0.0964361109497982,chen,chen,chen,1,1,1,0,0,12.95594941501783,8.46573870814618,3.7191142798268046,25.140802402990815
Daylight_Near_20260114_210800_T8,1736906002.36,59,Daylight,Near,4,4,1280,720,28.960660405850117,0,2,alice,3,1,0.7483400297385274,734.785913599628,188.49612866265738,829.2302117058898,361.26209343118614,16316.760279214861,alice,0.8319953759205393,chen,0.6992585218307786,0.13273685408976066,alice,alice,alice,2,1,1,0,0,12.95594941501783,8.46573870814618,3.7191142798268046,25.140802402990815
Daylight_Near_20260114_210800_T8,1736906002.36,59,Daylight,Near,4,4,1280,720,28.960660405850117,0,3,bob,4,1,0.7544312906927897,1047.6470151226388,311.4446738417864,1139.1366382355184,447.209467873274,12421.069837938521,diana,0.7197410547517055,alice,0.7028339373192195,0.016907117432485963,unknown,unknown,unknown,0,0,0,0,0,12.95594941501783,8.46573870814618,3.7191142798268046,25.140802402990815
Daylight_Near_20260114_210800_T8,1736906002.4,60,Daylight,Near,4,4,1280,720,29.167507401209164,2,0,diana,1,1,0.8079496161578372,100.03912127100554,222.15669302281017,206.89727036898424,418.0387102891892,20931.58980666357,diana,0.8255040629085771,alice,0.7085557713651452,0.11694829154343189,diana,diana,diana,1,1,1,0,0,7.808826748169847,5.040359798660708,7.856427816497268,20.705614363327822
Daylight_Near_20260114_210800_T8,1736906002.4,60,Daylight,Near,4,4,1280,720,29.167507401209164,2,1,chen,2,1,0.6962692775013247,435.8123660938889,253.73108547302382,523.2707690151622,467.9300222026523,18733.496913808165,chen,0.8882923434032937,bob,0.8038207064410734,0.08447163696222026,chen,chen,chen,1,1,1,0,0,7.808826748169847,5.040359798660708,7.856427816497268,20.705614363327822
Daylight_Near_20260114_210800_T8,1736906002.4,60,Daylight,Near,4,4,1280,720,29.167507401209164,2,2,alice,3,1,0.9387979118365772,754.5845720686756,244.22131361595348,835.3870435487366,405.0270479347406,12993.500761124073,alice,0.8493833144327674,bob,0.7433176979993897,0.10606561643337764,alice,alice,alice,2,1,1,0,0,7.808826748169847,5.040359798660708,7.856427816497268,20.705614363327822
Daylight_Near_20260114_210800_T8,1736906002.4,60,Daylight,Near,4,4,1280,720,29.167507401209164,2,3,bob,4,1,0.8535560117900285,1044.5584075754018,304.24182141687476,1146.5804435408731,444.0313305170011,14261.61032500867,bob,0.8831294975983127,chen,0.7664616427692253,0.11666785482908737,bob,bob,bob,1,1,1,0,0,7.808826748169847,5.040359798660708,7.856427816497268,20.705614363327822
Daylight_Near_20260114_210800_T8,1736906002.44,61,Daylight,Near,4,4,1280,720,22.172706307583915,2,0,diana,1,1,0.7587605997094105,96.17774245488839,197.8117778371667,211.9737312627729,356.8764750407853,18419.05389711976,diana,0.8797552817728119,alice,0.7044522662372107,0.17530301553560124,diana,diana,diana,2,1,1,0,0,20.85497203976875,7.824932374800467,9.66509315240229,38.34499756697151
Daylight_Near_20260114_210800_T8,1736906002.44,61,Daylight,Near,4,4,1280,720,22.172706307583915,2,1,chen,2,1,0.8376074422030962,415.1108954601478,267.6355672107576,513.9840422422928,450.19621823605075,18050.346045467773,chen,0.8679876656116183,bob,0.7737376716021468,0.09424999400947154,chen,chen,chen,2,1,1,0,0,20.85497203976875,7.824932374800467,9.66509315240229,38.34499756697151
Daylight_Near_20260114_210800_T8,1736906002.44,61,Daylight,Near,4,4,1280,720,22.172706307583915,2,2,alice,3,1,0.8389039698227483,785.0535604153898,290.745626740598,903.5660293156017,493.5907643654756,24039.678064327494,alice,0.9393065806756993,bob,0.8114409001359351,0.12786568053976421,alice,alice,alice,2,1,1,0,0,20.85497203976875,7.824932374800467,9.66509315240229,38.34499756697151
Daylight_Near_20260114_210800_T8,1736906002.44,61,Daylight,Near,4,4,1280,720,22.172706307583915,2,3,bob,4,1,0.7901238606038743,1068.7048891452193,244.7225268543645,1184.4074638515392,427.73234773201006,21174.707472086,bob,0.7780146281554874,chen,0.6416714868239852,0.13634314133150216,bob,bob,bob,2,1,1,0,0,20.85497203976875,7.824932374800467,9.66509315240229,38.34499756697151
Daylight_Near_20260114_210800_T8,1736906002.48,62,Daylight,Near,4,4,1280,720,24.829280606146764,2,0,diana,1,1,0.7785351190685067,117.85035598982648,176.77253269815344,204.40853796058985,359.5736403069519,15822.931536859474,diana,0.7919024119064308,alice,0.6755933335299288,0.11630907837650206,diana,diana,diana,2,1,1,0,0,10.808101738925252,7.688627610701344,10.167183575766964,28.66391292539356
Daylight_Near_20260114_210800_T8,1736906002.48,62,Daylight,Near,4,4,1280,720,24.829280606146764,2,1,chen,2,1,0.7377216828156056,451.11484332930274,236.2718799783543,565.6804400697597,386.13792676447224,17169.493081184843,chen,0.8103985196058459,alice,0.6368345285528842,0.1735639910529616,chen,chen,chen,1,1,1,0,0,10.808101738925252,7.688627610701344,10.167183575766964,28.66391292539356
Daylight_Near_20260114_210800_T8,1736906002.48,62,Daylight,Near,4,4,1280,720,24.829280606146764,2,2,alice,-1,0,-1.0,-1.0,-1.0,-1.0,-1.0,0.0,unknown,-1.0,unknown,-1.0,-1.0,unknown,unknown,unknown,0,0,0,0,1,10.808101738925252,7.688627610701344,10.167183575766964,28.66391292539356
Daylight_Near_20260114_210800_T8,1736906002.48,62,Daylight,Near,4,4,1280,720,24.829280606146764,2,3,bob,4,1,0.6859724449411659,1063.7526646379763,258.98046454363543,1180.4235548414993,448.4260385841013,22102.783768418576,bob,0.7541388168275691,chen,0.6302002742507312,0.1239385425768379,bob,bob,bob,1,1,1,0,0,10.808101738925252,7.688627610701344,10.167183575766964,28.66391292539356
Daylight_Near_20260114_210800_T8,1736906002.52,63,Daylight,Near,4,4,1280,720,26.25582503760444,0,0,diana,1,1,0.8380260941204443,92.24226232892964,332.87917908433894,196.66726123220252,487.34179970586376,16129.758988999383,diana,0.798339510336326,chen,0.6797672312761962,0.11857227906012979,diana,diana,diana,2,1,1,0,0,12.645772677205638,7.029770889868529,13.215564344854183,32.89110791192835
Daylight_Near_20260114_210800_T8,1736906002.52,63,Daylight,Near,4,4,1280,720,26.25582503760444,0,1,chen,2,1,0.913631072303886,421.171790757725,153.00627691980432,536.8526687307885,366.3534227191768,24680.18513911861,chen,0.8435702659133867,diana,0.6906693568547588,0.15290090905862785,chen,chen,chen,2,1,1,0,0,12.645772677205638,7.029770889868529,13.215564344854183,32.89110791192835
Daylight_Near_20260114_210800_T8,1736906002.52,63,Daylight,Near,4,4,1280,720,26.25582503760444,0,2,alice,3,1,0.8012868273858966,725.8281783639421,275.27657783686686,844.1913382488627,442.1305317091425,19749.361219615326,alice,0.8788021131379248,bob,0.7919777982148426,0.08682431492308218,alice,alice,alice,2,1,1,0,0,12.645772677205638,7.029770889868529,13.215564344854183,32.89110791192835
Daylight_Near_20260114_210800_T8,1736906002.52,63,Daylight,Near,4,4,1280,720,26.25582503760444,0,3,bob,4,1,0.8546156096497094,1073.803307673437,256.3274372077585,1172.5894566544378,455.7550397841487,19700.68485903508,bob,0.9002293261733153,diana,0.7944211617223509,0.10580816445096441,bob,bob,bob,2,1,1,0,0,12.645772677205638,7.029770889868529,13.215564344854183,32.89110791192835
Daylight_Near_20260114_210800_T8,1736906002.56,64,Daylight,Near,4,4,1280,720,23.015612233244237,2,0,diana,1,1,0.7526453258200773,109.44024390004458,264.3477134563823,193.7328348460588,470.4260472902429,17370.876696693776,diana,0.8196071894527901,chen,0.7062326615993526,0.11337452785343749,diana,diana,diana,3,1,1,0,0,9.408213950068765,6.353764845352976,8.547956500225556,24.309935295647296
Daylight_Near_20260114_210800_T8,1736906002.56,64,Daylight,Near,4,4,1280,720,23.015612233244237,2,1,chen,2,1,0.7992087090818867,445.33220071061885,291.09251707516466,529.8853653821158,437.8416817042387,12408.106282286706,chen,0.8509171108153861,diana,0.7485066018627577,0.10241050895262838,chen,chen,chen,3,1,1,0,0,9.408213950068765,6.353764845352976,8.547956500225556,24.309935295647296
Daylight_Near_20260114_210800_T8,1736906002.56,64,Daylight,Near,4,4,1280,720,23.015612233244237,2,2,alice,3,1,0.9812929756956184,755.9441665681777,220.315209154742,850.6299464851454,356.5464794569273,12899.164077641652,alice,0.7969969392434149,bob,0.6249134711141606,0.17208346812925424,alice,alice,alice,2,1,1,0,0,9.408213950068765,6.353764845352976,8.547956500225556,24.309935295647296
Daylight_Near_20260114_210800_T8,1736906002.56,64,Daylight,Near,4,4,1280,720,23.015612233244237,2,3,bob,4,1,0.7146652932934107,1068.1280273077057,255.76253112629462,1192.7800154548052,471.6145813514441,26906.387206192452,bob,0.8357925590894959,diana,0.6838803715440664,0.15191218754542946,bob,bob,bob,3,1,1,0,0,9.408213950068765,6.353764845352976,8.547956500225556,24.309935295647296
Daylight_Near_20260114_210800_T8,1736906002.6,65,Daylight,Near,4,4,1280,720,22.135801695074832,0,0,diana,1,1,0.6923471442838134,130.41905672506863,193.54732126414746,227.9581183927806,402.3912684295465,20370.44264149424,diana,0.8535625481962992,bob,0.793460298520271,0.060102249676028174,diana,diana,diana,2,1,1,0,0,15.084867324992892,10.835111471389247,7.5819525103520675,33.50193130673421
Daylight_Near_20260114_210800_T8,1736906002.6,65,Daylight,Near,4,4,1280,720,22.135801695074832,0,1,chen,2,1,0.781847816301745,460.65899049761316,155.06587867535941,541.7830527531833,360.6081297097603,16674.422369064756,chen,0.8381053078270289,alice,0.7444138027348177,0.09369150509221114,chen,chen,chen,1,1,1,0,0,15.084867324992892,10.835111471389247,7.5819525103520675,33.50193130673421
Daylight_Near_20260114_210800_T8,1736906002.6,65,Daylight,Near,4,4,1280,720,22.135801695074832,0,2,alice,3,1,0.6889036765174411,773.8594896282685,267.38479472709525,873.2686219558892,472.08018333771497,20348.590973246835,alice,0.8781097128908129,bob,0.7054373594457553,0.1726723534450576,alice,alice,alice,2,1,1,0,0,15.084867324992892,10.835111471389247,7.5819525103520675,33.50193130673421
Daylight_Near_20260114_210800_T8,1736906002.6,65,Daylight,Near,4,4,1280,720,22.135801695074832,0,3,bob,4,1,0.6859795386850102,1058.7900803543137,193.104965685253,1183.1959991246938,391.0653851478802,24627.447863417976,bob,0.7790739111302856,chen,0.7186975444660636,0.06037636666422197,bob,bob,bob,1,1,1,0,0,15.084867324992892,10.835111471389247,7.5819525103520675,33.50193130673421
Daylight_Near_20260114_210800_T8,1736906002.64,66,Daylight,Near,4,4,1280,720,25.421724494750467,2,0,diana,1,1,0.6421020208532551,108.14815795234617,231.82026167836685,196.2046749564113,383.3852636410103,13346.286172544678,diana,0.813579885705857,bob,0.6685422285818132,0.14503765712404382,diana,diana,diana,3,1,1,0,0,8.827673964959505,4.773397825327294,4.9339606082451795,18.53503239853198
Daylight_Near_20260114_210800_T8,1736906002.64,66,Daylight,Near,4,4,1280,720,25.421724494750467,2,1,chen,2,1,0.7639029887664243,429.1940825090925,218.169937474206,523.9237447789454,414.0922134373019,18559.651033125003,chen,0.9033423741549217,diana,0.7694573705669194,0.13388500358800226,chen,chen,chen,2,1,1,0,0,8.827673964959505,4.773397825327294,4.9339606082451795,18.53503239853198
Daylight_Near_20260114_210800_T8,1736906002.64,66,Daylight,Near,4,4,1280,720,25.421724494750467,2,2,alice,3,1,0.731179693352651,725.4941877567892,161.51396614626782,840.0083714105494,343.14925211156725,20799.816495033563,alice,0.8867019951076349,bob,0.7996161404294762,0.08708585467815877,alice,alice,alice,2,1,1,0,0,8.827673964959505,4.773397825327294,4.9339606082451795,18.53503239853198
Daylight_Near_20260114_210800_T8,1736906002.64,66,Daylight,Near,4,4,1280,720,25.421724494750467,2,3,bob,4,1,0.7426565648977118,1091.0151924421043,185.1887905952061,1172.2643886046762,392.41623866418354,16837.06357842554,bob,0.9058083939235485,diana,0.8267087915651024,0.07909960235844615,bob,bob,bob,2,1,1,0,0,8.827673964959505,4.773397825327294,4.9339606082451795,18.53503239853198
Daylight_Near_20260114_210800_T8,1736906002.68,67,Daylight,Near,4,4,1280,720,19.29977311457758,1,0,diana,1,1,0.7379045082950939,100.73279701734837,218.3327828362846,198.44250711790005,391.3277729312737,16903.2903310292,diana,0.8902332982151369,chen,0.7815880683898472,0.10864522982528968,diana,diana,diana,3,1,1,0,0,14.424924991381873,9.092074782889076,12.714065411670932,36.23106518594188
Daylight_Near_20260114_210800_T8,1736906002.68,67,Daylight,Near,4,4,1280,720,19.29977311457758,1,1,chen,2,1,0.99,437.1239387349879,237.20597220952567,540.3119064115712,430.72031823916706,19968.35208306178,chen,0.9677311183155045,diana,0.8168568678095813,0.15087425050592318,chen,chen,chen,2,1,1,0,0,14.424924991381873,9.092074782889076,12.714065411670932,36.23106518594188
Daylight_Near_20260114_210800_T8,1736906002.68,67,Daylight,Near,4,4,1280,720,19.29977311457758,1,2,alice,3,1,0.8322760522721557,733.5008584336236,268.44169736134523,857.7629181999893,407.7554305970837,17311.41144561485,alice,0.7780781448680334,chen,0.6800530339920369,0.09802511087599652,alice,alice,alice,1,1,1,0,0,14.424924991381873,9.092074782889076,12.714065411670932,36.23106518594188
Daylight_Near_20260114_210800_T8,1736906002.68,67,Daylight,Near,4,4,1280,720,19.29977311457758,1,3,bob,4,1,0.8321761177958003,1059.7956245040498,234.2202357542589,1187.1340441463929,382.5610220241222,18889.48129210698,bob,0.8435188429425501,chen,0.726122945833737,0.11739589710881304,bob,bob,bob,2,1,1,0,0,14.424924991381873,9.092074782889076,12.714065411670932,36.23106518594188
Daylight_Near_20260114_210800_T8,1736906002.72,68,Daylight,Near,4,4,1280,720,24.96695887976837,1,0,diana,1,1,0.7800984570904445,125.62063021024542,271.81311338112596,225.6795574578047,452.37830397991775,18067.15926956618,diana,0.8725414851648882,alice,0.7622707521237018,0.1102707330411864,diana,diana,diana,3,1,1,0,0,13.179183955840996,10.111591830732404,10.135784093801067,33.42655988037447
Daylight_Near_20260114_210800_T8,1736906002.72,68,Daylight,Near,4,4,1280,720,24.96695887976837,1,1,chen,2,1,0.7275873422788948,397.4171917806404,243.14721674580022,516.4711079029845,456.6762405827415,25421.466493569224,chen,0.8369947988037674,bob,0.6798909008978201,0.15710389790594725,chen,chen,chen,2,1,1,0,0,13.179183955840996,10.111591830732404,10.135784093801067,33.42655988037447
Daylight_Near_20260114_210800_T8,1736906002.72,68,Daylight,Near,4,4,1280,720,24.96695887976837,1,2,alice,3,1,0.7821405576382422,773.9444422139674,205.0955154760013,887.4873455650364,375.9041039813478,19394.103056195087,chen,0.8853629376188107,alice,0.822062051945963,0.06330088567284764,chen,chen,chen,2,0,0,1,0,13.179183955840996,10.111591830732404,10.135784093801067,33.42655988037447
Daylight_Near_20260114_210800_T8,1736906002.72,68,Daylight,Near,4,4,1280,720,24.96695887976837,1,3,bob,4,1,0.7007041449633519,1090.6810108723091,216.99040974203928,1180.139195602381,382.41311345119396,14798.414786961515,chen,0.9016423758518884,bob,0.8096156859950855,0.09202668985680296,chen,chen,chen,2,0,0,1,0,13.179183955840996,10.111591830732404,10.135784093801067,33.42655988037447
Daylight_Near_20260114_210800_T8,1736906002.76,69,Daylight,Near,4,4,1280,720,28.45648994619898,0,0,diana,1,1,0.7223471833786619,98.67283891213076,275.35438257390126,195.42062278801257,427.52659104515976,14722.323937092948,diana,0.892698179875328,chen,0.7957011056639182,0.0969970742114098,diana,diana,diana,3,1,1,0,0,10.754047005030834,5.487291590794999,10.190001690894189,26.431340286720022
Daylight_Near_20260114_210800_T8,1736906002.76,69,Daylight,Near,4,4,1280,720,28.45648994619898,0,1,chen,2,1,0.8883193397136295,464.53787488988246,173.42466095494018,548.0229428833056,361.95685659955956,15739.623172340409,chen,0.9066948996770188,diana,0.8100666938458392,0.09662820583117959,chen,chen,chen,2,1,1,0,0,10.754047005030834,5.487291590794999,10.190001690894189,26.431340286720022
Daylight_Near_20260114_210800_T8,1736906002.76,69,Daylight,Near,4,4,1280,720,28.45648994619898,0,2,alice,3,1,0.8848817186116753,755.9836406498317,248.3849672547193,848.4684359395568,459.3659081040215,19512.52912448131,alice,0.8649859419094608,bob,0.7400333255159249,0.12495261639353583,alice,alice,alice,3,1,1,0,0,10.754047005030834,5.487291590794999,10.190001690894189,26.431340286720022
Daylight_Near_20260114_210800_T8,1736906002.76,69,Daylight,Near,4,4,1280,720,28.45648994619898,0,3,bob,4,1,0.9567884444459164,1073.0610835895213,207.36874051165717,1174.2903989471833,367.5503539503542,16215.075061284972,bob,0.8781816531959612,alice,0.7193640411713581,0.1588176120246031,bob,bob,bob,2,1,1,0,0,10.754047005030834,5.487291590794999,10.190001690894189,26.431340286720022
Daylight_Near_20260114_210800_T8,1736906002.8,70,Daylight,Near,4,4,1280,720,21.519573696005242,3,0,diana,1,1,0.8169982828583731,106.16522080776463,236.9892258471209,227.20459911213487,394.3984635527394,19052.716271252895,bob,0.7705729200502869,alice,0.6925446938041914,0.07802822624609551,unknown,unknown,unknown,0,0,0,0,0,11.489269549257179,10.021374796443679,4.594545516627107,26.105189862327965
Daylight_Near_20260114_210800_T8,1736906002.8,70,Daylight,Near,4,4,1280,720,21.519573696005242,3,1,chen,2,1,0.7346132288473648,427.13775089313754,237.9487293754589,508.39272820999406,383.6408512941117,11838.21006174483,chen,0.9406932759619433,bob,0.8236948000265886,0.11699847593535473,chen,chen,chen,2,1,1,0,0,11.489269549257179,10.021374796443679,4.594545516627107,26.105189862327965
Daylight_Near_20260114_210800_T8,1736906002.8,70,Daylight,Near,4,4,1280,720,21.519573696005242,3,2,alice,3,1,0.6882798076556091,762.2246820663546,233.1446943021744,873.3090323513594,380.44440319031736,16362.692459009708,alice,0.8689532541387929,bob,0.7593845006552876,0.10956875348350525,alice,alice,alice,1,1,1,0,0,11.489269549257179,10.021374796443679,4.594545516627107,26.105189862327965
Daylight_Near_20260114_210800_T8,1736906002.8,70,Daylight,Near,4,4,1280,720,21.519573696005242,3,3,bob,4,1,0.7800884371695892,1085.673996054186,255.67688408065624,1167.5748303798339,415.9694869671764,13128.097912635742,bob,0.9015238264443346,alice,0.7625064475600825,0.13901737888425214,bob,bob,bob,3,1,1,0,0,11.489269549257179,10.021374796443679,4.594545516627107,26.105189862327965
Daylight_Near_20260114_210800_T8,1736906002.84,71,Daylight,Near,4,4,1280,720,22.097751056119453,2,0,diana,1,1,0.7134385523850602,115.66437952215006,204.84567042475487,203.08404894804676,410.9371791241849,18016.451561988488,diana,0.8257483572252855,bob,0.7559300870666539,0.06981827015863162,diana,diana,diana,3,1,1,0,0,8.99915814857355,5.836262812664664,4.820156749483775,19.65557771072199
Daylight_Near_20260114_210800_T8,1736906002.84,71,Daylight,Near,4,4,1280,720,22.097751056119453,2,1,chen,2,1,0.7977918452521613,437.4118227793447,160.2385971667315,541.161448809219,375.2086427156516,22303.061833325508,chen,0.9480661655043616,bob,0.8606740928239789,0.08739207268038274,chen,chen,chen,1,1,1,0,0,8.99915814857355,5.836262812664664,4.820156749483775,19.65557771072199
Daylight_Near_20260114_210800_T8,1736906002.84,71,Daylight,Near,4,4,1280,720,22.097751056119453,2,2,alice,3,1,0.8171144478558963,731.8779066171489,259.0083833072109,850.8239776169564,407.73591026839074,17690.554981550278,alice,0.9427905805724985,chen,0.8377092117235708,0.10508136884892771,alice,alice,alice,2,1,1,0,0,8.99915814857355,5.836262812664664,4.820156749483775,19.65557771072199
Daylight_Near_20260114_210800_T8,1736906002.84,71,Daylight,Near,4,4,1280,720,22.097751056119453,2,3,bob,4,1,0.7966703932270485,1065.8412135810695,135.76202158450008,1155.3302997332648,329.0992572230489,17301.572536485386,bob,0.9235351674411894,diana,0.8182061792171031,0.1053289882240862,bob,bob,bob,2,1,1,0,0,8.99915814857355,5.836262812664664,4.820156749483775,19.65557771072199
Daylight_Near_20260114_210800_T8,1736906002.88,72,Daylight,Near,4,4,1280,720,22.778070605971898,0,0,diana,1,1,0.8017373547955715,111.99872192775221,222.69539403111304,230.15494887528934,435.35022516811347,25126.492489313605,alice,0.6126759919288325,diana,0.569430316896789,0.04324567503204346,unknown,unknown,unknown,0,0,0,0,0,9.252721531432439,10.023237345662993,7.100012750125591,26.375971627221023
Daylight_Near_20260114_210800_T8,1736906002.88,72,Daylight,Near,4,4,1280,720,22.778070605971898,0,1,chen,2,1,0.8171650334443626,423.5541583198295,165.92811938110034,545.6492381182779,351.60343784620886,22670.042824599746,chen,0.8232964024967969,bob,0.6588566183112384,0.1644397841855585,chen,chen,chen,2,1,1,0,0,9.252721531432439,10.023237345662993,7.100012750125591,26.375971627221023
Daylight_Near_20260114_210800_T8,1736906002.88,72,Daylight,Near,4,4,1280,720,22.778070605971898,0,2,alice,3,1,0.8609954191393505,732.4154133847418,229.4035224126725,819.0438677170013,380.93065751015183,13126.561502890103,alice,0.7646435138613588,diana,0.6843273264820415,0.08031618737931723,alice,alice,alice,1,1,1,0,0,9.252721531432439,10.023237345662993,7.100012750125591,26.375971627221023
Daylight_Near_20260114_210800_T8,1736906002.88,72,Daylight,Near,4,4,1280,720,22.778070605971898,0,3,bob,4,1,0.6066847717847306,1074.9401600884964,254.82625670335824,1190.8243098658083,428.573305317428,20134.52900495875,bob,0.8578757198072836,diana,0.6936057353471599,0.16426998446012375,bob,bob,bob,1,1,1,0,0,9.252721531432439,10.023237345662993,7.100012750125591,26.375971627221023
Daylight_Near_20260114_210800_T8,1736906002.92,73,Daylight,Near,4,4,1280,720,25.965640010284467,1,0,diana,1,1,0.7462447829377403,82.67019915300082,252.43337211057866,204.98100383858596,447.5715206808232,23867.503976481876,diana,0.8984072787242265,bob,0.7483907628900852,0.15001651583414133,diana,diana,diana,2,1,1,0,0,9.24233045075939,4.177718206851753,4.6754325216733585,18.0954811792845
Daylight_Near_20260114_210800_T8,1736906002.92,73,Daylight,Near,4,4,1280,720,25.965640010284467,1,1,chen,2,1,0.8745325897978177,440.4158483935546,358.0990502965307,550.777463715527,499.4044021911158,15594.686888726146,chen,0.8633948298022344,alice,0.7264857655761713,0.13690906422606308,chen,chen,chen,2,1,1,0,0,9.24233045075939,4.177718206851753,4.6754325216733585,18.0954811792845
Daylight_Near_20260114_210800_T8,1736906002.92,73,Daylight,Near,4,4,1280,720,25.965640010284467,1,2,alice,3,1,0.6982956578032247,762.6198466881833,165.2659952223242,868.5103913507937,369.79339355545534,21657.517607921935,alice,0.780963537794461,chen,0.6035386213892782,0.17742491640518288,alice,alice,alice,2,1,1,0,0,9.24233045075939,4.177718206851753,4.6754325216733585,18.0954811792845
Daylight_Near_20260114_210800_T8,1736906002.92,73,Daylight,Near,4,4,1280,720,25.965640010284467,1,3,bob,4,1,0.725909451010265,1052.32833746227,264.440617262452,1136.466966589952,446.0188131463487,15277.74048114881,bob,0.7254458742346271,diana,0.5548317375168925,0.17061413671773462,bob,bob,bob,1,1,1,0,0,9.24233045075939,4.177718206851753,4.6754325216733585,18.0954811792845
Daylight_Near_20260114_210800_T8,1736906002.96,74,Daylight,Near,4,4,1280,720,22.958418057708883,4,0,diana,1,1,0.7178219531315535,91.60659198142389,245.7210010740987,215.5386341104089,439.3640959367656,23998.584190507074,diana,0.8108028371520108,bob,0.6852744933710696,0.12552834378094124,diana,diana,diana,3,1,1,0,0,12.926216568774912,12.403154521768144,10.347345593124189,35.676716683667244
Daylight_Near_20260114_210800_T8,1736906002.96,74,Daylight,Near,4,4,1280,720,22.958418057708883,4,1,chen,2,1,0.7882581715507003,445.9380245369569,205.046236120327,534.6350967243465,412.12404595962937,18367.19544772313,chen,0.8259011486365944,alice,0.7061937960333854,0.11970735260320897,chen,chen,chen,1,1,1,0,0,12.926216568774912,12.403154521768144,10.347345593124189,35.676716683667244
Daylight_Near_20260114_210800_T8,1736906002.96,74,Daylight,Near,4,4,1280,720,22.958418057708883,4,2,alice,3,1,0.8126370523498593,740.4967038648573,242.65528055424616,854.2457555224911,419.5967895530805,20126.92884748808,alice,0.9457338352185558,diana,0.803199068289755,0.14253476692880085,alice,alice,alice,2,1,1,0,0,12.926216568774912,12.403154521768144,10.347345593124189,35.676716683667244
Daylight_Near_20260114_210800_T8,1736906002.96,74,Daylight,Near,4,4,1280,720,22.958418057708883,4,3,bob,-1,0,-1.0,-1.0,-1.0,-1.0,-1.0,0.0,unknown,-1.0,unknown,-1.0,-1.0,unknown,unknown,unknown,0,0,0,0,1,12.926216568774912,12.403154521768144,10.347345593124189,35.676716683667244
Daylight_Near_20260114_210800_T8,1736906003.0,75,Daylight,Near,4,4,1280,720,25.926777543260375,0,0,diana,1,1,0.8724379790514784,108.31742659861004,343.14347798877014,211.71682034386436,482.9005511284525,14450.79663425432,diana,0.8633551795227626,alice,0.6883692273079864,0.1749859522147762,diana,diana,diana,2,1,1,0,0,13.187830008950142,10.64929951857773,2.963944562469603,26.801074089997474
Daylight_Near_20260114_210800_T8,1736906003.0,75,Daylight,Near,4,4,1280,720,25.926777543260375,0,1,chen,2,1,0.7735646871604339,440.71079867044864,251.89258743532355,533.5189917492094,396.6098789158194,13430.950329557156,chen,0.8729916750591975,diana,0.7286613384839327,0.14433033657526484,chen,chen,chen,1,1,1,0,0,13.187830008950142,10.64929951857773,2.963944562469603,26.801074089997474
Daylight_Near_20260114_210800_T8,1736906003.0,75,Daylight,Near,4,4,1280,720,25.926777543260375,0,2,alice,3,1,0.7928258043588219,748.6795877967941,309.9219720635098,873.86186545851,460.38810458606,18835.693180122427,alice,0.8405166051670799,diana,0.7538491335968316,0.08666747157024834,alice,alice,alice,3,1,1,0,0,13.187830008950142,10.64929951857773,2.963944562469603,26.801074089997474
Daylight_Near_20260114_210800_T8,1736906003.0,75,Daylight,Near,4,4,1280,720,25.926777543260375,0,3,bob,4,1,0.8324013356024068,1068.3194808961935,226.35707118416417,1173.6774886883131,412.7733195391994,19640.44454676752,bob,0.9039265196565852,chen,0.827740018744133,0.07618650091245216,bob,bob,bob,2,1,1,0,0,13.187830008950142,10.64929951857773,2.963944562469603,26.801074089997474
Daylight_Near_20260114_210800_T8,1736906003.04,76,Daylight,Near,4,4,1280,720,22.988706834539073,0,0,diana,1,1,0.7183497844625466,117.51517533423036,183.81866936392106,233.62829705262976,333.920349771011,17428.77468724472,diana,0.8927220313087886,chen,0.7985827835589073,0.09413924774988125,diana,diana,diana,2,1,1,0,0,10.124729161829396,5.1191962837861436,7.430513394866155,22.674438840481695
Daylight_Near_20260114_210800_T8,1736906003.04,76,Daylight,Near,4,4,1280,720,22.988706834539073,0,1,chen,2,1,0.8750288639274044,425.5084204586634,179.98443680552822,551.2290173206407,316.9317210022923,17217.094307844003,chen,0.8699660793657388,bob,0.7363188167480643,0.13364726261767446,chen,chen,chen,2,1,1,0,0,10.124729161829396,5.1191962837861436,7.430513394866155,22.674438840481695
Daylight_Near_20260114_210800_T8,1736906003.04,76,Daylight,Near,4,4,1280,720,22.988706834539073,0,2,alice,3,1,0.8107046125405142,746.2806935100318,202.6779089270898,868.5733042277618,385.70794755876966,22383.221264035106,alice,0.8357662842523316,diana,0.7117530524587823,0.12401323179354928,alice,alice,alice,2,1,1,0,0,10.124729161829396,5.1191962837861436,7.430513394866155,22.674438840481695
Daylight_Near_20260114_210800_T8,1736906003.04,76,Daylight,Near,4,4,1280,720,22.988706834539073,0,3,bob,4,1,0.7529636031831126,1069.0906382808712,204.0953699925445,1150.9265190704723,400.2813838494486,16055.055242580636,bob,0.9094746188688886,diana,0.8126456535035133,0.09682896536537533,bob,bob,bob,2,1,1,0,0,10.124729161829396,5.1191962837861436,7.430513394866155,22.674438840481695
Daylight_Near_20260114_210800_T8,1736906003.08,77,Daylight,Near,4,4,1280,720,23.766170535118782,0,0,diana,1,1,0.7444964290924347,118.12478211238249,196.85107808238365,224.4053775218735,400.28900109709923,21621.503586874165,diana,0.9276885809626355,bob,0.7517322981097558,0.17595628285287968,diana,diana,diana,2,1,1,0,0,13.868750014528263,8.430925541806058,11.02041980153819,33.32009535787251
Daylight_Near_20260114_210800_T8,1736906003.08,77,Daylight,Near,4,4,1280,720,23.766170535118782,0,1,chen,2,1,0.902311465769826,405.57420728257875,275.8316373814041,530.9284402690083,468.6714987936924,24173.29291654678,chen,0.8471337095265848,bob,0.7855837600814977,0.06154994944508718,chen,chen,chen,2,1,1,0,0,13.868750014528263,8.430925541806058,11.02041980153819,33.32009535787251
Daylight_Near_20260114_210800_T8,1736906003.08,77,Daylight,Near,4,4,1280,720,23.766170535118782,0,2,alice,3,1,0.7345443325957298,740.0512962894215,241.81264437833295,859.7428864827234,444.02138955010037,24202.686260600993,alice,0.8460936497870393,bob,0.7134366595276536,0.1326569902593857,alice,alice,alice,2,1,1,0,0,13.868750014528263,8.430925541806058,11.02041980153819,33.32009535787251
Daylight_Near_20260114_210800_T8,1736906003.08,77,Daylight,Near,4,4,1280,720,23.766170535118782,0,3,bob,4,1,0.8224915668537987,1072.908471314086,242.89636298543047,1187.728063552881,406.91152290978476,18832.1537834951,bob,0.9366112724717349,chen,0.7641101281966292,0.17250114427510577,bob,bob,bob,2,1,1,0,0,13.868750014528263,8.430925541806058,11.02041980153819,33.32009535787251
Daylight_Near_20260114_210800_T8,1736906003.12,78,Daylight,Near,4,4,1280,720,27.17509911003361,1,0,diana,1,1,0.8027775908184566,117.70434238000949,269.4365520544182,216.39860601851893,424.9322228509612,15346.530728240887,diana,0.8198865459021106,chen,0.6543923713753621,0.16549417452674853,diana,diana,diana,1,1,1,0,0,7.183260666324248,4.263203525016595,6.651134808739042,18.097599000079885
Daylight_Near_20260114_210800_T8,1736906003.12,78,Daylight,Near,4,4,1280,720,27.17509911003361,1,1,chen,2,1,0.6730614755480996,436.1070023638251,233.18884206754728,549.0858460791777,426.612199162255,21852.747232101832,chen,0.8222403417520282,bob,0.7060386643696226,0.11620167738240561,chen,chen,chen,1,1,1,0,0,7.183260666324248,4.263203525016595,6.651134808739042,18.097599000079885
Daylight_Near_20260114_210800_T8,1736906003.12,78,Daylight,Near,4,4,1280,720,27.17509911003361,1,2,alice,3,1,0.7743196027053769,755.2086549917789,258.0837839500359,879.7005684578347,421.0434494747791,20287.160578963732,alice,0.8183920372964345,chen,0.7048043538454799,0.1135876834509546,alice,alice,alice,2,1,1,0,0,7.183260666324248,4.263203525016595,6.651134808739042,18.097599000079885
Daylight_Near_20260114_210800_T8,1736906003.12,78,Daylight,Near,4,4,1280,720,27.17509911003361,1,3,bob,4,1,0.6786526321787769,1089.728087452502,226.5817155101633,1192.2540179878204,400.7743477783701,17859.26171569443,bob,0.8758660109704202,alice,0.7826205439769635,0.0932454669934567,bob,bob,bob,2,1,1,0,0,7.183260666324248,4.263203525016595,6.651134808739042,18.097599000079885
Daylight_Near_20260114_210800_T8,1736906003.16,79,Daylight,Near,4,4,1280,720,27.31932261501559,3,0,diana,1,1,0.7562249027236034,96.67915027605386,268.8374354553017,214.0967074961507,464.7165117062865,22999.64264391972,diana,0.9085817222377245,chen,0.8074753132981827,0.10110640893954181,diana,diana,diana,2,1,1,0,0,11.906977191569384,9.09866464036819,2.899837035772414,23.905478867709988
Daylight_Near_20260114_210800_T8,1736906003.16,79,Daylight,Near,4,4,1280,720,27.31932261501559,3,1,chen,2,1,0.6945832065085522,447.21061181433447,178.4884024610222,553.2453052693965,364.63793575340156,19738.308699460304,alice,0.6965589069652771,bob,0.6317410641548504,0.06481784281042668,unknown,unknown,unknown,0,0,0,0,0,11.906977191569384,9.09866464036819,2.899837035772414,23.905478867709988
Daylight_Near_20260114_210800_T8,1736906003.16,79,Daylight,Near,4,4,1280,720,27.31932261501559,3,2,alice,3,1,0.9072264741836653,757.2362674067415,224.98337888833464,881.242677556219,390.31521610907134,20502.20761716132,alice,0.9331829421906317,diana,0.8089956263433411,0.12418731584729059,alice,alice,alice,3,1,1,0,0,11.906977191569384,9.09866464036819,2.899837035772414,23.905478867709988
Daylight_Near_20260114_210800_T8,1736906003.16,79,Daylight,Near,4,4,1280,720,27.31932261501559,3,3,bob,4,1,0.7299268973079799,1077.9728144443163,321.1052737157152,1177.582492951639,469.05624987490756,14737.349170061725,bob,0.9095110374942578,diana,0.8234451881188006,0.08606584937545714,bob,bob,bob,2,1,1,0,0,11.906977191569384,9.09866464036819,2.899837035772414,23.905478867709988
Daylight_Near_20260114_210800_T8,1736906003.2,80,Daylight,Near,4,4,1280,720,27.609511565426526,1,0,diana,1,1,0.745873224450496,122.92522191269472,187.00480534239534,236.36750298430445,370.2678519770184,20789.778046364427,diana,0.8873848439306289,bob,0.799571752696367,0.08781309123426184,diana,diana,diana,3,1,1,0,0,10.16735884272513,10.006065796146894,6.04106318395854,26.214487822830563
Daylight_Near_20260114_210800_T8,1736906003.2,80,Daylight,Near,4,4,1280,720,27.609511565426526,1,1,chen,2,1,0.9413015402510257,415.468224875185,237.36508483091973,515.3932864567872,443.0002850648366,20548.110046719245,chen,0.8737742230124904,diana,0.7034112373599849,0.17036298565250552,chen,chen,chen,2,1,1,0,0,10.16735884272513,10.006065796146894,6.04106318395854,26.214487822830563
Daylight_Near_20260114_210800_T8,1736906003.2,80,Daylight,Near,4,4,1280,720,27.609511565426526,1,2,alice,3,1,0.6796690083799769,746.9463424513955,207.75690700291887,873.2574288159357,367.148640512037,20132.943017063993,alice,0.7501254426812323,diana,0.688607934214197,0.0615175084670353,alice,alice,alice,2,1,1,0,0,10.16735884272513,10.006065796146894,6.04106318395854,26.214487822830563
Daylight_Near_20260114_210800_T8,1736906003.2,80,Daylight,Near,4,4,1280,720,27.609511565426526,1,3,bob,4,1,0.8751176221982526,1095.5329944468176,262.80453147635876,1192.8790209472622,462.4073008097831,19430.536473093664,bob,0.8583227983216389,alice,0.7250294391344753,0.13329335918716367,bob,bob,bob,1,1,1,0,0,10.16735884272513,10.006065796146894,6.04106318395854,26.214487822830563
Daylight_Near_20260114_210800_T8,1736906003.24,81,Daylight,Near,4,4,1280,720,22.09592825000931,1,0,diana,1,1,0.8665403660945253,113.10094915073128,185.9184785558432,193.13418470538798,390.2206941835723,16350.967347672307,diana,0.8745465697402618,chen,0.8103342370489479,0.06421233269131388,diana,diana,diana,2,1,1,0,0,11.450514840462926,9.806964406253135,4.754719093679389,26.01219834039545
Daylight_Near_20260114_210800_T8,1736906003.24,81,Daylight,Near,4,4,1280,720,22.09592825000931,1,1,chen,2,1,0.8276400240354801,439.4484840675147,242.7087957871201,555.316436839639,416.9580249419353,20189.901454289193,chen,0.7450639154936838,bob,0.6810090099646763,0.0640549055290075,unknown,unknown,unknown,0,0,0,0,0,11.450514840462926,9.806964406253135,4.754719093679389,26.01219834039545
Daylight_Near_20260114_210800_T8,1736906003.24,81,Daylight,Near,4,4,1280,720,22.09592825000931,1,2,alice,3,1,0.7637505705807791,737.1684931208029,260.9492754478182,832.672709278019,408.9216509891726,14131.98573899828,alice,0.880282377351249,chen,0.7676716996016906,0.11261067774955846,alice,alice,alice,1,1,1,0,0,11.450514840462926,9.806964406253135,4.754719093679389,26.01219834039545
Daylight_Near_20260114_210800_T8,1736906003.24,81,Daylight,Near,4,4,1280,720,22.09592825000931,1,3,bob,4,1,0.7339343065520896,1065.6610211805505,264.4074435848859,1159.0559874378455,457.378702639673,18022.54422804957,bob,0.8418899077938987,alice,0.7631852951588733,0.07870461263502537,bob,bob,bob,2,1,1,0,0,11.450514840462926,9.806964406253135,4.754719093679389,26.01219834039545
Daylight_Near_20260114_210800_T8,1736906003.28,82,Daylight,Near,4,4,1280,720,24.170262887078703,0,0,diana,-1,0,-1.0,-1.0,-1.0,-1.0,-1.0,0.0,unknown,-1.0,unknown,-1.0,-1.0,unknown,unknown,unknown,0,0,0,0,1,11.063936282020684,10.826065520850783,6.66871766053108,28.558719463402547
Daylight_Near_20260114_210800_T8,1736906003.28,82,Daylight,Near,4,4,1280,720,24.170262887078703,0,1,chen,2,1,0.8048196693489469,433.02199653293917,192.51226801375586,529.6266192820157,401.48930499736764,20188.147821021623,chen,0.8494496284939222,alice,0.7256632026825429,0.12378642581137933,chen,chen,chen,2,1,1,0,0,11.063936282020684,10.826065520850783,6.66871766053108,28.558719463402547
Daylight_Near_20260114_210800_T8,1736906003.28,82,Daylight,Near,4,4,1280,720,24.170262887078703,0,2,alice,3,1,0.7213127297560494,767.9240840621927,199.8843406724555,856.6998395941697,354.99546482592285,13770.10723813835,alice,0.8445713013888725,chen,0.7134783391642152,0.13109296222465727,alice,alice,alice,3,1,1,0,0,11.063936282020684,10.826065520850783,6.66871766053108,28.558719463402547
Daylight_Near_20260114_210800_T8,1736906003.28,82,Daylight,Near,4,4,1280,720,24.170262887078703,0,3,bob,4,1,0.8536548849099305,1057.138932148792,266.81011099728755,1157.0140215353042,424.43160156376666,15742.460459562386,bob,0.9233414083209065,chen,0.8469977808848081,0.07634362743609835,bob,bob,bob,3,1,1,0,0,11.063936282020684,10.826065520850783,6.66871766053108,28.558719463402547
Daylight_Near_20260114_210800_T8,1736906003.32,83,Daylight,Near,4,4,1280,720,26.441887368829594,0,0,diana,1,1,0.6589824653531416,115.1459087888773,138.25414112851007,223.30207100169963,321.16965073539035,19783.439528282805,diana,0.7609409536937328,alice,0.6556370309946903,0.10530392269904254,diana,diana,diana,1,1,1,0,0,15.36901017887788,7.577292128121775,6.089772698239243,29.0360750052389
Daylight_Near_20260114_210800_T8,1736906003.32,83,Daylight,Near,4,4,1280,720,26.441887368829594,0,1,chen,-1,0,-1.0,-1.0,-1.0,-1.0,-1.0,0.0,unknown,-1.0,unknown,-1.0,-1.0,unknown,unknown,unknown,0,0,0,0,1,15.36901017887788,7.577292128121775,6.089772698239243,29.0360750052389
Daylight_Near_20260114_210800_T8,1736906003.32,83,Daylight,Near,4,4,1280,720,26.441887368829594,0,2,alice,3,1,0.5708781460914255,758.703688350296,317.9652431356403,841.9968672022408,504.4177619246193,15530.222994886011,alice,0.7498480505569032,bob,0.6885227287702531,0.06132532178665007,unknown,unknown,unknown,0,0,0,0,0,15.36901017887788,7.577292128121775,6.089772698239243,29.0360750052389
Daylight_Near_20260114_210800_T8,1736906003.32,83,Daylight,Near,4,4,1280,720,26.441887368829594,0,3,bob,4,1,0.9309714318780198,1118.6351860750378,263.3683139139963,1214.342409488143,443.0709773030802,17198.84295290908,bob,0.8013254416071739,alice,0.6409681332643857,0.16035730834278816,bob,bob,bob,2,1,1,0,0,15.36901017887788,7.577292128121775,6.089772698239243,29.0360750052389
Daylight_Near_20260114_210800_T8,1736906003.36,84,Daylight,Near,4,4,1280,720,24.863529154966148,4,0,diana,1,1,0.8168720866727552,105.23778052731595,238.74250474596047,221.43427560050648,393.68399113677174,18003.657660042718,diana,0.9506077085149127,bob,0.8877168354894048,0.06289087302550789,diana,diana,diana,3,1,1,0,0,13.85892402969474,11.927629656555597,12.843664645237281,38.63021833148762
Daylight_Near_20260114_210800_T8,1736906003.36,84,Daylight,Near,4,4,1280,720,24.863529154966148,4,1,chen,2,1,0.5477576565533719,412.94111215374977,229.5636094674066,521.6088827406121,409.699828630778,19575.001338429996,chen,0.8303787328286081,bob,0.7498919634402889,0.08048676938831922,chen,chen,chen,3,1,1,0,0,13.85892402969474,11.927629656555597,12.843664645237281,38.63021833148762
Daylight_Near_20260114_210800_T8,1736906003.36,84,Daylight,Near,4,4,1280,720,24.863529154966148,4,2,alice,3,1,0.7357667468621321,749.0748608100445,263.9110687784549,873.1705728966684,408.951895111223,17998.94462539722,alice,0.9194143254266408,chen,0.8044894147070035,0.11492491071963729,alice,alice,alice,3,1,1,0,0,13.85892402969474,11.927629656555597,12.843664645237281,38.63021833148762
Daylight_Near_20260114_210800_T8,1736906003.36,84,Daylight,Near,4,4,1280,720,24.863529154966148,4,3,bob,4,1,0.812669069867832,1054.6814143744186,209.0502437182862,1154.8190728628228,383.5089358914274,17469.884937167655,bob,0.897191815485588,diana,0.7957863175069684,0.10140549797861964,bob,bob,bob,2,1,1,0,0,13.85892402969474,11.927629656555597,12.843664645237281,38.63021833148762
Daylight_Near_20260114_210800_T8,1736906003.4,85,Daylight,Near,4,4,1280,720,26.139393282977103,2,0,diana,1,1,0.6469980893244186,135.20314073830977,134.8591144559248,222.66182863172813,299.02130726548614,14357.409984830592,diana,0.9832067185463538,alice,0.8382010763003364,0.14500564224601742,diana,diana,diana,1,1,1,0,0,11.339324127937559,8.529481972042033,6.92659601528411,26.795402115263702
Daylight_Near_20260114_210800_T8,1736906003.4,85,Daylight,Near,4,4,1280,720,26.139393282977103,2,1,chen,2,1,0.5994695952354623,431.2023457160558,146.42313166266618,514.340593182743,327.20755003232523,15030.099712537822,chen,0.8699114545790627,bob,0.7844417416277024,0.0854697129513603,chen,chen,chen,2,1,1,0,0,11.339324127937559,8.529481972042033,6.92659601528411,26.795402115263702
Daylight_Near_20260114_210800_T8,1736906003.4,85,Daylight,Near,4,4,1280,720,26.139393282977103,2,2,alice,3,1,0.776918018528135,742.9284915547923,295.3972705998941,868.7863935363862,483.848468521015,23718.07239627037,alice,0.8655984272741792,bob,0.7375802759343109,0.12801815133986838,alice,alice,alice,2,1,1,0,0,11.339324127937559,8.529481972042033,6.92659601528411,26.795402115263702
Daylight_Near_20260114_210800_T8,1736906003.4,85,Daylight,Near,4,4,1280,720,26.139393282977103,2,3,bob,4,1,0.7489554058698028,1044.932143005505,312.31959754979226,1141.6884426741842,454.29083909806576,13736.6119915792,bob,0.823771972549672,diana,0.7411617154692782,0.08261025708039382,bob,bob,bob,2,1,1,0,0,11.339324127937559,8.529481972042033,6.92659601528411,26.795402115263702
Daylight_Near_20260114_210800_T8,1736906003.44,86,Daylight,Near,4,4,1280,720,24.39004373076991,1,0,diana,1,1,0.7930066448659777,88.5400541431654,189.15815112712338,214.9698824110586,395.92889301899675,26141.989388214417,diana,0.846545677521014,bob,0.6833663396798175,0.16317933784119643,diana,diana,diana,2,1,1,0,0,17.07561573986457,14.767729747348566,5.849950861808322,37.69329634902146
Daylight_Near_20260114_210800_T8,1736906003.44,86,Daylight,Near,4,4,1280,720,24.39004373076991,1,1,chen,2,1,0.6907363728171758,398.9192524222794,231.6269847633057,481.1969798008203,446.27705306037956,17660.919801131833,chen,0.8663170261172537,diana,0.7885242845184193,0.07779274159883443,chen,chen,chen,2,1,1,0,0,17.07561573986457,14.767729747348566,5.849950861808322,37.69329634902146
Daylight_Near_20260114_210800_T8,1736906003.44,86,Daylight,Near,4,4,1280,720,24.39004373076991,1,2,alice,3,1,0.7748869766145839,757.303691555579,172.22043513380405,871.3646837982876,325.42360642471954,17474.50573217147,alice,0.9438586546495602,chen,0.7768258062943408,0.16703284835521937,alice,alice,alice,2,1,1,0,0,17.07561573986457,14.767729747348566,5.849950861808322,37.69329634902146
Daylight_Near_20260114_210800_T8,1736906003.44,86,Daylight,Near,4,4,1280,720,24.39004373076991,1,3,bob,4,1,0.7294863694167312,1116.6942332106983,202.56537767569307,1218.5846244891227,366.20322581698633,16673.124375075768,bob,0.9340287220202098,diana,0.7812862678262738,0.15274245419393606,bob,bob,bob,2,1,1,0,0,17.07561573986457,14.767729747348566,5.849950861808322,37.69329634902146
Daylight_Near_20260114_210800_T8,1736906003.48,87,Daylight,Near,4,4,1280,720,31.768690766526504,2,0,diana,1,1,0.8094781420584356,89.89722481473355,187.55652830376437,213.01829036912739,334.70557160948545,18117.147007110023,diana,0.7808065575853861,bob,0.6290188849743775,0.15178767261100856,diana,diana,diana,2,1,1,0,0,12.784910047905306,7.300104149392583,3.308559833461443,23.393574030759332
Daylight_Near_20260114_210800_T8,1736906003.48,87,Daylight,Near,4,4,1280,720,31.768690766526504,2,1,chen,2,1,0.8585150362537628,405.4489952572572,273.7045375279281,488.32293969989456,422.6555466860974,12344.157657648893,chen,0.8727049174311309,diana,0.7071026016072812,0.16560231582384966,chen,chen,chen,1,1,1,0,0,12.784910047905306,7.300104149392583,3.308559833461443,23.393574030759332
Daylight_Near_20260114_210800_T8,1736906003.48,87,Daylight,Near,4,4,1280,720,31.768690766526504,2,2,alice,3,1,0.8607582878772563,761.0150947548085,281.6958320830454,849.32756088539,430.7098228129315,13159.79300931585,alice,0.8893939970769791,bob,0.7200569002130184,0.1693370968639607,alice,alice,alice,2,1,1,0,0,12.784910047905306,7.300104149392583,3.308559833461443,23.393574030759332
Daylight_Near_20260114_210800_T8,1736906003.48,87,Daylight,Near,4,4,1280,720,31.768690766526504,2,3,bob,4,1,0.8448466673401426,1064.2688526524212,228.06785743452934,1186.6776268131207,401.9920127874681,21289.8426536883,bob,0.8452040149347716,chen,0.7425594801036235,0.1026445348311481,bob,bob,bob,2,1,1,0,0,12.784910047905306,7.300104149392583,3.308559833461443,23.393574030759332
Daylight_Near_20260114_210800_T8,1736906003.52,88,Daylight,Near,4,4,1280,720,26.69436577964567,1,0,diana,1,1,0.6614918590284559,133.36705804568004,368.9429191004975,238.05082613671976,507.8779269463707,14544.240141064174,diana,0.8348641098456471,bob,0.7565930661682849,0.07827104367736215,diana,diana,diana,1,1,1,0,0,12.032902153832964,7.529148001197138,6.112572092587316,25.674622247617418
Daylight_Near_20260114_210800_T8,1736906003.52,88,Daylight,Near,4,4,1280,720,26.69436577964567,1,1,chen,2,1,0.7994926497360033,439.63795343446924,202.84781608383093,566.9349747118229,401.6938467663982,25312.50739871608,chen,0.8244612223327971,bob,0.7071602293502169,0.11730099298258012,chen,chen,chen,1,1,1,0,0,12.032902153832964,7.529148001197138,6.112572092587316,25.674622247617418
Daylight_Near_20260114_210800_T8,1736906003.52,88,Daylight,Near,4,4,1280,720,26.69436577964567,1,2,alice,3,1,0.7831753798368434,750.2797258602666,356.4185758500155,839.915607359497,523.0108490533466,14932.645259541214,alice,0.8317667213902622,diana,0.6973711552308461,0.13439556615941606,alice,alice,alice,1,1,1,0,0,12.032902153832964,7.529148001197138,6.112572092587316,25.674622247617418
Daylight_Near_20260114_210800_T8,1736906003.52,88,Daylight,Near,4,4,1280,720,26.69436577964567,1,3,bob,4,1,0.7035781347114213,1039.742583579139,196.91410768171613,1164.6027844602156,362.6177473600792,20689.789736965966,bob,0.8340250169586895,chen,0.6677401312550028,0.1662848857036867,bob,bob,bob,1,1,1,0,0,12.032902153832964,7.529148001197138,6.112572092587316,25.674622247617418
Daylight_Near_20260114_210800_T8,1736906003.56,89,Daylight,Near,4,4,1280,720,26.67429106060794,2,0,diana,1,1,0.8028582733213697,93.86127783417916,212.8336275528855,201.15938113300078,405.8899684544354,20714.57920854702,diana,0.8593539637667352,bob,0.6922303376479896,0.16712362611874565,diana,diana,diana,2,1,1,0,0,18.395970670541832,12.82224652886896,5.088200493341732,36.306417692752525
Daylight_Near_20260114_210800_T8,1736906003.56,89,Daylight,Near,4,4,1280,720,26.67429106060794,2,1,chen,2,1,0.8856604263943784,428.206314794061,215.01253854101668,539.044328733984,367.07285703996166,16854.0637014952,chen,0.817886550022751,bob,0.7034603363624292,0.1144262136603218,chen,chen,chen,1,1,1,0,0,18.395970670541832,12.82224652886896,5.088200493341732,36.306417692752525
Daylight_Near_20260114_210800_T8,1736906003.56,89,Daylight,Near,4,4,1280,720,26.67429106060794,2,2,alice,3,1,0.7847009008491841,726.5290677038021,267.48277456136543,846.9078470712706,446.72063772334093,21576.435183871956,alice,0.9113840642396309,bob,0.7538419535644201,0.15754211067521084,alice,alice,alice,2,1,1,0,0,18.395970670541832,12.82224652886896,5.088200493341732,36.306417692752525
Daylight_Near_20260114_210800_T8,1736906003.56,89,Daylight,Near,4,4,1280,720,26.67429106060794,2,3,bob,4,1,0.7327468891593608,1048.5713179021936,252.52680264901642,1168.9213817340515,457.6778009370478,24689.93573913393,bob,0.8913253907648399,diana,0.7240201305905956,0.1673052601742443,bob,bob,bob,1,1,1,0,0,18.395970670541832,12.82224652886896,5.088200493341732,36.306417692752525
Daylight_Near_20260114_210800_T8,1736906003.6,90,Daylight,Near,4,4,1280,720,25.280561695566323,2,0,diana,1,1,0.833497475121167,104.26076228182791,202.58186069700548,197.17702236686932,376.4158261536737,16152.00194598589,diana,0.8634709410880267,bob,0.7574378834443891,0.10603305764363757,diana,diana,diana,1,1,1,0,0,14.11339321442621,11.325549295397527,9.747066677407185,35.18600918723092
Daylight_Near_20260114_210800_T8,1736906003.6,90,Daylight,Near,4,4,1280,720,25.280561695566323,2,1,chen,2,1,0.7270072921934178,422.3482471236351,213.03170711822912,543.3479325859407,364.02362115742886,18269.97410609466,chen,0.7594857429282356,alice,0.6517607868850973,0.10772495604313825,chen,chen,chen,2,1,1,0,0,14.11339321442621,11.325549295397527,9.747066677407185,35.18600918723092
Daylight_Near_20260114_210800_T8,1736906003.6,90,Daylight,Near,4,4,1280,720,25.280561695566323,2,2,alice,3,1,0.7447287329783674,739.1460272666225,295.4006831296847,826.8012997029273,487.83249852073686,16867.663203515393,alice,0.8771014003900667,diana,0.7201590852919442,0.1569423150981225,alice,alice,alice,2,1,1,0,0,14.11339321442621,11.325549295397527,9.747066677407185,35.18600918723092
Daylight_Near_20260114_210800_T8,1736906003.6,90,Daylight,Near,4,4,1280,720,25.280561695566323,2,3,bob,4,1,0.8458331637616614,1066.3933334568565,271.9251756686415,1165.2174738674657,460.64748653686445,18650.32014785592,bob,0.8561664819579118,alice,0.7581917948955929,0.09797468706231893,bob,bob,bob,2,1,1,0,0,14.11339321442621,11.325549295397527,9.747066677407185,35.18600918723092
Daylight_Near_20260114_210800_T8,1736906003.64,91,Daylight,Near,4,4,1280,720,24.08583941620833,2,0,diana,1,1,0.7269127578884903,103.18049905427468,268.4754252732947,227.2404701874906,475.1939177251003,25645.49020627291,diana,0.822126427666027,alice,0.7256158595246829,0.09651056814134407,diana,diana,diana,2,1,1,0,0,9.730484018889289,6.394775339197514,7.986027417233954,24.111286775320757
Daylight_Near_20260114_210800_T8,1736906003.64,91,Daylight,Near,4,4,1280,720,24.08583941620833,2,1,chen,2,1,0.7511441709897702,431.64044095781975,328.83800559450697,514.0783152954903,469.4802050655869,11594.243966570479,chen,0.8556813758102273,alice,0.7173695762468483,0.13831179956337902,chen,chen,chen,1,1,1,0,0,9.730484018889289,6.394775339197514,7.986027417233954,24.111286775320757
Daylight_Near_20260114_210800_T8,1736906003.64,91,Daylight,Near,4,4,1280,720,24.08583941620833,2,2,alice,3,1,0.7457996139326746,762.2367466475398,214.3060635029453,876.5657888811252,421.7378175217808,23715.473765806135,alice,0.8460847765494742,chen,0.7152513486738814,0.13083342787559282,alice,alice,alice,3,1,1,0,0,9.730484018889289,6.394775339197514,7.986027417233954,24.111286775320757
Daylight_Near_20260114_210800_T8,1736906003.64,91,Daylight,Near,4,4,1280,720,24.08583941620833,2,3,bob,4,1,0.817384332377901,1057.312545374627,255.5941863756478,1137.5881343837805,444.8313351873495,15191.12358327218,bob,0.7933776424673862,diana,0.6609198081417167,0.1324578343256695,bob,bob,bob,1,1,1,0,0,9.730484018889289,6.394775339197514,7.986027417233954,24.111286775320757
Daylight_Near_20260114_210800_T8,1736906003.68,92,Daylight,Near,4,4,1280,720,25.44327733287674,1,0,diana,1,1,0.8771042464211523,107.95376104486502,251.9572740670469,207.9906329212473,435.79941218943543,18390.99241682956,diana,0.8458042848385365,chen,0.778608745139916,0.06719553969862058,diana,diana,diana,1,1,1,0,0,14.378160745405932,8.755709857564666,11.669321971488605,34.8031925744592
Daylight_Near_20260114_210800_T8,1736906003.68,92,Daylight,Near,4,4,1280,720,25.44327733287674,1,1,chen,2,1,0.8676036563023077,420.33627247054267,212.81135189790103,536.9618820637263,389.99906318447273,20664.62484121745,chen,0.91533644912199,bob,0.760458191073144,0.15487825804884592,chen,chen,chen,3,1,1,0,0,14.378160745405932,8.755709857564666,11.669321971488605,34.8031925744592
Daylight_Near_20260114_210800_T8,1736906003.68,92,Daylight,Near,4,4,1280,720,25.44327733287674,1,2,alice,3,1,0.6760997991137079,723.0413834663406,214.13813403581725,849.6891807844748,393.8728306725255,22763.003430682176,alice,0.8111925288945546,bob,0.7323351067485893,0.07885742214596536,alice,alice,alice,3,1,1,0,0,14.378160745405932,8.755709857564666,11.669321971488605,34.8031925744592
Daylight_Near_20260114_210800_T8,1736906003.68,92,Daylight,Near,4,4,1280,720,25.44327733287674,1,3,bob,4,1,0.7414049577311888,1061.511008839124,234.88200298045314,1155.9659933489286,421.71188805581863,17647.013900762202,bob,0.8181438856542246,chen,0.7297129211785515,0.08843096447567311,bob,bob,bob,3,1,1,0,0,14.378160745405932,8.755709857564666,11.669321971488605,34.8031925744592
Daylight_Near_20260114_210800_T8,1736906003.72,93,Daylight,Near,4,4,1280,720,20.618905338940486,2,0,diana,1,1,0.6484962546322588,66.5296028502617,241.30489224675347,190.86961264154252,403.15506509265475,20124.452076379857,diana,0.8366388963172355,alice,0.6656744445294287,0.17096445178780684,diana,diana,diana,3,1,1,0,0,14.153481244080982,8.766165468229493,7.340996523894441,30.260643236204917
Daylight_Near_20260114_210800_T8,1736906003.72,93,Daylight,Near,4,4,1280,720,20.618905338940486,2,1,chen,2,1,0.8368406144317702,436.7209568504825,269.6834580910132,525.8183205752416,413.2270824842175,12789.358512931527,chen,0.8577707947969946,diana,0.6992579949783274,0.15851279981866717,chen,chen,chen,2,1,1,0,0,14.153481244080982,8.766165468229493,7.340996523894441,30.260643236204917
Daylight_Near_20260114_210800_T8,1736906003.72,93,Daylight,Near,4,4,1280,720,20.618905338940486,2,2,alice,3,1,0.8228148857058092,711.2701005841939,254.9944973822209,829.7682626178814,394.00022154350114,16471.92282527346,alice,0.8240708489322668,bob,0.732371997348402,0.09169885158386482,alice,alice,alice,1,1,1,0,0,14.153481244080982,8.766165468229493,7.340996523894441,30.260643236204917
Daylight_Near_20260114_210800_T8,1736906003.72,93,Daylight,Near,4,4,1280,720,20.618905338940486,2,3,bob,4,1,0.7597990479409099,1044.9177556388897,203.9739235656918,1140.1803091225172,417.4491019196708,20336.19059537284,bob,0.8808878165184133,diana,0.7875864859498336,0.0933013305685797,bob,bob,bob,1,1,1,0,0,14.153481244080982,8.766165468229493,7.340996523894441,30.260643236204917
Daylight_Near_20260114_210800_T8,1736906003.76,94,Daylight,Near,4,4,1280,720,24.420079311289566,0,0,diana,1,1,0.6692316424144873,122.95560041485453,207.8856580123632,210.46586328661357,399.51855109646436,16769.844848665387,diana,0.8392131724031816,chen,0.6750060108084087,0.1642071615947729,diana,diana,diana,1,1,1,0,0,15.763911666904145,8.813578978912096,9.109982835746743,33.68747348156298
Daylight_Near_20260114_210800_T8,1736906003.76,94,Daylight,Near,4,4,1280,720,24.420079311289566,0,1,chen,2,1,0.6764993568773665,448.06125453207557,241.1813831393764,544.8646010563107,403.9438402606115,15755.950537842882,chen,0.8562518539308833,bob,0.7202555701953683,0.13599628373551498,chen,chen,chen,2,1,1,0,0,15.763911666904145,8.813578978912096,9.109982835746743,33.68747348156298
Daylight_Near_20260114_210800_T8,1736906003.76,94,Daylight,Near,4,4,1280,720,24.420079311289566,0,2,alice,3,1,0.7528747942426198,731.9629160645593,214.36799412954272,830.7261974029943,401.2925384841408,18461.281363151946,alice,0.8819635038907383,diana,0.7878189502603671,0.09414455363037122,alice,alice,alice,3,1,1,0,0,15.763911666904145,8.813578978912096,9.109982835746743,33.68747348156298
Daylight_Near_20260114_210800_T8,1736906003.76,94,Daylight,Near,4,4,1280,720,24.420079311289566,0,3,bob,4,1,0.8998240263021715,1049.015171847488,204.5844387926541,1165.3636628446475,398.90071863019267,22608.40593527936,bob,0.8367686827668568,alice,0.7515636480201009,0.08520503474675589,bob,bob,bob,3,1,1,0,0,15.763911666904145,8.813578978912096,9.109982835746743,33.68747348156298
Daylight_Near_20260114_210800_T8,1736906003.8,95,Daylight,Near,4,4,1280,720,24.24541335904217,3,0,diana,1,1,0.5709675615080515,104.114743892764,274.00827676448375,205.19011890360264,420.76887959131204,14833.882967538415,diana,0.8759669183785255,bob,0.8051352364530361,0.07083168192548939,diana,diana,diana,3,1,1,0,0,12.047009983983733,9.21481928784649,5.663256229837632,26.925085501667855
Daylight_Near_20260114_210800_T8,1736906003.8,95,Daylight,Near,4,4,1280,720,24.24541335904217,3,1,chen,2,1,0.7094442071166374,427.61411912898524,248.0732678824058,525.4832643002337,433.4949605970566,18147.06256218879,chen,0.8828153358283028,diana,0.724405923983747,0.15840941184455581,chen,chen,chen,2,1,1,0,0,12.047009983983733,9.21481928784649,5.663256229837632,26.925085501667855
Daylight_Near_20260114_210800_T8,1736906003.8,95,Daylight,Near,4,4,1280,720,24.24541335904217,3,2,alice,3,1,0.7077596410214024,748.234194303282,179.25230777361276,840.3191943460831,387.54383462445855,19180.525258975238,alice,0.9046023094673008,diana,0.7874517779872869,0.11715053148001386,alice,alice,alice,2,1,1,0,0,12.047009983983733,9.21481928784649,5.663256229837632,26.925085501667855
Daylight_Near_20260114_210800_T8,1736906003.8,95,Daylight,Near,4,4,1280,720,24.24541335904217,3,3,bob,4,1,0.7604004836454236,1106.4507922194757,273.3546622152836,1204.7851703620026,484.46330827660927,20759.237430951274,bob,0.7322179570492193,alice,0.6656153422065338,0.06660261484268548,unknown,unknown,unknown,0,0,0,0,0,12.047009983983733,9.21481928784649,5.663256229837632,26.925085501667855
Daylight_Near_20260114_210800_T8,1736906003.84,96,Daylight,Near,4,4,1280,720,23.046320187825955,0,0,diana,1,1,0.7671472472899304,121.69519076705174,214.06499036191167,232.8092326767883,407.62104882148833,21506.79599156082,diana,0.7866155484989215,bob,0.6672944032349055,0.11932114526401594,diana,diana,diana,2,1,1,0,0,11.60348516092922,9.273724018141515,3.1467916028385563,24.02400078190929
Daylight_Near_20260114_210800_T8,1736906003.84,96,Daylight,Near,4,4,1280,720,23.046320187825955,0,1,chen,2,1,0.6957142910207663,397.56994933935476,174.4827847940199,517.1788379330696,321.25116201161933,17554.80247970017,chen,0.8654109433644548,bob,0.7573376084777912,0.1080733348866636,chen,chen,chen,2,1,1,0,0,11.60348516092922,9.273724018141515,3.1467916028385563,24.02400078190929
Daylight_Near_20260114_210800_T8,1736906003.84,96,Daylight,Near,4,4,1280,720,23.046320187825955,0,2,alice,3,1,0.7274493230235416,774.2369513066849,242.6142028186928,863.0455842374122,450.7888736738537,18487.707929450957,alice,0.9350663382156326,diana,0.788584998627303,0.14648133958832954,alice,alice,alice,3,1,1,0,0,11.60348516092922,9.273724018141515,3.1467916028385563,24.02400078190929
Daylight_Near_20260114_210800_T8,1736906003.84,96,Daylight,Near,4,4,1280,720,23.046320187825955,0,3,bob,4,1,0.6288773742357678,1055.595880124925,223.34921363869066,1168.310966597114,419.4150672417178,22099.57964310873,bob,0.8177502015567725,chen,0.7549962667274575,0.06275393482931502,bob,bob,bob,1,1,1,0,0,11.60348516092922,9.273724018141515,3.1467916028385563,24.02400078190929
Daylight_Near_20260114_210800_T8,1736906003.88,97,Daylight,Near,4,4,1280,720,24.21826485840766,1,0,diana,1,1,0.6878401264097114,115.35564039581428,238.81548047851746,221.20149388117167,381.0562896706151,15055.599849385446,diana,0.8236633618448806,bob,0.6646327047600924,0.15903065708478825,diana,diana,diana,2,1,1,0,0,13.251695109877947,8.417218140772155,4.198672107224519,25.86758535787462
Daylight_Near_20260114_210800_T8,1736906003.88,97,Daylight,Near,4,4,1280,720,24.21826485840766,1,1,chen,2,1,0.903298623725431,423.6548847391066,176.05417763947713,525.8007415025489,367.2567874206398,19530.554391503,chen,0.8097547218948644,bob,0.6869486497412007,0.12280607215366368,chen,chen,chen,2,1,1,0,0,13.251695109877947,8.417218140772155,4.198672107224519,25.86758535787462
Daylight_Near_20260114_210800_T8,1736906003.88,97,Daylight,Near,4,4,1280,720,24.21826485840766,1,2,alice,3,1,0.7950988157978772,724.8046859153438,317.5764879316176,821.4233075301739,477.3037821950508,15432.631005999277,alice,0.7843113839565901,chen,0.7092005949684621,0.07511078898812795,alice,alice,alice,2,1,1,0,0,13.251695109877947,8.417218140772155,4.198672107224519,25.86758535787462
Daylight_Near_20260114_210800_T8,1736906003.88,97,Daylight,Near,4,4,1280,720,24.21826485840766,1,3,bob,4,1,0.6464101294251178,1075.7562030463698,256.0876701265313,1173.1121910077052,405.2365043733696,14520.532111382392,bob,0.896028272070894,chen,0.8257646179683951,0.07026365410249891,bob,bob,bob,3,1,1,0,0,13.251695109877947,8.417218140772155,4.198672107224519,25.86758535787462
Daylight_Near_20260114_210800_T8,1736906003.92,98,Daylight,Near,4,4,1280,720,22.784215820756145,1,0,diana,1,1,0.9225514951407074,99.557460052654,223.67417638655223,207.26836445795544,433.44298068799077,22594.387627326632,diana,0.9115089091292847,alice,0.818635361870272,0.09287354725901276,diana,diana,diana,2,1,1,0,0,7.992338347250266,4.842342159026318,7.72746678871448,20.562147294991064
Daylight_Near_20260114_210800_T8,1736906003.92,98,Daylight,Near,4,4,1280,720,22.784215820756145,1,1,chen,2,1,0.8090700453035429,418.7825945127429,322.42277638870394,524.2965801223069,514.1400733682884,20228.85611460838,chen,0.9554563718996585,bob,0.8175869476826496,0.13786942421700887,chen,chen,chen,1,1,1,0,0,7.992338347250266,4.842342159026318,7.72746678871448,20.562147294991064
Daylight_Near_20260114_210800_T8,1736906003.92,98,Daylight,Near,4,4,1280,720,22.784215820756145,1,2,alice,3,1,0.8211766576723671,777.1870157055868,254.40465734930558,870.5637886812771,391.0456503741758,12759.094984856189,alice,0.9009768037746826,chen,0.7782839900138219,0.12269281376086072,alice,alice,alice,3,1,1,0,0,7.992338347250266,4.842342159026318,7.72746678871448,20.562147294991064
Daylight_Near_20260114_210800_T8,1736906003.92,98,Daylight,Near,4,4,1280,720,22.784215820756145,1,3,bob,4,1,0.7411738571707116,1076.8223325352235,255.63164033150343,1169.3146225032735,437.8912278480696,16857.606618039434,bob,0.9111699094178121,alice,0.8305083932609579,0.08066151615685413,bob,bob,bob,1,1,1,0,0,7.992338347250266,4.842342159026318,7.72746678871448,20.562147294991064
Daylight_Near_20260114_210800_T8,1736906003.96,99,Daylight,Near,4,4,1280,720,27.07465157185103,0,0,diana,1,1,0.7439484514609411,115.94812343485341,277.7445316350948,204.34863839420382,430.13006900739816,13470.959976068953,diana,0.8210059274688103,alice,0.7580436716640873,0.06296225580472303,diana,diana,diana,1,1,1,0,0,14.174309412620538,5.583523033994938,7.135111404651896,26.892943851267372
Daylight_Near_20260114_210800_T8,1736906003.96,99,Daylight,Near,4,4,1280,720,27.07465157185103,0,1,chen,2,1,0.873535354079023,398.00050578337056,293.8386824195495,525.2055933962578,471.11748111260886,22550.76511965801,chen,0.938584600375155,alice,0.8118403099709912,0.1267442904041638,chen,chen,chen,2,1,1,0,0,14.174309412620538,5.583523033994938,7.135111404651896,26.892943851267372
Daylight_Near_20260114_210800_T8,1736906003.96,99,Daylight,Near,4,4,1280,720,27.07465157185103,0,2,alice,3,1,0.7802869305726654,763.6772091169636,236.2151445787002,868.3637862307907,417.74970346809573,19004.231597999285,alice,0.8904797616124446,bob,0.7535744736122965,0.13690528800014812,alice,alice,alice,2,1,1,0,0,14.174309412620538,5.583523033994938,7.135111404651896,26.892943851267372
Daylight_Near_20260114_210800_T8,1736906003.96,99,Daylight,Near,4,4,1280,720,27.07465157185103,0,3,bob,4,1,0.7717922415999819,1047.4932439391462,221.2544443159171,1155.6688672785065,430.4502263733667,22629.884124029577,bob,0.8829100220488658,diana,0.7390048625164457,0.1439051595324201,bob,bob,bob,3,1,1,0,0,14.174309412620538,5.583523033994938,7.135111404651896,26.892943851267372
Daylight_Near_20260114_210800_T8,1736906004.0,100,Daylight,Near,4,4,1280,720,27.298924626971456,0,0,diana,1,1,0.7883315903540847,122.77241275965537,201.29957742185724,213.6237635691162,416.33354317541506,19536.126258626067,diana,0.8647977594531283,chen,0.7361034591532799,0.1286943002998484,diana,diana,diana,2,1,1,0,0,15.030196808536651,11.499201086458466,6.309590529362229,32.838988424357346
Daylight_Near_20260114_210800_T8,1736906004.0,100,Daylight,Near,4,4,1280,720,27.298924626971456,0,1,chen,2,1,0.5934062818300032,449.19413170078434,221.50727883006198,532.9700153962133,414.1410273194115,16138.062509258254,chen,0.8569468456469931,alice,0.6958539505167756,0.16109289513021752,chen,chen,chen,3,1,1,0,0,15.030196808536651,11.499201086458466,6.309590529362229,32.838988424357346
Daylight_Near_20260114_210800_T8,1736906004.0,100,Daylight,Near,4,4,1280,720,27.298924626971456,0,2,alice,3,1,0.8636598377068687,745.8598671633613,250.36871812753589,847.8157825361857,428.3163876070596,18142.817530245644,alice,0.8454924495821462,bob,0.6805597929007582,0.164932656681388,alice,alice,alice,3,1,1,0,0,15.030196808536651,11.499201086458466,6.309590529362229,32.838988424357346
Daylight_Near_20260114_210800_T8,1736906004.0,100,Daylight,Near,4,4,1280,720,27.298924626971456,0,3,bob,4,1,0.7433621797152049,1057.6382034046906,192.11554062901357,1156.3704637065925,389.50481478279266,19488.689196554413,bob,0.6957710524461957,alice,0.652991318486774,0.042779733959421695,unknown,unknown,unknown,0,0,0,0,0,15.030196808536651,11.499201086458466,6.309590529362229,32.838988424357346
Daylight_Near_20260114_210800_T8,1736906004.04,101,Daylight,Near,4,4,1280,720,29.364756956849057,1,0,diana,1,1,0.9347042910369998,113.1214416267807,211.44936297168266,238.52036839455477,404.7431659193773,24238.835440502513,diana,0.8174502400218427,bob,0.6949189216662481,0.12253131835559461,diana,diana,diana,2,1,1,0,0,14.691815686725407,9.594895138968434,4.492462217176946,28.779173042870788
Daylight_Near_20260114_210800_T8,1736906004.04,101,Daylight,Near,4,4,1280,720,29.364756956849057,1,1,chen,2,1,0.7270154654458089,395.3790098425416,258.61491799719425,515.0622263964007,414.85833383849723,18699.714573249315,chen,0.8780780019580634,diana,0.7194570919346126,0.1586209100234508,chen,chen,chen,2,1,1,0,0,14.691815686725407,9.594895138968434,4.492462217176946,28.779173042870788
Daylight_Near_20260114_210800_T8,1736906004.04,101,Daylight,Near,4,4,1280,720,29.364756956849057,1,2,alice,3,1,0.691640434989432,754.7403574356475,317.9529347151232,876.4093117161098,497.8018085524494,21882.02440830626,alice,0.860933236256473,bob,0.7139909069332034,0.14694232932326956,alice,alice,alice,3,1,1,0,0,14.691815686725407,9.594895138968434,4.492462217176946,28.779173042870788
Daylight_Near_20260114_210800_T8,1736906004.04,101,Daylight,Near,4,4,1280,720,29.364756956849057,1,3,bob,4,1,0.8075207321253766,1066.9375469100535,211.34818656550397,1152.4824612337613,353.51281109267006,12161.460625038522,bob,0.9027072371144208,alice,0.7621376168863634,0.1405696202280574,bob,bob,bob,1,1,1,0,0,14.691815686725407,9.594895138968434,4.492462217176946,28.779173042870788
Daylight_Near_20260114_210800_T8,1736906004.08,102,Daylight,Near,4,4,1280,720,21.86950083665622,0,0,diana,-1,0,-1.0,-1.0,-1.0,-1.0,-1.0,0.0,unknown,-1.0,unknown,-1.0,-1.0,unknown,unknown,unknown,0,0,0,0,1,10.128634756121325,5.040843624221809,4.472423949584966,19.6419023299281
Daylight_Near_20260114_210800_T8,1736906004.08,102,Daylight,Near,4,4,1280,720,21.86950083665622,0,1,chen,2,1,0.7873248729064147,437.16696375661445,224.28934904338064,546.3660550922277,393.58205206227785,18486.60933941341,chen,0.9001546382892414,diana,0.7854934510664779,0.11466118722276342,chen,chen,chen,1,1,1,0,0,10.128634756121325,5.040843624221809,4.472423949584966,19.6419023299281
Daylight_Near_20260114_210800_T8,1736906004.08,102,Daylight,Near,4,4,1280,720,21.86950083665622,0,2,alice,3,1,0.7434128492227733,742.109502441491,310.77047564680356,857.2290224288954,524.7557889459533,24633.886551352458,alice,0.8728558346190809,bob,0.7279153846863857,0.14494044993269517,alice,alice,alice,2,1,1,0,0,10.128634756121325,5.040843624221809,4.472423949584966,19.6419023299281
Daylight_Near_20260114_210800_T8,1736906004.08,102,Daylight,Near,4,4,1280,720,21.86950083665622,0,3,bob,4,1,0.7346994439572738,1036.8913433857049,100.59126196667192,1127.5992287590727,290.9333357153476,17265.527007324,bob,0.8642945155388606,alice,0.7187079449381703,0.14558657060069036,bob,bob,bob,2,1,1,0,0,10.128634756121325,5.040843624221809,4.472423949584966,19.6419023299281
Daylight_Near_20260114_210800_T8,1736906004.12,103,Daylight,Near,4,4,1280,720,25.21185273283642,1,0,diana,1,1,0.9058983499479684,111.98397244996522,266.6337426596048,221.50956909639797,435.89863823719116,18538.83867943128,diana,0.8618461533321656,chen,0.7179163223068887,0.1439298310252769,diana,diana,diana,2,1,1,0,0,9.213295523827217,5.087010095093575,8.028117771439014,22.328423390359806
Daylight_Near_20260114_210800_T8,1736906004.12,103,Daylight,Near,4,4,1280,720,25.21185273283642,1,1,chen,2,1,0.6692220587551252,437.6220660762931,203.74862725268426,548.4273263871012,373.5864081404171,18818.919521875225,chen,0.8859304870895456,diana,0.7551052664337444,0.13082522065580116,chen,chen,chen,2,1,1,0,0,9.213295523827217,5.087010095093575,8.028117771439014,22.328423390359806
Daylight_Near_20260114_210800_T8,1736906004.12,103,Daylight,Near,4,4,1280,720,25.21185273283642,1,2,alice,-1,0,-1.0,-1.0,-1.0,-1.0,-1.0,0.0,unknown,-1.0,unknown,-1.0,-1.0,unknown,unknown,unknown,0,0,0,0,1,9.213295523827217,5.087010095093575,8.028117771439014,22.328423390359806
Daylight_Near_20260114_210800_T8,1736906004.12,103,Daylight,Near,4,4,1280,720,25.21185273283642,1,3,bob,4,1,0.7443031468919846,1067.8128095924494,244.83722673637453,1193.2176733640758,381.76306438427537,17171.16601705084,bob,0.7907209799823544,alice,0.6577443197042327,0.1329766602781216,bob,bob,bob,2,1,1,0,0,9.213295523827217,5.087010095093575,8.028117771439014,22.328423390359806
Daylight_Near_20260114_210800_T8,1736906004.16,104,Daylight,Near,4,4,1280,720,27.354670808615783,2,0,diana,1,1,0.7449760186146264,109.55590317492435,175.92677869281619,195.19812553544364,335.8207468417318,13693.674774315221,alice,0.6988155049492771,diana,0.6465786361354134,0.05223686881386369,unknown,unknown,unknown,0,0,0,0,0,16.236766356107776,12.901316446832979,11.693928825109342,40.8320116280501
Daylight_Near_20260114_210800_T8,1736906004.16,104,Daylight,Near,4,4,1280,720,27.354670808615783,2,1,chen,2,1,0.7053990728647996,424.3870171085815,229.4360272671102,530.6217855040258,367.9216942439171,14711.9927573697,chen,0.8878986783871579,alice,0.7130336693990433,0.17486500898811452,chen,chen,chen,2,1,1,0,0,16.236766356107776,12.901316446832979,11.693928825109342,40.8320116280501
Daylight_Near_20260114_210800_T8,1736906004.16,104,Daylight,Near,4,4,1280,720,27.354670808615783,2,2,alice,-1,0,-1.0,-1.0,-1.0,-1.0,-1.0,0.0,unknown,-1.0,unknown,-1.0,-1.0,unknown,unknown,unknown,0,0,0,0,1,16.236766356107776,12.901316446832979,11.693928825109342,40.8320116280501
Daylight_Near_20260114_210800_T8,1736906004.16,104,Daylight,Near,4,4,1280,720,27.354670808615783,2,3,bob,4,1,0.7851592685922885,1062.5244403134745,268.93040607521544,1176.0854220995286,421.5686302035794,17333.74659009678,bob,0.832771828527552,chen,0.7207980480048041,0.11197378052274798,bob,bob,bob,3,1,1,0,0,16.236766356107776,12.901316446832979,11.693928825109342,40.8320116280501
Daylight_Near_20260114_210800_T8,1736906004.2,105,Daylight,Near,4,4,1280,720,25.60333561687212,1,0,diana,1,1,0.6621925474657142,116.89718259960503,232.50286080184003,234.3904295871266,413.1087343224782,21219.97050495742,diana,0.8285013989109773,alice,0.6505119530817516,0.1779894458292257,diana,diana,diana,1,1,1,0,0,10.970200360822508,8.175454111671613,4.08601604802473,23.23167052051885
Daylight_Near_20260114_210800_T8,1736906004.2,105,Daylight,Near,4,4,1280,720,25.60333561687212,1,1,chen,2,1,0.7744493686289486,418.8415393226335,172.40199453239362,544.9362958761333,360.35719823408874,23700.16565372871,chen,0.9158088981533588,bob,0.7614369493823828,0.15437194877097593,chen,chen,chen,3,1,1,0,0,10.970200360822508,8.175454111671613,4.08601604802473,23.23167052051885
Daylight_Near_20260114_210800_T8,1736906004.2,105,Daylight,Near,4,4,1280,720,25.60333561687212,1,2,alice,3,1,0.6521181516982995,722.8058219765661,234.33927411153394,842.1611261684426,422.2944059259947,22433.441932139205,alice,0.8505120743665241,diana,0.7605190255821479,0.0899930487843762,alice,alice,alice,2,1,1,0,0,10.970200360822508,8.175454111671613,4.08601604802473,23.23167052051885
Daylight_Near_20260114_210800_T8,1736906004.2,105,Daylight,Near,4,4,1280,720,25.60333561687212,1,3,bob,4,1,0.7374289426690752,1087.7227940394014,188.84418784979277,1170.919168024845,401.94604802297226,17729.302055961558,bob,0.8623598774490044,alice,0.723916238285163,0.1384436391638414,bob,bob,bob,2,1,1,0,0,10.970200360822508,8.175454111671613,4.08601604802473,23.23167052051885
Daylight_Near_20260114_210800_T8,1736906004.24,106,Daylight,Near,4,4,1280,720,27.057402024111944,0,0,diana,1,1,0.7754521712345402,132.2414465241352,298.8622042276047,234.27959086243743,436.2462997847159,14018.41817224362,diana,0.9298508844256806,chen,0.8087359445650795,0.12111493986060118,diana,diana,diana,1,1,1,0,0,12.531994481141437,11.799429551414686,7.777319980034367,32.10874401259049
Daylight_Near_20260114_210800_T8,1736906004.24,106,Daylight,Near,4,4,1280,720,27.057402024111944,0,1,chen,2,1,0.7289102365442864,407.03562231478867,220.9737377133926,523.5121121566574,402.2612981036197,21115.73868624945,chen,0.9142180400225381,alice,0.7426141231774324,0.1716039168451058,chen,chen,chen,2,1,1,0,0,12.531994481141437,11.799429551414686,7.777319980034367,32.10874401259049
Daylight_Near_20260114_210800_T8,1736906004.24,106,Daylight,Near,4,4,1280,720,27.057402024111944,0,2,alice,3,1,0.7008081395798464,749.7345948125432,212.34624851793308,839.0920021474723,375.53961739750184,14582.536337330972,alice,0.8068307939654153,bob,0.6890974096753233,0.11773338429009206,alice,alice,alice,2,1,1,0,0,12.531994481141437,11.799429551414686,7.777319980034367,32.10874401259049
Daylight_Near_20260114_210800_T8,1736906004.24,106,Daylight,Near,4,4,1280,720,27.057402024111944,0,3,bob,4,1,0.7089718594903662,1071.804631004115,250.6812426544683,1182.0029626253418,397.9810184486465,16232.189540699204,bob,0.9083423605768316,alice,0.7339748641053689,0.17436749647146266,bob,bob,bob,1,1,1,0,0,12.531994481141437,11.799429551414686,7.777319980034367,32.10874401259049
Daylight_Near_20260114_210800_T8,1736906004.28,107,Daylight,Near,4,4,1280,720,23.768874933051354,1,0,diana,1,1,0.8823890542933236,100.82004370457189,270.7734453654249,228.04116901388653,469.3590607050197,25264.28545374595,diana,0.9078277033064688,bob,0.8084110315683045,0.09941667173816426,diana,diana,diana,1,1,1,0,0,12.402131995105579,12.199631756864656,7.93390914346274,32.535672895432974
Daylight_Near_20260114_210800_T8,1736906004.28,107,Daylight,Near,4,4,1280,720,23.768874933051354,1,1,chen,2,1,0.7456150503376446,431.7574926003162,193.94825627803039,535.8727707364696,404.3083846300776,21901.703272130337,chen,0.7966409204917745,diana,0.663093565755694,0.13354735473608048,chen,chen,chen,3,1,1,0,0,12.402131995105579,12.199631756864656,7.93390914346274,32.535672895432974
Daylight_Near_20260114_210800_T8,1736906004.28,107,Daylight,Near,4,4,1280,720,23.768874933051354,1,2,alice,3,1,0.7441251778908959,722.9058360565224,282.41809328457583,837.6697807062393,416.49605348755375,15387.315603481504,alice,0.8758928555589166,chen,0.7689482531272664,0.10694460243165016,alice,alice,alice,2,1,1,0,0,12.402131995105579,12.199631756864656,7.93390914346274,32.535672895432974
Daylight_Near_20260114_210800_T8,1736906004.28,107,Daylight,Near,4,4,1280,720,23.768874933051354,1,3,bob,4,1,0.7058595969765726,1057.9032159924595,189.4856150999093,1145.1309647249054,383.960764483194,16963.629465110036,bob,0.8089292604229164,diana,0.6367390568391554,0.17219020358376091,bob,bob,bob,1,1,1,0,0,12.402131995105579,12.199631756864656,7.93390914346274,32.535672895432974
Daylight_Near_20260114_210800_T8,1736906004.32,108,Daylight,Near,4,4,1280,720,24.282451365652246,1,0,diana,1,1,0.8269854813259522,110.4339080870194,271.9170298201623,229.2613790902617,408.13155170357817,16186.027149322108,diana,0.7883852401968917,chen,0.7196092962060457,0.06877594399084597,diana,diana,diana,3,1,1,0,0,10.571379446400565,7.915972525200433,8.037421672091732,26.52477364369273
Daylight_Near_20260114_210800_T8,1736906004.32,108,Daylight,Near,4,4,1280,720,24.282451365652246,1,1,chen,2,1,0.5985612510744249,426.3616419643169,263.50852848934585,531.2996146878623,410.5616454778457,15431.455979451532,chen,0.846450247765014,diana,0.683099331550711,0.16335091621430298,chen,chen,chen,2,1,1,0,0,10.571379446400565,7.915972525200433,8.037421672091732,26.52477364369273
Daylight_Near_20260114_210800_T8,1736906004.32,108,Daylight,Near,4,4,1280,720,24.282451365652246,1,2,alice,3,1,0.8533379710499411,777.0958751931907,256.81509962194104,860.1267317814606,450.4480180592435,16077.507081535823,alice,0.8958892814732254,diana,0.7201271335967394,0.17576214787648603,alice,alice,alice,2,1,1,0,0,10.571379446400565,7.915972525200433,8.037421672091732,26.52477364369273
Daylight_Near_20260114_210800_T8,1736906004.32,108,Daylight,Near,4,4,1280,720,24.282451365652246,1,3,bob,-1,0,-1.0,-1.0,-1.0,-1.0,-1.0,0.0,unknown,-1.0,unknown,-1.0,-1.0,unknown,unknown,unknown,0,0,0,0,1,10.571379446400565,7.915972525200433,8.037421672091732,26.52477364369273
Daylight_Near_20260114_210800_T8,1736906004.36,109,Daylight,Near,4,4,1280,720,26.26769266604954,0,0,diana,1,1,0.734694534807771,73.28169913340528,290.5138054344857,196.41939584626638,445.83554878901145,19125.961726102443,diana,0.8484537404442073,bob,0.6748919206223072,0.1735618198219001,diana,diana,diana,2,1,1,0,0,8.249356418781694,5.443358105373248,5.380105909895365,19.072820434050307
Daylight_Near_20260114_210800_T8,1736906004.36,109,Daylight,Near,4,4,1280,720,26.26769266604954,0,1,chen,2,1,0.7317623115972054,447.4697084128759,238.99029631578767,556.6527484512233,386.8463103306666,16143.369098096975,chen,0.8968591330458449,bob,0.7925699469894093,0.10428918605643556,chen,chen,chen,2,1,1,0,0,8.249356418781694,5.443358105373248,5.380105909895365,19.072820434050307
Daylight_Near_20260114_210800_T8,1736906004.36,109,Daylight,Near,4,4,1280,720,26.26769266604954,0,2,alice,3,1,0.9249749869191632,786.6756916944696,146.39492217140454,869.8117527092452,299.09036255892386,12694.497448734832,alice,0.8184772948993598,diana,0.7309232417867639,0.0875540531125959,alice,alice,alice,3,1,1,0,0,8.249356418781694,5.443358105373248,5.380105909895365,19.072820434050307
Daylight_Near_20260114_210800_T8,1736906004.36,109,Daylight,Near,4,4,1280,720,26.26769266604954,0,3,bob,-1,0,-1.0,-1.0,-1.0,-1.0,-1.0,0.0,unknown,-1.0,unknown,-1.0,-1.0,unknown,unknown,unknown,0,0,0,0,1,8.249356418781694,5.443358105373248,5.380105909895365,19.072820434050307
Daylight_Near_20260114_210800_T8,1736906004.4,110,Daylight,Near,4,4,1280,720,23.027136495632156,0,0,diana,1,1,0.6922010446352529,136.25446956981216,205.37982228846283,238.47563970036703,342.0272392195966,13968.258854018288,diana,0.9285821874855117,alice,0.8562463972843896,0.07233579020112213,diana,diana,diana,2,1,1,0,0,18.302727314286024,16.61421070030542,7.799129473020081,42.716067487611525
Daylight_Near_20260114_210800_T8,1736906004.4,110,Daylight,Near,4,4,1280,720,23.027136495632156,0,1,chen,2,1,0.9714972883173425,413.3873043941484,238.86150338240446,526.1927218658957,390.7503453140899,17133.884223404013,chen,0.8904256953059443,alice,0.7509086228932975,0.13951707241264677,chen,chen,chen,1,1,1,0,0,18.302727314286024,16.61421070030542,7.799129473020081,42.716067487611525
Daylight_Near_20260114_210800_T8,1736906004.4,110,Daylight,Near,4,4,1280,720,23.027136495632156,0,2,alice,3,1,0.7596908807202948,765.7648953175269,235.69462752705624,852.1249514556869,375.2567204969315,12052.590183637527,alice,0.8497343360634037,diana,0.7535424051911296,0.09619193087227407,alice,alice,alice,2,1,1,0,0,18.302727314286024,16.61421070030542,7.799129473020081,42.716067487611525
Daylight_Near_20260114_210800_T8,1736906004.4,110,Daylight,Near,4,4,1280,720,23.027136495632156,0,3,bob,4,1,0.7342192360670657,1089.099873775626,234.79193870731308,1175.8413538909315,366.0864785812688,11388.682719724906,bob,0.8480773124117048,alice,0.7696611315381616,0.07841618087354318,bob,bob,bob,2,1,1,0,0,18.302727314286024,16.61421070030542,7.799129473020081,42.716067487611525
Daylight_Near_20260114_210800_T8,1736906004.44,111,Daylight,Near,4,4,1280,720,27.5963912274397,1,0,diana,1,1,0.750966829705195,105.26708214597815,125.50022985859172,198.3378726088017,313.6257819750367,17508.99384173264,diana,0.7861839295761577,bob,0.6700858289969173,0.11609810057924042,diana,diana,diana,2,1,1,0,0,18.872806587265767,13.498116614010264,3.2367306462042613,35.60765384748029
Daylight_Near_20260114_210800_T8,1736906004.44,111,Daylight,Near,4,4,1280,720,27.5963912274397,1,1,chen,2,1,0.8725073371511755,468.07510791087236,231.38857326830507,552.7319706140408,390.450062902103,13465.64668928989,chen,0.8728788026468267,alice,0.7917382437381749,0.0811405589086518,chen,chen,chen,1,1,1,0,0,18.872806587265767,13.498116614010264,3.2367306462042613,35.60765384748029
Daylight_Near_20260114_210800_T8,1736906004.44,111,Daylight,Near,4,4,1280,720,27.5963912274397,1,2,alice,3,1,0.8029158524383608,723.5776776563282,270.0526426702587,844.6921944880271,405.70941520415863,16430.00446039097,alice,0.8464328292610189,chen,0.7465046050759633,0.09992822418505565,alice,alice,alice,2,1,1,0,0,18.872806587265767,13.498116614010264,3.2367306462042613,35.60765384748029
Daylight_Near_20260114_210800_T8,1736906004.44,111,Daylight,Near,4,4,1280,720,27.5963912274397,1,3,bob,4,1,0.8458157546239958,1077.9364811669798,227.23742589081098,1158.4391430802389,426.0057177743521,16001.37660057671,bob,0.6060654769008053,alice,0.5294613258245615,0.07660415107624374,unknown,unknown,unknown,0,0,0,0,0,18.872806587265767,13.498116614010264,3.2367306462042613,35.60765384748029
Daylight_Near_20260114_210800_T8,1736906004.48,112,Daylight,Near,4,4,1280,720,24.856486258473083,3,0,diana,1,1,0.8251365930927537,100.38360129519506,252.99141575851786,207.69669996140672,405.5255735923481,16368.913129589328,diana,0.7623399733983229,chen,0.7236843974327609,0.03865557596556202,unknown,unknown,unknown,0,0,0,0,0,14.828553232298079,5.592382244629397,7.468703736151464,27.88963921307894
Daylight_Near_20260114_210800_T8,1736906004.48,112,Daylight,Near,4,4,1280,720,24.856486258473083,3,1,chen,2,1,0.8021380479185187,458.43451775993685,210.34648797872978,552.639015912465,387.25936287967,16665.98859676406,chen,0.8680732783500943,bob,0.7008261278704317,0.16724715047966254,chen,chen,chen,2,1,1,0,0,14.828553232298079,5.592382244629397,7.468703736151464,27.88963921307894
Daylight_Near_20260114_210800_T8,1736906004.48,112,Daylight,Near,4,4,1280,720,24.856486258473083,3,2,alice,3,1,0.7423101617248605,744.431344945724,215.9634203436268,845.1544892795653,359.4736816712174,14454.804765086177,alice,0.8397303375060471,diana,0.6880097303011813,0.1517206072048658,alice,alice,alice,2,1,1,0,0,14.828553232298079,5.592382244629397,7.468703736151464,27.88963921307894
Daylight_Near_20260114_210800_T8,1736906004.48,112,Daylight,Near,4,4,1280,720,24.856486258473083,3,3,bob,4,1,0.80873089391963,1092.0488470013395,258.50265705102197,1197.269958145918,421.03835766813006,17102.18701959468,bob,0.8645883517070464,diana,0.7845005872055103,0.0800877645015361,bob,bob,bob,2,1,1,0,0,14.828553232298079,5.592382244629397,7.468703736151464,27.88963921307894
Daylight_Near_20260114_210800_T8,1736906004.52,113,Daylight,Near,4,4,1280,720,25.540157735235834,3,0,diana,1,1,0.8343838289537617,109.18513557156092,170.96818884636758,201.50713660098876,364.76043889741305,17891.288308707757,diana,0.876656851858216,alice,0.7968944467820008,0.07976240507621513,diana,diana,diana,2,1,1,0,0,16.376589848544125,10.620576789099003,4.723793072600552,31.72095971024368
Daylight_Near_20260114_210800_T8,1736906004.52,113,Daylight,Near,4,4,1280,720,25.540157735235834,3,1,chen,2,1,0.7956727095921236,408.48891518789975,145.9680261533838,518.9692905913957,311.8669110537195,18328.571082810464,chen,0.8078860919346533,diana,0.7055078958529425,0.10237819608171084,chen,chen,chen,3,1,1,0,0,16.376589848544125,10.620576789099003,4.723793072600552,31.72095971024368
Daylight_Near_20260114_210800_T8,1736906004.52,113,Daylight,Near,4,4,1280,720,25.540157735235834,3,2,alice,3,1,0.805585818250418,768.5733434007346,236.52113204365023,849.1542292444211,386.0246500622351,12047.12591868511,alice,0.8056087179447081,diana,0.6321799428842927,0.17342877506041543,alice,alice,alice,2,1,1,0,0,16.376589848544125,10.620576789099003,4.723793072600552,31.72095971024368
Daylight_Near_20260114_210800_T8,1736906004.52,113,Daylight,Near,4,4,1280,720,25.540157735235834,3,3,bob,4,1,0.8774030605690153,1028.0112053214175,145.70386313347615,1133.815993046484,298.5901666745974,16176.102892238416,bob,0.9108106657389966,alice,0.8314725245031008,0.07933814123589578,bob,bob,bob,1,1,1,0,0,16.376589848544125,10.620576789099003,4.723793072600552,31.72095971024368
Daylight_Near_20260114_210800_T8,1736906004.56,114,Daylight,Near,4,4,1280,720,29.34810121633262,1,0,diana,1,1,0.736911263049335,71.06267224877533,241.30036309549797,190.29686829060918,412.9029663592757,20460.898438842312,diana,0.8339591442597674,bob,0.6756570712056403,0.15830207305412702,diana,diana,diana,2,1,1,0,0,9.007490664794734,5.575395851491382,8.62064261187378,23.203529128159897
Daylight_Near_20260114_210800_T8,1736906004.56,114,Daylight,Near,4,4,1280,720,29.34810121633262,1,1,chen,2,1,0.7836754217533473,430.02929704584864,231.64314026436114,532.4838498123628,376.23040067822956,14813.623101438405,chen,0.8987323100036712,alice,0.8362740602911486,0.06245824971252256,chen,chen,chen,2,1,1,0,0,9.007490664794734,5.575395851491382,8.62064261187378,23.203529128159897
Daylight_Near_20260114_210800_T8,1736906004.56,114,Daylight,Near,4,4,1280,720,29.34810121633262,1,2,alice,3,1,0.7967346598965447,757.0777619660937,198.78408041797266,854.6062306860874,405.8346718385411,20193.327128817113,alice,0.8055539510703709,chen,0.6453814132752383,0.16017253779513252,alice,alice,alice,3,1,1,0,0,9.007490664794734,5.575395851491382,8.62064261187378,23.203529128159897
Daylight_Near_20260114_210800_T8,1736906004.56,114,Daylight,Near,4,4,1280,720,29.34810121633262,1,3,bob,4,1,0.8678701220001274,1069.3179255958735,260.9853193857136,1181.4653986235035,458.673050941623,22170.17954255971,bob,0.8090710509922676,diana,0.7304833100003603,0.07858774099190735,bob,bob,bob,1,1,1,0,0,9.007490664794734,5.575395851491382,8.62064261187378,23.203529128159897
Daylight_Near_20260114_210800_T8,1736906004.6,115,Daylight,Near,4,4,1280,720,23.7857938830208,1,0,diana,1,1,0.8576075944790542,84.9122495739739,258.21734333386195,201.66212801247036,456.7481332694966,23178.44559128402,diana,0.8388507596312593,chen,0.7508496254524248,0.08800113417883448,diana,diana,diana,3,1,1,0,0,8.983486503480561,6.4092090589423,8.945039448240149,24.33773501066301
Daylight_Near_20260114_210800_T8,1736906004.6,115,Daylight,Near,4,4,1280,720,23.7857938830208,1,1,chen,-1,0,-1.0,-1.0,-1.0,-1.0,-1.0,0.0,unknown,-1.0,unknown,-1.0,-1.0,unknown,unknown,unknown,0,0,0,0,1,8.983486503480561,6.4092090589423,8.945039448240149,24.33773501066301
Daylight_Near_20260114_210800_T8,1736906004.6,115,Daylight,Near,4,4,1280,720,23.7857938830208,1,2,alice,3,1,0.8451421527446356,757.7144395174935,271.6124885335345,852.809461221035,422.52832325215286,14351.344577975102,alice,0.8273194292158553,chen,0.7434786064661759,0.08384082274967941,alice,alice,alice,2,1,1,0,0,8.983486503480561,6.4092090589423,8.945039448240149,24.33773501066301
Daylight_Near_20260114_210800_T8,1736906004.6,115,Daylight,Near,4,4,1280,720,23.7857938830208,1,3,bob,4,1,0.6535689577846572,1045.9651074486892,194.67154904755859,1149.3359559782602,332.82659992714497,14281.204838068905,bob,0.8692088848138125,alice,0.7925219726794563,0.07668691213435619,bob,bob,bob,2,1,1,0,0,8.983486503480561,6.4092090589423,8.945039448240149,24.33773501066301
Daylight_Near_20260114_210800_T8,1736906004.64,116,Daylight,Near,4,4,1280,720,24.91503946756275,0,0,diana,-1,0,-1.0,-1.0,-1.0,-1.0,-1.0,0.0,unknown,-1.0,unknown,-1.0,-1.0,unknown,unknown,unknown,0,0,0,0,1,6.973909445682498,4.207573086756828,6.317222696619832,17.49870522905916
Daylight_Near_20260114_210800_T8,1736906004.64,116,Daylight,Near,4,4,1280,720,24.91503946756275,0,1,chen,2,1,0.7634906083082128,419.01638683436045,182.51576243209587,540.7505814770118,379.89059961054846,24027.266846643364,chen,0.8260671783648599,diana,0.6580979019731386,0.16796927639172132,chen,chen,chen,2,1,1,0,0,6.973909445682498,4.207573086756828,6.317222696619832,17.49870522905916
Daylight_Near_20260114_210800_T8,1736906004.64,116,Daylight,Near,4,4,1280,720,24.91503946756275,0,2,alice,3,1,0.8248044281064544,764.7963088764091,172.1217706241821,852.8734438631632,349.24499587534865,15600.506219736253,alice,0.9096475673309052,chen,0.7677472938269888,0.14190027350391643,alice,alice,alice,2,1,1,0,0,6.973909445682498,4.207573086756828,6.317222696619832,17.49870522905916
Daylight_Near_20260114_210800_T8,1736906004.64,116,Daylight,Near,4,4,1280,720,24.91503946756275,0,3,bob,4,1,0.8224394430275707,1076.0843905325448,271.88736284883566,1165.38450165999,409.2084926587413,12262.792152170907,bob,0.7876530757295543,diana,0.6263988010731901,0.16125427465636422,bob,bob,bob,2,1,1,0,0,6.973909445682498,4.207573086756828,6.317222696619832,17.49870522905916
Daylight_Near_20260114_210800_T8,1736906004.68,117,Daylight,Near,4,4,1280,720,26.50072354223914,0,0,diana,1,1,0.8735455556153462,92.8360353589561,171.32557184912355,220.70967870203862,372.80599309124,25764.035526528427,diana,0.8872071961599763,bob,0.7491806090958978,0.13802658706407855,diana,diana,diana,3,1,1,0,0,7.4540512921426405,4.130346254195952,6.9932013653995115,18.577598911738104
Daylight_Near_20260114_210800_T8,1736906004.68,117,Daylight,Near,4,4,1280,720,26.50072354223914,0,1,chen,2,1,0.8248229476579884,424.2143960873088,261.34495831060434,531.4795901808052,428.4848977475726,17928.29804448163,chen,0.8013061567121083,diana,0.627164581517222,0.17414157519488627,chen,chen,chen,2,1,1,0,0,7.4540512921426405,4.130346254195952,6.9932013653995115,18.577598911738104
Daylight_Near_20260114_210800_T8,1736906004.68,117,Daylight,Near,4,4,1280,720,26.50072354223914,0,2,alice,3,1,0.7273409683282981,784.1936765632584,231.76811653155926,880.9796684643338,374.591671362664,13823.319421166112,alice,0.8846061709648358,chen,0.7213302993751414,0.16327587158969448,alice,alice,alice,1,1,1,0,0,7.4540512921426405,4.130346254195952,6.9932013653995115,18.577598911738104
Daylight_Near_20260114_210800_T8,1736906004.68,117,Daylight,Near,4,4,1280,720,26.50072354223914,0,3,bob,4,1,0.9081496379202222,1041.5268679970454,338.7523434925905,1164.9062131861538,483.0010644801728,17797.312739814286,bob,0.9151278033733545,diana,0.772086487200617,0.14304131617273752,bob,bob,bob,1,1,1,0,0,7.4540512921426405,4.130346254195952,6.9932013653995115,18.577598911738104
Daylight_Near_20260114_210800_T8,1736906004.72,118,Daylight,Near,4,4,1280,720,25.341612946134383,0,0,diana,1,1,0.8980802553724054,105.01023980357895,210.48340211746597,195.68222192448223,423.08659706356525,19277.15309099963,diana,0.8692771119095456,bob,0.6937274763295196,0.175549635580026,diana,diana,diana,1,1,1,0,0,14.48750649866907,11.368675100491641,9.119696287894302,34.97587788705501
Daylight_Near_20260114_210800_T8,1736906004.72,118,Daylight,Near,4,4,1280,720,25.341612946134383,0,1,chen,2,1,0.708424503714465,390.50586732579836,163.0022962190207,514.7616048111092,370.8519201444579,25826.508306899712,chen,0.8153274901627935,alice,0.7427727842572819,0.07255470590551161,chen,chen,chen,2,1,1,0,0,14.48750649866907,11.368675100491641,9.119696287894302,34.97587788705501
Daylight_Near_20260114_210800_T8,1736906004.72,118,Daylight,Near,4,4,1280,720,25.341612946134383,0,2,alice,3,1,0.7603467503828072,763.3863630914519,248.66981994888454,865.5151434828214,437.8012326194216,19315.76050973875,bob,0.737922085957242,diana,0.7130021395256813,0.024919946431560702,unknown,unknown,unknown,0,0,0,0,0,14.48750649866907,11.368675100491641,9.119696287894302,34.97587788705501
Daylight_Near_20260114_210800_T8,1736906004.72,118,Daylight,Near,4,4,1280,720,25.341612946134383,0,3,bob,4,1,0.889005124406548,1058.4391874829207,249.33404430714182,1172.2840155168637,425.9711602641416,20109.222090536292,bob,0.8805218699781978,alice,0.7383917637855864,0.14213010619261146,bob,bob,bob,3,1,1,0,0,14.48750649866907,11.368675100491641,9.119696287894302,34.97587788705501
Daylight_Near_20260114_210800_T8,1736906004.76,119,Daylight,Near,4,4,1280,720,26.83974164920696,0,0,diana,1,1,0.7102722948220997,126.52405184923788,222.37560299339094,210.7778629560151,404.7374573730752,15364.68123198753,diana,0.8439255475687014,bob,0.6934797664652486,0.15044578110345286,diana,diana,diana,3,1,1,0,0,11.89014967730529,8.300319170813417,10.065429123107222,30.255897971225927
Daylight_Near_20260114_210800_T8,1736906004.76,119,Daylight,Near,4,4,1280,720,26.83974164920696,0,1,chen,2,1,0.8485959292601589,425.9875222627485,237.81438458427635,537.844545733054,450.0293302504559,23737.73215813146,chen,0.8917242209303573,diana,0.7239642215975302,0.16775999933282715,chen,chen,chen,1,1,1,0,0,11.89014967730529,8.300319170813417,10.065429123107222,30.255897971225927
Daylight_Near_20260114_210800_T8,1736906004.76,119,Daylight,Near,4,4,1280,720,26.83974164920696,0,2,alice,3,1,0.7938660241833745,768.326126230679,221.17158036906466,880.6075815209646,393.18185729528903,19313.564218161493,alice,0.8673353881949101,bob,0.7516183842199012,0.11571700397500884,alice,alice,alice,1,1,1,0,0,11.89014967730529,8.300319170813417,10.065429123107222,30.255897971225927
Daylight_Near_20260114_210800_T8,1736906004.76,119,Daylight,Near,4,4,1280,720,26.83974164920696,0,3,bob,4,1,0.6680115632140168,1074.2267605798459,235.0028982791967,1154.5907719730192,407.5244711140313,13864.525644866828,bob,0.8994315150377444,chen,0.7928208930253693,0.10661062201237514,bob,bob,bob,3,1,1,0,0,11.89014967730529,8.300319170813417,10.065429123107222,30.255897971225927
Daylight_Near_20260114_210800_T8,1736906004.8,120,Daylight,Near,4,4,1280,720,26.118549141476247,0,0,diana,1,1,0.7635793969744601,73.33000245301244,239.77767323071149,198.58835973019754,370.17254074100015,16333.046901714953,diana,0.9376704057626495,alice,0.793362538896542,0.14430786686610753,diana,diana,diana,2,1,1,0,0,16.310755274843274,11.514043386958663,2.9575604981039287,30.782359159905866
Daylight_Near_20260114_210800_T8,1736906004.8,120,Daylight,Near,4,4,1280,720,26.118549141476247,0,1,chen,2,1,0.800587449220895,424.8555085646809,301.0893980574896,515.353463493464,495.8727350798913,17627.49365473128,chen,0.7788217611246795,bob,0.7165968315857913,0.06222492953888814,chen,chen,chen,1,1,1,0,0,16.310755274843274,11.514043386958663,2.9575604981039287,30.782359159905866
Daylight_Near_20260114_210800_T8,1736906004.8,120,Daylight,Near,4,4,1280,720,26.118549141476247,0,2,alice,-1,0,-1.0,-1.0,-1.0,-1.0,-1.0,0.0,unknown,-1.0,unknown,-1.0,-1.0,unknown,unknown,unknown,0,0,0,0,1,16.310755274843274,11.514043386958663,2.9575604981039287,30.782359159905866
Daylight_Near_20260114_210800_T8,1736906004.8,120,Daylight,Near,4,4,1280,720,26.118549141476247,0,3,bob,4,1,0.9329387096434223,1053.5870693754482,218.4622804831123,1171.4625212195006,383.2411236098826,19423.380587908272,bob,0.8426970908571233,chen,0.7213644304890906,0.1213326603680327,bob,bob,bob,3,1,1,0,0,16.310755274843274,11.514043386958663,2.9575604981039287,30.782359159905866
Daylight_Near_20260114_210800_T8,1736906004.84,121,Daylight,Near,4,4,1280,720,24.63482859342918,1,0,diana,1,1,0.8148923100959116,122.49113274010213,217.0044292795136,208.57442858374694,364.912324280749,12732.399083002098,diana,0.7453788679979629,bob,0.6134920859251973,0.1318867820727656,diana,diana,diana,2,1,1,0,0,18.889288050110125,8.799996417253462,8.288067580071532,35.97735204743512
Daylight_Near_20260114_210800_T8,1736906004.84,121,Daylight,Near,4,4,1280,720,24.63482859342918,1,1,chen,2,1,0.8241458402224382,453.5728959224324,308.7444745762532,545.176175463017,493.03154134672843,16881.299693090223,chen,0.9299642960706757,diana,0.8572272981484643,0.07273699792221133,chen,chen,chen,2,1,1,0,0,18.889288050110125,8.799996417253462,8.288067580071532,35.97735204743512
Daylight_Near_20260114_210800_T8,1736906004.84,121,Daylight,Near,4,4,1280,720,24.63482859342918,1,2,alice,3,1,0.8769994042212701,760.5325663785299,250.79989453431176,859.8968701295233,464.3083202859938,21215.11606978657,alice,0.8038452911736568,chen,0.660807685588454,0.14303760558520273,alice,alice,alice,1,1,1,0,0,18.889288050110125,8.799996417253462,8.288067580071532,35.97735204743512
Daylight_Near_20260114_210800_T8,1736906004.84,121,Daylight,Near,4,4,1280,720,24.63482859342918,1,3,bob,4,1,0.7989806428136645,1096.3799907279329,212.1871921506816,1177.9291694840324,396.1349356093322,15000.787413090638,bob,0.8225400227942905,alice,0.6580714041039697,0.1644686186903208,bob,bob,bob,1,1,1,0,0,18.889288050110125,8.799996417253462,8.288067580071532,35.97735204743512
Daylight_Near_20260114_210800_T8,1736906004.88,122,Daylight,Near,4,4,1280,720,26.775871861766397,2,0,diana,1,1,0.8190897575386666,114.54122915649194,243.26797313547712,240.1481545216545,442.268995456985,24995.90655832869,diana,0.8681677165234446,chen,0.7275007853583331,0.14066693116511153,diana,diana,diana,2,1,1,0,0,11.697361995182662,7.037904191111055,9.025722912976589,27.760989099270308
Daylight_Near_20260114_210800_T8,1736906004.88,122,Daylight,Near,4,4,1280,720,26.775871861766397,2,1,chen,2,1,0.6406789322206583,440.87330337955564,299.0497136506418,524.7831926886731,470.3896419550638,14377.114418256173,chen,0.8988364922359199,diana,0.8081233055644276,0.09071318667149231,chen,chen,chen,2,1,1,0,0,11.697361995182662,7.037904191111055,9.025722912976589,27.760989099270308
Daylight_Near_20260114_210800_T8,1736906004.88,122,Daylight,Near,4,4,1280,720,26.775871861766397,2,2,alice,3,1,0.9120725625810928,713.7703380076332,237.6863112216005,819.8594486908617,395.0467091664756,16694.22467473073,alice,0.9218266820318568,chen,0.8056249375654442,0.11620174446641263,alice,alice,alice,2,1,1,0,0,11.697361995182662,7.037904191111055,9.025722912976589,27.760989099270308
Daylight_Near_20260114_210800_T8,1736906004.88,122,Daylight,Near,4,4,1280,720,26.775871861766397,2,3,bob,4,1,0.7620549246358345,1079.037549997046,188.1763113351448,1174.4915467018545,327.1169563244665,13262.439868974692,alice,0.80420641248046,diana,0.7905370489473007,0.013669363533159284,unknown,unknown,unknown,0,0,0,0,0,11.697361995182662,7.037904191111055,9.025722912976589,27.760989099270308
Daylight_Near_20260114_210800_T8,1736906004.92,123,Daylight,Near,4,4,1280,720,24.84048909843639,2,0,diana,1,1,0.7732536156318305,128.42381534772588,198.05483776884608,211.07904918078052,351.57655072027393,12689.37308245136,diana,0.8352802844010704,alice,0.726311493859579,0.10896879054149133,diana,diana,diana,2,1,1,0,0,13.127559228547783,5.337402159233593,7.840176830818225,26.305138218599602
Daylight_Near_20260114_210800_T8,1736906004.92,123,Daylight,Near,4,4,1280,720,24.84048909843639,2,1,chen,2,1,0.7724977729989445,429.44602766418785,196.64459134062918,535.1465179378436,340.07465772244836,15160.628336541271,chen,0.7796714810576627,diana,0.60379111820744,0.17588036285022268,chen,chen,chen,2,1,1,0,0,13.127559228547783,5.337402159233593,7.840176830818225,26.305138218599602
Daylight_Near_20260114_210800_T8,1736906004.92,123,Daylight,Near,4,4,1280,720,24.84048909843639,2,2,alice,3,1,0.800445953054064,722.0825002662162,313.1236314738132,836.2794039405898,476.0633551714446,18607.21193182745,alice,0.9639233916019807,chen,0.8836468210741785,0.08027657052780224,alice,alice,alice,1,1,1,0,0,13.127559228547783,5.337402159233593,7.840176830818225,26.305138218599602
Daylight_Near_20260114_210800_T8,1736906004.92,123,Daylight,Near,4,4,1280,720,24.84048909843639,2,3,bob,4,1,0.7436256605260589,1073.7610145033393,248.82673366143985,1157.1125346613378,411.43135590031176,13553.342448327063,bob,0.8640843749573672,alice,0.7611171317384305,0.10296724321893669,bob,bob,bob,2,1,1,0,0,13.127559228547783,5.337402159233593,7.840176830818225,26.305138218599602
Daylight_Near_20260114_210800_T8,1736906004.96,124,Daylight,Near,4,4,1280,720,25.997674788657665,1,0,diana,1,1,0.7457782456895674,125.39209341221745,150.98371988147255,250.74754708978213,350.2510785359602,24979.25014726329,diana,0.8591115613473664,chen,0.6952394467110974,0.16387211463626905,diana,diana,diana,2,1,1,0,0,11.394146584697337,7.331769909695808,5.908473603543017,24.634390097936162
Daylight_Near_20260114_210800_T8,1736906004.96,124,Daylight,Near,4,4,1280,720,25.997674788657665,1,1,chen,2,1,0.7148363021283605,414.0024054724502,187.44565148484418,513.7083274688971,341.11931883944357,15322.174690165612,chen,0.8537041552708534,diana,0.7708240897238576,0.08288006554699578,chen,chen,chen,2,1,1,0,0,11.394146584697337,7.331769909695808,5.908473603543017,24.634390097936162
Daylight_Near_20260114_210800_T8,1736906004.96,124,Daylight,Near,4,4,1280,720,25.997674788657665,1,2,alice,3,1,0.8359120085512233,737.5544585602977,246.29076567898835,839.1865548546914,436.04666992132593,19285.290332387005,alice,0.8379774551925689,diana,0.6658105149116644,0.1721669402809045,alice,alice,alice,1,1,1,0,0,11.394146584697337,7.331769909695808,5.908473603543017,24.634390097936162
Daylight_Near_20260114_210800_T8,1736906004.96,124,Daylight,Near,4,4,1280,720,25.997674788657665,1,3,bob,4,1,0.6944547092623664,1092.7149021314108,249.69913061255332,1176.398130501244,442.4790792490895,16132.448466875965,bob,0.8356395015395546,alice,0.7638804980962735,0.07175900344328112,bob,bob,bob,3,1,1,0,0,11.394146584697337,7.331769909695808,5.908473603543017,24.634390097936162
Daylight_Near_20260114_210800_T8,1736906005.0,125,Daylight,Near,4,4,1280,720,22.615706688854075,1,0,diana,1,1,0.7624733740426772,87.49032172583932,242.260156977177,206.10526891467404,378.06996581155033,16109.073302614934,bob,0.7408908426170089,alice,0.6772024769565773,0.06368836566043157,unknown,unknown,unknown,0,0,0,0,0,13.342467679948067,7.980280104864928,10.835703804253018,32.15845158906601
Daylight_Near_20260114_210800_T8,1736906005.0,125,Daylight,Near,4,4,1280,720,22.615706688854075,1,1,chen,2,1,0.8434544691602358,434.27067979013594,233.86008150131926,553.6081751742262,441.3277004222761,24758.66601532788,chen,0.8084782381265762,bob,0.6471933105426184,0.16128492758395774,chen,chen,chen,1,1,1,0,0,13.342467679948067,7.980280104864928,10.835703804253018,32.15845158906601
Daylight_Near_20260114_210800_T8,1736906005.0,125,Daylight,Near,4,4,1280,720,22.615706688854075,1,2,alice,3,1,0.7223621419694394,731.2466878449654,312.4639898610583,823.1938274836414,462.0724671233479,13756.071549965418,alice,0.9231433868310999,chen,0.7939349046773743,0.1292084821537256,alice,alice,alice,3,1,1,0,0,13.342467679948067,7.980280104864928,10.835703804253018,32.15845158906601
Daylight_Near_20260114_210800_T8,1736906005.0,125,Daylight,Near,4,4,1280,720,22.615706688854075,1,3,bob,4,1,0.7485319728744757,1076.8411158479228,241.8792459685859,1175.194667574054,408.6022907621093,16397.80361003789,bob,0.8395448350838439,diana,0.7522945999935903,0.08725023509025365,bob,bob,bob,3,1,1,0,0,13.342467679948067,7.980280104864928,10.835703804253018,32.15845158906601
Daylight_Near_20260114_210800_T8,1736906005.04,126,Daylight,Near,4,4,1280,720,26.086633149835542,2,0,diana,1,1,0.7152575474864803,93.6680302329629,271.0284259135075,202.94959703543077,445.04392310630703,19016.686181139583,diana,0.8972455200401784,bob,0.736595721684795,0.1606497983553834,diana,diana,diana,2,1,1,0,0,12.132982656495974,13.058454172961522,9.455360681555003,34.6467975110125
Daylight_Near_20260114_210800_T8,1736906005.04,126,Daylight,Near,4,4,1280,720,26.086633149835542,2,1,chen,2,1,0.7814788428870254,416.31712103695975,211.01500622609035,537.9097501846812,404.28745034600274,23500.50462234623,chen,0.8973745554992415,bob,0.8245497361648747,0.0728248193343668,chen,chen,chen,1,1,1,0,0,12.132982656495974,13.058454172961522,9.455360681555003,34.6467975110125
Daylight_Near_20260114_210800_T8,1736906005.04,126,Daylight,Near,4,4,1280,720,26.086633149835542,2,2,alice,3,1,0.7408608756635696,757.0602036286825,178.02296779883028,851.1311370675476,343.0635306107808,15525.519798995821,alice,0.8203614763683266,bob,0.6833377031280745,0.13702377324025206,alice,alice,alice,3,1,1,0,0,12.132982656495974,13.058454172961522,9.455360681555003,34.6467975110125
Daylight_Near_20260114_210800_T8,1736906005.04,126,Daylight,Near,4,4,1280,720,26.086633149835542,2,3,bob,4,1,0.7844750664122405,1043.4455351851811,260.87475950872795,1132.1051980893467,424.1555094560264,14476.416249066824,bob,0.9405426074175106,diana,0.8370196800013658,0.10352292741614477,bob,bob,bob,1,1,1,0,0,12.132982656495974,13.058454172961522,9.455360681555003,34.6467975110125
Daylight_Near_20260114_210800_T8,1736906005.08,127,Daylight,Near,4,4,1280,720,23.112331840479207,1,0,diana,1,1,0.8426690686016776,102.11971450136667,244.39267590320168,223.01970513764525,384.3956763083775,16926.361438036663,diana,0.9279208836389742,bob,0.8342195539360727,0.09370132970290146,diana,diana,diana,2,1,1,0,0,7.818602278415629,4.8774033713798985,7.573750012587087,20.269755662382615
Daylight_Near_20260114_210800_T8,1736906005.08,127,Daylight,Near,4,4,1280,720,23.112331840479207,1,1,chen,2,1,0.8217594001449028,439.00605375229304,308.17643143641703,532.6306590514739,440.3960251511121,12379.007274356381,chen,0.8959562368807348,alice,0.7742287519417678,0.12172748493896701,chen,chen,chen,2,1,1,0,0,7.818602278415629,4.8774033713798985,7.573750012587087,20.269755662382615
Daylight_Near_20260114_210800_T8,1736906005.08,127,Daylight,Near,4,4,1280,720,23.112331840479207,1,2,alice,3,1,0.6927714065997237,752.2826625080883,261.88078585375473,873.7449516564403,398.27531362734595,16566.79157068887,alice,0.8416180335512816,bob,0.7193860065314729,0.12223202701980873,alice,alice,alice,1,1,1,0,0,7.818602278415629,4.8774033713798985,7.573750012587087,20.269755662382615
Daylight_Near_20260114_210800_T8,1736906005.08,127,Daylight,Near,4,4,1280,720,23.112331840479207,1,3,bob,4,1,0.8684889858602105,1085.3038163934266,190.4095531049909,1186.3691838565533,372.18378514449876,18371.079556400517,bob,0.8619205195300127,diana,0.7491424084062104,0.11277811112380232,bob,bob,bob,2,1,1,0,0,7.818602278415629,4.8774033713798985,7.573750012587087,20.269755662382615
Daylight_Near_20260114_210800_T8,1736906005.12,128,Daylight,Near,4,4,1280,720,23.066137619811805,3,0,diana,1,1,0.940579204138314,146.20186524046727,289.363144141926,226.76935656873337,434.7685862615332,11714.95169705415,diana,0.7630051736191819,chen,0.6759404974032388,0.08706467621594305,diana,diana,diana,2,1,1,0,0,14.19391129363389,10.227335054435823,9.750733789190381,34.17198013726009
Daylight_Near_20260114_210800_T8,1736906005.12,128,Daylight,Near,4,4,1280,720,23.066137619811805,3,1,chen,2,1,0.5818885882859179,403.33606004246093,274.0242065959319,529.150187256369,480.8035918120238,26015.76787679109,chen,0.9504016048358234,bob,0.831056181684861,0.11934542315096242,chen,chen,chen,2,1,1,0,0,14.19391129363389,10.227335054435823,9.750733789190381,34.17198013726009
Daylight_Near_20260114_210800_T8,1736906005.12,128,Daylight,Near,4,4,1280,720,23.066137619811805,3,2,alice,3,1,0.7117088077909504,748.5591921628993,250.27524497120748,834.9432240850147,403.34278388891266,13222.59116810668,alice,0.8797265214007983,chen,0.8158809956541948,0.06384552574660352,alice,alice,alice,3,1,1,0,0,14.19391129363389,10.227335054435823,9.750733789190381,34.17198013726009
Daylight_Near_20260114_210800_T8,1736906005.12,128,Daylight,Near,4,4,1280,720,23.066137619811805,3,3,bob,4,1,0.6879144502430803,1093.0155726261437,192.73171582142007,1186.7125752474076,363.94895093329376,16042.541727082786,bob,0.8693902119448095,chen,0.7369912920525704,0.13239891989223906,bob,bob,bob,2,1,1,0,0,14.19391129363389,10.227335054435823,9.750733789190381,34.17198013726009
Daylight_Near_20260114_210800_T8,1736906005.16,129,Daylight,Near,4,4,1280,720,24.65667051701773,2,0,diana,1,1,0.8109289985662457,111.87609886477568,272.705495014647,207.51688132372882,445.16869498250196,16494.515390300552,diana,0.7821941367728519,chen,0.719926251564823,0.06226788520802884,diana,diana,diana,2,1,1,0,0,17.127659672445667,9.436876288688302,13.747032399498773,40.31156836063274
Daylight_Near_20260114_210800_T8,1736906005.16,129,Daylight,Near,4,4,1280,720,24.65667051701773,2,1,chen,2,1,0.9034801962256961,464.8213074476827,234.50489447878252,568.8356956807015,427.36225731838306,20059.94061199438,chen,0.7932373415937115,bob,0.6151936997146902,0.17804364187902133,chen,chen,chen,3,1,1,0,0,17.127659672445667,9.436876288688302,13.747032399498773,40.31156836063274
Daylight_Near_20260114_210800_T8,1736906005.16,129,Daylight,Near,4,4,1280,720,24.65667051701773,2,2,alice,3,1,0.8093773883416049,758.6974322861739,280.4012735971374,870.9216300369534,444.22043033709446,18384.473441350878,alice,0.8723570179542834,chen,0.7233060440495404,0.1490509739047431,alice,alice,alice,1,1,1,0,0,17.127659672445667,9.436876288688302,13.747032399498773,40.31156836063274
Daylight_Near_20260114_210800_T8,1736906005.16,129,Daylight,Near,4,4,1280,720,24.65667051701773,2,3,bob,4,1,0.8157078198779569,1067.0176420968057,175.49823545515767,1179.9764543108165,348.7736895026477,19572.98947504788,bob,0.8393670361333438,alice,0.6826825028280078,0.15668453330533605,bob,bob,bob,1,1,1,0,0,17.127659672445667,9.436876288688302,13.747032399498773,40.31156836063274
Daylight_Near_20260114_210800_T8,1736906005.2,130,Daylight,Near,4,4,1280,720,22.620105282516825,1,0,diana,1,1,0.888965122674871,103.03899473910218,222.0080146305993,222.76557255591473,412.34649185973797,22788.574505508077,diana,0.888656830635795,alice,0.8211674159301936,0.06748941470560144,diana,diana,diana,3,1,1,0,0,9.514224271631994,7.4292835070065895,2.51053532811612,19.454043106754703
Daylight_Near_20260114_210800_T8,1736906005.2,130,Daylight,Near,4,4,1280,720,22.620105282516825,1,1,chen,2,1,0.7498613293148749,446.8067394233898,251.90110989330157,531.0875225331874,390.0163701966782,11640.462297782135,chen,0.8019176701093839,bob,0.631321300660391,0.1705963694489928,chen,chen,chen,1,1,1,0,0,9.514224271631994,7.4292835070065895,2.51053532811612,19.454043106754703
Daylight_Near_20260114_210800_T8,1736906005.2,130,Daylight,Near,4,4,1280,720,22.620105282516825,1,2,alice,3,1,0.8114217340093101,734.2070967685946,223.02294992947105,857.3626208987345,370.1756799665565,18122.67159489823,alice,0.8655009799270674,bob,0.7976806597875692,0.06782032013949824,alice,alice,alice,3,1,1,0,0,9.514224271631994,7.4292835070065895,2.51053532811612,19.454043106754703
Daylight_Near_20260114_210800_T8,1736906005.2,130,Daylight,Near,4,4,1280,720,22.620105282516825,1,3,bob,4,1,0.8494797412645086,1064.027365996278,207.9376234045445,1183.6976342405576,422.36551425650055,25660.6432173087,bob,0.7136572095845667,chen,0.6725341536146449,0.04112305596992183,unknown,unknown,unknown,0,0,0,0,0,9.514224271631994,7.4292835070065895,2.51053532811612,19.454043106754703
Daylight_Near_20260114_210800_T8,1736906005.24,131,Daylight,Near,4,4,1280,720,24.01017380865478,2,0,diana,1,1,0.8206830558208666,119.85309456105486,184.80495219420573,213.2830856875273,389.17211305179364,19094.022025466802,diana,0.8542145640228628,chen,0.7552302971354169,0.09898426688744588,diana,diana,diana,3,1,1,0,0,12.72167585271846,10.714877418942029,6.309192325371628,29.74574559703212
Daylight_Near_20260114_210800_T8,1736906005.24,131,Daylight,Near,4,4,1280,720,24.01017380865478,2,1,chen,2,1,0.8619042861479469,435.9371210824805,235.12368974364063,553.034559585832,398.16676057441646,19091.925960004355,chen,0.794025085244529,bob,0.7118601713022387,0.08216491394229031,chen,chen,chen,3,1,1,0,0,12.72167585271846,10.714877418942029,6.309192325371628,29.74574559703212
Daylight_Near_20260114_210800_T8,1736906005.24,131,Daylight,Near,4,4,1280,720,24.01017380865478,2,2,alice,3,1,0.7454931073970661,728.5901123258029,231.82638014465846,853.8683480716488,419.37214206025925,23495.402174396924,alice,0.8418271472068996,diana,0.7244817440407932,0.11734540316610631,alice,alice,alice,3,1,1,0,0,12.72167585271846,10.714877418942029,6.309192325371628,29.74574559703212
Daylight_Near_20260114_210800_T8,1736906005.24,131,Daylight,Near,4,4,1280,720,24.01017380865478,2,3,bob,4,1,0.6996330969264846,1044.5040616986569,243.23790372731463,1151.0161035214117,456.5333817957731,22718.536880632124,bob,0.9798327252841921,chen,0.8003463253400902,0.17948639994410187,bob,bob,bob,1,1,1,0,0,12.72167585271846,10.714877418942029,6.309192325371628,29.74574559703212
Daylight_Near_20260114_210800_T8,1736906005.28,132,Daylight,Near,4,4,1280,720,25.87694004650441,0,0,diana,1,1,0.6481832089630254,90.85196668826562,236.9309298766164,216.76427752561688,435.0206700130262,24941.93693374576,diana,0.8433499171171392,chen,0.7643542914075993,0.07899562570954,diana,diana,diana,2,1,1,0,0,10.539974841791684,9.837658725151051,5.832575103319153,26.21020867026189
Daylight_Near_20260114_210800_T8,1736906005.28,132,Daylight,Near,4,4,1280,720,25.87694004650441,0,1,chen,2,1,0.7357396586946685,442.69748459734393,182.6130771501691,527.9284734316134,350.7871561933544,14333.643053143276,chen,0.8617530478973731,bob,0.7286089533681751,0.13314409452919795,chen,chen,chen,2,1,1,0,0,10.539974841791684,9.837658725151051,5.832575103319153,26.21020867026189
Daylight_Near_20260114_210800_T8,1736906005.28,132,Daylight,Near,4,4,1280,720,25.87694004650441,0,2,alice,3,1,0.6550768685162351,744.2588121163884,238.7906934493941,863.5140711338785,375.54957285281785,16309.215586196986,alice,0.8573726870621019,chen,0.7082827509869686,0.14908993607513332,alice,alice,alice,2,1,1,0,0,10.539974841791684,9.837658725151051,5.832575103319153,26.21020867026189
Daylight_Near_20260114_210800_T8,1736906005.28,132,Daylight,Near,4,4,1280,720,25.87694004650441,0,3,bob,4,1,0.6203406313956304,1067.0213323174885,245.03255661441784,1184.490915063272,417.0558047722505,20207.499183674983,bob,0.857410260234168,chen,0.7566042916512488,0.10080596858291924,bob,bob,bob,1,1,1,0,0,10.539974841791684,9.837658725151051,5.832575103319153,26.21020867026189
Daylight_Near_20260114_210800_T8,1736906005.32,133,Daylight,Near,4,4,1280,720,23.631934572416114,1,0,diana,1,1,0.769393517839127,123.43136898124612,171.5157487805082,233.45292765280567,316.5022073732501,15951.63616064299,diana,0.9127928598445889,alice,0.8519055658975594,0.06088729394702952,diana,diana,diana,3,1,1,0,0,11.531771370923032,5.992139363926583,11.945136544832867,29.46904727968248
Daylight_Near_20260114_210800_T8,1736906005.32,133,Daylight,Near,4,4,1280,720,23.631934572416114,1,1,chen,2,1,0.853994381093121,459.4593533975016,318.21472260056333,548.9921207834238,470.2664970863785,13613.616155655192,chen,0.882162432751374,alice,0.8019524928204484,0.08020993993092551,chen,chen,chen,3,1,1,0,0,11.531771370923032,5.992139363926583,11.945136544832867,29.46904727968248
Daylight_Near_20260114_210800_T8,1736906005.32,133,Daylight,Near,4,4,1280,720,23.631934572416114,1,2,alice,3,1,0.8985575978043416,724.889464129169,253.2358145697799,839.9801195229063,424.02756026370673,19656.533947754546,diana,0.6398295894174932,bob,0.6200648389680171,0.01976475044947612,unknown,unknown,unknown,0,0,0,0,0,11.531771370923032,5.992139363926583,11.945136544832867,29.46904727968248
Daylight_Near_20260114_210800_T8,1736906005.32,133,Daylight,Near,4,4,1280,720,23.631934572416114,1,3,bob,4,1,0.8009904864256326,1087.7431977234987,211.8787928528929,1171.2491033521592,357.91265901425055,12194.690246258764,bob,0.8612333324174756,chen,0.6963733342552763,0.16485999816219932,bob,bob,bob,2,1,1,0,0,11.531771370923032,5.992139363926583,11.945136544832867,29.46904727968248
Daylight_Near_20260114_210800_T8,1736906005.36,134,Daylight,Near,4,4,1280,720,25.77723266205233,1,0,diana,1,1,0.8617973908012238,89.83312053497076,230.24348100483672,188.60685583121045,395.1411191836747,16287.555664451647,diana,0.8529799341847095,bob,0.7662268656554098,0.08675306852929976,diana,diana,diana,1,1,1,0,0,10.622731673626207,6.3602695129842495,6.386231598329532,23.36923278493999
Daylight_Near_20260114_210800_T8,1736906005.36,134,Daylight,Near,4,4,1280,720,25.77723266205233,1,1,chen,2,1,0.7243889939911713,417.69367808060446,169.9223871729445,502.30887874393414,338.01475823948965,14223.169707770592,chen,0.8840225437571977,diana,0.7629581786540346,0.1210643651031631,chen,chen,chen,1,1,1,0,0,10.622731673626207,6.3602695129842495,6.386231598329532,23.36923278493999
Daylight_Near_20260114_210800_T8,1736906005.36,134,Daylight,Near,4,4,1280,720,25.77723266205233,1,2,alice,3,1,0.6644554271108442,749.4876114616555,137.34426397609644,843.7102389066923,282.35423708863044,13663.22067239709,alice,0.9394008549410123,diana,0.8733811267928231,0.06601972814818924,alice,alice,alice,2,1,1,0,0,10.622731673626207,6.3602695129842495,6.386231598329532,23.36923278493999
Daylight_Near_20260114_210800_T8,1736906005.36,134,Daylight,Near,4,4,1280,720,25.77723266205233,1,3,bob,4,1,0.900816369065151,1063.3405012439468,238.73572888013527,1166.2425481881876,380.5946608779798,14597.57447990205,bob,0.9185634241368167,diana,0.8288609925677402,0.08970243156907654,bob,bob,bob,3,1,1,0,0,10.622731673626207,6.3602695129842495,6.386231598329532,23.36923278493999
Daylight_Near_20260114_210800_T8,1736906005.4,135,Daylight,Near,4,4,1280,720,28.219453263898025,3,0,diana,1,1,0.830080231414653,123.0366509703472,285.29156681013615,239.03363973647998,460.83578598398356,20362.60081946833,bob,0.7894745792124019,alice,0.7150758677445734,0.0743987114678285,unknown,unknown,unknown,0,0,0,0,0,11.654224861623886,7.387460541107048,6.0524335549188955,25.09411895764983
Daylight_Near_20260114_210800_T8,1736906005.4,135,Daylight,Near,4,4,1280,720,28.219453263898025,3,1,chen,2,1,0.8990879308073476,418.3182907578011,167.84995525990269,544.4052244117555,311.69973886941034,18137.57812210769,chen,0.8970493112660591,alice,0.7922755868155722,0.10477372445048694,chen,chen,chen,2,1,1,0,0,11.654224861623886,7.387460541107048,6.0524335549188955,25.09411895764983
Daylight_Near_20260114_210800_T8,1736906005.4,135,Daylight,Near,4,4,1280,720,28.219453263898025,3,2,alice,3,1,0.6902174762031752,756.4168709606628,194.21300223463282,840.2197905927061,378.5171300010625,15445.224007063951,alice,0.8696995051799669,chen,0.750367379953632,0.11933212522633485,alice,alice,alice,2,1,1,0,0,11.654224861623886,7.387460541107048,6.0524335549188955,25.09411895764983
Daylight_Near_20260114_210800_T8,1736906005.4,135,Daylight,Near,4,4,1280,720,28.219453263898025,3,3,bob,4,1,0.7894132295567275,1060.407925330547,188.43209111816913,1164.0257016730977,390.91472748516895,20980.800528325824,bob,0.9300961423877846,chen,0.7755761951766903,0.1545199472110943,bob,bob,bob,2,1,1,0,0,11.654224861623886,7.387460541107048,6.0524335549188955,25.09411895764983
Daylight_Near_20260114_210800_T8,1736906005.44,136,Daylight,Near,4,4,1280,720,24.03921691400096,0,0,diana,1,1,0.6730922326488619,136.63173812111296,247.2756400466858,241.52085894613037,377.6660013586925,13676.530362072746,diana,0.8581747734089691,chen,0.7766631308346108,0.08151164257435828,diana,diana,diana,1,1,1,0,0,14.994667679211846,7.53322884650953,11.163979206202562,33.691875731923936
Daylight_Near_20260114_210800_T8,1736906005.44,136,Daylight,Near,4,4,1280,720,24.03921691400096,0,1,chen,2,1,0.8978001101544967,427.97222935865784,149.50909149788566,519.8676588676007,363.8200601995364,19694.198517315792,chen,0.8462282149938601,alice,0.7215734654186681,0.12465474957519207,chen,chen,chen,3,1,1,0,0,14.994667679211846,7.53322884650953,11.163979206202562,33.691875731923936
Daylight_Near_20260114_210800_T8,1736906005.44,136,Daylight,Near,4,4,1280,720,24.03921691400096,0,2,alice,3,1,0.7324061488742536,724.5972405204549,283.1978743099008,846.803486930272,463.9079681091437,22083.90225157145,alice,0.8614369392096353,diana,0.6976261401896349,0.1638107990200004,alice,alice,alice,1,1,1,0,0,14.994667679211846,7.53322884650953,11.163979206202562,33.691875731923936
Daylight_Near_20260114_210800_T8,1736906005.44,136,Daylight,Near,4,4,1280,720,24.03921691400096,0,3,bob,4,1,0.758762531825863,1060.886436235377,186.44483073721426,1150.9203891708303,331.9799661898137,13103.103535794155,bob,0.8991386718591895,alice,0.7367039745986762,0.1624346972605133,bob,bob,bob,2,1,1,0,0,14.994667679211846,7.53322884650953,11.163979206202562,33.691875731923936
Daylight_Near_20260114_210800_T8,1736906005.48,137,Daylight,Near,4,4,1280,720,25.61825132565223,2,0,diana,1,1,0.6528982285450451,86.10992993313026,233.51560273219343,183.13102921260742,383.4280673286105,14544.672110840085,diana,0.8497608577201146,bob,0.7479437543360614,0.10181710338405314,diana,diana,diana,2,1,1,0,0,11.17206300904188,5.830813818218344,8.459492485875518,25.462369313135742
Daylight_Near_20260114_210800_T8,1736906005.48,137,Daylight,Near,4,4,1280,720,25.61825132565223,2,1,chen,2,1,0.6618451877708398,445.14656763585776,334.51843736248964,529.2759501100475,466.5539925232823,11108.069720314299,chen,0.9170579996061783,diana,0.7804109765481722,0.13664702305800613,chen,chen,chen,1,1,1,0,0,11.17206300904188,5.830813818218344,8.459492485875518,25.462369313135742
Daylight_Near_20260114_210800_T8,1736906005.48,137,Daylight,Near,4,4,1280,720,25.61825132565223,2,2,alice,3,1,0.5844716274153542,741.2068968651694,221.39385496487478,845.2345927098617,435.65216384636585,22288.798188521887,alice,0.9265038395216688,chen,0.8282338709010038,0.09826996862066506,alice,alice,alice,1,1,1,0,0,11.17206300904188,5.830813818218344,8.459492485875518,25.462369313135742
Daylight_Near_20260114_210800_T8,1736906005.48,137,Daylight,Near,4,4,1280,720,25.61825132565223,2,3,bob,4,1,0.7471728041178698,1055.5055336722817,286.9644112536554,1159.4377850536912,435.20778501540883,15407.267587434806,bob,0.902188405860968,chen,0.8189702039008409,0.08321820196012719,bob,bob,bob,2,1,1,0,0,11.17206300904188,5.830813818218344,8.459492485875518,25.462369313135742
Daylight_Near_20260114_210800_T8,1736906005.52,138,Daylight,Near,4,4,1280,720,24.711624620058444,1,0,diana,1,1,0.7196181960461071,119.89582179729402,255.2154376195395,214.5773635960641,445.0473595813509,17973.579053968107,diana,0.8474767711393164,alice,0.7541631040294016,0.09331366710991484,diana,diana,diana,2,1,1,0,0,10.913474101897512,9.628187371947163,3.864901125231972,24.406562599076647
Daylight_Near_20260114_210800_T8,1736906005.52,138,Daylight,Near,4,4,1280,720,24.711624620058444,1,1,chen,2,1,0.822223643901034,465.9086159274111,196.91531887187915,548.9293312165121,359.0989330279454,13464.599655408181,chen,0.8786695141858067,alice,0.704361521381386,0.17430799280442077,chen,chen,chen,2,1,1,0,0,10.913474101897512,9.628187371947163,3.864901125231972,24.406562599076647
Daylight_Near_20260114_210800_T8,1736906005.52,138,Daylight,Near,4,4,1280,720,24.711624620058444,1,2,alice,3,1,0.6134462326303256,758.2166328379503,173.98148834999006,874.5019938642085,374.6763294461664,23337.87205297639,alice,0.8173854309827845,diana,0.7291915325048799,0.0881938984779046,alice,alice,alice,2,1,1,0,0,10.913474101897512,9.628187371947163,3.864901125231972,24.406562599076647
Daylight_Near_20260114_210800_T8,1736906005.52,138,Daylight,Near,4,4,1280,720,24.711624620058444,1,3,bob,4,1,0.7781706638691317,1081.3538148654548,291.51590114601896,1161.7445959692786,481.67065852927607,15286.68947664816,bob,0.8825849449043678,diana,0.736902893274963,0.14568205162940484,bob,bob,bob,1,1,1,0,0,10.913474101897512,9.628187371947163,3.864901125231972,24.406562599076647
Daylight_Near_20260114_210800_T8,1736906005.56,139,Daylight,Near,4,4,1280,720,26.24722649200272,2,0,diana,1,1,0.7331528106585631,97.2479131677539,296.15581690419407,224.9333388821907,454.87872050229356,20266.601516554845,diana,0.916948044316407,alice,0.7609145534965335,0.1560334908198735,diana,diana,diana,1,1,1,0,0,10.990632118795258,7.35047559393186,3.5665795005189036,21.90768721324602
Daylight_Near_20260114_210800_T8,1736906005.56,139,Daylight,Near,4,4,1280,720,26.24722649200272,2,1,chen,2,1,0.7778490402931053,429.3984759612739,208.65016593006007,538.8059103616685,359.18669014505065,16469.81489791499,chen,0.834734082512627,bob,0.7130480351936589,0.12168604731896815,chen,chen,chen,2,1,1,0,0,10.990632118795258,7.35047559393186,3.5665795005189036,21.90768721324602
Daylight_Near_20260114_210800_T8,1736906005.56,139,Daylight,Near,4,4,1280,720,26.24722649200272,2,2,alice,3,1,0.7772868614883718,747.7062215491585,277.52282758293325,873.5823899049531,416.83618385612976,17536.231488455673,alice,0.8235532265017786,bob,0.7529748825547493,0.07057834394702933,alice,alice,alice,2,1,1,0,0,10.990632118795258,7.35047559393186,3.5665795005189036,21.90768721324602
Daylight_Near_20260114_210800_T8,1736906005.56,139,Daylight,Near,4,4,1280,720,26.24722649200272,2,3,bob,4,1,0.7946589620144554,1082.322379149165,255.09874888132327,1165.514590039103,438.48854890772446,15256.602918859924,bob,0.8306944901475923,chen,0.7459003894518194,0.08479410069577298,bob,bob,bob,2,1,1,0,0,10.990632118795258,7.35047559393186,3.5665795005189036,21.90768721324602
Daylight_Near_20260114_210800_T8,1736906005.6,140,Daylight,Near,4,4,1280,720,20.60656794577897,3,0,diana,1,1,0.7303569402534249,96.06506089558142,139.44900311685257,195.55648039984726,341.5533681254467,20107.650162713304,alice,0.8505593306595781,diana,0.7671869822187656,0.08337234844081254,alice,alice,alice,1,0,0,1,0,17.332437116917017,10.169764184300059,8.63351802711791,36.135719328334986
Daylight_Near_20260114_210800_T8,1736906005.6,140,Daylight,Near,4,4,1280,720,20.60656794577897,3,1,chen,2,1,0.7028814992705843,438.15148022169564,202.70129878192307,563.4151380258197,376.8608685488113,21815.864750592962,chen,0.8328069677243808,bob,0.6546229323208461,0.17818403540353467,chen,chen,chen,2,1,1,0,0,17.332437116917017,10.169764184300059,8.63351802711791,36.135719328334986
Daylight_Near_20260114_210800_T8,1736906005.6,140,Daylight,Near,4,4,1280,720,20.60656794577897,3,2,alice,3,1,0.8353573056061854,737.8048440703665,242.34084101170583,834.0233545875092,431.9126303225878,18240.31520356266,alice,0.8462642409107861,chen,0.7750882922003098,0.07117594871047628,alice,alice,alice,2,1,1,0,0,17.332437116917017,10.169764184300059,8.63351802711791,36.135719328334986
Daylight_Near_20260114_210800_T8,1736906005.6,140,Daylight,Near,4,4,1280,720,20.60656794577897,3,3,bob,4,1,0.7442672357013232,1086.0574452607943,240.5453379057766,1175.1084676507603,371.0153193688868,11618.485240489874,bob,0.8623811747674995,diana,0.7119918146679074,0.15038936009959214,bob,bob,bob,3,1,1,0,0,17.332437116917017,10.169764184300059,8.63351802711791,36.135719328334986
Daylight_Near_20260114_210800_T8,1736906005.64,141,Daylight,Near,4,4,1280,720,23.46128796196506,0,0,diana,1,1,0.8266858019195502,101.66264503247385,191.96996815811548,209.29234741391969,399.6255873021742,22349.91248630991,chen,0.8084545561888455,diana,0.7233729743788087,0.08508158181003689,chen,chen,chen,2,0,0,1,0,14.998148446047061,6.543727571961146,6.274628062460309,27.816504080468516
Daylight_Near_20260114_210800_T8,1736906005.64,141,Daylight,Near,4,4,1280,720,23.46128796196506,0,1,chen,2,1,0.8766027825127121,456.1943710922301,211.69450664972697,538.0820045853046,426.80791791962366,17615.12818151431,chen,0.9380683447677657,diana,0.7748014836736334,0.16326686109413224,chen,chen,chen,1,1,1,0,0,14.998148446047061,6.543727571961146,6.274628062460309,27.816504080468516
Daylight_Near_20260114_210800_T8,1736906005.64,141,Daylight,Near,4,4,1280,720,23.46128796196506,0,2,alice,3,1,0.7175726157551856,759.3062734596986,191.32683330140816,859.535066703027,386.82141120013415,19594.185628403182,alice,0.8864189168100749,chen,0.7954470826321557,0.09097183417791921,alice,alice,alice,2,1,1,0,0,14.998148446047061,6.543727571961146,6.274628062460309,27.816504080468516
Daylight_Near_20260114_210800_T8,1736906005.64,141,Daylight,Near,4,4,1280,720,23.46128796196506,0,3,bob,4,1,0.8076975226713146,1051.0114665344565,301.4802248683727,1164.4872102801648,502.8054670769276,22845.531594400632,bob,0.8546102413941523,alice,0.7739308961143019,0.08067934527985043,bob,bob,bob,2,1,1,0,0,14.998148446047061,6.543727571961146,6.274628062460309,27.816504080468516
Daylight_Near_20260114_210800_T8,1736906005.68,142,Daylight,Near,4,4,1280,720,23.714021056767855,1,0,diana,1,1,0.7514219574009153,97.11144080140923,244.2940004508647,181.46587114654557,411.7779863687538,14128.016224036368,diana,0.8368836635249903,bob,0.7240397657202712,0.11284389780471915,diana,diana,diana,2,1,1,0,0,15.038504916737477,11.247160889581503,3.9588425848353506,30.24450839115433
Daylight_Near_20260114_210800_T8,1736906005.68,142,Daylight,Near,4,4,1280,720,23.714021056767855,1,1,chen,2,1,0.8709084518990805,399.85970928515474,260.6048696365092,514.2651439424128,401.85479254392897,16159.758825527553,chen,0.8492524123633249,diana,0.6881133918454398,0.1611390205178851,chen,chen,chen,3,1,1,0,0,15.038504916737477,11.247160889581503,3.9588425848353506,30.24450839115433
Daylight_Near_20260114_210800_T8,1736906005.68,142,Daylight,Near,4,4,1280,720,23.714021056767855,1,2,alice,3,1,0.8156538865142774,784.2802913490883,287.2485262364675,878.3653637663728,470.69792937575727,17259.850379267682,alice,0.8384803961971118,chen,0.7018371925120195,0.1366432036850923,alice,alice,alice,2,1,1,0,0,15.038504916737477,11.247160889581503,3.9588425848353506,30.24450839115433
Daylight_Near_20260114_210800_T8,1736906005.68,142,Daylight,Near,4,4,1280,720,23.714021056767855,1,3,bob,4,1,0.8924593702502208,1090.520120272864,232.24137856095606,1190.0148651036138,377.1201515877365,14414.676553691637,bob,0.8631327653693881,diana,0.7144104324116192,0.14872233295776893,bob,bob,bob,1,1,1,0,0,15.038504916737477,11.247160889581503,3.9588425848353506,30.24450839115433
Daylight_Near_20260114_210800_T8,1736906005.72,143,Daylight,Near,4,4,1280,720,25.026968870915688,1,0,diana,1,1,0.8570362731186467,104.70457007356941,283.7556926515063,215.50802759942934,422.00399621952187,15318.3900324208,diana,0.8754643441172969,alice,0.714398884918908,0.16106545919838888,diana,diana,diana,1,1,1,0,0,8.932957588162687,5.646004518541446,4.821371879867112,19.400333986571244
Daylight_Near_20260114_210800_T8,1736906005.72,143,Daylight,Near,4,4,1280,720,25.026968870915688,1,1,chen,-1,0,-1.0,-1.0,-1.0,-1.0,-1.0,0.0,unknown,-1.0,unknown,-1.0,-1.0,unknown,unknown,unknown,0,0,0,0,1,8.932957588162687,5.646004518541446,4.821371879867112,19.400333986571244
Daylight_Near_20260114_210800_T8,1736906005.72,143,Daylight,Near,4,4,1280,720,25.026968870915688,1,2,alice,3,1,0.7086334507966288,721.7866903038557,269.21615458090594,841.8434926121533,414.5883809405094,17452.924641172005,alice,0.789066970040052,diana,0.713572344011179,0.07549462602887302,alice,alice,alice,3,1,1,0,0,8.932957588162687,5.646004518541446,4.821371879867112,19.400333986571244
Daylight_Near_20260114_210800_T8,1736906005.72,143,Daylight,Near,4,4,1280,720,25.026968870915688,1,3,bob,4,1,0.8052638865463967,1084.8162332488714,256.19497521034214,1190.9388278434863,410.11148913155773,16334.019808277553,bob,0.8481523516519145,alice,0.7690527028847715,0.07909964876714304,bob,bob,bob,2,1,1,0,0,8.932957588162687,5.646004518541446,4.821371879867112,19.400333986571244
Daylight_Near_20260114_210800_T8,1736906005.76,144,Daylight,Near,4,4,1280,720,24.55852773005118,0,0,diana,1,1,0.72467922623265,95.9052841085666,217.97634590389328,191.3153339885078,355.4927500180171,13120.446975838704,diana,0.9546420715647053,bob,0.8712957580384493,0.08334631352625599,diana,diana,diana,2,1,1,0,0,11.821754029358555,8.183998327818863,10.864523629811824,30.870275986989242
Daylight_Near_20260114_210800_T8,1736906005.76,144,Daylight,Near,4,4,1280,720,24.55852773005118,0,1,chen,2,1,0.9057239274054179,430.79706144417565,213.78956019569262,554.9850627470015,363.5668983515575,18600.548266034333,chen,0.8610611699034634,alice,0.8003296546503847,0.06073151525307863,chen,chen,chen,2,1,1,0,0,11.821754029358555,8.183998327818863,10.864523629811824,30.870275986989242
Daylight_Near_20260114_210800_T8,1736906005.76,144,Daylight,Near,4,4,1280,720,24.55852773005118,0,2,alice,3,1,0.887751492235935,734.7924155918676,269.05540476448175,832.7877093640744,440.6859106507943,16818.98184460168,chen,0.9634481534527057,alice,0.9160179556459401,0.047430197806765606,chen,chen,chen,2,0,0,1,0,11.821754029358555,8.183998327818863,10.864523629811824,30.870275986989242
Daylight_Near_20260114_210800_T8,1736906005.76,144,Daylight,Near,4,4,1280,720,24.55852773005118,0,3,bob,4,1,0.7761293346204741,1062.6765157444847,240.78971095555437,1178.2605270545805,387.33143077160184,16937.879800618917,bob,0.8846311543611959,alice,0.7994360168314245,0.08519513752977137,bob,bob,bob,2,1,1,0,0,11.821754029358555,8.183998327818863,10.864523629811824,30.870275986989242
Daylight_Near_20260114_210800_T8,1736906005.8,145,Daylight,Near,4,4,1280,720,26.52588530666733,0,0,diana,1,1,0.7416015198746299,130.90014582642038,271.3323829929105,215.54692783283355,423.8642514307549,12911.33181668911,diana,0.9188316844384691,chen,0.8305278851425308,0.08830379929593823,diana,diana,diana,1,1,1,0,0,11.584921202079078,5.661886963209716,6.535028377048298,23.781836542337093
Daylight_Near_20260114_210800_T8,1736906005.8,145,Daylight,Near,4,4,1280,720,26.52588530666733,0,1,chen,2,1,0.7536296781713194,450.61075250297495,209.49924875420703,551.9607654306097,350.118569511741,14251.76997665129,chen,0.8046967548439286,alice,0.6802370567559675,0.12445969808796109,chen,chen,chen,2,1,1,0,0,11.584921202079078,5.661886963209716,6.535028377048298,23.781836542337093
Daylight_Near_20260114_210800_T8,1736906005.8,145,Daylight,Near,4,4,1280,720,26.52588530666733,0,2,alice,3,1,0.7333827234715458,751.9737393208234,217.6880826206986,855.211773974615,422.92077378747666,21187.819682766745,alice,0.8377571510622085,chen,0.7545399648515136,0.08321718621069485,alice,alice,alice,1,1,1,0,0,11.584921202079078,5.661886963209716,6.535028377048298,23.781836542337093
Daylight_Near_20260114_210800_T8,1736906005.8,145,Daylight,Near,4,4,1280,720,26.52588530666733,0,3,bob,4,1,0.7752889016789211,1063.5887800293929,259.11847942450277,1167.845206704081,396.8468264512618,14359.0653128213,bob,0.9033880899100034,chen,0.7491658743124368,0.15422221559756666,bob,bob,bob,3,1,1,0,0,11.584921202079078,5.661886963209716,6.535028377048298,23.781836542337093
Daylight_Near_20260114_210800_T8,1736906005.84,146,Daylight,Near,4,4,1280,720,24.849560134714174,1,0,diana,1,1,0.7018241498156703,113.72932753814183,266.22227421701086,208.80173739571126,413.918194879717,14041.807103535857,diana,0.8567956987881985,chen,0.6835516585408046,0.17324404024739393,diana,diana,diana,2,1,1,0,0,12.367771487275146,13.42741637158523,8.860323521922089,34.655511380782464
Daylight_Near_20260114_210800_T8,1736906005.84,146,Daylight,Near,4,4,1280,720,24.849560134714174,1,1,chen,2,1,0.7162943526538047,425.2444011937899,209.01628085354844,506.1304377831918,340.8754194101572,10665.56310593687,chen,0.9396995482668198,diana,0.7861491606035017,0.15355038766331808,chen,chen,chen,2,1,1,0,0,12.367771487275146,13.42741637158523,8.860323521922089,34.655511380782464
Daylight_Near_20260114_210800_T8,1736906005.84,146,Daylight,Near,4,4,1280,720,24.849560134714174,1,2,alice,3,1,0.8628937249955141,713.614183734101,185.63716712529202,840.983670070426,354.9598272676412,21566.540247431152,alice,0.8150293059657235,bob,0.677557595223576,0.1374717107421476,alice,alice,alice,2,1,1,0,0,12.367771487275146,13.42741637158523,8.860323521922089,34.655511380782464
Daylight_Near_20260114_210800_T8,1736906005.84,146,Daylight,Near,4,4,1280,720,24.849560134714174,1,3,bob,4,1,0.8033425567198925,1043.6428994584178,265.2689811498692,1150.5398049514267,470.51956944417657,21940.65273928106,bob,0.8735813074888334,chen,0.7269468807937016,0.14663442669513183,bob,bob,bob,1,1,1,0,0,12.367771487275146,13.42741637158523,8.860323521922089,34.655511380782464
Daylight_Near_20260114_210800_T8,1736906005.88,147,Daylight,Near,4,4,1280,720,28.522527126223817,2,0,diana,1,1,0.702791099939482,112.2918804467073,350.0385191548703,215.63795283621164,480.12233338581314,13443.651282213854,chen,0.6677512509927159,bob,0.6564478517535498,0.011303399239166123,unknown,unknown,unknown,0,0,0,0,0,20.528023945514356,8.826749122965513,10.40975327114965,39.76452633962952
Daylight_Near_20260114_210800_T8,1736906005.88,147,Daylight,Near,4,4,1280,720,28.522527126223817,2,1,chen,2,1,0.7853781304728212,421.55148654863166,180.58716955767483,535.007738563032,393.2968198323252,24133.239687455698,chen,0.9394627867550505,bob,0.7947443768320808,0.1447184099229697,chen,chen,chen,3,1,1,0,0,20.528023945514356,8.826749122965513,10.40975327114965,39.76452633962952
Daylight_Near_20260114_210800_T8,1736906005.88,147,Daylight,Near,4,4,1280,720,28.522527126223817,2,2,alice,3,1,0.8400736501445676,763.7442818054436,260.4988788682954,864.6727900265224,454.1316744495157,19543.069200689664,alice,0.9120685209994382,chen,0.7903471528110467,0.12172136818839152,alice,alice,alice,1,1,1,0,0,20.528023945514356,8.826749122965513,10.40975327114965,39.76452633962952
Daylight_Near_20260114_210800_T8,1736906005.88,147,Daylight,Near,4,4,1280,720,28.522527126223817,2,3,bob,4,1,0.7575966754892844,1084.847539668564,221.76009041823704,1178.1642259772325,383.9270491317875,15132.883215903188,bob,0.882467583153257,alice,0.7083206878839364,0.1741468952693206,bob,bob,bob,2,1,1,0,0,20.528023945514356,8.826749122965513,10.40975327114965,39.76452633962952
Daylight_Near_20260114_210800_T8,1736906005.92,148,Daylight,Near,4,4,1280,720,21.89417609546671,4,0,diana,1,1,0.8270622708328292,92.63369664348136,247.3545397214878,201.7083832114388,406.48840441314456,17357.476413590208,diana,0.9136870356322903,chen,0.7590326998275253,0.15465433580476495,diana,diana,diana,2,1,1,0,0,12.430613136764562,6.382022604513563,11.017601119699254,29.830236860977376
Daylight_Near_20260114_210800_T8,1736906005.92,148,Daylight,Near,4,4,1280,720,21.89417609546671,4,1,chen,2,1,0.6429493679174473,450.67897695327264,180.90450496761173,531.4598987049778,391.850106557622,17040.380135908996,chen,0.9424437820306919,bob,0.7644361153479455,0.17800766668274637,chen,chen,chen,2,1,1,0,0,12.430613136764562,6.382022604513563,11.017601119699254,29.830236860977376
Daylight_Near_20260114_210800_T8,1736906005.92,148,Daylight,Near,4,4,1280,720,21.89417609546671,4,2,alice,3,1,0.7231052644447623,736.8522281181195,209.69667198463918,845.3216274434956,372.7254913866548,17683.63811326186,alice,0.9408857461443232,bob,0.7983162676818181,0.14256947846250512,alice,alice,alice,1,1,1,0,0,12.430613136764562,6.382022604513563,11.017601119699254,29.830236860977376
Daylight_Near_20260114_210800_T8,1736906005.92,148,Daylight,Near,4,4,1280,720,21.89417609546671,4,3,bob,4,1,0.8678920913422828,1085.443127432686,229.68096777825218,1201.85392677704,383.0622140921002,17855.2334878283,bob,0.8730764473422719,chen,0.7956331864891553,0.07744326085311659,bob,bob,bob,2,1,1,0,0,12.430613136764562,6.382022604513563,11.017601119699254,29.830236860977376
Daylight_Near_20260114_210800_T8,1736906005.96,149,Daylight,Near,4,4,1280,720,29.54170342213108,1,0,diana,1,1,0.7386871181434636,96.8638037860442,203.33432456248755,216.2669665710521,398.53279072459526,23307.314230538002,diana,0.8743981751776096,alice,0.7366378532398554,0.13776032193775423,diana,diana,diana,1,1,1,0,0,12.503726992086587,7.743327976937366,5.309390124149689,25.556445093173643
Daylight_Near_20260114_210800_T8,1736906005.96,149,Daylight,Near,4,4,1280,720,29.54170342213108,1,1,chen,2,1,0.6706404721359969,419.7276212941848,243.75898077470032,541.9822190792089,412.5722694680449,20638.200709971996,chen,0.70060561052386,bob,0.5256819197377564,0.1749236907861036,chen,chen,chen,1,1,1,0,0,12.503726992086587,7.743327976937366,5.309390124149689,25.556445093173643
Daylight_Near_20260114_210800_T8,1736906005.96,149,Daylight,Near,4,4,1280,720,29.54170342213108,1,2,alice,3,1,0.862295073799043,752.2012395356707,220.17037440468576,834.4287746124447,389.20613863965366,13899.394232860135,alice,0.8708221093283661,bob,0.7470057783717581,0.12381633095660804,alice,alice,alice,2,1,1,0,0,12.503726992086587,7.743327976937366,5.309390124149689,25.556445093173643
Daylight_Near_20260114_210800_T8,1736906005.96,149,Daylight,Near,4,4,1280,720,29.54170342213108,1,3,bob,4,1,0.8040822485171601,1056.9889568031547,176.57237369907278,1138.2023021372695,380.7637792546913,16583.06713364674,chen,0.63727179446886,bob,0.6211118463236077,0.016159948145252234,unknown,unknown,unknown,0,0,0,0,0,12.503726992086587,7.743327976937366,5.309390124149689,25.556445093173643
Daylight_Near_20260114_210800_T8,1736906006.0,150,Daylight,Near,4,4,1280,720,26.619878450887075,2,0,diana,1,1,0.7537203427175019,123.31709704382914,222.7306229038017,220.6012830839762,389.95674826456326,16268.457490369283,diana,0.8971334806671514,bob,0.7206486713292166,0.17648480933793476,diana,diana,diana,2,1,1,0,0,9.178004190251308,4.593302531347239,4.63931429043557,18.410621012034117
Daylight_Near_20260114_210800_T8,1736906006.0,150,Daylight,Near,4,4,1280,720,26.619878450887075,2,1,chen,2,1,0.806322616407674,430.3090514829351,214.0495238840709,527.4603762457739,384.3957034431776,16549.35701245562,chen,0.8525637019692921,bob,0.7490256145479959,0.10353808742129622,chen,chen,chen,3,1,1,0,0,9.178004190251308,4.593302531347239,4.63931429043557,18.410621012034117
Daylight_Near_20260114_210800_T8,1736906006.0,150,Daylight,Near,4,4,1280,720,26.619878450887075,2,2,alice,3,1,0.7236370088305584,702.5783015195758,260.15323337685777,790.4649653013533,393.5774793610012,11726.211847145598,alice,0.7671568193105496,diana,0.6256053319792196,0.14155148733132994,alice,alice,alice,3,1,1,0,0,9.178004190251308,4.593302531347239,4.63931429043557,18.410621012034117
Daylight_Near_20260114_210800_T8,1736906006.0,150,Daylight,Near,4,4,1280,720,26.619878450887075,2,3,bob,4,1,0.8015169135941114,1048.8246686077869,226.40166844939287,1163.7852690335003,434.47706118835686,23920.472083087432,bob,0.8648904534858738,alice,0.7130737225849018,0.15181673090097203,bob,bob,bob,2,1,1,0,0,9.178004190251308,4.593302531347239,4.63931429043557,18.410621012034117
Daylight_Near_20260114_210800_T8,1736906006.04,151,Daylight,Near,4,4,1280,720,25.258353109384842,0,0,diana,1,1,0.8668018112164764,113.6797197176962,300.09967835966626,211.13695545601897,451.5999450509425,14764.797205350476,diana,0.8020836920426421,bob,0.6273815656694204,0.1747021263732217,diana,diana,diana,1,1,1,0,0,8.95964377611491,6.652212584132477,2.0257763566524813,17.63763271689987
Daylight_Near_20260114_210800_T8,1736906006.04,151,Daylight,Near,4,4,1280,720,25.258353109384842,0,1,chen,2,1,0.7971911726241466,414.4549548632529,239.3357875223055,516.3427756605781,435.36509235929407,19972.99868225533,chen,0.8574060438132256,diana,0.7364385898548972,0.12096745395832842,chen,chen,chen,2,1,1,0,0,8.95964377611491,6.652212584132477,2.0257763566524813,17.63763271689987
Daylight_Near_20260114_210800_T8,1736906006.04,151,Daylight,Near,4,4,1280,720,25.258353109384842,0,2,alice,3,1,0.8771643255703663,756.2801428282685,246.1709177295511,847.7078192710096,381.0914817395395,12335.473671777365,alice,0.8730973692689626,chen,0.7860435810259717,0.08705378824299093,alice,alice,alice,2,1,1,0,0,8.95964377611491,6.652212584132477,2.0257763566524813,17.63763271689987
Daylight_Near_20260114_210800_T8,1736906006.04,151,Daylight,Near,4,4,1280,720,25.258353109384842,0,3,bob,4,1,0.749186915388546,1079.6264024468855,275.94873984576793,1163.7222208861563,420.97044276848294,12195.718798742497,bob,0.8382873526479837,alice,0.7022613922524623,0.1360259603955214,bob,bob,bob,3,1,1,0,0,8.95964377611491,6.652212584132477,2.0257763566524813,17.63763271689987
Daylight_Near_20260114_210800_T8,1736906006.08,152,Daylight,Near,4,4,1280,720,24.957572721852795,1,0,diana,1,1,0.7785014583969078,119.94127693038321,260.58669320921695,222.05401737331368,444.3428800853742,18763.847815267673,diana,0.8488378296619215,chen,0.692464904123193,0.1563729255387285,diana,diana,diana,2,1,1,0,0,8.145224908415168,5.080303588651627,7.726028113174066,20.95155661024086
Daylight_Near_20260114_210800_T8,1736906006.08,152,Daylight,Near,4,4,1280,720,24.957572721852795,1,1,chen,2,1,0.6568590631467478,435.188092139462,300.7980814896133,559.064737776344,439.83534342453356,17223.46962703446,chen,0.8340105461314187,alice,0.7517558179963447,0.08225472813507395,chen,chen,chen,2,1,1,0,0,8.145224908415168,5.080303588651627,7.726028113174066,20.95155661024086
Daylight_Near_20260114_210800_T8,1736906006.08,152,Daylight,Near,4,4,1280,720,24.957572721852795,1,2,alice,-1,0,-1.0,-1.0,-1.0,-1.0,-1.0,0.0,unknown,-1.0,unknown,-1.0,-1.0,unknown,unknown,unknown,0,0,0,0,1,8.145224908415168,5.080303588651627,7.726028113174066,20.95155661024086
Daylight_Near_20260114_210800_T8,1736906006.08,152,Daylight,Near,4,4,1280,720,24.957572721852795,1,3,bob,4,1,0.8304754536313184,1073.0531766088739,182.97736855670544,1158.2307970098454,367.66426501707133,15731.19035973459,bob,0.7668129910239377,alice,0.6472302121721392,0.11958277885179858,bob,bob,bob,1,1,1,0,0,8.145224908415168,5.080303588651627,7.726028113174066,20.95155661024086
Daylight_Near_20260114_210800_T8,1736906006.12,153,Daylight,Near,4,4,1280,720,26.51422753721651,0,0,diana,1,1,0.7719394138354478,87.3898961148857,358.81096050154974,212.47892211269493,489.57551327434396,16357.210541387953,diana,0.8531331437036139,alice,0.6747443245445195,0.17838881915909444,diana,diana,diana,1,1,1,0,0,9.65058714833075,4.777046336454317,9.254363543750406,23.681997028535474
Daylight_Near_20260114_210800_T8,1736906006.12,153,Daylight,Near,4,4,1280,720,26.51422753721651,0,1,chen,2,1,0.757427060333969,437.4293466082087,161.66531706829352,531.3737457636391,362.1508849492539,18834.49621391209,chen,0.7983463527548017,bob,0.7181002594557382,0.08024609329906351,chen,chen,chen,3,1,1,0,0,9.65058714833075,4.777046336454317,9.254363543750406,23.681997028535474
Daylight_Near_20260114_210800_T8,1736906006.12,153,Daylight,Near,4,4,1280,720,26.51422753721651,0,2,alice,3,1,0.7234659426912591,773.8417252899822,209.0028257923249,881.8238146324854,416.2717993145702,22381.33681680804,alice,0.8195034191957102,diana,0.6619492554063294,0.1575541637893808,alice,alice,alice,3,1,1,0,0,9.65058714833075,4.777046336454317,9.254363543750406,23.681997028535474
Daylight_Near_20260114_210800_T8,1736906006.12,153,Daylight,Near,4,4,1280,720,26.51422753721651,0,3,bob,4,1,0.923747394220553,1089.279652962592,213.8932009885157,1196.7762643691672,369.9561604577161,16776.239309020715,bob,0.9778053881204078,alice,0.8694064235239004,0.10839896459650744,bob,bob,bob,2,1,1,0,0,9.65058714833075,4.777046336454317,9.254363543750406,23.681997028535474
Daylight_Near_20260114_210800_T8,1736906006.16,154,Daylight,Near,4,4,1280,720,24.753101879325573,1,0,diana,1,1,0.7234690242885161,131.04355870857202,180.90157179336768,229.06963362482028,333.38842447024695,14947.687644246678,diana,0.8504781726249387,chen,0.7296967608088197,0.12078141181611901,diana,diana,diana,3,1,1,0,0,16.75290634836462,9.673356302353985,7.407705380099985,33.83396803081859
Daylight_Near_20260114_210800_T8,1736906006.16,154,Daylight,Near,4,4,1280,720,24.753101879325573,1,1,chen,2,1,0.7330889151257416,458.2298610530294,345.5658016993664,540.8098288513424,513.8478533069274,13896.726402786438,bob,0.70820969578328,diana,0.6616634100090798,0.04654628577420017,unknown,unknown,unknown,0,0,0,0,0,16.75290634836462,9.673356302353985,7.407705380099985,33.83396803081859
Daylight_Near_20260114_210800_T8,1736906006.16,154,Daylight,Near,4,4,1280,720,24.753101879325573,1,2,alice,3,1,0.8062532665999106,746.4467445396815,186.38687706274783,829.080031470535,317.6225205080148,10844.432580367931,alice,0.8373475151668648,chen,0.6750045408927356,0.16234297427412914,alice,alice,alice,3,1,1,0,0,16.75290634836462,9.673356302353985,7.407705380099985,33.83396803081859
Daylight_Near_20260114_210800_T8,1736906006.16,154,Daylight,Near,4,4,1280,720,24.753101879325573,1,3,bob,4,1,0.696429502444742,1070.031300722939,183.8930176231026,1161.898691219765,397.92760604097094,19662.799114011726,bob,0.8630457283452109,alice,0.7052008092350515,0.1578449191101594,bob,bob,bob,3,1,1,0,0,16.75290634836462,9.673356302353985,7.407705380099985,33.83396803081859
Daylight_Near_20260114_210800_T8,1736906006.2,155,Daylight,Near,4,4,1280,720,21.799034983662644,2,0,diana,-1,0,-1.0,-1.0,-1.0,-1.0,-1.0,0.0,unknown,-1.0,unknown,-1.0,-1.0,unknown,unknown,unknown,0,0,0,0,1,13.933624213450468,6.663570480511189,6.186535937895067,26.783730631856724
Daylight_Near_20260114_210800_T8,1736906006.2,155,Daylight,Near,4,4,1280,720,21.799034983662644,2,1,chen,2,1,0.8071458718069642,435.2197725597363,239.99481761986397,544.0621070170158,407.7954166704669,18263.80892399758,chen,0.9483835052171534,bob,0.810628418258029,0.13775508695912442,chen,chen,chen,3,1,1,0,0,13.933624213450468,6.663570480511189,6.186535937895067,26.783730631856724
Daylight_Near_20260114_210800_T8,1736906006.2,155,Daylight,Near,4,4,1280,720,21.799034983662644,2,2,alice,3,1,0.908146179942704,723.5638181867041,233.48485278802406,842.9149888195914,373.2619097011272,16682.555370198566,alice,0.934074975762852,diana,0.7809034539715785,0.15317152179127358,alice,alice,alice,2,1,1,0,0,13.933624213450468,6.663570480511189,6.186535937895067,26.783730631856724
Daylight_Near_20260114_210800_T8,1736906006.2,155,Daylight,Near,4,4,1280,720,21.799034983662644,2,3,bob,4,1,0.7011994169147975,1040.1987651424115,215.93428589709453,1161.9987170298145,391.1780721848365,21344.68473841331,bob,0.8345390986206057,alice,0.7619190164550331,0.07262008216557259,bob,bob,bob,2,1,1,0,0,13.933624213450468,6.663570480511189,6.186535937895067,26.783730631856724
Daylight_Near_20260114_210800_T8,1736906006.24,156,Daylight,Near,4,4,1280,720,24.853428676448225,0,0,diana,1,1,0.7504860340458644,66.74854493619516,221.87329740712286,187.48099613481264,415.69037881296754,23400.011322289614,diana,0.8970944810084643,alice,0.7285257202559647,0.1685687607524996,diana,diana,diana,3,1,1,0,0,20.06759078496755,13.181704531587268,4.248516101861323,37.49781141841614
Daylight_Near_20260114_210800_T8,1736906006.24,156,Daylight,Near,4,4,1280,720,24.853428676448225,0,1,chen,2,1,0.6893073215577086,453.5346735760906,184.45544627600762,566.6485398316443,385.20796890991994,22707.89399567737,chen,0.8011695275598426,diana,0.6756523654146243,0.12551716214521835,chen,chen,chen,1,1,1,0,0,20.06759078496755,13.181704531587268,4.248516101861323,37.49781141841614
Daylight_Near_20260114_210800_T8,1736906006.24,156,Daylight,Near,4,4,1280,720,24.853428676448225,0,2,alice,3,1,0.7163321484167556,743.7778550936387,202.32259483572673,852.5236937029908,380.15196075242204,19338.20352598038,alice,0.859360013195044,bob,0.7732093750890559,0.08615063810598811,alice,alice,alice,2,1,1,0,0,20.06759078496755,13.181704531587268,4.248516101861323,37.49781141841614
Daylight_Near_20260114_210800_T8,1736906006.24,156,Daylight,Near,4,4,1280,720,24.853428676448225,0,3,bob,4,1,0.6979420439623607,1060.9729360257738,246.1172271058792,1186.874031282231,405.24722840168977,20034.641451304004,bob,0.7324452603814215,chen,0.6506215532065589,0.08182370717486265,bob,bob,bob,1,1,1,0,0,20.06759078496755,13.181704531587268,4.248516101861323,37.49781141841614
Daylight_Near_20260114_210800_T8,1736906006.28,157,Daylight,Near,4,4,1280,720,22.075694912385327,1,0,diana,1,1,0.8111119816860142,90.07945824692527,247.42976813549353,208.07814902806885,395.8895821161435,17518.063683328815,diana,0.8287674741341708,bob,0.654536603648904,0.17423087048526686,diana,diana,diana,3,1,1,0,0,11.698491098714221,9.313202677694486,8.959150389621756,29.970844166030464
Daylight_Near_20260114_210800_T8,1736906006.28,157,Daylight,Near,4,4,1280,720,22.075694912385327,1,1,chen,2,1,0.6823784366338015,455.59040221913955,267.67407459391666,566.9888215615058,466.9302555374868,22196.823601310236,chen,0.8211099050889668,alice,0.7277068288960933,0.09340307619287347,chen,chen,chen,3,1,1,0,0,11.698491098714221,9.313202677694486,8.959150389621756,29.970844166030464
Daylight_Near_20260114_210800_T8,1736906006.28,157,Daylight,Near,4,4,1280,720,22.075694912385327,1,2,alice,3,1,0.7417721619826184,773.7215121753986,169.84549415872888,856.8956845053499,312.7662180979306,11887.312922440557,alice,0.8038298954531199,chen,0.6510894993588471,0.1527403960942728,alice,alice,alice,2,1,1,0,0,11.698491098714221,9.313202677694486,8.959150389621756,29.970844166030464
Daylight_Near_20260114_210800_T8,1736906006.28,157,Daylight,Near,4,4,1280,720,22.075694912385327,1,3,bob,4,1,0.6724497042436133,1049.1763545704102,251.39203452777207,1169.8441425789424,429.79987482559426,21528.079452117672,bob,0.797028497946703,diana,0.7150390035673061,0.08198949437939695,bob,bob,bob,2,1,1,0,0,11.698491098714221,9.313202677694486,8.959150389621756,29.970844166030464
Daylight_Near_20260114_210800_T8,1736906006.32,158,Daylight,Near,4,4,1280,720,27.41760183686262,0,0,diana,1,1,0.7695299083584202,134.73484150917255,222.46270841400977,227.44136879454862,363.9067435041394,13112.785298436793,diana,0.761904402925792,chen,0.5839988346826558,0.1779055682431362,diana,diana,diana,2,1,1,0,0,13.083240991908497,11.554012734026351,6.88077729354244,31.518031019477288
Daylight_Near_20260114_210800_T8,1736906006.32,158,Daylight,Near,4,4,1280,720,27.41760183686262,0,1,chen,2,1,0.8163912726040694,408.4765412439828,279.3462238729559,504.349150336298,465.99859989141,17894.850282169078,chen,0.8445364120399308,bob,0.6959371372615696,0.1485992747783612,chen,chen,chen,2,1,1,0,0,13.083240991908497,11.554012734026351,6.88077729354244,31.518031019477288
Daylight_Near_20260114_210800_T8,1736906006.32,158,Daylight,Near,4,4,1280,720,27.41760183686262,0,2,alice,3,1,0.7508007508480621,760.5807469219613,198.33480421961085,842.0052807175547,341.78266364026365,11680.175077302465,alice,0.8845577566552807,bob,0.7889331633174825,0.09562459333779816,alice,alice,alice,2,1,1,0,0,13.083240991908497,11.554012734026351,6.88077729354244,31.518031019477288
Daylight_Near_20260114_210800_T8,1736906006.32,158,Daylight,Near,4,4,1280,720,27.41760183686262,0,3,bob,4,1,0.7197792033985133,1092.0028394721257,283.21405497277595,1182.6516726703599,477.9841128934191,17655.678492458777,bob,0.7730917179953782,diana,0.761961553728657,0.011130164266721199,unknown,unknown,unknown,0,0,0,0,0,13.083240991908497,11.554012734026351,6.88077729354244,31.518031019477288
Daylight_Near_20260114_210800_T8,1736906006.36,159,Daylight,Near,4,4,1280,720,25.114687195956957,4,0,diana,1,1,0.7831368556288388,116.17461648089105,204.97902726861298,233.85901716168618,398.2462443958008,22744.5366188582,diana,0.8675117662413832,bob,0.6890247081798374,0.17848705806154574,diana,diana,diana,2,1,1,0,0,12.476432048571409,8.142011878849406,8.2159486673951,28.834392594815917
Daylight_Near_20260114_210800_T8,1736906006.36,159,Daylight,Near,4,4,1280,720,25.114687195956957,4,1,chen,2,1,0.936600132329257,432.17535649454976,207.28054619599436,515.0902521766725,394.39929260396946,15514.931338586834,chen,0.9114942866338374,diana,0.8046783094714268,0.10681597716241054,chen,chen,chen,2,1,1,0,0,12.476432048571409,8.142011878849406,8.2159486673951,28.834392594815917
Daylight_Near_20260114_210800_T8,1736906006.36,159,Daylight,Near,4,4,1280,720,25.114687195956957,4,2,alice,3,1,0.6765008056371603,753.8182895962946,294.522389508799,842.8781657512143,485.37051967208225,16996.910836740004,alice,0.8209239700716381,bob,0.6532807497007599,0.1676432203708782,alice,alice,alice,1,1,1,0,0,12.476432048571409,8.142011878849406,8.2159486673951,28.834392594815917
Daylight_Near_20260114_210800_T8,1736906006.36,159,Daylight,Near,4,4,1280,720,25.114687195956957,4,3,bob,4,1,0.7713915808064488,1104.2160403641888,259.05883336597634,1218.2621843200754,444.9329226531676,21198.223144516352,bob,0.8564838678410022,diana,0.7648158674900902,0.09166800035091194,bob,bob,bob,3,1,1,0,0,12.476432048571409,8.142011878849406,8.2159486673951,28.834392594815917
Daylight_Near_20260114_210800_T8,1736906006.4,160,Daylight,Near,4,4,1280,720,26.619518584855278,1,0,diana,1,1,0.8666285181797854,79.53311928280753,288.59736556942084,206.77943519648875,443.1352546072326,19664.377049138806,diana,0.8565082534696195,bob,0.781324915347478,0.0751833381221414,diana,diana,diana,2,1,1,0,0,11.996533599743211,4.970552287850905,5.319496410975656,22.286582298569773
Daylight_Near_20260114_210800_T8,1736906006.4,160,Daylight,Near,4,4,1280,720,26.619518584855278,1,1,chen,2,1,0.7388342046656675,390.2004888279439,160.42681306780372,508.75249379472586,376.4204552015338,25606.479335031294,chen,0.9067008271448382,alice,0.7720215812011255,0.13467924594371272,chen,chen,chen,1,1,1,0,0,11.996533599743211,4.970552287850905,5.319496410975656,22.286582298569773
Daylight_Near_20260114_210800_T8,1736906006.4,160,Daylight,Near,4,4,1280,720,26.619518584855278,1,2,alice,3,1,0.7985438143271562,750.1007684494328,210.05115124957712,859.9494507582864,355.1105308887797,15934.58170990614,alice,0.8991098480274895,bob,0.7358821573771042,0.16322769065038534,alice,alice,alice,1,1,1,0,0,11.996533599743211,4.970552287850905,5.319496410975656,22.286582298569773
Daylight_Near_20260114_210800_T8,1736906006.4,160,Daylight,Near,4,4,1280,720,26.619518584855278,1,3,bob,4,1,0.8581007639987827,1082.4048654952417,276.45674664116564,1179.079041410314,406.81168856269323,12601.95658672079,bob,0.8961627235307492,diana,0.7987274207467167,0.09743530278403256,bob,bob,bob,2,1,1,0,0,11.996533599743211,4.970552287850905,5.319496410975656,22.286582298569773
Daylight_Near_20260114_210800_T8,1736906006.44,161,Daylight,Near,4,4,1280,720,21.82769845416515,1,0,diana,1,1,0.7511973127083598,103.12370887252949,265.32044428110345,195.02269743835103,471.48194023451384,18946.032959335127,diana,0.8166947327363363,alice,0.6452854650055073,0.17140926773082898,diana,diana,diana,1,1,1,0,0,10.611618854229949,6.128178064232383,10.117206782240828,26.85700370070316
Daylight_Near_20260114_210800_T8,1736906006.44,161,Daylight,Near,4,4,1280,720,21.82769845416515,1,1,chen,2,1,0.8515299330343986,443.86490852284425,222.0318104407748,529.9403703370757,416.18446218561115,16711.779161394443,chen,0.9447034994466916,diana,0.7996250897633767,0.14507840968331498,chen,chen,chen,3,1,1,0,0,10.611618854229949,6.128178064232383,10.117206782240828,26.85700370070316
Daylight_Near_20260114_210800_T8,1736906006.44,161,Daylight,Near,4,4,1280,720,21.82769845416515,1,2,alice,3,1,0.8531663303501485,768.7654759253846,269.7452709767303,870.3935400454393,413.0235239492236,14561.091480097963,alice,0.8081770324399538,chen,0.7028091120152118,0.10536792042474197,alice,alice,alice,3,1,1,0,0,10.611618854229949,6.128178064232383,10.117206782240828,26.85700370070316
Daylight_Near_20260114_210800_T8,1736906006.44,161,Daylight,Near,4,4,1280,720,21.82769845416515,1,3,bob,4,1,0.6979463958731598,1071.4131704664153,278.51104660625197,1185.8323302662013,476.437352647386,22646.561639501866,bob,0.8119107871134883,alice,0.6794495546034338,0.13246123251005448,bob,bob,bob,2,1,1,0,0,10.611618854229949,6.128178064232383,10.117206782240828,26.85700370070316
Daylight_Near_20260114_210800_T8,1736906006.48,162,Daylight,Near,4,4,1280,720,22.673324519872388,1,0,diana,1,1,0.7488518763092327,107.70319205914556,248.13119268844542,204.23554853166257,388.02828230928156,13504.595724746214,diana,0.7614495291356869,bob,0.6303749932383944,0.13107453589729245,diana,diana,diana,1,1,1,0,0,7.455711746049056,4.899499423787741,6.566563308663229,18.921774478500026
Daylight_Near_20260114_210800_T8,1736906006.48,162,Daylight,Near,4,4,1280,720,22.673324519872388,1,1,chen,2,1,0.8581339473458254,418.37761638741983,211.96452981335764,514.3459123160485,410.7176936063273,19074.002439634918,chen,0.8172464099144847,diana,0.7295672880470424,0.08767912186744231,chen,chen,chen,2,1,1,0,0,7.455711746049056,4.899499423787741,6.566563308663229,18.921774478500026
Daylight_Near_20260114_210800_T8,1736906006.48,162,Daylight,Near,4,4,1280,720,22.673324519872388,1,2,alice,3,1,0.9108092953004258,755.5753417049053,224.00660005245533,878.1779357243541,398.341611615541,21373.92464604491,alice,0.8369738021038913,bob,0.6646146825000792,0.17235911960381212,alice,alice,alice,1,1,1,0,0,7.455711746049056,4.899499423787741,6.566563308663229,18.921774478500026
Daylight_Near_20260114_210800_T8,1736906006.48,162,Daylight,Near,4,4,1280,720,22.673324519872388,1,3,bob,4,1,0.728424696870014,1059.7142363730018,251.46523985679897,1169.3477083399507,423.27625377774274,18836.237978314864,bob,0.8314947930730383,alice,0.7607156864499502,0.07077910662308806,bob,bob,bob,2,1,1,0,0,7.455711746049056,4.899499423787741,6.566563308663229,18.921774478500026
Daylight_Near_20260114_210800_T8,1736906006.52,163,Daylight,Near,4,4,1280,720,24.992738836853462,1,0,diana,1,1,0.8775567738552419,97.46389464380886,195.90010092907926,208.75664427772725,366.53827551301106,18990.791641958378,diana,0.8832976257630368,alice,0.7149661335659969,0.1683314921970399,diana,diana,diana,2,1,1,0,0,9.955169160738942,7.344834658211221,3.7866121777702553,21.08661599672042
Daylight_Near_20260114_210800_T8,1736906006.52,163,Daylight,Near,4,4,1280,720,24.992738836853462,1,1,chen,2,1,0.8289155195231411,399.8586482794062,155.14432598962884,521.0603113983123,308.32416969658215,18565.65181357683,bob,0.7915804535702545,chen,0.7447957917552005,0.04678466181505403,bob,bob,bob,1,0,0,1,0,9.955169160738942,7.344834658211221,3.7866121777702553,21.08661599672042
Daylight_Near_20260114_210800_T8,1736906006.52,163,Daylight,Near,4,4,1280,720,24.992738836853462,1,2,alice,3,1,0.700037803945075,762.9014511733631,256.97897631053365,868.4897066815968,405.4037372838386,15671.91158539784,alice,0.8511015804147937,bob,0.6865036193474465,0.16459796106734714,alice,alice,alice,2,1,1,0,0,9.955169160738942,7.344834658211221,3.7866121777702553,21.08661599672042
Daylight_Near_20260114_210800_T8,1736906006.52,163,Daylight,Near,4,4,1280,720,24.992738836853462,1,3,bob,4,1,0.7284726334953336,1062.4165157691405,289.0623357626133,1182.2742052116728,434.8208057064834,17470.27342415106,bob,0.7930811694683709,alice,0.6291935394109014,0.16388763005746954,bob,bob,bob,2,1,1,0,0,9.955169160738942,7.344834658211221,3.7866121777702553,21.08661599672042
Daylight_Near_20260114_210800_T8,1736906006.56,164,Daylight,Near,4,4,1280,720,22.471161747909072,1,0,diana,1,1,0.6624799858128676,87.56317810498265,220.23012352982522,205.815284143465,406.7044369571236,22050.98028485808,diana,0.824064956930428,bob,0.6997531906674656,0.12431176626296248,diana,diana,diana,2,1,1,0,0,14.885568319852757,14.233998420234894,8.95260549941943,38.07217223950708
Daylight_Near_20260114_210800_T8,1736906006.56,164,Daylight,Near,4,4,1280,720,22.471161747909072,1,1,chen,2,1,0.78283465866204,433.71128687882344,257.7162741492483,531.9770506062986,473.3291401614315,21187.362948156948,chen,0.9057436361886315,alice,0.7974515012032056,0.10829213498542589,chen,chen,chen,2,1,1,0,0,14.885568319852757,14.233998420234894,8.95260549941943,38.07217223950708
Daylight_Near_20260114_210800_T8,1736906006.56,164,Daylight,Near,4,4,1280,720,22.471161747909072,1,2,alice,3,1,0.866165309753929,752.0536868178287,305.91077547984463,851.2364378785658,442.8319157252627,13580.215367913563,alice,0.803215057475246,bob,0.683941254648996,0.11927380282625,alice,alice,alice,2,1,1,0,0,14.885568319852757,14.233998420234894,8.95260549941943,38.07217223950708
Daylight_Near_20260114_210800_T8,1736906006.56,164,Daylight,Near,4,4,1280,720,22.471161747909072,1,3,bob,4,1,0.7333085933418992,1055.2938843966765,298.3875147562765,1160.5466140512165,476.70431009691055,18768.329452851685,bob,0.8596398924082276,chen,0.7446065935066015,0.11503329890162606,bob,bob,bob,3,1,1,0,0,14.885568319852757,14.233998420234894,8.95260549941943,38.07217223950708
Daylight_Near_20260114_210800_T8,1736906006.6,165,Daylight,Near,4,4,1280,720,27.041172770531766,3,0,diana,-1,0,-1.0,-1.0,-1.0,-1.0,-1.0,0.0,unknown,-1.0,unknown,-1.0,-1.0,unknown,unknown,unknown,0,0,0,0,1,11.05970719859885,9.694456575799753,5.284243687515636,26.03840746191424
Daylight_Near_20260114_210800_T8,1736906006.6,165,Daylight,Near,4,4,1280,720,27.041172770531766,3,1,chen,2,1,0.7530048847838151,441.6447523919984,202.53312170627862,522.8827042336331,360.5265242699687,12835.06042876507,chen,0.8423482654229547,bob,0.7590311080712985,0.08331715735165623,chen,chen,chen,2,1,1,0,0,11.05970719859885,9.694456575799753,5.284243687515636,26.03840746191424
Daylight_Near_20260114_210800_T8,1736906006.6,165,Daylight,Near,4,4,1280,720,27.041172770531766,3,2,alice,3,1,0.785935692384431,777.7203594540576,275.6520419865722,879.0339704542635,424.8583275313702,15116.627572471296,alice,0.8428439942432826,chen,0.6954115023260092,0.14743249191727337,alice,alice,alice,1,1,1,0,0,11.05970719859885,9.694456575799753,5.284243687515636,26.03840746191424
Daylight_Near_20260114_210800_T8,1736906006.6,165,Daylight,Near,4,4,1280,720,27.041172770531766,3,3,bob,4,1,0.8580038861329421,1092.6865511730816,222.51679894775612,1178.651391185917,384.79049363150045,13949.832201779771,bob,0.8366557726774388,alice,0.6589234014685469,0.17773237120889196,bob,bob,bob,2,1,1,0,0,11.05970719859885,9.694456575799753,5.284243687515636,26.03840746191424
Daylight_Near_20260114_210800_T8,1736906006.64,166,Daylight,Near,4,4,1280,720,23.743212463379813,2,0,diana,1,1,0.7877945839649233,119.32681367978384,249.65335005939275,200.12313047201386,438.8130797718509,15283.409446180372,diana,0.7565720198935078,alice,0.7298228882989891,0.026749131594518638,unknown,unknown,unknown,0,0,0,0,0,9.494906456458168,5.9812397435826385,3.9137025428663277,19.389848742907134
Daylight_Near_20260114_210800_T8,1736906006.64,166,Daylight,Near,4,4,1280,720,23.743212463379813,2,1,chen,2,1,0.7997326063302151,452.8339599345794,211.9526560971658,542.9709359075322,397.78821028885807,16750.65488309693,bob,0.704392279962313,chen,0.6329965109464321,0.07139576901588096,unknown,unknown,unknown,0,0,0,0,0,9.494906456458168,5.9812397435826385,3.9137025428663277,19.389848742907134
Daylight_Near_20260114_210800_T8,1736906006.64,166,Daylight,Near,4,4,1280,720,23.743212463379813,2,2,alice,3,1,0.7088882219347795,748.3690905794898,239.03542564078288,855.090384334631,412.86228715307135,18551.027549987193,alice,0.8788067337898967,chen,0.7681751146763878,0.11063161911350894,alice,alice,alice,2,1,1,0,0,9.494906456458168,5.9812397435826385,3.9137025428663277,19.389848742907134
Daylight_Near_20260114_210800_T8,1736906006.64,166,Daylight,Near,4,4,1280,720,23.743212463379813,2,3,bob,4,1,0.7889015501162617,1063.6243559454722,273.9626125217419,1172.296786343272,417.50786085425375,15599.411008349793,alice,0.7184774409645767,diana,0.6490087017733217,0.06946873919125496,unknown,unknown,unknown,0,0,0,0,0,9.494906456458168,5.9812397435826385,3.9137025428663277,19.389848742907134
Daylight_Near_20260114_210800_T8,1736906006.68,167,Daylight,Near,4,4,1280,720,25.813465616734497,4,0,diana,1,1,0.7927828526275742,127.86634663436175,260.30814975044484,220.20400303030507,471.54982271044446,19505.561014284678,alice,0.7601663735122193,diana,0.7363545767286004,0.023811796783618888,alice,alice,alice,1,0,0,1,0,17.679281207579663,7.559184332884483,12.274642584986731,37.51310812545088
Daylight_Near_20260114_210800_T8,1736906006.68,167,Daylight,Near,4,4,1280,720,25.813465616734497,4,1,chen,2,1,0.6555130742567887,449.98780231065354,183.678180690119,571.7484624286432,340.2895312666701,19069.101428170758,chen,0.9059450395122952,diana,0.7871391280743828,0.11880591143791241,chen,chen,chen,3,1,1,0,0,17.679281207579663,7.559184332884483,12.274642584986731,37.51310812545088
Daylight_Near_20260114_210800_T8,1736906006.68,167,Daylight,Near,4,4,1280,720,25.813465616734497,4,2,alice,3,1,0.8965654078297595,732.3845344580938,257.4479724203428,842.7943112739353,392.8287724972248,14947.363921638598,alice,0.8047820810069809,bob,0.6370211691530536,0.16776091185392727,alice,alice,alice,1,1,1,0,0,17.679281207579663,7.559184332884483,12.274642584986731,37.51310812545088
Daylight_Near_20260114_210800_T8,1736906006.68,167,Daylight,Near,4,4,1280,720,25.813465616734497,4,3,bob,4,1,0.7566224117738475,1076.0777546442455,218.17941955638344,1165.6181418392966,405.1570081584796,16742.04568022867,bob,0.8472271278744641,diana,0.6681474768655224,0.17907965100894163,bob,bob,bob,2,1,1,0,0,17.679281207579663,7.559184332884483,12.274642584986731,37.51310812545088
Daylight_Near_20260114_210800_T8,1736906006.72,168,Daylight,Near,4,4,1280,720,23.789202220356263,2,0,diana,1,1,0.8334968122593089,106.95643844471091,310.88872749753455,222.35846473655113,495.1800410736446,21267.59101466802,diana,0.8823956532204563,chen,0.7858257591524489,0.09656989406800742,diana,diana,diana,2,1,1,0,0,11.763861938914681,7.417640125174925,2.769314896062692,21.9508169601523
Daylight_Near_20260114_210800_T8,1736906006.72,168,Daylight,Near,4,4,1280,720,23.789202220356263,2,1,chen,2,1,0.7813807814393873,428.62848165476566,255.29248312271713,524.7424033313869,400.7688117305621,13982.300453616821,chen,0.8144335254903726,alice,0.7255910451052985,0.08884248038507414,chen,chen,chen,2,1,1,0,0,11.763861938914681,7.417640125174925,2.769314896062692,21.9508169601523
Daylight_Near_20260114_210800_T8,1736906006.72,168,Daylight,Near,4,4,1280,720,23.789202220356263,2,2,alice,3,1,0.7936919863188165,702.0289955579187,252.13531170720486,819.3187675288939,432.541750355002,21159.830051095847,alice,0.9049518022977878,chen,0.7906809955808396,0.11427080671694823,alice,alice,alice,1,1,1,0,0,11.763861938914681,7.417640125174925,2.769314896062692,21.9508169601523
Daylight_Near_20260114_210800_T8,1736906006.72,168,Daylight,Near,4,4,1280,720,23.789202220356263,2,3,bob,4,1,0.7382792400159153,1076.184433003736,217.777425580082,1159.2656286639822,397.3124102912252,14915.981192645775,bob,0.8216365267905961,alice,0.7606934757117251,0.06094305107887099,bob,bob,bob,2,1,1,0,0,11.763861938914681,7.417640125174925,2.769314896062692,21.9508169601523
Daylight_Near_20260114_210800_T8,1736906006.76,169,Daylight,Near,4,4,1280,720,24.71582898851356,1,0,diana,1,1,0.8158854775860942,105.99129183443512,332.76697602051706,192.73319650182475,480.19396146936003,12788.097517204176,diana,0.8737983309673675,chen,0.7301837042636639,0.14361462670370362,diana,diana,diana,2,1,1,0,0,13.466850806066047,12.70568802361375,7.694284539569221,33.86682336924902
Daylight_Near_20260114_210800_T8,1736906006.76,169,Daylight,Near,4,4,1280,720,24.71582898851356,1,1,chen,2,1,0.7153345662824,435.6057507169767,257.6436570302015,531.0730350846104,398.42087034135915,13439.618255659321,chen,0.8824029551453648,alice,0.7636628440954363,0.11874011104992854,chen,chen,chen,1,1,1,0,0,13.466850806066047,12.70568802361375,7.694284539569221,33.86682336924902
Daylight_Near_20260114_210800_T8,1736906006.76,169,Daylight,Near,4,4,1280,720,24.71582898851356,1,2,alice,3,1,0.6969652035711389,745.4613485244256,212.83458248408948,858.4338448343783,401.92095049932476,21361.559012863527,alice,0.9506267681666765,diana,0.8111772922596553,0.13944947590702117,alice,alice,alice,2,1,1,0,0,13.466850806066047,12.70568802361375,7.694284539569221,33.86682336924902
Daylight_Near_20260114_210800_T8,1736906006.76,169,Daylight,Near,4,4,1280,720,24.71582898851356,1,3,bob,-1,0,-1.0,-1.0,-1.0,-1.0,-1.0,0.0,unknown,-1.0,unknown,-1.0,-1.0,unknown,unknown,unknown,0,0,0,0,1,13.466850806066047,12.70568802361375,7.694284539569221,33.86682336924902
Daylight_Near_20260114_210800_T8,1736906006.8,170,Daylight,Near,4,4,1280,720,24.871333109326695,2,0,diana,1,1,0.807757124013361,114.59738766292499,250.9926768950657,221.3623235754319,431.86778294868265,19311.119105982303,diana,0.7935361162324119,chen,0.6853827844158018,0.10815333181661013,diana,diana,diana,1,1,1,0,0,17.65775294475139,15.780200022932181,6.553825757295968,39.99177872497954
Daylight_Near_20260114_210800_T8,1736906006.8,170,Daylight,Near,4,4,1280,720,24.871333109326695,2,1,chen,2,1,0.8212699081776007,435.0729070903981,190.87290572166853,531.8201234115004,352.93709588914464,15679.259264037075,chen,0.7453041234164361,bob,0.6206449740024671,0.12465914941396905,chen,chen,chen,2,1,1,0,0,17.65775294475139,15.780200022932181,6.553825757295968,39.99177872497954
Daylight_Near_20260114_210800_T8,1736906006.8,170,Daylight,Near,4,4,1280,720,24.871333109326695,2,2,alice,3,1,0.8113454105500121,739.8418940448176,280.18125974742145,851.2508200230633,495.7011228365608,24010.836473739557,alice,0.8674448628390501,bob,0.714029365980513,0.15341549685853706,alice,alice,alice,3,1,1,0,0,17.65775294475139,15.780200022932181,6.553825757295968,39.99177872497954
Daylight_Near_20260114_210800_T8,1736906006.8,170,Daylight,Near,4,4,1280,720,24.871333109326695,2,3,bob,4,1,0.8044168183214186,1099.3281315329023,250.17314976637826,1198.9175639606387,462.7620529672498,21171.60821020981,bob,0.8568415872413386,alice,0.7240148937023124,0.1328266935390262,bob,bob,bob,3,1,1,0,0,17.65775294475139,15.780200022932181,6.553825757295968,39.99177872497954
Daylight_Near_20260114_210800_T8,1736906006.84,171,Daylight,Near,4,4,1280,720,23.483805305764044,2,0,diana,1,1,0.7029334763664767,110.20020368464664,185.79314908046277,224.4192592522989,372.65019518910947,21342.63533269088,diana,0.80177962737347,alice,0.6741046685025454,0.12767495887092462,diana,diana,diana,1,1,1,0,0,12.279313024319254,9.569032332400367,9.91192650909762,31.76027186581724
Daylight_Near_20260114_210800_T8,1736906006.84,171,Daylight,Near,4,4,1280,720,23.483805305764044,2,1,chen,2,1,0.6867783263517331,411.99271849638353,237.07755863335237,507.82929869686166,434.22298078673384,18893.74306135966,chen,0.8188610402322107,diana,0.7420072585490367,0.07685378168317403,chen,chen,chen,2,1,1,0,0,12.279313024319254,9.569032332400367,9.91192650909762,31.76027186581724
Daylight_Near_20260114_210800_T8,1736906006.84,171,Daylight,Near,4,4,1280,720,23.483805305764044,2,2,alice,3,1,0.875680011482924,751.3461786651224,200.0259092536587,863.7613645459148,340.06964934773646,15743.04307411714,alice,0.8893820969779598,chen,0.7814194992407433,0.1079625977372165,alice,alice,alice,3,1,1,0,0,12.279313024319254,9.569032332400367,9.91192650909762,31.76027186581724
Daylight_Near_20260114_210800_T8,1736906006.84,171,Daylight,Near,4,4,1280,720,23.483805305764044,2,3,bob,4,1,0.7211683798867479,1082.079106697016,204.83099136467348,1200.9488406347682,368.7560461358185,19485.727646377472,bob,0.8397357351785457,diana,0.7119274354669182,0.12780829971162755,bob,bob,bob,2,1,1,0,0,12.279313024319254,9.569032332400367,9.91192650909762,31.76027186581724
Daylight_Near_20260114_210800_T8,1736906006.88,172,Daylight,Near,4,4,1280,720,27.049186480563755,0,0,diana,1,1,0.9426326306043469,106.49624915615317,195.86459126092774,213.41226734305008,402.51773319994624,22094.53108193149,diana,0.84670094330842,alice,0.7772987597746044,0.06940218353381566,diana,diana,diana,2,1,1,0,0,10.699125945605239,6.17979215177643,5.381060582927765,22.259978680309434
Daylight_Near_20260114_210800_T8,1736906006.88,172,Daylight,Near,4,4,1280,720,27.049186480563755,0,1,chen,2,1,0.8147770093399518,421.7422658778155,213.8823628116031,527.3898827293249,388.6426653730621,18463.009485866874,chen,0.8575074834856642,diana,0.762024048994292,0.0954834344913722,chen,chen,chen,1,1,1,0,0,10.699125945605239,6.17979215177643,5.381060582927765,22.259978680309434
Daylight_Near_20260114_210800_T8,1736906006.88,172,Daylight,Near,4,4,1280,720,27.049186480563755,0,2,alice,3,1,0.99,773.0390276946082,218.28340118213305,880.5552378177811,392.8286056866575,18766.438883500632,chen,0.5813043228044288,bob,0.5590444207155848,0.022259902088843986,unknown,unknown,unknown,0,0,0,0,0,10.699125945605239,6.17979215177643,5.381060582927765,22.259978680309434
Daylight_Near_20260114_210800_T8,1736906006.88,172,Daylight,Near,4,4,1280,720,27.049186480563755,0,3,bob,4,1,0.8447139521221109,1064.708945438719,221.49315256137106,1145.0000208417212,397.520224922136,14133.4029398879,bob,0.8421790244533883,alice,0.7381234259856673,0.10405559846772106,bob,bob,bob,2,1,1,0,0,10.699125945605239,6.17979215177643,5.381060582927765,22.259978680309434
Daylight_Near_20260114_210800_T8,1736906006.92,173,Daylight,Near,4,4,1280,720,24.63062200101497,0,0,diana,1,1,0.8245116210477925,101.85139282933864,282.7020716663751,220.13762399107185,434.58434851620154,17965.58210882893,diana,0.9138020449488533,alice,0.7594673322394464,0.1543347127094069,diana,diana,diana,2,1,1,0,0,12.224100727172052,8.921837889020217,8.385143478635506,29.531082094827777
Daylight_Near_20260114_210800_T8,1736906006.92,173,Daylight,Near,4,4,1280,720,24.63062200101497,0,1,chen,2,1,0.6987033068323306,437.982595364133,203.7510049562782,522.393670168356,360.5675610688421,13237.054048558277,chen,0.8516445126514954,diana,0.7347196260017043,0.11692488664979117,chen,chen,chen,1,1,1,0,0,12.224100727172052,8.921837889020217,8.385143478635506,29.531082094827777
Daylight_Near_20260114_210800_T8,1736906006.92,173,Daylight,Near,4,4,1280,720,24.63062200101497,0,2,alice,3,1,0.8578001307293898,779.227973262255,289.11099019387194,895.5176618450349,470.3809081589936,21079.82230959006,alice,0.7524580343841132,bob,0.6733619977761282,0.07909603660798503,unknown,unknown,unknown,0,0,0,0,0,12.224100727172052,8.921837889020217,8.385143478635506,29.531082094827777
Daylight_Near_20260114_210800_T8,1736906006.92,173,Daylight,Near,4,4,1280,720,24.63062200101497,0,3,bob,4,1,0.8107102509983205,1062.2375159791752,278.0300056095718,1167.4348145954116,488.8859435221245,22181.4750655934,bob,0.8046443090883411,alice,0.648687452474172,0.15595685661416903,bob,bob,bob,3,1,1,0,0,12.224100727172052,8.921837889020217,8.385143478635506,29.531082094827777
Daylight_Near_20260114_210800_T8,1736906006.96,174,Daylight,Near,4,4,1280,720,19.532209393300658,0,0,diana,1,1,0.902500964006797,118.8588381662338,248.15420875402853,241.44526111087055,454.7683264774098,25328.085621571383,diana,0.8070390791839411,bob,0.6290276225007098,0.17801145668323137,diana,diana,diana,1,1,1,0,0,11.402885522872435,7.367868961804531,7.056039062122041,25.826793546799006
Daylight_Near_20260114_210800_T8,1736906006.96,174,Daylight,Near,4,4,1280,720,19.532209393300658,0,1,chen,2,1,0.7584213853235622,398.3497487138751,219.00913198401372,516.3864715016375,380.86779260726564,19105.265854785303,chen,0.8180382913017086,alice,0.686082551870145,0.13195573943156358,chen,chen,chen,2,1,1,0,0,11.402885522872435,7.367868961804531,7.056039062122041,25.826793546799006
Daylight_Near_20260114_210800_T8,1736906006.96,174,Daylight,Near,4,4,1280,720,19.532209393300658,0,2,alice,3,1,0.8145551500786903,728.7332030203701,156.63616985709086,831.6895805302485,369.84593696905563,21951.3052715727,alice,0.876394445232052,chen,0.7624764412062581,0.11391800402579388,alice,alice,alice,1,1,1,0,0,11.402885522872435,7.367868961804531,7.056039062122041,25.826793546799006
Daylight_Near_20260114_210800_T8,1736906006.96,174,Daylight,Near,4,4,1280,720,19.532209393300658,0,3,bob,4,1,0.7484854328255914,1046.5777719317955,219.4286413293205,1156.858700778965,415.0843172393837,21577.089673582526,bob,0.9078157928724065,alice,0.761651295568036,0.14616449730437053,bob,bob,bob,3,1,1,0,0,11.402885522872435,7.367868961804531,7.056039062122041,25.826793546799006
Daylight_Near_20260114_210800_T8,1736906007.0,175,Daylight,Near,4,4,1280,720,27.06454486757836,1,0,diana,1,1,0.8809125178720703,101.11554611534063,301.57759332203005,189.45207236950313,437.2967735428413,11988.960926769105,diana,0.8195305771806636,chen,0.663536011263952,0.15599456591671157,diana,diana,diana,3,1,1,0,0,11.727442296355225,7.196749339466625,9.97999243439057,28.90418407021242
Daylight_Near_20260114_210800_T8,1736906007.0,175,Daylight,Near,4,4,1280,720,27.06454486757836,1,1,chen,2,1,0.902791013973469,433.6771276364519,159.4290712602757,550.5902548282222,359.87759338117564,23435.063562123156,chen,0.8612118788851594,bob,0.6936560723866345,0.16755580649852486,chen,chen,chen,2,1,1,0,0,11.727442296355225,7.196749339466625,9.97999243439057,28.90418407021242
Daylight_Near_20260114_210800_T8,1736906007.0,175,Daylight,Near,4,4,1280,720,27.06454486757836,1,2,alice,3,1,0.833150862627254,756.9757631748203,247.1882822412037,865.3849854543021,442.23123194378496,21144.454488352923,alice,0.801900740659322,diana,0.6739637976400774,0.12793694301924463,alice,alice,alice,2,1,1,0,0,11.727442296355225,7.196749339466625,9.97999243439057,28.90418407021242
Daylight_Near_20260114_210800_T8,1736906007.0,175,Daylight,Near,4,4,1280,720,27.06454486757836,1,3,bob,4,1,0.7147342230711977,1048.6664047653371,274.6256825430079,1165.5939386964992,437.8785192944689,19088.751608614923,bob,0.8891772179618879,diana,0.7833520489502891,0.10582516901159877,bob,bob,bob,2,1,1,0,0,11.727442296355225,7.196749339466625,9.97999243439057,28.90418407021242
Daylight_Near_20260114_210800_T8,1736906007.04,176,Daylight,Near,4,4,1280,720,23.478757450790837,0,0,diana,1,1,0.6977172604808123,97.62470439924428,197.4321848824398,204.3325092170406,370.54398912934647,18472.380619235482,diana,0.8238838234964851,alice,0.7063089701503317,0.11757485334615347,diana,diana,diana,2,1,1,0,0,14.218311549413695,14.27339680269585,7.377442394203026,35.86915074631257
Daylight_Near_20260114_210800_T8,1736906007.04,176,Daylight,Near,4,4,1280,720,23.478757450790837,0,1,chen,2,1,0.7150047140552674,406.7003425607526,179.96045114916092,508.5458799748043,342.5254995935496,16556.524723560116,chen,0.7785639692318216,diana,0.7036320846109875,0.07493188462083411,chen,chen,chen,2,1,1,0,0,14.218311549413695,14.27339680269585,7.377442394203026,35.86915074631257
Daylight_Near_20260114_210800_T8,1736906007.04,176,Daylight,Near,4,4,1280,720,23.478757450790837,0,2,alice,3,1,0.7557898785939031,732.9242527873063,214.7582753221869,855.603158189574,382.73439401418943,20607.126374856263,alice,0.9107432585639973,bob,0.7830569189353652,0.12768633962863207,alice,alice,alice,2,1,1,0,0,14.218311549413695,14.27339680269585,7.377442394203026,35.86915074631257
Daylight_Near_20260114_210800_T8,1736906007.04,176,Daylight,Near,4,4,1280,720,23.478757450790837,0,3,bob,4,1,0.837807862234381,1075.3636389075064,243.53341491678287,1190.5437934302881,378.4799120727509,15543.158394732527,bob,0.9138324564865228,chen,0.8088938984188881,0.10493855806763464,bob,bob,bob,1,1,1,0,0,14.218311549413695,14.27339680269585,7.377442394203026,35.86915074631257
Daylight_Near_20260114_210800_T8,1736906007.08,177,Daylight,Near,4,4,1280,720,23.9678819296648,2,0,diana,1,1,0.6493894410634937,124.28328247038245,230.370712284114,227.4207102344347,429.8551583081535,20574.31264185635,diana,0.8744952729767446,bob,0.7912894697222524,0.08320580325449212,diana,diana,diana,2,1,1,0,0,9.857488592004094,10.91701840531763,6.550788960773698,27.32529595809542
Daylight_Near_20260114_210800_T8,1736906007.08,177,Daylight,Near,4,4,1280,720,23.9678819296648,2,1,chen,2,1,0.6395380920770765,445.9462624949773,182.55892378543933,542.0449210194333,398.3289284706026,20735.20800005978,chen,0.8601595629560628,bob,0.7186583648750254,0.14150119808103734,chen,chen,chen,2,1,1,0,0,9.857488592004094,10.91701840531763,6.550788960773698,27.32529595809542
Daylight_Near_20260114_210800_T8,1736906007.08,177,Daylight,Near,4,4,1280,720,23.9678819296648,2,2,alice,3,1,0.7895945945266359,714.2976224352877,231.4573420812075,835.5910777964397,370.83270048044363,16905.3188124423,alice,0.8070138094135686,chen,0.6757685257453947,0.1312452836681739,alice,alice,alice,1,1,1,0,0,9.857488592004094,10.91701840531763,6.550788960773698,27.32529595809542
Daylight_Near_20260114_210800_T8,1736906007.08,177,Daylight,Near,4,4,1280,720,23.9678819296648,2,3,bob,4,1,0.6688460372963063,1055.7724962191614,189.02449474642017,1159.0286526075374,341.60827185196,15755.214351138724,bob,0.8699923314928373,alice,0.7385958135045942,0.13139651798824303,bob,bob,bob,1,1,1,0,0,9.857488592004094,10.91701840531763,6.550788960773698,27.32529595809542
Daylight_Near_20260114_210800_T8,1736906007.12,178,Daylight,Near,4,4,1280,720,22.766238463290325,0,0,diana,1,1,0.861934015149177,115.69773354644512,190.12758723408086,215.92473313664402,378.5746302948393,18887.481707624833,diana,0.8788581329663536,chen,0.7055516564871204,0.17330647647923325,diana,diana,diana,3,1,1,0,0,14.266787102976181,9.315668495796665,3.751967319266303,27.33442291803915
Daylight_Near_20260114_210800_T8,1736906007.12,178,Daylight,Near,4,4,1280,720,22.766238463290325,0,1,chen,2,1,0.8509089966122847,398.38180344449546,178.13171091530637,513.7831651930542,379.4710854019311,23234.837989359512,chen,0.8095787069332739,bob,0.7261674119855561,0.08341129494771782,chen,chen,chen,2,1,1,0,0,14.266787102976181,9.315668495796665,3.751967319266303,27.33442291803915
Daylight_Near_20260114_210800_T8,1736906007.12,178,Daylight,Near,4,4,1280,720,22.766238463290325,0,2,alice,3,1,0.8518119491644943,748.4259308832569,246.7154335824581,860.1977105927386,385.81991333074814,15547.955267027937,alice,0.8334669949074447,bob,0.700325768633306,0.1331412262741387,alice,alice,alice,1,1,1,0,0,14.266787102976181,9.315668495796665,3.751967319266303,27.33442291803915
Daylight_Near_20260114_210800_T8,1736906007.12,178,Daylight,Near,4,4,1280,720,22.766238463290325,0,3,bob,4,1,0.7934525771775535,1099.0957262150694,203.23952977159746,1179.4278762595798,362.1686278166224,12767.116150591648,alice,0.7255958689672461,bob,0.6547751192676525,0.07082074969959362,alice,alice,alice,1,0,0,1,0,14.266787102976181,9.315668495796665,3.751967319266303,27.33442291803915
Daylight_Near_20260114_210800_T8,1736906007.16,179,Daylight,Near,4,4,1280,720,27.2810796726998,2,0,diana,1,1,0.8326728211505946,89.43360686185898,205.07298528290437,206.16120230417985,385.23152053038893,21029.472617849486,diana,0.8696563384983631,alice,0.773547148174995,0.09610919032336807,diana,diana,diana,2,1,1,0,0,9.589762496661832,9.838943163509594,5.689619358833204,25.11832501900463
Daylight_Near_20260114_210800_T8,1736906007.16,179,Daylight,Near,4,4,1280,720,27.2810796726998,2,1,chen,2,1,0.9203232175192462,438.4019376439394,187.9307134981825,545.0018589990348,395.1377149474217,22088.250058714035,bob,0.8336428535941725,chen,0.7717676372360273,0.06187521635814519,unknown,unknown,unknown,0,0,0,0,0,9.589762496661832,9.838943163509594,5.689619358833204,25.11832501900463
Daylight_Near_20260114_210800_T8,1736906007.16,179,Daylight,Near,4,4,1280,720,27.2810796726998,2,2,alice,3,1,0.7522256911744092,728.3045006147211,300.5485929032354,848.8698974036236,440.4418922284545,16866.291141253747,alice,0.9885196390529336,bob,0.8543252274121265,0.13419441164080714,alice,alice,alice,2,1,1,0,0,9.589762496661832,9.838943163509594,5.689619358833204,25.11832501900463
Daylight_Near_20260114_210800_T8,1736906007.16,179,Daylight,Near,4,4,1280,720,27.2810796726998,2,3,bob,4,1,0.8358379486663612,1042.5952950171493,298.6190657719229,1166.7204829763825,445.8976037156816,18280.97620463011,chen,0.7627405550148364,diana,0.7178182696740899,0.04492228534074649,unknown,unknown,unknown,0,0,0,0,0,9.589762496661832,9.838943163509594,5.689619358833204,25.11832501900463
Daylight_Near_20260114_210800_T8,1736906007.2,180,Daylight,Near,4,4,1280,720,24.80250932196207,1,0,diana,1,1,0.8012826203045708,126.05044284432724,327.2470561934148,230.40693030253215,504.9944067521003,18549.08915930662,diana,0.8519646441690422,bob,0.7205284105467205,0.1314362336223217,diana,diana,diana,2,1,1,0,0,9.796405343398407,9.062009653095105,6.814951934328491,25.673366930822002
Daylight_Near_20260114_210800_T8,1736906007.2,180,Daylight,Near,4,4,1280,720,24.80250932196207,1,1,chen,2,1,0.7727708599315328,426.9830586434233,241.61194604489543,548.8390015233043,422.71437944656424,22068.40778000121,chen,0.8177413475728192,alice,0.7271115249826955,0.09062982259012375,chen,chen,chen,2,1,1,0,0,9.796405343398407,9.062009653095105,6.814951934328491,25.673366930822002
Daylight_Near_20260114_210800_T8,1736906007.2,180,Daylight,Near,4,4,1280,720,24.80250932196207,1,2,alice,3,1,0.8587828525112963,756.5392868487186,215.3366095743201,843.007968220955,412.7758649433154,17072.312062873283,alice,0.8992479566911102,diana,0.800359104853688,0.09888885183742224,alice,alice,alice,2,1,1,0,0,9.796405343398407,9.062009653095105,6.814951934328491,25.673366930822002
Daylight_Near_20260114_210800_T8,1736906007.2,180,Daylight,Near,4,4,1280,720,24.80250932196207,1,3,bob,4,1,0.7631526554873835,1070.7779310977016,219.55363002955482,1196.972792484547,368.48684319198435,18794.606190930284,bob,0.9172087259416871,diana,0.822858474441197,0.09435025150049015,bob,bob,bob,2,1,1,0,0,9.796405343398407,9.062009653095105,6.814951934328491,25.673366930822002
Daylight_Near_20260114_210800_T8,1736906007.24,181,Daylight,Near,4,4,1280,720,22.813268103587536,0,0,diana,1,1,0.657974939167851,111.03896300608955,148.74231607138142,204.37605215501281,338.69884895761527,17729.989844422784,diana,0.9087830904936552,bob,0.8344403639318839,0.07434272656177132,diana,diana,diana,2,1,1,0,0,15.659514670043057,14.457408739128567,8.749520092179381,38.86644350135101
Daylight_Near_20260114_210800_T8,1736906007.24,181,Daylight,Near,4,4,1280,720,22.813268103587536,0,1,chen,2,1,0.8040558739202233,399.92902013905393,252.69810215246957,525.3093395861719,446.3632352818205,24281.79625752664,chen,0.8832760064641405,diana,0.7939138211137529,0.08936218535038765,chen,chen,chen,2,1,1,0,0,15.659514670043057,14.457408739128567,8.749520092179381,38.86644350135101
Daylight_Near_20260114_210800_T8,1736906007.24,181,Daylight,Near,4,4,1280,720,22.813268103587536,0,2,alice,3,1,0.7463659312304218,730.9683167046812,258.8209843013698,856.8787852171586,448.221896893089,23847.557641114137,alice,0.908824569538527,bob,0.8149765386109306,0.09384803092759642,alice,alice,alice,2,1,1,0,0,15.659514670043057,14.457408739128567,8.749520092179381,38.86644350135101
Daylight_Near_20260114_210800_T8,1736906007.24,181,Daylight,Near,4,4,1280,720,22.813268103587536,0,3,bob,4,1,0.8475719068092137,1069.6957809217415,151.35562415349779,1153.7844114112363,364.5754922337954,17929.36670002297,alice,0.7900484367908307,bob,0.7570663580444201,0.03298207874641057,unknown,unknown,unknown,0,0,0,0,0,15.659514670043057,14.457408739128567,8.749520092179381,38.86644350135101
Daylight_Near_20260114_210800_T8,1736906007.28,182,Daylight,Near,4,4,1280,720,27.773259016539953,1,0,diana,1,1,0.78730444023913,106.44154702135513,251.066084793529,222.03219132035105,453.69132494503,23421.582060350775,diana,0.8955958616522387,alice,0.7611638320966001,0.1344320295556386,diana,diana,diana,2,1,1,0,0,15.039539638285481,11.122426648605526,1.6526361797405453,27.814602466631552
Daylight_Near_20260114_210800_T8,1736906007.28,182,Daylight,Near,4,4,1280,720,27.773259016539953,1,1,chen,2,1,0.9006979298017052,428.8763156650233,304.8493856323316,544.5916715158949,459.34236223722104,17877.20976429516,chen,0.8052031060105712,alice,0.7071324701511859,0.09807063585938536,chen,chen,chen,2,1,1,0,0,15.039539638285481,11.122426648605526,1.6526361797405453,27.814602466631552
Daylight_Near_20260114_210800_T8,1736906007.28,182,Daylight,Near,4,4,1280,720,27.773259016539953,1,2,alice,3,1,0.7207427089827319,742.0362919523046,274.87418547842213,856.5889456061778,424.228919994023,17108.981174531807,alice,0.835993212463522,chen,0.7022122124143245,0.13378100004919746,alice,alice,alice,1,1,1,0,0,15.039539638285481,11.122426648605526,1.6526361797405453,27.814602466631552
Daylight_Near_20260114_210800_T8,1736906007.28,182,Daylight,Near,4,4,1280,720,27.773259016539953,1,3,bob,4,1,0.6582303901460311,1074.0627096833891,278.7427748516259,1166.613568894536,432.68842609280716,14247.802294190886,bob,0.9240080255631066,alice,0.7799687726033884,0.1440392529597182,bob,bob,bob,3,1,1,0,0,15.039539638285481,11.122426648605526,1.6526361797405453,27.814602466631552
Daylight_Near_20260114_210800_T8,1736906007.32,183,Daylight,Near,4,4,1280,720,25.476093547731285,2,0,diana,1,1,0.8208243536012365,126.86139929945708,248.5232336720331,227.42884839705422,432.7387132992507,18526.080870399655,diana,0.9546859574244106,chen,0.7876689909169028,0.16701696650750786,diana,diana,diana,2,1,1,0,0,20.043971919441923,11.644852940246631,7.471925602719393,39.16075046240795
Daylight_Near_20260114_210800_T8,1736906007.32,183,Daylight,Near,4,4,1280,720,25.476093547731285,2,1,chen,2,1,0.742045472372124,419.1246879425412,245.25715746382411,525.7096492230758,422.44671508180795,18885.742138027857,chen,0.8124987254267909,diana,0.6361312784887247,0.17636744693806616,chen,chen,chen,2,1,1,0,0,20.043971919441923,11.644852940246631,7.471925602719393,39.16075046240795
Daylight_Near_20260114_210800_T8,1736906007.32,183,Daylight,Near,4,4,1280,720,25.476093547731285,2,2,alice,3,1,0.8408759418851198,748.5677367043081,262.2328935578676,852.2463858346027,467.17517064794487,21248.138438385737,alice,0.8297878024246469,diana,0.6685911418013086,0.16119666062333826,alice,alice,alice,2,1,1,0,0,20.043971919441923,11.644852940246631,7.471925602719393,39.16075046240795
Daylight_Near_20260114_210800_T8,1736906007.32,183,Daylight,Near,4,4,1280,720,25.476093547731285,2,3,bob,4,1,0.8850578175412892,1085.8658538431207,155.02416312184633,1187.6024745115799,336.17746767596304,18429.92502826003,bob,0.7756765033441619,diana,0.6147616993114168,0.16091480403274516,bob,bob,bob,1,1,1,0,0,20.043971919441923,11.644852940246631,7.471925602719393,39.16075046240795
Daylight_Near_20260114_210800_T8,1736906007.36,184,Daylight,Near,4,4,1280,720,26.847385230183384,0,0,diana,1,1,0.8201816137450931,97.48536034294133,243.54528524380112,188.42521255247075,423.7937577538271,16391.76945105519,diana,0.8234845730436074,bob,0.7338721062578384,0.08961246678576906,diana,diana,diana,2,1,1,0,0,13.015352811116012,8.405690530629347,3.890788733774288,25.311832075519646
Daylight_Near_20260114_210800_T8,1736906007.36,184,Daylight,Near,4,4,1280,720,26.847385230183384,0,1,chen,2,1,0.6013269445880015,427.3247297856922,108.50235937534246,546.1967572464808,272.92620376342086,19545.39574530809,chen,0.8209922731025179,diana,0.7456578207560919,0.075334452346426,chen,chen,chen,1,1,1,0,0,13.015352811116012,8.405690530629347,3.890788733774288,25.311832075519646
Daylight_Near_20260114_210800_T8,1736906007.36,184,Daylight,Near,4,4,1280,720,26.847385230183384,0,2,alice,3,1,0.875638692875625,752.3654708960504,251.4974847526428,856.5121742614568,417.66984427044065,17306.303434229765,alice,0.7704926170168983,diana,0.6913207132024729,0.0791719038144254,unknown,unknown,unknown,0,0,0,0,0,13.015352811116012,8.405690530629347,3.890788733774288,25.311832075519646
Daylight_Near_20260114_210800_T8,1736906007.36,184,Daylight,Near,4,4,1280,720,26.847385230183384,0,3,bob,4,1,0.8644732140287923,1044.5788459796913,199.62265324659947,1166.7888649961646,414.34280452301516,26240.953770710792,bob,0.9246718249989464,diana,0.8164408183503761,0.10823100664857033,bob,bob,bob,2,1,1,0,0,13.015352811116012,8.405690530629347,3.890788733774288,25.311832075519646
Daylight_Near_20260114_210800_T8,1736906007.4,185,Daylight,Near,4,4,1280,720,25.756342246921857,1,0,diana,1,1,0.8570112276576276,101.35495778197267,209.70265125310573,192.47895923976708,352.72264600679307,13032.554210428754,diana,0.6059174816400048,alice,0.5603131653472304,0.045604316292774394,unknown,unknown,unknown,0,0,0,0,0,7.005731670596613,5.51953925419743,3.7906182946887617,16.315889219482806
Daylight_Near_20260114_210800_T8,1736906007.4,185,Daylight,Near,4,4,1280,720,25.756342246921857,1,1,chen,2,1,0.7797180092849235,425.134838547293,213.25518197399148,529.8278115761657,429.1502616847423,22602.697757223956,chen,0.8045252115481855,diana,0.668841294925798,0.13568391662238743,chen,chen,chen,3,1,1,0,0,7.005731670596613,5.51953925419743,3.7906182946887617,16.315889219482806
Daylight_Near_20260114_210800_T8,1736906007.4,185,Daylight,Near,4,4,1280,720,25.756342246921857,1,2,alice,3,1,0.9318139027141348,755.7314534724572,260.5974158188942,843.6939466694433,392.2416088357793,11579.751432670477,alice,0.8147145859349108,chen,0.726195055437277,0.08851953049763372,alice,alice,alice,1,1,1,0,0,7.005731670596613,5.51953925419743,3.7906182946887617,16.315889219482806
Daylight_Near_20260114_210800_T8,1736906007.4,185,Daylight,Near,4,4,1280,720,25.756342246921857,1,3,bob,4,1,0.6076332084171578,1078.2857169617973,314.8372010453463,1171.1537001754696,460.6331687080358,13539.777477519745,bob,0.8455914384636509,alice,0.7104696047998058,0.13512183366384511,bob,bob,bob,2,1,1,0,0,7.005731670596613,5.51953925419743,3.7906182946887617,16.315889219482806
Daylight_Near_20260114_210800_T8,1736906007.44,186,Daylight,Near,4,4,1280,720,22.158621354347556,1,0,diana,1,1,0.7711378751622958,105.39034426928372,217.97676649062637,202.87894890648158,407.20218376022433,18447.321891504627,diana,0.7713899890340096,chen,0.7084859219336964,0.06290406710031315,diana,diana,diana,2,1,1,0,0,9.042113417454306,5.6399556474547445,3.3333083801478907,18.01537744505694
Daylight_Near_20260114_210800_T8,1736906007.44,186,Daylight,Near,4,4,1280,720,22.158621354347556,1,1,chen,2,1,0.6351386615761192,438.0062337966024,251.89140566447912,542.5715903632538,394.45668194465037,14907.388948259279,chen,0.9600455221029106,diana,0.8495338448378749,0.11051167726503575,chen,chen,chen,2,1,1,0,0,9.042113417454306,5.6399556474547445,3.3333083801478907,18.01537744505694
Daylight_Near_20260114_210800_T8,1736906007.44,186,Daylight,Near,4,4,1280,720,22.158621354347556,1,2,alice,3,1,0.7827461491814884,742.6990688547394,241.04670067691325,836.0052346383202,445.50432910721634,19077.157374035625,alice,0.8387490858645782,bob,0.6621946754607484,0.1765544104038298,alice,alice,alice,2,1,1,0,0,9.042113417454306,5.6399556474547445,3.3333083801478907,18.01537744505694
Daylight_Near_20260114_210800_T8,1736906007.44,186,Daylight,Near,4,4,1280,720,22.158621354347556,1,3,bob,4,1,0.6248899590535033,1040.1529944726099,195.21110055916284,1143.1911386477923,396.928125339647,20784.547881920374,bob,0.8559742585407629,alice,0.7708849924075993,0.08508926613316359,bob,bob,bob,2,1,1,0,0,9.042113417454306,5.6399556474547445,3.3333083801478907,18.01537744505694
Daylight_Near_20260114_210800_T8,1736906007.48,187,Daylight,Near,4,4,1280,720,21.789544072365057,3,0,diana,1,1,0.7775920777487161,100.48146226939494,281.10303020701446,180.65218770379843,443.0110307491072,12980.281857093369,diana,0.867922825045072,alice,0.6931002406386817,0.1748225844063903,diana,diana,diana,2,1,1,0,0,10.058332700833589,6.076069283155181,5.8997415368744806,22.03414352086325
Daylight_Near_20260114_210800_T8,1736906007.48,187,Daylight,Near,4,4,1280,720,21.789544072365057,3,1,chen,2,1,0.8258571542332247,431.9226818795406,271.67221139246834,532.65696122807,447.39829399823526,17701.64029403208,chen,0.8428900612808776,diana,0.7052707768013747,0.1376192844795029,chen,chen,chen,2,1,1,0,0,10.058332700833589,6.076069283155181,5.8997415368744806,22.03414352086325
Daylight_Near_20260114_210800_T8,1736906007.48,187,Daylight,Near,4,4,1280,720,21.789544072365057,3,2,alice,3,1,0.832578696280189,765.0960849787435,219.52438576561696,873.8506735253856,406.51129722989646,20335.6846199051,alice,0.8153572425371836,chen,0.7380699625664735,0.07728727997071005,alice,alice,alice,2,1,1,0,0,10.058332700833589,6.076069283155181,5.8997415368744806,22.03414352086325
Daylight_Near_20260114_210800_T8,1736906007.48,187,Daylight,Near,4,4,1280,720,21.789544072365057,3,3,bob,4,1,0.6642316168770117,1071.7008350864883,235.05674402000835,1189.0923714388293,435.6374726750316,23546.479899485217,bob,0.9051753722860936,alice,0.7840572647002992,0.12111810758579433,bob,bob,bob,2,1,1,0,0,10.058332700833589,6.076069283155181,5.8997415368744806,22.03414352086325
Daylight_Near_20260114_210800_T8,1736906007.52,188,Daylight,Near,4,4,1280,720,23.71607499325855,0,0,diana,1,1,0.7927312798150078,116.63922833396512,262.0421864539861,205.38443421598552,432.700076753625,15145.069610032706,diana,0.8754294697934729,chen,0.7941619767026086,0.08126749309086434,diana,diana,diana,3,1,1,0,0,17.63279386082437,8.910395001223616,5.594520807496917,32.137709669544904
Daylight_Near_20260114_210800_T8,1736906007.52,188,Daylight,Near,4,4,1280,720,23.71607499325855,0,1,chen,2,1,0.6371515884119436,436.2973445068171,291.70326445109947,556.4767303827916,461.25608612953033,20376.75398285244,chen,0.9339562085679423,bob,0.8444465510236239,0.08950965754431839,chen,chen,chen,3,1,1,0,0,17.63279386082437,8.910395001223616,5.594520807496917,32.137709669544904
Daylight_Near_20260114_210800_T8,1736906007.52,188,Daylight,Near,4,4,1280,720,23.71607499325855,0,2,alice,3,1,0.842602909986481,733.2317401373964,208.11000192684983,847.0445191548354,385.14937433385035,20149.342969144032,alice,0.881562843482509,chen,0.7962914986187766,0.08527134486373245,alice,alice,alice,3,1,1,0,0,17.63279386082437,8.910395001223616,5.594520807496917,32.137709669544904
Daylight_Near_20260114_210800_T8,1736906007.52,188,Daylight,Near,4,4,1280,720,23.71607499325855,0,3,bob,4,1,0.8244894565725814,1048.4108218047977,217.29160206275543,1176.3029749494672,371.0399867423927,19663.211959193726,bob,0.8730195633920046,diana,0.7943255241555639,0.0786940392364407,bob,bob,bob,2,1,1,0,0,17.63279386082437,8.910395001223616,5.594520807496917,32.137709669544904
Daylight_Near_20260114_210800_T8,1736906007.56,189,Daylight,Near,4,4,1280,720,19.001126073240375,2,0,diana,1,1,0.8860553120664418,103.51189914062812,186.19759136419648,198.8970815308506,363.1593556452807,16879.53016204678,diana,0.8758404591714078,alice,0.7941358694427932,0.08170458972861461,diana,diana,diana,2,1,1,0,0,12.89363362217701,8.53900811130067,4.948390675761548,26.38103240923923
Daylight_Near_20260114_210800_T8,1736906007.56,189,Daylight,Near,4,4,1280,720,19.001126073240375,2,1,chen,2,1,0.8128045193229634,439.31112911140946,286.95843869921293,562.0285119957966,486.4924139790188,24486.287242855782,chen,0.8502088712903443,alice,0.6856406769674734,0.16456819432287084,chen,chen,chen,2,1,1,0,0,12.89363362217701,8.53900811130067,4.948390675761548,26.38103240923923
Daylight_Near_20260114_210800_T8,1736906007.56,189,Daylight,Near,4,4,1280,720,19.001126073240375,2,2,alice,3,1,0.8147589679935776,745.0830472256355,253.48298551677794,836.1172784523815,390.4638404360554,12469.946820358851,alice,0.8400507725008926,chen,0.6607123664666381,0.17933840603425444,alice,alice,alice,2,1,1,0,0,12.89363362217701,8.53900811130067,4.948390675761548,26.38103240923923
Daylight_Near_20260114_210800_T8,1736906007.56,189,Daylight,Near,4,4,1280,720,19.001126073240375,2,3,bob,4,1,0.9275084524179824,1057.9689363647267,181.29193940648602,1143.2508066165533,352.46271168748535,14597.763592573143,bob,0.9289162174694708,alice,0.8279649312669973,0.10095128620247351,bob,bob,bob,1,1,1,0,0,12.89363362217701,8.53900811130067,4.948390675761548,26.38103240923923
Daylight_Near_20260114_210800_T8,1736906007.6,190,Daylight,Near,4,4,1280,720,26.35895462452178,2,0,diana,1,1,0.8510332609431198,125.1197446304788,240.25181377268757,207.77228219221502,382.0042445685183,11716.19811081981,diana,0.8940294364647233,chen,0.7687853352764473,0.125244101188276,diana,diana,diana,2,1,1,0,0,14.088855815811051,7.799097532982115,7.502321260924374,29.39027460971754
Daylight_Near_20260114_210800_T8,1736906007.6,190,Daylight,Near,4,4,1280,720,26.35895462452178,2,1,chen,-1,0,-1.0,-1.0,-1.0,-1.0,-1.0,0.0,unknown,-1.0,unknown,-1.0,-1.0,unknown,unknown,unknown,0,0,0,0,1,14.088855815811051,7.799097532982115,7.502321260924374,29.39027460971754
Daylight_Near_20260114_210800_T8,1736906007.6,190,Daylight,Near,4,4,1280,720,26.35895462452178,2,2,alice,3,1,0.7850421928675583,724.9382937170201,170.66766651958693,836.7851095904059,329.35686101062896,17748.881117335488,alice,0.8836154359237451,diana,0.716232684706664,0.16738275121708113,alice,alice,alice,1,1,1,0,0,14.088855815811051,7.799097532982115,7.502321260924374,29.39027460971754
Daylight_Near_20260114_210800_T8,1736906007.6,190,Daylight,Near,4,4,1280,720,26.35895462452178,2,3,bob,4,1,0.8040390061341487,1053.7393921984362,211.82249761457228,1160.3825392902618,401.2562329881266,20201.809705595908,bob,0.8949889354147066,chen,0.7419910916514795,0.15299784376322711,bob,bob,bob,2,1,1,0,0,14.088855815811051,7.799097532982115,7.502321260924374,29.39027460971754
Daylight_Near_20260114_210800_T8,1736906007.64,191,Daylight,Near,4,4,1280,720,26.236191260763473,2,0,diana,1,1,0.6609224562734708,117.63724758158864,236.1210178893998,207.07874338762068,374.6383425237468,12389.196710345726,diana,0.8795451858888796,chen,0.7159104203673488,0.1636347655215309,diana,diana,diana,1,1,1,0,0,14.638701100776819,10.073411666700908,5.303538210203321,30.015650977681048
Daylight_Near_20260114_210800_T8,1736906007.64,191,Daylight,Near,4,4,1280,720,26.236191260763473,2,1,chen,2,1,0.6142046308694858,436.88324821238444,201.7232009595819,542.2809725677047,381.47865085516474,18945.81535946122,chen,0.8518128604329168,bob,0.7123140157073546,0.13949884472556218,chen,chen,chen,3,1,1,0,0,14.638701100776819,10.073411666700908,5.303538210203321,30.015650977681048
Daylight_Near_20260114_210800_T8,1736906007.64,191,Daylight,Near,4,4,1280,720,26.236191260763473,2,2,alice,3,1,0.7909403060146795,736.9498413812191,203.29517585145254,852.8126821182441,357.26771966947354,17839.696322261963,alice,0.8886003356299353,chen,0.802867623249852,0.0857327123800834,alice,alice,alice,2,1,1,0,0,14.638701100776819,10.073411666700908,5.303538210203321,30.015650977681048
Daylight_Near_20260114_210800_T8,1736906007.64,191,Daylight,Near,4,4,1280,720,26.236191260763473,2,3,bob,4,1,0.8834469954641785,1032.3706417613614,230.42047370753974,1154.107905609594,382.4796192095333,18511.264316512967,bob,0.8485612810207293,alice,0.6693252595858008,0.17923602143492845,bob,bob,bob,2,1,1,0,0,14.638701100776819,10.073411666700908,5.303538210203321,30.015650977681048
Daylight_Near_20260114_210800_T8,1736906007.68,192,Daylight,Near,4,4,1280,720,26.560261863994718,2,0,diana,1,1,0.8083149497373612,105.43107376287637,194.38641983123358,218.0456148032005,391.7741878746594,22228.732905184355,diana,0.7878757931802678,chen,0.6668128391344822,0.1210629540457856,diana,diana,diana,1,1,1,0,0,18.49761738749355,14.617768205434658,4.507304517454145,37.62269011038235
Daylight_Near_20260114_210800_T8,1736906007.68,192,Daylight,Near,4,4,1280,720,26.560261863994718,2,1,chen,2,1,0.72420161586385,410.7463046238995,162.63733774029816,534.7792745365647,369.9690807009603,25715.97183658024,chen,0.90631018416935,alice,0.7760506159494795,0.1302595682198705,chen,chen,chen,2,1,1,0,0,18.49761738749355,14.617768205434658,4.507304517454145,37.62269011038235
Daylight_Near_20260114_210800_T8,1736906007.68,192,Daylight,Near,4,4,1280,720,26.560261863994718,2,2,alice,3,1,0.8780604652135453,762.4820740676881,229.2589071371282,861.7063028089696,365.57007883482106,13525.370880523962,alice,0.7761901034705688,bob,0.6362403304947912,0.1399497729757776,alice,alice,alice,2,1,1,0,0,18.49761738749355,14.617768205434658,4.507304517454145,37.62269011038235
Daylight_Near_20260114_210800_T8,1736906007.68,192,Daylight,Near,4,4,1280,720,26.560261863994718,2,3,bob,4,1,0.6800714612922029,1072.3466503502755,274.37640843707527,1175.4660035777292,405.32470142705586,13503.303279365915,bob,0.9136247652127012,chen,0.8365341536161379,0.07709061159656327,bob,bob,bob,2,1,1,0,0,18.49761738749355,14.617768205434658,4.507304517454145,37.62269011038235
Daylight_Near_20260114_210800_T8,1736906007.72,193,Daylight,Near,4,4,1280,720,27.336656410278266,0,0,diana,1,1,0.7143511561066087,127.72502523644025,295.83992581835776,238.21456843067133,437.622266053654,15665.466005606935,diana,0.902056397705566,chen,0.7545324435264604,0.14752395417910558,diana,diana,diana,1,1,1,0,0,11.07070700325175,5.748685024961074,5.06568067586752,21.885072704080343
Daylight_Near_20260114_210800_T8,1736906007.72,193,Daylight,Near,4,4,1280,720,27.336656410278266,0,1,chen,2,1,0.7765904874205576,377.7919068363826,256.92092866858025,490.80839980248834,386.76075574291326,14674.04190326674,chen,0.870057124520135,diana,0.7679845144975066,0.10207261002262835,chen,chen,chen,2,1,1,0,0,11.07070700325175,5.748685024961074,5.06568067586752,21.885072704080343
Daylight_Near_20260114_210800_T8,1736906007.72,193,Daylight,Near,4,4,1280,720,27.336656410278266,0,2,alice,3,1,0.7757746755404384,732.1757476078241,257.02997635816627,858.5498702610429,408.8329086587507,19183.962385672326,alice,0.9181184703715671,diana,0.83938846817842,0.07873000219314708,alice,alice,alice,2,1,1,0,0,11.07070700325175,5.748685024961074,5.06568067586752,21.885072704080343
Daylight_Near_20260114_210800_T8,1736906007.72,193,Daylight,Near,4,4,1280,720,27.336656410278266,0,3,bob,4,1,0.858808014933976,1081.9954282332299,225.52205730746152,1169.1309587718054,408.92070400761315,15980.53838027448,bob,0.919147757779783,alice,0.7903324708755204,0.12881528690426258,bob,bob,bob,2,1,1,0,0,11.07070700325175,5.748685024961074,5.06568067586752,21.885072704080343
Daylight_Near_20260114_210800_T8,1736906007.76,194,Daylight,Near,4,4,1280,720,22.545443555122073,2,0,diana,1,1,0.816658740710636,104.42028342514045,240.634232796819,222.06446750986998,441.97630907101427,23686.724285203083,diana,0.8580228717343781,alice,0.7681760253890242,0.08984684634535389,diana,diana,diana,1,1,1,0,0,8.769267657964182,5.545719857666298,9.020345824769283,23.335333340399764
Daylight_Near_20260114_210800_T8,1736906007.76,194,Daylight,Near,4,4,1280,720,22.545443555122073,2,1,chen,2,1,0.7760617675568842,424.6082218514483,214.61647887335155,528.7642811246482,368.8777555353886,16067.246675570608,chen,0.8755442146233463,alice,0.7657570183376655,0.10978719628568079,chen,chen,chen,1,1,1,0,0,8.769267657964182,5.545719857666298,9.020345824769283,23.335333340399764
Daylight_Near_20260114_210800_T8,1736906007.76,194,Daylight,Near,4,4,1280,720,22.545443555122073,2,2,alice,3,1,0.9162087484264343,748.4014543327943,159.0141921626083,862.8603092003592,359.07389524831274,22898.604520334775,alice,0.7720719011130955,bob,0.6475712519434551,0.12450064916964043,alice,alice,alice,1,1,1,0,0,8.769267657964182,5.545719857666298,9.020345824769283,23.335333340399764
Daylight_Near_20260114_210800_T8,1736906007.76,194,Daylight,Near,4,4,1280,720,22.545443555122073,2,3,bob,4,1,0.7762498360799449,1072.698177983537,295.7309391388135,1169.273206086423,479.6332616728572,17760.371966911254,bob,0.8731905038870436,alice,0.7664936623961268,0.10669684149091674,bob,bob,bob,2,1,1,0,0,8.769267657964182,5.545719857666298,9.020345824769283,23.335333340399764
Daylight_Near_20260114_210800_T8,1736906007.8,195,Daylight,Near,4,4,1280,720,28.260277095965446,1,0,diana,1,1,0.8430416073861808,119.67895122831455,187.05523674404586,199.75949308162717,374.19523699704905,14986.272622689557,diana,0.9474137510495878,bob,0.8637131364111381,0.08370061463844969,diana,diana,diana,2,1,1,0,0,9.417024721175965,9.545381680937647,6.973513892748377,25.935920294861987
Daylight_Near_20260114_210800_T8,1736906007.8,195,Daylight,Near,4,4,1280,720,28.260277095965446,1,1,chen,2,1,0.7684058149200044,419.6568628030039,221.89696901586913,516.4347714687913,420.0570545312336,19177.518657210556,chen,0.7630475131661675,diana,0.6375893391737277,0.12545817399243975,chen,chen,chen,2,1,1,0,0,9.417024721175965,9.545381680937647,6.973513892748377,25.935920294861987
Daylight_Near_20260114_210800_T8,1736906007.8,195,Daylight,Near,4,4,1280,720,28.260277095965446,1,2,alice,3,1,0.7647680417297931,729.0081128535141,303.64066247898955,843.722341708615,438.9759195787047,15524.87965510063,alice,0.7949660384225277,chen,0.7207552203114687,0.07421081811105901,alice,alice,alice,2,1,1,0,0,9.417024721175965,9.545381680937647,6.973513892748377,25.935920294861987
Daylight_Near_20260114_210800_T8,1736906007.8,195,Daylight,Near,4,4,1280,720,28.260277095965446,1,3,bob,4,1,0.8341759689768775,1051.0731390658482,217.90483480023062,1178.541497430802,393.57550737396724,22392.452245841545,bob,0.8622555292941273,alice,0.7429194872101443,0.11933604208398296,bob,bob,bob,3,1,1,0,0,9.417024721175965,9.545381680937647,6.973513892748377,25.935920294861987
Daylight_Near_20260114_210800_T8,1736906007.84,196,Daylight,Near,4,4,1280,720,24.370017364224985,0,0,diana,1,1,0.827040058243179,95.83593424162389,230.0751217983243,186.31960116190032,383.21654106998017,13856.797173074912,diana,0.9766345272975006,alice,0.8370938905651821,0.13954063673231842,diana,diana,diana,2,1,1,0,0,22.763628106416924,13.673058529072144,5.2613950187397975,41.698081654228865
Daylight_Near_20260114_210800_T8,1736906007.84,196,Daylight,Near,4,4,1280,720,24.370017364224985,0,1,chen,2,1,0.8556652755969437,440.5100745140765,259.73146201385356,547.8640054104775,468.1473311618541,22374.262814227797,chen,0.8837108875687621,alice,0.7336184979478934,0.1500923896208688,chen,chen,chen,2,1,1,0,0,22.763628106416924,13.673058529072144,5.2613950187397975,41.698081654228865
Daylight_Near_20260114_210800_T8,1736906007.84,196,Daylight,Near,4,4,1280,720,24.370017364224985,0,2,alice,3,1,0.6898573584194595,717.8969970175553,238.76713830134491,837.825425218178,403.7733641884192,19788.93731395371,alice,0.866680307538983,chen,0.7497841235097443,0.11689618402923863,alice,alice,alice,1,1,1,0,0,22.763628106416924,13.673058529072144,5.2613950187397975,41.698081654228865
Daylight_Near_20260114_210800_T8,1736906007.84,196,Daylight,Near,4,4,1280,720,24.370017364224985,0,3,bob,4,1,0.8108879276780183,1077.7279852981035,208.12138954646187,1182.881751519891,360.46835050155266,16019.8567168714,bob,0.8827422481166316,alice,0.8044260481466867,0.07831619996994488,bob,bob,bob,2,1,1,0,0,22.763628106416924,13.673058529072144,5.2613950187397975,41.698081654228865
Daylight_Near_20260114_210800_T8,1736906007.88,197,Daylight,Near,4,4,1280,720,24.204729520061075,1,0,diana,1,1,0.8610115421089262,141.06858055839507,282.86107939734944,227.92753466423784,451.19682749115447,14621.46701805252,diana,0.8950620877752195,chen,0.7714583148304127,0.12360377294480673,diana,diana,diana,2,1,1,0,0,9.4030397445616,6.366468442998655,4.20248610811116,19.971994295671415
Daylight_Near_20260114_210800_T8,1736906007.88,197,Daylight,Near,4,4,1280,720,24.204729520061075,1,1,chen,2,1,0.8931718537579763,434.6084747600931,271.4754527941516,558.3487179542471,403.4285951896902,16327.913930256791,chen,0.8845721293411908,diana,0.7963403184611157,0.08823181088007503,chen,chen,chen,2,1,1,0,0,9.4030397445616,6.366468442998655,4.20248610811116,19.971994295671415
Daylight_Near_20260114_210800_T8,1736906007.88,197,Daylight,Near,4,4,1280,720,24.204729520061075,1,2,alice,3,1,0.686550331535733,760.0563550703986,317.0146331436718,847.1751687468844,458.08531564510525,12289.910504057072,alice,0.8173698112020436,bob,0.74162895722285,0.0757408539791935,alice,alice,alice,2,1,1,0,0,9.4030397445616,6.366468442998655,4.20248610811116,19.971994295671415
Daylight_Near_20260114_210800_T8,1736906007.88,197,Daylight,Near,4,4,1280,720,24.204729520061075,1,3,bob,4,1,0.9549757424990302,1068.4073522369924,198.02212952681987,1186.2846044822356,342.76391349000085,17061.763778654382,bob,0.8617273541003664,alice,0.736411748003613,0.1253156060967534,bob,bob,bob,2,1,1,0,0,9.4030397445616,6.366468442998655,4.20248610811116,19.971994295671415
Daylight_Near_20260114_210800_T8,1736906007.92,198,Daylight,Near,4,4,1280,720,23.089071106957125,1,0,diana,1,1,0.79223797534763,126.65838688746871,188.6980725016517,238.48050497353907,330.7688828608633,15886.658932571469,diana,0.8410994450886564,chen,0.690194687682565,0.15090475740609144,diana,diana,diana,3,1,1,0,0,12.891891788902974,8.648729934848156,9.414002532651185,30.954624256402315
Daylight_Near_20260114_210800_T8,1736906007.92,198,Daylight,Near,4,4,1280,720,23.089071106957125,1,1,chen,2,1,0.7178220116665638,416.8421151347474,173.84695922548332,504.77394479634285,334.16462933568687,14097.026059874268,chen,0.8721616942713174,diana,0.7577400170990319,0.11442167717228546,chen,chen,chen,1,1,1,0,0,12.891891788902974,8.648729934848156,9.414002532651185,30.954624256402315
Daylight_Near_20260114_210800_T8,1736906007.92,198,Daylight,Near,4,4,1280,720,23.089071106957125,1,2,alice,3,1,0.6884414480248533,740.1621763117552,264.35784368919525,860.0272012556505,425.441507987487,19308.29743916881,alice,0.9181036071219013,chen,0.7457427838648982,0.17236082325700308,alice,alice,alice,2,1,1,0,0,12.891891788902974,8.648729934848156,9.414002532651185,30.954624256402315
Daylight_Near_20260114_210800_T8,1736906007.92,198,Daylight,Near,4,4,1280,720,23.089071106957125,1,3,bob,4,1,0.7050193906114846,1088.0581126778022,211.3195519448012,1180.9772411408037,423.9932761985218,19761.457104636418,bob,0.8143441031122771,diana,0.655160432839233,0.15918367027304414,bob,bob,bob,1,1,1,0,0,12.891891788902974,8.648729934848156,9.414002532651185,30.954624256402315
Daylight_Near_20260114_210800_T8,1736906007.96,199,Daylight,Near,4,4,1280,720,28.08545882909655,1,0,diana,1,1,0.7261286501186255,115.76082246656728,179.0485017179579,235.27706810294814,365.3342319926091,22264.171098057803,diana,0.8362993455906574,bob,0.7297247325077847,0.10657461308287275,diana,diana,diana,2,1,1,0,0,15.785019802259388,12.991048671802282,8.737090106840913,37.513158580902584
Daylight_Near_20260114_210800_T8,1736906007.96,199,Daylight,Near,4,4,1280,720,28.08545882909655,1,1,chen,2,1,0.7488326765536089,387.27895901364866,123.8908180437224,514.5438422472434,329.8468350566153,26210.96845640208,chen,0.8646522252010483,bob,0.6898224285903662,0.1748297966106821,chen,chen,chen,2,1,1,0,0,15.785019802259388,12.991048671802282,8.737090106840913,37.513158580902584
Daylight_Near_20260114_210800_T8,1736906007.96,199,Daylight,Near,4,4,1280,720,28.08545882909655,1,2,alice,3,1,0.7953334488493606,763.4436321953965,242.3361156339048,866.8549356571498,404.85848871929954,16806.650442458038,alice,0.8775620043740909,chen,0.756116551514701,0.1214454528593899,alice,alice,alice,2,1,1,0,0,15.785019802259388,12.991048671802282,8.737090106840913,37.513158580902584
Daylight_Near_20260114_210800_T8,1736906007.96,199,Daylight,Near,4,4,1280,720,28.08545882909655,1,3,bob,4,1,0.9462675834151844,1040.76122343241,271.4953300702173,1150.013817319678,444.6792733824683,18920.795026489035,bob,0.8904054642527058,diana,0.7825351084922015,0.1078703557605043,bob,bob,bob,1,1,1,0,0,15.785019802259388,12.991048671802282,8.737090106840913,37.513158580902584
Daylight_Near_20260114_210800_T8,1736906008.0,200,Daylight,Near,4,4,1280,720,22.023537654394122,0,0,diana,1,1,0.6860496437822854,106.82457640052604,228.9686231807459,231.8356279898208,409.8338985448189,22610.158269250132,diana,0.814367236129969,chen,0.7216395797555949,0.09272765637437408,diana,diana,diana,1,1,1,0,0,15.56632377496811,11.6576352091495,14.584623880201566,41.80858286431918
Daylight_Near_20260114_210800_T8,1736906008.0,200,Daylight,Near,4,4,1280,720,22.023537654394122,0,1,chen,2,1,0.7335821951377005,406.91388911161425,207.6691093065072,517.444838691678,357.27826840525273,16536.442421059175,alice,0.5907500513478109,bob,0.57767309340047,0.013076957947340873,unknown,unknown,unknown,0,0,0,0,0,15.56632377496811,11.6576352091495,14.584623880201566,41.80858286431918
Daylight_Near_20260114_210800_T8,1736906008.0,200,Daylight,Near,4,4,1280,720,22.023537654394122,0,2,alice,3,1,0.6036677782054531,741.1437935070978,253.32683134781857,839.0155967093945,463.3703207280033,20557.335056541124,alice,0.9708458951751697,chen,0.9038130193595018,0.06703287581566797,alice,alice,alice,2,1,1,0,0,15.56632377496811,11.6576352091495,14.584623880201566,41.80858286431918
Daylight_Near_20260114_210800_T8,1736906008.0,200,Daylight,Near,4,4,1280,720,22.023537654394122,0,3,bob,4,1,0.7770979430080809,1048.7807101426538,267.04382725826554,1159.5703577995655,431.24532186564477,18191.825732289835,bob,0.7944880362711308,diana,0.6400802207730383,0.15440781549809257,bob,bob,bob,2,1,1,0,0,15.56632377496811,11.6576352091495,14.584623880201566,41.80858286431918
Daylight_Near_20260114_210800_T8,1736906008.04,201,Daylight,Near,4,4,1280,720,25.70834613288589,3,0,diana,1,1,0.6928308175189972,120.05610960885463,315.7590594404423,210.51677198856146,450.0392830738048,12147.077974369138,diana,0.8861221184046489,bob,0.79762058383419,0.08850153457045895,diana,diana,diana,2,1,1,0,0,6.570985256839625,2.948617965455789,3.233779089713829,12.753382312009244
Daylight_Near_20260114_210800_T8,1736906008.04,201,Daylight,Near,4,4,1280,720,25.70834613288589,3,1,chen,2,1,0.692386415161154,389.2136620437964,260.11370464715395,506.1290189868861,465.8396751176197,24052.52527001804,chen,0.851601380371024,alice,0.7173185400187246,0.13428284035229932,chen,chen,chen,2,1,1,0,0,6.570985256839625,2.948617965455789,3.233779089713829,12.753382312009244
Daylight_Near_20260114_210800_T8,1736906008.04,201,Daylight,Near,4,4,1280,720,25.70834613288589,3,2,alice,3,1,0.8206462402408482,743.3459275843456,243.8143081509687,871.2302914367656,428.9057332864314,23670.299157986457,alice,0.8867202082924324,bob,0.817269920857541,0.06945028743489134,alice,alice,alice,2,1,1,0,0,6.570985256839625,2.948617965455789,3.233779089713829,12.753382312009244
Daylight_Near_20260114_210800_T8,1736906008.04,201,Daylight,Near,4,4,1280,720,25.70834613288589,3,3,bob,4,1,0.718427649524987,1050.893865320958,263.4542998520376,1177.7616013960187,446.9778103998724,23283.212299751332,bob,0.8198469029359831,alice,0.6707269769264204,0.1491199260095627,bob,bob,bob,2,1,1,0,0,6.570985256839625,2.948617965455789,3.233779089713829,12.753382312009244
Daylight_Near_20260114_210800_T8,1736906008.08,202,Daylight,Near,4,4,1280,720,24.190212198852787,1,0,diana,-1,0,-1.0,-1.0,-1.0,-1.0,-1.0,0.0,unknown,-1.0,unknown,-1.0,-1.0,unknown,unknown,unknown,0,0,0,0,1,13.268074222124762,9.778458343198015,6.476401736152642,29.52293430147542
Daylight_Near_20260114_210800_T8,1736906008.08,202,Daylight,Near,4,4,1280,720,24.190212198852787,1,1,chen,2,1,0.8547589060067374,419.62542940153395,289.5771580425535,523.3088790055192,456.4145615621958,17298.277519888583,chen,0.931624371979168,alice,0.8043305871989488,0.12729378478021924,chen,chen,chen,1,1,1,0,0,13.268074222124762,9.778458343198015,6.476401736152642,29.52293430147542
Daylight_Near_20260114_210800_T8,1736906008.08,202,Daylight,Near,4,4,1280,720,24.190212198852787,1,2,alice,3,1,0.7668080835749319,763.4803297655521,196.57424601840398,854.4774558303625,341.8907728296422,13223.386309542635,alice,0.9376927954770969,diana,0.841186287094932,0.0965065083821649,alice,alice,alice,2,1,1,0,0,13.268074222124762,9.778458343198015,6.476401736152642,29.52293430147542
Daylight_Near_20260114_210800_T8,1736906008.08,202,Daylight,Near,4,4,1280,720,24.190212198852787,1,3,bob,4,1,0.8247498768749348,1048.154139362656,255.78666109097094,1159.1637843509268,409.1672214402274,17026.721552473005,bob,0.8910736123187522,alice,0.807475203138465,0.08359840918028716,bob,bob,bob,3,1,1,0,0,13.268074222124762,9.778458343198015,6.476401736152642,29.52293430147542
Daylight_Near_20260114_210800_T8,1736906008.12,203,Daylight,Near,4,4,1280,720,24.144092993826717,4,0,diana,1,1,0.8506739863481207,110.38187001556481,302.5049771986978,200.28237159498252,485.16796916124383,16421.49459743003,diana,0.7783670583987867,bob,0.6641255916061578,0.11424146679262892,diana,diana,diana,2,1,1,0,0,12.370504915420677,10.22813037295253,4.687785212991695,27.2864205013649
Daylight_Near_20260114_210800_T8,1736906008.12,203,Daylight,Near,4,4,1280,720,24.144092993826717,4,1,chen,2,1,0.8153398143927838,431.18943423727796,302.94879432247836,550.2478247438244,436.33164122953934,15880.347073935762,chen,0.7967702223821885,alice,0.7281982994715828,0.06857192291060576,chen,chen,chen,2,1,1,0,0,12.370504915420677,10.22813037295253,4.687785212991695,27.2864205013649
Daylight_Near_20260114_210800_T8,1736906008.12,203,Daylight,Near,4,4,1280,720,24.144092993826717,4,2,alice,3,1,0.7451347957635542,758.8382487109707,206.7642004020234,860.3733321263701,351.6052423355447,14706.44727469345,alice,0.8470650099072697,chen,0.7433372480066283,0.10372776190064148,alice,alice,alice,1,1,1,0,0,12.370504915420677,10.22813037295253,4.687785212991695,27.2864205013649
Daylight_Near_20260114_210800_T8,1736906008.12,203,Daylight,Near,4,4,1280,720,24.144092993826717,4,3,bob,4,1,0.7617411163975285,1061.538837508018,151.53675209083235,1142.543157716934,320.4206492385308,13680.325282681792,bob,0.8040443354097594,diana,0.7049512946623399,0.09909304074741954,bob,bob,bob,1,1,1,0,0,12.370504915420677,10.22813037295253,4.687785212991695,27.2864205013649
Daylight_Near_20260114_210800_T8,1736906008.16,204,Daylight,Near,4,4,1280,720,23.319548711002984,0,0,diana,1,1,0.6844904634831946,118.69761089246937,250.70413672669653,203.8686324054014,417.82732883854885,14234.052990668446,alice,0.6422689013179005,bob,0.5743164188575777,0.06795248246032282,unknown,unknown,unknown,0,0,0,0,0,9.872607781785135,9.153649516614744,4.834902286916778,23.861159585316656
Daylight_Near_20260114_210800_T8,1736906008.16,204,Daylight,Near,4,4,1280,720,23.319548711002984,0,1,chen,2,1,0.892816240985005,436.21739698905725,269.67786959829135,524.4253404619302,464.88131100889353,17218.494125656664,chen,0.8169552474033687,alice,0.6441719777327272,0.1727832696706415,chen,chen,chen,2,1,1,0,0,9.872607781785135,9.153649516614744,4.834902286916778,23.861159585316656
Daylight_Near_20260114_210800_T8,1736906008.16,204,Daylight,Near,4,4,1280,720,23.319548711002984,0,2,alice,3,1,0.847940244363734,755.3124574177424,217.78146562322203,864.8023189172171,414.4670939747655,21535.08220714765,alice,0.918127866734153,bob,0.8548702998875104,0.06325756684664263,alice,alice,alice,2,1,1,0,0,9.872607781785135,9.153649516614744,4.834902286916778,23.861159585316656
Daylight_Near_20260114_210800_T8,1736906008.16,204,Daylight,Near,4,4,1280,720,23.319548711002984,0,3,bob,4,1,0.7884079489442619,1061.82935406836,264.7582646960188,1160.7017931612029,435.5830253877785,16889.86074704546,bob,0.9108702853017845,alice,0.7668364443388938,0.14403384096289074,bob,bob,bob,1,1,1,0,0,9.872607781785135,9.153649516614744,4.834902286916778,23.861159585316656
Daylight_Near_20260114_210800_T8,1736906008.2,205,Daylight,Near,4,4,1280,720,24.191224147798675,1,0,diana,1,1,0.7464852132769496,95.77032835199083,240.70407023166896,209.8126573977401,384.04400254120833,16346.819725839918,diana,0.8630606424606888,chen,0.7696693042693834,0.0933913381913054,diana,diana,diana,1,1,1,0,0,9.070305649269455,5.847795394821255,10.265348501001199,25.183449545091907
Daylight_Near_20260114_210800_T8,1736906008.2,205,Daylight,Near,4,4,1280,720,24.191224147798675,1,1,chen,2,1,0.8886112062320876,404.46894098333206,262.1209552972878,501.9044489894714,451.2384960602299,18426.76365710903,chen,0.8256018218109158,bob,0.696333725102066,0.12926809670884976,chen,chen,chen,2,1,1,0,0,9.070305649269455,5.847795394821255,10.265348501001199,25.183449545091907
Daylight_Near_20260114_210800_T8,1736906008.2,205,Daylight,Near,4,4,1280,720,24.191224147798675,1,2,alice,3,1,0.7938013063796803,763.6328754530679,192.60410751550776,857.5134546275273,390.1814465376152,18548.675019143964,alice,0.8514778532420941,chen,0.7587530350837952,0.09272481815829892,alice,alice,alice,2,1,1,0,0,9.070305649269455,5.847795394821255,10.265348501001199,25.183449545091907
Daylight_Near_20260114_210800_T8,1736906008.2,205,Daylight,Near,4,4,1280,720,24.191224147798675,1,3,bob,4,1,0.6871229482570675,1050.3333638893414,273.05602702302286,1133.0904202920792,459.12937062039583,15398.88219113381,bob,0.8486495157355464,chen,0.684978546416313,0.16367096931923342,bob,bob,bob,1,1,1,0,0,9.070305649269455,5.847795394821255,10.265348501001199,25.183449545091907
Daylight_Near_20260114_210800_T8,1736906008.24,206,Daylight,Near,4,4,1280,720,23.750351324822503,0,0,diana,1,1,0.7733125751083978,98.90182197507227,223.99295295821082,191.28876405379248,407.79107419904506,16980.546381254546,diana,0.9565652856535277,bob,0.8106535599949524,0.14591172565857535,diana,diana,diana,2,1,1,0,0,9.393428037116262,8.074734466110394,9.1708439656159,26.639006468842556
Daylight_Near_20260114_210800_T8,1736906008.24,206,Daylight,Near,4,4,1280,720,23.750351324822503,0,1,chen,2,1,0.8411480041443923,394.9657539925511,258.95735574762824,503.85953710650006,469.8964333993012,22969.954172057718,chen,0.6605213099509338,diana,0.6366156696055535,0.02390564034538034,unknown,unknown,unknown,0,0,0,0,0,9.393428037116262,8.074734466110394,9.1708439656159,26.639006468842556
Daylight_Near_20260114_210800_T8,1736906008.24,206,Daylight,Near,4,4,1280,720,23.750351324822503,0,2,alice,3,1,0.5984417416043735,754.5178546026264,134.72062016363526,860.1786569124711,298.0812404732185,17260.814207744475,alice,0.8958577572818425,diana,0.7222850541915147,0.1735727030903278,alice,alice,alice,2,1,1,0,0,9.393428037116262,8.074734466110394,9.1708439656159,26.639006468842556
Daylight_Near_20260114_210800_T8,1736906008.24,206,Daylight,Near,4,4,1280,720,23.750351324822503,0,3,bob,4,1,0.749968876922967,1054.5673975085654,281.63945005396204,1175.8809956703242,420.00811234894695,16786.00029583391,bob,0.8269083654029294,diana,0.7096097335274281,0.11729863187550138,bob,bob,bob,2,1,1,0,0,9.393428037116262,8.074734466110394,9.1708439656159,26.639006468842556
Daylight_Near_20260114_210800_T8,1736906008.28,207,Daylight,Near,4,4,1280,720,26.48025544866321,0,0,diana,1,1,0.8490840185721373,125.99382587277864,205.03384892518824,228.2802815629401,361.15164987981717,15968.736529791098,diana,0.82906438022282,chen,0.7075377446079558,0.12152663561486421,diana,diana,diana,2,1,1,0,0,9.249257256714493,5.435188729780278,8.023501121989497,22.70794710848427
Daylight_Near_20260114_210800_T8,1736906008.28,207,Daylight,Near,4,4,1280,720,26.48025544866321,0,1,chen,2,1,0.8058901605652788,433.22600600010304,205.87255524828262,513.73548997592,398.2549054656663,15488.60374205646,chen,0.7473577986986446,bob,0.6817657191098894,0.06559207958875524,chen,chen,chen,2,1,1,0,0,9.249257256714493,5.435188729780278,8.023501121989497,22.70794710848427
Daylight_Near_20260114_210800_T8,1736906008.28,207,Daylight,Near,4,4,1280,720,26.48025544866321,0,2,alice,3,1,0.7321304836407918,757.4605636961587,249.4910825185315,839.8260019645113,379.26047589048596,10688.512958899279,diana,0.6754826064519708,alice,0.6025910004125169,0.07289160603945388,unknown,unknown,unknown,0,0,0,0,0,9.249257256714493,5.435188729780278,8.023501121989497,22.70794710848427
Daylight_Near_20260114_210800_T8,1736906008.28,207,Daylight,Near,4,4,1280,720,26.48025544866321,0,3,bob,4,1,0.8563355544226192,1056.1202699053167,233.53821308309864,1172.7054312584526,374.2855344421889,16409.049170671202,bob,0.8031755793168288,chen,0.6242525950156188,0.17892298430121,bob,bob,bob,1,1,1,0,0,9.249257256714493,5.435188729780278,8.023501121989497,22.70794710848427
Daylight_Near_20260114_210800_T8,1736906008.32,208,Daylight,Near,4,4,1280,720,22.864356536912176,2,0,diana,1,1,0.744523480324394,127.87619682516146,264.59291084390463,227.89628252715738,394.9622072106247,13039.548195508245,diana,0.8736982924276926,alice,0.7585325630368684,0.11516572939082415,diana,diana,diana,2,1,1,0,0,11.503910739701933,8.451228133448097,6.531151027356152,26.486289900506183
Daylight_Near_20260114_210800_T8,1736906008.32,208,Daylight,Near,4,4,1280,720,22.864356536912176,2,1,chen,2,1,0.8767877016303446,414.101576603039,156.7030876340142,503.56490608860315,354.63876518282643,17707.98473749777,chen,0.8885085827249656,bob,0.7653338900021402,0.12317469272282533,chen,chen,chen,2,1,1,0,0,11.503910739701933,8.451228133448097,6.531151027356152,26.486289900506183
Daylight_Near_20260114_210800_T8,1736906008.32,208,Daylight,Near,4,4,1280,720,22.864356536912176,2,2,alice,3,1,0.8780706368088962,751.6156323483442,155.3714608784846,842.6289821612836,342.5746627469713,17037.99049775889,alice,0.8642462656906209,diana,0.7315919934757259,0.132654272214895,alice,alice,alice,1,1,1,0,0,11.503910739701933,8.451228133448097,6.531151027356152,26.486289900506183
Daylight_Near_20260114_210800_T8,1736906008.32,208,Daylight,Near,4,4,1280,720,22.864356536912176,2,3,bob,4,1,0.8136294234174241,1060.9262978538918,174.3688616175999,1174.8219612730645,358.5098732827295,20972.862686277553,bob,0.8646554456604434,diana,0.736503678301277,0.12815176735916634,bob,bob,bob,1,1,1,0,0,11.503910739701933,8.451228133448097,6.531151027356152,26.486289900506183
Daylight_Near_20260114_210800_T8,1736906008.36,209,Daylight,Near,4,4,1280,720,25.055927279453474,2,0,diana,1,1,0.8373938058029462,88.91927988184912,172.44148775987242,207.68272033697698,356.217382399642,21825.857520138128,diana,0.9170689634121972,bob,0.843464096715061,0.07360486669713628,diana,diana,diana,1,1,1,0,0,10.757592141209832,8.593019870910236,11.311649867480153,30.66226187960022
Daylight_Near_20260114_210800_T8,1736906008.36,209,Daylight,Near,4,4,1280,720,25.055927279453474,2,1,chen,2,1,0.7400259178310753,420.8975925005755,231.89749358776623,508.9513246988493,380.90819790433113,13120.948652566965,chen,0.8197935199053892,alice,0.6448696843515386,0.1749238355538506,chen,chen,chen,2,1,1,0,0,10.757592141209832,8.593019870910236,11.311649867480153,30.66226187960022
Daylight_Near_20260114_210800_T8,1736906008.36,209,Daylight,Near,4,4,1280,720,25.055927279453474,2,2,alice,3,1,0.6903777274441041,740.9240019321049,291.42438824661224,841.2456906491246,450.0185921035977,15910.438351664061,alice,0.8518662827459935,diana,0.713479860447516,0.13838642229847753,alice,alice,alice,2,1,1,0,0,10.757592141209832,8.593019870910236,11.311649867480153,30.66226187960022
Daylight_Near_20260114_210800_T8,1736906008.36,209,Daylight,Near,4,4,1280,720,25.055927279453474,2,3,bob,4,1,0.8053490743112871,1047.936918331408,221.83513197853483,1170.675957836534,417.2827743140988,23989.055893808545,bob,0.7631547903873623,alice,0.6418581307689064,0.12129665961845593,bob,bob,bob,1,1,1,0,0,10.757592141209832,8.593019870910236,11.311649867480153,30.66226187960022
Daylight_Near_20260114_210800_T8,1736906008.4,210,Daylight,Near,4,4,1280,720,24.242807987260466,2,0,diana,1,1,0.6983391965712435,128.50246633694928,298.4906779117636,209.45538137863974,449.90640579027496,12257.54455492485,diana,0.7349586096936778,alice,0.6209142049524006,0.1140444047412772,diana,diana,diana,2,1,1,0,0,7.238097635970351,6.647044640657037,6.570315016679191,20.45545729330658
Daylight_Near_20260114_210800_T8,1736906008.4,210,Daylight,Near,4,4,1280,720,24.242807987260466,2,1,chen,2,1,0.8565358688724232,426.4164267357929,275.88407453626246,532.4045364935632,410.1481969686141,14230.400544890797,chen,0.8480150083364546,bob,0.7394651107185312,0.10854989761792344,chen,chen,chen,1,1,1,0,0,7.238097635970351,6.647044640657037,6.570315016679191,20.45545729330658
Daylight_Near_20260114_210800_T8,1736906008.4,210,Daylight,Near,4,4,1280,720,24.242807987260466,2,2,alice,3,1,0.856308225621558,751.8452985208058,246.17951239330927,869.6812153974273,404.8107025523976,18692.451737625863,chen,0.6080146416432679,diana,0.5768983574049121,0.031116284238355774,unknown,unknown,unknown,0,0,0,0,0,7.238097635970351,6.647044640657037,6.570315016679191,20.45545729330658
Daylight_Near_20260114_210800_T8,1736906008.4,210,Daylight,Near,4,4,1280,720,24.242807987260466,2,3,bob,4,1,0.7512267193240648,1057.6605267138457,243.47295911803837,1174.1083912231147,446.94343907595476,23693.70288177539,alice,0.6897872986295316,chen,0.6561626134872319,0.03362468514229966,unknown,unknown,unknown,0,0,0,0,0,7.238097635970351,6.647044640657037,6.570315016679191,20.45545729330658
Daylight_Near_20260114_210800_T8,1736906008.44,211,Daylight,Near,4,4,1280,720,24.41895127480164,3,0,diana,-1,0,-1.0,-1.0,-1.0,-1.0,-1.0,0.0,unknown,-1.0,unknown,-1.0,-1.0,unknown,unknown,unknown,0,0,0,0,1,14.006999179057958,8.437376838293558,6.35848865763354,28.802864674985056
Daylight_Near_20260114_210800_T8,1736906008.44,211,Daylight,Near,4,4,1280,720,24.41895127480164,3,1,chen,2,1,0.7181457609090195,398.0261848398499,310.9493688261504,497.93672778055003,451.9623420847657,14088.682719950677,chen,0.8429857660948583,alice,0.7413030245306655,0.10168274156419277,chen,chen,chen,2,1,1,0,0,14.006999179057958,8.437376838293558,6.35848865763354,28.802864674985056
Daylight_Near_20260114_210800_T8,1736906008.44,211,Daylight,Near,4,4,1280,720,24.41895127480164,3,2,alice,3,1,0.8463782127936308,761.3727929124882,198.93579056725878,859.3449891644102,413.67763743670196,21038.730364993273,alice,0.8364138180537346,bob,0.7635451712977775,0.07286864675595706,alice,alice,alice,3,1,1,0,0,14.006999179057958,8.437376838293558,6.35848865763354,28.802864674985056
Daylight_Near_20260114_210800_T8,1736906008.44,211,Daylight,Near,4,4,1280,720,24.41895127480164,3,3,bob,4,1,0.7119693876128824,1074.1505416303828,289.5147606919299,1197.927056095126,427.91900893077997,17131.195434117948,bob,0.8619739011223889,chen,0.7410527170280283,0.12092118409436059,bob,bob,bob,2,1,1,0,0,14.006999179057958,8.437376838293558,6.35848865763354,28.802864674985056
Daylight_Near_20260114_210800_T8,1736906008.48,212,Daylight,Near,4,4,1280,720,25.53435360798772,0,0,diana,1,1,0.8389343090938234,106.00323204680944,252.0894459516383,198.24909863356203,449.0031820255269,18164.478226970936,diana,0.9433556408976138,alice,0.7764128151641161,0.16694282573349772,diana,diana,diana,2,1,1,0,0,9.813301562728146,4.604672043761147,7.076693267886823,21.494666874376115
Daylight_Near_20260114_210800_T8,1736906008.48,212,Daylight,Near,4,4,1280,720,25.53435360798772,0,1,chen,2,1,0.6872808744802495,426.50374027386954,162.43076025144165,509.39993552758733,343.33605142802713,14996.3603398049,chen,0.9136306205537823,bob,0.7388649459387934,0.17476567461498893,chen,chen,chen,2,1,1,0,0,9.813301562728146,4.604672043761147,7.076693267886823,21.494666874376115
Daylight_Near_20260114_210800_T8,1736906008.48,212,Daylight,Near,4,4,1280,720,25.53435360798772,0,2,alice,3,1,0.7408577517333631,741.8876346430039,156.80188673953063,861.8283827982049,291.89648845235035,16203.347601164487,alice,0.939680496226757,chen,0.7914724601049434,0.14820803612181355,alice,alice,alice,2,1,1,0,0,9.813301562728146,4.604672043761147,7.076693267886823,21.494666874376115
Daylight_Near_20260114_210800_T8,1736906008.48,212,Daylight,Near,4,4,1280,720,25.53435360798772,0,3,bob,4,1,0.7787462159371253,1110.924563029096,225.26482440930366,1194.2573939928805,378.0860942773295,12735.029049583098,bob,0.8268296644748515,alice,0.6960678875005069,0.13076177697434466,bob,bob,bob,3,1,1,0,0,9.813301562728146,4.604672043761147,7.076693267886823,21.494666874376115
Daylight_Near_20260114_210800_T8,1736906008.52,213,Daylight,Near,4,4,1280,720,25.33872734399553,0,0,diana,1,1,0.712424668992228,103.37695436869983,278.6839773937944,213.39998886576973,448.35220365410737,18667.413110895075,alice,0.7832670778191692,diana,0.7074201313161,0.07584694650306911,alice,alice,alice,1,0,0,1,0,8.551029814866974,4.611139426047997,8.031542393799334,21.193711634714305
Daylight_Near_20260114_210800_T8,1736906008.52,213,Daylight,Near,4,4,1280,720,25.33872734399553,0,1,chen,2,1,0.846023891103959,409.52926943720524,187.5824629098781,490.6120832484486,403.144186279725,17478.351080828037,chen,0.7827795138211033,alice,0.6867428358086036,0.09603667801249971,chen,chen,chen,1,1,1,0,0,8.551029814866974,4.611139426047997,8.031542393799334,21.193711634714305
Daylight_Near_20260114_210800_T8,1736906008.52,213,Daylight,Near,4,4,1280,720,25.33872734399553,0,2,alice,3,1,0.8548565391629095,759.6065148224773,308.3220773463722,841.2977216336446,469.70809478735623,13183.81852720209,alice,0.9429377296805554,chen,0.8695132365222075,0.07342449315834798,alice,alice,alice,2,1,1,0,0,8.551029814866974,4.611139426047997,8.031542393799334,21.193711634714305
Daylight_Near_20260114_210800_T8,1736906008.52,213,Daylight,Near,4,4,1280,720,25.33872734399553,0,3,bob,4,1,0.934772359964641,1054.964298715048,174.62682749211262,1181.8717131043006,346.0988500672039,21761.071025100387,bob,0.8816106141630514,diana,0.793905443532381,0.0877051706306704,bob,bob,bob,2,1,1,0,0,8.551029814866974,4.611139426047997,8.031542393799334,21.193711634714305
Daylight_Near_20260114_210800_T8,1736906008.56,214,Daylight,Near,4,4,1280,720,23.682957836579572,1,0,diana,1,1,0.8270016911592342,133.33249641733812,252.9085645478927,213.35644417291525,453.6484870794141,16064.00107312107,chen,0.8433909642044822,bob,0.8257520797186721,0.01763888448581008,unknown,unknown,unknown,0,0,0,0,0,18.201469424344797,16.45109357583831,6.636260320044904,41.28882332022801
Daylight_Near_20260114_210800_T8,1736906008.56,214,Daylight,Near,4,4,1280,720,23.682957836579572,1,1,chen,2,1,0.6460820108740611,464.39348449106006,261.0220842857673,550.8681334633671,434.37844767886827,14990.930671534114,chen,0.886866333345502,bob,0.8051379601378111,0.08172837320769089,chen,chen,chen,3,1,1,0,0,18.201469424344797,16.45109357583831,6.636260320044904,41.28882332022801
Daylight_Near_20260114_210800_T8,1736906008.56,214,Daylight,Near,4,4,1280,720,23.682957836579572,1,2,alice,3,1,0.8389410348363403,746.5028209297473,208.39723292188364,835.0752736378504,377.25828767858945,14956.437786678738,bob,0.6363707455887563,alice,0.5629158278916493,0.07345491769710699,unknown,unknown,unknown,0,0,0,0,0,18.201469424344797,16.45109357583831,6.636260320044904,41.28882332022801
Daylight_Near_20260114_210800_T8,1736906008.56,214,Daylight,Near,4,4,1280,720,23.682957836579572,1,3,bob,4,1,0.99,1073.4329828452667,184.31606668107727,1191.1215711926122,346.94168488742696,19139.179435819675,bob,0.8519109997611858,diana,0.7825501148459941,0.06936088491519166,bob,bob,bob,3,1,1,0,0,18.201469424344797,16.45109357583831,6.636260320044904,41.28882332022801
Daylight_Near_20260114_210800_T8,1736906008.6,215,Daylight,Near,4,4,1280,720,25.24428468855595,1,0,diana,1,1,0.8299186057336337,104.37528323048724,236.37654348628246,204.4759344890926,397.2288439213746,16101.420029997575,diana,0.826340059476443,bob,0.7541663981042737,0.0721736613721693,diana,diana,diana,3,1,1,0,0,10.013165725966134,7.83117763333707,7.232721945214545,25.07706530451775
Daylight_Near_20260114_210800_T8,1736906008.6,215,Daylight,Near,4,4,1280,720,25.24428468855595,1,1,chen,2,1,0.7827395416748031,422.9638188368925,141.8600199145639,504.4750118938044,342.4509440005956,16350.405538640889,chen,0.8560705709790102,diana,0.6904280347025193,0.16564253627649084,chen,chen,chen,2,1,1,0,0,10.013165725966134,7.83117763333707,7.232721945214545,25.07706530451775
Daylight_Near_20260114_210800_T8,1736906008.6,215,Daylight,Near,4,4,1280,720,25.24428468855595,1,2,alice,3,1,0.7334763196722801,776.1776953163496,260.4550014845525,879.8043459334801,399.3811432850113,14396.450757942077,alice,0.9039811944141323,bob,0.8073905145315674,0.09659067988256487,alice,alice,alice,2,1,1,0,0,10.013165725966134,7.83117763333707,7.232721945214545,25.07706530451775
Daylight_Near_20260114_210800_T8,1736906008.6,215,Daylight,Near,4,4,1280,720,25.24428468855595,1,3,bob,4,1,0.7192549404967805,1034.3210196068603,275.54035475529355,1139.072839093431,405.2763415049712,13590.080664914352,bob,0.9241553572848078,alice,0.8300463340048857,0.0941090232799221,bob,bob,bob,2,1,1,0,0,10.013165725966134,7.83117763333707,7.232721945214545,25.07706530451775
Daylight_Near_20260114_210800_T8,1736906008.64,216,Daylight,Near,4,4,1280,720,26.89083979627838,1,0,diana,1,1,0.766751795862152,97.13746411480918,234.0348954943533,184.0810930094861,396.60979506459574,14134.85173582453,diana,0.8860084004473694,bob,0.728166837228275,0.15784156321909437,diana,diana,diana,2,1,1,0,0,14.711415213334186,6.0309045779734545,9.025472998081451,29.76779278938909
Daylight_Near_20260114_210800_T8,1736906008.64,216,Daylight,Near,4,4,1280,720,26.89083979627838,1,1,chen,2,1,0.6709471563160395,424.25280841183155,271.99546629054504,534.055203690191,463.4750578427252,21024.9177993513,bob,0.7151847976855557,chen,0.6614366589978717,0.05374813868768391,bob,bob,bob,2,0,0,1,0,14.711415213334186,6.0309045779734545,9.025472998081451,29.76779278938909
Daylight_Near_20260114_210800_T8,1736906008.64,216,Daylight,Near,4,4,1280,720,26.89083979627838,1,2,alice,3,1,0.8083126938948476,757.0934964034404,170.8005787752112,877.0519277599783,378.86820337060954,24959.46586254498,alice,0.8013878138757708,chen,0.6411076375040647,0.1602801763717061,alice,alice,alice,2,1,1,0,0,14.711415213334186,6.0309045779734545,9.025472998081451,29.76779278938909
Daylight_Near_20260114_210800_T8,1736906008.64,216,Daylight,Near,4,4,1280,720,26.89083979627838,1,3,bob,4,1,0.7835641258354784,1061.5277719462995,268.2338839157288,1162.5201271642843,399.7840963602589,13285.565784199349,bob,0.8953886562876212,diana,0.769794911841208,0.12559374444641325,bob,bob,bob,2,1,1,0,0,14.711415213334186,6.0309045779734545,9.025472998081451,29.76779278938909
Daylight_Near_20260114_210800_T8,1736906008.68,217,Daylight,Near,4,4,1280,720,21.873614921340618,0,0,diana,1,1,0.7633566124695654,72.72692081107718,237.80305216143,193.08246847977793,443.0037237172572,24697.039207086764,diana,0.7880544499905412,chen,0.722166432576775,0.06588801741376615,diana,diana,diana,2,1,1,0,0,17.622554243900733,9.896692518872939,6.14236171542078,33.66160847819445
Daylight_Near_20260114_210800_T8,1736906008.68,217,Daylight,Near,4,4,1280,720,21.873614921340618,0,1,chen,2,1,0.8814242005404498,395.7632344677864,237.8069714588572,503.66116884176716,419.29585034790784,19582.27514397813,chen,0.8919636537488869,alice,0.7132312341877911,0.17873241956109576,chen,chen,chen,2,1,1,0,0,17.622554243900733,9.896692518872939,6.14236171542078,33.66160847819445
Daylight_Near_20260114_210800_T8,1736906008.68,217,Daylight,Near,4,4,1280,720,21.873614921340618,0,2,alice,3,1,0.8101059562723967,735.1997470477303,222.58452246336498,826.8920346203125,367.37039806687784,13275.748142285422,alice,0.899710796161517,bob,0.7455179205432622,0.1541928756182548,alice,alice,alice,2,1,1,0,0,17.622554243900733,9.896692518872939,6.14236171542078,33.66160847819445
Daylight_Near_20260114_210800_T8,1736906008.68,217,Daylight,Near,4,4,1280,720,21.873614921340618,0,3,bob,4,1,0.8403851402049067,1083.3189337991532,329.89501705216236,1182.1209345589757,466.9828232582411,13544.54953293539,bob,0.859047182164768,diana,0.7918753064504312,0.0671718757143368,bob,bob,bob,2,1,1,0,0,17.622554243900733,9.896692518872939,6.14236171542078,33.66160847819445
Daylight_Near_20260114_210800_T8,1736906008.72,218,Daylight,Near,4,4,1280,720,23.71730792613841,1,0,diana,1,1,0.7448981548078507,150.19625837267296,319.70633513982966,235.69734123239135,511.4315114129638,16392.710182823357,diana,0.938565370963915,alice,0.7739656642194289,0.1645997067444861,diana,diana,diana,1,1,1,0,0,8.563472003437548,6.671989644063204,5.0352170185952305,20.270678666095982
Daylight_Near_20260114_210800_T8,1736906008.72,218,Daylight,Near,4,4,1280,720,23.71730792613841,1,1,chen,2,1,0.7908374347629675,442.97884605347247,225.7511347320185,537.4583700055665,429.8175699622193,19280.099655150203,chen,0.9132665827171412,bob,0.8105153614024282,0.10275122131471304,chen,chen,chen,2,1,1,0,0,8.563472003437548,6.671989644063204,5.0352170185952305,20.270678666095982
Daylight_Near_20260114_210800_T8,1736906008.72,218,Daylight,Near,4,4,1280,720,23.71730792613841,1,2,alice,3,1,0.7509096342917392,768.220665270016,260.26477015504406,870.9184650091921,445.0349840329227,18975.49442259513,alice,0.7878864471502246,diana,0.7224396781626564,0.06544676898756818,alice,alice,alice,2,1,1,0,0,8.563472003437548,6.671989644063204,5.0352170185952305,20.270678666095982
Daylight_Near_20260114_210800_T8,1736906008.72,218,Daylight,Near,4,4,1280,720,23.71730792613841,1,3,bob,4,1,0.7676561168856616,1078.3480687306517,209.97456589871436,1166.5080084147664,417.7011055718277,18313.159208371548,bob,0.8683051740735904,diana,0.7695856382348386,0.09871953583875182,bob,bob,bob,2,1,1,0,0,8.563472003437548,6.671989644063204,5.0352170185952305,20.270678666095982
Daylight_Near_20260114_210800_T8,1736906008.76,219,Daylight,Near,4,4,1280,720,23.66198256557907,0,0,diana,1,1,0.674043137801018,136.54128004306435,264.4546307621324,234.21355719920112,452.17853732723506,18335.42143085943,diana,0.8577871843069025,chen,0.7297586111058072,0.12802857320109529,diana,diana,diana,2,1,1,0,0,14.647172971845032,8.721386169995066,7.261178170774048,30.629737312614147
Daylight_Near_20260114_210800_T8,1736906008.76,219,Daylight,Near,4,4,1280,720,23.66198256557907,0,1,chen,2,1,0.7242240520589592,430.40239395217674,232.5612405725088,535.1078389964279,435.98809088236806,21299.898895644066,chen,0.8627680797311892,bob,0.7931498870264987,0.0696181927046905,chen,chen,chen,1,1,1,0,0,14.647172971845032,8.721386169995066,7.261178170774048,30.629737312614147
Daylight_Near_20260114_210800_T8,1736906008.76,219,Daylight,Near,4,4,1280,720,23.66198256557907,0,2,alice,3,1,0.7891163975560338,778.2985741819068,231.66442411393848,859.5132885815335,361.99502874806205,10584.76283289101,alice,0.8197593062987567,bob,0.7398987493874842,0.07986055691127247,alice,alice,alice,2,1,1,0,0,14.647172971845032,8.721386169995066,7.261178170774048,30.629737312614147
Daylight_Near_20260114_210800_T8,1736906008.76,219,Daylight,Near,4,4,1280,720,23.66198256557907,0,3,bob,4,1,0.8707017383237124,1054.1357428980461,226.0194203290847,1164.363770390981,366.57863100035775,15493.564538258308,bob,0.8757578970728409,diana,0.7729804749110623,0.10277742216177865,bob,bob,bob,2,1,1,0,0,14.647172971845032,8.721386169995066,7.261178170774048,30.629737312614147
Daylight_Near_20260114_210800_T8,1736906008.8,220,Daylight,Near,4,4,1280,720,24.853023277209992,2,0,diana,1,1,0.8982898193654643,95.71641499872204,227.24450482151144,187.3812702032527,420.755779402455,17738.18296490637,diana,0.9082025811621011,alice,0.8321902353037858,0.07601234585831529,diana,diana,diana,3,1,1,0,0,9.515178131034245,7.257264735163753,9.588486369168818,26.360929235366815
Daylight_Near_20260114_210800_T8,1736906008.8,220,Daylight,Near,4,4,1280,720,24.853023277209992,2,1,chen,2,1,0.8212799196171859,437.42261297661827,282.7293134471545,534.4045746718645,480.09581131245386,19140.99013589735,chen,0.8903228324584045,bob,0.8293570714350696,0.06096576102333484,chen,chen,chen,3,1,1,0,0,9.515178131034245,7.257264735163753,9.588486369168818,26.360929235366815
Daylight_Near_20260114_210800_T8,1736906008.8,220,Daylight,Near,4,4,1280,720,24.853023277209992,2,2,alice,3,1,0.8648239973529366,740.0798806442881,220.93007486715084,821.9955332707766,415.3875822286515,15929.113623637522,alice,0.8495109072779107,diana,0.7429851518863227,0.10652575539158793,alice,alice,alice,2,1,1,0,0,9.515178131034245,7.257264735163753,9.588486369168818,26.360929235366815
Daylight_Near_20260114_210800_T8,1736906008.8,220,Daylight,Near,4,4,1280,720,24.853023277209992,2,3,bob,4,1,0.8519059625063176,1072.0572654705584,316.83988166655064,1153.091471473896,466.2995083229818,12111.34217565918,bob,0.8427890613047286,chen,0.6894490751958355,0.1533399861088931,bob,bob,bob,2,1,1,0,0,9.515178131034245,7.257264735163753,9.588486369168818,26.360929235366815
Daylight_Near_20260114_210800_T8,1736906008.84,221,Daylight,Near,4,4,1280,720,26.492154719851122,1,0,diana,1,1,0.8253690149675047,110.50796005587912,221.34474962015756,202.4714890719351,401.85530114601875,16600.387342952803,diana,0.8421546213961093,bob,0.7252593051154504,0.11689531628065886,diana,diana,diana,1,1,1,0,0,13.125953688422406,7.567474914274396,10.064117721885925,30.757546324582727
Daylight_Near_20260114_210800_T8,1736906008.84,221,Daylight,Near,4,4,1280,720,26.492154719851122,1,1,chen,2,1,0.871620486999443,416.9470104198051,190.35806555314616,539.4294825409467,404.4741891548622,26225.47213973408,chen,0.8857010965861234,diana,0.7527323365640495,0.13296876002207392,chen,chen,chen,1,1,1,0,0,13.125953688422406,7.567474914274396,10.064117721885925,30.757546324582727
Daylight_Near_20260114_210800_T8,1736906008.84,221,Daylight,Near,4,4,1280,720,26.492154719851122,1,2,alice,3,1,0.740544338238905,746.561958412039,336.14647505190925,847.7304116124898,482.9351692333184,14850.385137647178,alice,0.7851709840694453,diana,0.7042777272878755,0.08089325678156978,alice,alice,alice,2,1,1,0,0,13.125953688422406,7.567474914274396,10.064117721885925,30.757546324582727
Daylight_Near_20260114_210800_T8,1736906008.84,221,Daylight,Near,4,4,1280,720,26.492154719851122,1,3,bob,4,1,0.7886253287867595,1069.3984440783227,267.8309501247303,1159.2390937037837,446.0073339717716,16007.4820727337,bob,0.937417989000819,chen,0.8304153832737514,0.10700260572706755,bob,bob,bob,1,1,1,0,0,13.125953688422406,7.567474914274396,10.064117721885925,30.757546324582727
Daylight_Near_20260114_210800_T8,1736906008.88,222,Daylight,Near,4,4,1280,720,26.82387135183016,1,0,diana,1,1,0.9023804258362702,108.40200580030094,314.90542079070013,221.19408318926193,459.6467873804086,16325.679421770374,diana,0.887964046990973,bob,0.7613246625496635,0.1266393844413095,diana,diana,diana,1,1,1,0,0,12.026645095671443,5.279909018686929,5.617150565526787,22.92370467988516
Daylight_Near_20260114_210800_T8,1736906008.88,222,Daylight,Near,4,4,1280,720,26.82387135183016,1,1,chen,2,1,0.7168820497122288,425.15375360669697,215.42007640307577,536.2519852595044,390.1993468480101,19417.667876,chen,0.8629979387069908,alice,0.7265647264717516,0.1364332122352392,chen,chen,chen,3,1,1,0,0,12.026645095671443,5.279909018686929,5.617150565526787,22.92370467988516
Daylight_Near_20260114_210800_T8,1736906008.88,222,Daylight,Near,4,4,1280,720,26.82387135183016,1,2,alice,3,1,0.7254501795383745,762.2221738714904,265.63889318870076,864.4854203272555,474.13423668504856,21321.410696846408,alice,0.8433161843871081,chen,0.7211226767668922,0.12219350762021586,alice,alice,alice,2,1,1,0,0,12.026645095671443,5.279909018686929,5.617150565526787,22.92370467988516
Daylight_Near_20260114_210800_T8,1736906008.88,222,Daylight,Near,4,4,1280,720,26.82387135183016,1,3,bob,4,1,0.7937920199903238,1052.1215299581906,317.4026288871873,1176.6673487938613,474.99353871841714,19627.288905988855,bob,0.7806998995883099,alice,0.6919057398780639,0.08879415971024596,bob,bob,bob,3,1,1,0,0,12.026645095671443,5.279909018686929,5.617150565526787,22.92370467988516
Daylight_Near_20260114_210800_T8,1736906008.92,223,Daylight,Near,4,4,1280,720,24.77641292735826,0,0,diana,1,1,0.5922520034100943,135.53600112746915,215.25032707998554,239.49422040869922,402.6453912635746,19481.257174617735,diana,0.8307393754979484,alice,0.6918194960623092,0.13891987943563922,diana,diana,diana,2,1,1,0,0,20.743328849163788,15.927576122650565,4.033134954996617,40.70403992681097
Daylight_Near_20260114_210800_T8,1736906008.92,223,Daylight,Near,4,4,1280,720,24.77641292735826,0,1,chen,2,1,0.6970904352554539,424.4328067399776,284.75358038022887,542.1279606159242,435.502830485554,17742.456187829797,chen,0.8437627509481901,diana,0.6759013325698303,0.16786141837835977,chen,chen,chen,1,1,1,0,0,20.743328849163788,15.927576122650565,4.033134954996617,40.70403992681097
Daylight_Near_20260114_210800_T8,1736906008.92,223,Daylight,Near,4,4,1280,720,24.77641292735826,0,2,alice,3,1,0.6788210049844688,760.3469783534277,236.58693122657743,847.1933218672165,378.6158254305234,12334.690134919447,alice,0.7914861179003552,diana,0.6790335686063507,0.1124525492940045,alice,alice,alice,2,1,1,0,0,20.743328849163788,15.927576122650565,4.033134954996617,40.70403992681097
Daylight_Near_20260114_210800_T8,1736906008.92,223,Daylight,Near,4,4,1280,720,24.77641292735826,0,3,bob,4,1,0.6935120872126331,1007.1868773063807,254.8958018593696,1129.8167301141907,438.321585696227,22493.476873071,bob,0.7455077575041358,alice,0.6407135509179482,0.10479420658618754,bob,bob,bob,2,1,1,0,0,20.743328849163788,15.927576122650565,4.033134954996617,40.70403992681097
Daylight_Near_20260114_210800_T8,1736906008.96,224,Daylight,Near,4,4,1280,720,28.781546386116457,2,0,diana,1,1,0.9036534021020078,87.40552151948924,214.16632154787698,212.70994691043,417.8672267801048,25524.624881738782,diana,0.8019678092989964,alice,0.7242372522211414,0.07773055707785492,diana,diana,diana,2,1,1,0,0,17.037641315991596,12.298340935693803,3.107579093569564,32.44356134525496
Daylight_Near_20260114_210800_T8,1736906008.96,224,Daylight,Near,4,4,1280,720,28.781546386116457,2,1,chen,2,1,0.9171891340346862,419.69063039268593,217.92144351993642,520.6983372531215,401.289308723106,18521.567576065616,chen,0.8469780966065438,alice,0.7809759599674488,0.06600213663909493,chen,chen,chen,2,1,1,0,0,17.037641315991596,12.298340935693803,3.107579093569564,32.44356134525496
Daylight_Near_20260114_210800_T8,1736906008.96,224,Daylight,Near,4,4,1280,720,28.781546386116457,2,2,alice,3,1,0.718228747898011,746.9216497404308,205.38217447598979,841.033513834445,408.137340109953,19081.666592502886,chen,0.8173560716559709,diana,0.7710455777233022,0.04631049393266873,unknown,unknown,unknown,0,0,0,0,0,17.037641315991596,12.298340935693803,3.107579093569564,32.44356134525496
Daylight_Near_20260114_210800_T8,1736906008.96,224,Daylight,Near,4,4,1280,720,28.781546386116457,2,3,bob,4,1,0.8564641645444189,1071.0200210286337,174.5543932859411,1191.0199596332934,336.721725553467,19460.069915784567,bob,0.8405419094197699,alice,0.6621265799010485,0.1784153295187214,bob,bob,bob,2,1,1,0,0,17.037641315991596,12.298340935693803,3.107579093569564,32.44356134525496
Daylight_Near_20260114_210800_T8,1736906009.0,225,Daylight,Near,4,4,1280,720,22.26979578112002,2,0,diana,1,1,0.7770194464159983,115.62420489184709,242.9334297930523,222.44851218144984,397.80233526451974,16543.76354768848,diana,0.7921561997669377,chen,0.7578583371526127,0.03429786261432499,unknown,unknown,unknown,0,0,0,0,0,8.554591587397159,8.091716669664187,6.500108823464252,23.146417080525598
Daylight_Near_20260114_210800_T8,1736906009.0,225,Daylight,Near,4,4,1280,720,22.26979578112002,2,1,chen,2,1,0.7599286684426871,413.4692815277836,250.30666760946536,536.575048142525,416.97295734558946,20517.581366800165,chen,0.857880325846444,bob,0.7444476541497175,0.11343267169672655,chen,chen,chen,3,1,1,0,0,8.554591587397159,8.091716669664187,6.500108823464252,23.146417080525598
Daylight_Near_20260114_210800_T8,1736906009.0,225,Daylight,Near,4,4,1280,720,22.26979578112002,2,2,alice,3,1,0.8042874049338502,727.6079546933488,164.52125583629447,845.1874015970991,367.6512317989926,23883.910223266143,alice,0.8269233937581543,bob,0.702596764337835,0.12432662942031925,alice,alice,alice,3,1,1,0,0,8.554591587397159,8.091716669664187,6.500108823464252,23.146417080525598
Daylight_Near_20260114_210800_T8,1736906009.0,225,Daylight,Near,4,4,1280,720,22.26979578112002,2,3,bob,4,1,0.8868152417024004,1033.4280173024106,234.0914164929002,1151.9413230011735,430.31659342818784,23255.294379925585,bob,0.9439293436406274,alice,0.7699788153237846,0.17395052831684277,bob,bob,bob,2,1,1,0,0,8.554591587397159,8.091716669664187,6.500108823464252,23.146417080525598
Daylight_Near_20260114_210800_T8,1736906009.04,226,Daylight,Near,4,4,1280,720,24.52446261251246,3,0,diana,1,1,0.7233443273098599,102.55615598037107,271.4220804553522,215.07514701288935,416.07962709165065,16276.721192755756,diana,0.8674557832209152,bob,0.7936368651550226,0.07381891806589258,diana,diana,diana,1,1,1,0,0,14.869553675790437,10.564487485384875,5.124289490351419,30.55833065152673
Daylight_Near_20260114_210800_T8,1736906009.04,226,Daylight,Near,4,4,1280,720,24.52446261251246,3,1,chen,2,1,0.8295583549439077,461.0113111866865,196.85546482158367,564.9121361484249,406.1048375774531,21741.182452061144,chen,0.8920725523211941,alice,0.8015824710828334,0.09049008123836066,chen,chen,chen,3,1,1,0,0,14.869553675790437,10.564487485384875,5.124289490351419,30.55833065152673
Daylight_Near_20260114_210800_T8,1736906009.04,226,Daylight,Near,4,4,1280,720,24.52446261251246,3,2,alice,3,1,0.6931244407078224,742.6044434674045,364.0055146020404,832.1303916907175,515.0626352858915,13523.53196510519,alice,0.9050901702717019,bob,0.7777960455983355,0.12729412467336643,alice,alice,alice,2,1,1,0,0,14.869553675790437,10.564487485384875,5.124289490351419,30.55833065152673
Daylight_Near_20260114_210800_T8,1736906009.04,226,Daylight,Near,4,4,1280,720,24.52446261251246,3,3,bob,4,1,0.8231376920083154,1067.2012141811708,257.529645936772,1195.1303584492946,467.1000625400335,26810.16405996944,bob,0.7917009100758347,diana,0.7312167918566571,0.06048411821917754,bob,bob,bob,1,1,1,0,0,14.869553675790437,10.564487485384875,5.124289490351419,30.55833065152673
Daylight_Near_20260114_210800_T8,1736906009.08,227,Daylight,Near,4,4,1280,720,22.53563645339251,2,0,diana,1,1,0.6181742140934778,130.92093485224996,213.8375626468852,236.849026581443,382.6078286669425,17877.512220132943,diana,0.9270192707659228,alice,0.7709961349333088,0.15602313583261407,diana,diana,diana,1,1,1,0,0,8.452219969527283,4.2970856470356065,8.272790337446718,21.022095954009608
Daylight_Near_20260114_210800_T8,1736906009.08,227,Daylight,Near,4,4,1280,720,22.53563645339251,2,1,chen,2,1,0.8751387193288281,435.7982546330376,165.6502820810291,544.8459119592002,378.093443276814,23166.42904336468,chen,0.8676498812692665,diana,0.7284862592853787,0.13916362198388776,chen,chen,chen,1,1,1,0,0,8.452219969527283,4.2970856470356065,8.272790337446718,21.022095954009608
Daylight_Near_20260114_210800_T8,1736906009.08,227,Daylight,Near,4,4,1280,720,22.53563645339251,2,2,alice,3,1,0.8401650807178896,737.4384479035273,267.4404943646406,827.4833046512651,482.35992130986915,19352.38901158902,alice,0.9330285774380244,diana,0.7693118981410381,0.1637166792969863,alice,alice,alice,2,1,1,0,0,8.452219969527283,4.2970856470356065,8.272790337446718,21.022095954009608
Daylight_Near_20260114_210800_T8,1736906009.08,227,Daylight,Near,4,4,1280,720,22.53563645339251,2,3,bob,4,1,0.8718339429818011,1078.2065638526337,265.1904562938066,1187.9886319023385,419.3711972441921,16926.280594969125,bob,0.7088639072085894,alice,0.6112141262041559,0.09764978100443344,bob,bob,bob,1,1,1,0,0,8.452219969527283,4.2970856470356065,8.272790337446718,21.022095954009608
Daylight_Near_20260114_210800_T8,1736906009.12,228,Daylight,Near,4,4,1280,720,20.04848559489796,1,0,diana,1,1,0.7988034887005169,85.59046056212068,219.21944430060188,187.9058906558818,388.39599928251704,17309.371984755475,diana,0.875364642291153,bob,0.7166320517927427,0.15873259049841026,diana,diana,diana,1,1,1,0,0,10.015643958971342,6.376386482359322,8.797845140072095,25.18987558140276
Daylight_Near_20260114_210800_T8,1736906009.12,228,Daylight,Near,4,4,1280,720,20.04848559489796,1,1,chen,2,1,0.6267661415343764,429.01021073238417,254.7168309080401,511.51742294569635,400.6410288931807,12039.79877021738,chen,0.9199901857646587,alice,0.7421973007475389,0.17779288501711987,chen,chen,chen,2,1,1,0,0,10.015643958971342,6.376386482359322,8.797845140072095,25.18987558140276
Daylight_Near_20260114_210800_T8,1736906009.12,228,Daylight,Near,4,4,1280,720,20.04848559489796,1,2,alice,3,1,0.7442044824335621,737.5522877684725,196.2454770588282,865.4053620762343,402.74590566323,26401.714642943236,alice,0.9305680993686035,diana,0.7791697946270226,0.1513983047415809,alice,alice,alice,1,1,1,0,0,10.015643958971342,6.376386482359322,8.797845140072095,25.18987558140276
Daylight_Near_20260114_210800_T8,1736906009.12,228,Daylight,Near,4,4,1280,720,20.04848559489796,1,3,bob,4,1,0.7479577248975847,1064.5362647337897,291.5571242307146,1152.7595820270526,423.81123816368387,11667.896656847688,bob,0.8633978610639352,chen,0.732745477576047,0.1306523834878882,bob,bob,bob,3,1,1,0,0,10.015643958971342,6.376386482359322,8.797845140072095,25.18987558140276
Daylight_Near_20260114_210800_T8,1736906009.16,229,Daylight,Near,4,4,1280,720,25.843893721943402,3,0,diana,-1,0,-1.0,-1.0,-1.0,-1.0,-1.0,0.0,unknown,-1.0,unknown,-1.0,-1.0,unknown,unknown,unknown,0,0,0,0,1,18.083911735282708,14.816850813587838,6.814974186570211,39.71573673544076
Daylight_Near_20260114_210800_T8,1736906009.16,229,Daylight,Near,4,4,1280,720,25.843893721943402,3,1,chen,2,1,0.8501028129796672,415.3624366354216,299.1861978713815,521.6563591970069,491.005822698159,20389.260347129824,chen,0.8480175529506703,alice,0.7316521654981853,0.11636538745248493,chen,chen,chen,2,1,1,0,0,18.083911735282708,14.816850813587838,6.814974186570211,39.71573673544076
Daylight_Near_20260114_210800_T8,1736906009.16,229,Daylight,Near,4,4,1280,720,25.843893721943402,3,2,alice,3,1,0.8100312750956318,751.9551207804572,166.63710481988414,871.1466419669426,336.28789972466905,20220.936315197774,alice,0.8345355666341508,bob,0.7200087292703331,0.11452683736381775,alice,alice,alice,3,1,1,0,0,18.083911735282708,14.816850813587838,6.814974186570211,39.71573673544076
Daylight_Near_20260114_210800_T8,1736906009.16,229,Daylight,Near,4,4,1280,720,25.843893721943402,3,3,bob,4,1,0.9027793043234638,1065.973444578196,276.6700111093334,1184.0532590205698,407.96810186272415,15503.65419279834,bob,0.9076328847470055,chen,0.8298725834442996,0.07776030130270595,bob,bob,bob,2,1,1,0,0,18.083911735282708,14.816850813587838,6.814974186570211,39.71573673544076
Daylight_Near_20260114_210800_T8,1736906009.2,230,Daylight,Near,4,4,1280,720,22.672206674748313,1,0,diana,1,1,0.7845576929190082,122.31649545276102,287.40317757920616,206.56838857127516,420.95415201034655,11251.922423645856,diana,0.8276893370842004,chen,0.6676523167560182,0.16003702032818223,diana,diana,diana,2,1,1,0,0,13.350121728717497,13.640556569789762,9.696244674834883,36.68692297334214
Daylight_Near_20260114_210800_T8,1736906009.2,230,Daylight,Near,4,4,1280,720,22.672206674748313,1,1,chen,2,1,0.7793109274314995,410.31748211103996,245.122719144853,535.677419435017,384.93926793202183,17527.393792814262,chen,0.8403142486363425,diana,0.6916103651105631,0.14870388352577946,chen,chen,chen,2,1,1,0,0,13.350121728717497,13.640556569789762,9.696244674834883,36.68692297334214
Daylight_Near_20260114_210800_T8,1736906009.2,230,Daylight,Near,4,4,1280,720,22.672206674748313,1,2,alice,3,1,0.7663823050153569,729.6202867778396,176.48317284305574,852.9498672381445,310.05887072148755,16473.834779039433,alice,0.8714913407609824,diana,0.7813411774971555,0.09015016326382697,alice,alice,alice,2,1,1,0,0,13.350121728717497,13.640556569789762,9.696244674834883,36.68692297334214
Daylight_Near_20260114_210800_T8,1736906009.2,230,Daylight,Near,4,4,1280,720,22.672206674748313,1,3,bob,4,1,0.5947281819804598,1053.4419181375079,158.75254399929855,1178.3787236434268,351.4140173424549,24070.509023557715,bob,0.8679712377633761,alice,0.7973560261086687,0.07061521165470741,bob,bob,bob,1,1,1,0,0,13.350121728717497,13.640556569789762,9.696244674834883,36.68692297334214
Daylight_Near_20260114_210800_T8,1736906009.24,231,Daylight,Near,4,4,1280,720,26.16177390339344,2,0,diana,1,1,0.8175763946655802,109.96149253056097,248.0359040579404,214.03003130214984,412.7131612992469,17137.72153001582,diana,0.8752648478185476,bob,0.7874965150708635,0.08776833274768414,diana,diana,diana,1,1,1,0,0,19.78017124180339,8.41170226085731,9.556278596987934,37.748152099648635
Daylight_Near_20260114_210800_T8,1736906009.24,231,Daylight,Near,4,4,1280,720,26.16177390339344,2,1,chen,2,1,0.8355185415266269,419.06038918903687,262.8073245466503,501.861569947515,431.7342416985473,13987.348202066685,chen,0.8623819145641478,diana,0.7982943667751937,0.06408754778895409,chen,chen,chen,2,1,1,0,0,19.78017124180339,8.41170226085731,9.556278596987934,37.748152099648635
Daylight_Near_20260114_210800_T8,1736906009.24,231,Daylight,Near,4,4,1280,720,26.16177390339344,2,2,alice,3,1,0.7810575559506728,777.2704388437937,333.9424299905568,878.0646114381238,486.461288356413,15373.012134018301,alice,0.9326637546590143,diana,0.7965018825402508,0.13616187211876352,alice,alice,alice,2,1,1,0,0,19.78017124180339,8.41170226085731,9.556278596987934,37.748152099648635
Daylight_Near_20260114_210800_T8,1736906009.24,231,Daylight,Near,4,4,1280,720,26.16177390339344,2,3,bob,4,1,0.7670051461795762,1075.0326651265548,232.3144504073135,1188.8829977896892,386.6442919324178,17570.503797481935,bob,0.7942084071824818,diana,0.717136160852405,0.07707224633007681,bob,bob,bob,2,1,1,0,0,19.78017124180339,8.41170226085731,9.556278596987934,37.748152099648635
Daylight_Near_20260114_210800_T8,1736906009.28,232,Daylight,Near,4,4,1280,720,24.248791662302683,2,0,diana,1,1,0.7982995256427705,117.66851715813989,295.3961666653837,222.4606799339005,425.0047590513244,13581.964710444707,diana,0.857816263239573,bob,0.7077248183166132,0.1500914449229599,diana,diana,diana,3,1,1,0,0,17.451930592817725,12.560429989567593,8.272624432167222,38.28498501455254
Daylight_Near_20260114_210800_T8,1736906009.28,232,Daylight,Near,4,4,1280,720,24.248791662302683,2,1,chen,2,1,0.8367157352586928,395.97815205861247,216.69825418152254,491.84396814642645,371.69151625035647,14858.555556341189,chen,0.8867124734695314,diana,0.7614695192630533,0.12524295420647813,chen,chen,chen,3,1,1,0,0,17.451930592817725,12.560429989567593,8.272624432167222,38.28498501455254
Daylight_Near_20260114_210800_T8,1736906009.28,232,Daylight,Near,4,4,1280,720,24.248791662302683,2,2,alice,3,1,0.8170982356603378,743.2328793804517,244.41091328544206,854.4803870224029,380.0270220854845,15086.954100104402,alice,0.8968574376146389,chen,0.7475075572382233,0.1493498803764156,alice,alice,alice,1,1,1,0,0,17.451930592817725,12.560429989567593,8.272624432167222,38.28498501455254
Daylight_Near_20260114_210800_T8,1736906009.28,232,Daylight,Near,4,4,1280,720,24.248791662302683,2,3,bob,4,1,0.7616273321149742,1076.7955659697786,181.99800538231364,1190.2992893925489,384.27965315927986,22959.720202779,bob,0.8396511740801136,alice,0.7613262501150839,0.07832492396502966,bob,bob,bob,2,1,1,0,0,17.451930592817725,12.560429989567593,8.272624432167222,38.28498501455254
Daylight_Near_20260114_210800_T8,1736906009.32,233,Daylight,Near,4,4,1280,720,22.469109878787116,1,0,diana,1,1,0.7055968388921287,90.14187605215668,189.74910710276214,216.9423703060862,383.75699049395934,24600.295503162528,diana,0.8885002415990493,bob,0.7554298452997172,0.13307039629933204,diana,diana,diana,2,1,1,0,0,10.498820272489105,4.051858394897349,5.41129127189049,19.961969939276944
Daylight_Near_20260114_210800_T8,1736906009.32,233,Daylight,Near,4,4,1280,720,22.469109878787116,1,1,chen,2,1,0.6031642504458026,451.69146330294666,294.5003414631958,533.3851079219041,479.62130908140034,15123.206540119136,alice,0.6779058991175358,diana,0.6605386783176966,0.01736722079983921,unknown,unknown,unknown,0,0,0,0,0,10.498820272489105,4.051858394897349,5.41129127189049,19.961969939276944
Daylight_Near_20260114_210800_T8,1736906009.32,233,Daylight,Near,4,4,1280,720,22.469109878787116,1,2,alice,3,1,0.7402940634534854,774.6386635889432,220.7188115231536,882.0079324086475,365.2071169800547,15513.603709905565,alice,0.9545297174869913,chen,0.7828500190280928,0.17167969845889852,alice,alice,alice,2,1,1,0,0,10.498820272489105,4.051858394897349,5.41129127189049,19.961969939276944
Daylight_Near_20260114_210800_T8,1736906009.32,233,Daylight,Near,4,4,1280,720,22.469109878787116,1,3,bob,4,1,0.7959850327104047,1070.8642291282115,310.0562513373051,1171.290436536415,520.145335926345,21098.44998313852,bob,0.8845277040954881,alice,0.7685689621843286,0.11595874191115951,bob,bob,bob,1,1,1,0,0,10.498820272489105,4.051858394897349,5.41129127189049,19.961969939276944
Daylight_Near_20260114_210800_T8,1736906009.36,234,Daylight,Near,4,4,1280,720,26.089950364078724,0,0,diana,1,1,0.7889774042886201,113.77118713987807,302.9624781256989,239.12070451569286,449.91093083354326,18419.917626051036,diana,0.892996172301968,chen,0.7811593952431367,0.11183677705883133,diana,diana,diana,3,1,1,0,0,15.81188287967954,11.168632559918072,1.873495481299388,28.854010920897
Daylight_Near_20260114_210800_T8,1736906009.36,234,Daylight,Near,4,4,1280,720,26.089950364078724,0,1,chen,2,1,0.6165299428393666,430.5172117787019,231.74522716352027,532.552877028789,412.70690270118854,18464.544948256396,chen,0.8182353094530951,alice,0.7423009597373507,0.07593434971574442,chen,chen,chen,1,1,1,0,0,15.81188287967954,11.168632559918072,1.873495481299388,28.854010920897
Daylight_Near_20260114_210800_T8,1736906009.36,234,Daylight,Near,4,4,1280,720,26.089950364078724,0,2,alice,3,1,0.8993298606805917,759.0819307612647,278.7229178220289,840.7633185051108,419.980637396054,11538.126564337415,alice,0.7960312363996351,bob,0.6863868436695354,0.10964439273009974,alice,alice,alice,3,1,1,0,0,15.81188287967954,11.168632559918072,1.873495481299388,28.854010920897
Daylight_Near_20260114_210800_T8,1736906009.36,234,Daylight,Near,4,4,1280,720,26.089950364078724,0,3,bob,4,1,0.8663430395413323,1053.8610960009514,240.41447324556242,1143.991615002924,438.50921318611444,17854.381722402726,bob,0.778104566348719,diana,0.7002237263801911,0.0778808399685279,bob,bob,bob,1,1,1,0,0,15.81188287967954,11.168632559918072,1.873495481299388,28.854010920897
Daylight_Near_20260114_210800_T8,1736906009.4,235,Daylight,Near,4,4,1280,720,23.102378677144827,3,0,diana,1,1,0.8161700445289047,99.93709013506114,256.9932838773965,184.63027942353332,403.3641441334803,12396.614973985015,diana,0.8355532529159659,bob,0.6781445322994148,0.1574087206165511,diana,diana,diana,1,1,1,0,0,14.607715242610796,12.090263156868627,7.784675452198403,34.482653851677824
Daylight_Near_20260114_210800_T8,1736906009.4,235,Daylight,Near,4,4,1280,720,23.102378677144827,3,1,chen,2,1,0.7403449729945425,431.34617981137956,230.93156424642257,533.4649553896219,407.3678051657678,18017.45289031131,chen,0.757100067891351,alice,0.6950512238624602,0.06204884402889077,chen,chen,chen,3,1,1,0,0,14.607715242610796,12.090263156868627,7.784675452198403,34.482653851677824
Daylight_Near_20260114_210800_T8,1736906009.4,235,Daylight,Near,4,4,1280,720,23.102378677144827,3,2,alice,3,1,0.7888044048732359,753.7488069990968,239.3872257845075,847.4734542075366,409.04587989408964,15901.197502279303,alice,0.8338145263332504,diana,0.6657034055725009,0.16811112076074952,alice,alice,alice,3,1,1,0,0,14.607715242610796,12.090263156868627,7.784675452198403,34.482653851677824
Daylight_Near_20260114_210800_T8,1736906009.4,235,Daylight,Near,4,4,1280,720,23.102378677144827,3,3,bob,4,1,0.7825974876844243,1076.676421623954,310.9610573225417,1168.9994978060467,456.2652050483008,13414.925900059321,bob,0.850180851790522,diana,0.7532973728170969,0.0968834789734252,bob,bob,bob,2,1,1,0,0,14.607715242610796,12.090263156868627,7.784675452198403,34.482653851677824
Daylight_Near_20260114_210800_T8,1736906009.44,236,Daylight,Near,4,4,1280,720,25.180137906461116,2,0,diana,1,1,0.6545936093372117,98.23875156577446,271.34075733863574,220.0363014434372,461.3615847155886,23144.071200239156,diana,0.8672223486395946,bob,0.7788132764215371,0.0884090722180575,diana,diana,diana,3,1,1,0,0,13.611128188487793,7.388921720089166,13.652451113715859,34.65250102229282
Daylight_Near_20260114_210800_T8,1736906009.44,236,Daylight,Near,4,4,1280,720,25.180137906461116,2,1,chen,2,1,0.7999320272194358,458.7575627121627,250.5579259688106,541.8796116005291,391.6243226836281,11725.727924234745,chen,0.8814352249798965,alice,0.7163045561810619,0.16513066879883453,chen,chen,chen,2,1,1,0,0,13.611128188487793,7.388921720089166,13.652451113715859,34.65250102229282
Daylight_Near_20260114_210800_T8,1736906009.44,236,Daylight,Near,4,4,1280,720,25.180137906461116,2,2,alice,3,1,0.8023732841304007,744.1855561292871,236.61696961664552,870.134629078638,398.35890692956525,20371.24706159427,alice,0.6586341703829731,chen,0.602492041454888,0.05614212892808512,unknown,unknown,unknown,0,0,0,0,0,13.611128188487793,7.388921720089166,13.652451113715859,34.65250102229282
Daylight_Near_20260114_210800_T8,1736906009.44,236,Daylight,Near,4,4,1280,720,25.180137906461116,2,3,bob,4,1,0.7370270953616705,1076.2477463000532,262.3605683452659,1161.7994429297737,396.8690156015535,11507.425873804674,bob,0.8220844945107747,alice,0.7216468761030311,0.10043761840774357,bob,bob,bob,3,1,1,0,0,13.611128188487793,7.388921720089166,13.652451113715859,34.65250102229282
Daylight_Near_20260114_210800_T8,1736906009.48,237,Daylight,Near,4,4,1280,720,25.025569333258492,3,0,diana,1,1,0.6942561195905449,100.59192544115176,305.8500680686221,192.4645104995164,517.3068788885996,19427.083838228904,diana,0.8839994278052281,bob,0.7605783220626637,0.12342110574256437,diana,diana,diana,3,1,1,0,0,8.483898761128444,5.673237171319487,9.816177114345527,23.973313046793457
Daylight_Near_20260114_210800_T8,1736906009.48,237,Daylight,Near,4,4,1280,720,25.025569333258492,3,1,chen,2,1,0.8075919723967928,414.0197244741852,299.7184228601269,512.4175425548765,459.86188041757543,15757.76680355073,chen,0.8428807404431076,bob,0.6802145375328494,0.16266620291025813,chen,chen,chen,1,1,1,0,0,8.483898761128444,5.673237171319487,9.816177114345527,23.973313046793457
Daylight_Near_20260114_210800_T8,1736906009.48,237,Daylight,Near,4,4,1280,720,25.025569333258492,3,2,alice,3,1,0.8694316547317967,770.1369760868103,248.59079134253224,854.947811057894,389.02166938437495,11910.06002245111,alice,0.843459075426535,chen,0.6642019456488052,0.17925712977772978,alice,alice,alice,1,1,1,0,0,8.483898761128444,5.673237171319487,9.816177114345527,23.973313046793457
Daylight_Near_20260114_210800_T8,1736906009.48,237,Daylight,Near,4,4,1280,720,25.025569333258492,3,3,bob,4,1,0.8487390264093523,1092.9471595220118,213.4537961549195,1173.0210280095432,418.9840129610177,16457.599550745323,bob,0.9199228385722601,diana,0.753075387239544,0.16684745133271606,bob,bob,bob,1,1,1,0,0,8.483898761128444,5.673237171319487,9.816177114345527,23.973313046793457
Daylight_Near_20260114_210800_T8,1736906009.52,238,Daylight,Near,4,4,1280,720,24.275359686089622,1,0,diana,1,1,0.8156428989658736,145.33491598486725,261.50120939668125,246.78640914400606,457.30909437429375,19865.002303311692,diana,0.8717376831499433,bob,0.7418983521376,0.12983933101234324,diana,diana,diana,2,1,1,0,0,8.15637019019108,4.06398071369931,3.050842533881875,15.271193437772265
Daylight_Near_20260114_210800_T8,1736906009.52,238,Daylight,Near,4,4,1280,720,24.275359686089622,1,1,chen,2,1,0.8353587580964941,438.4527058497515,288.15172789684476,546.4779720911444,462.0265525468698,18782.874225494452,chen,0.9737537978944774,alice,0.8448372875335382,0.1289165103609392,chen,chen,chen,2,1,1,0,0,8.15637019019108,4.06398071369931,3.050842533881875,15.271193437772265
Daylight_Near_20260114_210800_T8,1736906009.52,238,Daylight,Near,4,4,1280,720,24.275359686089622,1,2,alice,3,1,0.7356624672394113,718.9097001410445,270.670781355789,816.1072397603319,472.6528662323932,19632.161697180014,alice,0.99,bob,0.9070547356931122,0.08294526430688776,alice,alice,alice,2,1,1,0,0,8.15637019019108,4.06398071369931,3.050842533881875,15.271193437772265
Daylight_Near_20260114_210800_T8,1736906009.52,238,Daylight,Near,4,4,1280,720,24.275359686089622,1,3,bob,4,1,0.7831172020657039,1067.5201125400442,260.12705919087375,1192.029482100642,437.3873831533981,22070.571184681245,bob,0.8544401257165776,diana,0.6794607220021415,0.1749794037144361,bob,bob,bob,3,1,1,0,0,8.15637019019108,4.06398071369931,3.050842533881875,15.271193437772265
Daylight_Near_20260114_210800_T8,1736906009.56,239,Daylight,Near,4,4,1280,720,27.25968813046236,1,0,diana,1,1,0.99,121.90649564882244,219.29173500696868,207.04032274363414,402.6928424733446,15613.638172039427,diana,0.8369994704440544,chen,0.725997960639182,0.11100150980487244,diana,diana,diana,2,1,1,0,0,15.4602203979414,14.067079948772353,8.660405747512598,38.18770609422635
Daylight_Near_20260114_210800_T8,1736906009.56,239,Daylight,Near,4,4,1280,720,27.25968813046236,1,1,chen,2,1,0.7138083152956125,439.09441533515474,260.4191589141261,541.3981604100077,407.2146042066553,15017.723813356424,chen,0.8547826242551316,bob,0.7805387260327539,0.07424389822237776,chen,chen,chen,2,1,1,0,0,15.4602203979414,14.067079948772353,8.660405747512598,38.18770609422635
Daylight_Near_20260114_210800_T8,1736906009.56,239,Daylight,Near,4,4,1280,720,27.25968813046236,1,2,alice,3,1,0.7788223355753994,738.8268589496092,267.28924355721097,838.1015918059318,481.704478559977,21286.01517522522,alice,0.94853588998398,bob,0.8595324213083829,0.08900346867559705,alice,alice,alice,2,1,1,0,0,15.4602203979414,14.067079948772353,8.660405747512598,38.18770609422635
Daylight_Near_20260114_210800_T8,1736906009.56,239,Daylight,Near,4,4,1280,720,27.25968813046236,1,3,bob,4,1,0.7747117785854116,1079.4222297356985,204.98571206058077,1193.8189166296108,376.20595367313547,19587.028369651445,bob,0.9123197638488685,alice,0.7473522146544815,0.16496754919438694,bob,bob,bob,2,1,1,0,0,15.4602203979414,14.067079948772353,8.660405747512598,38.18770609422635
Daylight_Near_20260114_210800_T8,1736906009.6,240,Daylight,Near,4,4,1280,720,25.239920109567848,1,0,diana,1,1,0.6475354012688775,100.2379288772671,191.4320851599145,211.23637636215778,361.04382416707375,18826.639705007154,diana,0.7717829465702367,chen,0.6746534100906246,0.09712953647961209,diana,diana,diana,1,1,1,0,0,7.229685899140551,7.638232833289453,5.174993436922802,20.042912169352807
Daylight_Near_20260114_210800_T8,1736906009.6,240,Daylight,Near,4,4,1280,720,25.239920109567848,1,1,chen,2,1,0.7174412719852902,392.6121848387464,219.84235144701222,509.8158615018138,369.1772998748552,17502.605010032756,chen,0.8057604686986796,bob,0.6976948510896924,0.10806561760898714,chen,chen,chen,3,1,1,0,0,7.229685899140551,7.638232833289453,5.174993436922802,20.042912169352807
Daylight_Near_20260114_210800_T8,1736906009.6,240,Daylight,Near,4,4,1280,720,25.239920109567848,1,2,alice,3,1,0.8923670552811238,760.6403629534152,254.5696246008162,883.9952855589577,402.42737720566225,18238.98162920023,chen,0.8039924195012336,alice,0.7085167578241195,0.09547566167711408,chen,chen,chen,2,0,0,1,0,7.229685899140551,7.638232833289453,5.174993436922802,20.042912169352807
Daylight_Near_20260114_210800_T8,1736906009.6,240,Daylight,Near,4,4,1280,720,25.239920109567848,1,3,bob,4,1,0.8387074104320528,1064.501304456582,303.6506322599555,1174.5089936221232,433.25683805806773,14257.6792013639,bob,0.8699307396706204,diana,0.7574066265723048,0.11252411309831556,bob,bob,bob,2,1,1,0,0,7.229685899140551,7.638232833289453,5.174993436922802,20.042912169352807
Daylight_Near_20260114_210800_T8,1736906009.64,241,Daylight,Near,4,4,1280,720,28.768769918121606,2,0,diana,1,1,0.6861282681471707,102.47045285085441,258.69424542325044,206.15543245189036,415.17201023322013,16224.393852337409,diana,0.9118778715187867,bob,0.7950952669025613,0.11678260461622547,diana,diana,diana,1,1,1,0,0,10.061291851712339,7.334847123125045,10.098283432417766,27.494422407255147
Daylight_Near_20260114_210800_T8,1736906009.64,241,Daylight,Near,4,4,1280,720,28.768769918121606,2,1,chen,2,1,0.7652228747067888,425.33148051145207,256.5627485301599,543.7445621757328,387.01825679072994,15447.638753214122,chen,0.8407870259732492,bob,0.7907096944681571,0.05007733150509208,unknown,unknown,unknown,0,0,0,0,0,10.061291851712339,7.334847123125045,10.098283432417766,27.494422407255147
Daylight_Near_20260114_210800_T8,1736906009.64,241,Daylight,Near,4,4,1280,720,28.768769918121606,2,2,alice,3,1,0.6479855336414634,780.6867562577896,211.25511674908515,861.8539239843038,413.41600940623914,16408.827082045053,alice,0.8120635760758019,chen,0.6897230795032291,0.12234049657257284,alice,alice,alice,1,1,1,0,0,10.061291851712339,7.334847123125045,10.098283432417766,27.494422407255147
Daylight_Near_20260114_210800_T8,1736906009.64,241,Daylight,Near,4,4,1280,720,28.768769918121606,2,3,bob,4,1,0.8974566044836536,1083.3758102795591,202.65575801724424,1172.689405614392,373.1953333829126,15231.502622783531,bob,0.8632877392601765,diana,0.7446180786545433,0.11866966060563322,bob,bob,bob,3,1,1,0,0,10.061291851712339,7.334847123125045,10.098283432417766,27.494422407255147
Daylight_Near_20260114_210800_T8,1736906009.68,242,Daylight,Near,4,4,1280,720,26.439562404040785,1,0,diana,1,1,0.8528617785451345,119.90646139708902,200.03270049652326,238.46914816221562,359.50279061462254,18907.202343078716,diana,0.8736555256844116,alice,0.751151750225753,0.12250377545865865,diana,diana,diana,1,1,1,0,0,14.70252331934461,9.516297136628955,6.101748933365544,30.32056938933911
Daylight_Near_20260114_210800_T8,1736906009.68,242,Daylight,Near,4,4,1280,720,26.439562404040785,1,1,chen,2,1,0.7932169117705249,444.0689847830275,255.52201414894853,530.8545824393049,468.64607201750914,18496.09873705408,chen,0.8419148473297006,diana,0.7556820963811717,0.08623275094852889,chen,chen,chen,2,1,1,0,0,14.70252331934461,9.516297136628955,6.101748933365544,30.32056938933911
Daylight_Near_20260114_210800_T8,1736906009.68,242,Daylight,Near,4,4,1280,720,26.439562404040785,1,2,alice,3,1,0.7366238133130489,769.6604293582359,144.62620830721755,855.7805929769856,332.50677744590246,16180.305355007371,alice,0.815885012086047,chen,0.753345321481371,0.06253969060467601,alice,alice,alice,1,1,1,0,0,14.70252331934461,9.516297136628955,6.101748933365544,30.32056938933911
Daylight_Near_20260114_210800_T8,1736906009.68,242,Daylight,Near,4,4,1280,720,26.439562404040785,1,3,bob,4,1,0.6466012942477717,1070.6834948126937,204.10921803463998,1153.8571279591786,414.32198848706116,17484.159852315923,bob,0.8681573764854231,diana,0.6942193205263202,0.17393805595910294,bob,bob,bob,2,1,1,0,0,14.70252331934461,9.516297136628955,6.101748933365544,30.32056938933911
Daylight_Near_20260114_210800_T8,1736906009.72,243,Daylight,Near,4,4,1280,720,23.29078026042603,3,0,diana,1,1,0.8081007647410469,70.59191072142002,301.5547956625044,192.83678775352186,502.0983162163419,24515.41800968866,diana,0.8501758512641484,bob,0.7532920310570703,0.09688382020707809,diana,diana,diana,3,1,1,0,0,11.790395003917949,7.997915708250414,2.0235427461665285,21.81185345833489
Daylight_Near_20260114_210800_T8,1736906009.72,243,Daylight,Near,4,4,1280,720,23.29078026042603,3,1,chen,2,1,0.8614929717829004,435.6887620567271,238.62699999953082,536.9796864978853,451.67110984860807,21579.43483335668,chen,0.937067742396118,diana,0.8072322594557675,0.12983548294035052,chen,chen,chen,3,1,1,0,0,11.790395003917949,7.997915708250414,2.0235427461665285,21.81185345833489
Daylight_Near_20260114_210800_T8,1736906009.72,243,Daylight,Near,4,4,1280,720,23.29078026042603,3,2,alice,3,1,0.7538869303003938,732.3773998302297,249.2152366117836,855.2066131327824,394.2280418543815,17811.80878674459,alice,0.9058964500118689,bob,0.8226337133893524,0.08326273662251649,alice,alice,alice,3,1,1,0,0,11.790395003917949,7.997915708250414,2.0235427461665285,21.81185345833489
Daylight_Near_20260114_210800_T8,1736906009.72,243,Daylight,Near,4,4,1280,720,23.29078026042603,3,3,bob,4,1,0.8874987721977942,1079.8379449626375,265.37970100560597,1191.6477325711505,407.444158743568,15884.19684640011,bob,0.8315030494811249,diana,0.6556197536611879,0.175883295819937,bob,bob,bob,2,1,1,0,0,11.790395003917949,7.997915708250414,2.0235427461665285,21.81185345833489
Daylight_Near_20260114_210800_T8,1736906009.76,244,Daylight,Near,4,4,1280,720,22.5928265522807,1,0,diana,1,1,0.7341392714950953,113.82942252540532,286.59212974421393,221.65256387431032,428.54820708612533,15306.150192573003,diana,0.778789473192565,chen,0.7439417698156191,0.03484770337694587,unknown,unknown,unknown,0,0,0,0,0,9.202431775904582,6.396103631998864,10.610384231780506,26.208919639683952
Daylight_Near_20260114_210800_T8,1736906009.76,244,Daylight,Near,4,4,1280,720,22.5928265522807,1,1,chen,2,1,0.7749021029465207,442.18347317686994,181.29910316993053,538.0775622280842,347.50403778265377,15938.07080050372,chen,0.8690011485625979,diana,0.702005642747108,0.16699550581548994,chen,chen,chen,3,1,1,0,0,9.202431775904582,6.396103631998864,10.610384231780506,26.208919639683952
Daylight_Near_20260114_210800_T8,1736906009.76,244,Daylight,Near,4,4,1280,720,22.5928265522807,1,2,alice,3,1,0.5883720054531144,756.4672104912382,219.39851691636528,856.4201676462295,352.0895631440441,13262.86245844615,alice,0.8868883529593895,bob,0.8257257708195619,0.061162582139827615,alice,alice,alice,3,1,1,0,0,9.202431775904582,6.396103631998864,10.610384231780506,26.208919639683952
Daylight_Near_20260114_210800_T8,1736906009.76,244,Daylight,Near,4,4,1280,720,22.5928265522807,1,3,bob,4,1,0.8352792434315989,1033.0225626293093,284.7779470962708,1150.798296022331,442.35610786511864,18558.883451274538,bob,0.8698837768250802,chen,0.7722079871704834,0.09767578965459678,bob,bob,bob,2,1,1,0,0,9.202431775904582,6.396103631998864,10.610384231780506,26.208919639683952
Daylight_Near_20260114_210800_T8,1736906009.8,245,Daylight,Near,4,4,1280,720,25.56002657246843,2,0,diana,1,1,0.8242520796354257,77.43330185991243,279.917099629227,178.63300924251854,490.91437494184333,21352.862520163955,diana,0.892125225893945,chen,0.7956383319457735,0.09648689394817156,diana,diana,diana,2,1,1,0,0,12.50945334867813,6.353495361817018,4.227516186089586,23.090464896584734
Daylight_Near_20260114_210800_T8,1736906009.8,245,Daylight,Near,4,4,1280,720,25.56002657246843,2,1,chen,2,1,0.8299107912412834,418.29691657557777,177.03622571317825,498.4291891730024,335.2630653980283,12679.076249855407,chen,0.7935153177645243,alice,0.6662013560114504,0.12731396175307397,chen,chen,chen,1,1,1,0,0,12.50945334867813,6.353495361817018,4.227516186089586,23.090464896584734
Daylight_Near_20260114_210800_T8,1736906009.8,245,Daylight,Near,4,4,1280,720,25.56002657246843,2,2,alice,-1,0,-1.0,-1.0,-1.0,-1.0,-1.0,0.0,unknown,-1.0,unknown,-1.0,-1.0,unknown,unknown,unknown,0,0,0,0,1,12.50945334867813,6.353495361817018,4.227516186089586,23.090464896584734
Daylight_Near_20260114_210800_T8,1736906009.8,245,Daylight,Near,4,4,1280,720,25.56002657246843,2,3,bob,4,1,0.8029442433727909,1089.6735318581077,302.5645581248619,1169.7507027923284,432.79480143641337,10428.46945446426,bob,0.8898408016529625,diana,0.7106712503983545,0.17916955125460798,bob,bob,bob,3,1,1,0,0,12.50945334867813,6.353495361817018,4.227516186089586,23.090464896584734
Daylight_Near_20260114_210800_T8,1736906009.84,246,Daylight,Near,4,4,1280,720,24.77390646692573,0,0,diana,1,1,0.9100732005010216,100.73551633105006,293.68995384767703,201.36790532874483,454.58338257474844,16191.090106835527,diana,0.9127500930638329,chen,0.7936302060397149,0.11911988702411802,diana,diana,diana,2,1,1,0,0,5.093716665914294,5.017712965778563,3.3628900153641057,13.474319647056962
Daylight_Near_20260114_210800_T8,1736906009.84,246,Daylight,Near,4,4,1280,720,24.77390646692573,0,1,chen,2,1,0.7273955957954981,440.7997719636501,213.36440019463157,534.5241113676719,425.8106205629698,19911.381662903754,chen,0.7648436568548269,alice,0.6479775038412953,0.11686615301353165,chen,chen,chen,2,1,1,0,0,5.093716665914294,5.017712965778563,3.3628900153641057,13.474319647056962
Daylight_Near_20260114_210800_T8,1736906009.84,246,Daylight,Near,4,4,1280,720,24.77390646692573,0,2,alice,3,1,0.8444034067528108,762.7963881534819,271.8793516033644,872.0488326998815,467.1160716317704,21330.08892832437,bob,0.6821930955829061,chen,0.6104178390256807,0.07177525655722539,unknown,unknown,unknown,0,0,0,0,0,5.093716665914294,5.017712965778563,3.3628900153641057,13.474319647056962
Daylight_Near_20260114_210800_T8,1736906009.84,246,Daylight,Near,4,4,1280,720,24.77390646692573,0,3,bob,4,1,0.7287673756269943,1092.6449454389303,183.5245840057779,1173.9714102337643,395.07129169465213,17204.34587532227,bob,0.8876993873862992,chen,0.7390131861489138,0.1486862012373854,bob,bob,bob,2,1,1,0,0,5.093716665914294,5.017712965778563,3.3628900153641057,13.474319647056962
Daylight_Near_20260114_210800_T8,1736906009.88,247,Daylight,Near,4,4,1280,720,24.156231440230318,1,0,diana,1,1,0.8576926733981132,90.19384097960491,376.78218207839666,192.11975259677902,509.32878470975004,13509.93330496002,alice,0.5059289993605783,chen,0.47656196278286744,0.029367036577710892,unknown,unknown,unknown,0,0,0,0,0,12.302569272690283,6.7022059600062125,6.9249928132621505,25.929768045958646
Daylight_Near_20260114_210800_T8,1736906009.88,247,Daylight,Near,4,4,1280,720,24.156231440230318,1,1,chen,2,1,0.8217722449756083,446.9318025582499,297.16339243560395,530.8662609336928,492.06701200128447,16359.129743658777,chen,0.7941162286555643,diana,0.7320415715062945,0.06207465714926985,chen,chen,chen,3,1,1,0,0,12.302569272690283,6.7022059600062125,6.9249928132621505,25.929768045958646
Daylight_Near_20260114_210800_T8,1736906009.88,247,Daylight,Near,4,4,1280,720,24.156231440230318,1,2,alice,3,1,0.7171588083911521,742.621777077265,262.09956553508545,864.6593033294896,396.98720864577416,16461.35428722137,alice,0.9126182272651241,chen,0.7790827689643841,0.13353545830073998,alice,alice,alice,2,1,1,0,0,12.302569272690283,6.7022059600062125,6.9249928132621505,25.929768045958646
Daylight_Near_20260114_210800_T8,1736906009.88,247,Daylight,Near,4,4,1280,720,24.156231440230318,1,3,bob,4,1,0.7001749086891198,1070.7045747776897,193.53337864129773,1165.8412637735064,389.4211872233459,18636.11752314239,bob,0.8482561556605275,chen,0.7853165717957589,0.06293958386476861,bob,bob,bob,2,1,1,0,0,12.302569272690283,6.7022059600062125,6.9249928132621505,25.929768045958646
Daylight_Near_20260114_210800_T8,1736906009.92,248,Daylight,Near,4,4,1280,720,26.569073708194914,4,0,diana,1,1,0.9170207167021681,104.80248144129646,249.56854353316723,232.45028996368993,383.61213175243597,17110.370282667773,diana,0.807400144617776,chen,0.7050501570241652,0.1023499875936108,diana,diana,diana,1,1,1,0,0,8.681774110795304,7.539811080260989,6.350378617234368,22.57196380829066
Daylight_Near_20260114_210800_T8,1736906009.92,248,Daylight,Near,4,4,1280,720,26.569073708194914,4,1,chen,2,1,0.7481483265003078,419.5974861475375,166.5535453923236,535.454436575681,354.90311375018814,21821.606604399345,chen,0.8506713894178253,bob,0.7777978576598741,0.0728735317579512,chen,chen,chen,2,1,1,0,0,8.681774110795304,7.539811080260989,6.350378617234368,22.57196380829066
Daylight_Near_20260114_210800_T8,1736906009.92,248,Daylight,Near,4,4,1280,720,26.569073708194914,4,2,alice,3,1,0.6273695571961695,755.2689329644905,222.63854188314207,853.2172358508093,428.4015918671459,20154.14154264595,alice,0.9349406672805718,chen,0.858554308908972,0.0763863583715998,alice,alice,alice,2,1,1,0,0,8.681774110795304,7.539811080260989,6.350378617234368,22.57196380829066
Daylight_Near_20260114_210800_T8,1736906009.92,248,Daylight,Near,4,4,1280,720,26.569073708194914,4,3,bob,4,1,0.7537469905983077,1049.4837936000322,237.2295647841271,1168.6308830932876,399.82175592995327,19372.386349356242,bob,0.8822241628135756,alice,0.7073335161109753,0.17489064670260035,bob,bob,bob,3,1,1,0,0,8.681774110795304,7.539811080260989,6.350378617234368,22.57196380829066
Daylight_Near_20260114_210800_T8,1736906009.96,249,Daylight,Near,4,4,1280,720,27.305137617619906,0,0,diana,1,1,0.6359830107157722,132.97925370021892,268.4638525583454,219.9461727630059,447.05459763159416,15531.486872148047,diana,0.9210142084720019,chen,0.8464222608447578,0.07459194762724408,diana,diana,diana,2,1,1,0,0,14.662816689980826,14.28366411995436,7.5994148149724445,36.54589562490763
Daylight_Near_20260114_210800_T8,1736906009.96,249,Daylight,Near,4,4,1280,720,27.305137617619906,0,1,chen,2,1,0.8379012134310482,447.8273248110533,171.97402025297788,553.8605768279591,370.60324410041176,21061.302550137352,chen,0.793072341507378,alice,0.6188649068421184,0.17420743466525968,chen,chen,chen,2,1,1,0,0,14.662816689980826,14.28366411995436,7.5994148149724445,36.54589562490763
Daylight_Near_20260114_210800_T8,1736906009.96,249,Daylight,Near,4,4,1280,720,27.305137617619906,0,2,alice,3,1,0.7248217796989908,748.2474330763392,318.61656154691065,866.4208329400175,511.3950490901422,22781.289293561418,alice,0.8284094208821643,chen,0.7307457779999259,0.09766364288223839,alice,alice,alice,2,1,1,0,0,14.662816689980826,14.28366411995436,7.5994148149724445,36.54589562490763
Daylight_Near_20260114_210800_T8,1736906009.96,249,Daylight,Near,4,4,1280,720,27.305137617619906,0,3,bob,4,1,0.804241802541599,1064.7682543419312,291.9817066274725,1167.4180909068853,447.955976801196,16010.73334167071,bob,0.7210520563024441,chen,0.571981809309778,0.14907024699266602,bob,bob,bob,2,1,1,0,0,14.662816689980826,14.28366411995436,7.5994148149724445,36.54589562490763
Daylight_Near_20260114_210800_T8,1736906010.0,250,Daylight,Near,4,4,1280,720,22.9614973325172,0,0,diana,1,1,0.772573159442804,73.80978823136743,278.31215099058755,180.37403166986044,431.5088466996828,16325.289975516764,diana,0.8830098252488487,chen,0.7686977715629858,0.11431205368586295,diana,diana,diana,2,1,1,0,0,23.438338377199706,9.20433399494239,11.475438166766926,44.11811053890902
Daylight_Near_20260114_210800_T8,1736906010.0,250,Daylight,Near,4,4,1280,720,22.9614973325172,0,1,chen,2,1,0.7680926672565046,426.3005796370812,194.14629696828433,536.7298754903464,366.49747670437296,19032.61941773582,chen,0.8159449166986615,alice,0.6843209063930747,0.1316240103055868,chen,chen,chen,1,1,1,0,0,23.438338377199706,9.20433399494239,11.475438166766926,44.11811053890902
Daylight_Near_20260114_210800_T8,1736906010.0,250,Daylight,Near,4,4,1280,720,22.9614973325172,0,2,alice,3,1,0.7337792074278827,693.7778443564262,272.8198664842271,814.9440226561835,433.5721249938133,19477.73681666121,alice,0.9166838972942523,diana,0.7898468452494394,0.12683705204481288,alice,alice,alice,1,1,1,0,0,23.438338377199706,9.20433399494239,11.475438166766926,44.11811053890902
Daylight_Near_20260114_210800_T8,1736906010.0,250,Daylight,Near,4,4,1280,720,22.9614973325172,0,3,bob,4,1,0.6128368104787252,1073.0435439603534,281.3717947057164,1178.5834607398747,448.86328316500897,17677.03775327188,bob,0.8397800076064847,chen,0.6823922168201384,0.15738779078634635,bob,bob,bob,2,1,1,0,0,23.438338377199706,9.20433399494239,11.475438166766926,44.11811053890902
