trial_id,t_wall,frame_idx,lighting,distance,n_users_roster,n_users_db,cam_w,cam_h,proc_fps,drained,slot_idx,true_id,track_id,detected,det_score,bbox_x1,bbox_y1,bbox_x2,bbox_y2,bbox_area,best_id,best_sim,second_id,second_sim,margin,accepted_id,stable_id,pending_id,pending_count,is_correct_accepted,is_correct_stable,is_wrong_accepted,is_miss,lat_det_ms,lat_emb_ms,lat_match_ms,lat_total_ms
Dim_Far_20260114_211800_T18,1736916000.04,1,Dim,Far,4,4,1280,720,26.418246679120514,1,0,diana,1,1,0.8144023326255854,89.53445527567041,201.38616754851154,201.33674655248754,399.9991487764593,22205.38637860403,bob,0.5551722156288538,chen,0.48072048133941625,0.07445173428943752,unknown,unknown,unknown,0,0,0,0,0,23.992236147588724,14.069673734248523,15.82058943408605,53.8824993159233
Dim_Far_20260114_211800_T18,1736916000.04,1,Dim,Far,4,4,1280,720,26.418246679120514,1,1,chen,2,1,0.7872166107190469,438.5461356682591,248.50218225184506,539.5183575208895,391.0773925058064,14396.135760448404,diana,0.6562297617688186,alice,0.6300533097776658,0.026176451991152816,unknown,unknown,unknown,0,0,0,0,0,23.992236147588724,14.069673734248523,15.82058943408605,53.8824993159233
Dim_Far_20260114_211800_T18,1736916000.04,1,Dim,Far,4,4,1280,720,26.418246679120514,1,2,alice,-1,0,-1.0,-1.0,-1.0,-1.0,-1.0,0.0,unknown,-1.0,unknown,-1.0,-1.0,unknown,unknown,unknown,0,0,0,0,1,23.992236147588724,14.069673734248523,15.82058943408605,53.8824993159233
Dim_Far_20260114_211800_T18,1736916000.04,1,Dim,Far,4,4,1280,720,26.418246679120514,1,3,bob,4,1,0.8318959230065426,1065.4316425982258,249.96463767778584,1156.574748151286,391.30632845975254,12882.320641988785,bob,0.5664704358548251,alice,0.5174674716841177,0.049002964170707486,unknown,unknown,unknown,0,0,0,0,0,23.992236147588724,14.069673734248523,15.82058943408605,53.8824993159233
Dim_Far_20260114_211800_T18,1736916000.08,2,Dim,Far,4,4,1280,720,22.906172277470187,0,0,diana,1,1,0.9438320104709201,110.87725712680708,290.05397446856375,205.83005346479496,460.6485219836094,16198.429326567324,diana,0.8544659359636766,bob,0.7202684475075689,0.13419748845610768,diana,diana,diana,2,1,1,0,0,33.37063823742118,21.070568773301563,14.3503907337296,68.79159774445235
Dim_Far_20260114_211800_T18,1736916000.08,2,Dim,Far,4,4,1280,720,22.906172277470187,0,1,chen,2,1,0.7244672796565439,434.72319802532286,211.45508740988237,542.6692030069146,358.44400254023344,15866.86616489964,chen,0.862856996744048,diana,0.69462251401051,0.16823448273353803,chen,chen,chen,2,1,1,0,0,33.37063823742118,21.070568773301563,14.3503907337296,68.79159774445235
Dim_Far_20260114_211800_T18,1736916000.08,2,Dim,Far,4,4,1280,720,22.906172277470187,0,2,alice,3,1,0.7745458594268125,782.4705798101807,308.1023387941072,872.9673854774062,488.7436414991667,16347.460866374235,alice,0.8590063538314616,chen,0.6977510868159766,0.16125526701548498,alice,alice,alice,1,1,1,0,0,33.37063823742118,21.070568773301563,14.3503907337296,68.79159774445235
Dim_Far_20260114_211800_T18,1736916000.08,2,Dim,Far,4,4,1280,720,22.906172277470187,0,3,bob,4,1,0.7816541722805871,1046.8251176762096,209.5178017403652,1150.9799989116195,365.04302696065446,16198.711361929605,bob,0.8459442073445895,chen,0.712384939329025,0.1335592680155645,bob,bob,bob,1,1,1,0,0,33.37063823742118,21.070568773301563,14.3503907337296,68.79159774445235
Dim_Far_20260114_211800_T18,1736916000.12,3,Dim,Far,4,4,1280,720,26.278627575141915,0,0,diana,1,1,0.7082501402857295,102.58579788664046,231.87006349994178,186.4700708107269,401.91385171159095,14263.99953939153,diana,0.8488351194295511,chen,0.7303241443705057,0.1185109750590454,diana,diana,diana,2,1,1,0,0,15.168280070364474,9.684670118611312,4.619607339030768,29.472557528006554
Dim_Far_20260114_211800_T18,1736916000.12,3,Dim,Far,4,4,1280,720,26.278627575141915,0,1,chen,2,1,0.8196007025890776,449.00576389424657,297.3880055631357,539.2166854650447,451.5604034818148,13908.034097023845,bob,0.7583217138561643,alice,0.6854112958998685,0.07291041795629583,unknown,unknown,unknown,0,0,0,0,0,15.168280070364474,9.684670118611312,4.619607339030768,29.472557528006554
Dim_Far_20260114_211800_T18,1736916000.12,3,Dim,Far,4,4,1280,720,26.278627575141915,0,2,alice,3,1,0.7650894828618855,720.3927710759275,185.51727808184103,829.2394098218664,384.63830994445595,21673.655021868635,alice,0.8029356263093366,bob,0.6999457865939904,0.10298983971534614,alice,alice,alice,3,1,1,0,0,15.168280070364474,9.684670118611312,4.619607339030768,29.472557528006554
Dim_Far_20260114_211800_T18,1736916000.12,3,Dim,Far,4,4,1280,720,26.278627575141915,0,3,bob,4,1,0.9408148550248487,1081.9203293372436,199.32958850736426,1197.0709383930578,394.7461011880108,22502.330454739676,bob,0.9656314341348973,chen,0.8048202078509409,0.1608112262839564,bob,bob,bob,1,1,1,0,0,15.168280070364474,9.684670118611312,4.619607339030768,29.472557528006554
Dim_Far_20260114_211800_T18,1736916000.16,4,Dim,Far,4,4,1280,720,19.921661755512975,0,0,diana,1,1,0.750297226650415,102.07213948958096,306.1270094472032,188.51543979078193,502.78936320064525,17000.142903449807,diana,0.8999917092862113,alice,0.7777622002057559,0.12222950908045538,diana,diana,diana,2,1,1,0,0,24.991261163291036,13.536527538717605,15.074043484691012,53.60183218669965
Dim_Far_20260114_211800_T18,1736916000.16,4,Dim,Far,4,4,1280,720,19.921661755512975,0,1,chen,2,1,0.8993333535380432,438.3991591361006,265.1293809894096,551.6513150211974,452.397321902985,21208.49803662535,chen,0.8862855580042812,bob,0.7459331774161241,0.14035238058815713,chen,chen,chen,3,1,1,0,0,24.991261163291036,13.536527538717605,15.074043484691012,53.60183218669965
Dim_Far_20260114_211800_T18,1736916000.16,4,Dim,Far,4,4,1280,720,19.921661755512975,0,2,alice,3,1,0.8199081667091815,760.6011508569758,220.35034393347374,868.2913369762838,418.8712320368245,21378.75138842016,bob,0.6410842575244479,diana,0.5686409280390364,0.07244332948541143,unknown,unknown,unknown,0,0,0,0,0,24.991261163291036,13.536527538717605,15.074043484691012,53.60183218669965
Dim_Far_20260114_211800_T18,1736916000.16,4,Dim,Far,4,4,1280,720,19.921661755512975,0,3,bob,4,1,0.9640288754068724,1073.8082263726897,304.3078244317908,1168.3546377699545,488.0288963593175,17370.168048806423,bob,0.734670377663192,diana,0.5650740375449657,0.16959634011822633,bob,bob,bob,3,1,1,0,0,24.991261163291036,13.536527538717605,15.074043484691012,53.60183218669965
Dim_Far_20260114_211800_T18,1736916000.2,5,Dim,Far,4,4,1280,720,23.406586369530427,2,0,diana,1,1,0.7618134886402657,119.72037945872894,191.7671564876145,212.53270873687734,322.1088108197321,12097.312540531098,alice,0.9394331452408278,diana,0.9152407656292818,0.024192379611545967,alice,alice,alice,1,0,0,1,0,9.804138943035323,8.731363544385104,8.899390297956703,27.43489278537713
Dim_Far_20260114_211800_T18,1736916000.2,5,Dim,Far,4,4,1280,720,23.406586369530427,2,1,chen,2,1,0.6873918495661566,436.4933090516698,247.16709683414808,537.3461019941433,379.1332812282469,13309.158270106322,diana,0.6344134269873543,alice,0.5855318920425899,0.04888153494476433,unknown,unknown,unknown,0,0,0,0,0,9.804138943035323,8.731363544385104,8.899390297956703,27.43489278537713
Dim_Far_20260114_211800_T18,1736916000.2,5,Dim,Far,4,4,1280,720,23.406586369530427,2,2,alice,-1,0,-1.0,-1.0,-1.0,-1.0,-1.0,0.0,unknown,-1.0,unknown,-1.0,-1.0,unknown,unknown,unknown,0,0,0,0,1,9.804138943035323,8.731363544385104,8.899390297956703,27.43489278537713
Dim_Far_20260114_211800_T18,1736916000.2,5,Dim,Far,4,4,1280,720,23.406586369530427,2,3,bob,4,1,0.9208930747834831,1061.3575661034613,241.39326411432882,1171.1435921064688,453.9977011983406,23340.996258060084,bob,0.8450337696774478,alice,0.716037747753995,0.12899602192345283,bob,bob,bob,2,1,1,0,0,9.804138943035323,8.731363544385104,8.899390297956703,27.43489278537713
Dim_Far_20260114_211800_T18,1736916000.24,6,Dim,Far,4,4,1280,720,25.728822362581283,1,0,diana,1,1,0.7151308650570439,82.94659222757826,228.2677604838164,169.9374087258584,401.2151169899916,15044.831753691322,diana,0.7900451202994829,bob,0.7382270092013067,0.051818111098176245,unknown,unknown,unknown,0,0,0,0,0,16.368806665227478,12.890893681009006,14.266047014776875,43.52574736101336
Dim_Far_20260114_211800_T18,1736916000.24,6,Dim,Far,4,4,1280,720,25.728822362581283,1,1,chen,2,1,0.7484545963427031,439.3299770052179,233.77398950719714,548.0980787335698,390.96720418551183,17097.60756513758,chen,0.8739225541786442,alice,0.7457884515492799,0.1281341026293643,chen,chen,chen,3,1,1,0,0,16.368806665227478,12.890893681009006,14.266047014776875,43.52574736101336
Dim_Far_20260114_211800_T18,1736916000.24,6,Dim,Far,4,4,1280,720,25.728822362581283,1,2,alice,3,1,0.9758834518145204,752.9965642039986,212.45803464993568,841.8912605197181,390.1983777771102,15800.173825341968,alice,0.8771801276686657,bob,0.6977127293673808,0.1794673983012849,alice,alice,alice,2,1,1,0,0,16.368806665227478,12.890893681009006,14.266047014776875,43.52574736101336
Dim_Far_20260114_211800_T18,1736916000.24,6,Dim,Far,4,4,1280,720,25.728822362581283,1,3,bob,4,1,0.81251313356429,1082.4254847448624,183.7997888108461,1205.172632054528,365.96834687800316,22360.67083225872,bob,0.7152248145238531,alice,0.558910886581399,0.15631392794245413,bob,bob,bob,1,1,1,0,0,16.368806665227478,12.890893681009006,14.266047014776875,43.52574736101336
Dim_Far_20260114_211800_T18,1736916000.28,7,Dim,Far,4,4,1280,720,24.72403591152722,2,0,diana,1,1,0.7960258136711446,124.38694730801839,239.73443692759955,245.59183186169415,430.0128386891371,23062.67171856509,diana,0.8925403911130196,bob,0.8113099609720424,0.0812304301409772,diana,diana,diana,3,1,1,0,0,22.26575723189221,10.269654921316137,18.3597145965501,50.89512674975845
Dim_Far_20260114_211800_T18,1736916000.28,7,Dim,Far,4,4,1280,720,24.72403591152722,2,1,chen,2,1,0.9200336712244327,431.43900568120364,194.7409789390629,518.8547352261867,394.04615513831004,17422.40737954858,chen,0.8295123109893037,bob,0.7698193185915347,0.05969299239776893,unknown,unknown,unknown,0,0,0,0,0,22.26575723189221,10.269654921316137,18.3597145965501,50.89512674975845
Dim_Far_20260114_211800_T18,1736916000.28,7,Dim,Far,4,4,1280,720,24.72403591152722,2,2,alice,3,1,0.717544333228293,738.788611125587,329.2790215458458,831.4941737642367,498.86676740199005,15721.727396214199,alice,0.8428802443843872,bob,0.7561513263171651,0.08672891806722216,alice,alice,alice,3,1,1,0,0,22.26575723189221,10.269654921316137,18.3597145965501,50.89512674975845
Dim_Far_20260114_211800_T18,1736916000.28,7,Dim,Far,4,4,1280,720,24.72403591152722,2,3,bob,4,1,0.8314211248918082,1065.1854403474285,298.52426228812965,1157.0139742923639,452.39625895591894,14129.839869183063,chen,0.9448945583824081,bob,0.9133158703902114,0.03157868799219665,chen,chen,chen,1,0,0,1,0,22.26575723189221,10.269654921316137,18.3597145965501,50.89512674975845
Dim_Far_20260114_211800_T18,1736916000.32,8,Dim,Far,4,4,1280,720,24.948018897042683,0,0,diana,1,1,0.7772125014519446,114.25938222808568,208.07201022970958,229.56732755959914,423.4553894849038,24835.414920474563,alice,0.9339601699776624,diana,0.9103718894158451,0.023588280561817276,alice,alice,alice,1,0,0,1,0,26.495260061123794,21.520865323763044,8.477850915480811,56.49397630036765
Dim_Far_20260114_211800_T18,1736916000.32,8,Dim,Far,4,4,1280,720,24.948018897042683,0,1,chen,2,1,0.7136377441796087,453.0024162411765,250.00663800703626,562.720521015123,387.2845873248974,15061.876426409615,chen,0.9158858204232336,alice,0.8497750311122911,0.0661107893109425,chen,chen,chen,2,1,1,0,0,26.495260061123794,21.520865323763044,8.477850915480811,56.49397630036765
Dim_Far_20260114_211800_T18,1736916000.32,8,Dim,Far,4,4,1280,720,24.948018897042683,0,2,alice,3,1,0.6415210915675834,749.7310395049334,208.48052057031748,842.9854568669331,417.4716994693247,19489.350622024358,alice,0.9287858891738964,diana,0.8137141192951423,0.11507176987875412,alice,alice,alice,2,1,1,0,0,26.495260061123794,21.520865323763044,8.477850915480811,56.49397630036765
Dim_Far_20260114_211800_T18,1736916000.32,8,Dim,Far,4,4,1280,720,24.948018897042683,0,3,bob,4,1,0.7493807523282937,1085.9498101558333,271.46313170224823,1176.523441642954,405.9609141374965,12181.952582125094,bob,0.6513780048066331,alice,0.5744336059248107,0.07694439888182236,unknown,unknown,unknown,0,0,0,0,0,26.495260061123794,21.520865323763044,8.477850915480811,56.49397630036765
Dim_Far_20260114_211800_T18,1736916000.36,9,Dim,Far,4,4,1280,720,27.133985530972218,0,0,diana,1,1,0.6657819181631666,119.74229367020614,216.64757482695592,213.75807393971184,361.8697681041038,13653.177813400023,diana,0.7174071494813451,chen,0.7073544153507353,0.010052734130609808,unknown,unknown,unknown,0,0,0,0,0,16.46684946078097,6.506581157972771,8.480645240735289,31.45407585948903
Dim_Far_20260114_211800_T18,1736916000.36,9,Dim,Far,4,4,1280,720,27.133985530972218,0,1,chen,2,1,0.7433088637309432,448.01746656038114,252.1860477646158,532.8169415285231,405.0365081505942,12961.63878936975,chen,0.6369362636101157,alice,0.5594734587980991,0.07746280481201662,unknown,unknown,unknown,0,0,0,0,0,16.46684946078097,6.506581157972771,8.480645240735289,31.45407585948903
Dim_Far_20260114_211800_T18,1736916000.36,9,Dim,Far,4,4,1280,720,27.133985530972218,0,2,alice,-1,0,-1.0,-1.0,-1.0,-1.0,-1.0,0.0,unknown,-1.0,unknown,-1.0,-1.0,unknown,unknown,unknown,0,0,0,0,1,16.46684946078097,6.506581157972771,8.480645240735289,31.45407585948903
Dim_Far_20260114_211800_T18,1736916000.36,9,Dim,Far,4,4,1280,720,27.133985530972218,0,3,bob,4,1,0.804852591613177,1079.420234868162,226.92260347123184,1161.1135795685382,374.14565140735056,12027.143202885356,bob,0.9054827021333005,chen,0.8341928071591362,0.07128989497416427,bob,bob,bob,2,1,1,0,0,16.46684946078097,6.506581157972771,8.480645240735289,31.45407585948903
Dim_Far_20260114_211800_T18,1736916000.4,10,Dim,Far,4,4,1280,720,25.328406367856616,0,0,diana,1,1,0.8142103042836611,134.26531544490902,247.6402522595095,241.73009193917946,424.46771374742383,19002.723626847925,diana,0.9055653224816077,bob,0.7610644000324001,0.14450092244920765,diana,diana,diana,1,1,1,0,0,20.384256626815105,10.096561387454088,11.116972136070356,41.59779015033955
Dim_Far_20260114_211800_T18,1736916000.4,10,Dim,Far,4,4,1280,720,25.328406367856616,0,1,chen,2,1,0.8245574957693216,434.9511362617227,213.46289913434006,535.1072930975963,411.7085271915073,19855.52021571991,bob,0.6440297516688653,alice,0.6284823282030629,0.015547423465802401,unknown,unknown,unknown,0,0,0,0,0,20.384256626815105,10.096561387454088,11.116972136070356,41.59779015033955
Dim_Far_20260114_211800_T18,1736916000.4,10,Dim,Far,4,4,1280,720,25.328406367856616,0,2,alice,-1,0,-1.0,-1.0,-1.0,-1.0,-1.0,0.0,unknown,-1.0,unknown,-1.0,-1.0,unknown,unknown,unknown,0,0,0,0,1,20.384256626815105,10.096561387454088,11.116972136070356,41.59779015033955
Dim_Far_20260114_211800_T18,1736916000.4,10,Dim,Far,4,4,1280,720,25.328406367856616,0,3,bob,-1,0,-1.0,-1.0,-1.0,-1.0,-1.0,0.0,unknown,-1.0,unknown,-1.0,-1.0,unknown,unknown,unknown,0,0,0,0,1,20.384256626815105,10.096561387454088,11.116972136070356,41.59779015033955
Dim_Far_20260114_211800_T18,1736916000.44,11,Dim,Far,4,4,1280,720,23.300141167772896,1,0,diana,1,1,0.7914247322766466,88.07449501442836,163.4700431767186,172.40576208241413,347.43295355727014,15513.825325906222,diana,0.8511595250399145,chen,0.7373868409550188,0.11377268408489571,diana,diana,diana,2,1,1,0,0,17.22398043834668,10.676000395914546,4.402502538924029,32.302483373185254
Dim_Far_20260114_211800_T18,1736916000.44,11,Dim,Far,4,4,1280,720,23.300141167772896,1,1,chen,2,1,0.6658921488489231,424.539781843548,259.8086717465434,531.8899239875564,436.47746767853494,18965.420355710103,chen,0.7248515056110972,alice,0.563670027135851,0.16118147847524622,chen,chen,chen,1,1,1,0,0,17.22398043834668,10.676000395914546,4.402502538924029,32.302483373185254
Dim_Far_20260114_211800_T18,1736916000.44,11,Dim,Far,4,4,1280,720,23.300141167772896,1,2,alice,3,1,0.7791425169854647,746.6640022253505,265.66489521980077,828.4888031964922,447.98198283321983,14918.05940760622,alice,0.7770549779038495,chen,0.6644243452705014,0.11263063263334805,alice,alice,alice,2,1,1,0,0,17.22398043834668,10.676000395914546,4.402502538924029,32.302483373185254
Dim_Far_20260114_211800_T18,1736916000.44,11,Dim,Far,4,4,1280,720,23.300141167772896,1,3,bob,4,1,0.9092656389255954,1053.155325280548,284.0244522979173,1157.633123982264,443.25401995253327,16635.95471678023,bob,0.8522420710027022,chen,0.6811341246582334,0.1711079463444688,bob,bob,bob,1,1,1,0,0,17.22398043834668,10.676000395914546,4.402502538924029,32.302483373185254
Dim_Far_20260114_211800_T18,1736916000.48,12,Dim,Far,4,4,1280,720,21.106125472415812,0,0,diana,1,1,0.5320410553327124,108.96134761251932,322.7618085004155,195.9302188650799,457.1666257990483,11689.035251368721,diana,0.8155245209333448,bob,0.7286525673536699,0.08687195357967492,diana,diana,diana,2,1,1,0,0,21.47830166866591,18.67091188255264,9.641009655922595,49.790223207141146
Dim_Far_20260114_211800_T18,1736916000.48,12,Dim,Far,4,4,1280,720,21.106125472415812,0,1,chen,2,1,0.708697713446362,437.01204288286607,173.07141595935656,560.2685137980714,329.50692158171887,19281.688348848133,chen,0.9167147732568279,bob,0.7526940251677644,0.16402074808906353,chen,chen,chen,3,1,1,0,0,21.47830166866591,18.67091188255264,9.641009655922595,49.790223207141146
Dim_Far_20260114_211800_T18,1736916000.48,12,Dim,Far,4,4,1280,720,21.106125472415812,0,2,alice,3,1,0.7752692740185461,750.0070805897507,268.54571361814124,866.2773396059312,437.6665498875499,19663.723438077195,diana,0.7939402310242535,alice,0.7404334268414299,0.05350680418282361,diana,diana,diana,1,0,0,1,0,21.47830166866591,18.67091188255264,9.641009655922595,49.790223207141146
Dim_Far_20260114_211800_T18,1736916000.48,12,Dim,Far,4,4,1280,720,21.106125472415812,0,3,bob,4,1,0.99,1057.6592087438528,257.13384271478714,1144.3588212201532,405.19611050160273,12836.941239479134,bob,0.8483252106360191,alice,0.7624311357869998,0.08589407484901923,bob,bob,bob,3,1,1,0,0,21.47830166866591,18.67091188255264,9.641009655922595,49.790223207141146
Dim_Far_20260114_211800_T18,1736916000.52,13,Dim,Far,4,4,1280,720,25.400552613249346,3,0,diana,-1,0,-1.0,-1.0,-1.0,-1.0,-1.0,0.0,unknown,-1.0,unknown,-1.0,-1.0,unknown,unknown,unknown,0,0,0,0,1,30.07483293451045,25.78875124188697,18.911486879847345,74.77507105624477
Dim_Far_20260114_211800_T18,1736916000.52,13,Dim,Far,4,4,1280,720,25.400552613249346,3,1,chen,2,1,0.7347345788773396,401.6438259780001,181.4270526362159,519.0139306070907,385.50846449490325,23953.056662706673,diana,0.7344604884862951,chen,0.6720369973069029,0.062423491179392165,diana,diana,diana,2,0,0,1,0,30.07483293451045,25.78875124188697,18.911486879847345,74.77507105624477
Dim_Far_20260114_211800_T18,1736916000.52,13,Dim,Far,4,4,1280,720,25.400552613249346,3,2,alice,3,1,0.9477163300568272,723.4657164140651,139.90927216570532,849.2464908041786,351.75909884191634,26646.635253745146,diana,0.7600986912329124,alice,0.7024592523395318,0.057639438893380635,diana,diana,diana,1,0,0,1,0,30.07483293451045,25.78875124188697,18.911486879847345,74.77507105624477
Dim_Far_20260114_211800_T18,1736916000.52,13,Dim,Far,4,4,1280,720,25.400552613249346,3,3,bob,4,1,0.7357498509649335,1061.0751202550007,219.05123686390743,1156.8559434389515,390.3638586315035,16408.46393470116,alice,0.6669367195473723,chen,0.6016211178174288,0.06531560172994355,unknown,unknown,unknown,0,0,0,0,0,30.07483293451045,25.78875124188697,18.911486879847345,74.77507105624477
Dim_Far_20260114_211800_T18,1736916000.56,14,Dim,Far,4,4,1280,720,24.631944609000165,1,0,diana,1,1,0.7209768711916227,102.30934493091749,345.95762300022295,192.51811740082874,498.9514733981591,13801.387439843065,diana,0.7332251954803995,chen,0.5576239419518104,0.17560125352858913,diana,diana,diana,2,1,1,0,0,25.700851622086628,16.841550490403453,20.359061564885135,62.90146367737522
Dim_Far_20260114_211800_T18,1736916000.56,14,Dim,Far,4,4,1280,720,24.631944609000165,1,1,chen,2,1,0.8632860781190862,460.987635164468,230.94873339184178,583.4546580595274,404.6203074934282,21269.04064172,chen,0.9444977918360591,diana,0.875241837204216,0.06925595463184309,chen,chen,chen,2,1,1,0,0,25.700851622086628,16.841550490403453,20.359061564885135,62.90146367737522
Dim_Far_20260114_211800_T18,1736916000.56,14,Dim,Far,4,4,1280,720,24.631944609000165,1,2,alice,-1,0,-1.0,-1.0,-1.0,-1.0,-1.0,0.0,unknown,-1.0,unknown,-1.0,-1.0,unknown,unknown,unknown,0,0,0,0,1,25.700851622086628,16.841550490403453,20.359061564885135,62.90146367737522
Dim_Far_20260114_211800_T18,1736916000.56,14,Dim,Far,4,4,1280,720,24.631944609000165,1,3,bob,4,1,0.7434427319201682,1076.8058094989487,185.34817204050947,1157.54550265025,344.7983461981365,12873.958134408354,bob,0.796854860842647,alice,0.6825354871705622,0.11431937367208478,bob,bob,bob,2,1,1,0,0,25.700851622086628,16.841550490403453,20.359061564885135,62.90146367737522
Dim_Far_20260114_211800_T18,1736916000.6,15,Dim,Far,4,4,1280,720,24.731163127843985,1,0,diana,1,1,0.6569286121678355,110.54251327100224,265.15932655993595,231.42851941019603,480.10280975477065,25983.659229070487,diana,0.9143895796215374,bob,0.8276149225499423,0.08677465707159515,diana,diana,diana,1,1,1,0,0,48.29280521440371,33.652707486776045,14.625805800580011,96.57131850175976
Dim_Far_20260114_211800_T18,1736916000.6,15,Dim,Far,4,4,1280,720,24.731163127843985,1,1,chen,2,1,0.8540189449956512,424.26141725503936,227.2001955256706,506.86783135439254,362.07650333002226,11141.648134678093,chen,0.9577118369863644,bob,0.8442657639387302,0.11344607304763421,chen,chen,chen,2,1,1,0,0,48.29280521440371,33.652707486776045,14.625805800580011,96.57131850175976
Dim_Far_20260114_211800_T18,1736916000.6,15,Dim,Far,4,4,1280,720,24.731163127843985,1,2,alice,3,1,0.8351088437120795,791.0721618134269,156.7948576530568,885.9663834990481,357.43231157065935,19039.335030495593,alice,0.8652048355987514,diana,0.7427921423778481,0.12241269322090331,alice,alice,alice,2,1,1,0,0,48.29280521440371,33.652707486776045,14.625805800580011,96.57131850175976
Dim_Far_20260114_211800_T18,1736916000.6,15,Dim,Far,4,4,1280,720,24.731163127843985,1,3,bob,4,1,0.9179220347470571,1053.8697640544988,285.4441671647869,1173.071097776009,449.5577621902281,19562.559408864414,bob,0.7473875120172391,alice,0.6326122080699347,0.1147753039473044,bob,bob,bob,3,1,1,0,0,48.29280521440371,33.652707486776045,14.625805800580011,96.57131850175976
Dim_Far_20260114_211800_T18,1736916000.64,16,Dim,Far,4,4,1280,720,20.539121939928634,0,0,diana,-1,0,-1.0,-1.0,-1.0,-1.0,-1.0,0.0,unknown,-1.0,unknown,-1.0,-1.0,unknown,unknown,unknown,0,0,0,0,1,37.71953762296818,16.31125821735894,15.605755436284234,69.63655127661136
Dim_Far_20260114_211800_T18,1736916000.64,16,Dim,Far,4,4,1280,720,20.539121939928634,0,1,chen,2,1,0.948561541590215,411.2291196886721,198.74966757671132,495.0691414504822,378.63769208879387,15081.815889782036,bob,0.5881867063082151,diana,0.5694232155801336,0.018763490728081478,unknown,unknown,unknown,0,0,0,0,0,37.71953762296818,16.31125821735894,15.605755436284234,69.63655127661136
Dim_Far_20260114_211800_T18,1736916000.64,16,Dim,Far,4,4,1280,720,20.539121939928634,0,2,alice,3,1,0.8197325177010125,753.8715815931491,202.28934469860732,849.5810114020201,386.92152219477987,17671.040432528927,alice,0.9124278016040329,bob,0.7910369579213923,0.12139084368264064,alice,alice,alice,3,1,1,0,0,37.71953762296818,16.31125821735894,15.605755436284234,69.63655127661136
Dim_Far_20260114_211800_T18,1736916000.64,16,Dim,Far,4,4,1280,720,20.539121939928634,0,3,bob,4,1,0.7728963746428784,1059.7676238762026,291.0189818604255,1179.287110333227,479.3616642209499,22510.62067366834,bob,0.8950743543108115,diana,0.74246314980933,0.15261120450148147,bob,bob,bob,1,1,1,0,0,37.71953762296818,16.31125821735894,15.605755436284234,69.63655127661136
Dim_Far_20260114_211800_T18,1736916000.68,17,Dim,Far,4,4,1280,720,25.587120294829692,1,0,diana,1,1,0.8013402167226811,105.72782001902311,253.12025793331298,191.33944488680078,398.350708716208,12433.414871803452,diana,0.8692912915546303,chen,0.7097621633588109,0.15952912819581933,diana,diana,diana,2,1,1,0,0,25.493039179605038,15.478545172943681,9.96822014182924,50.93980449437796
Dim_Far_20260114_211800_T18,1736916000.68,17,Dim,Far,4,4,1280,720,25.587120294829692,1,1,chen,2,1,0.8408352139471101,433.95199285132753,239.54780000510016,533.3958818754965,392.10896301871264,15171.275364123825,chen,0.8113583490706533,alice,0.6565077828406849,0.1548505662299684,chen,chen,chen,3,1,1,0,0,25.493039179605038,15.478545172943681,9.96822014182924,50.93980449437796
Dim_Far_20260114_211800_T18,1736916000.68,17,Dim,Far,4,4,1280,720,25.587120294829692,1,2,alice,3,1,0.8683416769289588,777.9957496638378,208.251530439985,875.2792051730692,350.42890772299813,13831.506557331202,alice,0.7722173794048672,diana,0.6916844257554491,0.08053295364941815,alice,alice,alice,1,1,1,0,0,25.493039179605038,15.478545172943681,9.96822014182924,50.93980449437796
Dim_Far_20260114_211800_T18,1736916000.68,17,Dim,Far,4,4,1280,720,25.587120294829692,1,3,bob,4,1,0.8463520417943333,1036.2562738982745,341.4573397509399,1158.65735548631,485.3858747771718,17617.008358592248,bob,0.8481355754878059,diana,0.6754231117474823,0.17271246374032367,bob,bob,bob,2,1,1,0,0,25.493039179605038,15.478545172943681,9.96822014182924,50.93980449437796
Dim_Far_20260114_211800_T18,1736916000.72,18,Dim,Far,4,4,1280,720,24.202510971294085,2,0,diana,1,1,0.745594249747365,123.65275408039126,269.93649941783855,210.4413231323809,426.310620163273,13571.4861762593,diana,0.8763528758199016,chen,0.7732991660011321,0.10305370981876949,diana,diana,diana,3,1,1,0,0,15.286913629763797,9.731381089435985,5.826692441264642,30.844987160464424
Dim_Far_20260114_211800_T18,1736916000.72,18,Dim,Far,4,4,1280,720,24.202510971294085,2,1,chen,2,1,0.8532085622830515,417.213600162337,232.21778498016886,529.849497858489,368.15684638520077,15311.618213328102,chen,0.9094644927444274,alice,0.7861217029216485,0.12334278982277891,chen,chen,chen,1,1,1,0,0,15.286913629763797,9.731381089435985,5.826692441264642,30.844987160464424
Dim_Far_20260114_211800_T18,1736916000.72,18,Dim,Far,4,4,1280,720,24.202510971294085,2,2,alice,3,1,0.7347704487253598,728.7992888518501,209.50508297743386,846.9641847430229,418.4488728102998,24689.8211727077,alice,0.8163788941492722,chen,0.6659209992808506,0.15045789486842165,alice,alice,alice,3,1,1,0,0,15.286913629763797,9.731381089435985,5.826692441264642,30.844987160464424
Dim_Far_20260114_211800_T18,1736916000.72,18,Dim,Far,4,4,1280,720,24.202510971294085,2,3,bob,-1,0,-1.0,-1.0,-1.0,-1.0,-1.0,0.0,unknown,-1.0,unknown,-1.0,-1.0,unknown,unknown,unknown,0,0,0,0,1,15.286913629763797,9.731381089435985,5.826692441264642,30.844987160464424
Dim_Far_20260114_211800_T18,1736916000.76,19,Dim,Far,4,4,1280,720,23.991140454606963,2,0,diana,1,1,0.8437042542872063,99.79899463652012,288.60703186499103,222.52118671436372,435.65130647813595,18045.595713021554,diana,0.8551438806836449,bob,0.7694725114650739,0.08567136921857099,diana,diana,diana,2,1,1,0,0,19.21306026413211,10.735263602152285,14.752614056643205,44.7009379229276
Dim_Far_20260114_211800_T18,1736916000.76,19,Dim,Far,4,4,1280,720,23.991140454606963,2,1,chen,2,1,0.8722642379943535,431.18370827770366,351.7680923613836,535.7394513794228,483.9321882024556,13818.515252030114,chen,0.8532398308165807,bob,0.7734049424336805,0.0798348883829002,chen,chen,chen,2,1,1,0,0,19.21306026413211,10.735263602152285,14.752614056643205,44.7009379229276
Dim_Far_20260114_211800_T18,1736916000.76,19,Dim,Far,4,4,1280,720,23.991140454606963,2,2,alice,3,1,0.8931339919400776,730.6090142187539,244.00726556322752,832.4334983239063,398.2314225486748,15703.795221595197,alice,0.7639458903713496,chen,0.6847892823333915,0.0791566080379581,unknown,unknown,unknown,0,0,0,0,0,19.21306026413211,10.735263602152285,14.752614056643205,44.7009379229276
Dim_Far_20260114_211800_T18,1736916000.76,19,Dim,Far,4,4,1280,720,23.991140454606963,2,3,bob,4,1,0.7674613049923305,1093.1866161156458,231.10967897744467,1210.405487007858,379.936648111649,17445.329280221544,diana,0.7544815503833118,alice,0.7174673320007409,0.03701421838257091,unknown,unknown,unknown,0,0,0,0,0,19.21306026413211,10.735263602152285,14.752614056643205,44.7009379229276
Dim_Far_20260114_211800_T18,1736916000.8,20,Dim,Far,4,4,1280,720,22.50677104401187,2,0,diana,1,1,0.7382569364917008,92.13625483770397,182.3184785483184,209.3519960553125,383.60921141110526,23594.442452747193,diana,0.8501185062168716,chen,0.7058827156438979,0.14423579057297364,diana,diana,diana,1,1,1,0,0,27.003234373786047,17.223667417288002,4.989242257715503,49.21614404878955
Dim_Far_20260114_211800_T18,1736916000.8,20,Dim,Far,4,4,1280,720,22.50677104401187,2,1,chen,2,1,0.7596369533567718,430.91983333379204,281.4978654591363,518.1327278813789,469.2887800727268,16377.789233189951,chen,0.852923511380874,alice,0.7163411165604134,0.13658239482046053,chen,chen,chen,2,1,1,0,0,27.003234373786047,17.223667417288002,4.989242257715503,49.21614404878955
Dim_Far_20260114_211800_T18,1736916000.8,20,Dim,Far,4,4,1280,720,22.50677104401187,2,2,alice,3,1,0.9310846392346306,724.1493910870759,291.16425564648557,846.2411766122232,502.12087713862,25756.07058632736,bob,0.5905511483321859,alice,0.5760206664216271,0.014530481910558835,unknown,unknown,unknown,0,0,0,0,0,27.003234373786047,17.223667417288002,4.989242257715503,49.21614404878955
Dim_Far_20260114_211800_T18,1736916000.8,20,Dim,Far,4,4,1280,720,22.50677104401187,2,3,bob,4,1,0.8091975376652861,1055.2027675010856,352.77184984501855,1160.5406718383776,508.19346354017625,16371.787075368075,bob,0.78558561022727,diana,0.6600278461843909,0.1255577640428791,bob,bob,bob,3,1,1,0,0,27.003234373786047,17.223667417288002,4.989242257715503,49.21614404878955
Dim_Far_20260114_211800_T18,1736916000.84,21,Dim,Far,4,4,1280,720,25.394969763698416,1,0,diana,1,1,0.7177388845215518,111.98650557731357,233.13367802331905,233.8360139807233,366.9684391460755,16307.699850095649,diana,0.8702676344488145,chen,0.7615450109949518,0.10872262345386274,diana,diana,diana,1,1,1,0,0,18.399120751089264,15.383069022233155,7.436480511065415,41.218670284387834
Dim_Far_20260114_211800_T18,1736916000.84,21,Dim,Far,4,4,1280,720,25.394969763698416,1,1,chen,-1,0,-1.0,-1.0,-1.0,-1.0,-1.0,0.0,unknown,-1.0,unknown,-1.0,-1.0,unknown,unknown,unknown,0,0,0,0,1,18.399120751089264,15.383069022233155,7.436480511065415,41.218670284387834
Dim_Far_20260114_211800_T18,1736916000.84,21,Dim,Far,4,4,1280,720,25.394969763698416,1,2,alice,3,1,0.7420202558495711,753.6496071286975,212.62698248555773,879.9745795689458,369.0723622041952,19762.958281361058,alice,0.7317872385550732,chen,0.5879396222407838,0.14384761631428944,alice,alice,alice,2,1,1,0,0,18.399120751089264,15.383069022233155,7.436480511065415,41.218670284387834
Dim_Far_20260114_211800_T18,1736916000.84,21,Dim,Far,4,4,1280,720,25.394969763698416,1,3,bob,4,1,0.7842055080609224,1070.957773726027,247.18287899920648,1175.699514254411,378.5075374390787,13755.17329928776,bob,0.917883279637183,chen,0.8270471936220851,0.09083608601509785,bob,bob,bob,1,1,1,0,0,18.399120751089264,15.383069022233155,7.436480511065415,41.218670284387834
Dim_Far_20260114_211800_T18,1736916000.88,22,Dim,Far,4,4,1280,720,23.81211993336893,0,0,diana,1,1,0.816894865453043,88.64748216612723,203.45615089762788,180.43569323787995,345.5782444779764,13045.13272351242,diana,0.8450446990144614,alice,0.7628100411722811,0.08223465784218031,diana,diana,diana,3,1,1,0,0,11.2116235724015,11.71668047693335,6.61303367054243,29.54133771987728
Dim_Far_20260114_211800_T18,1736916000.88,22,Dim,Far,4,4,1280,720,23.81211993336893,0,1,chen,2,1,0.7194990682518185,423.4239466545746,255.50974025973125,523.3499671936042,432.02609587517026,17638.57697670302,chen,0.8130518109909842,bob,0.674623759912268,0.13842805107871625,chen,chen,chen,1,1,1,0,0,11.2116235724015,11.71668047693335,6.61303367054243,29.54133771987728
Dim_Far_20260114_211800_T18,1736916000.88,22,Dim,Far,4,4,1280,720,23.81211993336893,0,2,alice,-1,0,-1.0,-1.0,-1.0,-1.0,-1.0,0.0,unknown,-1.0,unknown,-1.0,-1.0,unknown,unknown,unknown,0,0,0,0,1,11.2116235724015,11.71668047693335,6.61303367054243,29.54133771987728
Dim_Far_20260114_211800_T18,1736916000.88,22,Dim,Far,4,4,1280,720,23.81211993336893,0,3,bob,4,1,0.8509822373613483,1054.4396839857598,286.0099561786423,1162.4560223330989,499.337690561217,23042.880735939478,bob,0.8726084376660014,diana,0.7300585498226941,0.14254988784330724,bob,bob,bob,2,1,1,0,0,11.2116235724015,11.71668047693335,6.61303367054243,29.54133771987728
Dim_Far_20260114_211800_T18,1736916000.92,23,Dim,Far,4,4,1280,720,25.833434491345123,0,0,diana,1,1,0.6315181814602984,100.55531727623608,227.01096911886697,195.2141213343319,400.87929349104314,16458.16764865527,diana,0.9146952670798416,alice,0.8085362700793559,0.1061589970004857,diana,diana,diana,2,1,1,0,0,12.043031251103356,11.769217670220888,6.658691287828377,30.470940209152623
Dim_Far_20260114_211800_T18,1736916000.92,23,Dim,Far,4,4,1280,720,25.833434491345123,0,1,chen,2,1,0.7789752367612476,447.9840286132708,209.08968990753496,551.7331935643385,382.02642886038154,17942.042255718618,chen,0.8571663420725333,diana,0.731020907323995,0.12614543474853823,chen,chen,chen,2,1,1,0,0,12.043031251103356,11.769217670220888,6.658691287828377,30.470940209152623
Dim_Far_20260114_211800_T18,1736916000.92,23,Dim,Far,4,4,1280,720,25.833434491345123,0,2,alice,3,1,0.7238180446498638,738.412372644439,221.42179861304174,861.0059407399614,388.5196706900891,20485.124359094396,alice,0.808712355526816,bob,0.6294314877581577,0.17928086776865826,alice,alice,alice,2,1,1,0,0,12.043031251103356,11.769217670220888,6.658691287828377,30.470940209152623
Dim_Far_20260114_211800_T18,1736916000.92,23,Dim,Far,4,4,1280,720,25.833434491345123,0,3,bob,-1,0,-1.0,-1.0,-1.0,-1.0,-1.0,0.0,unknown,-1.0,unknown,-1.0,-1.0,unknown,unknown,unknown,0,0,0,0,1,12.043031251103356,11.769217670220888,6.658691287828377,30.470940209152623
Dim_Far_20260114_211800_T18,1736916000.96,24,Dim,Far,4,4,1280,720,24.80221155170924,0,0,diana,1,1,0.6885318466722994,114.56814690318052,159.8205276729919,219.31133991681716,359.69474885471817,20935.464127687857,diana,0.9405900179359898,alice,0.8126590492576375,0.1279309686783523,diana,diana,diana,3,1,1,0,0,24.036339728870157,15.994532365574432,17.57641704476077,57.607289139205356
Dim_Far_20260114_211800_T18,1736916000.96,24,Dim,Far,4,4,1280,720,24.80221155170924,0,1,chen,2,1,0.8253570250358994,428.8032454764444,236.14961401575144,545.3911846148563,380.8300816453532,16867.99755451699,chen,0.8833096027149188,alice,0.729263979134711,0.1540456235802078,chen,chen,chen,2,1,1,0,0,24.036339728870157,15.994532365574432,17.57641704476077,57.607289139205356
Dim_Far_20260114_211800_T18,1736916000.96,24,Dim,Far,4,4,1280,720,24.80221155170924,0,2,alice,3,1,0.6698159809746025,763.2639207630837,175.68552732629888,849.542616393951,345.86136454802244,14682.54926338111,alice,0.7279790986223821,diana,0.6795364380901134,0.048442660532268644,unknown,unknown,unknown,0,0,0,0,0,24.036339728870157,15.994532365574432,17.57641704476077,57.607289139205356
Dim_Far_20260114_211800_T18,1736916000.96,24,Dim,Far,4,4,1280,720,24.80221155170924,0,3,bob,4,1,0.8248794679536063,1058.354626601607,345.6583350540059,1178.9187426334993,478.6419407798044,16033.050871064594,bob,0.773175216576661,alice,0.6288404246773365,0.14433479189932452,bob,bob,bob,3,1,1,0,0,24.036339728870157,15.994532365574432,17.57641704476077,57.607289139205356
Dim_Far_20260114_211800_T18,1736916001.0,25,Dim,Far,4,4,1280,720,25.851790129017683,2,0,diana,1,1,0.9230362080644686,118.43678094356406,185.50429826567256,205.71196203753945,341.52670208266045,13616.883547844975,diana,0.9147841701561059,alice,0.7669529079222461,0.14783126223385978,diana,diana,diana,2,1,1,0,0,31.496111499575594,19.1143006147028,10.436108904487487,61.04652101876588
Dim_Far_20260114_211800_T18,1736916001.0,25,Dim,Far,4,4,1280,720,25.851790129017683,2,1,chen,2,1,0.9337657945797825,421.6222659690035,308.23611569754274,545.8001932655565,497.0809226417951,23450.35670705495,chen,0.7652754680712299,bob,0.5970270458894334,0.16824842218179648,chen,chen,chen,3,1,1,0,0,31.496111499575594,19.1143006147028,10.436108904487487,61.04652101876588
Dim_Far_20260114_211800_T18,1736916001.0,25,Dim,Far,4,4,1280,720,25.851790129017683,2,2,alice,3,1,0.7379131315994832,749.5824943722308,230.77083262357831,870.5569412156248,394.3785701269723,19792.355543772286,bob,0.8967465092121114,alice,0.8101277559008908,0.0866187533112206,bob,bob,bob,2,0,0,1,0,31.496111499575594,19.1143006147028,10.436108904487487,61.04652101876588
Dim_Far_20260114_211800_T18,1736916001.0,25,Dim,Far,4,4,1280,720,25.851790129017683,2,3,bob,4,1,0.7616116274456958,1073.6293338028336,230.1789617980691,1176.509750186544,398.7777218895573,17345.51063998959,bob,0.9108905803364856,chen,0.8395813856019848,0.07130919473450081,bob,bob,bob,2,1,1,0,0,31.496111499575594,19.1143006147028,10.436108904487487,61.04652101876588
Dim_Far_20260114_211800_T18,1736916001.04,26,Dim,Far,4,4,1280,720,28.47113242356908,2,0,diana,1,1,0.7826959074356049,119.03818827449591,182.6439561395954,204.05162566313987,374.48445926784916,16309.020601299759,diana,0.8319691005098402,alice,0.6905061383518234,0.1414629621580168,diana,diana,diana,3,1,1,0,0,19.21714212324655,12.520751587949016,13.596230673748957,45.33412438494452
Dim_Far_20260114_211800_T18,1736916001.04,26,Dim,Far,4,4,1280,720,28.47113242356908,2,1,chen,2,1,0.8354607742745611,428.9897919380178,235.36428882958657,554.9288321662694,402.16659334180724,21006.92213812964,chen,0.6951410415697599,bob,0.6204233923030298,0.07471764926673008,unknown,unknown,unknown,0,0,0,0,0,19.21714212324655,12.520751587949016,13.596230673748957,45.33412438494452
Dim_Far_20260114_211800_T18,1736916001.04,26,Dim,Far,4,4,1280,720,28.47113242356908,2,2,alice,3,1,0.8184855850030139,744.2707324156015,256.06907121502263,871.3704992973153,410.84100954380415,19671.477281419113,alice,0.8473526397250923,bob,0.728080538638082,0.11927210108701036,alice,alice,alice,2,1,1,0,0,19.21714212324655,12.520751587949016,13.596230673748957,45.33412438494452
Dim_Far_20260114_211800_T18,1736916001.04,26,Dim,Far,4,4,1280,720,28.47113242356908,2,3,bob,-1,0,-1.0,-1.0,-1.0,-1.0,-1.0,0.0,unknown,-1.0,unknown,-1.0,-1.0,unknown,unknown,unknown,0,0,0,0,1,19.21714212324655,12.520751587949016,13.596230673748957,45.33412438494452
Dim_Far_20260114_211800_T18,1736916001.08,27,Dim,Far,4,4,1280,720,25.275179485914197,0,0,diana,1,1,0.7407580128058073,111.68631495331559,255.3838318528725,216.9299510629157,421.21344914733083,17452.511898732224,diana,0.8749077463069719,bob,0.7199377619999838,0.15496998430698805,diana,diana,diana,3,1,1,0,0,15.665956673029326,9.031410564553875,16.97270171140447,41.67006894898767
Dim_Far_20260114_211800_T18,1736916001.08,27,Dim,Far,4,4,1280,720,25.275179485914197,0,1,chen,2,1,0.884271277456264,458.33663360645096,181.64149512232933,581.4401995402088,390.1445474699996,25667.469252071198,chen,0.9194399127885056,alice,0.786101552992348,0.1333383597961576,chen,chen,chen,2,1,1,0,0,15.665956673029326,9.031410564553875,16.97270171140447,41.67006894898767
Dim_Far_20260114_211800_T18,1736916001.08,27,Dim,Far,4,4,1280,720,25.275179485914197,0,2,alice,-1,0,-1.0,-1.0,-1.0,-1.0,-1.0,0.0,unknown,-1.0,unknown,-1.0,-1.0,unknown,unknown,unknown,0,0,0,0,1,15.665956673029326,9.031410564553875,16.97270171140447,41.67006894898767
Dim_Far_20260114_211800_T18,1736916001.08,27,Dim,Far,4,4,1280,720,25.275179485914197,0,3,bob,-1,0,-1.0,-1.0,-1.0,-1.0,-1.0,0.0,unknown,-1.0,unknown,-1.0,-1.0,unknown,unknown,unknown,0,0,0,0,1,15.665956673029326,9.031410564553875,16.97270171140447,41.67006894898767
Dim_Far_20260114_211800_T18,1736916001.12,28,Dim,Far,4,4,1280,720,26.328622495299943,1,0,diana,1,1,0.8722725250485607,100.89086637417566,272.73530788763264,228.5484763589699,455.8517932503569,23376.212870220934,diana,0.8861168232184622,alice,0.7718738777821614,0.11424294543630076,diana,diana,diana,2,1,1,0,0,31.004470910145763,13.09360696692024,13.108556550863137,57.20663442792914
Dim_Far_20260114_211800_T18,1736916001.12,28,Dim,Far,4,4,1280,720,26.328622495299943,1,1,chen,2,1,0.7865134940374338,436.2575130978644,323.1707924181105,528.7438409739253,498.63989361637687,16228.492825540581,alice,0.6346238797862748,chen,0.5781313306990463,0.05649254908722845,unknown,unknown,unknown,0,0,0,0,0,31.004470910145763,13.09360696692024,13.108556550863137,57.20663442792914
Dim_Far_20260114_211800_T18,1736916001.12,28,Dim,Far,4,4,1280,720,26.328622495299943,1,2,alice,-1,0,-1.0,-1.0,-1.0,-1.0,-1.0,0.0,unknown,-1.0,unknown,-1.0,-1.0,unknown,unknown,unknown,0,0,0,0,1,31.004470910145763,13.09360696692024,13.108556550863137,57.20663442792914
Dim_Far_20260114_211800_T18,1736916001.12,28,Dim,Far,4,4,1280,720,26.328622495299943,1,3,bob,-1,0,-1.0,-1.0,-1.0,-1.0,-1.0,0.0,unknown,-1.0,unknown,-1.0,-1.0,unknown,unknown,unknown,0,0,0,0,1,31.004470910145763,13.09360696692024,13.108556550863137,57.20663442792914
Dim_Far_20260114_211800_T18,1736916001.16,29,Dim,Far,4,4,1280,720,25.711301978533296,2,0,diana,-1,0,-1.0,-1.0,-1.0,-1.0,-1.0,0.0,unknown,-1.0,unknown,-1.0,-1.0,unknown,unknown,unknown,0,0,0,0,1,20.83909035562812,12.780215483067703,4.40604032280946,38.02534616150528
Dim_Far_20260114_211800_T18,1736916001.16,29,Dim,Far,4,4,1280,720,25.711301978533296,2,1,chen,2,1,0.7109381696776049,416.7809930998141,189.6979895881941,522.7203872269824,380.99223634644875,20265.596601582532,alice,0.7914370503707292,chen,0.7634484459906553,0.02798860438007389,alice,alice,alice,2,0,0,1,0,20.83909035562812,12.780215483067703,4.40604032280946,38.02534616150528
Dim_Far_20260114_211800_T18,1736916001.16,29,Dim,Far,4,4,1280,720,25.711301978533296,2,2,alice,-1,0,-1.0,-1.0,-1.0,-1.0,-1.0,0.0,unknown,-1.0,unknown,-1.0,-1.0,unknown,unknown,unknown,0,0,0,0,1,20.83909035562812,12.780215483067703,4.40604032280946,38.02534616150528
Dim_Far_20260114_211800_T18,1736916001.16,29,Dim,Far,4,4,1280,720,25.711301978533296,2,3,bob,4,1,0.6023626520428712,1069.2682812379092,254.4080255853949,1158.578173486119,418.5987502487491,14663.855927839675,bob,0.827200860926873,diana,0.7351821687132285,0.09201869221364445,bob,bob,bob,1,1,1,0,0,20.83909035562812,12.780215483067703,4.40604032280946,38.02534616150528
Dim_Far_20260114_211800_T18,1736916001.2,30,Dim,Far,4,4,1280,720,27.38150969192232,0,0,diana,1,1,0.6894392440593677,110.98828574834985,256.71291389337335,221.6784549874687,446.15188774018696,20969.03207558881,diana,0.8714037557728608,chen,0.8058933733397531,0.0655103824331077,diana,diana,diana,3,1,1,0,0,21.070536685361738,15.613654058708908,6.607018148618872,43.29120889268952
Dim_Far_20260114_211800_T18,1736916001.2,30,Dim,Far,4,4,1280,720,27.38150969192232,0,1,chen,2,1,0.8998154372549958,417.2475390451257,217.4904648524289,526.9918890026888,418.68600985080127,22080.07430020402,chen,0.8407314791792405,diana,0.6986157881547763,0.1421156910244642,chen,chen,chen,2,1,1,0,0,21.070536685361738,15.613654058708908,6.607018148618872,43.29120889268952
Dim_Far_20260114_211800_T18,1736916001.2,30,Dim,Far,4,4,1280,720,27.38150969192232,0,2,alice,3,1,0.7886325832619443,739.9681639344832,234.45400909428605,859.6681640756382,438.48819781014225,24422.89241808843,alice,0.8144437260664149,diana,0.6691661469860567,0.1452775790803582,alice,alice,alice,2,1,1,0,0,21.070536685361738,15.613654058708908,6.607018148618872,43.29120889268952
Dim_Far_20260114_211800_T18,1736916001.2,30,Dim,Far,4,4,1280,720,27.38150969192232,0,3,bob,4,1,0.7956539251280251,1046.130906408855,229.64151700159005,1139.8343035918729,389.0704448405895,14939.032147760458,chen,0.7393782375028586,bob,0.6816283104535378,0.057749927049320804,chen,chen,chen,1,0,0,1,0,21.070536685361738,15.613654058708908,6.607018148618872,43.29120889268952
Dim_Far_20260114_211800_T18,1736916001.24,31,Dim,Far,4,4,1280,720,24.05561316646679,2,0,diana,1,1,0.9597641073660026,79.85161314123748,258.6195739768474,190.30480957434855,434.028058662593,19374.42781502902,diana,0.7880845329147356,bob,0.6589209327428813,0.12916360017185424,diana,diana,diana,2,1,1,0,0,29.932367264068187,12.135911177577425,15.769304009610293,57.837582451255905
Dim_Far_20260114_211800_T18,1736916001.24,31,Dim,Far,4,4,1280,720,24.05561316646679,2,1,chen,2,1,0.7834733161761517,415.37407835180557,246.05179920526098,539.9034765806076,395.556532710134,18617.734495719254,chen,0.8803306681312755,diana,0.774696863197865,0.10563380493341046,chen,chen,chen,2,1,1,0,0,29.932367264068187,12.135911177577425,15.769304009610293,57.837582451255905
Dim_Far_20260114_211800_T18,1736916001.24,31,Dim,Far,4,4,1280,720,24.05561316646679,2,2,alice,3,1,0.9684406340013566,735.2594436830115,269.6750249109982,852.7320426805585,429.8917837353041,18821.079062054392,diana,0.7832850791528774,alice,0.7579425741684953,0.025342504984382064,diana,diana,diana,2,0,0,1,0,29.932367264068187,12.135911177577425,15.769304009610293,57.837582451255905
Dim_Far_20260114_211800_T18,1736916001.24,31,Dim,Far,4,4,1280,720,24.05561316646679,2,3,bob,4,1,0.616210457364929,1074.171321023188,250.1915595801127,1182.5932032002886,400.38162091124383,16283.889133815403,bob,0.8521901201645081,alice,0.6827507972622281,0.16943932290228003,bob,bob,bob,2,1,1,0,0,29.932367264068187,12.135911177577425,15.769304009610293,57.837582451255905
Dim_Far_20260114_211800_T18,1736916001.28,32,Dim,Far,4,4,1280,720,23.08935388386045,0,0,diana,1,1,0.7208566140707212,114.8253455742925,257.1318886282217,223.5599836703742,466.15273958342146,22727.806583148682,diana,0.8373993418676016,alice,0.7198275492513819,0.11757179261621964,diana,diana,diana,2,1,1,0,0,14.920379376473203,8.600658484881448,14.523775394483279,38.04481325583793
Dim_Far_20260114_211800_T18,1736916001.28,32,Dim,Far,4,4,1280,720,23.08935388386045,0,1,chen,2,1,0.7371679605836992,420.3877431773653,220.7683860843162,534.9756714492473,430.3633184854363,24017.049080129516,chen,0.9021728503111848,diana,0.732330495862201,0.16984235444898377,chen,chen,chen,1,1,1,0,0,14.920379376473203,8.600658484881448,14.523775394483279,38.04481325583793
Dim_Far_20260114_211800_T18,1736916001.28,32,Dim,Far,4,4,1280,720,23.08935388386045,0,2,alice,3,1,0.8379111905894023,734.9386487630255,231.11342075294647,830.2456904326474,392.3831749118565,15370.143179672912,alice,0.8084939273235069,chen,0.6524466465758256,0.15604728074768126,alice,alice,alice,2,1,1,0,0,14.920379376473203,8.600658484881448,14.523775394483279,38.04481325583793
Dim_Far_20260114_211800_T18,1736916001.28,32,Dim,Far,4,4,1280,720,23.08935388386045,0,3,bob,4,1,0.7744617407893636,1051.9531091052752,252.02006189716332,1172.6363663707532,402.1749877024726,18121.185540640905,chen,0.6788987094905464,diana,0.6112406322379849,0.06765807725256157,unknown,unknown,unknown,0,0,0,0,0,14.920379376473203,8.600658484881448,14.523775394483279,38.04481325583793
Dim_Far_20260114_211800_T18,1736916001.32,33,Dim,Far,4,4,1280,720,25.004536677965692,3,0,diana,-1,0,-1.0,-1.0,-1.0,-1.0,-1.0,0.0,unknown,-1.0,unknown,-1.0,-1.0,unknown,unknown,unknown,0,0,0,0,1,15.155389602856419,10.104610572495774,9.399517044687427,34.65951722003962
Dim_Far_20260114_211800_T18,1736916001.32,33,Dim,Far,4,4,1280,720,25.004536677965692,3,1,chen,2,1,0.780660133586575,431.4329602813086,345.47881434603795,528.044369300392,485.6094501791384,13538.21817457588,diana,0.6719430158972699,chen,0.6309339450525443,0.041009070844725604,unknown,unknown,unknown,0,0,0,0,0,15.155389602856419,10.104610572495774,9.399517044687427,34.65951722003962
Dim_Far_20260114_211800_T18,1736916001.32,33,Dim,Far,4,4,1280,720,25.004536677965692,3,2,alice,-1,0,-1.0,-1.0,-1.0,-1.0,-1.0,0.0,unknown,-1.0,unknown,-1.0,-1.0,unknown,unknown,unknown,0,0,0,0,1,15.155389602856419,10.104610572495774,9.399517044687427,34.65951722003962
Dim_Far_20260114_211800_T18,1736916001.32,33,Dim,Far,4,4,1280,720,25.004536677965692,3,3,bob,4,1,0.6939332122239,1073.3707814855436,175.92471623488865,1156.760543640574,342.0201861704273,13850.661732952576,bob,0.8535683368922752,chen,0.7913456197390608,0.06222271715321437,bob,bob,bob,1,1,1,0,0,15.155389602856419,10.104610572495774,9.399517044687427,34.65951722003962
Dim_Far_20260114_211800_T18,1736916001.36,34,Dim,Far,4,4,1280,720,23.764336511176012,0,0,diana,1,1,0.7263347969295815,105.15875715064747,258.65364994336517,203.64256536288332,397.42643831397197,13666.872674968034,diana,0.8119672905840066,chen,0.7518522147001916,0.06011507588381504,diana,diana,diana,2,1,1,0,0,13.663504528036263,14.040450626736494,10.346496020781089,38.050451175553846
Dim_Far_20260114_211800_T18,1736916001.36,34,Dim,Far,4,4,1280,720,23.764336511176012,0,1,chen,2,1,0.7889062115392049,431.5378136591687,277.4428977551491,520.9426179609115,443.3799513673113,14835.569804603174,diana,0.7144094527737469,chen,0.6941903458682334,0.02021910690551354,unknown,unknown,unknown,0,0,0,0,0,13.663504528036263,14.040450626736494,10.346496020781089,38.050451175553846
Dim_Far_20260114_211800_T18,1736916001.36,34,Dim,Far,4,4,1280,720,23.764336511176012,0,2,alice,-1,0,-1.0,-1.0,-1.0,-1.0,-1.0,0.0,unknown,-1.0,unknown,-1.0,-1.0,unknown,unknown,unknown,0,0,0,0,1,13.663504528036263,14.040450626736494,10.346496020781089,38.050451175553846
Dim_Far_20260114_211800_T18,1736916001.36,34,Dim,Far,4,4,1280,720,23.764336511176012,0,3,bob,4,1,0.8575730247779255,1077.4470443924054,220.06087017110346,1166.3240006911863,428.56724536602155,18531.41199621595,diana,0.8105508931131388,bob,0.7893900349254629,0.02116085818767588,diana,diana,diana,2,0,0,1,0,13.663504528036263,14.040450626736494,10.346496020781089,38.050451175553846
Dim_Far_20260114_211800_T18,1736916001.4,35,Dim,Far,4,4,1280,720,23.77939722986348,3,0,diana,1,1,0.7729284018012802,100.1739354856188,267.8286220959316,208.09163189640668,408.4838112632521,15179.184003160834,diana,0.8227867436747993,bob,0.6743787475334166,0.14840799614138267,diana,diana,diana,2,1,1,0,0,14.513159628144953,9.814484975274302,15.028821560548502,39.35646616396776
Dim_Far_20260114_211800_T18,1736916001.4,35,Dim,Far,4,4,1280,720,23.77939722986348,3,1,chen,2,1,0.8538489447448578,439.751036190199,181.4435259691392,545.3606413752854,330.00361555578945,15689.372407507195,chen,0.6377831749620234,alice,0.5708324630581433,0.06695071190388013,unknown,unknown,unknown,0,0,0,0,0,14.513159628144953,9.814484975274302,15.028821560548502,39.35646616396776
Dim_Far_20260114_211800_T18,1736916001.4,35,Dim,Far,4,4,1280,720,23.77939722986348,3,2,alice,3,1,0.6006175334540483,743.2189676171863,241.76978886853578,863.6698744303087,421.6574310933521,21667.62963045365,alice,0.7900362141212585,diana,0.6620051331357689,0.12803108098548954,alice,alice,alice,2,1,1,0,0,14.513159628144953,9.814484975274302,15.028821560548502,39.35646616396776
Dim_Far_20260114_211800_T18,1736916001.4,35,Dim,Far,4,4,1280,720,23.77939722986348,3,3,bob,-1,0,-1.0,-1.0,-1.0,-1.0,-1.0,0.0,unknown,-1.0,unknown,-1.0,-1.0,unknown,unknown,unknown,0,0,0,0,1,14.513159628144953,9.814484975274302,15.028821560548502,39.35646616396776
Dim_Far_20260114_211800_T18,1736916001.44,36,Dim,Far,4,4,1280,720,21.78986859724569,1,0,diana,1,1,0.8814767658932822,107.4512807887015,214.65821243977356,197.9041894895099,396.7479448677474,16470.545942662146,diana,0.9386844658836133,alice,0.8716543258325883,0.06703014005102503,diana,diana,diana,2,1,1,0,0,39.767112214918484,26.712652201769075,9.438861204979247,75.9186256216668
Dim_Far_20260114_211800_T18,1736916001.44,36,Dim,Far,4,4,1280,720,21.78986859724569,1,1,chen,2,1,0.857417702425802,421.37227210602884,333.30634833577597,514.2619079212321,521.7649117422418,17505.84732108301,diana,0.7293841278351603,chen,0.6628825202291952,0.06650160760596502,diana,diana,diana,2,0,0,1,0,39.767112214918484,26.712652201769075,9.438861204979247,75.9186256216668
Dim_Far_20260114_211800_T18,1736916001.44,36,Dim,Far,4,4,1280,720,21.78986859724569,1,2,alice,3,1,0.7768803178306304,747.6090916563295,173.37267570411439,856.2144368422997,322.5226114965402,16198.480261201703,alice,0.6344140754510026,bob,0.5768598194839962,0.05755425596700636,unknown,unknown,unknown,0,0,0,0,0,39.767112214918484,26.712652201769075,9.438861204979247,75.9186256216668
Dim_Far_20260114_211800_T18,1736916001.44,36,Dim,Far,4,4,1280,720,21.78986859724569,1,3,bob,4,1,0.7879399122356185,1046.0197949464628,194.71413636495106,1167.6721517915566,380.72980512595393,22629.244514892307,bob,0.8283476162363456,diana,0.7520587924945865,0.07628882374175905,bob,bob,bob,3,1,1,0,0,39.767112214918484,26.712652201769075,9.438861204979247,75.9186256216668
Dim_Far_20260114_211800_T18,1736916001.48,37,Dim,Far,4,4,1280,720,23.679179575806074,1,0,diana,1,1,0.7651395283956477,94.77288481872897,222.57401675002544,219.01954313935016,415.1376400755423,23925.3867123063,chen,0.7874611192923925,diana,0.712037563352234,0.07542355594015848,chen,chen,chen,1,0,0,1,0,26.770499902958708,17.840710643023435,4.277005299497208,48.88821584547935
Dim_Far_20260114_211800_T18,1736916001.48,37,Dim,Far,4,4,1280,720,23.679179575806074,1,1,chen,2,1,0.8810071119434015,431.1654285775467,251.5292284011806,551.1306370515867,415.28331064429733,19644.792614770595,chen,0.8518915382392324,diana,0.7271008039210666,0.12479073431816579,chen,chen,chen,2,1,1,0,0,26.770499902958708,17.840710643023435,4.277005299497208,48.88821584547935
Dim_Far_20260114_211800_T18,1736916001.48,37,Dim,Far,4,4,1280,720,23.679179575806074,1,2,alice,3,1,0.7767974498448112,782.7945406965664,325.37897872801005,869.9923490559613,483.6468263758192,13800.609448647574,chen,0.786735185004654,alice,0.7505267435253739,0.03620844147928015,chen,chen,chen,1,0,0,1,0,26.770499902958708,17.840710643023435,4.277005299497208,48.88821584547935
Dim_Far_20260114_211800_T18,1736916001.48,37,Dim,Far,4,4,1280,720,23.679179575806074,1,3,bob,4,1,0.8091799473468343,1085.6972641408952,264.1809936666449,1171.4567145232686,462.5078761486669,17008.40443770777,bob,0.8957184865554441,alice,0.7628741668208174,0.13284431973462663,bob,bob,bob,2,1,1,0,0,26.770499902958708,17.840710643023435,4.277005299497208,48.88821584547935
Dim_Far_20260114_211800_T18,1736916001.52,38,Dim,Far,4,4,1280,720,26.577991201477793,2,0,diana,1,1,0.7572742364189284,92.43420736262667,312.0488067636662,178.83123094276598,446.0219949987858,11574.884703056068,diana,0.8314343177283853,chen,0.6758999653351222,0.15553435239326308,diana,diana,diana,1,1,1,0,0,21.28612725174672,11.218381817993295,9.559620040460397,42.06412911020041
Dim_Far_20260114_211800_T18,1736916001.52,38,Dim,Far,4,4,1280,720,26.577991201477793,2,1,chen,-1,0,-1.0,-1.0,-1.0,-1.0,-1.0,0.0,unknown,-1.0,unknown,-1.0,-1.0,unknown,unknown,unknown,0,0,0,0,1,21.28612725174672,11.218381817993295,9.559620040460397,42.06412911020041
Dim_Far_20260114_211800_T18,1736916001.52,38,Dim,Far,4,4,1280,720,26.577991201477793,2,2,alice,3,1,0.8576032513815132,774.398817134098,259.7975408762312,870.7411590431045,413.2046516831558,14779.600320633586,alice,0.8326617058408408,chen,0.7783308707678603,0.05433083507298042,unknown,unknown,unknown,0,0,0,0,0,21.28612725174672,11.218381817993295,9.559620040460397,42.06412911020041
Dim_Far_20260114_211800_T18,1736916001.52,38,Dim,Far,4,4,1280,720,26.577991201477793,2,3,bob,4,1,0.7456567307122679,1065.945697305019,278.7073581927409,1187.865417622798,463.4144863925145,22519.441410816573,bob,0.877509822861791,chen,0.7618328856844996,0.11567693717729144,bob,bob,bob,1,1,1,0,0,21.28612725174672,11.218381817993295,9.559620040460397,42.06412911020041
Dim_Far_20260114_211800_T18,1736916001.56,39,Dim,Far,4,4,1280,720,22.997103389899166,2,0,diana,1,1,0.8714056527108754,120.57931200698246,215.38432590908022,235.4502648850722,364.6962066324877,17151.598014717496,alice,0.6793833689833346,diana,0.6178710366172986,0.06151233236603604,unknown,unknown,unknown,0,0,0,0,0,18.948479064402623,8.347826418251937,10.912029660602457,38.20833514325702
Dim_Far_20260114_211800_T18,1736916001.56,39,Dim,Far,4,4,1280,720,22.997103389899166,2,1,chen,-1,0,-1.0,-1.0,-1.0,-1.0,-1.0,0.0,unknown,-1.0,unknown,-1.0,-1.0,unknown,unknown,unknown,0,0,0,0,1,18.948479064402623,8.347826418251937,10.912029660602457,38.20833514325702
Dim_Far_20260114_211800_T18,1736916001.56,39,Dim,Far,4,4,1280,720,22.997103389899166,2,2,alice,3,1,0.7885469449604423,739.4409100061863,217.86261232294672,849.4310170841876,369.0482708562247,16628.926770733386,alice,0.8200450527537143,bob,0.726013767000491,0.09403128575322328,alice,alice,alice,2,1,1,0,0,18.948479064402623,8.347826418251937,10.912029660602457,38.20833514325702
Dim_Far_20260114_211800_T18,1736916001.56,39,Dim,Far,4,4,1280,720,22.997103389899166,2,3,bob,4,1,0.8633507345044925,1091.2090751908631,218.59604055572402,1186.7089457915317,370.329368461356,14490.513180796674,bob,0.8563225590917931,alice,0.7960397906981923,0.060282768393600805,bob,bob,bob,2,1,1,0,0,18.948479064402623,8.347826418251937,10.912029660602457,38.20833514325702
Dim_Far_20260114_211800_T18,1736916001.6,40,Dim,Far,4,4,1280,720,24.732857893978004,1,0,diana,1,1,0.7821555411752308,100.85148647609593,222.88476602196724,225.56512056929864,428.2989160817882,25617.945148126746,diana,0.8750083594068991,chen,0.6994055144900033,0.17560284491689582,diana,diana,diana,3,1,1,0,0,24.739249630964174,16.98173908242765,4.294557674589932,46.01554638798176
Dim_Far_20260114_211800_T18,1736916001.6,40,Dim,Far,4,4,1280,720,24.732857893978004,1,1,chen,2,1,0.708083077351092,446.42557920704496,319.3363585102728,562.199734948025,481.39760534149036,18762.504030214794,diana,0.6107554382194826,alice,0.5451302181706386,0.06562522004884408,unknown,unknown,unknown,0,0,0,0,0,24.739249630964174,16.98173908242765,4.294557674589932,46.01554638798176
Dim_Far_20260114_211800_T18,1736916001.6,40,Dim,Far,4,4,1280,720,24.732857893978004,1,2,alice,3,1,0.7792241793190717,750.4626086077268,231.70251781522282,843.7484752907577,390.68673574468926,14830.98055847414,alice,0.8652659978614496,chen,0.7407123416860447,0.12455365617540493,alice,alice,alice,1,1,1,0,0,24.739249630964174,16.98173908242765,4.294557674589932,46.01554638798176
Dim_Far_20260114_211800_T18,1736916001.6,40,Dim,Far,4,4,1280,720,24.732857893978004,1,3,bob,4,1,0.6715127602977072,1076.84006576909,261.92955989920586,1173.159472236327,454.13351176375727,18512.970564250994,bob,0.8798397854174448,chen,0.7899485871991113,0.08989119821833347,bob,bob,bob,3,1,1,0,0,24.739249630964174,16.98173908242765,4.294557674589932,46.01554638798176
Dim_Far_20260114_211800_T18,1736916001.64,41,Dim,Far,4,4,1280,720,22.59021195260661,2,0,diana,1,1,0.7838083184959102,87.83477476197824,234.41785694737206,215.65850462796612,372.18122103058334,17609.427036002136,diana,0.8583941233321345,chen,0.7307534543664301,0.12764066896570436,diana,diana,diana,2,1,1,0,0,46.577717949193186,23.9516492092406,34.00822612785541,104.5375932862892
Dim_Far_20260114_211800_T18,1736916001.64,41,Dim,Far,4,4,1280,720,22.59021195260661,2,1,chen,2,1,0.7116383447266583,427.00847173261934,249.55773250636437,527.1347602922577,379.6563611786162,13026.29283565113,alice,0.7817086094596412,chen,0.756127848603699,0.025580760855942186,unknown,unknown,unknown,0,0,0,0,0,46.577717949193186,23.9516492092406,34.00822612785541,104.5375932862892
Dim_Far_20260114_211800_T18,1736916001.64,41,Dim,Far,4,4,1280,720,22.59021195260661,2,2,alice,3,1,0.8517939666555006,742.692164403752,337.0825856339968,854.9636753296229,502.48917626033847,18570.447846716368,chen,0.7540768952077962,diana,0.6944961165136533,0.05958077869414291,unknown,unknown,unknown,0,0,0,0,0,46.577717949193186,23.9516492092406,34.00822612785541,104.5375932862892
Dim_Far_20260114_211800_T18,1736916001.64,41,Dim,Far,4,4,1280,720,22.59021195260661,2,3,bob,4,1,0.7783775236594276,1076.353969711452,235.06956249846144,1170.0883377930681,406.35268084125823,16055.114860910731,chen,0.6808640105476484,diana,0.6652349541076349,0.015629056440013556,unknown,unknown,unknown,0,0,0,0,0,46.577717949193186,23.9516492092406,34.00822612785541,104.5375932862892
Dim_Far_20260114_211800_T18,1736916001.68,42,Dim,Far,4,4,1280,720,25.60493589548573,1,0,diana,-1,0,-1.0,-1.0,-1.0,-1.0,-1.0,0.0,unknown,-1.0,unknown,-1.0,-1.0,unknown,unknown,unknown,0,0,0,0,1,15.449013274904663,12.520805415629738,9.9401967441718,37.9100154347062
Dim_Far_20260114_211800_T18,1736916001.68,42,Dim,Far,4,4,1280,720,25.60493589548573,1,1,chen,2,1,0.8388295670975718,430.18945852974446,291.36732275119834,521.1323265103467,461.9216388712282,15510.698654425782,chen,0.8691409396586232,diana,0.7507173175109965,0.1184236221476267,chen,chen,chen,3,1,1,0,0,15.449013274904663,12.520805415629738,9.9401967441718,37.9100154347062
Dim_Far_20260114_211800_T18,1736916001.68,42,Dim,Far,4,4,1280,720,25.60493589548573,1,2,alice,3,1,0.6643283066512669,728.2610443981082,164.10777536625457,828.5417703570772,350.91064903051176,18732.727782273287,alice,0.8732294289112721,chen,0.7524322128772392,0.12079721603403293,alice,alice,alice,2,1,1,0,0,15.449013274904663,12.520805415629738,9.9401967441718,37.9100154347062
Dim_Far_20260114_211800_T18,1736916001.68,42,Dim,Far,4,4,1280,720,25.60493589548573,1,3,bob,4,1,0.6750816383404402,1067.7016305458928,210.68850221682894,1166.6296118315727,347.35955233877735,13520.591088758323,bob,0.8018366839032841,diana,0.727274967034064,0.07456171686922008,bob,bob,bob,1,1,1,0,0,15.449013274904663,12.520805415629738,9.9401967441718,37.9100154347062
Dim_Far_20260114_211800_T18,1736916001.72,43,Dim,Far,4,4,1280,720,25.814847535827457,1,0,diana,1,1,0.713177799161036,81.15728592636331,269.216760674088,205.3937521813512,408.7933054637393,17340.496696747316,diana,0.897435104520607,chen,0.7984726070597772,0.09896249746082986,diana,diana,diana,2,1,1,0,0,18.0729004315569,11.533424877373838,21.79685109008603,51.403176399016765
Dim_Far_20260114_211800_T18,1736916001.72,43,Dim,Far,4,4,1280,720,25.814847535827457,1,1,chen,2,1,0.6997335990292793,441.27973000137274,214.62945763057252,552.2801324284196,412.3984330315961,21952.43585709835,chen,0.8269455014237038,bob,0.6694716165063535,0.15747388491735037,chen,chen,chen,3,1,1,0,0,18.0729004315569,11.533424877373838,21.79685109008603,51.403176399016765
Dim_Far_20260114_211800_T18,1736916001.72,43,Dim,Far,4,4,1280,720,25.814847535827457,1,2,alice,-1,0,-1.0,-1.0,-1.0,-1.0,-1.0,0.0,unknown,-1.0,unknown,-1.0,-1.0,unknown,unknown,unknown,0,0,0,0,1,18.0729004315569,11.533424877373838,21.79685109008603,51.403176399016765
Dim_Far_20260114_211800_T18,1736916001.72,43,Dim,Far,4,4,1280,720,25.814847535827457,1,3,bob,4,1,0.729335863099756,1099.2699500078,261.57817087101495,1181.2618030337264,398.31337884963403,11211.17307605243,bob,0.8524943337518511,alice,0.7113020167928575,0.1411923169589936,bob,bob,bob,3,1,1,0,0,18.0729004315569,11.533424877373838,21.79685109008603,51.403176399016765
Dim_Far_20260114_211800_T18,1736916001.76,44,Dim,Far,4,4,1280,720,23.606374795354547,0,0,diana,1,1,0.6909420283157693,87.32537611072398,207.8068874523334,187.6324766285266,392.7599790465898,18552.108349623435,diana,0.8830867541423657,bob,0.7799812699637602,0.10310548417860554,diana,diana,diana,2,1,1,0,0,22.028358237227263,11.442903382502388,19.737043270387808,53.20830489011746
Dim_Far_20260114_211800_T18,1736916001.76,44,Dim,Far,4,4,1280,720,23.606374795354547,0,1,chen,2,1,0.8659637474216393,414.88341829124954,203.46437817811685,520.4631263726169,409.6077982225496,21764.562111185904,bob,0.6475079780652719,diana,0.5696318387393249,0.07787613932594706,unknown,unknown,unknown,0,0,0,0,0,22.028358237227263,11.442903382502388,19.737043270387808,53.20830489011746
Dim_Far_20260114_211800_T18,1736916001.76,44,Dim,Far,4,4,1280,720,23.606374795354547,0,2,alice,3,1,0.8648322194077671,718.9615631716762,191.17273303542254,843.4307621391546,363.8700738896996,21495.49967994545,alice,0.92171053076001,diana,0.7549010025905034,0.16680952816950656,alice,alice,alice,2,1,1,0,0,22.028358237227263,11.442903382502388,19.737043270387808,53.20830489011746
Dim_Far_20260114_211800_T18,1736916001.76,44,Dim,Far,4,4,1280,720,23.606374795354547,0,3,bob,-1,0,-1.0,-1.0,-1.0,-1.0,-1.0,0.0,unknown,-1.0,unknown,-1.0,-1.0,unknown,unknown,unknown,0,0,0,0,1,22.028358237227263,11.442903382502388,19.737043270387808,53.20830489011746
Dim_Far_20260114_211800_T18,1736916001.8,45,Dim,Far,4,4,1280,720,27.461611848412993,0,0,diana,1,1,0.7776180631686795,135.4161019704763,240.5169931627335,226.9010047228428,435.96445128415627,17880.491699435588,bob,0.7663089635261642,diana,0.7334583727805157,0.032850590745648445,bob,bob,bob,1,0,0,1,0,22.88405006331826,10.389141629957587,11.727539197199421,45.00073089047527
Dim_Far_20260114_211800_T18,1736916001.8,45,Dim,Far,4,4,1280,720,27.461611848412993,0,1,chen,2,1,0.8056062864044398,434.37767428961973,183.44516106630317,539.455486375356,396.83324610046327,22422.353100554592,chen,0.8736779283137477,bob,0.7231636449464178,0.15051428336732986,chen,chen,chen,2,1,1,0,0,22.88405006331826,10.389141629957587,11.727539197199421,45.00073089047527
Dim_Far_20260114_211800_T18,1736916001.8,45,Dim,Far,4,4,1280,720,27.461611848412993,0,2,alice,3,1,0.8188087141670355,748.8044759380265,296.8705652547467,876.4919674393451,478.07914091787325,23138.068464951524,alice,0.9317094501704711,diana,0.83237732549438,0.0993321246760911,alice,alice,alice,2,1,1,0,0,22.88405006331826,10.389141629957587,11.727539197199421,45.00073089047527
Dim_Far_20260114_211800_T18,1736916001.8,45,Dim,Far,4,4,1280,720,27.461611848412993,0,3,bob,4,1,0.8248665961673224,1057.1390209909064,255.17333198923205,1182.392687597071,438.67640246429977,22984.432410491667,bob,0.8295718291690072,chen,0.6657471200123741,0.16382470915663305,bob,bob,bob,2,1,1,0,0,22.88405006331826,10.389141629957587,11.727539197199421,45.00073089047527
Dim_Far_20260114_211800_T18,1736916001.84,46,Dim,Far,4,4,1280,720,26.682606588830133,3,0,diana,1,1,0.9110027718540904,70.92725141392535,247.43172921904153,195.5467828008743,395.05555288697445,18396.811727047385,bob,0.98,diana,0.915632178076576,0.06436782192342394,bob,bob,bob,2,0,0,1,0,17.24251746745169,9.199501752325094,17.392897105772352,43.83491632554914
Dim_Far_20260114_211800_T18,1736916001.84,46,Dim,Far,4,4,1280,720,26.682606588830133,3,1,chen,2,1,0.7806668054327428,464.7808778453568,166.61358751910058,572.2048855629014,347.1214368809403,19390.87660292364,alice,0.8035415459539681,chen,0.7582042394733871,0.045337306480580986,alice,alice,alice,2,0,0,1,0,17.24251746745169,9.199501752325094,17.392897105772352,43.83491632554914
Dim_Far_20260114_211800_T18,1736916001.84,46,Dim,Far,4,4,1280,720,26.682606588830133,3,2,alice,3,1,0.8431731427702349,741.1598311489789,208.98257818942207,846.3183479412561,398.5782265820392,19937.597175237705,alice,0.8168160925627993,bob,0.7421638239947583,0.07465226856804097,alice,alice,alice,2,1,1,0,0,17.24251746745169,9.199501752325094,17.392897105772352,43.83491632554914
Dim_Far_20260114_211800_T18,1736916001.84,46,Dim,Far,4,4,1280,720,26.682606588830133,3,3,bob,4,1,0.6955375804081412,1074.821476873967,190.28401289878497,1163.9099529488478,391.23781644119805,17902.668119044578,bob,0.93161519398023,diana,0.8108011193606625,0.1208140746195675,bob,bob,bob,1,1,1,0,0,17.24251746745169,9.199501752325094,17.392897105772352,43.83491632554914
Dim_Far_20260114_211800_T18,1736916001.88,47,Dim,Far,4,4,1280,720,25.16492277263156,1,0,diana,-1,0,-1.0,-1.0,-1.0,-1.0,-1.0,0.0,unknown,-1.0,unknown,-1.0,-1.0,unknown,unknown,unknown,0,0,0,0,1,18.214912750081517,9.031364196927502,11.568015575241429,38.81429252225045
Dim_Far_20260114_211800_T18,1736916001.88,47,Dim,Far,4,4,1280,720,25.16492277263156,1,1,chen,2,1,0.7073029637968703,423.1912636836359,263.9084880003255,549.0321161569946,402.96995260178824,17499.61325164186,chen,0.7670120190458232,diana,0.6721583404029903,0.0948536786428329,chen,chen,chen,2,1,1,0,0,18.214912750081517,9.031364196927502,11.568015575241429,38.81429252225045
Dim_Far_20260114_211800_T18,1736916001.88,47,Dim,Far,4,4,1280,720,25.16492277263156,1,2,alice,3,1,0.9673070337887001,754.7820143235172,261.7961571457699,876.4255300650707,474.17125128866115,25834.053107484706,diana,0.6984956662723104,chen,0.6647838612122896,0.033711805060020805,unknown,unknown,unknown,0,0,0,0,0,18.214912750081517,9.031364196927502,11.568015575241429,38.81429252225045
Dim_Far_20260114_211800_T18,1736916001.88,47,Dim,Far,4,4,1280,720,25.16492277263156,1,3,bob,4,1,0.6039952715892567,1045.1744006067088,243.58287444514622,1158.258580708587,398.03597103461175,17466.201792015916,bob,0.8341593709883487,alice,0.674174674374215,0.15998469661413373,bob,bob,bob,2,1,1,0,0,18.214912750081517,9.031364196927502,11.568015575241429,38.81429252225045
Dim_Far_20260114_211800_T18,1736916001.92,48,Dim,Far,4,4,1280,720,24.620809656109728,3,0,diana,1,1,0.8218088198611123,118.03149444768457,220.92418245801994,204.83726367921975,412.18844406080404,16602.841354931254,chen,0.7385881613634282,diana,0.6502151985733317,0.08837296279009654,chen,chen,chen,1,0,0,1,0,18.262276448940746,12.841910858931815,9.527010086493927,40.63119739436649
Dim_Far_20260114_211800_T18,1736916001.92,48,Dim,Far,4,4,1280,720,24.620809656109728,3,1,chen,2,1,0.9008665842743087,424.4542547982182,181.24233832793274,528.9645509486322,351.6658435391133,17811.011000612114,bob,0.7097329743113593,chen,0.686023398047807,0.0237095762635523,unknown,unknown,unknown,0,0,0,0,0,18.262276448940746,12.841910858931815,9.527010086493927,40.63119739436649
Dim_Far_20260114_211800_T18,1736916001.92,48,Dim,Far,4,4,1280,720,24.620809656109728,3,2,alice,3,1,0.7763880635754088,745.838246471619,242.25545170882344,844.0113859610967,395.9153901264664,15085.278568219823,alice,0.8542536117446673,bob,0.7420557388160236,0.1121978729286437,alice,alice,alice,1,1,1,0,0,18.262276448940746,12.841910858931815,9.527010086493927,40.63119739436649
Dim_Far_20260114_211800_T18,1736916001.92,48,Dim,Far,4,4,1280,720,24.620809656109728,3,3,bob,4,1,0.8025669152924102,1087.2850962525565,257.7520928098796,1176.1174177911246,430.5752962735178,15352.286379407275,chen,0.6372104712384212,bob,0.5603149327246415,0.07689553851377973,unknown,unknown,unknown,0,0,0,0,0,18.262276448940746,12.841910858931815,9.527010086493927,40.63119739436649
Dim_Far_20260114_211800_T18,1736916001.96,49,Dim,Far,4,4,1280,720,28.286427411706462,0,0,diana,1,1,0.8724002431092361,132.29114968041378,229.9697423926164,227.58283841445527,423.105538937046,18404.236207712947,diana,0.8677176274468654,alice,0.7665115541657679,0.10120607328109754,diana,diana,diana,2,1,1,0,0,46.877473130919576,36.040239694876355,10.321195819897127,93.23890864569306
Dim_Far_20260114_211800_T18,1736916001.96,49,Dim,Far,4,4,1280,720,28.286427411706462,0,1,chen,2,1,0.6688350032273869,435.20469632844345,200.3670447398526,540.7538152910307,344.8712663786551,15252.293280350044,chen,0.8654119909321714,diana,0.724956942022638,0.1404550489095333,chen,chen,chen,2,1,1,0,0,46.877473130919576,36.040239694876355,10.321195819897127,93.23890864569306
Dim_Far_20260114_211800_T18,1736916001.96,49,Dim,Far,4,4,1280,720,28.286427411706462,0,2,alice,3,1,0.813120778203576,746.606218384976,274.39984042863506,856.7879781943282,467.3801429824228,21262.90934391754,alice,0.9332606073862096,bob,0.8210474284171609,0.1122131789690487,alice,alice,alice,2,1,1,0,0,46.877473130919576,36.040239694876355,10.321195819897127,93.23890864569306
Dim_Far_20260114_211800_T18,1736916001.96,49,Dim,Far,4,4,1280,720,28.286427411706462,0,3,bob,4,1,0.734478454848174,1104.1623553864054,270.2658619142824,1190.1213963238963,432.4795097182525,13943.729592201202,bob,0.7670598117057175,diana,0.6281738500370091,0.13888596166870837,bob,bob,bob,3,1,1,0,0,46.877473130919576,36.040239694876355,10.321195819897127,93.23890864569306
Dim_Far_20260114_211800_T18,1736916002.0,50,Dim,Far,4,4,1280,720,30.65183022393549,3,0,diana,-1,0,-1.0,-1.0,-1.0,-1.0,-1.0,0.0,unknown,-1.0,unknown,-1.0,-1.0,unknown,unknown,unknown,0,0,0,0,1,38.83721036578996,24.311634763274135,19.132585963086846,82.28143109215094
Dim_Far_20260114_211800_T18,1736916002.0,50,Dim,Far,4,4,1280,720,30.65183022393549,3,1,chen,2,1,0.7849207999166519,410.6605714218287,256.68862708074226,491.0044890551513,438.69088173757945,14622.774157227926,chen,0.8900664099589873,bob,0.7634406493016312,0.1266257606573561,chen,chen,chen,2,1,1,0,0,38.83721036578996,24.311634763274135,19.132585963086846,82.28143109215094
Dim_Far_20260114_211800_T18,1736916002.0,50,Dim,Far,4,4,1280,720,30.65183022393549,3,2,alice,3,1,0.7159914251362,743.4856324522489,280.60991635460994,838.4528498470606,433.8900921868112,14556.591780571633,alice,0.7954530721387306,diana,0.7248108363427362,0.07064223579599438,alice,alice,alice,3,1,1,0,0,38.83721036578996,24.311634763274135,19.132585963086846,82.28143109215094
Dim_Far_20260114_211800_T18,1736916002.0,50,Dim,Far,4,4,1280,720,30.65183022393549,3,3,bob,4,1,0.7881773558622682,1090.407287952035,233.38994929286667,1181.581059383815,426.23957226974727,17582.82744599908,bob,0.8875813547625643,diana,0.812690540028845,0.07489081473371928,bob,bob,bob,2,1,1,0,0,38.83721036578996,24.311634763274135,19.132585963086846,82.28143109215094
Dim_Far_20260114_211800_T18,1736916002.04,51,Dim,Far,4,4,1280,720,25.255290317650033,4,0,diana,1,1,0.8630667073645588,89.44711580553664,304.598886669698,196.57722914658538,513.4724620291074,22376.649802203618,diana,0.9699298433520287,alice,0.8535166372131543,0.1164132061388744,diana,diana,diana,3,1,1,0,0,20.965118070884383,18.099234498660266,19.272511125304646,58.33686369484929
Dim_Far_20260114_211800_T18,1736916002.04,51,Dim,Far,4,4,1280,720,25.255290317650033,4,1,chen,2,1,0.951427560872692,421.77738879204105,173.03013444096754,531.0139528277454,364.4980923047343,20915.301839970893,chen,0.8292723852448546,diana,0.7448683592556642,0.08440402598919039,chen,chen,chen,1,1,1,0,0,20.965118070884383,18.099234498660266,19.272511125304646,58.33686369484929
Dim_Far_20260114_211800_T18,1736916002.04,51,Dim,Far,4,4,1280,720,25.255290317650033,4,2,alice,3,1,0.7503297873923732,728.8422505084566,169.8433653121706,830.5834917211687,376.15668930741754,20990.573661996845,bob,0.8954687853675753,alice,0.8612679244988629,0.034200860868712435,bob,bob,bob,1,0,0,1,0,20.965118070884383,18.099234498660266,19.272511125304646,58.33686369484929
Dim_Far_20260114_211800_T18,1736916002.04,51,Dim,Far,4,4,1280,720,25.255290317650033,4,3,bob,4,1,0.7491131515948608,1040.802482656176,207.69843719047918,1135.2727006929113,397.8185143992295,17960.6851470716,bob,0.9542442114565863,chen,0.8115836479553208,0.14266056350126555,bob,bob,bob,3,1,1,0,0,20.965118070884383,18.099234498660266,19.272511125304646,58.33686369484929
Dim_Far_20260114_211800_T18,1736916002.08,52,Dim,Far,4,4,1280,720,23.005004448153343,0,0,diana,1,1,0.6541202474951048,119.91202030888593,234.53583012696623,203.56210094236206,429.04440666506235,16270.658111314406,diana,0.9225517454636627,bob,0.7798373219038793,0.14271442355978337,diana,diana,diana,2,1,1,0,0,32.683993766457434,22.48816096205985,15.609895284366061,70.78205001288335
Dim_Far_20260114_211800_T18,1736916002.08,52,Dim,Far,4,4,1280,720,23.005004448153343,0,1,chen,2,1,0.8183386737109972,431.14079129245147,283.3169648205629,537.4029839708978,431.8276219299517,15781.068060560554,diana,0.7551744452772137,chen,0.6886144086706224,0.06656003660659127,diana,diana,diana,2,0,0,1,0,32.683993766457434,22.48816096205985,15.609895284366061,70.78205001288335
Dim_Far_20260114_211800_T18,1736916002.08,52,Dim,Far,4,4,1280,720,23.005004448153343,0,2,alice,3,1,0.8884189519268064,742.6815819836772,256.45489795157687,856.4527282370741,467.69706608269496,24033.263605330085,alice,0.8655387141564439,diana,0.7788179200153412,0.08672079414110268,alice,alice,alice,2,1,1,0,0,32.683993766457434,22.48816096205985,15.609895284366061,70.78205001288335
Dim_Far_20260114_211800_T18,1736916002.08,52,Dim,Far,4,4,1280,720,23.005004448153343,0,3,bob,-1,0,-1.0,-1.0,-1.0,-1.0,-1.0,0.0,unknown,-1.0,unknown,-1.0,-1.0,unknown,unknown,unknown,0,0,0,0,1,32.683993766457434,22.48816096205985,15.609895284366061,70.78205001288335
Dim_Far_20260114_211800_T18,1736916002.12,53,Dim,Far,4,4,1280,720,27.36504653230813,2,0,diana,1,1,0.8749497327264094,117.01872054398481,252.87306386251925,201.38479657179968,414.22625874727356,13612.735906978012,diana,0.8433536311999263,alice,0.7761544974864825,0.06719913371344388,diana,diana,diana,1,1,1,0,0,17.556641930136628,17.75465027181327,11.041504372826537,46.352796574776434
Dim_Far_20260114_211800_T18,1736916002.12,53,Dim,Far,4,4,1280,720,27.36504653230813,2,1,chen,2,1,0.8786330454417965,432.2553039747517,238.8189405582262,534.8083058924867,444.6523639477385,21108.835463598614,chen,0.8215966472782054,diana,0.7334970806912735,0.08809956658693185,chen,chen,chen,3,1,1,0,0,17.556641930136628,17.75465027181327,11.041504372826537,46.352796574776434
Dim_Far_20260114_211800_T18,1736916002.12,53,Dim,Far,4,4,1280,720,27.36504653230813,2,2,alice,3,1,0.7550486102659912,781.8347618373658,252.63756580629794,862.9209926433952,385.33490009464265,10759.92667544955,bob,0.6278048719601141,alice,0.5906839123965676,0.03712095956354655,bob,bob,bob,1,0,0,1,0,17.556641930136628,17.75465027181327,11.041504372826537,46.352796574776434
Dim_Far_20260114_211800_T18,1736916002.12,53,Dim,Far,4,4,1280,720,27.36504653230813,2,3,bob,4,1,0.7188904963440921,1050.3889332968586,239.30168865203837,1135.6041708142523,443.3007447013582,17383.828014566898,chen,0.8007255150282869,bob,0.7145446253787214,0.0861808896495655,chen,chen,chen,1,0,0,1,0,17.556641930136628,17.75465027181327,11.041504372826537,46.352796574776434
Dim_Far_20260114_211800_T18,1736916002.16,54,Dim,Far,4,4,1280,720,24.081798774083193,3,0,diana,1,1,0.6226106518285304,84.42020179492987,170.78513967015118,210.71273080809374,379.86128666030294,26404.755359714254,diana,0.9411236729450189,chen,0.7984642452651939,0.14265942767982498,diana,diana,diana,1,1,1,0,0,16.361371162929384,12.419667537483512,3.088764454107121,31.869803154520017
Dim_Far_20260114_211800_T18,1736916002.16,54,Dim,Far,4,4,1280,720,24.081798774083193,3,1,chen,2,1,0.9161042764255819,430.59270068154086,294.74266732308996,535.0545514509525,483.53827358303994,19721.9384470475,chen,0.819486080295269,diana,0.7254850230288079,0.09400105726646113,chen,chen,chen,3,1,1,0,0,16.361371162929384,12.419667537483512,3.088764454107121,31.869803154520017
Dim_Far_20260114_211800_T18,1736916002.16,54,Dim,Far,4,4,1280,720,24.081798774083193,3,2,alice,3,1,0.8728397556170135,752.2295818822649,268.57282299874777,872.5462522417861,469.46684559503836,24170.89989391609,alice,0.9072774385184352,chen,0.8139201049506685,0.09335733356776676,alice,alice,alice,1,1,1,0,0,16.361371162929384,12.419667537483512,3.088764454107121,31.869803154520017
Dim_Far_20260114_211800_T18,1736916002.16,54,Dim,Far,4,4,1280,720,24.081798774083193,3,3,bob,4,1,0.7272938705700975,1056.6135275055103,281.90528881864213,1169.5891321733602,416.2630503519848,15179.149351048172,bob,0.8772227687891104,diana,0.7927007005508337,0.08452206823827668,bob,bob,bob,2,1,1,0,0,16.361371162929384,12.419667537483512,3.088764454107121,31.869803154520017
Dim_Far_20260114_211800_T18,1736916002.2,55,Dim,Far,4,4,1280,720,26.892961298027448,2,0,diana,1,1,0.788476434434976,84.41754421872167,178.61835455786485,202.06155273006107,392.87452165215274,25205.95434524736,diana,0.8610264458436144,chen,0.7482132498401213,0.11281319600349315,diana,diana,diana,3,1,1,0,0,24.715794591895055,10.41823995506534,13.554138461320553,48.68817300828095
Dim_Far_20260114_211800_T18,1736916002.2,55,Dim,Far,4,4,1280,720,26.892961298027448,2,1,chen,-1,0,-1.0,-1.0,-1.0,-1.0,-1.0,0.0,unknown,-1.0,unknown,-1.0,-1.0,unknown,unknown,unknown,0,0,0,0,1,24.715794591895055,10.41823995506534,13.554138461320553,48.68817300828095
Dim_Far_20260114_211800_T18,1736916002.2,55,Dim,Far,4,4,1280,720,26.892961298027448,2,2,alice,3,1,0.7702023963118078,769.7538830166611,227.2612995105095,882.3201581833619,364.79649254796664,15481.824384559703,alice,0.8798384170792605,diana,0.8134927131980657,0.06634570388119476,alice,alice,alice,2,1,1,0,0,24.715794591895055,10.41823995506534,13.554138461320553,48.68817300828095
Dim_Far_20260114_211800_T18,1736916002.2,55,Dim,Far,4,4,1280,720,26.892961298027448,2,3,bob,4,1,0.6431538705214556,1088.0317924392982,222.0055156999655,1204.6219323072276,371.57665998782727,17438.520632728043,bob,0.9193433014000336,alice,0.8566277734957183,0.06271552790431534,bob,bob,bob,2,1,1,0,0,24.715794591895055,10.41823995506534,13.554138461320553,48.68817300828095
Dim_Far_20260114_211800_T18,1736916002.24,56,Dim,Far,4,4,1280,720,26.222451078790055,2,0,diana,1,1,0.8865061607475271,99.64528324104461,256.37904733086987,220.75858791432987,416.72497448410195,19420.0251284298,diana,0.8258429994538922,bob,0.7056045383068591,0.12023846114703307,diana,diana,diana,1,1,1,0,0,17.577911424422176,11.557796002310765,13.728745333573046,42.86445276030599
Dim_Far_20260114_211800_T18,1736916002.24,56,Dim,Far,4,4,1280,720,26.222451078790055,2,1,chen,2,1,0.8568585281433796,432.70526203400834,325.60442931398296,512.83897085619,471.5931421605599,11698.617006572693,chen,0.8609014787947089,diana,0.7473143145981873,0.1135871641965216,chen,chen,chen,3,1,1,0,0,17.577911424422176,11.557796002310765,13.728745333573046,42.86445276030599
Dim_Far_20260114_211800_T18,1736916002.24,56,Dim,Far,4,4,1280,720,26.222451078790055,2,2,alice,3,1,0.7361194528169537,757.938435666334,187.9695950433574,875.5897669730007,395.2755655168149,24389.823414022798,diana,0.7456956419614564,bob,0.6943228528210832,0.05137278914037324,unknown,unknown,unknown,0,0,0,0,0,17.577911424422176,11.557796002310765,13.728745333573046,42.86445276030599
Dim_Far_20260114_211800_T18,1736916002.24,56,Dim,Far,4,4,1280,720,26.222451078790055,2,3,bob,4,1,0.8310844395340589,1055.6571418125823,207.44587104298617,1140.322296100248,357.00754367745446,12662.662089118607,bob,0.6528269065867077,chen,0.6332107235212833,0.019616183065424453,unknown,unknown,unknown,0,0,0,0,0,17.577911424422176,11.557796002310765,13.728745333573046,42.86445276030599
Dim_Far_20260114_211800_T18,1736916002.28,57,Dim,Far,4,4,1280,720,26.459403365111047,0,0,diana,1,1,0.862992354191976,100.5666297571219,226.61019083264506,213.42731573247704,368.3604909382912,15998.03610713568,chen,0.8794703056828911,diana,0.8232569473091371,0.05621335837375396,chen,chen,chen,2,0,0,1,0,22.771606428666093,11.433337666414268,19.092175519941232,53.29711961502159
Dim_Far_20260114_211800_T18,1736916002.28,57,Dim,Far,4,4,1280,720,26.459403365111047,0,1,chen,2,1,0.7193645501963204,420.77181350429333,254.28413627679936,528.4467751930181,396.7748279434858,15342.67976621035,alice,0.8156721669929078,chen,0.7675013907588086,0.048170776234099155,alice,alice,alice,1,0,0,1,0,22.771606428666093,11.433337666414268,19.092175519941232,53.29711961502159
Dim_Far_20260114_211800_T18,1736916002.28,57,Dim,Far,4,4,1280,720,26.459403365111047,0,2,alice,3,1,0.7437047288179965,771.5788511909318,252.02925846720754,857.5713775106012,421.0302648762299,14532.823491678479,alice,0.9139442081564989,chen,0.8284320744687154,0.08551213368778354,alice,alice,alice,3,1,1,0,0,22.771606428666093,11.433337666414268,19.092175519941232,53.29711961502159
Dim_Far_20260114_211800_T18,1736916002.28,57,Dim,Far,4,4,1280,720,26.459403365111047,0,3,bob,4,1,0.7921320281237897,1091.9971088510506,231.64504629733096,1206.1995916150518,425.84418734018334,22178.024057730177,bob,0.8941229703431848,chen,0.8167418995387116,0.0773810708044732,bob,bob,bob,2,1,1,0,0,22.771606428666093,11.433337666414268,19.092175519941232,53.29711961502159
Dim_Far_20260114_211800_T18,1736916002.32,58,Dim,Far,4,4,1280,720,25.839214798405404,2,0,diana,-1,0,-1.0,-1.0,-1.0,-1.0,-1.0,0.0,unknown,-1.0,unknown,-1.0,-1.0,unknown,unknown,unknown,0,0,0,0,1,20.172417685163314,11.121296110079948,14.17748789723811,45.47120169248137
Dim_Far_20260114_211800_T18,1736916002.32,58,Dim,Far,4,4,1280,720,25.839214798405404,2,1,chen,-1,0,-1.0,-1.0,-1.0,-1.0,-1.0,0.0,unknown,-1.0,unknown,-1.0,-1.0,unknown,unknown,unknown,0,0,0,0,1,20.172417685163314,11.121296110079948,14.17748789723811,45.47120169248137
Dim_Far_20260114_211800_T18,1736916002.32,58,Dim,Far,4,4,1280,720,25.839214798405404,2,2,alice,3,1,0.8369747194112563,731.820279174109,168.52111768365558,834.9976823894323,350.18184200912026,18743.281802116147,alice,0.6893765206041966,bob,0.6448390823958312,0.04453743820836542,unknown,unknown,unknown,0,0,0,0,0,20.172417685163314,11.121296110079948,14.17748789723811,45.47120169248137
Dim_Far_20260114_211800_T18,1736916002.32,58,Dim,Far,4,4,1280,720,25.839214798405404,2,3,bob,4,1,0.8326825527600068,1082.0621747027021,142.61126962718663,1204.1836794667652,342.2858281464148,24384.55754946811,bob,0.835060427955085,alice,0.759002909444725,0.07605751851035991,bob,bob,bob,2,1,1,0,0,20.172417685163314,11.121296110079948,14.17748789723811,45.47120169248137
Dim_Far_20260114_211800_T18,1736916002.36,59,Dim,Far,4,4,1280,720,25.818774331478995,2,0,diana,1,1,0.8153215812757175,99.68670653089252,208.8674688315047,184.08761348615434,405.9450297549468,16633.524882469377,chen,0.8017032791330815,diana,0.710173816664618,0.0915294624684635,chen,chen,chen,2,0,0,1,0,22.003185966452623,18.91637508658351,11.048642485629188,51.96820353866532
Dim_Far_20260114_211800_T18,1736916002.36,59,Dim,Far,4,4,1280,720,25.818774331478995,2,1,chen,2,1,0.8964211558083034,418.4148383244726,287.1906406343597,531.4460583152321,448.08890368950625,18186.526967517362,chen,0.8700479183709275,diana,0.7894369159286185,0.08061100244230901,chen,chen,chen,2,1,1,0,0,22.003185966452623,18.91637508658351,11.048642485629188,51.96820353866532
Dim_Far_20260114_211800_T18,1736916002.36,59,Dim,Far,4,4,1280,720,25.818774331478995,2,2,alice,3,1,0.7380734173893087,768.7715052874398,273.90447806625383,852.5247428850791,430.3484514033725,13102.689269622453,chen,0.7470222829696216,alice,0.6692865139172813,0.07773576905234025,chen,chen,chen,1,0,0,1,0,22.003185966452623,18.91637508658351,11.048642485629188,51.96820353866532
Dim_Far_20260114_211800_T18,1736916002.36,59,Dim,Far,4,4,1280,720,25.818774331478995,2,3,bob,4,1,0.6799282761390454,1080.29464499848,187.61848611032673,1194.6600982460793,364.8144369559341,20265.09523209723,bob,0.8666469681783658,alice,0.74935286069307,0.11729410748529578,bob,bob,bob,1,1,1,0,0,22.003185966452623,18.91637508658351,11.048642485629188,51.96820353866532
Dim_Far_20260114_211800_T18,1736916002.4,60,Dim,Far,4,4,1280,720,25.347398897927434,0,0,diana,-1,0,-1.0,-1.0,-1.0,-1.0,-1.0,0.0,unknown,-1.0,unknown,-1.0,-1.0,unknown,unknown,unknown,0,0,0,0,1,17.299125486197664,12.713459043713355,5.555884218797152,35.56846874870817
Dim_Far_20260114_211800_T18,1736916002.4,60,Dim,Far,4,4,1280,720,25.347398897927434,0,1,chen,2,1,0.7512621095627968,428.3310018928657,179.0665588436732,509.76010251059193,374.8116477448766,15939.346539561862,chen,0.936202934650853,alice,0.8416463966763059,0.0945565379745471,chen,chen,chen,2,1,1,0,0,17.299125486197664,12.713459043713355,5.555884218797152,35.56846874870817
Dim_Far_20260114_211800_T18,1736916002.4,60,Dim,Far,4,4,1280,720,25.347398897927434,0,2,alice,3,1,0.7223008497176706,748.0565475561883,210.62058399704685,859.2872533806022,395.6748966672783,20583.721814161625,alice,0.8296373105367598,diana,0.749439884940744,0.08019742559601584,alice,alice,alice,2,1,1,0,0,17.299125486197664,12.713459043713355,5.555884218797152,35.56846874870817
Dim_Far_20260114_211800_T18,1736916002.4,60,Dim,Far,4,4,1280,720,25.347398897927434,0,3,bob,4,1,0.7599604413946272,1079.3520706094703,298.7175711146649,1171.8634508542916,440.4148279890471,13108.608810354099,bob,0.8858900107854133,chen,0.758605338918116,0.1272846718672973,bob,bob,bob,2,1,1,0,0,17.299125486197664,12.713459043713355,5.555884218797152,35.56846874870817
Dim_Far_20260114_211800_T18,1736916002.44,61,Dim,Far,4,4,1280,720,24.252700964196688,1,0,diana,1,1,0.99,102.68988867350744,235.00435844585627,190.44756430140325,445.752572335398,18494.77339367681,diana,0.8878008271572517,chen,0.7812263591190343,0.10657446803821746,diana,diana,diana,2,1,1,0,0,17.19662970660064,13.838036580746323,5.458669901469609,36.49333618881657
Dim_Far_20260114_211800_T18,1736916002.44,61,Dim,Far,4,4,1280,720,24.252700964196688,1,1,chen,2,1,0.7093731782839309,417.338123723553,311.60200015730044,518.8522741898846,461.27626045432424,15194.055380728958,chen,0.8036187819932455,diana,0.6478025819388122,0.1558162000544333,chen,chen,chen,1,1,1,0,0,17.19662970660064,13.838036580746323,5.458669901469609,36.49333618881657
Dim_Far_20260114_211800_T18,1736916002.44,61,Dim,Far,4,4,1280,720,24.252700964196688,1,2,alice,3,1,0.8220670093254079,741.1218031185256,244.9208124856362,830.2484544521096,390.8284590622546,13004.259943338076,alice,0.8362450635746309,diana,0.767310960331123,0.0689341032435079,alice,alice,alice,3,1,1,0,0,17.19662970660064,13.838036580746323,5.458669901469609,36.49333618881657
Dim_Far_20260114_211800_T18,1736916002.44,61,Dim,Far,4,4,1280,720,24.252700964196688,1,3,bob,4,1,0.7364187659026513,1036.7746975616246,213.39694827207376,1123.0222835541804,427.73652098040014,18486.270728769035,bob,0.812160816427089,alice,0.6790383256719177,0.13312249075517135,bob,bob,bob,2,1,1,0,0,17.19662970660064,13.838036580746323,5.458669901469609,36.49333618881657
Dim_Far_20260114_211800_T18,1736916002.48,62,Dim,Far,4,4,1280,720,26.025077137069964,1,0,diana,-1,0,-1.0,-1.0,-1.0,-1.0,-1.0,0.0,unknown,-1.0,unknown,-1.0,-1.0,unknown,unknown,unknown,0,0,0,0,1,15.4590694067825,10.055995368428444,8.143237802180323,33.65830257739127
Dim_Far_20260114_211800_T18,1736916002.48,62,Dim,Far,4,4,1280,720,26.025077137069964,1,1,chen,2,1,0.7212726288175147,454.0566242526404,185.37241783985044,542.8880505116675,324.7388425779111,12380.118282103289,chen,0.7940616301541364,bob,0.7068802012344861,0.0871814289196503,chen,chen,chen,1,1,1,0,0,15.4590694067825,10.055995368428444,8.143237802180323,33.65830257739127
Dim_Far_20260114_211800_T18,1736916002.48,62,Dim,Far,4,4,1280,720,26.025077137069964,1,2,alice,3,1,0.7226918495603253,738.8874773553624,290.23752893904,838.6909200498425,453.0809730790809,16252.336345402337,alice,0.849954744818083,chen,0.7578384657683007,0.09211627904978226,alice,alice,alice,2,1,1,0,0,15.4590694067825,10.055995368428444,8.143237802180323,33.65830257739127
Dim_Far_20260114_211800_T18,1736916002.48,62,Dim,Far,4,4,1280,720,26.025077137069964,1,3,bob,4,1,0.6766563190021856,1070.5310324055501,280.4254472965008,1181.4967726970774,443.0361731547408,18044.219574202198,bob,0.9310059294527335,diana,0.7998500092919554,0.13115592016077815,bob,bob,bob,3,1,1,0,0,15.4590694067825,10.055995368428444,8.143237802180323,33.65830257739127
Dim_Far_20260114_211800_T18,1736916002.52,63,Dim,Far,4,4,1280,720,26.445365014411617,1,0,diana,1,1,0.7630119816022625,125.72817146972453,348.69304090151815,224.35995380570046,512.6167888660048,16168.09142893062,diana,0.9588803730714177,alice,0.8770311708693042,0.08184920220211356,diana,diana,diana,2,1,1,0,0,25.76301630908686,11.290607021625146,10.04432277248057,47.09794610319258
Dim_Far_20260114_211800_T18,1736916002.52,63,Dim,Far,4,4,1280,720,26.445365014411617,1,1,chen,2,1,0.795588718650904,456.27511047191626,240.12050838825033,564.2390941685054,391.1866862663977,16309.706365542339,chen,0.6571862137666326,bob,0.5781374740294313,0.07904873973720128,unknown,unknown,unknown,0,0,0,0,0,25.76301630908686,11.290607021625146,10.04432277248057,47.09794610319258
Dim_Far_20260114_211800_T18,1736916002.52,63,Dim,Far,4,4,1280,720,26.445365014411617,1,2,alice,-1,0,-1.0,-1.0,-1.0,-1.0,-1.0,0.0,unknown,-1.0,unknown,-1.0,-1.0,unknown,unknown,unknown,0,0,0,0,1,25.76301630908686,11.290607021625146,10.04432277248057,47.09794610319258
Dim_Far_20260114_211800_T18,1736916002.52,63,Dim,Far,4,4,1280,720,26.445365014411617,1,3,bob,4,1,0.7107007671651793,1065.581047926281,235.31982713925407,1180.1925656669932,425.3182074966041,21776.00274103303,bob,0.8468923752067958,alice,0.677892814700457,0.1689995605063388,bob,bob,bob,3,1,1,0,0,25.76301630908686,11.290607021625146,10.04432277248057,47.09794610319258
Dim_Far_20260114_211800_T18,1736916002.56,64,Dim,Far,4,4,1280,720,23.059453238829406,0,0,diana,1,1,0.9768042538239958,89.13515367259734,210.1010694601675,211.63455623219508,379.3801478223918,20736.585965211805,diana,0.86270269607081,bob,0.7485429864587593,0.11415970961205069,diana,diana,diana,2,1,1,0,0,25.01167579314047,19.786237173497398,7.853035150514636,52.6509481171525
Dim_Far_20260114_211800_T18,1736916002.56,64,Dim,Far,4,4,1280,720,23.059453238829406,0,1,chen,2,1,0.7975633015903336,422.1167293608299,319.6317572297716,519.6122303836999,510.2201421753761,18581.51007941132,chen,0.8233236656671814,diana,0.7183916150142411,0.10493205065294031,chen,chen,chen,1,1,1,0,0,25.01167579314047,19.786237173497398,7.853035150514636,52.6509481171525
Dim_Far_20260114_211800_T18,1736916002.56,64,Dim,Far,4,4,1280,720,23.059453238829406,0,2,alice,3,1,0.6993215967748123,745.8318570499787,227.59571214294243,839.476723909735,439.16350271647315,19812.237580071098,alice,0.875558037370058,chen,0.7059985535016083,0.16955948386844966,alice,alice,alice,3,1,1,0,0,25.01167579314047,19.786237173497398,7.853035150514636,52.6509481171525
Dim_Far_20260114_211800_T18,1736916002.56,64,Dim,Far,4,4,1280,720,23.059453238829406,0,3,bob,4,1,0.7512216026560726,1095.043681845895,266.2897206996761,1181.7779375107204,478.0161039832749,18363.93025870849,bob,0.8220126696521344,alice,0.6676847393440791,0.15432793030805525,bob,bob,bob,2,1,1,0,0,25.01167579314047,19.786237173497398,7.853035150514636,52.6509481171525
Dim_Far_20260114_211800_T18,1736916002.6,65,Dim,Far,4,4,1280,720,25.39040661248473,2,0,diana,1,1,0.8944505154488918,106.46738094737823,230.80798267414178,203.91076827222776,372.749983561908,13831.309370170737,diana,0.9432256797102763,bob,0.8619100335624437,0.0813156461478326,diana,diana,diana,2,1,1,0,0,23.472183435641153,12.717064587934628,18.17427795287871,54.36352597645449
Dim_Far_20260114_211800_T18,1736916002.6,65,Dim,Far,4,4,1280,720,25.39040661248473,2,1,chen,-1,0,-1.0,-1.0,-1.0,-1.0,-1.0,0.0,unknown,-1.0,unknown,-1.0,-1.0,unknown,unknown,unknown,0,0,0,0,1,23.472183435641153,12.717064587934628,18.17427795287871,54.36352597645449
Dim_Far_20260114_211800_T18,1736916002.6,65,Dim,Far,4,4,1280,720,25.39040661248473,2,2,alice,3,1,0.8524045227882919,745.1687950470115,176.20172906101732,841.293049178751,386.6988326688272,20233.87708119221,alice,0.6053651504918464,chen,0.5613056067677125,0.0440595437241339,unknown,unknown,unknown,0,0,0,0,0,23.472183435641153,12.717064587934628,18.17427795287871,54.36352597645449
Dim_Far_20260114_211800_T18,1736916002.6,65,Dim,Far,4,4,1280,720,25.39040661248473,2,3,bob,4,1,0.7946451721414328,1071.522413609979,261.46760258930817,1189.5670219672518,409.23339098797373,17442.954620124132,bob,0.9137057502808076,chen,0.7628880289438716,0.15081772133693594,bob,bob,bob,2,1,1,0,0,23.472183435641153,12.717064587934628,18.17427795287871,54.36352597645449
Dim_Far_20260114_211800_T18,1736916002.64,66,Dim,Far,4,4,1280,720,23.810754561143785,0,0,diana,1,1,0.7820251370613184,139.43812734922724,271.40882937059155,220.34245772541905,422.5993447371027,12231.967404958921,diana,0.8675038113899721,alice,0.7734626607237427,0.09404115066622942,diana,diana,diana,2,1,1,0,0,13.86857576972147,11.513951508056048,3.587704873724773,28.97023215150229
Dim_Far_20260114_211800_T18,1736916002.64,66,Dim,Far,4,4,1280,720,23.810754561143785,0,1,chen,2,1,0.7903366670013078,441.006780709632,175.8650488268325,521.2093229290384,336.03364531909125,12845.928622393458,diana,0.575837311590437,bob,0.5289734531433259,0.04686385844711116,unknown,unknown,unknown,0,0,0,0,0,13.86857576972147,11.513951508056048,3.587704873724773,28.97023215150229
Dim_Far_20260114_211800_T18,1736916002.64,66,Dim,Far,4,4,1280,720,23.810754561143785,0,2,alice,3,1,0.9067721781047026,745.8924595916739,187.20049553485399,831.944732899486,391.8890006963236,17613.911189122296,alice,0.8930243764526714,chen,0.8119797626475221,0.08104461380514927,alice,alice,alice,1,1,1,0,0,13.86857576972147,11.513951508056048,3.587704873724773,28.97023215150229
Dim_Far_20260114_211800_T18,1736916002.64,66,Dim,Far,4,4,1280,720,23.810754561143785,0,3,bob,4,1,0.8043280176132735,1073.788269997889,258.9084747902017,1158.1742099977519,394.0356582855003,11402.834398784717,bob,0.7932362719197958,alice,0.6313872660303745,0.1618490058894213,bob,bob,bob,2,1,1,0,0,13.86857576972147,11.513951508056048,3.587704873724773,28.97023215150229
Dim_Far_20260114_211800_T18,1736916002.68,67,Dim,Far,4,4,1280,720,21.56020362823364,4,0,diana,1,1,0.6710225107582407,73.83546497497134,161.297067559357,184.4459054506845,348.8890090160441,20749.627274218357,diana,0.8170811497434429,alice,0.6721191652807259,0.14496198446271702,diana,diana,diana,2,1,1,0,0,23.12604786767605,18.921648627074774,7.98936721221331,50.03706370696413
Dim_Far_20260114_211800_T18,1736916002.68,67,Dim,Far,4,4,1280,720,21.56020362823364,4,1,chen,2,1,0.8265357013011895,412.9263467101936,277.6516124145112,517.7741966531443,457.89169951706265,18897.78560623267,chen,0.861092575239046,diana,0.7831472024818308,0.07794537275721525,chen,chen,chen,3,1,1,0,0,23.12604786767605,18.921648627074774,7.98936721221331,50.03706370696413
Dim_Far_20260114_211800_T18,1736916002.68,67,Dim,Far,4,4,1280,720,21.56020362823364,4,2,alice,3,1,0.8906253658812333,714.5942606909671,230.18870576626307,804.5662457304184,403.45547533324793,15589.155199314815,alice,0.6682746383652995,chen,0.606354094610433,0.06192054375486655,unknown,unknown,unknown,0,0,0,0,0,23.12604786767605,18.921648627074774,7.98936721221331,50.03706370696413
Dim_Far_20260114_211800_T18,1736916002.68,67,Dim,Far,4,4,1280,720,21.56020362823364,4,3,bob,-1,0,-1.0,-1.0,-1.0,-1.0,-1.0,0.0,unknown,-1.0,unknown,-1.0,-1.0,unknown,unknown,unknown,0,0,0,0,1,23.12604786767605,18.921648627074774,7.98936721221331,50.03706370696413
Dim_Far_20260114_211800_T18,1736916002.72,68,Dim,Far,4,4,1280,720,28.04084315573925,0,0,diana,-1,0,-1.0,-1.0,-1.0,-1.0,-1.0,0.0,unknown,-1.0,unknown,-1.0,-1.0,unknown,unknown,unknown,0,0,0,0,1,22.23660068802935,14.861000912721877,16.002439992670823,53.10004159342205
Dim_Far_20260114_211800_T18,1736916002.72,68,Dim,Far,4,4,1280,720,28.04084315573925,0,1,chen,-1,0,-1.0,-1.0,-1.0,-1.0,-1.0,0.0,unknown,-1.0,unknown,-1.0,-1.0,unknown,unknown,unknown,0,0,0,0,1,22.23660068802935,14.861000912721877,16.002439992670823,53.10004159342205
Dim_Far_20260114_211800_T18,1736916002.72,68,Dim,Far,4,4,1280,720,28.04084315573925,0,2,alice,-1,0,-1.0,-1.0,-1.0,-1.0,-1.0,0.0,unknown,-1.0,unknown,-1.0,-1.0,unknown,unknown,unknown,0,0,0,0,1,22.23660068802935,14.861000912721877,16.002439992670823,53.10004159342205
Dim_Far_20260114_211800_T18,1736916002.72,68,Dim,Far,4,4,1280,720,28.04084315573925,0,3,bob,-1,0,-1.0,-1.0,-1.0,-1.0,-1.0,0.0,unknown,-1.0,unknown,-1.0,-1.0,unknown,unknown,unknown,0,0,0,0,1,22.23660068802935,14.861000912721877,16.002439992670823,53.10004159342205
Dim_Far_20260114_211800_T18,1736916002.76,69,Dim,Far,4,4,1280,720,22.37424973255164,2,0,diana,1,1,0.9126743660816651,108.55676027811182,174.93266478383953,231.54291179768228,351.5571562666919,21722.366471577163,diana,0.9003076599374819,alice,0.8373884173633813,0.06291924257410053,diana,diana,diana,1,1,1,0,0,41.0180937051085,20.562359796565236,25.02003854053829,86.60049204221203
Dim_Far_20260114_211800_T18,1736916002.76,69,Dim,Far,4,4,1280,720,22.37424973255164,2,1,chen,2,1,0.6395537648664165,468.5036174080905,252.37282721463487,557.943637345993,402.5324511406541,13430.279757811099,chen,0.8655348414467302,bob,0.697508576399788,0.16802626504694218,chen,chen,chen,3,1,1,0,0,41.0180937051085,20.562359796565236,25.02003854053829,86.60049204221203
Dim_Far_20260114_211800_T18,1736916002.76,69,Dim,Far,4,4,1280,720,22.37424973255164,2,2,alice,3,1,0.7660760164672322,728.8296650684126,273.8575527289821,852.5817264838431,446.5382099058596,21369.587292209842,alice,0.7758984426022044,bob,0.6823210139090496,0.09357742869315477,alice,alice,alice,2,1,1,0,0,41.0180937051085,20.562359796565236,25.02003854053829,86.60049204221203
Dim_Far_20260114_211800_T18,1736916002.76,69,Dim,Far,4,4,1280,720,22.37424973255164,2,3,bob,4,1,0.869510266685429,1069.634649550832,240.84561028505277,1158.624055022282,434.8987061387437,17268.66962991426,bob,0.8304001964539414,alice,0.7665675698063925,0.06383262664754885,bob,bob,bob,2,1,1,0,0,41.0180937051085,20.562359796565236,25.02003854053829,86.60049204221203
Dim_Far_20260114_211800_T18,1736916002.8,70,Dim,Far,4,4,1280,720,24.90581283483441,0,0,diana,1,1,0.7100716381507314,126.59348043490219,291.0470937497678,252.77991310599936,442.13422436036035,19065.1460342628,diana,0.8709022761119353,chen,0.7337404028475367,0.13716187326439855,diana,diana,diana,2,1,1,0,0,31.16704862631821,17.743498101470973,11.760817230552789,60.67136395834197
Dim_Far_20260114_211800_T18,1736916002.8,70,Dim,Far,4,4,1280,720,24.90581283483441,0,1,chen,2,1,0.7620170458294391,429.77268231617956,227.15251564164544,536.407041844442,357.3069027020807,13878.929703983085,chen,0.7517178768242867,alice,0.6877473596778411,0.06397051714644564,unknown,unknown,unknown,0,0,0,0,0,31.16704862631821,17.743498101470973,11.760817230552789,60.67136395834197
Dim_Far_20260114_211800_T18,1736916002.8,70,Dim,Far,4,4,1280,720,24.90581283483441,0,2,alice,3,1,0.8320426046485127,788.5504528665707,277.27820912115044,890.4688109058967,474.8517890610991,20136.374859431085,bob,0.4748325862028483,alice,0.4112274329575853,0.063605153245263,unknown,unknown,unknown,0,0,0,0,0,31.16704862631821,17.743498101470973,11.760817230552789,60.67136395834197
Dim_Far_20260114_211800_T18,1736916002.8,70,Dim,Far,4,4,1280,720,24.90581283483441,0,3,bob,-1,0,-1.0,-1.0,-1.0,-1.0,-1.0,0.0,unknown,-1.0,unknown,-1.0,-1.0,unknown,unknown,unknown,0,0,0,0,1,31.16704862631821,17.743498101470973,11.760817230552789,60.67136395834197
Dim_Far_20260114_211800_T18,1736916002.84,71,Dim,Far,4,4,1280,720,27.30407591972178,0,0,diana,1,1,0.7493970623519342,116.14589051167167,185.4781621465789,206.88952217381654,343.15369649166973,14308.050610742795,bob,0.6655296194718051,diana,0.6490622062265672,0.016467413245237927,unknown,unknown,unknown,0,0,0,0,0,17.027043870816946,8.617534831112607,13.55199681703133,39.196575518960884
Dim_Far_20260114_211800_T18,1736916002.84,71,Dim,Far,4,4,1280,720,27.30407591972178,0,1,chen,2,1,0.8842454976990589,460.610329698585,166.57888918938306,557.1354618315812,355.53736841680393,18239.242175076815,chen,0.8990953896893795,diana,0.7339457113938487,0.16514967829553084,chen,chen,chen,2,1,1,0,0,17.027043870816946,8.617534831112607,13.55199681703133,39.196575518960884
Dim_Far_20260114_211800_T18,1736916002.84,71,Dim,Far,4,4,1280,720,27.30407591972178,0,2,alice,3,1,0.720365698379578,759.3672619793125,149.50572201282301,857.6036708157209,304.3729099374082,15213.596388304439,alice,0.9112616321218163,bob,0.7492852485038689,0.16197638361794742,alice,alice,alice,3,1,1,0,0,17.027043870816946,8.617534831112607,13.55199681703133,39.196575518960884
Dim_Far_20260114_211800_T18,1736916002.84,71,Dim,Far,4,4,1280,720,27.30407591972178,0,3,bob,4,1,0.8135428646869551,1052.1550231127012,280.4891549234202,1168.5285017484066,422.8639433641986,16568.649400876,bob,0.8404185260225874,diana,0.6752195841637231,0.1651989418588643,bob,bob,bob,3,1,1,0,0,17.027043870816946,8.617534831112607,13.55199681703133,39.196575518960884
Dim_Far_20260114_211800_T18,1736916002.88,72,Dim,Far,4,4,1280,720,22.421885890209733,3,0,diana,-1,0,-1.0,-1.0,-1.0,-1.0,-1.0,0.0,unknown,-1.0,unknown,-1.0,-1.0,unknown,unknown,unknown,0,0,0,0,1,30.79408704976584,14.701489812407456,22.234928464478944,67.73050532665223
Dim_Far_20260114_211800_T18,1736916002.88,72,Dim,Far,4,4,1280,720,22.421885890209733,3,1,chen,-1,0,-1.0,-1.0,-1.0,-1.0,-1.0,0.0,unknown,-1.0,unknown,-1.0,-1.0,unknown,unknown,unknown,0,0,0,0,1,30.79408704976584,14.701489812407456,22.234928464478944,67.73050532665223
Dim_Far_20260114_211800_T18,1736916002.88,72,Dim,Far,4,4,1280,720,22.421885890209733,3,2,alice,3,1,0.777393449272017,732.2920112600858,230.87772630259883,840.2462008111874,394.98903756690595,17716.503603706835,chen,0.6610325524084845,alice,0.5903722396038756,0.07066031280460883,chen,chen,chen,1,0,0,1,0,30.79408704976584,14.701489812407456,22.234928464478944,67.73050532665223
Dim_Far_20260114_211800_T18,1736916002.88,72,Dim,Far,4,4,1280,720,22.421885890209733,3,3,bob,4,1,0.99,1049.8859179704627,217.2491115663944,1166.9289435966848,402.4035169109851,21671.03180955484,bob,0.8063921365046675,chen,0.7167674749348109,0.0896246615698566,bob,bob,bob,2,1,1,0,0,30.79408704976584,14.701489812407456,22.234928464478944,67.73050532665223
Dim_Far_20260114_211800_T18,1736916002.92,73,Dim,Far,4,4,1280,720,29.010485263980875,0,0,diana,1,1,0.7160660622626165,124.04013285549225,145.8270947712438,222.00619008326976,283.5216180758172,13489.38955000738,diana,0.8153819711849577,alice,0.726445543673572,0.08893642751138575,diana,diana,diana,2,1,1,0,0,26.554563180154684,17.80639796017367,12.207801299170878,56.56876243949923
Dim_Far_20260114_211800_T18,1736916002.92,73,Dim,Far,4,4,1280,720,29.010485263980875,0,1,chen,-1,0,-1.0,-1.0,-1.0,-1.0,-1.0,0.0,unknown,-1.0,unknown,-1.0,-1.0,unknown,unknown,unknown,0,0,0,0,1,26.554563180154684,17.80639796017367,12.207801299170878,56.56876243949923
Dim_Far_20260114_211800_T18,1736916002.92,73,Dim,Far,4,4,1280,720,29.010485263980875,0,2,alice,3,1,0.7896944603300372,750.5434117484531,269.98821141222624,870.9394548745499,412.5232945559881,17160.660017158156,bob,0.8170343343577173,alice,0.7528706671993064,0.06416366715841093,bob,bob,bob,1,0,0,1,0,26.554563180154684,17.80639796017367,12.207801299170878,56.56876243949923
Dim_Far_20260114_211800_T18,1736916002.92,73,Dim,Far,4,4,1280,720,29.010485263980875,0,3,bob,4,1,0.8272983151804201,1058.725275980334,106.8877816893013,1151.581652336354,321.552927750912,19933.02759321694,bob,0.8198397205786511,diana,0.7111937879561068,0.1086459326225443,bob,bob,bob,2,1,1,0,0,26.554563180154684,17.80639796017367,12.207801299170878,56.56876243949923
Dim_Far_20260114_211800_T18,1736916002.96,74,Dim,Far,4,4,1280,720,23.88260820614583,2,0,diana,1,1,0.7455012076884056,104.94412238419083,275.54159058259125,190.07569468195726,420.9714401802457,12380.671755276015,diana,0.6993877419658233,bob,0.6569871484169502,0.042400593548873156,unknown,unknown,unknown,0,0,0,0,0,28.127929416578787,28.000713616299226,22.380663578760707,78.50930661163872
Dim_Far_20260114_211800_T18,1736916002.96,74,Dim,Far,4,4,1280,720,23.88260820614583,2,1,chen,2,1,0.780638336667281,419.25842561643094,249.99098688410783,518.9630547421182,396.608141677065,14618.409042095274,chen,0.9123885855600993,diana,0.8260361224963435,0.08635246306375577,chen,chen,chen,3,1,1,0,0,28.127929416578787,28.000713616299226,22.380663578760707,78.50930661163872
Dim_Far_20260114_211800_T18,1736916002.96,74,Dim,Far,4,4,1280,720,23.88260820614583,2,2,alice,3,1,0.8162089602928926,765.1383730722357,233.402039537727,887.6981045483647,423.71019570287103,23324.116517317267,alice,0.8349576654727311,chen,0.6735765754428161,0.16138109002991496,alice,alice,alice,3,1,1,0,0,28.127929416578787,28.000713616299226,22.380663578760707,78.50930661163872
Dim_Far_20260114_211800_T18,1736916002.96,74,Dim,Far,4,4,1280,720,23.88260820614583,2,3,bob,4,1,0.7200507526490713,1066.8926790385458,210.10501656261602,1183.1991653252385,413.6139854845168,23669.41310313402,bob,0.8003465148445753,chen,0.7333401877802577,0.06700632706431764,bob,bob,bob,2,1,1,0,0,28.127929416578787,28.000713616299226,22.380663578760707,78.50930661163872
Dim_Far_20260114_211800_T18,1736916003.0,75,Dim,Far,4,4,1280,720,23.154063337031914,0,0,diana,1,1,0.7120420719273675,96.06797507552734,242.95938798616908,219.2514189198493,417.69418824710556,21524.434455591883,diana,0.8730394112698348,bob,0.7751064261312642,0.09793298513857052,diana,diana,diana,2,1,1,0,0,31.22833742779038,23.62087760098441,6.375287549435665,61.224502578210455
Dim_Far_20260114_211800_T18,1736916003.0,75,Dim,Far,4,4,1280,720,23.154063337031914,0,1,chen,2,1,0.99,427.540900162206,152.08029547722305,550.0462236688845,347.5965068211861,23951.77672149232,chen,0.91548490149796,bob,0.7745149000438837,0.14097000145407634,chen,chen,chen,1,1,1,0,0,31.22833742779038,23.62087760098441,6.375287549435665,61.224502578210455
Dim_Far_20260114_211800_T18,1736916003.0,75,Dim,Far,4,4,1280,720,23.154063337031914,0,2,alice,-1,0,-1.0,-1.0,-1.0,-1.0,-1.0,0.0,unknown,-1.0,unknown,-1.0,-1.0,unknown,unknown,unknown,0,0,0,0,1,31.22833742779038,23.62087760098441,6.375287549435665,61.224502578210455
Dim_Far_20260114_211800_T18,1736916003.0,75,Dim,Far,4,4,1280,720,23.154063337031914,0,3,bob,4,1,0.73804137706649,1067.1771017569747,187.55072088058344,1180.4588768510241,390.2860622018368,22966.219339169562,bob,0.852175739699129,chen,0.690300472188363,0.16187526751076597,bob,bob,bob,2,1,1,0,0,31.22833742779038,23.62087760098441,6.375287549435665,61.224502578210455
Dim_Far_20260114_211800_T18,1736916003.04,76,Dim,Far,4,4,1280,720,26.827919411985253,0,0,diana,1,1,0.8518173105373721,123.13366668257859,120.78968268532553,221.11226995933154,334.48077082288575,20937.154348407657,diana,0.8917763243260438,alice,0.8248669860348733,0.06690933829117052,diana,diana,diana,2,1,1,0,0,18.296971268196394,12.697853542628849,9.170350859602614,40.16517567042786
Dim_Far_20260114_211800_T18,1736916003.04,76,Dim,Far,4,4,1280,720,26.827919411985253,0,1,chen,2,1,0.774739673482541,449.73448808259394,337.415537965421,554.0456092039399,488.67592128345143,15778.140165148288,chen,0.8728149248580508,alice,0.763123768588203,0.10969115626984782,chen,chen,chen,3,1,1,0,0,18.296971268196394,12.697853542628849,9.170350859602614,40.16517567042786
Dim_Far_20260114_211800_T18,1736916003.04,76,Dim,Far,4,4,1280,720,26.827919411985253,0,2,alice,3,1,0.7787015481248759,718.25400691215,306.18247853627565,833.5004232564085,490.1114516607232,21197.155014472013,alice,0.8628268160177278,bob,0.7195330264503105,0.14329378956741734,alice,alice,alice,2,1,1,0,0,18.296971268196394,12.697853542628849,9.170350859602614,40.16517567042786
Dim_Far_20260114_211800_T18,1736916003.04,76,Dim,Far,4,4,1280,720,26.827919411985253,0,3,bob,4,1,0.8751009638628195,1060.7512987196997,236.84274412090724,1163.8781479480963,382.33744457294426,15004.410037047952,diana,0.8027262128761727,alice,0.7902245044145652,0.012501708461607586,unknown,unknown,unknown,0,0,0,0,0,18.296971268196394,12.697853542628849,9.170350859602614,40.16517567042786
Dim_Far_20260114_211800_T18,1736916003.08,77,Dim,Far,4,4,1280,720,23.36403118657044,1,0,diana,1,1,0.8285347784677363,128.90362785924407,226.1010909552863,227.34100324576576,404.88124567944635,17598.649202242574,alice,0.9106228530786927,diana,0.856922513783436,0.05370033929525675,alice,alice,alice,2,0,0,1,0,13.996129194355062,9.32143063243591,12.616981924750352,35.934541751541325
Dim_Far_20260114_211800_T18,1736916003.08,77,Dim,Far,4,4,1280,720,23.36403118657044,1,1,chen,2,1,0.8228691037475565,460.67432291815385,212.03401510401557,550.1994632285827,402.9784168260089,17094.32435565234,chen,0.8665686812436983,diana,0.7459546522633258,0.12061402898037255,chen,chen,chen,2,1,1,0,0,13.996129194355062,9.32143063243591,12.616981924750352,35.934541751541325
Dim_Far_20260114_211800_T18,1736916003.08,77,Dim,Far,4,4,1280,720,23.36403118657044,1,2,alice,3,1,0.7790035823138609,756.9982138644119,244.09037999991787,837.4040155774218,411.74137495706634,13480.112657513295,chen,0.8259141656982222,alice,0.7415229206850413,0.08439124501318085,chen,chen,chen,2,0,0,1,0,13.996129194355062,9.32143063243591,12.616981924750352,35.934541751541325
Dim_Far_20260114_211800_T18,1736916003.08,77,Dim,Far,4,4,1280,720,23.36403118657044,1,3,bob,4,1,0.7728682412221035,1083.5219466079188,234.2429849818904,1179.561803763736,395.275849581865,15465.573313573597,chen,0.8774015748314012,bob,0.7998335775498688,0.07756799728153241,chen,chen,chen,2,0,0,1,0,13.996129194355062,9.32143063243591,12.616981924750352,35.934541751541325
Dim_Far_20260114_211800_T18,1736916003.12,78,Dim,Far,4,4,1280,720,25.84766159904061,2,0,diana,1,1,0.7927357334008097,126.22105899300774,203.43646935653894,216.82346938757772,418.92842191826367,19524.090322724587,diana,0.8554745863572327,alice,0.7382280187979238,0.11724656755930896,diana,diana,diana,2,1,1,0,0,12.423349614426833,10.225950207667164,8.91445902736751,31.563758849461507
Dim_Far_20260114_211800_T18,1736916003.12,78,Dim,Far,4,4,1280,720,25.84766159904061,2,1,chen,2,1,0.7090301862209325,450.54376531943706,257.66669617659056,557.1247436990849,454.698460189843,20999.83818040033,chen,0.7710898274170737,alice,0.6904927164829873,0.08059711093408639,chen,chen,chen,2,1,1,0,0,12.423349614426833,10.225950207667164,8.91445902736751,31.563758849461507
Dim_Far_20260114_211800_T18,1736916003.12,78,Dim,Far,4,4,1280,720,25.84766159904061,2,2,alice,3,1,0.8299916168831607,728.0460747454025,131.61080056767514,845.809781781256,311.5588863838956,21191.353659724005,alice,0.8744393509205778,chen,0.7107241779377764,0.16371517298280136,alice,alice,alice,2,1,1,0,0,12.423349614426833,10.225950207667164,8.91445902736751,31.563758849461507
Dim_Far_20260114_211800_T18,1736916003.12,78,Dim,Far,4,4,1280,720,25.84766159904061,2,3,bob,4,1,0.7891656190828914,1050.1674063982277,315.25610655588923,1154.755800817532,462.8002538453369,15431.405470968668,bob,0.9277831604406009,diana,0.8366756810135736,0.09110747942702735,bob,bob,bob,2,1,1,0,0,12.423349614426833,10.225950207667164,8.91445902736751,31.563758849461507
Dim_Far_20260114_211800_T18,1736916003.16,79,Dim,Far,4,4,1280,720,27.49849544454664,2,0,diana,1,1,0.8331940451115123,131.66842940490437,221.20970946940832,257.632442589197,386.7277142406277,20849.312135239685,diana,0.7976276261931172,alice,0.6637523579058021,0.1338752682873151,diana,diana,diana,1,1,1,0,0,21.01520777416701,13.898038463407504,14.610864515007497,49.52411075258201
Dim_Far_20260114_211800_T18,1736916003.16,79,Dim,Far,4,4,1280,720,27.49849544454664,2,1,chen,2,1,0.805628833422529,393.747983279076,229.21371406583188,518.285805628173,436.73019266038153,25843.65034571821,chen,0.7894790997065096,diana,0.6573403628407732,0.1321387368657364,chen,chen,chen,1,1,1,0,0,21.01520777416701,13.898038463407504,14.610864515007497,49.52411075258201
Dim_Far_20260114_211800_T18,1736916003.16,79,Dim,Far,4,4,1280,720,27.49849544454664,2,2,alice,3,1,0.6959389014637629,753.7705761761841,220.56671964869656,861.994759230609,403.9952330000024,19851.40100633274,alice,0.8887460727877505,chen,0.8102903356915356,0.0784557370962149,alice,alice,alice,1,1,1,0,0,21.01520777416701,13.898038463407504,14.610864515007497,49.52411075258201
Dim_Far_20260114_211800_T18,1736916003.16,79,Dim,Far,4,4,1280,720,27.49849544454664,2,3,bob,4,1,0.8943147984305788,1087.707656892736,256.98316957356246,1185.7728696058603,442.936139767653,18235.517576720755,bob,0.9351763671497968,chen,0.8692434417571108,0.06593292539268603,bob,bob,bob,2,1,1,0,0,21.01520777416701,13.898038463407504,14.610864515007497,49.52411075258201
Dim_Far_20260114_211800_T18,1736916003.2,80,Dim,Far,4,4,1280,720,25.061640186514985,1,0,diana,1,1,0.8885938614756116,101.36417107923322,269.6313435160264,204.26529655171933,423.2865033649716,15811.288883111223,diana,0.9101643443394554,alice,0.823414741870366,0.08674960246908936,diana,diana,diana,2,1,1,0,0,55.0863074074549,29.14724537045614,17.091281961846207,101.32483473975725
Dim_Far_20260114_211800_T18,1736916003.2,80,Dim,Far,4,4,1280,720,25.061640186514985,1,1,chen,2,1,0.7571921322101196,390.79964873796774,182.2698884063969,477.27689801091793,315.9989817813202,11564.524142828875,chen,0.979953563109298,diana,0.8520212268006686,0.12793233630862944,chen,chen,chen,2,1,1,0,0,55.0863074074549,29.14724537045614,17.091281961846207,101.32483473975725
Dim_Far_20260114_211800_T18,1736916003.2,80,Dim,Far,4,4,1280,720,25.061640186514985,1,2,alice,3,1,0.8649618675304601,734.4386108106576,229.36266942127986,851.4287257722588,414.2421562665005,21629.0724200642,alice,0.8636042116107251,diana,0.7184169116438861,0.145187299966839,alice,alice,alice,2,1,1,0,0,55.0863074074549,29.14724537045614,17.091281961846207,101.32483473975725
Dim_Far_20260114_211800_T18,1736916003.2,80,Dim,Far,4,4,1280,720,25.061640186514985,1,3,bob,4,1,0.6250199706630977,1067.777177226479,230.947853933035,1189.8437265963773,419.94046381297363,23069.675744455486,bob,0.8007064926381254,chen,0.6931101523300134,0.10759634030811205,bob,bob,bob,3,1,1,0,0,55.0863074074549,29.14724537045614,17.091281961846207,101.32483473975725
Dim_Far_20260114_211800_T18,1736916003.24,81,Dim,Far,4,4,1280,720,28.566067152495815,0,0,diana,1,1,0.7399722381084776,101.65952430727891,180.68258920677903,195.56924537919798,395.5281111771596,20176.083041789298,diana,0.6140447104302448,bob,0.598906370836396,0.015138339593848804,unknown,unknown,unknown,0,0,0,0,0,13.978074017690883,5.808033480443377,8.94923061572657,28.73533811386083
Dim_Far_20260114_211800_T18,1736916003.24,81,Dim,Far,4,4,1280,720,28.566067152495815,0,1,chen,2,1,0.8722595001034882,465.9037579390464,191.87016474906278,552.4324554408582,383.6289439307223,16592.637397126553,bob,0.5199261031168101,diana,0.44539095303400644,0.07453515008280365,unknown,unknown,unknown,0,0,0,0,0,13.978074017690883,5.808033480443377,8.94923061572657,28.73533811386083
Dim_Far_20260114_211800_T18,1736916003.24,81,Dim,Far,4,4,1280,720,28.566067152495815,0,2,alice,3,1,0.8131859722516555,723.2480785837365,223.2189411170693,827.7065449954173,418.8585110294397,20436.209442487012,alice,0.8817365891042817,bob,0.788283652635454,0.09345293646882769,alice,alice,alice,2,1,1,0,0,13.978074017690883,5.808033480443377,8.94923061572657,28.73533811386083
Dim_Far_20260114_211800_T18,1736916003.24,81,Dim,Far,4,4,1280,720,28.566067152495815,0,3,bob,-1,0,-1.0,-1.0,-1.0,-1.0,-1.0,0.0,unknown,-1.0,unknown,-1.0,-1.0,unknown,unknown,unknown,0,0,0,0,1,13.978074017690883,5.808033480443377,8.94923061572657,28.73533811386083
Dim_Far_20260114_211800_T18,1736916003.28,82,Dim,Far,4,4,1280,720,25.930204812572683,0,0,diana,1,1,0.7244504276975473,105.62568921081088,241.5934698089584,222.83381670468492,379.816078663667,16200.813161178568,diana,0.820864648083261,chen,0.7170172408625426,0.10384740722071839,diana,diana,diana,3,1,1,0,0,22.120457084376266,9.938613386321306,12.381587144756095,44.44065761545367
Dim_Far_20260114_211800_T18,1736916003.28,82,Dim,Far,4,4,1280,720,25.930204812572683,0,1,chen,2,1,0.8048428130810089,415.4544290859693,210.76019125697752,509.34243203934784,358.28007498844437,13850.347279462017,chen,0.796446942533245,diana,0.7122341267916553,0.08421281574158967,chen,chen,chen,1,1,1,0,0,22.120457084376266,9.938613386321306,12.381587144756095,44.44065761545367
Dim_Far_20260114_211800_T18,1736916003.28,82,Dim,Far,4,4,1280,720,25.930204812572683,0,2,alice,3,1,0.7088212858858334,755.1340885604285,245.23297428350313,851.6506403037989,394.7972028122499,14435.423601752069,alice,0.9560329279935311,bob,0.8256509051913203,0.13038202280221078,alice,alice,alice,2,1,1,0,0,22.120457084376266,9.938613386321306,12.381587144756095,44.44065761545367
Dim_Far_20260114_211800_T18,1736916003.28,82,Dim,Far,4,4,1280,720,25.930204812572683,0,3,bob,4,1,0.8486394533780869,1085.779428625806,297.7509796207648,1179.647519114628,472.2280569789676,16377.83008568497,bob,0.8971700074394755,chen,0.8250578497742682,0.07211215766520729,bob,bob,bob,2,1,1,0,0,22.120457084376266,9.938613386321306,12.381587144756095,44.44065761545367
Dim_Far_20260114_211800_T18,1736916003.32,83,Dim,Far,4,4,1280,720,24.141057676441214,1,0,diana,1,1,0.8924817065371168,116.41528031899828,198.03856395764777,235.8480701691269,363.79190278248154,19796.38368282354,chen,0.8289881456376876,diana,0.781093424328627,0.047894721309060584,chen,chen,chen,2,0,0,1,0,47.09357169706928,25.623892640283074,20.039972541209792,92.75743687856215
Dim_Far_20260114_211800_T18,1736916003.32,83,Dim,Far,4,4,1280,720,24.141057676441214,1,1,chen,2,1,0.7699391583664422,406.33451782784357,233.07417916491718,534.2726032135299,445.8631886978973,27223.818470766033,alice,0.8349901084179424,chen,0.7811026302093356,0.05388747820860684,alice,alice,alice,1,0,0,1,0,47.09357169706928,25.623892640283074,20.039972541209792,92.75743687856215
Dim_Far_20260114_211800_T18,1736916003.32,83,Dim,Far,4,4,1280,720,24.141057676441214,1,2,alice,-1,0,-1.0,-1.0,-1.0,-1.0,-1.0,0.0,unknown,-1.0,unknown,-1.0,-1.0,unknown,unknown,unknown,0,0,0,0,1,47.09357169706928,25.623892640283074,20.039972541209792,92.75743687856215
Dim_Far_20260114_211800_T18,1736916003.32,83,Dim,Far,4,4,1280,720,24.141057676441214,1,3,bob,4,1,0.8199592880082816,1074.5901589047905,284.44295710770245,1169.527384582778,433.56026989906,14156.783976968165,bob,0.8493927232158056,chen,0.7177161537504646,0.131676569465341,bob,bob,bob,1,1,1,0,0,47.09357169706928,25.623892640283074,20.039972541209792,92.75743687856215
Dim_Far_20260114_211800_T18,1736916003.36,84,Dim,Far,4,4,1280,720,24.145307201319525,0,0,diana,1,1,0.7876031790249517,114.46177352492451,216.28313164905316,218.32522278729869,385.1564720638887,17539.767623943913,diana,0.8732124380268282,chen,0.7428679918569199,0.13034444616990837,diana,diana,diana,2,1,1,0,0,36.09893823916578,20.896425506835616,38.87191899917933,95.86728274518073
Dim_Far_20260114_211800_T18,1736916003.36,84,Dim,Far,4,4,1280,720,24.145307201319525,0,1,chen,2,1,0.7570754656573184,466.0037015085487,316.65065613407154,552.7237034391901,464.55630438584336,12826.378101946419,diana,0.6403255110034691,chen,0.6198102181786845,0.020515292824784592,diana,diana,diana,2,0,0,1,0,36.09893823916578,20.896425506835616,38.87191899917933,95.86728274518073
Dim_Far_20260114_211800_T18,1736916003.36,84,Dim,Far,4,4,1280,720,24.145307201319525,0,2,alice,3,1,0.8918597587135444,760.8639449508328,254.0865420816457,848.6932282837895,429.9452831843471,15445.547198886243,alice,0.6126418032742088,chen,0.5582269324288911,0.05441487084531771,unknown,unknown,unknown,0,0,0,0,0,36.09893823916578,20.896425506835616,38.87191899917933,95.86728274518073
Dim_Far_20260114_211800_T18,1736916003.36,84,Dim,Far,4,4,1280,720,24.145307201319525,0,3,bob,4,1,0.7137992833952318,1049.9757827044755,181.19317329997705,1133.9296773517835,349.4789904920358,14128.249767178244,bob,0.8936215755365731,chen,0.7981241030229108,0.09549747251366225,bob,bob,bob,2,1,1,0,0,36.09893823916578,20.896425506835616,38.87191899917933,95.86728274518073
Dim_Far_20260114_211800_T18,1736916003.4,85,Dim,Far,4,4,1280,720,22.596211276984974,2,0,diana,1,1,0.9248813799836189,118.3819619534828,202.52977200289703,217.50498616797688,399.3875220107334,19513.135520837586,diana,0.848784913355195,alice,0.6741866074977672,0.17459830585742786,diana,diana,diana,2,1,1,0,0,38.49778676360755,18.24012028507091,20.858374979388806,77.59628202806726
Dim_Far_20260114_211800_T18,1736916003.4,85,Dim,Far,4,4,1280,720,22.596211276984974,2,1,chen,2,1,0.8565767120591383,439.0478774004772,282.1458619746558,537.2020659865383,416.6190122728761,13199.102954133248,chen,0.9079302567678414,diana,0.8358966775971304,0.07203357917071107,chen,chen,chen,1,1,1,0,0,38.49778676360755,18.24012028507091,20.858374979388806,77.59628202806726
Dim_Far_20260114_211800_T18,1736916003.4,85,Dim,Far,4,4,1280,720,22.596211276984974,2,2,alice,3,1,0.658288588802099,771.7468830158554,183.32276328897504,863.6612142088683,378.87204305546186,17973.781265012007,alice,0.885172566698284,chen,0.7341966339650705,0.15097593273321352,alice,alice,alice,3,1,1,0,0,38.49778676360755,18.24012028507091,20.858374979388806,77.59628202806726
Dim_Far_20260114_211800_T18,1736916003.4,85,Dim,Far,4,4,1280,720,22.596211276984974,2,3,bob,4,1,0.7230812747391505,1060.9706439176018,251.96073913793077,1153.2968545666279,431.7010491086345,16594.741720476428,bob,0.8628359210975506,chen,0.7289626645200078,0.1338732565775428,bob,bob,bob,2,1,1,0,0,38.49778676360755,18.24012028507091,20.858374979388806,77.59628202806726
Dim_Far_20260114_211800_T18,1736916003.44,86,Dim,Far,4,4,1280,720,27.018901762421912,0,0,diana,1,1,0.9584161366157777,136.0331514830429,243.85818197733522,217.37561098859624,396.6930313253346,12431.962544126982,chen,0.8406855392747147,diana,0.7537261278400486,0.08695941143466612,chen,chen,chen,1,0,0,1,0,28.514044954761165,15.002881056468668,20.770646909318558,64.28757292054839
Dim_Far_20260114_211800_T18,1736916003.44,86,Dim,Far,4,4,1280,720,27.018901762421912,0,1,chen,2,1,0.7713291975958656,426.57937392020256,184.29310089872297,512.0408860830034,378.0840686752889,16561.669149677946,chen,0.7958494722437061,diana,0.661501999117014,0.13434747312669204,chen,chen,chen,2,1,1,0,0,28.514044954761165,15.002881056468668,20.770646909318558,64.28757292054839
Dim_Far_20260114_211800_T18,1736916003.44,86,Dim,Far,4,4,1280,720,27.018901762421912,0,2,alice,-1,0,-1.0,-1.0,-1.0,-1.0,-1.0,0.0,unknown,-1.0,unknown,-1.0,-1.0,unknown,unknown,unknown,0,0,0,0,1,28.514044954761165,15.002881056468668,20.770646909318558,64.28757292054839
Dim_Far_20260114_211800_T18,1736916003.44,86,Dim,Far,4,4,1280,720,27.018901762421912,0,3,bob,4,1,0.7554806477759134,1091.6842628843942,254.24789996997498,1189.4753049893634,460.41491223712814,20161.28697727287,bob,0.893406030160146,alice,0.833137601732436,0.060268428427709964,bob,bob,bob,2,1,1,0,0,28.514044954761165,15.002881056468668,20.770646909318558,64.28757292054839
Dim_Far_20260114_211800_T18,1736916003.48,87,Dim,Far,4,4,1280,720,31.049464432107882,1,0,diana,1,1,0.8351318529494598,107.99151939931926,253.17784896686067,225.28347283918208,440.5202370494957,21973.754660301136,diana,0.8264826242248385,chen,0.6644749148462832,0.16200770937855535,diana,diana,diana,1,1,1,0,0,13.309846553580096,9.259501552708294,7.308780951683211,29.878129057971602
Dim_Far_20260114_211800_T18,1736916003.48,87,Dim,Far,4,4,1280,720,31.049464432107882,1,1,chen,2,1,0.7809349509470925,424.54888929322647,265.2229720786428,541.0769162062684,475.420530801882,24493.90677995733,chen,0.9513503929456232,bob,0.8623822190660683,0.08896817387955491,chen,chen,chen,1,1,1,0,0,13.309846553580096,9.259501552708294,7.308780951683211,29.878129057971602
Dim_Far_20260114_211800_T18,1736916003.48,87,Dim,Far,4,4,1280,720,31.049464432107882,1,2,alice,3,1,0.923647090695556,750.286818130808,160.35369049639507,861.7675864227723,291.53014285558123,14623.651690816325,alice,0.9202794085753067,diana,0.849164319622725,0.07111508895258167,alice,alice,alice,2,1,1,0,0,13.309846553580096,9.259501552708294,7.308780951683211,29.878129057971602
Dim_Far_20260114_211800_T18,1736916003.48,87,Dim,Far,4,4,1280,720,31.049464432107882,1,3,bob,4,1,0.8785679585542655,1069.8438332428868,272.6343187958037,1161.7476921631883,446.9419238759912,16019.541546025172,bob,0.812206151432714,diana,0.7070220491951803,0.10518410223753372,bob,bob,bob,2,1,1,0,0,13.309846553580096,9.259501552708294,7.308780951683211,29.878129057971602
Dim_Far_20260114_211800_T18,1736916003.52,88,Dim,Far,4,4,1280,720,24.385055652672605,2,0,diana,1,1,0.8250720296740527,85.83160237968539,210.57763294158806,186.82603375873205,373.5585470617084,16460.16474719879,alice,0.6801173289159117,bob,0.6562514112094919,0.02386591770641977,unknown,unknown,unknown,0,0,0,0,0,18.203521915489574,10.14067180774084,20.24254100328515,48.586734726515566
Dim_Far_20260114_211800_T18,1736916003.52,88,Dim,Far,4,4,1280,720,24.385055652672605,2,1,chen,2,1,0.7441026732724404,433.13692344362966,233.14787941568386,523.8796218101635,440.5080947702987,18816.425475143315,chen,0.918454183714352,bob,0.8326602826156699,0.08579390109868201,chen,chen,chen,2,1,1,0,0,18.203521915489574,10.14067180774084,20.24254100328515,48.586734726515566
Dim_Far_20260114_211800_T18,1736916003.52,88,Dim,Far,4,4,1280,720,24.385055652672605,2,2,alice,3,1,0.7695996971590694,742.8195374519764,191.77724902674277,868.0341299564595,399.50974480142827,26011.139808366504,chen,0.7295114374035782,alice,0.661184853273909,0.06832658412966919,unknown,unknown,unknown,0,0,0,0,0,18.203521915489574,10.14067180774084,20.24254100328515,48.586734726515566
Dim_Far_20260114_211800_T18,1736916003.52,88,Dim,Far,4,4,1280,720,24.385055652672605,2,3,bob,4,1,0.8685546255091255,1085.6811841512463,332.25270082871873,1173.1145243990827,468.47737586274695,11910.57836240114,bob,0.9324087070934733,alice,0.8571506164372024,0.07525809065627098,bob,bob,bob,2,1,1,0,0,18.203521915489574,10.14067180774084,20.24254100328515,48.586734726515566
Dim_Far_20260114_211800_T18,1736916003.56,89,Dim,Far,4,4,1280,720,26.13061105552243,2,0,diana,1,1,0.8204279046394197,105.96113636371513,262.57503001922123,193.8446835778775,422.6561362966312,14068.495461626104,diana,0.8168948541751696,alice,0.7449774059068965,0.07191744826827307,diana,diana,diana,2,1,1,0,0,20.261254319615357,14.150738170306507,12.215918722395223,46.62791121231709
Dim_Far_20260114_211800_T18,1736916003.56,89,Dim,Far,4,4,1280,720,26.13061105552243,2,1,chen,2,1,0.7541464397229515,418.7120415885971,241.41615813447567,537.2101936345398,375.32262553493416,15867.668933954597,chen,0.953199677789335,alice,0.8539633791578537,0.09923629863148131,chen,chen,chen,3,1,1,0,0,20.261254319615357,14.150738170306507,12.215918722395223,46.62791121231709
Dim_Far_20260114_211800_T18,1736916003.56,89,Dim,Far,4,4,1280,720,26.13061105552243,2,2,alice,3,1,0.8746911408296205,720.7181394475971,235.45432388207357,847.4841310962171,427.8510411757833,24389.36065767631,alice,0.8757418436251,diana,0.7181923753073552,0.15754946831774475,alice,alice,alice,3,1,1,0,0,20.261254319615357,14.150738170306507,12.215918722395223,46.62791121231709
Dim_Far_20260114_211800_T18,1736916003.56,89,Dim,Far,4,4,1280,720,26.13061105552243,2,3,bob,4,1,0.727047125875068,1040.4569898737013,259.2397426473776,1132.9235351604088,446.67480407985465,17331.47259626294,bob,0.7874862568470012,alice,0.7117468998258765,0.07573935702112478,bob,bob,bob,1,1,1,0,0,20.261254319615357,14.150738170306507,12.215918722395223,46.62791121231709
Dim_Far_20260114_211800_T18,1736916003.6,90,Dim,Far,4,4,1280,720,26.023931118334307,1,0,diana,1,1,0.828296228806191,108.92387329919652,239.4321453782169,217.5006406835728,412.56432894484465,18798.13282186288,diana,0.7796377348381444,bob,0.7017129116208064,0.07792482321733796,unknown,unknown,unknown,0,0,0,0,0,34.42959280799488,21.00624895756303,29.181127237528244,84.61696900308615
Dim_Far_20260114_211800_T18,1736916003.6,90,Dim,Far,4,4,1280,720,26.023931118334307,1,1,chen,2,1,0.7547629535339557,432.02326880262314,260.3528885220547,529.1553335712712,409.11544016023566,14449.613800869143,chen,0.8920201726614337,alice,0.7924696286468184,0.09955054401461538,chen,chen,chen,3,1,1,0,0,34.42959280799488,21.00624895756303,29.181127237528244,84.61696900308615
Dim_Far_20260114_211800_T18,1736916003.6,90,Dim,Far,4,4,1280,720,26.023931118334307,1,2,alice,3,1,0.6775547618038291,745.6456484226152,141.050910410357,838.7914132432528,340.6720866041287,18593.867130964125,alice,0.7919039894966613,chen,0.6622673150430196,0.1296366744536417,alice,alice,alice,2,1,1,0,0,34.42959280799488,21.00624895756303,29.181127237528244,84.61696900308615
Dim_Far_20260114_211800_T18,1736916003.6,90,Dim,Far,4,4,1280,720,26.023931118334307,1,3,bob,-1,0,-1.0,-1.0,-1.0,-1.0,-1.0,0.0,unknown,-1.0,unknown,-1.0,-1.0,unknown,unknown,unknown,0,0,0,0,1,34.42959280799488,21.00624895756303,29.181127237528244,84.61696900308615
Dim_Far_20260114_211800_T18,1736916003.64,91,Dim,Far,4,4,1280,720,27.29330452351923,0,0,diana,1,1,0.7520364423959474,100.55324645975288,177.1891001974767,226.7413290213821,385.96416175200125,26344.924704251567,diana,0.8266406163028518,bob,0.7476445234221942,0.07899609288065756,diana,diana,diana,2,1,1,0,0,23.796967341020547,20.798765396398075,13.857376569888515,58.45310930730714
Dim_Far_20260114_211800_T18,1736916003.64,91,Dim,Far,4,4,1280,720,27.29330452351923,0,1,chen,2,1,0.7087904967342746,421.5339677082558,190.95896801783414,524.8329915814242,402.3284428982118,21834.260431727194,chen,0.9013827786796859,diana,0.7906128693932368,0.11076990928644903,chen,chen,chen,2,1,1,0,0,23.796967341020547,20.798765396398075,13.857376569888515,58.45310930730714
Dim_Far_20260114_211800_T18,1736916003.64,91,Dim,Far,4,4,1280,720,27.29330452351923,0,2,alice,3,1,0.7434064324443801,726.6041774581882,278.7989048453683,852.4964870244538,417.9446029628322,17517.3733022179,bob,0.630449332655076,alice,0.6191417084733365,0.011307624181739473,unknown,unknown,unknown,0,0,0,0,0,23.796967341020547,20.798765396398075,13.857376569888515,58.45310930730714
Dim_Far_20260114_211800_T18,1736916003.64,91,Dim,Far,4,4,1280,720,27.29330452351923,0,3,bob,4,1,0.8207748269547729,1047.9545645905841,248.63164583644186,1171.049872327054,456.84294727173847,25629.834224388702,bob,0.8541835616203239,alice,0.8064030448382431,0.04778051678208084,unknown,unknown,unknown,0,0,0,0,0,23.796967341020547,20.798765396398075,13.857376569888515,58.45310930730714
Dim_Far_20260114_211800_T18,1736916003.68,92,Dim,Far,4,4,1280,720,25.991199889541143,2,0,diana,1,1,0.7877780523920622,125.67598750767675,177.31866964723653,226.95273349950307,386.33882233105817,21168.880910532156,diana,0.824128678766708,chen,0.6891239854336986,0.13500469333300946,diana,diana,diana,1,1,1,0,0,32.60746244254046,22.273618373386675,17.59462626089926,72.4757070768264
Dim_Far_20260114_211800_T18,1736916003.68,92,Dim,Far,4,4,1280,720,25.991199889541143,2,1,chen,2,1,0.7490375571851802,420.3955556134111,299.1326886008523,521.5126852935855,467.6145063202451,17036.397811083345,chen,0.8460678384573027,bob,0.7627191629055966,0.08334867555170611,chen,chen,chen,3,1,1,0,0,32.60746244254046,22.273618373386675,17.59462626089926,72.4757070768264
Dim_Far_20260114_211800_T18,1736916003.68,92,Dim,Far,4,4,1280,720,25.991199889541143,2,2,alice,3,1,0.7722332949350246,717.4569704205751,142.91126527369207,844.5271912449462,327.4883382252092,23454.249419065327,alice,0.7962168725336963,diana,0.6440553876486903,0.15216148488500603,alice,alice,alice,1,1,1,0,0,32.60746244254046,22.273618373386675,17.59462626089926,72.4757070768264
Dim_Far_20260114_211800_T18,1736916003.68,92,Dim,Far,4,4,1280,720,25.991199889541143,2,3,bob,-1,0,-1.0,-1.0,-1.0,-1.0,-1.0,0.0,unknown,-1.0,unknown,-1.0,-1.0,unknown,unknown,unknown,0,0,0,0,1,32.60746244254046,22.273618373386675,17.59462626089926,72.4757070768264
Dim_Far_20260114_211800_T18,1736916003.72,93,Dim,Far,4,4,1280,720,25.97558441461425,1,0,diana,1,1,0.9813293066676775,82.57587512642763,180.34792240611978,204.62763268104712,381.8246210066783,24590.585170500508,diana,0.8208819452977955,alice,0.7042080361288096,0.1166739091689859,diana,diana,diana,1,1,1,0,0,31.490864183357093,27.606704527388256,23.896024393155006,82.99359310390035
Dim_Far_20260114_211800_T18,1736916003.72,93,Dim,Far,4,4,1280,720,25.97558441461425,1,1,chen,2,1,0.966861834073478,452.7296072257759,215.3549568371556,549.8001853779033,387.38948227546945,16699.49084642399,chen,0.8193390369506033,bob,0.7131527933727386,0.10618624357786466,chen,chen,chen,3,1,1,0,0,31.490864183357093,27.606704527388256,23.896024393155006,82.99359310390035
Dim_Far_20260114_211800_T18,1736916003.72,93,Dim,Far,4,4,1280,720,25.97558441461425,1,2,alice,3,1,0.7410999079403848,730.5222486305445,192.8813897689733,850.5660191631523,349.9850321739578,18859.313598700835,alice,0.8252986030625807,chen,0.7008898385337097,0.12440876452887106,alice,alice,alice,2,1,1,0,0,31.490864183357093,27.606704527388256,23.896024393155006,82.99359310390035
Dim_Far_20260114_211800_T18,1736916003.72,93,Dim,Far,4,4,1280,720,25.97558441461425,1,3,bob,4,1,0.7479688368760926,1086.6210849380557,264.3319627662272,1167.6941687098076,463.1414760786479,16118.100327399117,bob,0.9001964724997291,alice,0.7763793158244527,0.12381715667527637,bob,bob,bob,2,1,1,0,0,31.490864183357093,27.606704527388256,23.896024393155006,82.99359310390035
Dim_Far_20260114_211800_T18,1736916003.76,94,Dim,Far,4,4,1280,720,22.059198065298013,1,0,diana,1,1,0.8197144131001528,96.5747413414371,187.7731411084731,199.42055926815027,374.8585465018917,19240.95153983685,diana,0.8918873086714642,chen,0.7371833250235911,0.15470398364787308,diana,diana,diana,1,1,1,0,0,21.398197410678865,10.053678757844812,7.7760272899981455,39.22790345852182
Dim_Far_20260114_211800_T18,1736916003.76,94,Dim,Far,4,4,1280,720,22.059198065298013,1,1,chen,-1,0,-1.0,-1.0,-1.0,-1.0,-1.0,0.0,unknown,-1.0,unknown,-1.0,-1.0,unknown,unknown,unknown,0,0,0,0,1,21.398197410678865,10.053678757844812,7.7760272899981455,39.22790345852182
Dim_Far_20260114_211800_T18,1736916003.76,94,Dim,Far,4,4,1280,720,22.059198065298013,1,2,alice,3,1,0.8135918926563996,752.0609163320767,275.0050357542237,871.2551129454762,420.54036147791436,17346.966228504727,alice,0.775337801757898,bob,0.6059595380802821,0.16937826367761588,alice,alice,alice,3,1,1,0,0,21.398197410678865,10.053678757844812,7.7760272899981455,39.22790345852182
Dim_Far_20260114_211800_T18,1736916003.76,94,Dim,Far,4,4,1280,720,22.059198065298013,1,3,bob,4,1,0.8869804612235641,1082.335132671979,276.2562398947129,1167.4748634604907,459.0914694940853,15566.542226746304,bob,0.8392851899955869,alice,0.6880478823839016,0.1512373076116853,bob,bob,bob,2,1,1,0,0,21.398197410678865,10.053678757844812,7.7760272899981455,39.22790345852182
Dim_Far_20260114_211800_T18,1736916003.8,95,Dim,Far,4,4,1280,720,21.226345681750473,2,0,diana,1,1,0.8479681729487226,98.52034564398932,244.1482761843929,193.38138987940593,411.77452212257447,15901.200730958666,diana,0.6190059520874804,chen,0.551508979813665,0.06749697227381546,unknown,unknown,unknown,0,0,0,0,0,12.557553192634423,11.310399548653491,6.976334942087034,30.844287683374947
Dim_Far_20260114_211800_T18,1736916003.8,95,Dim,Far,4,4,1280,720,21.226345681750473,2,1,chen,2,1,0.6733263579629545,430.86100445129983,289.1960291290782,517.321265576461,446.34948648253015,13587.52895950133,chen,0.9378926735826281,diana,0.7584468059280707,0.1794458676545574,chen,chen,chen,3,1,1,0,0,12.557553192634423,11.310399548653491,6.976334942087034,30.844287683374947
Dim_Far_20260114_211800_T18,1736916003.8,95,Dim,Far,4,4,1280,720,21.226345681750473,2,2,alice,3,1,0.7238786288602613,764.8398575484696,246.33170986475213,861.2981532865851,420.6903016716269,16818.332612988903,alice,0.8383202897628552,bob,0.7524623068118877,0.08585798295096747,alice,alice,alice,1,1,1,0,0,12.557553192634423,11.310399548653491,6.976334942087034,30.844287683374947
Dim_Far_20260114_211800_T18,1736916003.8,95,Dim,Far,4,4,1280,720,21.226345681750473,2,3,bob,4,1,0.8171245801507045,1076.1195366125926,273.6997267767702,1156.3529745899746,473.3506441124758,16018.67949318175,bob,0.780046842420096,diana,0.6765426108477318,0.10350423157236421,bob,bob,bob,1,1,1,0,0,12.557553192634423,11.310399548653491,6.976334942087034,30.844287683374947
Dim_Far_20260114_211800_T18,1736916003.84,96,Dim,Far,4,4,1280,720,23.462327071713624,0,0,diana,-1,0,-1.0,-1.0,-1.0,-1.0,-1.0,0.0,unknown,-1.0,unknown,-1.0,-1.0,unknown,unknown,unknown,0,0,0,0,1,23.186358605374277,19.882904785103815,6.775756530693627,49.84501992117172
Dim_Far_20260114_211800_T18,1736916003.84,96,Dim,Far,4,4,1280,720,23.462327071713624,0,1,chen,2,1,0.8994285173277055,429.6582488909897,283.09237550222167,531.2092699752905,416.10742549199983,13507.814146041283,chen,0.8141424090768186,bob,0.7011799609653702,0.1129624481114484,chen,chen,chen,1,1,1,0,0,23.186358605374277,19.882904785103815,6.775756530693627,49.84501992117172
Dim_Far_20260114_211800_T18,1736916003.84,96,Dim,Far,4,4,1280,720,23.462327071713624,0,2,alice,3,1,0.9172746576545956,757.9249763524383,252.63804012668507,862.7868192937647,434.24312320890374,19043.44369951414,alice,0.8185094375621595,diana,0.6517342135326937,0.16677522402946587,alice,alice,alice,1,1,1,0,0,23.186358605374277,19.882904785103815,6.775756530693627,49.84501992117172
Dim_Far_20260114_211800_T18,1736916003.84,96,Dim,Far,4,4,1280,720,23.462327071713624,0,3,bob,4,1,0.8641280793769532,1062.2910023536033,261.0241232274876,1167.9612196704293,464.9206715765224,21545.792574193223,bob,0.7962068636451856,diana,0.6855219554696081,0.11068490817557741,bob,bob,bob,1,1,1,0,0,23.186358605374277,19.882904785103815,6.775756530693627,49.84501992117172
Dim_Far_20260114_211800_T18,1736916003.88,97,Dim,Far,4,4,1280,720,24.063589753472233,0,0,diana,-1,0,-1.0,-1.0,-1.0,-1.0,-1.0,0.0,unknown,-1.0,unknown,-1.0,-1.0,unknown,unknown,unknown,0,0,0,0,1,23.94984862899967,23.090758637211255,10.943163611742715,57.98377087795364
Dim_Far_20260114_211800_T18,1736916003.88,97,Dim,Far,4,4,1280,720,24.063589753472233,0,1,chen,2,1,0.7626312307863432,436.1683748846476,160.33437002380666,525.1207453293898,305.20000499064133,12886.141626282677,chen,0.9134647639525305,bob,0.7428634144087803,0.17060134954375017,chen,chen,chen,2,1,1,0,0,23.94984862899967,23.090758637211255,10.943163611742715,57.98377087795364
Dim_Far_20260114_211800_T18,1736916003.88,97,Dim,Far,4,4,1280,720,24.063589753472233,0,2,alice,3,1,0.765469168333347,735.8687523659066,199.00672454357237,851.1877194325389,397.90342383256296,22936.561914968963,alice,0.7788725571826063,chen,0.6949460855390767,0.08392647164352962,alice,alice,alice,2,1,1,0,0,23.94984862899967,23.090758637211255,10.943163611742715,57.98377087795364
Dim_Far_20260114_211800_T18,1736916003.88,97,Dim,Far,4,4,1280,720,24.063589753472233,0,3,bob,4,1,0.7878628804769768,1075.3081866983096,200.53991856275468,1162.2618101157507,413.90616827396843,18552.968527380588,bob,0.9527472755144383,alice,0.8272487424840345,0.1254985330304038,bob,bob,bob,2,1,1,0,0,23.94984862899967,23.090758637211255,10.943163611742715,57.98377087795364
Dim_Far_20260114_211800_T18,1736916003.92,98,Dim,Far,4,4,1280,720,25.42878879842178,1,0,diana,1,1,0.7324457610555392,92.0236839497089,175.24826786732285,218.4355279097193,390.9023277819131,27261.22737126591,diana,0.9110897651352443,alice,0.8347877978453613,0.07630196728988303,diana,diana,diana,2,1,1,0,0,14.937633793532859,12.679436158584668,8.337055048987164,35.95412500110469
Dim_Far_20260114_211800_T18,1736916003.92,98,Dim,Far,4,4,1280,720,25.42878879842178,1,1,chen,-1,0,-1.0,-1.0,-1.0,-1.0,-1.0,0.0,unknown,-1.0,unknown,-1.0,-1.0,unknown,unknown,unknown,0,0,0,0,1,14.937633793532859,12.679436158584668,8.337055048987164,35.95412500110469
Dim_Far_20260114_211800_T18,1736916003.92,98,Dim,Far,4,4,1280,720,25.42878879842178,1,2,alice,3,1,0.87413717106033,720.3752549741855,183.30437657154448,803.6482955449421,377.52077413537484,16172.989953839042,alice,0.8477774621699952,diana,0.7428486827092742,0.10492877946072099,alice,alice,alice,1,1,1,0,0,14.937633793532859,12.679436158584668,8.337055048987164,35.95412500110469
Dim_Far_20260114_211800_T18,1736916003.92,98,Dim,Far,4,4,1280,720,25.42878879842178,1,3,bob,4,1,0.7718305702458288,1061.9423348104576,189.42562805821163,1158.9700752001647,403.9120424559035,20811.13213329838,bob,0.8529446939966658,chen,0.7177638628570693,0.13518083113959656,bob,bob,bob,3,1,1,0,0,14.937633793532859,12.679436158584668,8.337055048987164,35.95412500110469
Dim_Far_20260114_211800_T18,1736916003.96,99,Dim,Far,4,4,1280,720,27.354758371066406,0,0,diana,1,1,0.7994686890153833,102.31015130330579,235.084044773396,227.6569428786626,373.8474580474678,17393.54864195018,diana,0.9051858442023524,alice,0.8437924103305707,0.061393433871781644,diana,diana,diana,2,1,1,0,0,11.745369769710921,8.886129637150262,4.6636687163982185,25.2951681232594
Dim_Far_20260114_211800_T18,1736916003.96,99,Dim,Far,4,4,1280,720,27.354758371066406,0,1,chen,-1,0,-1.0,-1.0,-1.0,-1.0,-1.0,0.0,unknown,-1.0,unknown,-1.0,-1.0,unknown,unknown,unknown,0,0,0,0,1,11.745369769710921,8.886129637150262,4.6636687163982185,25.2951681232594
Dim_Far_20260114_211800_T18,1736916003.96,99,Dim,Far,4,4,1280,720,27.354758371066406,0,2,alice,3,1,0.7824262190309507,746.3460135500393,240.54344445502898,871.2756390676732,402.3033625672531,20208.605993523284,alice,0.878818940258418,bob,0.7179127857465606,0.1609061545118574,alice,alice,alice,2,1,1,0,0,11.745369769710921,8.886129637150262,4.6636687163982185,25.2951681232594
Dim_Far_20260114_211800_T18,1736916003.96,99,Dim,Far,4,4,1280,720,27.354758371066406,0,3,bob,4,1,0.6020297218600625,1058.1988993033024,248.46929953599533,1139.5391744640624,378.3450445048385,10564.128832474396,chen,0.6311115269093391,alice,0.616703621880262,0.014407905029077184,unknown,unknown,unknown,0,0,0,0,0,11.745369769710921,8.886129637150262,4.6636687163982185,25.2951681232594
Dim_Far_20260114_211800_T18,1736916004.0,100,Dim,Far,4,4,1280,720,24.11863467759197,1,0,diana,1,1,0.8099519561617212,89.53759304829623,229.98489251165137,179.49778465367888,430.98799181891576,18082.27732695726,diana,0.7476355451398785,chen,0.7129052790584713,0.03473026608140717,unknown,unknown,unknown,0,0,0,0,0,12.674238684622736,8.765562055972902,2.203962011803748,23.643762752399386
Dim_Far_20260114_211800_T18,1736916004.0,100,Dim,Far,4,4,1280,720,24.11863467759197,1,1,chen,2,1,0.7979586125038768,428.81282775178454,175.5410942332133,545.9522683855806,362.01075751301113,21842.952051767825,bob,0.8173360973805728,chen,0.7584898098205,0.05884628756007282,unknown,unknown,unknown,0,0,0,0,0,12.674238684622736,8.765562055972902,2.203962011803748,23.643762752399386
Dim_Far_20260114_211800_T18,1736916004.0,100,Dim,Far,4,4,1280,720,24.11863467759197,1,2,alice,3,1,0.8678988884667974,769.8283274958433,220.86297680158322,887.2459149388069,417.0767485969438,23038.947707295458,alice,0.8935019616269418,diana,0.7756421645683927,0.1178597970585491,alice,alice,alice,2,1,1,0,0,12.674238684622736,8.765562055972902,2.203962011803748,23.643762752399386
Dim_Far_20260114_211800_T18,1736916004.0,100,Dim,Far,4,4,1280,720,24.11863467759197,1,3,bob,4,1,0.7076619261103979,1063.3431830516445,262.5966173641517,1154.5086031408325,431.21966707287925,15372.591163416184,bob,0.795614282191348,alice,0.6475361743096135,0.14807810788173448,bob,bob,bob,2,1,1,0,0,12.674238684622736,8.765562055972902,2.203962011803748,23.643762752399386
Dim_Far_20260114_211800_T18,1736916004.04,101,Dim,Far,4,4,1280,720,30.40605809616435,1,0,diana,1,1,0.8224540326164698,110.78718195128656,212.87202032429013,199.0191481758118,343.08853711712413,11489.259311540654,diana,0.9090264480753162,alice,0.826151529703998,0.08287491837131822,diana,diana,diana,2,1,1,0,0,13.849704226789964,10.013497800504746,14.42755012727831,38.29075215457302
Dim_Far_20260114_211800_T18,1736916004.04,101,Dim,Far,4,4,1280,720,30.40605809616435,1,1,chen,2,1,0.7863209295334942,416.2794405384406,200.6665507575201,521.0890052487159,344.1834371703793,15041.942393505798,chen,0.8995617506977713,diana,0.7742893198820262,0.12527243081574513,chen,chen,chen,2,1,1,0,0,13.849704226789964,10.013497800504746,14.42755012727831,38.29075215457302
Dim_Far_20260114_211800_T18,1736916004.04,101,Dim,Far,4,4,1280,720,30.40605809616435,1,2,alice,3,1,0.7027981792049102,770.7508192281593,299.9829599625348,895.2417633539412,440.5379242302172,17497.82020324932,alice,0.8052341551735918,bob,0.6266513057435116,0.17858284943008018,alice,alice,alice,2,1,1,0,0,13.849704226789964,10.013497800504746,14.42755012727831,38.29075215457302
Dim_Far_20260114_211800_T18,1736916004.04,101,Dim,Far,4,4,1280,720,30.40605809616435,1,3,bob,4,1,0.852383029529432,1071.2987425485724,320.3186222192381,1168.4795017381255,505.0067563079363,17948.133084041678,chen,0.6955017387542023,diana,0.680375178156049,0.015126560598153316,unknown,unknown,unknown,0,0,0,0,0,13.849704226789964,10.013497800504746,14.42755012727831,38.29075215457302
Dim_Far_20260114_211800_T18,1736916004.08,102,Dim,Far,4,4,1280,720,24.927761298333206,3,0,diana,1,1,0.8421102389382038,95.16881066286085,246.06389529997847,216.86676760429458,376.4646240963928,15869.50227819761,diana,0.8817504574544409,alice,0.743802440522936,0.13794801693150494,diana,diana,diana,2,1,1,0,0,25.640586397967706,13.41278247922998,21.163764689022436,60.21713356622012
Dim_Far_20260114_211800_T18,1736916004.08,102,Dim,Far,4,4,1280,720,24.927761298333206,3,1,chen,2,1,0.8789894052323528,464.3960199326376,220.2676975233689,548.2826881180688,387.6155875114503,14038.256918962226,chen,0.9893433647687561,alice,0.9163679885824564,0.07297537618629968,chen,chen,chen,2,1,1,0,0,25.640586397967706,13.41278247922998,21.163764689022436,60.21713356622012
Dim_Far_20260114_211800_T18,1736916004.08,102,Dim,Far,4,4,1280,720,24.927761298333206,3,2,alice,3,1,0.8329233337311953,744.4420633555421,264.35171439448305,845.1469925309634,420.85613755576315,15760.766850096876,alice,0.7717750240236007,bob,0.7355338450096145,0.03624117901398616,unknown,unknown,unknown,0,0,0,0,0,25.640586397967706,13.41278247922998,21.163764689022436,60.21713356622012
Dim_Far_20260114_211800_T18,1736916004.08,102,Dim,Far,4,4,1280,720,24.927761298333206,3,3,bob,4,1,0.9154938427593047,1038.7580194214368,285.5728866222543,1165.4600336821024,488.5055562607325,25711.97800248942,alice,0.7910952019816047,bob,0.7004425059688254,0.09065269601277925,alice,alice,alice,2,0,0,1,0,25.640586397967706,13.41278247922998,21.163764689022436,60.21713356622012
Dim_Far_20260114_211800_T18,1736916004.12,103,Dim,Far,4,4,1280,720,23.68702374013541,1,0,diana,1,1,0.8197012473843729,96.76164519579572,250.9915595103251,183.5461844968844,407.2991545956882,13565.08262874435,diana,0.854315569459544,bob,0.6941853150699988,0.1601302543895452,diana,diana,diana,2,1,1,0,0,19.53509846680784,8.401411467502808,13.677183787533504,41.61369372184415
Dim_Far_20260114_211800_T18,1736916004.12,103,Dim,Far,4,4,1280,720,23.68702374013541,1,1,chen,2,1,0.6257330569388082,396.5811027349376,247.7467663346494,507.618103783345,417.56054410619396,18855.61262045302,chen,0.9653986613328238,bob,0.8620079364003577,0.10339072493246615,chen,chen,chen,3,1,1,0,0,19.53509846680784,8.401411467502808,13.677183787533504,41.61369372184415
Dim_Far_20260114_211800_T18,1736916004.12,103,Dim,Far,4,4,1280,720,23.68702374013541,1,2,alice,3,1,0.8442404237666244,748.9959766719162,202.12078118329788,829.5278684638406,396.33008917045487,15640.042975806247,chen,0.5361001346117177,bob,0.5048415503948405,0.03125858421687722,unknown,unknown,unknown,0,0,0,0,0,19.53509846680784,8.401411467502808,13.677183787533504,41.61369372184415
Dim_Far_20260114_211800_T18,1736916004.12,103,Dim,Far,4,4,1280,720,23.68702374013541,1,3,bob,4,1,0.8774804781806084,1074.3089436150374,257.86730752724236,1197.036913954273,444.49515904980944,22904.457426136865,bob,0.8383526246926036,diana,0.7553558423675448,0.0829967823250588,bob,bob,bob,2,1,1,0,0,19.53509846680784,8.401411467502808,13.677183787533504,41.61369372184415
Dim_Far_20260114_211800_T18,1736916004.16,104,Dim,Far,4,4,1280,720,20.317636203658203,1,0,diana,1,1,0.6804241017711921,80.95331192014301,241.78672525524718,188.0207911118353,381.8220345469088,14993.227563687178,diana,0.8035622638955521,chen,0.6848610045151851,0.11870125938036702,diana,diana,diana,2,1,1,0,0,23.00307050544896,11.031632544555354,15.374002581328863,49.40870563133318
Dim_Far_20260114_211800_T18,1736916004.16,104,Dim,Far,4,4,1280,720,20.317636203658203,1,1,chen,2,1,0.7217183722106892,444.1058857401244,205.9473165918838,533.712851953976,420.5111492710647,19226.414105597883,chen,0.5493071762805626,alice,0.5169835333767986,0.032323642903763994,unknown,unknown,unknown,0,0,0,0,0,23.00307050544896,11.031632544555354,15.374002581328863,49.40870563133318
Dim_Far_20260114_211800_T18,1736916004.16,104,Dim,Far,4,4,1280,720,20.317636203658203,1,2,alice,3,1,0.6800131475963831,754.0451834071508,194.95710125815935,866.4643282436374,364.93959334661554,19109.286397759086,alice,0.8805839457937493,chen,0.7673997886460118,0.11318415714773755,alice,alice,alice,1,1,1,0,0,23.00307050544896,11.031632544555354,15.374002581328863,49.40870563133318
Dim_Far_20260114_211800_T18,1736916004.16,104,Dim,Far,4,4,1280,720,20.317636203658203,1,3,bob,4,1,0.7992367940188879,1070.5071850989968,239.89547085665112,1172.201062503408,375.93621660235755,13834.510919868526,bob,0.8570266141019363,chen,0.6892481799530346,0.1677784341489017,bob,bob,bob,3,1,1,0,0,23.00307050544896,11.031632544555354,15.374002581328863,49.40870563133318
Dim_Far_20260114_211800_T18,1736916004.2,105,Dim,Far,4,4,1280,720,23.839405430835196,0,0,diana,1,1,0.8579963111021811,98.2024007799059,182.6144752054414,192.1406378518047,389.64317268130424,19447.91086417402,diana,0.8605062745158043,chen,0.745843199738198,0.11466307477760629,diana,diana,diana,3,1,1,0,0,15.197262401384112,11.736782486370787,3.7301947494767322,30.66423963723163
Dim_Far_20260114_211800_T18,1736916004.2,105,Dim,Far,4,4,1280,720,23.839405430835196,0,1,chen,2,1,0.6230003154365753,451.4396606458286,217.81449112393722,558.4247158468718,351.41550349157814,14293.311683067315,chen,0.8917828390312872,alice,0.7990786274173488,0.09270421161393838,chen,chen,chen,2,1,1,0,0,15.197262401384112,11.736782486370787,3.7301947494767322,30.66423963723163
Dim_Far_20260114_211800_T18,1736916004.2,105,Dim,Far,4,4,1280,720,23.839405430835196,0,2,alice,3,1,0.839573798735487,721.2476961058645,346.75321578974086,834.5260624738017,486.5023199178526,15830.550217015252,alice,0.8737843878448379,diana,0.7055332288310117,0.16825115901382626,alice,alice,alice,2,1,1,0,0,15.197262401384112,11.736782486370787,3.7301947494767322,30.66423963723163
Dim_Far_20260114_211800_T18,1736916004.2,105,Dim,Far,4,4,1280,720,23.839405430835196,0,3,bob,4,1,0.8365159810292627,1066.1774491352307,243.12872677317608,1189.844475655099,378.5911317560331,16752.232829460103,bob,0.8393939088052108,chen,0.6769548992255392,0.1624390095796716,bob,bob,bob,2,1,1,0,0,15.197262401384112,11.736782486370787,3.7301947494767322,30.66423963723163
Dim_Far_20260114_211800_T18,1736916004.24,106,Dim,Far,4,4,1280,720,27.27985593686731,1,0,diana,1,1,0.986694498139359,148.71614815191083,282.3439013580297,270.3332083838391,422.1529217482454,17003.16205376375,diana,0.8703674139540187,alice,0.6977847665133501,0.17258264744066865,diana,diana,diana,3,1,1,0,0,15.425212427796511,9.530481653691961,15.637954036652179,40.59364811814065
Dim_Far_20260114_211800_T18,1736916004.24,106,Dim,Far,4,4,1280,720,27.27985593686731,1,1,chen,2,1,0.7261813134163548,417.6804754903786,242.4283858647887,531.6568614634765,436.18155378823684,22083.28585075337,chen,0.761517973515818,diana,0.6773261678154602,0.08419180570035778,chen,chen,chen,2,1,1,0,0,15.425212427796511,9.530481653691961,15.637954036652179,40.59364811814065
Dim_Far_20260114_211800_T18,1736916004.24,106,Dim,Far,4,4,1280,720,27.27985593686731,1,2,alice,-1,0,-1.0,-1.0,-1.0,-1.0,-1.0,0.0,unknown,-1.0,unknown,-1.0,-1.0,unknown,unknown,unknown,0,0,0,0,1,15.425212427796511,9.530481653691961,15.637954036652179,40.59364811814065
Dim_Far_20260114_211800_T18,1736916004.24,106,Dim,Far,4,4,1280,720,27.27985593686731,1,3,bob,4,1,0.7243413996411553,1054.903061818122,172.83672148017698,1176.035851048516,303.8155384140048,15865.829425291708,bob,0.9491886240249084,diana,0.8495420841317869,0.09964653989312156,bob,bob,bob,1,1,1,0,0,15.425212427796511,9.530481653691961,15.637954036652179,40.59364811814065
Dim_Far_20260114_211800_T18,1736916004.28,107,Dim,Far,4,4,1280,720,28.62569542262932,1,0,diana,1,1,0.8915476116496659,118.00208952544467,162.29849103572136,221.25364497198774,377.85999519211714,22257.06059854432,diana,0.8302580281272377,bob,0.7175692902910367,0.11268873783620104,diana,diana,diana,1,1,1,0,0,12.052336224844957,8.463997048270988,10.154395365304554,30.6707286384205
Dim_Far_20260114_211800_T18,1736916004.28,107,Dim,Far,4,4,1280,720,28.62569542262932,1,1,chen,-1,0,-1.0,-1.0,-1.0,-1.0,-1.0,0.0,unknown,-1.0,unknown,-1.0,-1.0,unknown,unknown,unknown,0,0,0,0,1,12.052336224844957,8.463997048270988,10.154395365304554,30.6707286384205
Dim_Far_20260114_211800_T18,1736916004.28,107,Dim,Far,4,4,1280,720,28.62569542262932,1,2,alice,-1,0,-1.0,-1.0,-1.0,-1.0,-1.0,0.0,unknown,-1.0,unknown,-1.0,-1.0,unknown,unknown,unknown,0,0,0,0,1,12.052336224844957,8.463997048270988,10.154395365304554,30.6707286384205
Dim_Far_20260114_211800_T18,1736916004.28,107,Dim,Far,4,4,1280,720,28.62569542262932,1,3,bob,-1,0,-1.0,-1.0,-1.0,-1.0,-1.0,0.0,unknown,-1.0,unknown,-1.0,-1.0,unknown,unknown,unknown,0,0,0,0,1,12.052336224844957,8.463997048270988,10.154395365304554,30.6707286384205
Dim_Far_20260114_211800_T18,1736916004.32,108,Dim,Far,4,4,1280,720,27.35411785640374,0,0,diana,1,1,0.8992099718013877,89.69878831556724,261.0440462705369,171.2919214156804,431.02738577988725,13869.473245388148,diana,0.6622595554952161,alice,0.6457498343682564,0.016509721126959698,unknown,unknown,unknown,0,0,0,0,0,22.0345769736692,14.424232093309795,8.865070441940253,45.32387950891925
Dim_Far_20260114_211800_T18,1736916004.32,108,Dim,Far,4,4,1280,720,27.35411785640374,0,1,chen,2,1,0.7511903529422932,416.4445541372809,213.14080873890816,518.7927565141284,358.8791906034247,14916.06140114383,chen,0.8533420357931432,bob,0.8328742339746091,0.020467801818534026,unknown,unknown,unknown,0,0,0,0,0,22.0345769736692,14.424232093309795,8.865070441940253,45.32387950891925
Dim_Far_20260114_211800_T18,1736916004.32,108,Dim,Far,4,4,1280,720,27.35411785640374,0,2,alice,-1,0,-1.0,-1.0,-1.0,-1.0,-1.0,0.0,unknown,-1.0,unknown,-1.0,-1.0,unknown,unknown,unknown,0,0,0,0,1,22.0345769736692,14.424232093309795,8.865070441940253,45.32387950891925
Dim_Far_20260114_211800_T18,1736916004.32,108,Dim,Far,4,4,1280,720,27.35411785640374,0,3,bob,4,1,0.7700985191525687,1073.7410303210872,210.5265797869419,1178.589223051863,369.8728600119519,16707.169499964046,bob,0.6788614905385838,chen,0.5995000904479831,0.07936140009060066,unknown,unknown,unknown,0,0,0,0,0,22.0345769736692,14.424232093309795,8.865070441940253,45.32387950891925
Dim_Far_20260114_211800_T18,1736916004.36,109,Dim,Far,4,4,1280,720,22.13939352881223,4,0,diana,-1,0,-1.0,-1.0,-1.0,-1.0,-1.0,0.0,unknown,-1.0,unknown,-1.0,-1.0,unknown,unknown,unknown,0,0,0,0,1,27.924963862924944,11.971880474029353,16.10454563885557,56.001389975809865
Dim_Far_20260114_211800_T18,1736916004.36,109,Dim,Far,4,4,1280,720,22.13939352881223,4,1,chen,2,1,0.8110610792987653,432.6224378685756,225.5957805604212,513.048189677503,429.5628623517904,16404.20589734386,chen,0.8083716190313741,bob,0.6628868443031508,0.1454847747282233,chen,chen,chen,2,1,1,0,0,27.924963862924944,11.971880474029353,16.10454563885557,56.001389975809865
Dim_Far_20260114_211800_T18,1736916004.36,109,Dim,Far,4,4,1280,720,22.13939352881223,4,2,alice,3,1,0.7413559188831963,776.3885481295398,265.2105926580201,861.9254933538801,464.41334517172686,17039.194930302758,alice,0.974217334028131,chen,0.8427333969537164,0.13148393707441464,alice,alice,alice,1,1,1,0,0,27.924963862924944,11.971880474029353,16.10454563885557,56.001389975809865
Dim_Far_20260114_211800_T18,1736916004.36,109,Dim,Far,4,4,1280,720,22.13939352881223,4,3,bob,-1,0,-1.0,-1.0,-1.0,-1.0,-1.0,0.0,unknown,-1.0,unknown,-1.0,-1.0,unknown,unknown,unknown,0,0,0,0,1,27.924963862924944,11.971880474029353,16.10454563885557,56.001389975809865
Dim_Far_20260114_211800_T18,1736916004.4,110,Dim,Far,4,4,1280,720,19.98433205935815,0,0,diana,1,1,0.8641168769707452,116.63903507837846,128.65829801081293,212.20316393555896,315.58579929149164,17863.563819337556,bob,0.7547438323292255,alice,0.7053233879496164,0.04942044437960913,unknown,unknown,unknown,0,0,0,0,0,34.150335224314944,17.136693957971563,22.678606135412675,73.96563531769918
Dim_Far_20260114_211800_T18,1736916004.4,110,Dim,Far,4,4,1280,720,19.98433205935815,0,1,chen,2,1,0.7373400197690649,424.728833082958,224.17283203369198,542.7751625586958,402.16030806817537,21010.768238521618,chen,0.6540454056508174,diana,0.6114924287530551,0.042552976897762274,unknown,unknown,unknown,0,0,0,0,0,34.150335224314944,17.136693957971563,22.678606135412675,73.96563531769918
Dim_Far_20260114_211800_T18,1736916004.4,110,Dim,Far,4,4,1280,720,19.98433205935815,0,2,alice,3,1,0.6859286752801597,740.2035438985747,326.52679987968173,821.0588869084543,471.0023678553311,11681.6216052183,alice,0.8325926199600189,chen,0.7121534688683878,0.12043915109163106,alice,alice,alice,1,1,1,0,0,34.150335224314944,17.136693957971563,22.678606135412675,73.96563531769918
Dim_Far_20260114_211800_T18,1736916004.4,110,Dim,Far,4,4,1280,720,19.98433205935815,0,3,bob,4,1,0.9194400985265603,1086.2557441352967,238.55703476320764,1166.6507610506653,426.09599463871007,15077.197851481653,bob,0.8937828610268748,alice,0.7686545132204754,0.12512834780639936,bob,bob,bob,3,1,1,0,0,34.150335224314944,17.136693957971563,22.678606135412675,73.96563531769918
Dim_Far_20260114_211800_T18,1736916004.44,111,Dim,Far,4,4,1280,720,27.59919099374631,0,0,diana,1,1,0.9739243738927745,100.79799568513637,272.31911287722073,228.54532827244822,460.9072902902826,24091.63662202139,diana,0.9083268474591215,chen,0.7368286310642198,0.1714982163949017,diana,diana,diana,1,1,1,0,0,49.01647684955437,31.41174737169537,28.864202707727735,109.29242692897748
Dim_Far_20260114_211800_T18,1736916004.44,111,Dim,Far,4,4,1280,720,27.59919099374631,0,1,chen,2,1,0.7538505847123551,430.3492011538347,221.53820124741316,524.6140871854975,409.43605886536835,17712.17013395015,chen,0.91619358716733,alice,0.8538109056295441,0.06238268153778592,chen,chen,chen,2,1,1,0,0,49.01647684955437,31.41174737169537,28.864202707727735,109.29242692897748
Dim_Far_20260114_211800_T18,1736916004.44,111,Dim,Far,4,4,1280,720,27.59919099374631,0,2,alice,3,1,0.7836549571149405,741.0815594677731,286.690806956703,834.4976998691961,441.00018226909583,14414.98626943837,chen,0.5908810052313761,alice,0.4933026523666194,0.09757835286475669,chen,chen,chen,1,0,0,1,0,49.01647684955437,31.41174737169537,28.864202707727735,109.29242692897748
Dim_Far_20260114_211800_T18,1736916004.44,111,Dim,Far,4,4,1280,720,27.59919099374631,0,3,bob,4,1,0.6149723901479665,1074.8403856052678,301.3476590293512,1187.3552171245901,502.6716503414595,22651.934963279382,bob,0.7821610436917364,alice,0.7133860674866509,0.06877497620508555,bob,bob,bob,3,1,1,0,0,49.01647684955437,31.41174737169537,28.864202707727735,109.29242692897748
Dim_Far_20260114_211800_T18,1736916004.48,112,Dim,Far,4,4,1280,720,23.643412674679862,1,0,diana,1,1,0.5861697791842156,102.47408409706586,233.60427505431903,193.07366167258672,434.02766219647935,18158.274211334807,diana,0.9676065230068072,alice,0.8721731526242289,0.09543337038257826,diana,diana,diana,2,1,1,0,0,26.539869709464003,20.014318529490556,6.687842733782517,53.242030972737076
Dim_Far_20260114_211800_T18,1736916004.48,112,Dim,Far,4,4,1280,720,23.643412674679862,1,1,chen,2,1,0.9555140218842662,447.23828043511503,259.7168737308507,543.3514757916868,415.64684684056783,14986.927967439222,chen,0.8828509156607627,bob,0.763616463995295,0.11923445166546764,chen,chen,chen,2,1,1,0,0,26.539869709464003,20.014318529490556,6.687842733782517,53.242030972737076
Dim_Far_20260114_211800_T18,1736916004.48,112,Dim,Far,4,4,1280,720,23.643412674679862,1,2,alice,3,1,0.7697596739779011,733.8250792401122,247.90425640186746,816.2050385853693,435.47434785433245,15452.016508240207,alice,0.7853283305686499,chen,0.7147084695448004,0.07061986102384954,alice,alice,alice,1,1,1,0,0,26.539869709464003,20.014318529490556,6.687842733782517,53.242030972737076
Dim_Far_20260114_211800_T18,1736916004.48,112,Dim,Far,4,4,1280,720,23.643412674679862,1,3,bob,4,1,0.6624700245048071,1070.0964888514468,267.2216518323091,1153.2510607736003,398.73633674499325,10936.047325391157,diana,0.6799884200088002,bob,0.630983383444444,0.049005036564356175,diana,diana,diana,2,0,0,1,0,26.539869709464003,20.014318529490556,6.687842733782517,53.242030972737076
Dim_Far_20260114_211800_T18,1736916004.52,113,Dim,Far,4,4,1280,720,25.240546095673682,1,0,diana,1,1,0.7960078236325145,121.2020681427419,274.0065360173919,212.45224557491156,407.8097427807236,12209.5663581473,bob,0.7623049139767313,diana,0.6870952657474776,0.07520964822925369,bob,bob,bob,1,0,0,1,0,15.290252975939445,10.493860315479143,8.855424267678135,34.63953755909672
Dim_Far_20260114_211800_T18,1736916004.52,113,Dim,Far,4,4,1280,720,25.240546095673682,1,1,chen,2,1,0.8364891998678746,445.7558106659478,242.24743919285265,560.3896361927773,382.80501824760586,16112.652993836118,chen,0.7995652512240136,alice,0.6846100021669307,0.11495524905708288,chen,chen,chen,1,1,1,0,0,15.290252975939445,10.493860315479143,8.855424267678135,34.63953755909672
Dim_Far_20260114_211800_T18,1736916004.52,113,Dim,Far,4,4,1280,720,25.240546095673682,1,2,alice,3,1,0.674451869923574,772.3079199015968,227.39512291592786,866.4013255292679,397.21215876471837,15978.663236608996,alice,0.8709097389147665,diana,0.7795951601840123,0.09131457873075421,alice,alice,alice,2,1,1,0,0,15.290252975939445,10.493860315479143,8.855424267678135,34.63953755909672
Dim_Far_20260114_211800_T18,1736916004.52,113,Dim,Far,4,4,1280,720,25.240546095673682,1,3,bob,4,1,0.7233459909048358,1059.2550245530542,319.0630092558829,1168.3114673313198,456.6594410409425,15005.77738946088,chen,0.7324108586872794,bob,0.6765522249679539,0.055858633719325534,chen,chen,chen,1,0,0,1,0,15.290252975939445,10.493860315479143,8.855424267678135,34.63953755909672
Dim_Far_20260114_211800_T18,1736916004.56,114,Dim,Far,4,4,1280,720,26.649034806748915,2,0,diana,1,1,0.7220911894511495,105.0055758589116,322.1239421205089,218.6849365472009,477.23819686052764,17633.289312485776,diana,0.7796861600770237,bob,0.6454427099819477,0.134243450095076,diana,diana,diana,3,1,1,0,0,20.581265128761217,19.593473307961254,10.35963791772209,50.53437635444456
Dim_Far_20260114_211800_T18,1736916004.56,114,Dim,Far,4,4,1280,720,26.649034806748915,2,1,chen,-1,0,-1.0,-1.0,-1.0,-1.0,-1.0,0.0,unknown,-1.0,unknown,-1.0,-1.0,unknown,unknown,unknown,0,0,0,0,1,20.581265128761217,19.593473307961254,10.35963791772209,50.53437635444456
Dim_Far_20260114_211800_T18,1736916004.56,114,Dim,Far,4,4,1280,720,26.649034806748915,2,2,alice,3,1,0.7876237381264568,761.8155889188183,270.10137761996066,869.1953437729346,454.4943828702536,19800.075700590238,alice,0.9386333064161543,bob,0.84872352504473,0.08990978137142425,alice,alice,alice,1,1,1,0,0,20.581265128761217,19.593473307961254,10.35963791772209,50.53437635444456
Dim_Far_20260114_211800_T18,1736916004.56,114,Dim,Far,4,4,1280,720,26.649034806748915,2,3,bob,4,1,0.7687858340374755,1054.9022288971921,220.9129216592063,1160.6438111816208,433.2524595664512,22453.118719856495,diana,0.7868869440951103,bob,0.7391300101060061,0.04775693398910419,diana,diana,diana,2,0,0,1,0,20.581265128761217,19.593473307961254,10.35963791772209,50.53437635444456
Dim_Far_20260114_211800_T18,1736916004.6,115,Dim,Far,4,4,1280,720,26.22240762863049,2,0,diana,-1,0,-1.0,-1.0,-1.0,-1.0,-1.0,0.0,unknown,-1.0,unknown,-1.0,-1.0,unknown,unknown,unknown,0,0,0,0,1,15.002242818671785,8.491960904860143,17.265402415582674,40.7596061391146
Dim_Far_20260114_211800_T18,1736916004.6,115,Dim,Far,4,4,1280,720,26.22240762863049,2,1,chen,2,1,0.7932863551270364,412.4676878682758,264.8298590760073,522.1281430690865,465.4985725556679,22005.42246474064,chen,0.8968962671416393,bob,0.8273934581148463,0.06950280902679296,chen,chen,chen,2,1,1,0,0,15.002242818671785,8.491960904860143,17.265402415582674,40.7596061391146
Dim_Far_20260114_211800_T18,1736916004.6,115,Dim,Far,4,4,1280,720,26.22240762863049,2,2,alice,3,1,0.7458290239433835,737.0838858929318,295.90699809856005,849.1976553872001,511.81328386322116,24206.06755458285,diana,0.6530459356974749,bob,0.5756219920709301,0.07742394362654481,unknown,unknown,unknown,0,0,0,0,0,15.002242818671785,8.491960904860143,17.265402415582674,40.7596061391146
Dim_Far_20260114_211800_T18,1736916004.6,115,Dim,Far,4,4,1280,720,26.22240762863049,2,3,bob,4,1,0.7607229161605341,1054.9058418795582,307.7780720447598,1136.619747580534,456.4912981779487,12151.93853673529,bob,0.8359901353026065,diana,0.7163784726193131,0.11961166268329337,bob,bob,bob,2,1,1,0,0,15.002242818671785,8.491960904860143,17.265402415582674,40.7596061391146
Dim_Far_20260114_211800_T18,1736916004.64,116,Dim,Far,4,4,1280,720,23.119013173100004,1,0,diana,1,1,0.8538769437507793,119.51943050518949,294.1652544190431,245.43178408037355,496.4043785952432,25464.40411000926,diana,0.8481108523862525,bob,0.742417174425722,0.10569367796053053,diana,diana,diana,1,1,1,0,0,49.943172099296106,45.4115128623545,22.41906300937542,117.77374797102603
Dim_Far_20260114_211800_T18,1736916004.64,116,Dim,Far,4,4,1280,720,23.119013173100004,1,1,chen,2,1,0.7627435801027385,436.3845019066606,206.07620795743873,522.2590604722313,397.651092816317,16451.40866950621,alice,0.5621392353646232,diana,0.5231930882639588,0.03894614710066435,unknown,unknown,unknown,0,0,0,0,0,49.943172099296106,45.4115128623545,22.41906300937542,117.77374797102603
Dim_Far_20260114_211800_T18,1736916004.64,116,Dim,Far,4,4,1280,720,23.119013173100004,1,2,alice,3,1,0.806476306422593,758.5794250731143,248.8112655099032,860.3448648693949,413.7241113147207,16782.428281383458,alice,0.8802724991579954,diana,0.8022665163309072,0.07800598282708826,alice,alice,alice,2,1,1,0,0,49.943172099296106,45.4115128623545,22.41906300937542,117.77374797102603
Dim_Far_20260114_211800_T18,1736916004.64,116,Dim,Far,4,4,1280,720,23.119013173100004,1,3,bob,-1,0,-1.0,-1.0,-1.0,-1.0,-1.0,0.0,unknown,-1.0,unknown,-1.0,-1.0,unknown,unknown,unknown,0,0,0,0,1,49.943172099296106,45.4115128623545,22.41906300937542,117.77374797102603
Dim_Far_20260114_211800_T18,1736916004.68,117,Dim,Far,4,4,1280,720,23.759286786765713,0,0,diana,1,1,0.7539491241740943,106.18272511824685,277.70582371685384,219.441533133633,416.9608326303311,15771.856319712404,diana,0.8325718167732197,chen,0.6535365053335297,0.17903531143968998,diana,diana,diana,2,1,1,0,0,14.646778528149136,7.092303734958067,9.214047015483521,30.953129278590723
Dim_Far_20260114_211800_T18,1736916004.68,117,Dim,Far,4,4,1280,720,23.759286786765713,0,1,chen,2,1,0.920105827319849,431.39347911792044,250.5753645941814,526.8854779631297,420.3015250877309,16207.49032185183,chen,0.9198809222381594,alice,0.77658438306693,0.14329653917122942,chen,chen,chen,2,1,1,0,0,14.646778528149136,7.092303734958067,9.214047015483521,30.953129278590723
Dim_Far_20260114_211800_T18,1736916004.68,117,Dim,Far,4,4,1280,720,23.759286786765713,0,2,alice,3,1,0.8189901341133665,762.0608159452664,251.6492644582406,887.2761899062756,392.3190169874001,17614.015667941323,diana,0.7582377152634513,bob,0.6976618229526046,0.0605758923108467,unknown,unknown,unknown,0,0,0,0,0,14.646778528149136,7.092303734958067,9.214047015483521,30.953129278590723
Dim_Far_20260114_211800_T18,1736916004.68,117,Dim,Far,4,4,1280,720,23.759286786765713,0,3,bob,-1,0,-1.0,-1.0,-1.0,-1.0,-1.0,0.0,unknown,-1.0,unknown,-1.0,-1.0,unknown,unknown,unknown,0,0,0,0,1,14.646778528149136,7.092303734958067,9.214047015483521,30.953129278590723
Dim_Far_20260114_211800_T18,1736916004.72,118,Dim,Far,4,4,1280,720,26.266440762644592,1,0,diana,1,1,0.738671722033822,89.24398370535991,231.17223683218754,214.29580381317848,443.33413489027987,26531.231509693906,diana,0.8267398579661184,alice,0.6557666081579063,0.17097324980821205,diana,diana,diana,1,1,1,0,0,18.058253393076576,13.02139232463457,2.5913252042540034,33.67097092196515
Dim_Far_20260114_211800_T18,1736916004.72,118,Dim,Far,4,4,1280,720,26.266440762644592,1,1,chen,2,1,0.6309302324253603,411.6793725496961,263.02884632015935,501.7679001099205,426.3252238547651,14711.130208011142,chen,0.798312975517385,bob,0.6854545263318231,0.11285844918556187,chen,chen,chen,2,1,1,0,0,18.058253393076576,13.02139232463457,2.5913252042540034,33.67097092196515
Dim_Far_20260114_211800_T18,1736916004.72,118,Dim,Far,4,4,1280,720,26.266440762644592,1,2,alice,3,1,0.8602553129352528,734.4554912151063,277.24129413913926,852.9235851385474,430.9005765011819,18203.72229507502,alice,0.8808456799912021,diana,0.7121133490246333,0.1687323309665688,alice,alice,alice,2,1,1,0,0,18.058253393076576,13.02139232463457,2.5913252042540034,33.67097092196515
Dim_Far_20260114_211800_T18,1736916004.72,118,Dim,Far,4,4,1280,720,26.266440762644592,1,3,bob,4,1,0.9375146476281437,1067.5420477972611,308.9100239741019,1190.5115768963688,464.5541857266126,19139.48927773158,bob,0.872797083278877,alice,0.7901494495250239,0.08264763375385309,bob,bob,bob,1,1,1,0,0,18.058253393076576,13.02139232463457,2.5913252042540034,33.67097092196515
Dim_Far_20260114_211800_T18,1736916004.76,119,Dim,Far,4,4,1280,720,24.85475562260642,1,0,diana,1,1,0.7578713077879158,105.24394142896398,223.32370185169333,228.8286239432851,436.9104360979457,26396.04874109378,diana,0.8923685715017561,bob,0.8120283071881993,0.08034026431355679,diana,diana,diana,2,1,1,0,0,27.497140441442927,14.343514774639809,16.527236866836702,58.36789208291944
Dim_Far_20260114_211800_T18,1736916004.76,119,Dim,Far,4,4,1280,720,24.85475562260642,1,1,chen,2,1,0.7048282439191571,451.60244993048764,284.54383143971296,571.8948308774414,443.4434671556855,19114.415511877956,chen,0.8815404569958768,alice,0.7438776036033207,0.13766285339255613,chen,chen,chen,3,1,1,0,0,27.497140441442927,14.343514774639809,16.527236866836702,58.36789208291944
Dim_Far_20260114_211800_T18,1736916004.76,119,Dim,Far,4,4,1280,720,24.85475562260642,1,2,alice,3,1,0.7155214423233325,726.8480172745953,235.1359131107048,839.8073043027116,367.21744250261816,14919.835389693715,alice,0.810750961880632,bob,0.6992144275582879,0.11153653432234412,alice,alice,alice,2,1,1,0,0,27.497140441442927,14.343514774639809,16.527236866836702,58.36789208291944
Dim_Far_20260114_211800_T18,1736916004.76,119,Dim,Far,4,4,1280,720,24.85475562260642,1,3,bob,4,1,0.7496859333791275,1068.952438688998,262.72512806008035,1151.1035847100666,463.4990596926523,16493.80857477146,bob,0.8294762559503187,chen,0.6662688509328032,0.16320740501751552,bob,bob,bob,2,1,1,0,0,27.497140441442927,14.343514774639809,16.527236866836702,58.36789208291944
Dim_Far_20260114_211800_T18,1736916004.8,120,Dim,Far,4,4,1280,720,26.07121279521803,1,0,diana,-1,0,-1.0,-1.0,-1.0,-1.0,-1.0,0.0,unknown,-1.0,unknown,-1.0,-1.0,unknown,unknown,unknown,0,0,0,0,1,15.353698866856657,10.101831071215944,10.729017491488818,36.18454742956142
Dim_Far_20260114_211800_T18,1736916004.8,120,Dim,Far,4,4,1280,720,26.07121279521803,1,1,chen,2,1,0.7070015071887581,433.2043986876738,215.838882085056,560.5080570154652,411.6231406152165,24924.052353883526,chen,0.8577230869655708,diana,0.756715023165904,0.10100806379966676,chen,chen,chen,1,1,1,0,0,15.353698866856657,10.101831071215944,10.729017491488818,36.18454742956142
Dim_Far_20260114_211800_T18,1736916004.8,120,Dim,Far,4,4,1280,720,26.07121279521803,1,2,alice,3,1,0.7740960107708864,741.3469196924588,235.66730701614875,842.8820511443352,428.45593430447224,19574.81861414673,chen,0.6011705866454977,alice,0.5349812040244061,0.06618938262109164,unknown,unknown,unknown,0,0,0,0,0,15.353698866856657,10.101831071215944,10.729017491488818,36.18454742956142
Dim_Far_20260114_211800_T18,1736916004.8,120,Dim,Far,4,4,1280,720,26.07121279521803,1,3,bob,4,1,0.7908721771467274,1055.662568236781,208.91399259031306,1169.3389646442208,390.5150745247906,20643.756578003624,bob,0.8774667784972099,diana,0.7453534991052041,0.1321132793920058,bob,bob,bob,3,1,1,0,0,15.353698866856657,10.101831071215944,10.729017491488818,36.18454742956142
Dim_Far_20260114_211800_T18,1736916004.84,121,Dim,Far,4,4,1280,720,26.160317432220626,1,0,diana,-1,0,-1.0,-1.0,-1.0,-1.0,-1.0,0.0,unknown,-1.0,unknown,-1.0,-1.0,unknown,unknown,unknown,0,0,0,0,1,22.055407258420107,18.603823995817915,9.139285698941457,49.79851695317948
Dim_Far_20260114_211800_T18,1736916004.84,121,Dim,Far,4,4,1280,720,26.160317432220626,1,1,chen,2,1,0.7280235108103723,438.6027114939705,311.5245917283306,537.9840292754359,498.76596212315326,18608.294133044932,chen,0.8820763884464605,diana,0.7774726204091663,0.10460376803729421,chen,chen,chen,3,1,1,0,0,22.055407258420107,18.603823995817915,9.139285698941457,49.79851695317948
Dim_Far_20260114_211800_T18,1736916004.84,121,Dim,Far,4,4,1280,720,26.160317432220626,1,2,alice,3,1,0.7495968063002809,729.4183178504436,274.0019038528063,839.199949651455,461.0972792884294,20539.635617745556,bob,0.8076574992478623,alice,0.7257463035083618,0.08191119573950056,bob,bob,bob,1,0,0,1,0,22.055407258420107,18.603823995817915,9.139285698941457,49.79851695317948
Dim_Far_20260114_211800_T18,1736916004.84,121,Dim,Far,4,4,1280,720,26.160317432220626,1,3,bob,-1,0,-1.0,-1.0,-1.0,-1.0,-1.0,0.0,unknown,-1.0,unknown,-1.0,-1.0,unknown,unknown,unknown,0,0,0,0,1,22.055407258420107,18.603823995817915,9.139285698941457,49.79851695317948
Dim_Far_20260114_211800_T18,1736916004.88,122,Dim,Far,4,4,1280,720,25.219006178820358,0,0,diana,1,1,0.75573656473926,116.3514149345371,283.7825323348452,202.58632889799077,462.00520476425515,15369.016823286953,diana,0.744882548221026,alice,0.727978160349617,0.01690438787140891,unknown,unknown,unknown,0,0,0,0,0,24.461771062170307,11.310258617849756,11.921010213179356,47.69303989319942
Dim_Far_20260114_211800_T18,1736916004.88,122,Dim,Far,4,4,1280,720,25.219006178820358,0,1,chen,-1,0,-1.0,-1.0,-1.0,-1.0,-1.0,0.0,unknown,-1.0,unknown,-1.0,-1.0,unknown,unknown,unknown,0,0,0,0,1,24.461771062170307,11.310258617849756,11.921010213179356,47.69303989319942
Dim_Far_20260114_211800_T18,1736916004.88,122,Dim,Far,4,4,1280,720,25.219006178820358,0,2,alice,3,1,0.813732047591328,740.0763026466012,294.90987355499567,867.9112638946502,436.11184877930407,18050.54903094744,alice,0.8511741294514787,diana,0.789313443767371,0.06186068568410774,alice,alice,alice,2,1,1,0,0,24.461771062170307,11.310258617849756,11.921010213179356,47.69303989319942
Dim_Far_20260114_211800_T18,1736916004.88,122,Dim,Far,4,4,1280,720,25.219006178820358,0,3,bob,4,1,0.8169219765715733,1090.0525666149033,249.56674633049232,1215.1786763748769,406.32570929694333,19614.639205999785,bob,0.8909053976912017,chen,0.7421113116883271,0.14879408600287458,bob,bob,bob,1,1,1,0,0,24.461771062170307,11.310258617849756,11.921010213179356,47.69303989319942
Dim_Far_20260114_211800_T18,1736916004.92,123,Dim,Far,4,4,1280,720,25.176127570003377,1,0,diana,-1,0,-1.0,-1.0,-1.0,-1.0,-1.0,0.0,unknown,-1.0,unknown,-1.0,-1.0,unknown,unknown,unknown,0,0,0,0,1,25.661400020793817,10.157276343866812,11.43687294097985,47.25554930564048
Dim_Far_20260114_211800_T18,1736916004.92,123,Dim,Far,4,4,1280,720,25.176127570003377,1,1,chen,2,1,0.7659929009120489,409.3874288432993,228.84562819954766,530.8306997071084,420.8936496079579,23322.93988276017,chen,0.695423407001446,diana,0.6525694004688078,0.042854006532638156,unknown,unknown,unknown,0,0,0,0,0,25.661400020793817,10.157276343866812,11.43687294097985,47.25554930564048
Dim_Far_20260114_211800_T18,1736916004.92,123,Dim,Far,4,4,1280,720,25.176127570003377,1,2,alice,3,1,0.8935612652723468,717.4726289599204,340.35563267795396,808.507023289893,475.44341996133903,12297.634896719142,alice,0.8458534982931875,bob,0.7005900087319772,0.14526348956121027,alice,alice,alice,2,1,1,0,0,25.661400020793817,10.157276343866812,11.43687294097985,47.25554930564048
Dim_Far_20260114_211800_T18,1736916004.92,123,Dim,Far,4,4,1280,720,25.176127570003377,1,3,bob,-1,0,-1.0,-1.0,-1.0,-1.0,-1.0,0.0,unknown,-1.0,unknown,-1.0,-1.0,unknown,unknown,unknown,0,0,0,0,1,25.661400020793817,10.157276343866812,11.43687294097985,47.25554930564048
Dim_Far_20260114_211800_T18,1736916004.96,124,Dim,Far,4,4,1280,720,25.36845360572521,1,0,diana,-1,0,-1.0,-1.0,-1.0,-1.0,-1.0,0.0,unknown,-1.0,unknown,-1.0,-1.0,unknown,unknown,unknown,0,0,0,0,1,19.208538922043605,14.499017530574303,13.15125694306795,46.85881339568586
Dim_Far_20260114_211800_T18,1736916004.96,124,Dim,Far,4,4,1280,720,25.36845360572521,1,1,chen,2,1,0.7522936759034425,409.9399924840781,234.38876412395723,503.29175210307307,432.63905136788514,18507.013159191858,chen,0.8735596476314078,alice,0.7653451726354583,0.1082144749959495,chen,chen,chen,2,1,1,0,0,19.208538922043605,14.499017530574303,13.15125694306795,46.85881339568586
Dim_Far_20260114_211800_T18,1736916004.96,124,Dim,Far,4,4,1280,720,25.36845360572521,1,2,alice,3,1,0.8126096583499098,738.2408340165672,205.73677473062708,835.2251907446715,393.2114944251405,18182.115092354055,alice,0.6983146319057344,bob,0.6860803120876346,0.012234319818099748,unknown,unknown,unknown,0,0,0,0,0,19.208538922043605,14.499017530574303,13.15125694306795,46.85881339568586
Dim_Far_20260114_211800_T18,1736916004.96,124,Dim,Far,4,4,1280,720,25.36845360572521,1,3,bob,4,1,0.7115848789132694,1064.4572782012274,213.75709206521475,1152.8816885675792,414.8640382109965,17782.763133518423,bob,0.9336058385990331,chen,0.7698818845826957,0.16372395401633744,bob,bob,bob,1,1,1,0,0,19.208538922043605,14.499017530574303,13.15125694306795,46.85881339568586
Dim_Far_20260114_211800_T18,1736916005.0,125,Dim,Far,4,4,1280,720,25.899831942320958,0,0,diana,1,1,0.7099143378273196,102.98643790156409,219.9900939737678,195.260815547066,378.8640603639203,14659.996372723708,diana,0.881369603811551,chen,0.7084677478026006,0.17290185600895047,diana,diana,diana,2,1,1,0,0,19.287786659933605,8.83030252791763,13.993052285594223,42.11114147344546
Dim_Far_20260114_211800_T18,1736916005.0,125,Dim,Far,4,4,1280,720,25.899831942320958,0,1,chen,2,1,0.7063178582178362,386.7154189709887,167.443667131945,514.2703701348989,383.3399257916622,27538.636729811158,chen,0.8346465349530803,alice,0.7656618169706012,0.06898471798247907,chen,chen,chen,2,1,1,0,0,19.287786659933605,8.83030252791763,13.993052285594223,42.11114147344546
Dim_Far_20260114_211800_T18,1736916005.0,125,Dim,Far,4,4,1280,720,25.899831942320958,0,2,alice,3,1,0.7768330378675581,737.9021456286064,230.76685995558245,855.7490704996028,394.8123371307458,19332.255024088234,alice,0.8912256703725016,chen,0.7227156496176759,0.16851002075482568,alice,alice,alice,2,1,1,0,0,19.287786659933605,8.83030252791763,13.993052285594223,42.11114147344546
Dim_Far_20260114_211800_T18,1736916005.0,125,Dim,Far,4,4,1280,720,25.899831942320958,0,3,bob,4,1,0.7405096096332819,1061.2892530881907,263.30060412834314,1169.4631535358146,435.0470482779027,18578.482751667867,bob,0.8351691546614501,diana,0.7092412220074704,0.12592793265397972,bob,bob,bob,2,1,1,0,0,19.287786659933605,8.83030252791763,13.993052285594223,42.11114147344546
Dim_Far_20260114_211800_T18,1736916005.04,126,Dim,Far,4,4,1280,720,21.929062297400506,1,0,diana,1,1,0.7902158488040194,106.88361298698138,214.53837373788804,191.94877160130355,370.6169891338509,13276.852174961366,diana,0.8579023256523779,chen,0.733577965912275,0.12432435974010292,diana,diana,diana,3,1,1,0,0,23.217956264413456,12.20448185966001,12.764886841213126,48.18732496528659
Dim_Far_20260114_211800_T18,1736916005.04,126,Dim,Far,4,4,1280,720,21.929062297400506,1,1,chen,2,1,0.868862508723818,426.17835170178375,258.07817240422764,522.1935311101046,413.02040732515536,14876.806483859065,chen,0.8292295469002189,diana,0.6582202649442436,0.1710092819559753,chen,chen,chen,2,1,1,0,0,23.217956264413456,12.20448185966001,12.764886841213126,48.18732496528659
Dim_Far_20260114_211800_T18,1736916005.04,126,Dim,Far,4,4,1280,720,21.929062297400506,1,2,alice,3,1,0.7237327295888212,748.8752323616226,193.7849947291553,833.6531119941307,404.48550407913615,17862.742420180817,alice,0.8414221872862905,diana,0.7371069854669223,0.10431520181936815,alice,alice,alice,3,1,1,0,0,23.217956264413456,12.20448185966001,12.764886841213126,48.18732496528659
Dim_Far_20260114_211800_T18,1736916005.04,126,Dim,Far,4,4,1280,720,21.929062297400506,1,3,bob,4,1,0.7526958242919293,1068.4595864192886,297.5509794995617,1178.2133178432184,478.0954019597844,19815.424052787803,bob,0.7898716052952498,alice,0.6474830481219254,0.14238855717332444,bob,bob,bob,3,1,1,0,0,23.217956264413456,12.20448185966001,12.764886841213126,48.18732496528659
Dim_Far_20260114_211800_T18,1736916005.08,127,Dim,Far,4,4,1280,720,26.35549329019143,3,0,diana,1,1,0.9608554443617323,104.82034469168894,264.2301030272528,223.5165292492905,423.2982676976914,18880.784230961333,diana,0.8361114999608545,alice,0.7304065099375088,0.10570499002334577,diana,diana,diana,3,1,1,0,0,16.6138294559936,10.217240038941663,13.784541895044983,40.615611389980245
Dim_Far_20260114_211800_T18,1736916005.08,127,Dim,Far,4,4,1280,720,26.35549329019143,3,1,chen,2,1,0.6670346253851527,407.3201296815284,268.78457076201926,532.6989360178547,426.3703036150878,19757.91108075294,chen,0.8245930077575112,bob,0.6934381294211951,0.13115487833631612,chen,chen,chen,2,1,1,0,0,16.6138294559936,10.217240038941663,13.784541895044983,40.615611389980245
Dim_Far_20260114_211800_T18,1736916005.08,127,Dim,Far,4,4,1280,720,26.35549329019143,3,2,alice,3,1,0.8199892656717894,764.8779583471834,211.07244382679534,870.4076851091237,361.23039327733676,15846.127376648881,alice,0.8094146542463502,bob,0.6772438950092158,0.1321707592371344,alice,alice,alice,3,1,1,0,0,16.6138294559936,10.217240038941663,13.784541895044983,40.615611389980245
Dim_Far_20260114_211800_T18,1736916005.08,127,Dim,Far,4,4,1280,720,26.35549329019143,3,3,bob,4,1,0.8592193427992145,1044.8898696500387,285.5453341975225,1148.9441804388885,441.4042635183762,16217.793470769479,bob,0.869536082888654,alice,0.7624129407039928,0.10712314218466124,bob,bob,bob,3,1,1,0,0,16.6138294559936,10.217240038941663,13.784541895044983,40.615611389980245
Dim_Far_20260114_211800_T18,1736916005.12,128,Dim,Far,4,4,1280,720,20.845456026578628,4,0,diana,1,1,0.7976771249967555,100.91319115017745,234.71517347524627,228.3817161854347,440.09908324772573,26179.984044672314,diana,0.8186831577769497,alice,0.6502665085984942,0.16841664917845545,diana,diana,diana,2,1,1,0,0,15.682658025771664,10.34472547264317,12.4584827295823,38.485866227997136
Dim_Far_20260114_211800_T18,1736916005.12,128,Dim,Far,4,4,1280,720,20.845456026578628,4,1,chen,2,1,0.8349633736644995,440.58768676699094,288.1155888113261,543.2354998396141,483.6127584990662,20067.35693033404,chen,0.8469206024707328,bob,0.7341737489858595,0.11274685348487323,chen,chen,chen,3,1,1,0,0,15.682658025771664,10.34472547264317,12.4584827295823,38.485866227997136
Dim_Far_20260114_211800_T18,1736916005.12,128,Dim,Far,4,4,1280,720,20.845456026578628,4,2,alice,-1,0,-1.0,-1.0,-1.0,-1.0,-1.0,0.0,unknown,-1.0,unknown,-1.0,-1.0,unknown,unknown,unknown,0,0,0,0,1,15.682658025771664,10.34472547264317,12.4584827295823,38.485866227997136
Dim_Far_20260114_211800_T18,1736916005.12,128,Dim,Far,4,4,1280,720,20.845456026578628,4,3,bob,4,1,0.5072229097941203,1080.5804174322636,304.59627755201643,1170.320466834057,463.6007497083682,14269.069186417088,bob,0.8169536508384897,diana,0.694702336560265,0.12225131427822467,bob,bob,bob,3,1,1,0,0,15.682658025771664,10.34472547264317,12.4584827295823,38.485866227997136
Dim_Far_20260114_211800_T18,1736916005.16,129,Dim,Far,4,4,1280,720,25.65813853245243,1,0,diana,-1,0,-1.0,-1.0,-1.0,-1.0,-1.0,0.0,unknown,-1.0,unknown,-1.0,-1.0,unknown,unknown,unknown,0,0,0,0,1,32.75706910749199,21.695787082005182,18.663338795043778,73.11619498454095
Dim_Far_20260114_211800_T18,1736916005.16,129,Dim,Far,4,4,1280,720,25.65813853245243,1,1,chen,2,1,0.7395511400405836,392.5121073583528,226.7455025616747,520.0199981514081,422.27388656749486,24931.4118347567,chen,0.9308250163022075,alice,0.8211024965300489,0.10972251977215863,chen,chen,chen,2,1,1,0,0,32.75706910749199,21.695787082005182,18.663338795043778,73.11619498454095
Dim_Far_20260114_211800_T18,1736916005.16,129,Dim,Far,4,4,1280,720,25.65813853245243,1,2,alice,3,1,0.7193431229721652,797.4918348684628,230.19325033660712,884.068333864961,380.91854971763667,13049.268730608599,alice,0.9388369435635808,chen,0.8392002206879288,0.09963672287565206,alice,alice,alice,3,1,1,0,0,32.75706910749199,21.695787082005182,18.663338795043778,73.11619498454095
Dim_Far_20260114_211800_T18,1736916005.16,129,Dim,Far,4,4,1280,720,25.65813853245243,1,3,bob,-1,0,-1.0,-1.0,-1.0,-1.0,-1.0,0.0,unknown,-1.0,unknown,-1.0,-1.0,unknown,unknown,unknown,0,0,0,0,1,32.75706910749199,21.695787082005182,18.663338795043778,73.11619498454095
Dim_Far_20260114_211800_T18,1736916005.2,130,Dim,Far,4,4,1280,720,28.874294700230678,1,0,diana,1,1,0.8629573026756648,116.07899662919252,233.41789395058004,205.52566441627337,411.64356101893793,15941.692033394285,diana,0.8167752500191787,bob,0.7166397690694717,0.10013548094970703,diana,diana,diana,2,1,1,0,0,25.955995952908154,10.983255070415378,12.582650060622665,49.5219010839462
Dim_Far_20260114_211800_T18,1736916005.2,130,Dim,Far,4,4,1280,720,28.874294700230678,1,1,chen,-1,0,-1.0,-1.0,-1.0,-1.0,-1.0,0.0,unknown,-1.0,unknown,-1.0,-1.0,unknown,unknown,unknown,0,0,0,0,1,25.955995952908154,10.983255070415378,12.582650060622665,49.5219010839462
Dim_Far_20260114_211800_T18,1736916005.2,130,Dim,Far,4,4,1280,720,28.874294700230678,1,2,alice,-1,0,-1.0,-1.0,-1.0,-1.0,-1.0,0.0,unknown,-1.0,unknown,-1.0,-1.0,unknown,unknown,unknown,0,0,0,0,1,25.955995952908154,10.983255070415378,12.582650060622665,49.5219010839462
Dim_Far_20260114_211800_T18,1736916005.2,130,Dim,Far,4,4,1280,720,28.874294700230678,1,3,bob,4,1,0.7474198098943473,1059.1899560833874,228.1143742624361,1158.58876064132,419.17083257096726,18990.783558940497,bob,0.803434528581266,diana,0.7238488408566128,0.07958568772465313,bob,bob,bob,2,1,1,0,0,25.955995952908154,10.983255070415378,12.582650060622665,49.5219010839462
Dim_Far_20260114_211800_T18,1736916005.24,131,Dim,Far,4,4,1280,720,24.408279070800234,0,0,diana,1,1,0.8441638212842817,67.04387923388208,292.25257340215376,163.73925048230933,442.7369878262692,14551.146319842026,bob,0.9056471244745974,diana,0.8203328182298866,0.08531430624471081,bob,bob,bob,1,0,0,1,0,24.246436818251485,24.625582340156946,16.289458769326465,65.1614779277349
Dim_Far_20260114_211800_T18,1736916005.24,131,Dim,Far,4,4,1280,720,24.408279070800234,0,1,chen,2,1,0.8523318455831554,420.1622747754744,272.87194539650255,525.8333846669877,464.0305571683942,20199.9426712567,chen,0.8501275484270587,bob,0.6979036728334431,0.1522238755936156,chen,chen,chen,2,1,1,0,0,24.246436818251485,24.625582340156946,16.289458769326465,65.1614779277349
Dim_Far_20260114_211800_T18,1736916005.24,131,Dim,Far,4,4,1280,720,24.408279070800234,0,2,alice,3,1,0.801952122218377,718.0709826747689,178.69184351314357,811.1381979688565,344.46985241665516,15428.497645648291,bob,0.7044599601504317,alice,0.6447415368033484,0.059718423347083216,unknown,unknown,unknown,0,0,0,0,0,24.246436818251485,24.625582340156946,16.289458769326465,65.1614779277349
Dim_Far_20260114_211800_T18,1736916005.24,131,Dim,Far,4,4,1280,720,24.408279070800234,0,3,bob,4,1,0.681912909252752,1061.3927980781468,288.96615527285934,1177.0353513711748,427.1159397291347,15975.99381140515,bob,0.8436560807848288,diana,0.6752776692489506,0.16837841153587818,bob,bob,bob,1,1,1,0,0,24.246436818251485,24.625582340156946,16.289458769326465,65.1614779277349
Dim_Far_20260114_211800_T18,1736916005.28,132,Dim,Far,4,4,1280,720,24.29801722566517,0,0,diana,1,1,0.9057707524351687,86.04767387950895,173.93087293645385,171.59185580818738,339.93921778053164,14201.048053020575,diana,0.8863914643524878,alice,0.7413184586830406,0.14507300566944725,diana,diana,diana,2,1,1,0,0,13.934004354850678,8.890047256359395,7.10731465421895,29.931366265429023
Dim_Far_20260114_211800_T18,1736916005.28,132,Dim,Far,4,4,1280,720,24.29801722566517,0,1,chen,-1,0,-1.0,-1.0,-1.0,-1.0,-1.0,0.0,unknown,-1.0,unknown,-1.0,-1.0,unknown,unknown,unknown,0,0,0,0,1,13.934004354850678,8.890047256359395,7.10731465421895,29.931366265429023
Dim_Far_20260114_211800_T18,1736916005.28,132,Dim,Far,4,4,1280,720,24.29801722566517,0,2,alice,3,1,0.7957419389956746,738.2912784377617,348.7121280204934,862.8181882617133,484.2272941154346,16875.284868082566,alice,0.8296814268839389,diana,0.7539457985976575,0.07573562828628133,alice,alice,alice,1,1,1,0,0,13.934004354850678,8.890047256359395,7.10731465421895,29.931366265429023
Dim_Far_20260114_211800_T18,1736916005.28,132,Dim,Far,4,4,1280,720,24.29801722566517,0,3,bob,4,1,0.8873464051258412,1051.7240779977105,337.00489440971444,1164.7334173126646,516.3640128255772,20269.25547228927,chen,0.6659146462286989,diana,0.638801432458079,0.027113213770619926,unknown,unknown,unknown,0,0,0,0,0,13.934004354850678,8.890047256359395,7.10731465421895,29.931366265429023
Dim_Far_20260114_211800_T18,1736916005.32,133,Dim,Far,4,4,1280,720,26.864490602408623,1,0,diana,1,1,0.685631806368159,88.93401532092686,226.1297792535642,215.3317690661827,431.4807930271614,25955.906870293773,diana,0.8402355126997013,bob,0.7616530963760636,0.07858241632363772,diana,diana,diana,2,1,1,0,0,45.54867812144594,30.319091504800898,8.68116642552079,84.54893605176763
Dim_Far_20260114_211800_T18,1736916005.32,133,Dim,Far,4,4,1280,720,26.864490602408623,1,1,chen,2,1,0.732856286176382,437.4800406466028,309.0487337215464,554.8890703510133,439.56453704634527,15323.733829456309,chen,0.8773410236175478,bob,0.7477062505419116,0.1296347730756362,chen,chen,chen,2,1,1,0,0,45.54867812144594,30.319091504800898,8.68116642552079,84.54893605176763
Dim_Far_20260114_211800_T18,1736916005.32,133,Dim,Far,4,4,1280,720,26.864490602408623,1,2,alice,-1,0,-1.0,-1.0,-1.0,-1.0,-1.0,0.0,unknown,-1.0,unknown,-1.0,-1.0,unknown,unknown,unknown,0,0,0,0,1,45.54867812144594,30.319091504800898,8.68116642552079,84.54893605176763
Dim_Far_20260114_211800_T18,1736916005.32,133,Dim,Far,4,4,1280,720,26.864490602408623,1,3,bob,-1,0,-1.0,-1.0,-1.0,-1.0,-1.0,0.0,unknown,-1.0,unknown,-1.0,-1.0,unknown,unknown,unknown,0,0,0,0,1,45.54867812144594,30.319091504800898,8.68116642552079,84.54893605176763
Dim_Far_20260114_211800_T18,1736916005.36,134,Dim,Far,4,4,1280,720,24.054794426226678,1,0,diana,1,1,0.7283535046325834,111.39462902210863,178.55631299247108,230.05884824402318,394.48478961791403,25622.984086535613,diana,0.8906294077761167,bob,0.771768814315772,0.11886059346034461,diana,diana,diana,2,1,1,0,0,17.924454483156733,7.0708236583049695,8.628533027783163,33.62381116924487
Dim_Far_20260114_211800_T18,1736916005.36,134,Dim,Far,4,4,1280,720,24.054794426226678,1,1,chen,2,1,0.7982587856230874,462.7571682648092,275.1995739228583,550.8275310290549,416.441888474585,12439.261880232267,diana,0.7116698805919774,bob,0.6959429668959818,0.01572691369599566,unknown,unknown,unknown,0,0,0,0,0,17.924454483156733,7.0708236583049695,8.628533027783163,33.62381116924487
Dim_Far_20260114_211800_T18,1736916005.36,134,Dim,Far,4,4,1280,720,24.054794426226678,1,2,alice,-1,0,-1.0,-1.0,-1.0,-1.0,-1.0,0.0,unknown,-1.0,unknown,-1.0,-1.0,unknown,unknown,unknown,0,0,0,0,1,17.924454483156733,7.0708236583049695,8.628533027783163,33.62381116924487
Dim_Far_20260114_211800_T18,1736916005.36,134,Dim,Far,4,4,1280,720,24.054794426226678,1,3,bob,4,1,0.7839977317133613,1080.3934461555973,212.40226225890132,1185.635566275293,421.27256078944964,21981.953047388677,bob,0.8766445362308589,diana,0.8058845948129406,0.0707599414179183,bob,bob,bob,3,1,1,0,0,17.924454483156733,7.0708236583049695,8.628533027783163,33.62381116924487
Dim_Far_20260114_211800_T18,1736916005.4,135,Dim,Far,4,4,1280,720,25.780142087793195,1,0,diana,1,1,0.6351912839680087,129.85302380771117,265.71937723806144,250.92192094861514,407.5123399514893,17166.71761805603,diana,0.8276585443953463,chen,0.7433356645895512,0.084322879805795,diana,diana,diana,2,1,1,0,0,26.23786981893073,12.673620816727604,24.03513126419584,62.94662189985417
Dim_Far_20260114_211800_T18,1736916005.4,135,Dim,Far,4,4,1280,720,25.780142087793195,1,1,chen,2,1,0.7679696157386982,382.01639533912953,202.56244323977205,502.7036741695367,399.8158742427994,23805.97982771685,chen,0.6555846216406849,alice,0.6204693478322627,0.035115273808422165,unknown,unknown,unknown,0,0,0,0,0,26.23786981893073,12.673620816727604,24.03513126419584,62.94662189985417
Dim_Far_20260114_211800_T18,1736916005.4,135,Dim,Far,4,4,1280,720,25.780142087793195,1,2,alice,-1,0,-1.0,-1.0,-1.0,-1.0,-1.0,0.0,unknown,-1.0,unknown,-1.0,-1.0,unknown,unknown,unknown,0,0,0,0,1,26.23786981893073,12.673620816727604,24.03513126419584,62.94662189985417
Dim_Far_20260114_211800_T18,1736916005.4,135,Dim,Far,4,4,1280,720,25.780142087793195,1,3,bob,4,1,0.8781002015721922,1100.150702011261,202.45535636896037,1189.9839615132348,375.32217552936174,15529.189824917108,bob,0.8459121928209299,diana,0.747008862624013,0.09890333019691688,bob,bob,bob,2,1,1,0,0,26.23786981893073,12.673620816727604,24.03513126419584,62.94662189985417
Dim_Far_20260114_211800_T18,1736916005.44,136,Dim,Far,4,4,1280,720,22.052015059545496,1,0,diana,-1,0,-1.0,-1.0,-1.0,-1.0,-1.0,0.0,unknown,-1.0,unknown,-1.0,-1.0,unknown,unknown,unknown,0,0,0,0,1,17.89223077970615,9.597244272099566,11.073856096397787,38.5633311482035
Dim_Far_20260114_211800_T18,1736916005.44,136,Dim,Far,4,4,1280,720,22.052015059545496,1,1,chen,2,1,0.8243892575983852,433.8095652247916,190.0054975429204,529.380161845071,347.15377514368714,15018.754648154572,chen,0.9187038579411687,alice,0.747809946881241,0.17089391105992768,chen,chen,chen,2,1,1,0,0,17.89223077970615,9.597244272099566,11.073856096397787,38.5633311482035
Dim_Far_20260114_211800_T18,1736916005.44,136,Dim,Far,4,4,1280,720,22.052015059545496,1,2,alice,3,1,0.7805822291231693,762.1536208773487,317.3171890852601,867.887058927691,455.01642517666824,14559.413648850363,alice,0.8143131685448476,bob,0.739585902711615,0.07472726583323264,alice,alice,alice,2,1,1,0,0,17.89223077970615,9.597244272099566,11.073856096397787,38.5633311482035
Dim_Far_20260114_211800_T18,1736916005.44,136,Dim,Far,4,4,1280,720,22.052015059545496,1,3,bob,4,1,0.7901249819063139,1076.7212147002979,224.83224379031063,1188.146003189463,382.98011696640253,17621.593318657357,chen,0.8759303539905301,bob,0.8127187425697618,0.06321161142076825,chen,chen,chen,1,0,0,1,0,17.89223077970615,9.597244272099566,11.073856096397787,38.5633311482035
Dim_Far_20260114_211800_T18,1736916005.48,137,Dim,Far,4,4,1280,720,24.712656764282066,0,0,diana,1,1,0.7248918303319839,70.13635806694305,209.47468392864664,188.9473768913337,344.29469877414306,16018.103321712902,bob,0.8319097671040961,diana,0.7583736419230808,0.07353612518101538,bob,bob,bob,2,0,0,1,0,12.158759730786901,8.000634961592606,13.685559074285187,33.844953766664695
Dim_Far_20260114_211800_T18,1736916005.48,137,Dim,Far,4,4,1280,720,24.712656764282066,0,1,chen,2,1,0.8757926947258982,460.7151918256067,228.4667218116827,546.1243508773426,401.499851098188,14778.614060450715,chen,0.7832457778412381,alice,0.6903106333810812,0.09293514446015683,chen,chen,chen,1,1,1,0,0,12.158759730786901,8.000634961592606,13.685559074285187,33.844953766664695
Dim_Far_20260114_211800_T18,1736916005.48,137,Dim,Far,4,4,1280,720,24.712656764282066,0,2,alice,3,1,0.7520221558389989,758.9092200185369,166.64896755733463,861.0037446673914,374.2720815409237,21197.18312826947,alice,0.9141334776772805,bob,0.7500030863663513,0.1641303913109292,alice,alice,alice,2,1,1,0,0,12.158759730786901,8.000634961592606,13.685559074285187,33.844953766664695
Dim_Far_20260114_211800_T18,1736916005.48,137,Dim,Far,4,4,1280,720,24.712656764282066,0,3,bob,4,1,0.8888276752937736,1093.1285447541181,201.76972309198436,1192.974780414565,343.4032524886802,14141.574753563318,bob,0.8787165568511789,chen,0.7965114931805906,0.08220506367058833,bob,bob,bob,2,1,1,0,0,12.158759730786901,8.000634961592606,13.685559074285187,33.844953766664695
Dim_Far_20260114_211800_T18,1736916005.52,138,Dim,Far,4,4,1280,720,26.770538511884894,1,0,diana,1,1,0.7440136979959436,139.11537996422047,262.5213166315639,245.92362703973944,401.9052151630573,14887.349872700814,diana,0.8975623796739043,bob,0.8296868598578158,0.06787551981608853,diana,diana,diana,1,1,1,0,0,24.382328447635686,16.781132798323835,10.739786910769357,51.90324815672888
Dim_Far_20260114_211800_T18,1736916005.52,138,Dim,Far,4,4,1280,720,26.770538511884894,1,1,chen,2,1,0.8125918390579583,430.9368838890256,223.00720757567828,520.3623902124491,434.34863939164234,18899.314547259874,alice,0.7014741130050809,chen,0.670554506100607,0.03091960690447393,alice,alice,alice,2,0,0,1,0,24.382328447635686,16.781132798323835,10.739786910769357,51.90324815672888
Dim_Far_20260114_211800_T18,1736916005.52,138,Dim,Far,4,4,1280,720,26.770538511884894,1,2,alice,3,1,0.7259056177211429,752.2270962065364,209.37347929489783,834.7923371607627,376.13116827161423,13768.388771332513,alice,0.8500567247181827,bob,0.7659691639165805,0.08408756080160218,alice,alice,alice,1,1,1,0,0,24.382328447635686,16.781132798323835,10.739786910769357,51.90324815672888
Dim_Far_20260114_211800_T18,1736916005.52,138,Dim,Far,4,4,1280,720,26.770538511884894,1,3,bob,4,1,0.7206274745613067,1074.3303043091657,252.88986921901173,1186.79745667345,431.8060284949257,20122.190945716757,bob,0.8136146356312853,chen,0.7254473198639986,0.08816731576728676,bob,bob,bob,2,1,1,0,0,24.382328447635686,16.781132798323835,10.739786910769357,51.90324815672888
Dim_Far_20260114_211800_T18,1736916005.56,139,Dim,Far,4,4,1280,720,25.108811483642334,0,0,diana,-1,0,-1.0,-1.0,-1.0,-1.0,-1.0,0.0,unknown,-1.0,unknown,-1.0,-1.0,unknown,unknown,unknown,0,0,0,0,1,17.122661674948272,15.342119012075942,10.827996874649857,43.29277756167407
Dim_Far_20260114_211800_T18,1736916005.56,139,Dim,Far,4,4,1280,720,25.108811483642334,0,1,chen,-1,0,-1.0,-1.0,-1.0,-1.0,-1.0,0.0,unknown,-1.0,unknown,-1.0,-1.0,unknown,unknown,unknown,0,0,0,0,1,17.122661674948272,15.342119012075942,10.827996874649857,43.29277756167407
Dim_Far_20260114_211800_T18,1736916005.56,139,Dim,Far,4,4,1280,720,25.108811483642334,0,2,alice,-1,0,-1.0,-1.0,-1.0,-1.0,-1.0,0.0,unknown,-1.0,unknown,-1.0,-1.0,unknown,unknown,unknown,0,0,0,0,1,17.122661674948272,15.342119012075942,10.827996874649857,43.29277756167407
Dim_Far_20260114_211800_T18,1736916005.56,139,Dim,Far,4,4,1280,720,25.108811483642334,0,3,bob,4,1,0.8138643510825002,1066.1737274996033,205.80557468714193,1164.3234881727537,385.8126232318976,17667.648734147948,chen,0.8861162597545047,bob,0.8204437664913116,0.06567249326319313,chen,chen,chen,2,0,0,1,0,17.122661674948272,15.342119012075942,10.827996874649857,43.29277756167407
Dim_Far_20260114_211800_T18,1736916005.6,140,Dim,Far,4,4,1280,720,27.08062957754574,2,0,diana,1,1,0.5999634088320457,140.0889762402454,273.7863382058616,222.63348211573626,433.13807178066645,13153.610108335133,diana,0.9504090651439063,alice,0.8283601109682553,0.12204895417565098,diana,diana,diana,3,1,1,0,0,20.042107494058374,13.145190988299198,4.972870730206392,38.160169212563964
Dim_Far_20260114_211800_T18,1736916005.6,140,Dim,Far,4,4,1280,720,27.08062957754574,2,1,chen,2,1,0.8197604435152561,421.6826942345904,247.5662923378952,515.6123909901056,430.21630283099773,17156.2600980088,chen,0.8673981586535356,bob,0.7473637335736308,0.1200344250799048,chen,chen,chen,2,1,1,0,0,20.042107494058374,13.145190988299198,4.972870730206392,38.160169212563964
Dim_Far_20260114_211800_T18,1736916005.6,140,Dim,Far,4,4,1280,720,27.08062957754574,2,2,alice,3,1,0.7765450826623295,740.1512654210135,275.26861956898256,851.3910302214297,447.80193987097255,19192.56597062824,chen,0.7871493771292376,bob,0.7182068522533109,0.06894252487592667,unknown,unknown,unknown,0,0,0,0,0,20.042107494058374,13.145190988299198,4.972870730206392,38.160169212563964
Dim_Far_20260114_211800_T18,1736916005.6,140,Dim,Far,4,4,1280,720,27.08062957754574,2,3,bob,4,1,0.8189736311005813,1048.4366294831098,184.1181961125185,1145.7025948024757,381.18382244011116,19167.778376018756,alice,0.6870071324004843,diana,0.6307900245766106,0.05621710782387368,unknown,unknown,unknown,0,0,0,0,0,20.042107494058374,13.145190988299198,4.972870730206392,38.160169212563964
Dim_Far_20260114_211800_T18,1736916005.64,141,Dim,Far,4,4,1280,720,26.809559506200486,4,0,diana,1,1,0.7728072234613667,126.1139027399766,261.3627683932783,218.7250329183144,441.1193925660332,16647.464121681547,diana,0.8971265658231725,chen,0.7504567429846434,0.14666982283852914,diana,diana,diana,2,1,1,0,0,7.858043466180036,4.680998328807535,8.259680330849536,20.798722125837106
Dim_Far_20260114_211800_T18,1736916005.64,141,Dim,Far,4,4,1280,720,26.809559506200486,4,1,chen,2,1,0.8309027060717123,440.15149045404155,197.03361340799313,558.073049140679,327.52229697942266,15387.428957710394,diana,0.8981046669650803,chen,0.8147532783598636,0.08335138860521674,diana,diana,diana,1,0,0,1,0,7.858043466180036,4.680998328807535,8.259680330849536,20.798722125837106
Dim_Far_20260114_211800_T18,1736916005.64,141,Dim,Far,4,4,1280,720,26.809559506200486,4,2,alice,3,1,0.6822229400627755,749.4473163637549,212.3483352685082,848.212064537966,416.20888495494273,20134.23585243694,chen,0.8125055406575726,alice,0.7605187383244681,0.05198680233310449,chen,chen,chen,1,0,0,1,0,7.858043466180036,4.680998328807535,8.259680330849536,20.798722125837106
Dim_Far_20260114_211800_T18,1736916005.64,141,Dim,Far,4,4,1280,720,26.809559506200486,4,3,bob,4,1,0.7439509028218182,1039.8619050596621,261.1762798620933,1163.72499984334,452.77989077913634,23732.616219912616,bob,0.6002410603505087,diana,0.5229336942249012,0.07730736612560751,unknown,unknown,unknown,0,0,0,0,0,7.858043466180036,4.680998328807535,8.259680330849536,20.798722125837106
Dim_Far_20260114_211800_T18,1736916005.68,142,Dim,Far,4,4,1280,720,23.380941176532254,1,0,diana,1,1,0.834737940296711,125.15303140035522,257.6398792857379,219.91858475823105,436.6641132368397,16965.330594845982,diana,0.8104287158902067,bob,0.7456194477355824,0.06480926815462429,diana,diana,diana,2,1,1,0,0,53.760308975310615,44.47836648666948,31.838365443254155,130.07704090523424
Dim_Far_20260114_211800_T18,1736916005.68,142,Dim,Far,4,4,1280,720,23.380941176532254,1,1,chen,2,1,0.7451435356442974,422.93653062327746,290.7654772675269,537.9308163468534,423.38399544792526,15250.371771873977,bob,0.7352360400321566,alice,0.7024286596451974,0.032807380386959184,unknown,unknown,unknown,0,0,0,0,0,53.760308975310615,44.47836648666948,31.838365443254155,130.07704090523424
Dim_Far_20260114_211800_T18,1736916005.68,142,Dim,Far,4,4,1280,720,23.380941176532254,1,2,alice,3,1,0.8791208361743755,716.9835183329387,249.23011177827618,805.4389088107234,444.9057672115666,17308.56650834816,diana,0.9212742437331808,alice,0.8713862077339655,0.04988803599921532,diana,diana,diana,2,0,0,1,0,53.760308975310615,44.47836648666948,31.838365443254155,130.07704090523424
Dim_Far_20260114_211800_T18,1736916005.68,142,Dim,Far,4,4,1280,720,23.380941176532254,1,3,bob,4,1,0.7856635116305244,1092.6157253813906,234.3926716024003,1200.3977400470533,426.81830048535875,20740.021954312397,alice,0.7933944694898525,bob,0.7114434463563662,0.08195102313348623,alice,alice,alice,2,0,0,1,0,53.760308975310615,44.47836648666948,31.838365443254155,130.07704090523424
Dim_Far_20260114_211800_T18,1736916005.72,143,Dim,Far,4,4,1280,720,26.21783339242173,1,0,diana,1,1,0.7594714087254689,106.37167062549719,246.60735965462658,211.93187446402624,416.1144845565123,17893.206656726063,diana,0.6544384085224565,chen,0.6352375185000761,0.019200890022380346,unknown,unknown,unknown,0,0,0,0,0,7.298163750428114,4.777443814437545,3.7014789246206714,15.777086489486331
Dim_Far_20260114_211800_T18,1736916005.72,143,Dim,Far,4,4,1280,720,26.21783339242173,1,1,chen,2,1,0.6330941576997897,431.0168647072408,324.4766227034879,550.1607808772544,482.7913207894795,18862.233117238397,chen,0.8026591377035762,diana,0.6550969073641322,0.14756223033944404,chen,chen,chen,2,1,1,0,0,7.298163750428114,4.777443814437545,3.7014789246206714,15.777086489486331
Dim_Far_20260114_211800_T18,1736916005.72,143,Dim,Far,4,4,1280,720,26.21783339242173,1,2,alice,3,1,0.9385516957186338,743.9857775579475,228.54879727409906,857.3842333453402,422.0867891448747,21946.90941433893,alice,0.7996307689785321,chen,0.7014894365795974,0.09814133239893474,alice,alice,alice,1,1,1,0,0,7.298163750428114,4.777443814437545,3.7014789246206714,15.777086489486331
Dim_Far_20260114_211800_T18,1736916005.72,143,Dim,Far,4,4,1280,720,26.21783339242173,1,3,bob,4,1,0.7294079548181486,1045.2651521892055,313.5670246989395,1158.1441998860626,495.5250164777181,20539.244832821067,bob,0.83819700419182,alice,0.7620276811624315,0.0761693230293885,bob,bob,bob,1,1,1,0,0,7.298163750428114,4.777443814437545,3.7014789246206714,15.777086489486331
Dim_Far_20260114_211800_T18,1736916005.76,144,Dim,Far,4,4,1280,720,23.374109554626138,0,0,diana,1,1,0.86709075023103,62.72345570297532,249.22269985400942,157.86760848319042,392.57164862472723,13638.814282724405,diana,0.8842153471543589,chen,0.7315455772059113,0.1526697699484476,diana,diana,diana,3,1,1,0,0,13.187862768070806,7.686865327351551,6.532951537277343,27.4076796326997
Dim_Far_20260114_211800_T18,1736916005.76,144,Dim,Far,4,4,1280,720,23.374109554626138,0,1,chen,2,1,0.7221757330418466,457.50446720402334,277.7349010807879,553.1624122028708,440.47326188353514,15567.217166871784,chen,0.9039537271873703,diana,0.7304637926220408,0.17348993456532957,chen,chen,chen,2,1,1,0,0,13.187862768070806,7.686865327351551,6.532951537277343,27.4076796326997
Dim_Far_20260114_211800_T18,1736916005.76,144,Dim,Far,4,4,1280,720,23.374109554626138,0,2,alice,3,1,0.9069841131864999,701.006665977551,242.40274784583264,819.4733134199479,434.74229826276826,22785.821708472224,alice,0.9152732500005998,diana,0.8287205379699619,0.08655271203063786,alice,alice,alice,2,1,1,0,0,13.187862768070806,7.686865327351551,6.532951537277343,27.4076796326997
Dim_Far_20260114_211800_T18,1736916005.76,144,Dim,Far,4,4,1280,720,23.374109554626138,0,3,bob,4,1,0.8578871975038841,1043.6830014451384,238.796884046702,1133.9717777710052,384.6515948862851,13169.043363069104,bob,0.9010536266351983,diana,0.7225542025172824,0.17849942411791586,bob,bob,bob,3,1,1,0,0,13.187862768070806,7.686865327351551,6.532951537277343,27.4076796326997
Dim_Far_20260114_211800_T18,1736916005.8,145,Dim,Far,4,4,1280,720,23.277894263227736,1,0,diana,1,1,0.769988166372163,102.1805710150671,295.34716482719705,194.18952562208287,499.6352670606284,18796.33472514918,alice,0.8008517969102215,diana,0.7691728069810773,0.0316789899291442,alice,alice,alice,2,0,0,1,0,57.70314660057576,34.765037118800116,12.885104570010142,105.35328828938601
Dim_Far_20260114_211800_T18,1736916005.8,145,Dim,Far,4,4,1280,720,23.277894263227736,1,1,chen,-1,0,-1.0,-1.0,-1.0,-1.0,-1.0,0.0,unknown,-1.0,unknown,-1.0,-1.0,unknown,unknown,unknown,0,0,0,0,1,57.70314660057576,34.765037118800116,12.885104570010142,105.35328828938601
Dim_Far_20260114_211800_T18,1736916005.8,145,Dim,Far,4,4,1280,720,23.277894263227736,1,2,alice,-1,0,-1.0,-1.0,-1.0,-1.0,-1.0,0.0,unknown,-1.0,unknown,-1.0,-1.0,unknown,unknown,unknown,0,0,0,0,1,57.70314660057576,34.765037118800116,12.885104570010142,105.35328828938601
Dim_Far_20260114_211800_T18,1736916005.8,145,Dim,Far,4,4,1280,720,23.277894263227736,1,3,bob,4,1,0.8038935321293169,1071.861042691779,289.001112577743,1180.6121354448583,473.6702345263485,20082.96880966251,chen,0.8574854099666703,bob,0.8098310060964566,0.04765440387021369,chen,chen,chen,2,0,0,1,0,57.70314660057576,34.765037118800116,12.885104570010142,105.35328828938601
Dim_Far_20260114_211800_T18,1736916005.84,146,Dim,Far,4,4,1280,720,27.277523185614527,0,0,diana,1,1,0.8283194410784526,113.20930508653795,231.72687682557137,226.69751675181215,444.95738354371167,24199.148879921977,bob,0.726432456589463,chen,0.6469231521149301,0.07950930447453286,unknown,unknown,unknown,0,0,0,0,0,30.446916303947177,22.85110156659072,17.31995779120347,70.61797566174137
Dim_Far_20260114_211800_T18,1736916005.84,146,Dim,Far,4,4,1280,720,27.277523185614527,0,1,chen,2,1,0.6928826867691291,427.45658526073856,298.83430254131616,531.7637789553465,461.28180573159915,16944.443180474293,chen,0.8131395111394583,bob,0.6385023592354334,0.17463715190402485,chen,chen,chen,2,1,1,0,0,30.446916303947177,22.85110156659072,17.31995779120347,70.61797566174137
Dim_Far_20260114_211800_T18,1736916005.84,146,Dim,Far,4,4,1280,720,27.277523185614527,0,2,alice,3,1,0.7954844495160338,770.196855689606,223.68045488860815,858.430464713905,426.1040106579854,17860.56087706363,alice,0.99,chen,0.87366790890688,0.11633209109312004,alice,alice,alice,2,1,1,0,0,30.446916303947177,22.85110156659072,17.31995779120347,70.61797566174137
Dim_Far_20260114_211800_T18,1736916005.84,146,Dim,Far,4,4,1280,720,27.277523185614527,0,3,bob,4,1,0.7117199853971088,1088.1303008223556,251.64397577124234,1179.7668360620385,416.85414968666737,15139.287923954982,bob,0.8619356834692843,diana,0.6967246227833945,0.16521106068588975,bob,bob,bob,2,1,1,0,0,30.446916303947177,22.85110156659072,17.31995779120347,70.61797566174137
Dim_Far_20260114_211800_T18,1736916005.88,147,Dim,Far,4,4,1280,720,22.953140647357063,3,0,diana,1,1,0.779260254908253,104.61553691178307,170.78741601966573,215.66279877234956,305.63281705262267,14974.212559199874,diana,0.8812455191927776,alice,0.75709604649262,0.12414947270015764,diana,diana,diana,2,1,1,0,0,20.8277062873788,19.839079963445563,15.991194252641996,56.65798050346636
Dim_Far_20260114_211800_T18,1736916005.88,147,Dim,Far,4,4,1280,720,22.953140647357063,3,1,chen,2,1,0.829157333890608,398.9340132319391,216.86518386339043,505.29150962000125,378.63585488112545,17205.52355846314,chen,0.9532771142737994,bob,0.8234353379977446,0.12984177627605475,chen,chen,chen,2,1,1,0,0,20.8277062873788,19.839079963445563,15.991194252641996,56.65798050346636
Dim_Far_20260114_211800_T18,1736916005.88,147,Dim,Far,4,4,1280,720,22.953140647357063,3,2,alice,3,1,0.8176580225836256,754.2094060985701,245.288521324295,843.6092425687527,420.9140889718877,15700.897027677787,alice,0.9693022124340407,chen,0.8435183935428805,0.1257838188911602,alice,alice,alice,3,1,1,0,0,20.8277062873788,19.839079963445563,15.991194252641996,56.65798050346636
Dim_Far_20260114_211800_T18,1736916005.88,147,Dim,Far,4,4,1280,720,22.953140647357063,3,3,bob,-1,0,-1.0,-1.0,-1.0,-1.0,-1.0,0.0,unknown,-1.0,unknown,-1.0,-1.0,unknown,unknown,unknown,0,0,0,0,1,20.8277062873788,19.839079963445563,15.991194252641996,56.65798050346636
Dim_Far_20260114_211800_T18,1736916005.92,148,Dim,Far,4,4,1280,720,26.862162836046927,0,0,diana,1,1,0.9173292428275813,110.22072682849378,245.54766810426,209.50358597292418,402.39524340221044,15572.275725451855,chen,0.4930612622150662,bob,0.4644456924289905,0.028615569786075712,unknown,unknown,unknown,0,0,0,0,0,28.960403915562146,20.03045226395538,15.849782595924875,64.8406387754424
Dim_Far_20260114_211800_T18,1736916005.92,148,Dim,Far,4,4,1280,720,26.862162836046927,0,1,chen,2,1,0.6301023740529894,446.7231763991792,286.1206869256456,566.2463873463414,463.8336943925033,21240.829279515845,chen,0.8844112961519643,bob,0.7131960757791995,0.17121522037276482,chen,chen,chen,2,1,1,0,0,28.960403915562146,20.03045226395538,15.849782595924875,64.8406387754424
Dim_Far_20260114_211800_T18,1736916005.92,148,Dim,Far,4,4,1280,720,26.862162836046927,0,2,alice,3,1,0.8255728887706111,739.5987608895022,298.92348276700994,842.8318933273771,453.737904478541,15981.977699839505,chen,0.8452315956214238,alice,0.7780560665470743,0.06717552907434954,chen,chen,chen,2,0,0,1,0,28.960403915562146,20.03045226395538,15.849782595924875,64.8406387754424
Dim_Far_20260114_211800_T18,1736916005.92,148,Dim,Far,4,4,1280,720,26.862162836046927,0,3,bob,4,1,0.7401175594673784,1078.926637044708,234.3092723548096,1160.2384712932726,384.47626226597134,12210.353393262247,bob,0.8138000081049962,diana,0.6529355546970368,0.1608644534079594,bob,bob,bob,2,1,1,0,0,28.960403915562146,20.03045226395538,15.849782595924875,64.8406387754424
Dim_Far_20260114_211800_T18,1736916005.96,149,Dim,Far,4,4,1280,720,26.884832214504137,1,0,diana,1,1,0.6357945887439229,116.5538254023952,219.18967923154725,202.4857837144503,385.95036708420076,14330.072476643852,diana,0.8544504653073625,alice,0.7240484240165947,0.1304020412907677,diana,diana,diana,2,1,1,0,0,25.19281444596902,23.320933047340137,22.951862715441404,71.46561020875056
Dim_Far_20260114_211800_T18,1736916005.96,149,Dim,Far,4,4,1280,720,26.884832214504137,1,1,chen,2,1,0.7569308419705767,435.7010945215852,218.85084720166938,545.0082086780301,411.73592599128483,21083.71132633136,chen,0.83475570682995,alice,0.6721331549301226,0.16262255189982744,chen,chen,chen,2,1,1,0,0,25.19281444596902,23.320933047340137,22.951862715441404,71.46561020875056
Dim_Far_20260114_211800_T18,1736916005.96,149,Dim,Far,4,4,1280,720,26.884832214504137,1,2,alice,3,1,0.7515802009286187,756.0951599950004,214.26274318046654,856.2308923529872,421.2099014253552,20722.805250256126,alice,0.8581626484033685,diana,0.7010591601394556,0.15710348826391296,alice,alice,alice,2,1,1,0,0,25.19281444596902,23.320933047340137,22.951862715441404,71.46561020875056
Dim_Far_20260114_211800_T18,1736916005.96,149,Dim,Far,4,4,1280,720,26.884832214504137,1,3,bob,4,1,0.6637352198261633,1045.4615836117132,292.61725994681626,1165.8717102837923,497.8399733950929,24710.892922294774,bob,0.99,alice,0.9284415141977109,0.061558485802289065,bob,bob,bob,2,1,1,0,0,25.19281444596902,23.320933047340137,22.951862715441404,71.46561020875056
Dim_Far_20260114_211800_T18,1736916006.0,150,Dim,Far,4,4,1280,720,25.801925322923392,2,0,diana,1,1,0.5903567882904764,101.08993142237024,203.91985637898043,196.3218054079485,392.44854718620684,17953.94052561983,diana,0.8783145138399222,chen,0.7507194149613514,0.1275950988785708,diana,diana,diana,2,1,1,0,0,13.771610745150008,9.607670951539415,7.531677119853558,30.91095881654298
Dim_Far_20260114_211800_T18,1736916006.0,150,Dim,Far,4,4,1280,720,25.801925322923392,2,1,chen,2,1,0.9624570894713591,408.21945182028037,217.45230479802012,518.124912372294,410.660441752212,21234.629274346993,bob,0.759043692287301,chen,0.678714607494699,0.08032908479260192,bob,bob,bob,1,0,0,1,0,13.771610745150008,9.607670951539415,7.531677119853558,30.91095881654298
Dim_Far_20260114_211800_T18,1736916006.0,150,Dim,Far,4,4,1280,720,25.801925322923392,2,2,alice,3,1,0.803504590129603,752.2520359987607,273.1053626553272,856.4282856539344,461.02118947044085,19576.366088449664,chen,0.8187759124849674,alice,0.7628111266160341,0.055964785868933276,chen,chen,chen,2,0,0,1,0,13.771610745150008,9.607670951539415,7.531677119853558,30.91095881654298
Dim_Far_20260114_211800_T18,1736916006.0,150,Dim,Far,4,4,1280,720,25.801925322923392,2,3,bob,4,1,0.8562311590996923,1057.2607027193958,229.05307565732,1178.5224383640434,413.67912101048984,22388.074704732804,bob,0.8242277839973504,diana,0.7424889919159826,0.0817387920813678,bob,bob,bob,2,1,1,0,0,13.771610745150008,9.607670951539415,7.531677119853558,30.91095881654298
Dim_Far_20260114_211800_T18,1736916006.04,151,Dim,Far,4,4,1280,720,19.712638464936376,1,0,diana,1,1,0.8903603523837221,87.45036237664485,238.96775732426607,190.97582074845556,412.7773905052962,17993.721944502424,diana,0.8913820175575784,chen,0.753864220461608,0.13751779709597045,diana,diana,diana,3,1,1,0,0,13.659137952581188,9.938293449783144,10.571083837609146,34.16851523997348
Dim_Far_20260114_211800_T18,1736916006.04,151,Dim,Far,4,4,1280,720,19.712638464936376,1,1,chen,2,1,0.8510717232598616,424.73300289670124,192.25049510539398,549.7231100758825,394.5374226137918,25283.864750221906,chen,0.8552168471308373,bob,0.7885793470301612,0.06663750010067615,chen,chen,chen,2,1,1,0,0,13.659137952581188,9.938293449783144,10.571083837609146,34.16851523997348
Dim_Far_20260114_211800_T18,1736916006.04,151,Dim,Far,4,4,1280,720,19.712638464936376,1,2,alice,3,1,0.8202710731996932,735.7203606214626,200.47910668154452,840.6236127626556,355.7551652522444,16288.96352373278,alice,0.8824842927606968,diana,0.8143606185201093,0.06812367424058752,alice,alice,alice,2,1,1,0,0,13.659137952581188,9.938293449783144,10.571083837609146,34.16851523997348
Dim_Far_20260114_211800_T18,1736916006.04,151,Dim,Far,4,4,1280,720,19.712638464936376,1,3,bob,4,1,0.7401025692538327,1040.246159946342,276.9876858664362,1163.1055358569045,466.55613321062333,23290.26113304115,bob,0.6481224584209424,chen,0.588384790682416,0.0597376677385264,unknown,unknown,unknown,0,0,0,0,0,13.659137952581188,9.938293449783144,10.571083837609146,34.16851523997348
Dim_Far_20260114_211800_T18,1736916006.08,152,Dim,Far,4,4,1280,720,27.1611381597548,1,0,diana,-1,0,-1.0,-1.0,-1.0,-1.0,-1.0,0.0,unknown,-1.0,unknown,-1.0,-1.0,unknown,unknown,unknown,0,0,0,0,1,22.77886397666795,13.247426143262938,5.401329079281428,41.427619199212316
Dim_Far_20260114_211800_T18,1736916006.08,152,Dim,Far,4,4,1280,720,27.1611381597548,1,1,chen,2,1,0.7705967506338978,425.38463863698183,209.47419111884807,508.2877845119787,423.14131054266346,17713.67637028295,chen,0.9385191933525039,diana,0.839264931460414,0.09925426189208986,chen,chen,chen,1,1,1,0,0,22.77886397666795,13.247426143262938,5.401329079281428,41.427619199212316
Dim_Far_20260114_211800_T18,1736916006.08,152,Dim,Far,4,4,1280,720,27.1611381597548,1,2,alice,-1,0,-1.0,-1.0,-1.0,-1.0,-1.0,0.0,unknown,-1.0,unknown,-1.0,-1.0,unknown,unknown,unknown,0,0,0,0,1,22.77886397666795,13.247426143262938,5.401329079281428,41.427619199212316
Dim_Far_20260114_211800_T18,1736916006.08,152,Dim,Far,4,4,1280,720,27.1611381597548,1,3,bob,4,1,0.8533854483492761,1053.7379127280115,271.75674467486857,1158.0148677121615,441.76756048875933,17728.210187443714,bob,0.8424457447644107,alice,0.7171815107319517,0.125264234032459,bob,bob,bob,2,1,1,0,0,22.77886397666795,13.247426143262938,5.401329079281428,41.427619199212316
Dim_Far_20260114_211800_T18,1736916006.12,153,Dim,Far,4,4,1280,720,22.652479382310254,1,0,diana,1,1,0.71564354702253,102.19675583375546,228.96863238679407,221.1102312185497,420.17372147050673,22736.861654203454,diana,0.8849108127541484,alice,0.7727730088392866,0.11213780391486183,diana,diana,diana,3,1,1,0,0,26.344967884020885,21.163846166935073,19.97127862279622,67.48009267375218
Dim_Far_20260114_211800_T18,1736916006.12,153,Dim,Far,4,4,1280,720,22.652479382310254,1,1,chen,2,1,0.6806229804446229,430.9816190292327,312.5297033251525,518.701482303862,474.05952938198965,14169.374256480403,chen,0.9072379928176149,diana,0.8433158460951793,0.06392214672243557,chen,chen,chen,2,1,1,0,0,26.344967884020885,21.163846166935073,19.97127862279622,67.48009267375218
Dim_Far_20260114_211800_T18,1736916006.12,153,Dim,Far,4,4,1280,720,22.652479382310254,1,2,alice,3,1,0.7242346561450153,779.7204169929066,208.83771103096728,860.534590116428,361.95537509810754,12374.077412191067,alice,0.8045705863155085,bob,0.6762881703476465,0.12828241596786194,alice,alice,alice,2,1,1,0,0,26.344967884020885,21.163846166935073,19.97127862279622,67.48009267375218
Dim_Far_20260114_211800_T18,1736916006.12,153,Dim,Far,4,4,1280,720,22.652479382310254,1,3,bob,4,1,0.8415163610028458,1075.790921700165,263.8323750082558,1172.6607491548077,413.7156804671397,14519.169938133598,bob,0.7743336271870902,chen,0.6096380654846062,0.164695561702484,bob,bob,bob,2,1,1,0,0,26.344967884020885,21.163846166935073,19.97127862279622,67.48009267375218
Dim_Far_20260114_211800_T18,1736916006.16,154,Dim,Far,4,4,1280,720,27.239175933437988,1,0,diana,-1,0,-1.0,-1.0,-1.0,-1.0,-1.0,0.0,unknown,-1.0,unknown,-1.0,-1.0,unknown,unknown,unknown,0,0,0,0,1,22.027966796142067,16.748820047717818,7.448321733661626,46.22510857752151
Dim_Far_20260114_211800_T18,1736916006.16,154,Dim,Far,4,4,1280,720,27.239175933437988,1,1,chen,2,1,0.7534350982817168,483.7892323287198,227.3272193773371,564.8613391550422,430.2467094514527,16451.11057643157,chen,0.8994978880618335,diana,0.8036561876673586,0.09584170039447493,chen,chen,chen,1,1,1,0,0,22.027966796142067,16.748820047717818,7.448321733661626,46.22510857752151
Dim_Far_20260114_211800_T18,1736916006.16,154,Dim,Far,4,4,1280,720,27.239175933437988,1,2,alice,3,1,0.9131455924929153,763.9764375401901,200.77171931742254,844.6372516753793,357.46350470348995,12638.886977536537,bob,0.8288885521620805,chen,0.8082308739685398,0.020657678193540696,unknown,unknown,unknown,0,0,0,0,0,22.027966796142067,16.748820047717818,7.448321733661626,46.22510857752151
Dim_Far_20260114_211800_T18,1736916006.16,154,Dim,Far,4,4,1280,720,27.239175933437988,1,3,bob,4,1,0.7277149945345903,1047.361873174763,175.97645009139242,1136.02210402087,369.82067047955286,17186.27332779794,bob,0.855884159658435,alice,0.7926892180632326,0.06319494159520245,bob,bob,bob,2,1,1,0,0,22.027966796142067,16.748820047717818,7.448321733661626,46.22510857752151
Dim_Far_20260114_211800_T18,1736916006.2,155,Dim,Far,4,4,1280,720,26.079473181425637,1,0,diana,1,1,0.7739608854120995,111.78301881199305,170.39858353449625,211.70333014151407,371.1624065818797,20060.38370259942,diana,0.864906169489717,alice,0.7088028092970786,0.15610336019263837,diana,diana,diana,3,1,1,0,0,12.79935939787835,11.832075697397167,6.164444642534866,30.79587973781038
Dim_Far_20260114_211800_T18,1736916006.2,155,Dim,Far,4,4,1280,720,26.079473181425637,1,1,chen,2,1,0.6410931794181172,415.8290223407269,216.5889142868271,522.642379467761,383.658242068525,17845.23577332001,chen,0.8392849854158272,diana,0.6949230727691412,0.14436191264668596,chen,chen,chen,2,1,1,0,0,12.79935939787835,11.832075697397167,6.164444642534866,30.79587973781038
Dim_Far_20260114_211800_T18,1736916006.2,155,Dim,Far,4,4,1280,720,26.079473181425637,1,2,alice,3,1,0.7620815744114338,772.4841430403002,237.69825712607133,859.4701509492955,410.2796364137106,15012.165223659917,alice,0.8442426081556479,bob,0.7058822674723102,0.1383603406833377,alice,alice,alice,2,1,1,0,0,12.79935939787835,11.832075697397167,6.164444642534866,30.79587973781038
Dim_Far_20260114_211800_T18,1736916006.2,155,Dim,Far,4,4,1280,720,26.079473181425637,1,3,bob,4,1,0.7819481812742357,1060.9702715279811,308.03850035197456,1161.833155280977,446.1253635255398,13927.839228091163,bob,0.8798367096816716,alice,0.7645293407169711,0.11530736896470051,bob,bob,bob,2,1,1,0,0,12.79935939787835,11.832075697397167,6.164444642534866,30.79587973781038
Dim_Far_20260114_211800_T18,1736916006.24,156,Dim,Far,4,4,1280,720,25.511654584995963,0,0,diana,-1,0,-1.0,-1.0,-1.0,-1.0,-1.0,0.0,unknown,-1.0,unknown,-1.0,-1.0,unknown,unknown,unknown,0,0,0,0,1,31.58113385576143,14.113426096101218,24.63153146444068,70.32609141630333
Dim_Far_20260114_211800_T18,1736916006.24,156,Dim,Far,4,4,1280,720,25.511654584995963,0,1,chen,-1,0,-1.0,-1.0,-1.0,-1.0,-1.0,0.0,unknown,-1.0,unknown,-1.0,-1.0,unknown,unknown,unknown,0,0,0,0,1,31.58113385576143,14.113426096101218,24.63153146444068,70.32609141630333
Dim_Far_20260114_211800_T18,1736916006.24,156,Dim,Far,4,4,1280,720,25.511654584995963,0,2,alice,-1,0,-1.0,-1.0,-1.0,-1.0,-1.0,0.0,unknown,-1.0,unknown,-1.0,-1.0,unknown,unknown,unknown,0,0,0,0,1,31.58113385576143,14.113426096101218,24.63153146444068,70.32609141630333
Dim_Far_20260114_211800_T18,1736916006.24,156,Dim,Far,4,4,1280,720,25.511654584995963,0,3,bob,4,1,0.851180239223943,1091.258216398296,214.81576233115868,1194.0148228551657,418.00312376996374,20878.843736377006,bob,0.8664412289340471,chen,0.7397473588736001,0.12669387006044697,bob,bob,bob,1,1,1,0,0,31.58113385576143,14.113426096101218,24.63153146444068,70.32609141630333
Dim_Far_20260114_211800_T18,1736916006.28,157,Dim,Far,4,4,1280,720,22.22891379154503,1,0,diana,1,1,0.7730508021468127,102.64146608759378,213.72947661486376,194.3344468530116,410.0927411757142,18005.133040412707,diana,0.836611000716192,chen,0.7024360978724539,0.13417490284373812,diana,diana,diana,2,1,1,0,0,44.31352878424638,36.45978830181452,31.217521702630698,111.99083878869159
Dim_Far_20260114_211800_T18,1736916006.28,157,Dim,Far,4,4,1280,720,22.22891379154503,1,1,chen,-1,0,-1.0,-1.0,-1.0,-1.0,-1.0,0.0,unknown,-1.0,unknown,-1.0,-1.0,unknown,unknown,unknown,0,0,0,0,1,44.31352878424638,36.45978830181452,31.217521702630698,111.99083878869159
Dim_Far_20260114_211800_T18,1736916006.28,157,Dim,Far,4,4,1280,720,22.22891379154503,1,2,alice,-1,0,-1.0,-1.0,-1.0,-1.0,-1.0,0.0,unknown,-1.0,unknown,-1.0,-1.0,unknown,unknown,unknown,0,0,0,0,1,44.31352878424638,36.45978830181452,31.217521702630698,111.99083878869159
Dim_Far_20260114_211800_T18,1736916006.28,157,Dim,Far,4,4,1280,720,22.22891379154503,1,3,bob,4,1,0.8670494616645987,1060.305596290938,268.05705340464795,1183.4889619670712,452.90490792874346,22770.180858290336,bob,0.8100696638659733,alice,0.6400469176248622,0.17002274624111113,bob,bob,bob,1,1,1,0,0,44.31352878424638,36.45978830181452,31.217521702630698,111.99083878869159
Dim_Far_20260114_211800_T18,1736916006.32,158,Dim,Far,4,4,1280,720,24.186239429295327,1,0,diana,1,1,0.756191434324227,111.39784847770333,271.284366985628,215.74831935228428,427.7604479338828,16328.352727559432,diana,0.8476900007822854,bob,0.7644796148236661,0.08321038595861929,diana,diana,diana,3,1,1,0,0,21.289922524908995,11.937045208688156,7.093748025132191,40.32071575872934
Dim_Far_20260114_211800_T18,1736916006.32,158,Dim,Far,4,4,1280,720,24.186239429295327,1,1,chen,2,1,0.7862532516325386,424.6758158070827,220.88764533001427,519.9712129857475,397.4469958091555,16825.293429516838,chen,0.8114594634853313,bob,0.7448714529228702,0.06658801056246111,chen,chen,chen,3,1,1,0,0,21.289922524908995,11.937045208688156,7.093748025132191,40.32071575872934
Dim_Far_20260114_211800_T18,1736916006.32,158,Dim,Far,4,4,1280,720,24.186239429295327,1,2,alice,3,1,0.7170560554466882,750.2688947648887,232.2205509585612,852.6257306675891,412.3017660143684,18432.543378626153,alice,0.8262325377707765,bob,0.7137808132920991,0.11245172447867746,alice,alice,alice,2,1,1,0,0,21.289922524908995,11.937045208688156,7.093748025132191,40.32071575872934
Dim_Far_20260114_211800_T18,1736916006.32,158,Dim,Far,4,4,1280,720,24.186239429295327,1,3,bob,4,1,0.7148199437186644,1076.5004550649514,210.95388076808862,1191.917510771972,363.9120519418833,17653.981763209853,alice,0.7159618818278695,diana,0.6591868887539654,0.0567749930739041,unknown,unknown,unknown,0,0,0,0,0,21.289922524908995,11.937045208688156,7.093748025132191,40.32071575872934
Dim_Far_20260114_211800_T18,1736916006.36,159,Dim,Far,4,4,1280,720,24.38033793209345,1,0,diana,1,1,0.8995517989368272,80.46926869388315,308.93347438037927,201.94175926138578,449.13186214317875,17030.247335095737,diana,0.868178037898507,bob,0.755200956165316,0.11297708173319099,diana,diana,diana,3,1,1,0,0,22.429270550848113,10.454650656011932,8.123435000723909,41.00735620758395
Dim_Far_20260114_211800_T18,1736916006.36,159,Dim,Far,4,4,1280,720,24.38033793209345,1,1,chen,-1,0,-1.0,-1.0,-1.0,-1.0,-1.0,0.0,unknown,-1.0,unknown,-1.0,-1.0,unknown,unknown,unknown,0,0,0,0,1,22.429270550848113,10.454650656011932,8.123435000723909,41.00735620758395
Dim_Far_20260114_211800_T18,1736916006.36,159,Dim,Far,4,4,1280,720,24.38033793209345,1,2,alice,3,1,0.8660225914199494,751.6421490956008,230.2556684553585,868.517560107336,442.9481239225683,24858.51815182533,alice,0.8398147397037555,bob,0.6926526808154125,0.147162058888343,alice,alice,alice,2,1,1,0,0,22.429270550848113,10.454650656011932,8.123435000723909,41.00735620758395
Dim_Far_20260114_211800_T18,1736916006.36,159,Dim,Far,4,4,1280,720,24.38033793209345,1,3,bob,-1,0,-1.0,-1.0,-1.0,-1.0,-1.0,0.0,unknown,-1.0,unknown,-1.0,-1.0,unknown,unknown,unknown,0,0,0,0,1,22.429270550848113,10.454650656011932,8.123435000723909,41.00735620758395
Dim_Far_20260114_211800_T18,1736916006.4,160,Dim,Far,4,4,1280,720,27.21892770185347,1,0,diana,1,1,0.7564496378611949,102.85316632526349,309.50766527125154,222.9885567204152,456.32509771910327,17637.969563936484,alice,0.6230322887123342,diana,0.5935050908868007,0.02952719782553348,alice,alice,alice,1,0,0,1,0,18.862421818617467,15.528599788322639,4.878414102645566,39.26943570958567
Dim_Far_20260114_211800_T18,1736916006.4,160,Dim,Far,4,4,1280,720,27.21892770185347,1,1,chen,2,1,0.735701020230847,413.7618248576093,282.3965171464705,509.1117156305663,443.0354182725215,15316.9016762568,chen,0.8429422162031721,diana,0.6661752934656349,0.17676692273753725,chen,chen,chen,2,1,1,0,0,18.862421818617467,15.528599788322639,4.878414102645566,39.26943570958567
Dim_Far_20260114_211800_T18,1736916006.4,160,Dim,Far,4,4,1280,720,27.21892770185347,1,2,alice,3,1,0.8327965834795981,767.1381585931686,288.5886985858841,855.176313692104,420.0536045999942,11573.927785737196,alice,0.8989887466008715,chen,0.7863510692964315,0.11263767730443996,alice,alice,alice,1,1,1,0,0,18.862421818617467,15.528599788322639,4.878414102645566,39.26943570958567
Dim_Far_20260114_211800_T18,1736916006.4,160,Dim,Far,4,4,1280,720,27.21892770185347,1,3,bob,4,1,0.8306022674130784,1073.340353466728,294.9753481541522,1182.8913897639293,452.03619995705554,17206.179076729226,bob,0.9061150814165078,diana,0.7799274349037452,0.1261876465127626,bob,bob,bob,2,1,1,0,0,18.862421818617467,15.528599788322639,4.878414102645566,39.26943570958567
Dim_Far_20260114_211800_T18,1736916006.44,161,Dim,Far,4,4,1280,720,24.03021920793121,1,0,diana,1,1,0.8096252021889955,85.90587821682443,272.6554087635368,190.6140174488612,462.37173110362187,19864.843094175594,alice,0.8324315573726218,diana,0.7764525692376796,0.055978988134942176,alice,alice,alice,2,0,0,1,0,15.767110386217205,8.593006602244069,7.095672835385111,31.455789823846384
Dim_Far_20260114_211800_T18,1736916006.44,161,Dim,Far,4,4,1280,720,24.03021920793121,1,1,chen,2,1,0.7570408061238462,418.6847236785115,276.01028077668576,516.5069115490572,479.3675801635405,19892.85594546772,bob,0.7415276193163309,chen,0.7211748485549414,0.020352770761389527,bob,bob,bob,2,0,0,1,0,15.767110386217205,8.593006602244069,7.095672835385111,31.455789823846384
Dim_Far_20260114_211800_T18,1736916006.44,161,Dim,Far,4,4,1280,720,24.03021920793121,1,2,alice,3,1,0.6385072920611663,744.3130251545639,241.47878908747003,845.8134398379667,411.951227080243,17303.023148357126,bob,0.6094600476045775,alice,0.5922512212745468,0.017208826330030735,unknown,unknown,unknown,0,0,0,0,0,15.767110386217205,8.593006602244069,7.095672835385111,31.455789823846384
Dim_Far_20260114_211800_T18,1736916006.44,161,Dim,Far,4,4,1280,720,24.03021920793121,1,3,bob,4,1,0.6332052679343596,1066.1893919372646,239.3675934675394,1178.7038234741085,392.7711985394263,17260.11942036585,bob,0.7833265134078998,alice,0.6577899364583302,0.12553657694956966,bob,bob,bob,2,1,1,0,0,15.767110386217205,8.593006602244069,7.095672835385111,31.455789823846384
Dim_Far_20260114_211800_T18,1736916006.48,162,Dim,Far,4,4,1280,720,25.75167358601433,3,0,diana,1,1,0.714272809555842,122.58045548184067,285.6573525291433,237.98502247309926,430.0889058388883,16668.060869586006,diana,0.8426105157714272,chen,0.7298616081234401,0.11274890764798706,diana,diana,diana,2,1,1,0,0,17.748931020797663,16.211444119925364,7.576817690075696,41.53719283079872
Dim_Far_20260114_211800_T18,1736916006.48,162,Dim,Far,4,4,1280,720,25.75167358601433,3,1,chen,2,1,0.7177084165556478,416.5650110971975,247.14096377950835,519.9031056560297,414.91189292629275,17337.128140393535,chen,0.8806256557265824,diana,0.7469577841825623,0.13366787154402004,chen,chen,chen,2,1,1,0,0,17.748931020797663,16.211444119925364,7.576817690075696,41.53719283079872
Dim_Far_20260114_211800_T18,1736916006.48,162,Dim,Far,4,4,1280,720,25.75167358601433,3,2,alice,3,1,0.7796413788246538,747.9064256547567,220.80961969398703,829.8796135536352,395.546221930727,14323.716327963868,alice,0.9133361738837171,chen,0.827008122183083,0.08632805170063418,alice,alice,alice,1,1,1,0,0,17.748931020797663,16.211444119925364,7.576817690075696,41.53719283079872
Dim_Far_20260114_211800_T18,1736916006.48,162,Dim,Far,4,4,1280,720,25.75167358601433,3,3,bob,4,1,0.5389574095629825,1071.7112398414097,206.09986683149577,1165.3872776801772,403.61681264826905,18502.604890129856,bob,0.8763044730590062,diana,0.8102608604539977,0.06604361260500846,bob,bob,bob,1,1,1,0,0,17.748931020797663,16.211444119925364,7.576817690075696,41.53719283079872
Dim_Far_20260114_211800_T18,1736916006.52,163,Dim,Far,4,4,1280,720,23.431387147689467,3,0,diana,1,1,0.7287512642369316,107.78181478016208,262.2965917336958,199.18074178653282,461.4571044874898,18203.057167735387,alice,0.8466959812534361,diana,0.8071760113441441,0.039519969909292074,alice,alice,alice,1,0,0,1,0,28.026275829849308,17.840105094354367,31.038975578542097,76.90535650274578
Dim_Far_20260114_211800_T18,1736916006.52,163,Dim,Far,4,4,1280,720,23.431387147689467,3,1,chen,2,1,0.7547838336851891,393.89136999604193,203.93223624331534,506.9526912770499,370.7550731192071,18861.210357034382,chen,0.7868560626818698,alice,0.6755599210764286,0.11129614160544121,chen,chen,chen,2,1,1,0,0,28.026275829849308,17.840105094354367,31.038975578542097,76.90535650274578
Dim_Far_20260114_211800_T18,1736916006.52,163,Dim,Far,4,4,1280,720,23.431387147689467,3,2,alice,3,1,0.7359546264697195,742.3287974675351,263.9519682882583,823.8763236661463,399.5482441076664,11057.540854817293,alice,0.770045452920835,bob,0.6426565961203486,0.1273888568004864,alice,alice,alice,1,1,1,0,0,28.026275829849308,17.840105094354367,31.038975578542097,76.90535650274578
Dim_Far_20260114_211800_T18,1736916006.52,163,Dim,Far,4,4,1280,720,23.431387147689467,3,3,bob,-1,0,-1.0,-1.0,-1.0,-1.0,-1.0,0.0,unknown,-1.0,unknown,-1.0,-1.0,unknown,unknown,unknown,0,0,0,0,1,28.026275829849308,17.840105094354367,31.038975578542097,76.90535650274578
Dim_Far_20260114_211800_T18,1736916006.56,164,Dim,Far,4,4,1280,720,23.303738920667076,1,0,diana,1,1,0.7749449306580792,144.46765718016758,259.69031768941426,228.13685864512837,423.3060190099795,13689.595076621223,chen,0.7722755828033343,diana,0.7122808082596981,0.05999477454363622,chen,chen,chen,1,0,0,1,0,11.292748104005026,7.552208227680099,10.630154895768824,29.475111227453947
Dim_Far_20260114_211800_T18,1736916006.56,164,Dim,Far,4,4,1280,720,23.303738920667076,1,1,chen,2,1,0.8211577856931288,461.7883908556091,273.35094760282703,551.8898507966412,471.12433319049427,17819.670778929492,chen,0.7757457208248539,alice,0.7063661219363591,0.06937959888849488,unknown,unknown,unknown,0,0,0,0,0,11.292748104005026,7.552208227680099,10.630154895768824,29.475111227453947
Dim_Far_20260114_211800_T18,1736916006.56,164,Dim,Far,4,4,1280,720,23.303738920667076,1,2,alice,-1,0,-1.0,-1.0,-1.0,-1.0,-1.0,0.0,unknown,-1.0,unknown,-1.0,-1.0,unknown,unknown,unknown,0,0,0,0,1,11.292748104005026,7.552208227680099,10.630154895768824,29.475111227453947
Dim_Far_20260114_211800_T18,1736916006.56,164,Dim,Far,4,4,1280,720,23.303738920667076,1,3,bob,4,1,0.8040057019356234,1054.8656737920387,308.48153933715105,1169.3499364692307,488.5014694297005,20609.448963845163,bob,0.8124218874065128,alice,0.7399049099359789,0.07251697747053387,bob,bob,bob,3,1,1,0,0,11.292748104005026,7.552208227680099,10.630154895768824,29.475111227453947
Dim_Far_20260114_211800_T18,1736916006.6,165,Dim,Far,4,4,1280,720,24.872761986235364,2,0,diana,-1,0,-1.0,-1.0,-1.0,-1.0,-1.0,0.0,unknown,-1.0,unknown,-1.0,-1.0,unknown,unknown,unknown,0,0,0,0,1,29.21636839846825,12.022234354287262,13.274857963097032,54.513460715852545
Dim_Far_20260114_211800_T18,1736916006.6,165,Dim,Far,4,4,1280,720,24.872761986235364,2,1,chen,2,1,0.6780018654143122,411.5133587384973,298.860626482572,521.3911487388162,435.28700214608443,14990.228655660043,chen,0.8953022557438651,bob,0.7897174652707706,0.10558479047309455,chen,chen,chen,2,1,1,0,0,29.21636839846825,12.022234354287262,13.274857963097032,54.513460715852545
Dim_Far_20260114_211800_T18,1736916006.6,165,Dim,Far,4,4,1280,720,24.872761986235364,2,2,alice,-1,0,-1.0,-1.0,-1.0,-1.0,-1.0,0.0,unknown,-1.0,unknown,-1.0,-1.0,unknown,unknown,unknown,0,0,0,0,1,29.21636839846825,12.022234354287262,13.274857963097032,54.513460715852545
Dim_Far_20260114_211800_T18,1736916006.6,165,Dim,Far,4,4,1280,720,24.872761986235364,2,3,bob,4,1,0.9211224426827677,1081.8835674348534,215.2452260096626,1179.9947633082115,365.5557396184971,14747.14424250143,bob,0.6086025767269492,chen,0.5956927347748822,0.012909841952067014,unknown,unknown,unknown,0,0,0,0,0,29.21636839846825,12.022234354287262,13.274857963097032,54.513460715852545
Dim_Far_20260114_211800_T18,1736916006.64,166,Dim,Far,4,4,1280,720,24.932873926164305,3,0,diana,1,1,0.775247066525752,125.71631181075986,199.49162700728976,231.97390049671253,373.3572060526048,18474.537184842076,diana,0.8838717397882191,chen,0.783701776027468,0.10016996376075105,diana,diana,diana,1,1,1,0,0,38.66458806891863,26.349079448423357,7.43376050453335,72.44742802187534
Dim_Far_20260114_211800_T18,1736916006.64,166,Dim,Far,4,4,1280,720,24.932873926164305,3,1,chen,2,1,0.7815620653018249,402.8194026833473,226.2839850066513,528.7905797724525,386.1879179573299,20143.286654974334,chen,0.7923299207815351,alice,0.6784226586889864,0.11390726209254864,chen,chen,chen,2,1,1,0,0,38.66458806891863,26.349079448423357,7.43376050453335,72.44742802187534
Dim_Far_20260114_211800_T18,1736916006.64,166,Dim,Far,4,4,1280,720,24.932873926164305,3,2,alice,3,1,0.7303963009412334,742.0457707150229,267.52629913717146,855.475976990946,449.1652534193356,20603.34405196886,diana,0.7201557587629623,bob,0.668076323717385,0.05207943504557733,unknown,unknown,unknown,0,0,0,0,0,38.66458806891863,26.349079448423357,7.43376050453335,72.44742802187534
Dim_Far_20260114_211800_T18,1736916006.64,166,Dim,Far,4,4,1280,720,24.932873926164305,3,3,bob,4,1,0.8712066550357311,1027.9638488126957,198.26437393178372,1147.7420105597216,337.8091365301539,16714.41514545792,bob,0.8418157976258478,diana,0.681868106498824,0.15994769112702378,bob,bob,bob,3,1,1,0,0,38.66458806891863,26.349079448423357,7.43376050453335,72.44742802187534
Dim_Far_20260114_211800_T18,1736916006.68,167,Dim,Far,4,4,1280,720,23.33703438222123,1,0,diana,1,1,0.7142654873875225,104.77278784271299,253.32400084857966,194.94229961738733,432.1115304437038,16121.184254992488,bob,0.7931276192842402,diana,0.7795733230413685,0.013554296242871744,unknown,unknown,unknown,0,0,0,0,0,11.376776296328618,8.167105239627674,10.227778083606385,29.771659619562676
Dim_Far_20260114_211800_T18,1736916006.68,167,Dim,Far,4,4,1280,720,23.33703438222123,1,1,chen,2,1,0.8590925716721926,450.18407277694917,224.59144889030537,532.0443263102796,359.3983580255566,11035.32775985631,chen,0.8471474915484493,bob,0.7775122699041965,0.06963522164425273,chen,chen,chen,3,1,1,0,0,11.376776296328618,8.167105239627674,10.227778083606385,29.771659619562676
Dim_Far_20260114_211800_T18,1736916006.68,167,Dim,Far,4,4,1280,720,23.33703438222123,1,2,alice,3,1,0.7244894889900266,775.0678113002936,320.67448641976137,873.1203515409269,486.44118213906495,16253.845602573836,alice,0.9359365709522033,chen,0.780000333025609,0.15593623792659428,alice,alice,alice,2,1,1,0,0,11.376776296328618,8.167105239627674,10.227778083606385,29.771659619562676
Dim_Far_20260114_211800_T18,1736916006.68,167,Dim,Far,4,4,1280,720,23.33703438222123,1,3,bob,4,1,0.7326042191600688,1059.3269146939717,281.0151580081871,1153.6307013442217,417.4077335017979,12862.336340027592,chen,0.5943404728597763,alice,0.5470676500053637,0.04727282285441259,unknown,unknown,unknown,0,0,0,0,0,11.376776296328618,8.167105239627674,10.227778083606385,29.771659619562676
Dim_Far_20260114_211800_T18,1736916006.72,168,Dim,Far,4,4,1280,720,22.899258262892037,0,0,diana,1,1,0.8602948906170101,128.01856350140196,295.8109883085054,215.19262196138197,425.45051378287116,11301.20357242643,diana,0.9251541219936567,bob,0.8181932974917319,0.10696082450192479,diana,diana,diana,2,1,1,0,0,14.726317062573095,7.560666621758034,10.326779437277356,32.613763121608486
Dim_Far_20260114_211800_T18,1736916006.72,168,Dim,Far,4,4,1280,720,22.899258262892037,0,1,chen,2,1,0.9026967773360911,427.8262001815052,243.40777899834745,547.8600631017265,400.8166866252425,18894.399240508494,chen,0.8969911987665982,alice,0.8006765715069518,0.09631462725964635,chen,chen,chen,2,1,1,0,0,14.726317062573095,7.560666621758034,10.326779437277356,32.613763121608486
Dim_Far_20260114_211800_T18,1736916006.72,168,Dim,Far,4,4,1280,720,22.899258262892037,0,2,alice,-1,0,-1.0,-1.0,-1.0,-1.0,-1.0,0.0,unknown,-1.0,unknown,-1.0,-1.0,unknown,unknown,unknown,0,0,0,0,1,14.726317062573095,7.560666621758034,10.326779437277356,32.613763121608486
Dim_Far_20260114_211800_T18,1736916006.72,168,Dim,Far,4,4,1280,720,22.899258262892037,0,3,bob,-1,0,-1.0,-1.0,-1.0,-1.0,-1.0,0.0,unknown,-1.0,unknown,-1.0,-1.0,unknown,unknown,unknown,0,0,0,0,1,14.726317062573095,7.560666621758034,10.326779437277356,32.613763121608486
Dim_Far_20260114_211800_T18,1736916006.76,169,Dim,Far,4,4,1280,720,26.141974091647025,1,0,diana,1,1,0.7184338879363334,96.08805392401558,184.66676682049848,196.498231896728,350.9201117368404,16693.527951608634,diana,0.8382051930592961,chen,0.7707139712380885,0.06749122182120759,diana,diana,diana,2,1,1,0,0,36.02563340971173,15.870067847221595,16.17542481885243,68.07112607578576
Dim_Far_20260114_211800_T18,1736916006.76,169,Dim,Far,4,4,1280,720,26.141974091647025,1,1,chen,2,1,0.6653667772784005,401.96307271717956,200.0796341159554,511.8025942864664,365.54724831490023,18174.883578823432,chen,0.8124054425215778,diana,0.6941042061826987,0.11830123633887901,chen,chen,chen,2,1,1,0,0,36.02563340971173,15.870067847221595,16.17542481885243,68.07112607578576
Dim_Far_20260114_211800_T18,1736916006.76,169,Dim,Far,4,4,1280,720,26.141974091647025,1,2,alice,3,1,0.8644323888013714,745.5612468440678,270.7826982118539,832.654318566115,400.42850239666393,11291.251322330141,alice,0.8349796157218603,bob,0.6655015372620874,0.16947807845977292,alice,alice,alice,3,1,1,0,0,36.02563340971173,15.870067847221595,16.17542481885243,68.07112607578576
Dim_Far_20260114_211800_T18,1736916006.76,169,Dim,Far,4,4,1280,720,26.141974091647025,1,3,bob,4,1,0.6841335216761603,1067.4297352110866,194.30598709263091,1154.7660208433695,377.17507721942974,15971.107088629778,diana,0.8196561991652932,bob,0.7671870672702755,0.05246913189501767,diana,diana,diana,2,0,0,1,0,36.02563340971173,15.870067847221595,16.17542481885243,68.07112607578576
Dim_Far_20260114_211800_T18,1736916006.8,170,Dim,Far,4,4,1280,720,26.196110092815132,1,0,diana,1,1,0.7199472182450518,107.65614286891491,245.7076512277524,215.0776956214209,454.3291034820793,22410.440338642587,diana,0.8572024820910594,chen,0.6819769877966396,0.1752254942944198,diana,diana,diana,2,1,1,0,0,25.269371305992138,17.349304516663523,19.484870807166857,62.10354662982252
Dim_Far_20260114_211800_T18,1736916006.8,170,Dim,Far,4,4,1280,720,26.196110092815132,1,1,chen,2,1,0.9402315806355085,427.10795941229526,261.07368862881503,527.7804935502746,418.20640384299304,15818.948636592726,alice,0.7513382167611655,chen,0.6902131980017775,0.06112501875938803,unknown,unknown,unknown,0,0,0,0,0,25.269371305992138,17.349304516663523,19.484870807166857,62.10354662982252
Dim_Far_20260114_211800_T18,1736916006.8,170,Dim,Far,4,4,1280,720,26.196110092815132,1,2,alice,3,1,0.7962021329742281,761.0193305012283,199.40015263786694,858.3472841232449,368.06905433608864,16416.199041960997,alice,0.9861350328158541,chen,0.8635046311090206,0.12263040170683348,alice,alice,alice,2,1,1,0,0,25.269371305992138,17.349304516663523,19.484870807166857,62.10354662982252
Dim_Far_20260114_211800_T18,1736916006.8,170,Dim,Far,4,4,1280,720,26.196110092815132,1,3,bob,4,1,0.7066015937565522,1055.186036902549,303.29910964286785,1166.1821909585,464.5743350736509,17900.929767323443,bob,0.9040610501669473,diana,0.7283640627316672,0.17569698743528006,bob,bob,bob,3,1,1,0,0,25.269371305992138,17.349304516663523,19.484870807166857,62.10354662982252
Dim_Far_20260114_211800_T18,1736916006.84,171,Dim,Far,4,4,1280,720,25.881628355081762,1,0,diana,1,1,0.8348356553938628,109.08316259037026,267.52446046395147,203.77383564727825,454.4204238315344,17697.304562895642,diana,0.7977836763701401,chen,0.7426605134391628,0.0551231629309773,unknown,unknown,unknown,0,0,0,0,0,22.297692908627322,15.09372676920768,15.527151042524494,52.9185707203595
Dim_Far_20260114_211800_T18,1736916006.84,171,Dim,Far,4,4,1280,720,25.881628355081762,1,1,chen,2,1,0.8422692473393347,468.5857953984653,204.00876702888053,550.1718509039913,387.86251475814623,14999.90206713885,chen,0.8401307570628529,diana,0.7414979104719891,0.0986328465908638,chen,chen,chen,2,1,1,0,0,22.297692908627322,15.09372676920768,15.527151042524494,52.9185707203595
Dim_Far_20260114_211800_T18,1736916006.84,171,Dim,Far,4,4,1280,720,25.881628355081762,1,2,alice,-1,0,-1.0,-1.0,-1.0,-1.0,-1.0,0.0,unknown,-1.0,unknown,-1.0,-1.0,unknown,unknown,unknown,0,0,0,0,1,22.297692908627322,15.09372676920768,15.527151042524494,52.9185707203595
Dim_Far_20260114_211800_T18,1736916006.84,171,Dim,Far,4,4,1280,720,25.881628355081762,1,3,bob,-1,0,-1.0,-1.0,-1.0,-1.0,-1.0,0.0,unknown,-1.0,unknown,-1.0,-1.0,unknown,unknown,unknown,0,0,0,0,1,22.297692908627322,15.09372676920768,15.527151042524494,52.9185707203595
Dim_Far_20260114_211800_T18,1736916006.88,172,Dim,Far,4,4,1280,720,26.722400310755813,0,0,diana,1,1,0.7201634698505592,75.90453813194466,239.55924223953463,178.36140113425085,437.38680901316303,20268.791907005227,diana,0.7597710759486374,bob,0.6482809701443659,0.11149010580427143,diana,diana,diana,2,1,1,0,0,26.473866459530814,16.4575827419186,14.828737225639113,57.76018642708853
Dim_Far_20260114_211800_T18,1736916006.88,172,Dim,Far,4,4,1280,720,26.722400310755813,0,1,chen,2,1,0.7113932877119212,440.9676736338253,313.8572066457245,568.7833839248653,444.131964535352,16651.16071265601,chen,0.9077436268246281,bob,0.7924234021194405,0.11532022470518755,chen,chen,chen,2,1,1,0,0,26.473866459530814,16.4575827419186,14.828737225639113,57.76018642708853
Dim_Far_20260114_211800_T18,1736916006.88,172,Dim,Far,4,4,1280,720,26.722400310755813,0,2,alice,3,1,0.7996253298353979,746.2722955048396,348.5369683810798,860.5873191599512,491.0957502062325,16296.610516586226,alice,0.9320351734048684,bob,0.8664434020895728,0.06559177131529559,alice,alice,alice,2,1,1,0,0,26.473866459530814,16.4575827419186,14.828737225639113,57.76018642708853
Dim_Far_20260114_211800_T18,1736916006.88,172,Dim,Far,4,4,1280,720,26.722400310755813,0,3,bob,4,1,0.7396045974075323,1059.8952971540814,222.21942628909972,1148.1678474311796,402.6306643308327,15925.3600805924,bob,0.8978488867664688,chen,0.7287947751799813,0.16905411158648753,bob,bob,bob,3,1,1,0,0,26.473866459530814,16.4575827419186,14.828737225639113,57.76018642708853
Dim_Far_20260114_211800_T18,1736916006.92,173,Dim,Far,4,4,1280,720,27.338828913451138,3,0,diana,1,1,0.7716648321219922,88.1332049883884,261.62448087269354,212.8521831789452,405.99538300578956,18005.791394488613,diana,0.8274114968240346,alice,0.7201595068015155,0.10725199002251906,diana,diana,diana,1,1,1,0,0,32.19598741297378,18.869986682814872,8.381268812410386,59.44724290819904
Dim_Far_20260114_211800_T18,1736916006.92,173,Dim,Far,4,4,1280,720,27.338828913451138,3,1,chen,-1,0,-1.0,-1.0,-1.0,-1.0,-1.0,0.0,unknown,-1.0,unknown,-1.0,-1.0,unknown,unknown,unknown,0,0,0,0,1,32.19598741297378,18.869986682814872,8.381268812410386,59.44724290819904
Dim_Far_20260114_211800_T18,1736916006.92,173,Dim,Far,4,4,1280,720,27.338828913451138,3,2,alice,3,1,0.7509389419834303,725.3102819016614,296.3790880147966,837.9959655014926,431.06010200445337,15176.622129342908,bob,0.8118737475210436,alice,0.7216687509447012,0.0902049965763424,bob,bob,bob,1,0,0,1,0,32.19598741297378,18.869986682814872,8.381268812410386,59.44724290819904
Dim_Far_20260114_211800_T18,1736916006.92,173,Dim,Far,4,4,1280,720,27.338828913451138,3,3,bob,4,1,0.839655511639039,1044.9548587600977,276.0425368515618,1172.2654586152446,479.05663204350475,25845.84623793614,bob,0.8006425349464716,alice,0.7287871433997898,0.07185539154668186,bob,bob,bob,3,1,1,0,0,32.19598741297378,18.869986682814872,8.381268812410386,59.44724290819904
Dim_Far_20260114_211800_T18,1736916006.96,174,Dim,Far,4,4,1280,720,23.933543650538496,2,0,diana,1,1,0.5970135279725677,125.01090380513352,266.4169700670943,207.67767884670025,445.7330508969633,14823.482115298171,diana,0.8907123564834879,chen,0.7837107270547335,0.10700162942875435,diana,diana,diana,2,1,1,0,0,28.099533122903765,21.35695782992529,6.339558951844193,55.79604990467325
Dim_Far_20260114_211800_T18,1736916006.96,174,Dim,Far,4,4,1280,720,23.933543650538496,2,1,chen,2,1,0.7607507069776805,438.58936826907177,152.57616230995092,519.5266737405949,286.32324659939115,10825.128617059976,alice,0.7688118840424041,bob,0.7296991276691598,0.039112756373244295,unknown,unknown,unknown,0,0,0,0,0,28.099533122903765,21.35695782992529,6.339558951844193,55.79604990467325
Dim_Far_20260114_211800_T18,1736916006.96,174,Dim,Far,4,4,1280,720,23.933543650538496,2,2,alice,3,1,0.8161524180523624,731.4853625568951,243.76575154614218,853.4555452651903,387.7034547058769,17556.107953005197,alice,0.7385720458502948,diana,0.6935174870076701,0.04505455884262466,unknown,unknown,unknown,0,0,0,0,0,28.099533122903765,21.35695782992529,6.339558951844193,55.79604990467325
Dim_Far_20260114_211800_T18,1736916006.96,174,Dim,Far,4,4,1280,720,23.933543650538496,2,3,bob,4,1,0.9331106484351271,1085.4021062390527,250.89507030130997,1190.2998112733105,409.36107971321087,16622.7207132455,bob,0.8652382602889169,alice,0.7416930530993029,0.12354520718961404,bob,bob,bob,2,1,1,0,0,28.099533122903765,21.35695782992529,6.339558951844193,55.79604990467325
Dim_Far_20260114_211800_T18,1736916007.0,175,Dim,Far,4,4,1280,720,24.91184755138238,1,0,diana,1,1,0.8564522472898767,121.67315527538949,258.2109190130293,231.61229896019643,411.6828190013956,16872.569264401325,diana,0.8114527925400047,chen,0.6981480466996709,0.11330474584033379,diana,diana,diana,2,1,1,0,0,16.678359505869306,7.317237948720547,11.793088214518885,35.78868566910874
Dim_Far_20260114_211800_T18,1736916007.0,175,Dim,Far,4,4,1280,720,24.91184755138238,1,1,chen,2,1,0.8305925585866991,420.60735726075666,297.56462935354017,525.5481389768858,446.4244546360832,15621.466431276465,alice,0.7583303419168912,chen,0.6629397122096358,0.09539062970725543,alice,alice,alice,1,0,0,1,0,16.678359505869306,7.317237948720547,11.793088214518885,35.78868566910874
Dim_Far_20260114_211800_T18,1736916007.0,175,Dim,Far,4,4,1280,720,24.91184755138238,1,2,alice,3,1,0.718166460056726,757.2576984816517,246.1990783541359,852.9587259135417,414.6076096723917,16116.8694754527,alice,0.8630770103575656,chen,0.7728851391150204,0.09019187124254513,alice,alice,alice,2,1,1,0,0,16.678359505869306,7.317237948720547,11.793088214518885,35.78868566910874
Dim_Far_20260114_211800_T18,1736916007.0,175,Dim,Far,4,4,1280,720,24.91184755138238,1,3,bob,-1,0,-1.0,-1.0,-1.0,-1.0,-1.0,0.0,unknown,-1.0,unknown,-1.0,-1.0,unknown,unknown,unknown,0,0,0,0,1,16.678359505869306,7.317237948720547,11.793088214518885,35.78868566910874
Dim_Far_20260114_211800_T18,1736916007.04,176,Dim,Far,4,4,1280,720,23.997164049661148,1,0,diana,1,1,0.6986792813139989,93.52277463430191,223.52127177868138,187.87992753410754,415.0096425234261,18068.297476896547,diana,0.7423968104306371,alice,0.6797353251455167,0.06266148528512039,unknown,unknown,unknown,0,0,0,0,0,22.2603416953814,18.041544696358034,16.4427357968087,56.744622188548135
Dim_Far_20260114_211800_T18,1736916007.04,176,Dim,Far,4,4,1280,720,23.997164049661148,1,1,chen,2,1,0.912897450825119,414.85998706726957,239.66740742652746,528.3652175337246,381.5486449916939,16104.262568700073,chen,0.9331028657851834,alice,0.787896977910947,0.14520588787423638,chen,chen,chen,3,1,1,0,0,22.2603416953814,18.041544696358034,16.4427357968087,56.744622188548135
Dim_Far_20260114_211800_T18,1736916007.04,176,Dim,Far,4,4,1280,720,23.997164049661148,1,2,alice,3,1,0.8643682720722032,731.8352783808897,207.77383357879108,856.8391809888684,394.8065901976731,23379.82449288851,alice,0.9204537313965184,chen,0.7519383738037058,0.16851535759281266,alice,alice,alice,2,1,1,0,0,22.2603416953814,18.041544696358034,16.4427357968087,56.744622188548135
Dim_Far_20260114_211800_T18,1736916007.04,176,Dim,Far,4,4,1280,720,23.997164049661148,1,3,bob,4,1,0.7398269114622692,1043.9514839398023,279.6566111475579,1136.7449616676056,448.01572034140884,15622.62724925241,bob,0.7892251755616682,alice,0.7151392089099291,0.07408596665173905,bob,bob,bob,1,1,1,0,0,22.2603416953814,18.041544696358034,16.4427357968087,56.744622188548135
Dim_Far_20260114_211800_T18,1736916007.08,177,Dim,Far,4,4,1280,720,25.49114252644597,0,0,diana,1,1,0.8714413520999519,92.13059088147534,234.21436594020307,197.58129838442878,381.78802561884106,15561.746821912448,diana,0.9089744585276022,alice,0.7539959448483083,0.15497851367929383,diana,diana,diana,2,1,1,0,0,15.890675931174764,8.43969233765093,6.047700783301842,30.378069052127536
Dim_Far_20260114_211800_T18,1736916007.08,177,Dim,Far,4,4,1280,720,25.49114252644597,0,1,chen,2,1,0.8430683569143483,407.5536519545213,242.7597641942284,512.4410947738147,403.3819107196754,16847.246209199988,chen,0.9375964686922525,alice,0.8016144706668964,0.13598199802535615,chen,chen,chen,1,1,1,0,0,15.890675931174764,8.43969233765093,6.047700783301842,30.378069052127536
Dim_Far_20260114_211800_T18,1736916007.08,177,Dim,Far,4,4,1280,720,25.49114252644597,0,2,alice,3,1,0.777774710032281,737.263039700073,231.88530558785848,852.338320872539,378.6932668228425,16893.967417472275,alice,0.8537504912289074,diana,0.7496693635183171,0.1040811277105903,alice,alice,alice,3,1,1,0,0,15.890675931174764,8.43969233765093,6.047700783301842,30.378069052127536
Dim_Far_20260114_211800_T18,1736916007.08,177,Dim,Far,4,4,1280,720,25.49114252644597,0,3,bob,-1,0,-1.0,-1.0,-1.0,-1.0,-1.0,0.0,unknown,-1.0,unknown,-1.0,-1.0,unknown,unknown,unknown,0,0,0,0,1,15.890675931174764,8.43969233765093,6.047700783301842,30.378069052127536
Dim_Far_20260114_211800_T18,1736916007.12,178,Dim,Far,4,4,1280,720,24.094455597045528,2,0,diana,-1,0,-1.0,-1.0,-1.0,-1.0,-1.0,0.0,unknown,-1.0,unknown,-1.0,-1.0,unknown,unknown,unknown,0,0,0,0,1,17.686059916120012,10.480739800135515,9.771708673254514,37.93850838951004
Dim_Far_20260114_211800_T18,1736916007.12,178,Dim,Far,4,4,1280,720,24.094455597045528,2,1,chen,2,1,0.7571144659431187,440.0837310834133,173.12045276002408,546.3815038522386,354.49578465068913,19279.79381518418,chen,0.8669879824917771,alice,0.700058038032227,0.16692994445955012,chen,chen,chen,1,1,1,0,0,17.686059916120012,10.480739800135515,9.771708673254514,37.93850838951004
Dim_Far_20260114_211800_T18,1736916007.12,178,Dim,Far,4,4,1280,720,24.094455597045528,2,2,alice,3,1,0.802546032569932,712.4810185630696,241.02239448056733,819.967256164147,450.9410155694891,22563.36278325438,alice,0.9188639218496026,chen,0.7447496562331158,0.1741142656164868,alice,alice,alice,2,1,1,0,0,17.686059916120012,10.480739800135515,9.771708673254514,37.93850838951004
Dim_Far_20260114_211800_T18,1736916007.12,178,Dim,Far,4,4,1280,720,24.094455597045528,2,3,bob,4,1,0.6960867057391864,1082.8377384549217,238.10216716745578,1205.1698996105056,411.53782482609626,21216.758822821485,diana,0.6869779910447894,bob,0.6342500882078622,0.05272790283692719,diana,diana,diana,2,0,0,1,0,17.686059916120012,10.480739800135515,9.771708673254514,37.93850838951004
Dim_Far_20260114_211800_T18,1736916007.16,179,Dim,Far,4,4,1280,720,25.997958776320402,0,0,diana,-1,0,-1.0,-1.0,-1.0,-1.0,-1.0,0.0,unknown,-1.0,unknown,-1.0,-1.0,unknown,unknown,unknown,0,0,0,0,1,20.194757101302184,14.250868775348955,3.086693297669118,37.53231917432026
Dim_Far_20260114_211800_T18,1736916007.16,179,Dim,Far,4,4,1280,720,25.997958776320402,0,1,chen,2,1,0.8284042368990059,418.9022998022605,198.59123095153637,542.9316572682592,385.4655851461583,23177.906077632415,chen,0.9158612397838933,diana,0.8458056033871193,0.07005563639677403,chen,chen,chen,2,1,1,0,0,20.194757101302184,14.250868775348955,3.086693297669118,37.53231917432026
Dim_Far_20260114_211800_T18,1736916007.16,179,Dim,Far,4,4,1280,720,25.997958776320402,0,2,alice,3,1,0.7039612802525522,769.7688252885065,181.0868929893556,891.7396570263724,352.481818948893,20905.18167493472,alice,0.8827332312481763,diana,0.7836619214838136,0.09907130976436263,alice,alice,alice,3,1,1,0,0,20.194757101302184,14.250868775348955,3.086693297669118,37.53231917432026
Dim_Far_20260114_211800_T18,1736916007.16,179,Dim,Far,4,4,1280,720,25.997958776320402,0,3,bob,4,1,0.8474890234694621,1070.6662005217324,246.20399150926949,1195.8785292584973,455.6642813666415,26227.010670919328,bob,0.8095516793155617,alice,0.6467758855872003,0.16277579372836137,bob,bob,bob,2,1,1,0,0,20.194757101302184,14.250868775348955,3.086693297669118,37.53231917432026
Dim_Far_20260114_211800_T18,1736916007.2,180,Dim,Far,4,4,1280,720,26.99866029790149,0,0,diana,1,1,0.8574496351248435,85.42139751649543,205.35892897929588,210.78481602777444,415.3380133669717,26323.695834707378,diana,0.8433955008858781,chen,0.7569035125522259,0.08649198833365224,diana,diana,diana,1,1,1,0,0,11.888761739621003,10.023415630049598,8.93789123622911,30.85006860589971
Dim_Far_20260114_211800_T18,1736916007.2,180,Dim,Far,4,4,1280,720,26.99866029790149,0,1,chen,-1,0,-1.0,-1.0,-1.0,-1.0,-1.0,0.0,unknown,-1.0,unknown,-1.0,-1.0,unknown,unknown,unknown,0,0,0,0,1,11.888761739621003,10.023415630049598,8.93789123622911,30.85006860589971
Dim_Far_20260114_211800_T18,1736916007.2,180,Dim,Far,4,4,1280,720,26.99866029790149,0,2,alice,3,1,0.7819154960384654,756.6341131355152,273.539301915126,864.0573293112452,438.17424545889685,17685.6151303816,diana,0.5799443343467847,alice,0.5662123858704106,0.013731948476374156,unknown,unknown,unknown,0,0,0,0,0,11.888761739621003,10.023415630049598,8.93789123622911,30.85006860589971
Dim_Far_20260114_211800_T18,1736916007.2,180,Dim,Far,4,4,1280,720,26.99866029790149,0,3,bob,4,1,0.7250765361489213,1043.9406517059779,332.1676139099445,1169.882913782223,468.7931536027048,17206.929526294065,bob,0.8607391176797271,diana,0.7316665969604448,0.12907252071928232,bob,bob,bob,3,1,1,0,0,11.888761739621003,10.023415630049598,8.93789123622911,30.85006860589971
Dim_Far_20260114_211800_T18,1736916007.24,181,Dim,Far,4,4,1280,720,24.288932465208656,1,0,diana,1,1,0.6900507785319729,86.90080584473495,237.91161433658027,202.36029154837806,413.02092936491596,20218.03145508886,diana,0.9060558988281933,chen,0.8271977456343269,0.07885815319386635,diana,diana,diana,2,1,1,0,0,23.511323304174645,17.50043240574348,9.460367700090657,50.472123410008784
Dim_Far_20260114_211800_T18,1736916007.24,181,Dim,Far,4,4,1280,720,24.288932465208656,1,1,chen,2,1,0.7511630854593003,423.58807076730375,215.85777813661423,529.1846094620882,419.5091502307283,21504.879993582075,chen,0.8479049935393393,diana,0.6781605955367054,0.16974439800263397,chen,chen,chen,1,1,1,0,0,23.511323304174645,17.50043240574348,9.460367700090657,50.472123410008784
Dim_Far_20260114_211800_T18,1736916007.24,181,Dim,Far,4,4,1280,720,24.288932465208656,1,2,alice,3,1,0.8365295047273438,746.8780577647858,255.6380281933455,839.9078903019017,421.79403743381215,15457.465714676096,alice,0.8208997941927259,chen,0.6623850063205828,0.15851478787214301,alice,alice,alice,3,1,1,0,0,23.511323304174645,17.50043240574348,9.460367700090657,50.472123410008784
Dim_Far_20260114_211800_T18,1736916007.24,181,Dim,Far,4,4,1280,720,24.288932465208656,1,3,bob,4,1,0.6859354287535856,1070.3852615662042,224.63744350968574,1195.6904620759776,385.6302033743746,20173.230055466636,bob,0.8310870475769842,chen,0.7688443857286021,0.06224266184838201,bob,bob,bob,1,1,1,0,0,23.511323304174645,17.50043240574348,9.460367700090657,50.472123410008784
Dim_Far_20260114_211800_T18,1736916007.28,182,Dim,Far,4,4,1280,720,27.9544803266918,2,0,diana,1,1,0.8559934832316363,100.63401400904863,196.6276494018703,226.95847902416082,345.67622699377455,18828.481825560746,diana,0.8436231086239145,chen,0.755105675664995,0.08851743295891956,diana,diana,diana,2,1,1,0,0,16.133143112948172,9.51309382533625,14.745446020562179,40.3916829588466
Dim_Far_20260114_211800_T18,1736916007.28,182,Dim,Far,4,4,1280,720,27.9544803266918,2,1,chen,2,1,0.77725248641482,441.17309718798157,203.1334945999136,538.237606814625,366.6838194747299,15874.932083252264,alice,0.6172559853509065,diana,0.5983401270751546,0.01891585827575193,unknown,unknown,unknown,0,0,0,0,0,16.133143112948172,9.51309382533625,14.745446020562179,40.3916829588466
Dim_Far_20260114_211800_T18,1736916007.28,182,Dim,Far,4,4,1280,720,27.9544803266918,2,2,alice,3,1,0.8220666388144507,736.3950732987349,202.04761033236161,847.9258440243062,361.1283792190427,17742.400761548026,bob,0.8373788631445003,chen,0.7762789577559615,0.06109990538853882,unknown,unknown,unknown,0,0,0,0,0,16.133143112948172,9.51309382533625,14.745446020562179,40.3916829588466
Dim_Far_20260114_211800_T18,1736916007.28,182,Dim,Far,4,4,1280,720,27.9544803266918,2,3,bob,-1,0,-1.0,-1.0,-1.0,-1.0,-1.0,0.0,unknown,-1.0,unknown,-1.0,-1.0,unknown,unknown,unknown,0,0,0,0,1,16.133143112948172,9.51309382533625,14.745446020562179,40.3916829588466
Dim_Far_20260114_211800_T18,1736916007.32,183,Dim,Far,4,4,1280,720,21.591262718719236,1,0,diana,1,1,0.8141930981246402,99.05113690755222,343.072881642038,194.03101330490506,535.5839813548604,18284.68045584234,diana,0.924535742284394,bob,0.859469927581002,0.0650658147033919,diana,diana,diana,2,1,1,0,0,23.06697287337128,15.929452139793105,4.471224058231142,43.46764907139553
Dim_Far_20260114_211800_T18,1736916007.32,183,Dim,Far,4,4,1280,720,21.591262718719236,1,1,chen,2,1,0.6426470855492876,445.18704109172666,215.48660798457155,530.5562399077053,363.331962858762,12621.439494273676,chen,0.8698657189784897,alice,0.7114878966649564,0.15837782231353337,chen,chen,chen,3,1,1,0,0,23.06697287337128,15.929452139793105,4.471224058231142,43.46764907139553
Dim_Far_20260114_211800_T18,1736916007.32,183,Dim,Far,4,4,1280,720,21.591262718719236,1,2,alice,3,1,0.7879855437017604,756.4281405676451,275.0832404941481,844.4986323267598,413.9422944475002,12229.385166877164,diana,0.7606459061018964,alice,0.7085719034851197,0.05207400261677675,diana,diana,diana,2,0,0,1,0,23.06697287337128,15.929452139793105,4.471224058231142,43.46764907139553
Dim_Far_20260114_211800_T18,1736916007.32,183,Dim,Far,4,4,1280,720,21.591262718719236,1,3,bob,4,1,0.8216219083390143,1076.7288654913796,250.17929619987024,1204.210867086154,463.3296004623759,27172.827427919387,chen,0.8696170381503407,bob,0.8498978574751489,0.01971918067519185,unknown,unknown,unknown,0,0,0,0,0,23.06697287337128,15.929452139793105,4.471224058231142,43.46764907139553
Dim_Far_20260114_211800_T18,1736916007.36,184,Dim,Far,4,4,1280,720,24.951077092872396,0,0,diana,1,1,0.6890464277363754,144.83197210164508,194.29673314309463,239.22229721139422,344.8353913676255,14209.39289139888,diana,0.8597730503362732,bob,0.7157850126629,0.1439880376733732,diana,diana,diana,3,1,1,0,0,16.98545843997698,7.730421789537473,6.88057050315998,31.596450732674434
Dim_Far_20260114_211800_T18,1736916007.36,184,Dim,Far,4,4,1280,720,24.951077092872396,0,1,chen,2,1,0.903074118855438,453.25509277626924,169.0140393072517,535.3258615606289,325.86039812885633,12872.50124951663,chen,0.8986888806306537,bob,0.7841358483038458,0.11455303232680791,chen,chen,chen,2,1,1,0,0,16.98545843997698,7.730421789537473,6.88057050315998,31.596450732674434
Dim_Far_20260114_211800_T18,1736916007.36,184,Dim,Far,4,4,1280,720,24.951077092872396,0,2,alice,3,1,0.817651988480426,757.6676212832471,175.71603913121007,855.0695564799274,388.9460601666392,20769.01669087966,alice,0.8884698477934132,chen,0.7368873556167507,0.15158249217666253,alice,alice,alice,1,1,1,0,0,16.98545843997698,7.730421789537473,6.88057050315998,31.596450732674434
Dim_Far_20260114_211800_T18,1736916007.36,184,Dim,Far,4,4,1280,720,24.951077092872396,0,3,bob,4,1,0.7766990756161072,1042.0046216038659,228.8164646672475,1166.346735821161,372.4328415096776,17857.563932815545,bob,0.9311070494161827,diana,0.8477952486989935,0.08331180071718924,bob,bob,bob,1,1,1,0,0,16.98545843997698,7.730421789537473,6.88057050315998,31.596450732674434
Dim_Far_20260114_211800_T18,1736916007.4,185,Dim,Far,4,4,1280,720,26.04686660062419,1,0,diana,1,1,0.818973831615806,121.47355068043333,197.47287859376098,215.28889695018984,352.8605332778904,14577.746630236952,diana,0.8466452167776788,alice,0.6915879852721074,0.15505723150557138,diana,diana,diana,3,1,1,0,0,21.98746524595712,13.143991100210766,14.409162261604166,49.54061860777205
Dim_Far_20260114_211800_T18,1736916007.4,185,Dim,Far,4,4,1280,720,26.04686660062419,1,1,chen,-1,0,-1.0,-1.0,-1.0,-1.0,-1.0,0.0,unknown,-1.0,unknown,-1.0,-1.0,unknown,unknown,unknown,0,0,0,0,1,21.98746524595712,13.143991100210766,14.409162261604166,49.54061860777205
Dim_Far_20260114_211800_T18,1736916007.4,185,Dim,Far,4,4,1280,720,26.04686660062419,1,2,alice,3,1,0.834044318785811,740.5548484644366,230.3055316533391,859.2463808538755,381.17504776048906,17906.934057610757,alice,0.8586290384921234,diana,0.7696532976299997,0.08897574086212368,alice,alice,alice,3,1,1,0,0,21.98746524595712,13.143991100210766,14.409162261604166,49.54061860777205
Dim_Far_20260114_211800_T18,1736916007.4,185,Dim,Far,4,4,1280,720,26.04686660062419,1,3,bob,4,1,0.7991615225328621,1048.675142590049,229.68512495002386,1157.9051547256415,364.31905998519227,14706.066357754013,bob,0.8450970056125077,alice,0.6758239501829599,0.16927305542954774,bob,bob,bob,2,1,1,0,0,21.98746524595712,13.143991100210766,14.409162261604166,49.54061860777205
Dim_Far_20260114_211800_T18,1736916007.44,186,Dim,Far,4,4,1280,720,26.42089249992241,0,0,diana,1,1,0.8976248830081798,106.74837389975153,241.42537044466633,213.70272783502702,457.3132429117727,23090.147922180513,diana,0.8841308491125693,bob,0.7852541005431937,0.09887674856937567,diana,diana,diana,2,1,1,0,0,26.703294438369504,18.464948192185236,4.615013905171001,49.78325653572574
Dim_Far_20260114_211800_T18,1736916007.44,186,Dim,Far,4,4,1280,720,26.42089249992241,0,1,chen,2,1,0.7753855672874581,406.6555132343896,295.8554989804045,514.1985738218966,434.38091375342367,14897.44707384434,chen,0.8715040332172883,alice,0.7085307108894892,0.16297332232779915,chen,chen,chen,2,1,1,0,0,26.703294438369504,18.464948192185236,4.615013905171001,49.78325653572574
Dim_Far_20260114_211800_T18,1736916007.44,186,Dim,Far,4,4,1280,720,26.42089249992241,0,2,alice,3,1,0.8939213864182692,735.6957835949053,247.33980247219745,819.8822665770248,462.9718755461802,18153.305850242,alice,0.8775900513755402,bob,0.7106754731584535,0.16691457821708677,alice,alice,alice,2,1,1,0,0,26.703294438369504,18.464948192185236,4.615013905171001,49.78325653572574
Dim_Far_20260114_211800_T18,1736916007.44,186,Dim,Far,4,4,1280,720,26.42089249992241,0,3,bob,4,1,0.6456872183569614,1094.9805750442256,214.6995250198222,1196.5923557818178,379.6607062785581,16761.999380276877,bob,0.9221982025849248,diana,0.8012556880686388,0.12094251451628601,bob,bob,bob,1,1,1,0,0,26.703294438369504,18.464948192185236,4.615013905171001,49.78325653572574
Dim_Far_20260114_211800_T18,1736916007.48,187,Dim,Far,4,4,1280,720,24.475661324594444,2,0,diana,1,1,0.7663137641934326,101.10033867394924,233.94837534757116,224.97391707390454,416.2499188208127,22582.344537865447,diana,0.8749920354721202,alice,0.802186909737886,0.07280512573423426,diana,diana,diana,3,1,1,0,0,15.71853193742146,9.59084578473582,12.14318404745881,37.45256176961609
Dim_Far_20260114_211800_T18,1736916007.48,187,Dim,Far,4,4,1280,720,24.475661324594444,2,1,chen,2,1,0.7403486736028746,416.6959295904415,251.65993191094265,531.1983733964839,434.45914898810383,20930.9570811662,diana,0.608360751665105,alice,0.5760141461130838,0.03234660555202118,unknown,unknown,unknown,0,0,0,0,0,15.71853193742146,9.59084578473582,12.14318404745881,37.45256176961609
Dim_Far_20260114_211800_T18,1736916007.48,187,Dim,Far,4,4,1280,720,24.475661324594444,2,2,alice,3,1,0.6869756003469228,737.3180274871861,269.63122151929264,852.3557029267049,428.6682141303806,18295.245938871485,alice,0.6297626757711706,bob,0.5777360909258332,0.0520265848453374,unknown,unknown,unknown,0,0,0,0,0,15.71853193742146,9.59084578473582,12.14318404745881,37.45256176961609
Dim_Far_20260114_211800_T18,1736916007.48,187,Dim,Far,4,4,1280,720,24.475661324594444,2,3,bob,4,1,0.75484299055859,1077.467199190118,208.79060811318908,1197.5620551763657,411.2528396877331,24314.672543599198,bob,0.74568953597993,chen,0.7065336481648351,0.039155887815094936,unknown,unknown,unknown,0,0,0,0,0,15.71853193742146,9.59084578473582,12.14318404745881,37.45256176961609
Dim_Far_20260114_211800_T18,1736916007.52,188,Dim,Far,4,4,1280,720,26.510259441760994,0,0,diana,1,1,0.748176468038999,89.62160127371719,249.4194786341767,181.8104408949352,392.6638362580453,13205.53111163122,diana,0.8866035378994483,alice,0.7208798025908179,0.1657237353086305,diana,diana,diana,2,1,1,0,0,23.332793745613476,21.537481003683737,17.9073185183193,62.77759326761651
Dim_Far_20260114_211800_T18,1736916007.52,188,Dim,Far,4,4,1280,720,26.510259441760994,0,1,chen,2,1,0.7682502950829139,441.8113194726662,222.04014504780525,568.6657029165592,419.04702740560344,24991.186595702056,chen,0.8985854088423424,bob,0.8034678654444896,0.09511754339785283,chen,chen,chen,2,1,1,0,0,23.332793745613476,21.537481003683737,17.9073185183193,62.77759326761651
Dim_Far_20260114_211800_T18,1736916007.52,188,Dim,Far,4,4,1280,720,26.510259441760994,0,2,alice,-1,0,-1.0,-1.0,-1.0,-1.0,-1.0,0.0,unknown,-1.0,unknown,-1.0,-1.0,unknown,unknown,unknown,0,0,0,0,1,23.332793745613476,21.537481003683737,17.9073185183193,62.77759326761651
Dim_Far_20260114_211800_T18,1736916007.52,188,Dim,Far,4,4,1280,720,26.510259441760994,0,3,bob,4,1,0.8210355835103572,1070.8324042223499,299.10401570591904,1165.5895955617934,437.07488440087815,13073.732004197487,bob,0.9249572938345122,diana,0.7503959633135096,0.17456133052100264,bob,bob,bob,2,1,1,0,0,23.332793745613476,21.537481003683737,17.9073185183193,62.77759326761651
Dim_Far_20260114_211800_T18,1736916007.56,189,Dim,Far,4,4,1280,720,24.99933304159299,2,0,diana,-1,0,-1.0,-1.0,-1.0,-1.0,-1.0,0.0,unknown,-1.0,unknown,-1.0,-1.0,unknown,unknown,unknown,0,0,0,0,1,17.33304519655742,11.700573074426329,5.8414296937265835,34.87504796471033
Dim_Far_20260114_211800_T18,1736916007.56,189,Dim,Far,4,4,1280,720,24.99933304159299,2,1,chen,2,1,0.740558709942534,427.41591624423245,242.73058233623738,539.780916005691,405.32921486662894,18270.395305490933,chen,0.9655770858237263,bob,0.9045656342434214,0.061011451580304854,chen,chen,chen,2,1,1,0,0,17.33304519655742,11.700573074426329,5.8414296937265835,34.87504796471033
Dim_Far_20260114_211800_T18,1736916007.56,189,Dim,Far,4,4,1280,720,24.99933304159299,2,2,alice,3,1,0.6694199667507711,745.7075741824583,261.3540716904348,841.1668620795872,403.620874631054,13580.68770011267,alice,0.8776575002940032,diana,0.7816875770749334,0.09596992321906983,alice,alice,alice,1,1,1,0,0,17.33304519655742,11.700573074426329,5.8414296937265835,34.87504796471033
Dim_Far_20260114_211800_T18,1736916007.56,189,Dim,Far,4,4,1280,720,24.99933304159299,2,3,bob,4,1,0.6079959523868791,1080.614117502668,171.1213464004037,1173.9783699527027,351.1590632941196,16809.08685059276,bob,0.8613502333170879,chen,0.7372079023005382,0.1241423310165497,bob,bob,bob,3,1,1,0,0,17.33304519655742,11.700573074426329,5.8414296937265835,34.87504796471033
Dim_Far_20260114_211800_T18,1736916007.6,190,Dim,Far,4,4,1280,720,19.576799751498058,1,0,diana,1,1,0.7563474648544818,123.19936010310866,286.07103218125195,232.9874073386898,441.33811762418003,17046.4701107392,diana,0.7718619264018133,alice,0.6467226027572193,0.125139323644594,diana,diana,diana,3,1,1,0,0,25.384850686609308,13.298029326190914,9.500303426712481,48.1831834395127
Dim_Far_20260114_211800_T18,1736916007.6,190,Dim,Far,4,4,1280,720,19.576799751498058,1,1,chen,2,1,0.6760633755263097,439.75894596201863,249.84329274533354,538.7229718862056,432.1554400575618,18042.34407290156,chen,0.5679911389959205,diana,0.545600643453802,0.02239049554211847,unknown,unknown,unknown,0,0,0,0,0,25.384850686609308,13.298029326190914,9.500303426712481,48.1831834395127
Dim_Far_20260114_211800_T18,1736916007.6,190,Dim,Far,4,4,1280,720,19.576799751498058,1,2,alice,3,1,0.8457546004515483,739.7707101749995,230.7360301265671,839.4850780178783,433.79594226968845,20247.990773581852,alice,0.8460197353260461,chen,0.6944589762424705,0.15156075908357558,alice,alice,alice,2,1,1,0,0,25.384850686609308,13.298029326190914,9.500303426712481,48.1831834395127
Dim_Far_20260114_211800_T18,1736916007.6,190,Dim,Far,4,4,1280,720,19.576799751498058,1,3,bob,4,1,0.6814483966967484,1091.5617272689192,258.73185593882806,1190.0844310348552,474.041760337238,21212.913928916554,bob,0.7997005273637801,alice,0.7576416674976642,0.042058859866115905,unknown,unknown,unknown,0,0,0,0,0,25.384850686609308,13.298029326190914,9.500303426712481,48.1831834395127
Dim_Far_20260114_211800_T18,1736916007.64,191,Dim,Far,4,4,1280,720,25.04840075756627,0,0,diana,1,1,0.7993493480715638,85.87285467268705,205.76176218534124,209.83917561369938,412.0971374035455,25578.63734578411,diana,0.8872211721491914,alice,0.7682175471754809,0.11900362497371053,diana,diana,diana,3,1,1,0,0,22.034015857965823,18.221364091558883,11.888082906066654,52.14346285559136
Dim_Far_20260114_211800_T18,1736916007.64,191,Dim,Far,4,4,1280,720,25.04840075756627,0,1,chen,-1,0,-1.0,-1.0,-1.0,-1.0,-1.0,0.0,unknown,-1.0,unknown,-1.0,-1.0,unknown,unknown,unknown,0,0,0,0,1,22.034015857965823,18.221364091558883,11.888082906066654,52.14346285559136
Dim_Far_20260114_211800_T18,1736916007.64,191,Dim,Far,4,4,1280,720,25.04840075756627,0,2,alice,3,1,0.8177705193571645,763.469852133018,236.95582699882564,849.82125912044,438.07005572168464,17366.496615409076,alice,0.9289390351348904,diana,0.7901900744459824,0.13874896068890796,alice,alice,alice,3,1,1,0,0,22.034015857965823,18.221364091558883,11.888082906066654,52.14346285559136
Dim_Far_20260114_211800_T18,1736916007.64,191,Dim,Far,4,4,1280,720,25.04840075756627,0,3,bob,4,1,0.6191711057293204,1047.550053350914,282.5321887337689,1170.5567002748344,448.9840389061973,20474.68396399321,bob,0.7901598868572608,diana,0.6977967575331696,0.09236312932409119,bob,bob,bob,2,1,1,0,0,22.034015857965823,18.221364091558883,11.888082906066654,52.14346285559136
Dim_Far_20260114_211800_T18,1736916007.68,192,Dim,Far,4,4,1280,720,22.178640907615083,1,0,diana,1,1,0.9650836478404854,91.08095853232437,218.27115346286894,182.24213391746486,357.1488425267969,12660.253369839744,diana,0.8537464315956402,alice,0.7472779320946388,0.10646849950100146,diana,diana,diana,3,1,1,0,0,32.0479710445609,32.39368461600689,25.76167926727001,90.2033349278378
Dim_Far_20260114_211800_T18,1736916007.68,192,Dim,Far,4,4,1280,720,22.178640907615083,1,1,chen,2,1,0.8885375909823444,467.22027316244163,153.5771541173669,562.7056344605941,306.4145080355579,14593.729958732063,chen,0.907013734647832,bob,0.8115139919610284,0.09549974268680361,chen,chen,chen,3,1,1,0,0,32.0479710445609,32.39368461600689,25.76167926727001,90.2033349278378
Dim_Far_20260114_211800_T18,1736916007.68,192,Dim,Far,4,4,1280,720,22.178640907615083,1,2,alice,3,1,0.7481913463426002,744.7751867193363,244.76523576272817,841.5287429249656,434.4958134066262,18357.108107995417,bob,0.847850265913419,alice,0.8303913696123234,0.01745889630109565,unknown,unknown,unknown,0,0,0,0,0,32.0479710445609,32.39368461600689,25.76167926727001,90.2033349278378
Dim_Far_20260114_211800_T18,1736916007.68,192,Dim,Far,4,4,1280,720,22.178640907615083,1,3,bob,4,1,0.7554628098040359,1057.8452876666497,308.82157764263127,1163.8999758225727,516.2396517171064,21997.659163870605,bob,0.9035072626720373,chen,0.8103437868182468,0.09316347585379048,bob,bob,bob,3,1,1,0,0,32.0479710445609,32.39368461600689,25.76167926727001,90.2033349278378
Dim_Far_20260114_211800_T18,1736916007.72,193,Dim,Far,4,4,1280,720,25.472375415140387,3,0,diana,1,1,0.7905825622038767,91.3880603438452,272.73377765949925,212.58835229267453,431.09806372434826,19193.797705327626,diana,0.7077462635586207,bob,0.6611750951457265,0.046571168412894215,unknown,unknown,unknown,0,0,0,0,0,12.804938485212578,10.543675410510932,13.137045077605137,36.48565897332865
Dim_Far_20260114_211800_T18,1736916007.72,193,Dim,Far,4,4,1280,720,25.472375415140387,3,1,chen,2,1,0.8183208738103809,431.48062721806616,151.83593367502948,554.457325484015,350.8845587290908,24478.342703525283,chen,0.824599024599315,bob,0.7177760295516697,0.10682299504764525,chen,chen,chen,2,1,1,0,0,12.804938485212578,10.543675410510932,13.137045077605137,36.48565897332865
Dim_Far_20260114_211800_T18,1736916007.72,193,Dim,Far,4,4,1280,720,25.472375415140387,3,2,alice,3,1,0.8780946159956364,747.4266749535943,234.12544271476077,871.8469841034557,374.18864712497566,17426.707193239166,alice,0.7864527500043537,chen,0.6086813996547171,0.17777135034963654,alice,alice,alice,2,1,1,0,0,12.804938485212578,10.543675410510932,13.137045077605137,36.48565897332865
Dim_Far_20260114_211800_T18,1736916007.72,193,Dim,Far,4,4,1280,720,25.472375415140387,3,3,bob,4,1,0.865410711222015,1072.5650226416576,213.0145474715855,1180.986543591506,346.1591157525155,14435.736599229373,bob,0.8636992298862413,chen,0.7019511746935226,0.16174805519271862,bob,bob,bob,2,1,1,0,0,12.804938485212578,10.543675410510932,13.137045077605137,36.48565897332865
Dim_Far_20260114_211800_T18,1736916007.76,194,Dim,Far,4,4,1280,720,28.614898860618734,0,0,diana,1,1,0.7732000567393085,108.27693127888159,242.00333514727856,216.9021541376386,394.96753177297137,16615.769947876608,bob,0.6226739330239366,diana,0.5482846881722923,0.07438924485164433,bob,bob,bob,1,0,0,1,0,26.867182789998168,18.111865130436104,27.317588542018154,72.29663646245243
Dim_Far_20260114_211800_T18,1736916007.76,194,Dim,Far,4,4,1280,720,28.614898860618734,0,1,chen,2,1,0.9251318667770332,446.78256892664143,232.19116052275714,535.7698245044883,393.168025268984,14324.889405292974,alice,0.7063557714578766,diana,0.6808875272074428,0.025468244250433814,unknown,unknown,unknown,0,0,0,0,0,26.867182789998168,18.111865130436104,27.317588542018154,72.29663646245243
Dim_Far_20260114_211800_T18,1736916007.76,194,Dim,Far,4,4,1280,720,28.614898860618734,0,2,alice,3,1,0.628436322317095,764.7990148477456,223.77352335197148,881.1806458072581,406.3921111587358,21253.449092474166,alice,0.8687589959878008,diana,0.8004608567412441,0.0682981392465567,alice,alice,alice,2,1,1,0,0,26.867182789998168,18.111865130436104,27.317588542018154,72.29663646245243
Dim_Far_20260114_211800_T18,1736916007.76,194,Dim,Far,4,4,1280,720,28.614898860618734,0,3,bob,4,1,0.7623478453876331,1060.3861420888252,220.86974839892082,1161.051291368105,433.67777447440415,21422.351712717405,bob,0.8235699288393891,alice,0.6711302534730874,0.15243967536630165,bob,bob,bob,3,1,1,0,0,26.867182789998168,18.111865130436104,27.317588542018154,72.29663646245243
Dim_Far_20260114_211800_T18,1736916007.8,195,Dim,Far,4,4,1280,720,27.534461584964266,0,0,diana,1,1,0.6990173712274013,101.79989303067325,263.2861240355731,218.983330482326,476.9553326398198,25038.492341819892,diana,0.7812793636703279,chen,0.7073296175916626,0.07394974607866533,unknown,unknown,unknown,0,0,0,0,0,27.78836098778408,16.079922416143248,15.113362356101135,58.981645760028464
Dim_Far_20260114_211800_T18,1736916007.8,195,Dim,Far,4,4,1280,720,27.534461584964266,0,1,chen,2,1,0.7600082360304378,407.52645562694124,193.59833533435682,534.8201869829245,368.7924025607592,22301.10652867973,chen,0.9621658497138376,bob,0.8152068312421799,0.1469590184716577,chen,chen,chen,2,1,1,0,0,27.78836098778408,16.079922416143248,15.113362356101135,58.981645760028464
Dim_Far_20260114_211800_T18,1736916007.8,195,Dim,Far,4,4,1280,720,27.534461584964266,0,2,alice,-1,0,-1.0,-1.0,-1.0,-1.0,-1.0,0.0,unknown,-1.0,unknown,-1.0,-1.0,unknown,unknown,unknown,0,0,0,0,1,27.78836098778408,16.079922416143248,15.113362356101135,58.981645760028464
Dim_Far_20260114_211800_T18,1736916007.8,195,Dim,Far,4,4,1280,720,27.534461584964266,0,3,bob,4,1,0.7299524232951531,1051.3123881076872,227.63674419472406,1160.965309836301,401.43650659544585,19057.651742978025,bob,0.6708201982937024,chen,0.645384843710266,0.025435354583436376,unknown,unknown,unknown,0,0,0,0,0,27.78836098778408,16.079922416143248,15.113362356101135,58.981645760028464
Dim_Far_20260114_211800_T18,1736916007.84,196,Dim,Far,4,4,1280,720,23.851380389200028,1,0,diana,1,1,0.7238890334193754,134.49881555948753,231.1020258569568,221.83712479949094,373.1719073061151,12408.14323969721,diana,0.7839524445769813,chen,0.6759552992424857,0.10799714533449567,diana,diana,diana,2,1,1,0,0,22.837971342050903,16.673880706247477,3.2445130737982524,42.75636512209663
Dim_Far_20260114_211800_T18,1736916007.84,196,Dim,Far,4,4,1280,720,23.851380389200028,1,1,chen,-1,0,-1.0,-1.0,-1.0,-1.0,-1.0,0.0,unknown,-1.0,unknown,-1.0,-1.0,unknown,unknown,unknown,0,0,0,0,1,22.837971342050903,16.673880706247477,3.2445130737982524,42.75636512209663
Dim_Far_20260114_211800_T18,1736916007.84,196,Dim,Far,4,4,1280,720,23.851380389200028,1,2,alice,3,1,0.9101634560208871,775.7323977852066,219.8305019006989,858.9137207481683,359.561798842866,11623.034138979912,alice,0.9096148923456165,diana,0.7381276758164472,0.17148721652916932,alice,alice,alice,1,1,1,0,0,22.837971342050903,16.673880706247477,3.2445130737982524,42.75636512209663
Dim_Far_20260114_211800_T18,1736916007.84,196,Dim,Far,4,4,1280,720,23.851380389200028,1,3,bob,4,1,0.7678098987893642,1100.3036755450833,137.81390536563913,1195.8476103385308,326.0379388870783,17983.66478533207,bob,0.8001269877405158,chen,0.6901638065428876,0.10996318119762827,bob,bob,bob,2,1,1,0,0,22.837971342050903,16.673880706247477,3.2445130737982524,42.75636512209663
Dim_Far_20260114_211800_T18,1736916007.88,197,Dim,Far,4,4,1280,720,25.089895168616334,2,0,diana,1,1,0.7411074021499346,126.03541844743637,234.58192481115097,236.69421231173294,430.64266807571005,21695.845373793614,diana,0.8244847107474735,bob,0.7413681731014289,0.08311653764604465,diana,diana,diana,3,1,1,0,0,18.228990678511764,12.814623948879435,11.284807657564302,42.3284222849555
Dim_Far_20260114_211800_T18,1736916007.88,197,Dim,Far,4,4,1280,720,25.089895168616334,2,1,chen,2,1,0.6140873445203926,435.98761588623535,213.01801917836548,524.2657717741673,410.05731185867575,17394.265395280283,chen,0.8771426071871563,bob,0.7399461106536269,0.1371964965335294,chen,chen,chen,2,1,1,0,0,18.228990678511764,12.814623948879435,11.284807657564302,42.3284222849555
Dim_Far_20260114_211800_T18,1736916007.88,197,Dim,Far,4,4,1280,720,25.089895168616334,2,2,alice,3,1,0.7819312725698979,741.4989182378014,228.57549647665252,867.6946125199742,397.42615008232207,21308.22546176613,alice,0.8459505888869326,diana,0.6723225663892122,0.17362802249772047,alice,alice,alice,1,1,1,0,0,18.228990678511764,12.814623948879435,11.284807657564302,42.3284222849555
Dim_Far_20260114_211800_T18,1736916007.88,197,Dim,Far,4,4,1280,720,25.089895168616334,2,3,bob,4,1,0.7045975498416734,1060.908432964707,197.55712366073365,1154.4384179966485,339.6829055197753,13293.022249929161,diana,0.8617516668598875,bob,0.7896454293469111,0.0721062375129764,diana,diana,diana,1,0,0,1,0,18.228990678511764,12.814623948879435,11.284807657564302,42.3284222849555
Dim_Far_20260114_211800_T18,1736916007.92,198,Dim,Far,4,4,1280,720,23.931328981023228,2,0,diana,1,1,0.6449732308375211,107.94569340836634,261.2473647373104,194.4773160584214,445.51832628753624,15945.265310226945,diana,0.9437167551335348,alice,0.7731342261032712,0.1705825290302636,diana,diana,diana,3,1,1,0,0,35.248558916429076,25.21971421208995,3.870568897374941,64.33884202589397
Dim_Far_20260114_211800_T18,1736916007.92,198,Dim,Far,4,4,1280,720,23.931328981023228,2,1,chen,2,1,0.6440793508237201,391.8717403452048,251.15880765338116,475.6369106337387,425.87730850583296,14635.324976462982,chen,0.6995546471552355,bob,0.6759753003136211,0.023579346841614446,unknown,unknown,unknown,0,0,0,0,0,35.248558916429076,25.21971421208995,3.870568897374941,64.33884202589397
Dim_Far_20260114_211800_T18,1736916007.92,198,Dim,Far,4,4,1280,720,23.931328981023228,2,2,alice,-1,0,-1.0,-1.0,-1.0,-1.0,-1.0,0.0,unknown,-1.0,unknown,-1.0,-1.0,unknown,unknown,unknown,0,0,0,0,1,35.248558916429076,25.21971421208995,3.870568897374941,64.33884202589397
Dim_Far_20260114_211800_T18,1736916007.92,198,Dim,Far,4,4,1280,720,23.931328981023228,2,3,bob,-1,0,-1.0,-1.0,-1.0,-1.0,-1.0,0.0,unknown,-1.0,unknown,-1.0,-1.0,unknown,unknown,unknown,0,0,0,0,1,35.248558916429076,25.21971421208995,3.870568897374941,64.33884202589397
Dim_Far_20260114_211800_T18,1736916007.96,199,Dim,Far,4,4,1280,720,25.52214660294001,0,0,diana,1,1,0.6135221488489702,101.50671470306355,245.51266868988228,186.1559200369536,457.7064336740675,17962.033582717504,diana,0.9313073456127934,chen,0.7978641884754746,0.1334431571373188,diana,diana,diana,1,1,1,0,0,15.516656465954004,13.715979798942477,6.056563227039643,35.289199491936124
Dim_Far_20260114_211800_T18,1736916007.96,199,Dim,Far,4,4,1280,720,25.52214660294001,0,1,chen,-1,0,-1.0,-1.0,-1.0,-1.0,-1.0,0.0,unknown,-1.0,unknown,-1.0,-1.0,unknown,unknown,unknown,0,0,0,0,1,15.516656465954004,13.715979798942477,6.056563227039643,35.289199491936124
Dim_Far_20260114_211800_T18,1736916007.96,199,Dim,Far,4,4,1280,720,25.52214660294001,0,2,alice,3,1,0.753241643008804,746.1040679865591,209.41097663984633,840.9620762679099,399.94061359442776,18073.261880080438,chen,0.7815006401744468,alice,0.7320079536326541,0.04949268654179262,chen,chen,chen,1,0,0,1,0,15.516656465954004,13.715979798942477,6.056563227039643,35.289199491936124
Dim_Far_20260114_211800_T18,1736916007.96,199,Dim,Far,4,4,1280,720,25.52214660294001,0,3,bob,4,1,0.7197152588455347,1044.5927956013193,177.4376741714525,1158.5013122510113,385.3115681818705,23678.606916922017,bob,0.8747581067568235,chen,0.7050047213926907,0.16975338536413287,bob,bob,bob,3,1,1,0,0,15.516656465954004,13.715979798942477,6.056563227039643,35.289199491936124
Dim_Far_20260114_211800_T18,1736916008.0,200,Dim,Far,4,4,1280,720,24.764886313357078,1,0,diana,1,1,0.7810824366956903,113.13535017056742,280.17051991439365,221.4812611784681,485.01105121386246,22193.63397498334,diana,0.7995298217081214,bob,0.693626836050724,0.10590298565739742,diana,diana,diana,3,1,1,0,0,13.845811387441971,8.329668989416987,3.5726168938938887,25.748097270752847
Dim_Far_20260114_211800_T18,1736916008.0,200,Dim,Far,4,4,1280,720,24.764886313357078,1,1,chen,2,1,0.8538215402078894,440.07094737133485,293.9052163755032,542.3600200375575,441.9290137121445,15141.216962097928,diana,0.5496214156835356,bob,0.48603713724567965,0.06358427843785597,unknown,unknown,unknown,0,0,0,0,0,13.845811387441971,8.329668989416987,3.5726168938938887,25.748097270752847
Dim_Far_20260114_211800_T18,1736916008.0,200,Dim,Far,4,4,1280,720,24.764886313357078,1,2,alice,3,1,0.9083382560160811,747.3988913442256,198.87642609621236,856.5111270479681,361.9831036248651,17796.93424336068,alice,0.8520675207665028,bob,0.6980020927854964,0.15406542798100642,alice,alice,alice,2,1,1,0,0,13.845811387441971,8.329668989416987,3.5726168938938887,25.748097270752847
Dim_Far_20260114_211800_T18,1736916008.0,200,Dim,Far,4,4,1280,720,24.764886313357078,1,3,bob,4,1,0.7551125487303069,1075.2410901229293,317.91601152058433,1183.685661106803,453.94436383762445,14751.536308664643,alice,0.685438260468,diana,0.6146298147656575,0.07080844570234257,unknown,unknown,unknown,0,0,0,0,0,13.845811387441971,8.329668989416987,3.5726168938938887,25.748097270752847
Dim_Far_20260114_211800_T18,1736916008.04,201,Dim,Far,4,4,1280,720,25.267933386749192,1,0,diana,1,1,0.8598801245175135,107.17366760000297,343.163176304661,201.37062249376837,512.4663174034255,15947.840345453114,alice,0.6017064197435571,chen,0.5736505296912426,0.02805589005231446,unknown,unknown,unknown,0,0,0,0,0,23.590089824561744,16.09112815619886,8.592533011613003,48.27375099237361
Dim_Far_20260114_211800_T18,1736916008.04,201,Dim,Far,4,4,1280,720,25.267933386749192,1,1,chen,2,1,0.8712709531959953,400.3519464057795,284.9702288319468,489.39089550969754,418.28658508550444,11870.348259180326,bob,0.7362852491855721,diana,0.6815494344568368,0.054735814728735344,unknown,unknown,unknown,0,0,0,0,0,23.590089824561744,16.09112815619886,8.592533011613003,48.27375099237361
Dim_Far_20260114_211800_T18,1736916008.04,201,Dim,Far,4,4,1280,720,25.267933386749192,1,2,alice,-1,0,-1.0,-1.0,-1.0,-1.0,-1.0,0.0,unknown,-1.0,unknown,-1.0,-1.0,unknown,unknown,unknown,0,0,0,0,1,23.590089824561744,16.09112815619886,8.592533011613003,48.27375099237361
Dim_Far_20260114_211800_T18,1736916008.04,201,Dim,Far,4,4,1280,720,25.267933386749192,1,3,bob,4,1,0.819316812516907,1084.7184018303149,206.52977251956594,1176.0506484827495,340.3725815420875,12224.164446299641,alice,0.8661841124909422,bob,0.7867829902937871,0.07940112219715512,alice,alice,alice,1,0,0,1,0,23.590089824561744,16.09112815619886,8.592533011613003,48.27375099237361
Dim_Far_20260114_211800_T18,1736916008.08,202,Dim,Far,4,4,1280,720,25.764323407218804,0,0,diana,1,1,0.7208050231281498,123.96237762513142,280.9426711206379,217.96668426078907,444.7562798075327,15399.184702096487,diana,0.8813693362347459,alice,0.7951989915095894,0.0861703447251565,diana,diana,diana,2,1,1,0,0,28.117607714780934,17.21916514305284,6.311120396880963,51.64789325471474
Dim_Far_20260114_211800_T18,1736916008.08,202,Dim,Far,4,4,1280,720,25.764323407218804,0,1,chen,2,1,0.785532268266776,428.78079347468974,232.9958098929534,517.4084062043182,438.9322739110336,18251.657179903483,chen,0.8405467953017729,bob,0.7525134657171701,0.08803332958460275,chen,chen,chen,3,1,1,0,0,28.117607714780934,17.21916514305284,6.311120396880963,51.64789325471474
Dim_Far_20260114_211800_T18,1736916008.08,202,Dim,Far,4,4,1280,720,25.764323407218804,0,2,alice,3,1,0.8767922196385396,751.0178117947069,263.3419994664378,862.8107129672821,446.2727508001448,20450.359405274052,alice,0.9173526371922569,diana,0.8397444872830009,0.07760814990925602,alice,alice,alice,2,1,1,0,0,28.117607714780934,17.21916514305284,6.311120396880963,51.64789325471474
Dim_Far_20260114_211800_T18,1736916008.08,202,Dim,Far,4,4,1280,720,25.764323407218804,0,3,bob,4,1,0.7655659022215698,1057.9427662302253,281.1731877866569,1145.1608439100107,423.6478414743022,12426.365412729576,chen,0.7129723326619599,bob,0.6459831918913295,0.06698914077063045,unknown,unknown,unknown,0,0,0,0,0,28.117607714780934,17.21916514305284,6.311120396880963,51.64789325471474
Dim_Far_20260114_211800_T18,1736916008.12,203,Dim,Far,4,4,1280,720,23.120498269099556,1,0,diana,1,1,0.7137087147126439,73.26180521716395,237.5971369205541,168.29286064126433,397.04831553537065,15152.813792382758,diana,0.8410300932164357,chen,0.7676245127498281,0.07340558046660761,diana,diana,diana,1,1,1,0,0,24.20817391541321,12.061692296630248,15.200673511765299,51.470539723808756
Dim_Far_20260114_211800_T18,1736916008.12,203,Dim,Far,4,4,1280,720,23.120498269099556,1,1,chen,2,1,0.833437346047523,433.8813744271241,217.60617583833908,548.6685854841505,421.8891199375667,23449.06941966877,chen,0.9346872038645402,diana,0.7599809153738365,0.1747062884907037,chen,chen,chen,2,1,1,0,0,24.20817391541321,12.061692296630248,15.200673511765299,51.470539723808756
Dim_Far_20260114_211800_T18,1736916008.12,203,Dim,Far,4,4,1280,720,23.120498269099556,1,2,alice,3,1,0.7318947310636942,748.7769864949834,261.61487782720565,829.3671783309713,419.4809981888101,12722.460924344869,alice,0.6543080233472578,bob,0.6131530617991422,0.0411549615481156,unknown,unknown,unknown,0,0,0,0,0,24.20817391541321,12.061692296630248,15.200673511765299,51.470539723808756
Dim_Far_20260114_211800_T18,1736916008.12,203,Dim,Far,4,4,1280,720,23.120498269099556,1,3,bob,4,1,0.8615292906891018,1063.1621366903655,229.39674411087378,1153.0545438669978,396.21555469869656,14995.74444608207,bob,0.8467277951081513,diana,0.7528299081185178,0.09389788698963353,bob,bob,bob,2,1,1,0,0,24.20817391541321,12.061692296630248,15.200673511765299,51.470539723808756
Dim_Far_20260114_211800_T18,1736916008.16,204,Dim,Far,4,4,1280,720,27.784219788966283,1,0,diana,1,1,0.6787018873410784,73.18923257941438,193.646030787983,160.8510911793581,347.6205854756405,13497.695641018732,diana,0.8586034981217873,alice,0.6947214279435638,0.16388207017822343,diana,diana,diana,2,1,1,0,0,13.041256727974408,9.12037523090061,2.4644019716418537,24.626033930516872
Dim_Far_20260114_211800_T18,1736916008.16,204,Dim,Far,4,4,1280,720,27.784219788966283,1,1,chen,2,1,0.7710427175010272,416.8171229244615,272.97792541977844,508.2134834522543,467.1264936619623,17744.47253901742,diana,0.7801412789119452,chen,0.7234070443740033,0.05673423453794191,diana,diana,diana,1,0,0,1,0,13.041256727974408,9.12037523090061,2.4644019716418537,24.626033930516872
Dim_Far_20260114_211800_T18,1736916008.16,204,Dim,Far,4,4,1280,720,27.784219788966283,1,2,alice,3,1,0.8765312333627531,771.7959496127694,227.24639969974703,862.903201041446,424.1937433923922,17943.33116001581,alice,0.8288435153091828,bob,0.7554837586064815,0.07335975670270123,alice,alice,alice,1,1,1,0,0,13.041256727974408,9.12037523090061,2.4644019716418537,24.626033930516872
Dim_Far_20260114_211800_T18,1736916008.16,204,Dim,Far,4,4,1280,720,27.784219788966283,1,3,bob,4,1,0.8455034725696344,1050.1529883310375,231.92917446625933,1160.1264499296892,443.3406638223278,23249.65330621337,alice,0.6771566803673974,bob,0.6322189461963404,0.04493773417105695,alice,alice,alice,1,0,0,1,0,13.041256727974408,9.12037523090061,2.4644019716418537,24.626033930516872
Dim_Far_20260114_211800_T18,1736916008.2,205,Dim,Far,4,4,1280,720,26.093794906282614,1,0,diana,1,1,0.8604906906712168,121.09505747420732,224.7211552234549,231.0790166696107,367.11942956587797,15661.525994772914,diana,0.8429866385089845,chen,0.754275886400448,0.08871075210853652,diana,diana,diana,2,1,1,0,0,18.297958601298106,11.553908679292983,7.542893002373118,37.39476028296421
Dim_Far_20260114_211800_T18,1736916008.2,205,Dim,Far,4,4,1280,720,26.093794906282614,1,1,chen,2,1,0.8303144664269833,448.6682739388747,262.5046601979592,536.3946698580919,472.92685075555596,18459.580399044706,chen,0.8652593096049133,diana,0.759790369280468,0.10546894032444531,chen,chen,chen,2,1,1,0,0,18.297958601298106,11.553908679292983,7.542893002373118,37.39476028296421
Dim_Far_20260114_211800_T18,1736916008.2,205,Dim,Far,4,4,1280,720,26.093794906282614,1,2,alice,3,1,0.6755567291352117,747.2390246292418,205.83910570084004,862.2004388342314,374.6466777149758,19406.35720725566,bob,0.7517097430333186,alice,0.6552572142949455,0.09645252873837307,bob,bob,bob,1,0,0,1,0,18.297958601298106,11.553908679292983,7.542893002373118,37.39476028296421
Dim_Far_20260114_211800_T18,1736916008.2,205,Dim,Far,4,4,1280,720,26.093794906282614,1,3,bob,-1,0,-1.0,-1.0,-1.0,-1.0,-1.0,0.0,unknown,-1.0,unknown,-1.0,-1.0,unknown,unknown,unknown,0,0,0,0,1,18.297958601298106,11.553908679292983,7.542893002373118,37.39476028296421
Dim_Far_20260114_211800_T18,1736916008.24,206,Dim,Far,4,4,1280,720,26.61494300869232,0,0,diana,1,1,0.7888183849562912,104.5910113603954,256.4485507852081,192.9652732087307,404.3210929991784,13068.126765796427,diana,0.8415487685602592,bob,0.7370738485747571,0.10447491998550207,diana,diana,diana,1,1,1,0,0,32.13973446935023,16.107575031130786,27.225837766805775,75.47314726728679
Dim_Far_20260114_211800_T18,1736916008.24,206,Dim,Far,4,4,1280,720,26.61494300869232,0,1,chen,-1,0,-1.0,-1.0,-1.0,-1.0,-1.0,0.0,unknown,-1.0,unknown,-1.0,-1.0,unknown,unknown,unknown,0,0,0,0,1,32.13973446935023,16.107575031130786,27.225837766805775,75.47314726728679
Dim_Far_20260114_211800_T18,1736916008.24,206,Dim,Far,4,4,1280,720,26.61494300869232,0,2,alice,3,1,0.8514408560055844,769.7538295402321,254.42453132802578,871.4915038171164,430.44009016040036,17907.413592151883,alice,0.7793508188018625,bob,0.6889192779071127,0.0904315408947498,alice,alice,alice,2,1,1,0,0,32.13973446935023,16.107575031130786,27.225837766805775,75.47314726728679
Dim_Far_20260114_211800_T18,1736916008.24,206,Dim,Far,4,4,1280,720,26.61494300869232,0,3,bob,-1,0,-1.0,-1.0,-1.0,-1.0,-1.0,0.0,unknown,-1.0,unknown,-1.0,-1.0,unknown,unknown,unknown,0,0,0,0,1,32.13973446935023,16.107575031130786,27.225837766805775,75.47314726728679
Dim_Far_20260114_211800_T18,1736916008.28,207,Dim,Far,4,4,1280,720,26.099196551931243,0,0,diana,1,1,0.7117428124576509,87.3815351132256,203.47304539582888,200.32776933604094,406.9898320299444,22986.45465145155,diana,0.8067068710942878,alice,0.7419300525070726,0.06477681858721529,diana,diana,diana,1,1,1,0,0,14.8446566269477,12.411892401821687,9.477280261551902,36.73382929032129
Dim_Far_20260114_211800_T18,1736916008.28,207,Dim,Far,4,4,1280,720,26.099196551931243,0,1,chen,2,1,0.7892298171081329,436.32461123726125,233.86247238902388,527.4413844111215,444.0004081889108,19147.090631501498,chen,0.8845898341577705,diana,0.7113405072581237,0.17324932689964678,chen,chen,chen,2,1,1,0,0,14.8446566269477,12.411892401821687,9.477280261551902,36.73382929032129
Dim_Far_20260114_211800_T18,1736916008.28,207,Dim,Far,4,4,1280,720,26.099196551931243,0,2,alice,3,1,0.7290958050807487,734.9009893214962,248.37853454668132,843.0055839209368,412.7287251986834,17767.010732775452,alice,0.8867528565268196,bob,0.772737583168579,0.11401527335824058,alice,alice,alice,1,1,1,0,0,14.8446566269477,12.411892401821687,9.477280261551902,36.73382929032129
Dim_Far_20260114_211800_T18,1736916008.28,207,Dim,Far,4,4,1280,720,26.099196551931243,0,3,bob,4,1,0.8885414415523755,1080.8576278188489,183.3744091511125,1167.9322934981933,376.2311564193531,16792.936792387874,diana,0.8018330149666605,bob,0.7659019270712815,0.03593108789537902,diana,diana,diana,1,0,0,1,0,14.8446566269477,12.411892401821687,9.477280261551902,36.73382929032129
Dim_Far_20260114_211800_T18,1736916008.32,208,Dim,Far,4,4,1280,720,22.114910123779776,1,0,diana,1,1,0.8260146749683042,121.93041129253822,237.02616534435077,225.65118958051784,429.4851280421249,19961.99339951037,chen,0.7205622579115772,diana,0.6605742651127089,0.05998799279886835,chen,chen,chen,1,0,0,1,0,25.44784766614528,20.106872304122305,12.980564121644484,58.53528409191207
Dim_Far_20260114_211800_T18,1736916008.32,208,Dim,Far,4,4,1280,720,22.114910123779776,1,1,chen,2,1,0.8042798903189393,456.60493725117385,261.8365998563736,583.9538762278962,409.4424043015381,18797.442582897267,chen,0.9016615186617354,diana,0.7551494636285614,0.146512055033174,chen,chen,chen,2,1,1,0,0,25.44784766614528,20.106872304122305,12.980564121644484,58.53528409191207
Dim_Far_20260114_211800_T18,1736916008.32,208,Dim,Far,4,4,1280,720,22.114910123779776,1,2,alice,-1,0,-1.0,-1.0,-1.0,-1.0,-1.0,0.0,unknown,-1.0,unknown,-1.0,-1.0,unknown,unknown,unknown,0,0,0,0,1,25.44784766614528,20.106872304122305,12.980564121644484,58.53528409191207
Dim_Far_20260114_211800_T18,1736916008.32,208,Dim,Far,4,4,1280,720,22.114910123779776,1,3,bob,4,1,0.6928418021751814,1060.4253065576142,254.19459826020517,1155.9875419984926,407.7405504205689,14673.194431342523,alice,0.8944234713687432,bob,0.8561049011167631,0.038318570251980155,alice,alice,alice,1,0,0,1,0,25.44784766614528,20.106872304122305,12.980564121644484,58.53528409191207
Dim_Far_20260114_211800_T18,1736916008.36,209,Dim,Far,4,4,1280,720,26.242592827333123,2,0,diana,1,1,0.8231969038459945,110.47790969505441,134.01263123613427,221.67815156037062,345.6205208047544,23530.84850063968,diana,0.9141663886426167,chen,0.825077361975189,0.08908902666742768,diana,diana,diana,3,1,1,0,0,13.836909994759258,9.422965325498106,15.511988084989673,38.77186340524704
Dim_Far_20260114_211800_T18,1736916008.36,209,Dim,Far,4,4,1280,720,26.242592827333123,2,1,chen,2,1,0.719202863078779,432.34404758997,286.51399094601487,524.9580793603609,437.9145796785229,14021.818934928386,chen,0.7371208381382074,bob,0.6833983002743907,0.053722537863816644,unknown,unknown,unknown,0,0,0,0,0,13.836909994759258,9.422965325498106,15.511988084989673,38.77186340524704
Dim_Far_20260114_211800_T18,1736916008.36,209,Dim,Far,4,4,1280,720,26.242592827333123,2,2,alice,-1,0,-1.0,-1.0,-1.0,-1.0,-1.0,0.0,unknown,-1.0,unknown,-1.0,-1.0,unknown,unknown,unknown,0,0,0,0,1,13.836909994759258,9.422965325498106,15.511988084989673,38.77186340524704
Dim_Far_20260114_211800_T18,1736916008.36,209,Dim,Far,4,4,1280,720,26.242592827333123,2,3,bob,4,1,0.8619688041443899,1056.540615837915,202.36210703250458,1176.567154629215,390.57667024959176,22590.742573063304,bob,0.8752930651336127,diana,0.7003871896194683,0.17490587551414438,bob,bob,bob,2,1,1,0,0,13.836909994759258,9.422965325498106,15.511988084989673,38.77186340524704
Dim_Far_20260114_211800_T18,1736916008.4,210,Dim,Far,4,4,1280,720,25.598682049608417,0,0,diana,1,1,0.7268575882990874,94.2486113285583,235.02721419164374,186.4732719377509,380.5307702044659,13419.016070713169,alice,0.6317573646558139,diana,0.566491006519956,0.0652663581358579,unknown,unknown,unknown,0,0,0,0,0,10.508856841250614,6.16469269306755,9.454486503866885,26.128036038185048
Dim_Far_20260114_211800_T18,1736916008.4,210,Dim,Far,4,4,1280,720,25.598682049608417,0,1,chen,2,1,0.8247752824230105,402.80494379560554,257.9694520088924,525.4534196174391,387.64398361289034,15904.383654140529,chen,0.8938430591329518,alice,0.8092806308725319,0.08456242826041993,chen,chen,chen,2,1,1,0,0,10.508856841250614,6.16469269306755,9.454486503866885,26.128036038185048
Dim_Far_20260114_211800_T18,1736916008.4,210,Dim,Far,4,4,1280,720,25.598682049608417,0,2,alice,3,1,0.8031772927833415,744.0412154232495,292.0286327561822,855.8077226237147,425.8211828410963,14953.526012434148,alice,0.8460075549508447,diana,0.7075357538086049,0.13847180114223978,alice,alice,alice,3,1,1,0,0,10.508856841250614,6.16469269306755,9.454486503866885,26.128036038185048
Dim_Far_20260114_211800_T18,1736916008.4,210,Dim,Far,4,4,1280,720,25.598682049608417,0,3,bob,4,1,0.8467831101054406,1050.7546400923202,214.32959704740682,1149.376521708004,423.03002493939704,20582.42889270642,bob,0.9446735981702223,alice,0.7950692447186789,0.14960435345154344,bob,bob,bob,1,1,1,0,0,10.508856841250614,6.16469269306755,9.454486503866885,26.128036038185048
Dim_Far_20260114_211800_T18,1736916008.44,211,Dim,Far,4,4,1280,720,23.525539436122802,1,0,diana,1,1,0.7619855184627298,129.88427590484375,251.28655627386405,213.44333932436703,450.68516937110445,16661.561357557297,diana,0.7385561109067683,alice,0.6405224299962609,0.09803368091050746,diana,diana,diana,2,1,1,0,0,37.96492897810249,22.63821722906943,20.66969434272951,81.27284054990143
Dim_Far_20260114_211800_T18,1736916008.44,211,Dim,Far,4,4,1280,720,23.525539436122802,1,1,chen,2,1,0.8961502617514441,420.6108977345421,177.3156208087962,503.1642129922648,366.4181520317743,15611.040876083864,chen,0.8808145029833896,diana,0.79044606616689,0.09036843681649964,chen,chen,chen,1,1,1,0,0,37.96492897810249,22.63821722906943,20.66969434272951,81.27284054990143
Dim_Far_20260114_211800_T18,1736916008.44,211,Dim,Far,4,4,1280,720,23.525539436122802,1,2,alice,3,1,0.7284625393736444,782.8398244359784,188.10202040375185,874.4115547713135,376.30637381845264,17234.19829882709,alice,0.9080460644329156,chen,0.7401470578997262,0.16789900653318934,alice,alice,alice,2,1,1,0,0,37.96492897810249,22.63821722906943,20.66969434272951,81.27284054990143
Dim_Far_20260114_211800_T18,1736916008.44,211,Dim,Far,4,4,1280,720,23.525539436122802,1,3,bob,4,1,0.7634302296996017,1062.067919655401,253.96486424698077,1184.5140898044083,452.00262723124575,24248.965622300075,bob,0.8643887817237847,diana,0.7194963063575707,0.14489247536621408,bob,bob,bob,1,1,1,0,0,37.96492897810249,22.63821722906943,20.66969434272951,81.27284054990143
Dim_Far_20260114_211800_T18,1736916008.48,212,Dim,Far,4,4,1280,720,25.518767339714607,4,0,diana,1,1,0.9696516590230154,101.67664043291066,234.4037885371373,194.90044657994125,369.63859229138734,12607.10312951793,diana,0.68571855067459,bob,0.6512297590846412,0.034488791589948775,unknown,unknown,unknown,0,0,0,0,0,25.130956328757918,24.743846287608452,12.316028208451296,62.19083082481767
Dim_Far_20260114_211800_T18,1736916008.48,212,Dim,Far,4,4,1280,720,25.518767339714607,4,1,chen,2,1,0.8036185002970813,414.042833476552,154.35148168932912,523.6360192002882,308.6867172063435,16914.090129732715,chen,0.7843686952079452,bob,0.6772116609654499,0.10715703424249523,chen,chen,chen,2,1,1,0,0,25.130956328757918,24.743846287608452,12.316028208451296,62.19083082481767
Dim_Far_20260114_211800_T18,1736916008.48,212,Dim,Far,4,4,1280,720,25.518767339714607,4,2,alice,3,1,0.7930411750603021,774.3873777965755,219.98616861720058,880.8343528662069,406.7625087235364,19881.776418896134,alice,0.8136369764327565,chen,0.7216224331558597,0.09201454327689673,alice,alice,alice,2,1,1,0,0,25.130956328757918,24.743846287608452,12.316028208451296,62.19083082481767
Dim_Far_20260114_211800_T18,1736916008.48,212,Dim,Far,4,4,1280,720,25.518767339714607,4,3,bob,4,1,0.7609542063624323,1082.2633067051536,277.9151515626735,1175.2014657503375,420.88379285202416,13287.242322623528,bob,0.9064883619524786,chen,0.7558329843431253,0.15065537760935332,bob,bob,bob,1,1,1,0,0,25.130956328757918,24.743846287608452,12.316028208451296,62.19083082481767
Dim_Far_20260114_211800_T18,1736916008.52,213,Dim,Far,4,4,1280,720,24.616166655595578,1,0,diana,1,1,0.6747520578900041,120.43236591795039,287.35305914491676,225.46499463118454,455.87730656285373,17700.54470822538,diana,0.9111812311708333,chen,0.8010780045612214,0.11010322660961191,diana,diana,diana,3,1,1,0,0,11.295831610738327,7.349482197409912,2.7466264327907757,21.391940240939014
Dim_Far_20260114_211800_T18,1736916008.52,213,Dim,Far,4,4,1280,720,24.616166655595578,1,1,chen,2,1,0.7867821288767284,445.73779794783064,252.9551518115129,541.3725579634378,437.05545779036424,17606.38858108729,chen,0.7549151657288138,alice,0.6940787439613483,0.06083642176746551,unknown,unknown,unknown,0,0,0,0,0,11.295831610738327,7.349482197409912,2.7466264327907757,21.391940240939014
Dim_Far_20260114_211800_T18,1736916008.52,213,Dim,Far,4,4,1280,720,24.616166655595578,1,2,alice,3,1,0.8313122261428895,740.1915415998642,279.79999387343963,820.8786758731098,410.0675541709708,10510.916129175022,alice,0.8298195686939158,chen,0.7328046434020011,0.09701492529191469,alice,alice,alice,2,1,1,0,0,11.295831610738327,7.349482197409912,2.7466264327907757,21.391940240939014
Dim_Far_20260114_211800_T18,1736916008.52,213,Dim,Far,4,4,1280,720,24.616166655595578,1,3,bob,4,1,0.8301635422695502,1065.2968994666849,286.3762476144603,1146.2358517530288,484.06433594542676,16000.666748998638,chen,0.8012009279845227,bob,0.7539661244883937,0.04723480349612896,chen,chen,chen,2,0,0,1,0,11.295831610738327,7.349482197409912,2.7466264327907757,21.391940240939014
Dim_Far_20260114_211800_T18,1736916008.56,214,Dim,Far,4,4,1280,720,27.82344525133819,0,0,diana,1,1,0.8267095453451228,100.66762525802403,316.45141797259276,191.21684778635523,496.52347595904047,16305.384849749413,diana,0.91288187632745,bob,0.7781867958960373,0.13469508043141265,diana,diana,diana,2,1,1,0,0,35.43648926866447,23.162383271405993,8.702211409830014,67.30108394990047
Dim_Far_20260114_211800_T18,1736916008.56,214,Dim,Far,4,4,1280,720,27.82344525133819,0,1,chen,2,1,0.7726397360984918,452.36113931821683,299.8870954586942,547.5883155512504,510.9616744772614,20100.036134514467,chen,0.9186100379142951,bob,0.8068502639774207,0.11175977393687442,chen,chen,chen,3,1,1,0,0,35.43648926866447,23.162383271405993,8.702211409830014,67.30108394990047
Dim_Far_20260114_211800_T18,1736916008.56,214,Dim,Far,4,4,1280,720,27.82344525133819,0,2,alice,3,1,0.7246920006026882,769.3357264281993,270.7400110376334,874.04842230477,409.25422155621425,14504.196400615449,alice,0.9024945445939236,chen,0.8419504664984068,0.06054407809551687,alice,alice,alice,2,1,1,0,0,35.43648926866447,23.162383271405993,8.702211409830014,67.30108394990047
Dim_Far_20260114_211800_T18,1736916008.56,214,Dim,Far,4,4,1280,720,27.82344525133819,0,3,bob,-1,0,-1.0,-1.0,-1.0,-1.0,-1.0,0.0,unknown,-1.0,unknown,-1.0,-1.0,unknown,unknown,unknown,0,0,0,0,1,35.43648926866447,23.162383271405993,8.702211409830014,67.30108394990047
Dim_Far_20260114_211800_T18,1736916008.6,215,Dim,Far,4,4,1280,720,25.80533522273707,1,0,diana,1,1,0.7093163914752865,111.18731937432774,263.7282603471348,230.18190540539678,449.1887352300455,22068.792433817438,diana,0.839366945455162,chen,0.6971585959312976,0.1422083495238644,diana,diana,diana,2,1,1,0,0,22.700951312654507,8.310170190690966,10.532995474996403,41.544116978341876
Dim_Far_20260114_211800_T18,1736916008.6,215,Dim,Far,4,4,1280,720,25.80533522273707,1,1,chen,2,1,0.7842989022193874,442.66722091703025,188.40729401639007,549.645905134634,397.9273592500066,22414.180895878788,chen,0.903682895153821,diana,0.7961405835411604,0.1075423116126607,chen,chen,chen,2,1,1,0,0,22.700951312654507,8.310170190690966,10.532995474996403,41.544116978341876
Dim_Far_20260114_211800_T18,1736916008.6,215,Dim,Far,4,4,1280,720,25.80533522273707,1,2,alice,3,1,0.6873995945091191,747.2540992593356,300.6246644454835,843.1197011593365,451.0844330945266,14423.916283275403,alice,0.6528297270582276,bob,0.607405025096417,0.04542470196181059,unknown,unknown,unknown,0,0,0,0,0,22.700951312654507,8.310170190690966,10.532995474996403,41.544116978341876
Dim_Far_20260114_211800_T18,1736916008.6,215,Dim,Far,4,4,1280,720,25.80533522273707,1,3,bob,4,1,0.8156247788654352,1064.3457593739786,222.82422521057885,1164.7185772068187,430.6487160567685,20859.929760907347,bob,0.8241173307070873,alice,0.6983399291161484,0.12577740159093886,bob,bob,bob,2,1,1,0,0,22.700951312654507,8.310170190690966,10.532995474996403,41.544116978341876
Dim_Far_20260114_211800_T18,1736916008.64,216,Dim,Far,4,4,1280,720,21.366652889167774,0,0,diana,1,1,0.8340943285726229,95.39891042953757,269.9694348903484,199.94946651001283,426.20720603641445,16334.745854095238,diana,0.955546816908963,bob,0.868007659133758,0.08753915777520505,diana,diana,diana,1,1,1,0,0,14.166314747366274,7.188355502974874,14.56172173846142,35.916391988802566
Dim_Far_20260114_211800_T18,1736916008.64,216,Dim,Far,4,4,1280,720,21.366652889167774,0,1,chen,2,1,0.7870254926867918,416.1870842984616,254.28449951818257,533.8665147951174,440.3609752593529,21897.37369404571,chen,0.7942354214229808,alice,0.6255714550173288,0.16866396640565195,chen,chen,chen,2,1,1,0,0,14.166314747366274,7.188355502974874,14.56172173846142,35.916391988802566
Dim_Far_20260114_211800_T18,1736916008.64,216,Dim,Far,4,4,1280,720,21.366652889167774,0,2,alice,3,1,0.8127952944031661,758.9069574232833,301.1682819376444,847.7038948261179,438.33172234691284,12179.693431979244,alice,0.8263889990822137,diana,0.7351993647046035,0.0911896343776103,alice,alice,alice,2,1,1,0,0,14.166314747366274,7.188355502974874,14.56172173846142,35.916391988802566
Dim_Far_20260114_211800_T18,1736916008.64,216,Dim,Far,4,4,1280,720,21.366652889167774,0,3,bob,-1,0,-1.0,-1.0,-1.0,-1.0,-1.0,0.0,unknown,-1.0,unknown,-1.0,-1.0,unknown,unknown,unknown,0,0,0,0,1,14.166314747366274,7.188355502974874,14.56172173846142,35.916391988802566
Dim_Far_20260114_211800_T18,1736916008.68,217,Dim,Far,4,4,1280,720,24.32231285461661,1,0,diana,1,1,0.7809459678871057,105.68852424083464,241.21662027742678,218.2197204809492,386.43480271856396,16341.575785916368,diana,0.8297307868905754,chen,0.7305057669254034,0.09922501996517208,diana,diana,diana,3,1,1,0,0,33.234905768801205,17.199611913587326,14.773148712357013,65.20766639474554
Dim_Far_20260114_211800_T18,1736916008.68,217,Dim,Far,4,4,1280,720,24.32231285461661,1,1,chen,2,1,0.8732115058025159,398.4911681476352,231.8495328462465,523.3764046575328,443.68979524051963,26455.721271427567,chen,0.8955565827251576,diana,0.8333942564967418,0.062162326228415776,chen,chen,chen,3,1,1,0,0,33.234905768801205,17.199611913587326,14.773148712357013,65.20766639474554
Dim_Far_20260114_211800_T18,1736916008.68,217,Dim,Far,4,4,1280,720,24.32231285461661,1,2,alice,-1,0,-1.0,-1.0,-1.0,-1.0,-1.0,0.0,unknown,-1.0,unknown,-1.0,-1.0,unknown,unknown,unknown,0,0,0,0,1,33.234905768801205,17.199611913587326,14.773148712357013,65.20766639474554
Dim_Far_20260114_211800_T18,1736916008.68,217,Dim,Far,4,4,1280,720,24.32231285461661,1,3,bob,4,1,0.7186012428310441,1038.4986368314553,265.4274408398763,1163.1964407790197,450.55963825264035,23085.578457358635,bob,0.8697162260710768,diana,0.7812536691063714,0.0884625569647054,bob,bob,bob,2,1,1,0,0,33.234905768801205,17.199611913587326,14.773148712357013,65.20766639474554
Dim_Far_20260114_211800_T18,1736916008.72,218,Dim,Far,4,4,1280,720,25.278394893233376,2,0,diana,1,1,0.8695266343627139,129.75684004453956,297.5847082308885,211.491812842846,457.698761334343,13086.917775037444,diana,0.7872790504255426,bob,0.6571240240472709,0.1301550263782717,diana,diana,diana,2,1,1,0,0,38.38490457081199,24.084920988890666,21.00116848963333,83.47099404933599
Dim_Far_20260114_211800_T18,1736916008.72,218,Dim,Far,4,4,1280,720,25.278394893233376,2,1,chen,-1,0,-1.0,-1.0,-1.0,-1.0,-1.0,0.0,unknown,-1.0,unknown,-1.0,-1.0,unknown,unknown,unknown,0,0,0,0,1,38.38490457081199,24.084920988890666,21.00116848963333,83.47099404933599
Dim_Far_20260114_211800_T18,1736916008.72,218,Dim,Far,4,4,1280,720,25.278394893233376,2,2,alice,3,1,0.8295078187684412,732.5725575007255,301.4634928115823,850.8314050635115,441.4236720399078,16551.52950022276,alice,0.8943421224636934,diana,0.7322094066143254,0.16213271584936795,alice,alice,alice,2,1,1,0,0,38.38490457081199,24.084920988890666,21.00116848963333,83.47099404933599
Dim_Far_20260114_211800_T18,1736916008.72,218,Dim,Far,4,4,1280,720,25.278394893233376,2,3,bob,4,1,0.7759512950823653,1086.43292310997,276.944196817656,1179.909820405379,436.735945122584,14936.836844953581,chen,0.6398202913279735,bob,0.5824845169476129,0.05733577438036053,unknown,unknown,unknown,0,0,0,0,0,38.38490457081199,24.084920988890666,21.00116848963333,83.47099404933599
Dim_Far_20260114_211800_T18,1736916008.76,219,Dim,Far,4,4,1280,720,24.506314640943224,1,0,diana,1,1,0.9488062260987253,127.0197782853924,284.53245843100717,211.53124693413668,427.79843667868613,12107.6182291104,alice,0.7981165998047353,diana,0.7041648735091727,0.09395172629556259,alice,alice,alice,1,0,0,1,0,42.150824306678764,30.504005027780355,11.716089289608593,84.37091862406771
Dim_Far_20260114_211800_T18,1736916008.76,219,Dim,Far,4,4,1280,720,24.506314640943224,1,1,chen,2,1,0.8773307947728478,441.6875547267329,203.71914394221923,525.3197651113089,373.64498694727104,14211.273851974927,chen,0.6628343689133183,alice,0.6446510128203847,0.018183356092933534,unknown,unknown,unknown,0,0,0,0,0,42.150824306678764,30.504005027780355,11.716089289608593,84.37091862406771
Dim_Far_20260114_211800_T18,1736916008.76,219,Dim,Far,4,4,1280,720,24.506314640943224,1,2,alice,3,1,0.7570096859132073,775.0909175945662,237.64287618180603,872.0009476869279,368.27679552101165,12659.737054245566,chen,0.7048702414889515,alice,0.6758865647085524,0.028983676780399148,chen,chen,chen,1,0,0,1,0,42.150824306678764,30.504005027780355,11.716089289608593,84.37091862406771
Dim_Far_20260114_211800_T18,1736916008.76,219,Dim,Far,4,4,1280,720,24.506314640943224,1,3,bob,-1,0,-1.0,-1.0,-1.0,-1.0,-1.0,0.0,unknown,-1.0,unknown,-1.0,-1.0,unknown,unknown,unknown,0,0,0,0,1,42.150824306678764,30.504005027780355,11.716089289608593,84.37091862406771
Dim_Far_20260114_211800_T18,1736916008.8,220,Dim,Far,4,4,1280,720,25.077727058555197,3,0,diana,1,1,0.7079433406139195,102.78741019690838,171.28662480877983,226.16896468560597,369.431394945241,24447.40975324224,diana,0.9337896329036578,chen,0.7729470528473213,0.16084258005633645,diana,diana,diana,1,1,1,0,0,25.428411250449315,13.677833168757516,11.199775087669579,50.30601950687641
Dim_Far_20260114_211800_T18,1736916008.8,220,Dim,Far,4,4,1280,720,25.077727058555197,3,1,chen,2,1,0.9043238823561124,410.27112901233943,234.79257574950026,533.7309432819732,429.8243838566429,24078.59080557868,chen,0.7888621807211936,bob,0.6373959257004782,0.15146625502071542,chen,chen,chen,1,1,1,0,0,25.428411250449315,13.677833168757516,11.199775087669579,50.30601950687641
Dim_Far_20260114_211800_T18,1736916008.8,220,Dim,Far,4,4,1280,720,25.077727058555197,3,2,alice,3,1,0.8819892651086748,752.1690261448022,306.60440268088666,842.0622646433218,501.7613240450977,17543.287676829863,alice,0.7525440341026957,bob,0.602596592542029,0.14994744156066664,alice,alice,alice,2,1,1,0,0,25.428411250449315,13.677833168757516,11.199775087669579,50.30601950687641
Dim_Far_20260114_211800_T18,1736916008.8,220,Dim,Far,4,4,1280,720,25.077727058555197,3,3,bob,4,1,0.7157159454756841,1076.5845321751633,179.30614305360933,1193.1785731059047,391.4609852910259,24735.990359484324,bob,0.8287025924000457,chen,0.7124927952358862,0.11620979716415958,bob,bob,bob,3,1,1,0,0,25.428411250449315,13.677833168757516,11.199775087669579,50.30601950687641
Dim_Far_20260114_211800_T18,1736916008.84,221,Dim,Far,4,4,1280,720,26.35705589952046,2,0,diana,-1,0,-1.0,-1.0,-1.0,-1.0,-1.0,0.0,unknown,-1.0,unknown,-1.0,-1.0,unknown,unknown,unknown,0,0,0,0,1,20.387873080532383,13.31553824622531,16.975522962319793,50.67893428907749
Dim_Far_20260114_211800_T18,1736916008.84,221,Dim,Far,4,4,1280,720,26.35705589952046,2,1,chen,2,1,0.8868523167372089,436.4987361121323,237.94636462540979,529.712160020679,443.6546640920356,19174.774919688865,chen,0.6698945902207223,diana,0.6342140750126799,0.035680515208042385,unknown,unknown,unknown,0,0,0,0,0,20.387873080532383,13.31553824622531,16.975522962319793,50.67893428907749
Dim_Far_20260114_211800_T18,1736916008.84,221,Dim,Far,4,4,1280,720,26.35705589952046,2,2,alice,3,1,0.8460070443660328,738.5603727884841,287.8415928263096,846.8722567429538,422.8900751807221,14627.355548998383,alice,0.8593554275927995,chen,0.7843905552217,0.0749648723710995,alice,alice,alice,2,1,1,0,0,20.387873080532383,13.31553824622531,16.975522962319793,50.67893428907749
Dim_Far_20260114_211800_T18,1736916008.84,221,Dim,Far,4,4,1280,720,26.35705589952046,2,3,bob,4,1,0.8138806925515474,1060.945474143014,250.3398340525624,1152.0125829022236,431.5121198377003,16498.836253749745,bob,0.752990251095042,alice,0.7051392726023823,0.047850978492659735,unknown,unknown,unknown,0,0,0,0,0,20.387873080532383,13.31553824622531,16.975522962319793,50.67893428907749
Dim_Far_20260114_211800_T18,1736916008.88,222,Dim,Far,4,4,1280,720,26.666508259417107,0,0,diana,1,1,0.7602372135715546,105.34721076004843,242.6361099983576,196.51970107840873,455.78529432107007,19433.3419440289,diana,0.6587877595526451,chen,0.6282938529693639,0.030493906583281216,unknown,unknown,unknown,0,0,0,0,0,20.879046851860537,13.889206115458917,7.9433367441014955,42.71158971142095
Dim_Far_20260114_211800_T18,1736916008.88,222,Dim,Far,4,4,1280,720,26.666508259417107,0,1,chen,2,1,0.8735483653552432,444.43327156406997,237.2790946379055,538.0266642951412,429.3001966247065,17971.906410903754,chen,0.9589653385010776,diana,0.7923072012907488,0.16665813721032874,chen,chen,chen,2,1,1,0,0,20.879046851860537,13.889206115458917,7.9433367441014955,42.71158971142095
Dim_Far_20260114_211800_T18,1736916008.88,222,Dim,Far,4,4,1280,720,26.666508259417107,0,2,alice,3,1,0.8573138426824216,764.232173198511,223.97613125616513,869.7940738704156,428.84501630917725,21626.348894729905,alice,0.8015603677099677,chen,0.6777801006280022,0.12378026708196554,alice,alice,alice,2,1,1,0,0,20.879046851860537,13.889206115458917,7.9433367441014955,42.71158971142095
Dim_Far_20260114_211800_T18,1736916008.88,222,Dim,Far,4,4,1280,720,26.666508259417107,0,3,bob,4,1,0.7157989638715566,1077.1334046109791,300.100889902719,1168.5488210447934,435.01535395252415,12333.261914057797,diana,0.6906906696209179,bob,0.6167780118260476,0.07391265779487022,diana,diana,diana,1,0,0,1,0,20.879046851860537,13.889206115458917,7.9433367441014955,42.71158971142095
Dim_Far_20260114_211800_T18,1736916008.92,223,Dim,Far,4,4,1280,720,24.32421697604258,1,0,diana,1,1,0.7165744854360312,129.78347291526947,205.6697428985166,246.1964268785152,355.74448851571515,17470.64445258075,diana,0.8836650862146723,chen,0.747411853396734,0.13625323281793833,diana,diana,diana,1,1,1,0,0,15.463971911790999,10.893791823788339,11.45575954637677,37.81352328195611
Dim_Far_20260114_211800_T18,1736916008.92,223,Dim,Far,4,4,1280,720,24.32421697604258,1,1,chen,2,1,0.6948390953177233,435.378399589361,345.1195869993287,524.4606083473018,536.6524751747548,17062.172728454643,diana,0.8769584664136322,chen,0.7810697006156543,0.09588876579797789,diana,diana,diana,1,0,0,1,0,15.463971911790999,10.893791823788339,11.45575954637677,37.81352328195611
Dim_Far_20260114_211800_T18,1736916008.92,223,Dim,Far,4,4,1280,720,24.32421697604258,1,2,alice,3,1,0.899836615123717,748.1715206215274,161.40466474642193,853.338468515582,346.92314289027547,19510.412124338953,bob,0.881559931351661,alice,0.7961297935882303,0.08543013776343067,bob,bob,bob,1,0,0,1,0,15.463971911790999,10.893791823788339,11.45575954637677,37.81352328195611
Dim_Far_20260114_211800_T18,1736916008.92,223,Dim,Far,4,4,1280,720,24.32421697604258,1,3,bob,4,1,0.7647065933994096,1077.1587513192035,255.40787347206594,1185.8891717747297,401.72224501168375,15908.823136188721,bob,0.8709407031102401,chen,0.7743547944704159,0.09658590863982419,bob,bob,bob,2,1,1,0,0,15.463971911790999,10.893791823788339,11.45575954637677,37.81352328195611
Dim_Far_20260114_211800_T18,1736916008.96,224,Dim,Far,4,4,1280,720,24.32387927043922,2,0,diana,1,1,0.9495993840996811,117.48443497629893,182.57136589987897,211.4864329170312,363.73640113681074,17029.87526927475,diana,0.8949209309469577,chen,0.7215014919159922,0.17341943903096546,diana,diana,diana,1,1,1,0,0,22.498885216397785,16.62146855021673,3.726600301518367,42.84695406813288
Dim_Far_20260114_211800_T18,1736916008.96,224,Dim,Far,4,4,1280,720,24.32387927043922,2,1,chen,2,1,0.6866800284077914,427.39353398141674,305.039784434249,511.2602433256981,447.90752081644473,11981.846921841026,bob,0.7250230363633037,diana,0.6881085802374327,0.036914456125870965,unknown,unknown,unknown,0,0,0,0,0,22.498885216397785,16.62146855021673,3.726600301518367,42.84695406813288
Dim_Far_20260114_211800_T18,1736916008.96,224,Dim,Far,4,4,1280,720,24.32387927043922,2,2,alice,3,1,0.674537154471712,721.3353208477173,245.9552451254479,828.5341095360424,421.62046751031784,18831.099054323302,alice,0.8458517947373966,diana,0.689121872337982,0.15672992239941452,alice,alice,alice,1,1,1,0,0,22.498885216397785,16.62146855021673,3.726600301518367,42.84695406813288
Dim_Far_20260114_211800_T18,1736916008.96,224,Dim,Far,4,4,1280,720,24.32387927043922,2,3,bob,4,1,0.9186201092418884,1072.1777608452574,245.71859615888462,1171.9730620062744,378.2648833609931,13227.496649109076,bob,0.6154253706803985,diana,0.5859214476067796,0.029503923073618932,unknown,unknown,unknown,0,0,0,0,0,22.498885216397785,16.62146855021673,3.726600301518367,42.84695406813288
Dim_Far_20260114_211800_T18,1736916009.0,225,Dim,Far,4,4,1280,720,24.058584807246213,2,0,diana,1,1,0.7737791847637309,120.96548657699215,197.41371342709726,225.35739065223459,402.91073408681075,21452.225268456925,diana,0.9294494862059974,chen,0.8114455147388865,0.11800397146711095,diana,diana,diana,1,1,1,0,0,10.163237413124453,9.593646027718368,6.036613039172092,25.793496480014912
Dim_Far_20260114_211800_T18,1736916009.0,225,Dim,Far,4,4,1280,720,24.058584807246213,2,1,chen,2,1,0.8442528939266066,393.5013371910219,252.55452497602244,505.9770997722334,403.9243069251496,17025.43165647978,chen,0.8839623353284265,diana,0.7060835581907545,0.17787877713767197,chen,chen,chen,2,1,1,0,0,10.163237413124453,9.593646027718368,6.036613039172092,25.793496480014912
Dim_Far_20260114_211800_T18,1736916009.0,225,Dim,Far,4,4,1280,720,24.058584807246213,2,2,alice,3,1,0.7803448795633244,758.9444767591442,148.465238683341,842.5330649621799,319.8273829155364,14323.919707814186,alice,0.867653624553963,diana,0.7761260314435316,0.09152759311043135,alice,alice,alice,3,1,1,0,0,10.163237413124453,9.593646027718368,6.036613039172092,25.793496480014912
Dim_Far_20260114_211800_T18,1736916009.0,225,Dim,Far,4,4,1280,720,24.058584807246213,2,3,bob,4,1,0.8567480213291933,1043.8191826814746,246.87795585664125,1157.539573182673,430.44943408592064,20875.82018911589,bob,0.8136617437915169,alice,0.7441135259549227,0.06954821783659415,bob,bob,bob,3,1,1,0,0,10.163237413124453,9.593646027718368,6.036613039172092,25.793496480014912
Dim_Far_20260114_211800_T18,1736916009.04,226,Dim,Far,4,4,1280,720,25.83708381566375,2,0,diana,1,1,0.7089654969537728,122.32707678601005,165.397635287313,209.78457940758844,371.3877864984525,18015.38418956756,diana,0.7949542448791117,bob,0.6648913367791793,0.13006290809993237,diana,diana,diana,1,1,1,0,0,11.09379545478458,5.7645576712630655,11.406474128666755,28.2648272547144
Dim_Far_20260114_211800_T18,1736916009.04,226,Dim,Far,4,4,1280,720,25.83708381566375,2,1,chen,2,1,0.9203771193940165,438.66282832505607,184.53606535783786,529.7970477300544,397.3196338844531,19391.864419883044,chen,0.7402215297358512,bob,0.6280390883178855,0.11218244141796574,chen,chen,chen,3,1,1,0,0,11.09379545478458,5.7645576712630655,11.406474128666755,28.2648272547144
Dim_Far_20260114_211800_T18,1736916009.04,226,Dim,Far,4,4,1280,720,25.83708381566375,2,2,alice,3,1,0.6908650740487107,750.1385879788756,277.0235584748983,832.7211832889188,422.76270312363965,12035.516803358852,alice,0.8417438793185918,bob,0.7535301189422138,0.08821376037637807,alice,alice,alice,2,1,1,0,0,11.09379545478458,5.7645576712630655,11.406474128666755,28.2648272547144
Dim_Far_20260114_211800_T18,1736916009.04,226,Dim,Far,4,4,1280,720,25.83708381566375,2,3,bob,4,1,0.75324029646566,1075.0591457978912,221.6135836455853,1202.9552457356458,363.42244680415513,18136.80053458781,bob,0.9080958249350192,chen,0.8271882914939301,0.08090753344108903,bob,bob,bob,1,1,1,0,0,11.09379545478458,5.7645576712630655,11.406474128666755,28.2648272547144
Dim_Far_20260114_211800_T18,1736916009.08,227,Dim,Far,4,4,1280,720,25.23565208389193,1,0,diana,1,1,0.6133283925749815,124.96189924748307,197.4818622800259,241.75682263726446,340.939354917744,16755.106862312416,diana,0.7152178510291826,alice,0.7034787202982687,0.011739130730913816,unknown,unknown,unknown,0,0,0,0,0,23.977673358210374,12.4592952169528,11.21455924255287,47.651527817716044
Dim_Far_20260114_211800_T18,1736916009.08,227,Dim,Far,4,4,1280,720,25.23565208389193,1,1,chen,2,1,0.8818957078184262,437.8510527671262,188.29236370996625,519.9415471553099,333.7618473218437,11941.661828092801,chen,0.866079215567445,alice,0.7347493997509953,0.13132981581644976,chen,chen,chen,3,1,1,0,0,23.977673358210374,12.4592952169528,11.21455924255287,47.651527817716044
Dim_Far_20260114_211800_T18,1736916009.08,227,Dim,Far,4,4,1280,720,25.23565208389193,1,2,alice,3,1,0.8053600240169362,762.7747023749602,159.2573205980109,852.8136726527863,357.20293170579566,17822.818995159963,alice,0.8906633893181769,bob,0.7525280111032104,0.13813537821496646,alice,alice,alice,2,1,1,0,0,23.977673358210374,12.4592952169528,11.21455924255287,47.651527817716044
Dim_Far_20260114_211800_T18,1736916009.08,227,Dim,Far,4,4,1280,720,25.23565208389193,1,3,bob,4,1,0.8525349926221097,1075.0136482529633,192.15594256353506,1156.6856055028798,324.97261989763103,10847.397993306231,chen,0.8807634627778389,bob,0.8068955052396474,0.07386795753819153,chen,chen,chen,1,0,0,1,0,23.977673358210374,12.4592952169528,11.21455924255287,47.651527817716044
Dim_Far_20260114_211800_T18,1736916009.12,228,Dim,Far,4,4,1280,720,23.887372023285224,0,0,diana,1,1,0.6831736027351198,94.73331507380436,226.20364397589486,218.55112393564985,365.60703427073776,17260.622334220105,diana,0.8664128011358571,alice,0.7661388164317765,0.10027398470408055,diana,diana,diana,3,1,1,0,0,34.53127110617246,20.05146240673189,19.80067758890775,74.3834111018121
Dim_Far_20260114_211800_T18,1736916009.12,228,Dim,Far,4,4,1280,720,23.887372023285224,0,1,chen,-1,0,-1.0,-1.0,-1.0,-1.0,-1.0,0.0,unknown,-1.0,unknown,-1.0,-1.0,unknown,unknown,unknown,0,0,0,0,1,34.53127110617246,20.05146240673189,19.80067758890775,74.3834111018121
Dim_Far_20260114_211800_T18,1736916009.12,228,Dim,Far,4,4,1280,720,23.887372023285224,0,2,alice,3,1,0.8139002213161375,762.6268910100166,192.7900617819252,873.6042876888594,393.84039941190446,22312.043071577475,alice,0.8546352891928527,diana,0.7797422777608352,0.07489301143201754,alice,alice,alice,2,1,1,0,0,34.53127110617246,20.05146240673189,19.80067758890775,74.3834111018121
Dim_Far_20260114_211800_T18,1736916009.12,228,Dim,Far,4,4,1280,720,23.887372023285224,0,3,bob,4,1,0.7471755571916676,1054.9081783819247,148.23349805229043,1160.6968135210573,354.7240924534019,21844.358150761793,bob,0.9344662519844503,chen,0.7884878356429461,0.1459784163415042,bob,bob,bob,3,1,1,0,0,34.53127110617246,20.05146240673189,19.80067758890775,74.3834111018121
Dim_Far_20260114_211800_T18,1736916009.16,229,Dim,Far,4,4,1280,720,25.202669515127123,2,0,diana,1,1,0.9097144052468601,99.08860094062015,326.3742850576699,219.47508020785432,469.6052159728755,17243.067495050047,diana,0.9046570613000121,bob,0.8157621388870331,0.08889492241297903,diana,diana,diana,2,1,1,0,0,44.38725037223792,32.799793122834835,13.601210810243003,90.78825430531576
Dim_Far_20260114_211800_T18,1736916009.16,229,Dim,Far,4,4,1280,720,25.202669515127123,2,1,chen,2,1,0.7772884518365321,422.4873529013439,285.89852097776344,513.7776386675246,425.93204507634806,12783.700431805137,bob,0.8001053317484609,chen,0.7682048340390593,0.03190049770940162,bob,bob,bob,2,0,0,1,0,44.38725037223792,32.799793122834835,13.601210810243003,90.78825430531576
Dim_Far_20260114_211800_T18,1736916009.16,229,Dim,Far,4,4,1280,720,25.202669515127123,2,2,alice,3,1,0.8208992455067151,770.1547436423094,201.96239405892493,854.5010170655293,413.98064249913045,17882.949153649726,diana,0.7107936348677294,alice,0.682596987380994,0.02819664748673545,unknown,unknown,unknown,0,0,0,0,0,44.38725037223792,32.799793122834835,13.601210810243003,90.78825430531576
Dim_Far_20260114_211800_T18,1736916009.16,229,Dim,Far,4,4,1280,720,25.202669515127123,2,3,bob,4,1,0.8139083710741293,1088.0445830640806,289.3783408611061,1198.9875218611032,454.0114525708596,18264.881236378573,bob,0.8943056734233639,alice,0.8332100594089353,0.061095614014428534,bob,bob,bob,1,1,1,0,0,44.38725037223792,32.799793122834835,13.601210810243003,90.78825430531576
Dim_Far_20260114_211800_T18,1736916009.2,230,Dim,Far,4,4,1280,720,23.739941713051614,1,0,diana,1,1,0.883437376612948,117.49550954187812,182.91121370348137,229.17157943946512,368.00471554336434,20670.51484905992,diana,0.8878289702936406,bob,0.7467307908863717,0.14109817940726888,diana,diana,diana,2,1,1,0,0,19.86997410851864,15.129325738458961,11.812578539709262,46.811878386686864
Dim_Far_20260114_211800_T18,1736916009.2,230,Dim,Far,4,4,1280,720,23.739941713051614,1,1,chen,2,1,0.787675790093517,411.10887727791305,348.7764158963935,507.0331233027948,526.589715533722,17056.606700907123,chen,0.9026458124559458,alice,0.7528362317506578,0.14980958070528794,chen,chen,chen,1,1,1,0,0,19.86997410851864,15.129325738458961,11.812578539709262,46.811878386686864
Dim_Far_20260114_211800_T18,1736916009.2,230,Dim,Far,4,4,1280,720,23.739941713051614,1,2,alice,3,1,0.7210683468870297,732.2448270682611,217.71769211609077,845.6579076464417,395.6111324263927,20175.443080242036,bob,0.5766816675169542,chen,0.5177158706584899,0.05896579685846426,unknown,unknown,unknown,0,0,0,0,0,19.86997410851864,15.129325738458961,11.812578539709262,46.811878386686864
Dim_Far_20260114_211800_T18,1736916009.2,230,Dim,Far,4,4,1280,720,23.739941713051614,1,3,bob,4,1,0.716294104037777,1080.6133031527131,226.06561344812303,1177.9646422954258,367.0276039525553,13722.838543828837,bob,0.8546291511142088,diana,0.7160653042450551,0.13856384686915368,bob,bob,bob,1,1,1,0,0,19.86997410851864,15.129325738458961,11.812578539709262,46.811878386686864
Dim_Far_20260114_211800_T18,1736916009.24,231,Dim,Far,4,4,1280,720,21.553470328065604,0,0,diana,-1,0,-1.0,-1.0,-1.0,-1.0,-1.0,0.0,unknown,-1.0,unknown,-1.0,-1.0,unknown,unknown,unknown,0,0,0,0,1,26.54084135306652,17.843296664875766,5.4850767033694865,49.86921472131177
Dim_Far_20260114_211800_T18,1736916009.24,231,Dim,Far,4,4,1280,720,21.553470328065604,0,1,chen,2,1,0.8957297020000968,432.54317685470255,287.95778933078225,518.0580683536841,503.0665263294351,18395.00030492276,alice,0.8141786590336559,chen,0.7812150432822328,0.03296361575142315,alice,alice,alice,1,0,0,1,0,26.54084135306652,17.843296664875766,5.4850767033694865,49.86921472131177
Dim_Far_20260114_211800_T18,1736916009.24,231,Dim,Far,4,4,1280,720,21.553470328065604,0,2,alice,3,1,0.8327618355580064,736.3467107202429,216.28260544493247,848.9120077941385,389.6422414527038,19514.278927837193,alice,0.8425139641976956,bob,0.7074898202367148,0.13502414396098084,alice,alice,alice,3,1,1,0,0,26.54084135306652,17.843296664875766,5.4850767033694865,49.86921472131177
Dim_Far_20260114_211800_T18,1736916009.24,231,Dim,Far,4,4,1280,720,21.553470328065604,0,3,bob,4,1,0.9296847866722274,1088.4695357928833,174.05519097808775,1183.8793623325384,362.1226663202155,17943.485200143274,bob,0.8211266745632659,chen,0.691800276144399,0.12932639841886695,bob,bob,bob,2,1,1,0,0,26.54084135306652,17.843296664875766,5.4850767033694865,49.86921472131177
Dim_Far_20260114_211800_T18,1736916009.28,232,Dim,Far,4,4,1280,720,26.256979085557397,3,0,diana,1,1,0.7786576702272716,91.76877805076904,279.88602306856217,175.29265592739497,412.26386565780126,11056.710757994817,diana,0.8057040279111697,alice,0.6311095756056264,0.17459445230554327,diana,diana,diana,1,1,1,0,0,14.811633647400315,9.927521713678749,2.8062052752929993,27.545360636372063
Dim_Far_20260114_211800_T18,1736916009.28,232,Dim,Far,4,4,1280,720,26.256979085557397,3,1,chen,2,1,0.6591801559880017,413.95418796476235,227.7550914527797,521.0640745935191,443.45133570775823,23103.20026839937,chen,0.6397215713140246,diana,0.6041172739493939,0.03560429736463078,unknown,unknown,unknown,0,0,0,0,0,14.811633647400315,9.927521713678749,2.8062052752929993,27.545360636372063
Dim_Far_20260114_211800_T18,1736916009.28,232,Dim,Far,4,4,1280,720,26.256979085557397,3,2,alice,-1,0,-1.0,-1.0,-1.0,-1.0,-1.0,0.0,unknown,-1.0,unknown,-1.0,-1.0,unknown,unknown,unknown,0,0,0,0,1,14.811633647400315,9.927521713678749,2.8062052752929993,27.545360636372063
Dim_Far_20260114_211800_T18,1736916009.28,232,Dim,Far,4,4,1280,720,26.256979085557397,3,3,bob,4,1,0.605510564253743,1081.8531458478924,300.4027657155599,1196.9340087703154,462.27089914590636,18627.924474806172,bob,0.7559822140108969,alice,0.7199555745231883,0.03602663948770868,unknown,unknown,unknown,0,0,0,0,0,14.811633647400315,9.927521713678749,2.8062052752929993,27.545360636372063
Dim_Far_20260114_211800_T18,1736916009.32,233,Dim,Far,4,4,1280,720,27.070509644427343,0,0,diana,1,1,0.7504576065321578,117.371597152796,208.86402910631767,232.96284548450203,361.2322579597754,17612.433779262246,diana,0.8256124655373781,bob,0.7108328892307146,0.11477957630666347,diana,diana,diana,2,1,1,0,0,19.530400012041568,13.954265605645931,17.308552418648283,50.79321803633578
Dim_Far_20260114_211800_T18,1736916009.32,233,Dim,Far,4,4,1280,720,27.070509644427343,0,1,chen,2,1,0.6997674692710811,442.8598991035882,269.5315056928524,570.8573362057238,450.6414154894328,23181.60428776124,bob,0.6894003858749138,diana,0.6642800602510677,0.02512032562384614,unknown,unknown,unknown,0,0,0,0,0,19.530400012041568,13.954265605645931,17.308552418648283,50.79321803633578
Dim_Far_20260114_211800_T18,1736916009.32,233,Dim,Far,4,4,1280,720,27.070509644427343,0,2,alice,3,1,0.8493021830561795,727.3913847835446,248.21068188921242,823.1691820201949,443.35123858904035,18690.132672243173,alice,0.7972374937979001,chen,0.6474349646156595,0.14980252918224057,alice,alice,alice,1,1,1,0,0,19.530400012041568,13.954265605645931,17.308552418648283,50.79321803633578
Dim_Far_20260114_211800_T18,1736916009.32,233,Dim,Far,4,4,1280,720,27.070509644427343,0,3,bob,4,1,0.7313289089004399,1080.9782457385313,231.77456549091215,1201.3953893368734,431.6256735701076,24065.499579860272,bob,0.9077923871749013,alice,0.749081009959343,0.15871137721555828,bob,bob,bob,2,1,1,0,0,19.530400012041568,13.954265605645931,17.308552418648283,50.79321803633578
Dim_Far_20260114_211800_T18,1736916009.36,234,Dim,Far,4,4,1280,720,23.32323505945778,0,0,diana,1,1,0.8485929416383811,115.68079388942948,218.66812591511365,220.47804354442445,351.9817944297226,13970.905801748715,diana,0.8058367517456722,alice,0.7168912335024114,0.0889455182432608,diana,diana,diana,1,1,1,0,0,16.809741211225287,13.268586323926517,9.93072339955867,40.00905093471047
Dim_Far_20260114_211800_T18,1736916009.36,234,Dim,Far,4,4,1280,720,23.32323505945778,0,1,chen,2,1,0.7588180649044725,440.6880855087572,203.76281375558597,541.6540666653557,343.54823954695485,14113.57266641845,chen,0.867994492253384,alice,0.7366784417980188,0.1313160504553652,chen,chen,chen,2,1,1,0,0,16.809741211225287,13.268586323926517,9.93072339955867,40.00905093471047
Dim_Far_20260114_211800_T18,1736916009.36,234,Dim,Far,4,4,1280,720,23.32323505945778,0,2,alice,-1,0,-1.0,-1.0,-1.0,-1.0,-1.0,0.0,unknown,-1.0,unknown,-1.0,-1.0,unknown,unknown,unknown,0,0,0,0,1,16.809741211225287,13.268586323926517,9.93072339955867,40.00905093471047
Dim_Far_20260114_211800_T18,1736916009.36,234,Dim,Far,4,4,1280,720,23.32323505945778,0,3,bob,-1,0,-1.0,-1.0,-1.0,-1.0,-1.0,0.0,unknown,-1.0,unknown,-1.0,-1.0,unknown,unknown,unknown,0,0,0,0,1,16.809741211225287,13.268586323926517,9.93072339955867,40.00905093471047
Dim_Far_20260114_211800_T18,1736916009.4,235,Dim,Far,4,4,1280,720,26.39810870803713,0,0,diana,1,1,0.7687038497993138,108.59137081203234,264.6490081275412,236.55740473557677,416.69994953126997,19457.35592577642,diana,0.7661557717537135,alice,0.6078237884566167,0.15833198329709686,diana,diana,diana,3,1,1,0,0,19.165481352899416,12.73374178999293,5.930883702839218,37.830106845731564
Dim_Far_20260114_211800_T18,1736916009.4,235,Dim,Far,4,4,1280,720,26.39810870803713,0,1,chen,2,1,0.803273919392657,433.0976212561691,167.51924502569216,547.88034001945,369.4908557581946,23182.850592875686,diana,0.7645216809997757,chen,0.7445584953867399,0.019963185613035783,unknown,unknown,unknown,0,0,0,0,0,19.165481352899416,12.73374178999293,5.930883702839218,37.830106845731564
Dim_Far_20260114_211800_T18,1736916009.4,235,Dim,Far,4,4,1280,720,26.39810870803713,0,2,alice,3,1,0.7109769069358663,729.0763915435084,339.850802656795,827.2453779674299,535.4442684208209,19201.212285196416,alice,0.8194468078166991,diana,0.7543609196174532,0.06508588819924588,alice,alice,alice,2,1,1,0,0,19.165481352899416,12.73374178999293,5.930883702839218,37.830106845731564
Dim_Far_20260114_211800_T18,1736916009.4,235,Dim,Far,4,4,1280,720,26.39810870803713,0,3,bob,4,1,0.8501121029052564,1076.442191130041,292.44119031227183,1166.037170420892,503.86689750434755,18942.681857427535,bob,0.834981016998321,diana,0.7303035370345292,0.10467747996379173,bob,bob,bob,2,1,1,0,0,19.165481352899416,12.73374178999293,5.930883702839218,37.830106845731564
Dim_Far_20260114_211800_T18,1736916009.44,236,Dim,Far,4,4,1280,720,24.10697748374832,2,0,diana,1,1,0.9018928264416861,77.21047389854733,164.58748683011618,201.77520059294164,296.5912908021762,16443.01776440006,diana,0.9329815662078191,bob,0.8347784738621395,0.09820309234567959,diana,diana,diana,3,1,1,0,0,37.614692148552116,17.80612000234522,17.136453739266127,72.55726589016346
Dim_Far_20260114_211800_T18,1736916009.44,236,Dim,Far,4,4,1280,720,24.10697748374832,2,1,chen,2,1,0.8762345811527781,435.13542001642026,313.4439864237932,524.1805107655148,470.8713415505842,14018.133123655034,chen,0.8178509464532925,diana,0.7195489895624663,0.09830195689082621,chen,chen,chen,3,1,1,0,0,37.614692148552116,17.80612000234522,17.136453739266127,72.55726589016346
Dim_Far_20260114_211800_T18,1736916009.44,236,Dim,Far,4,4,1280,720,24.10697748374832,2,2,alice,3,1,0.8141322961751815,738.4384373076671,249.54403285934401,835.3819323203659,428.7984681019334,17377.551448944105,alice,0.803908422832829,chen,0.6772688226506096,0.12663960018221943,alice,alice,alice,3,1,1,0,0,37.614692148552116,17.80612000234522,17.136453739266127,72.55726589016346
Dim_Far_20260114_211800_T18,1736916009.44,236,Dim,Far,4,4,1280,720,24.10697748374832,2,3,bob,4,1,0.89085133191646,1061.5006097491296,207.46784232735143,1176.4000077721262,409.4278235937962,23205.08027225017,bob,0.8755933082032857,chen,0.7623775130041945,0.1132157951990912,bob,bob,bob,2,1,1,0,0,37.614692148552116,17.80612000234522,17.136453739266127,72.55726589016346
Dim_Far_20260114_211800_T18,1736916009.48,237,Dim,Far,4,4,1280,720,22.92264538388273,2,0,diana,1,1,0.7901276830853385,115.66160450691183,221.8297406841138,218.37769213743144,353.815670638237,13557.078347163342,diana,0.9392000002408559,chen,0.7856165436325506,0.1535834566083053,diana,diana,diana,2,1,1,0,0,20.360838455719307,16.16984618371743,14.869732668705225,51.40041730814196
Dim_Far_20260114_211800_T18,1736916009.48,237,Dim,Far,4,4,1280,720,22.92264538388273,2,1,chen,2,1,0.8236430176587942,441.4596681375054,130.20713754738523,538.4152569798227,265.1914962082831,13087.487978469917,alice,0.7007166098944204,chen,0.6765505021231671,0.024166107771253276,alice,alice,alice,1,0,0,1,0,20.360838455719307,16.16984618371743,14.869732668705225,51.40041730814196
Dim_Far_20260114_211800_T18,1736916009.48,237,Dim,Far,4,4,1280,720,22.92264538388273,2,2,alice,3,1,0.7603008451911799,719.1566539043378,213.76863395736834,835.4906677848636,389.64575737219184,20460.491716607034,alice,0.7890813656022941,diana,0.6875052874801431,0.10157607812215108,alice,alice,alice,2,1,1,0,0,20.360838455719307,16.16984618371743,14.869732668705225,51.40041730814196
Dim_Far_20260114_211800_T18,1736916009.48,237,Dim,Far,4,4,1280,720,22.92264538388273,2,3,bob,4,1,0.683590801736088,1018.9857259213279,285.90473148463286,1138.473955690433,425.709979412445,16705.08158732513,bob,0.9152283720632091,chen,0.8292774708688433,0.08595090119436577,bob,bob,bob,2,1,1,0,0,20.360838455719307,16.16984618371743,14.869732668705225,51.40041730814196
Dim_Far_20260114_211800_T18,1736916009.52,238,Dim,Far,4,4,1280,720,25.788024278707272,0,0,diana,-1,0,-1.0,-1.0,-1.0,-1.0,-1.0,0.0,unknown,-1.0,unknown,-1.0,-1.0,unknown,unknown,unknown,0,0,0,0,1,19.649737558093044,10.686845204906588,20.45100157664404,50.78758433964367
Dim_Far_20260114_211800_T18,1736916009.52,238,Dim,Far,4,4,1280,720,25.788024278707272,0,1,chen,2,1,0.7049759921129736,450.7548825969411,250.2233325068446,539.9467715231698,422.448250251539,15361.06573381365,alice,0.6813661185430516,diana,0.6234574378963439,0.05790868064670773,unknown,unknown,unknown,0,0,0,0,0,19.649737558093044,10.686845204906588,20.45100157664404,50.78758433964367
Dim_Far_20260114_211800_T18,1736916009.52,238,Dim,Far,4,4,1280,720,25.788024278707272,0,2,alice,3,1,0.8353539770290199,787.1049940274237,245.5543644714599,880.4600902627877,446.92184239347995,18798.680280082724,alice,0.8478146454945307,diana,0.7490717826591491,0.09874286283538158,alice,alice,alice,3,1,1,0,0,19.649737558093044,10.686845204906588,20.45100157664404,50.78758433964367
Dim_Far_20260114_211800_T18,1736916009.52,238,Dim,Far,4,4,1280,720,25.788024278707272,0,3,bob,-1,0,-1.0,-1.0,-1.0,-1.0,-1.0,0.0,unknown,-1.0,unknown,-1.0,-1.0,unknown,unknown,unknown,0,0,0,0,1,19.649737558093044,10.686845204906588,20.45100157664404,50.78758433964367
Dim_Far_20260114_211800_T18,1736916009.56,239,Dim,Far,4,4,1280,720,24.888163594588793,1,0,diana,1,1,0.7058883105157944,118.6312726206331,250.50053225339616,238.0287549946639,425.1806280860071,20856.363663268177,alice,0.7286024360894283,diana,0.6789090391941631,0.049693396895265196,alice,alice,alice,2,0,0,1,0,33.556192344739536,22.461664567492804,11.822526390673168,67.84038330290551
Dim_Far_20260114_211800_T18,1736916009.56,239,Dim,Far,4,4,1280,720,24.888163594588793,1,1,chen,2,1,0.775400670876941,404.10776506857826,185.6815225437346,525.1167366004712,380.3679600274771,23558.805571115856,chen,0.9448196357593782,alice,0.8111265633443248,0.13369307241505346,chen,chen,chen,2,1,1,0,0,33.556192344739536,22.461664567492804,11.822526390673168,67.84038330290551
Dim_Far_20260114_211800_T18,1736916009.56,239,Dim,Far,4,4,1280,720,24.888163594588793,1,2,alice,3,1,0.7943609862882028,755.6013376362885,289.53814739753824,864.1688719772835,433.6339895153897,15644.130287524442,alice,0.7872520376525355,chen,0.6353869708254817,0.1518650668270538,alice,alice,alice,2,1,1,0,0,33.556192344739536,22.461664567492804,11.822526390673168,67.84038330290551
Dim_Far_20260114_211800_T18,1736916009.56,239,Dim,Far,4,4,1280,720,24.888163594588793,1,3,bob,4,1,0.6693782193429083,1035.484241930294,268.15636281443005,1157.4473198136689,449.69957562533637,22141.569003254655,bob,0.8520668861279264,chen,0.7311872878317465,0.12087959829617989,bob,bob,bob,2,1,1,0,0,33.556192344739536,22.461664567492804,11.822526390673168,67.84038330290551
Dim_Far_20260114_211800_T18,1736916009.6,240,Dim,Far,4,4,1280,720,23.51100455978524,3,0,diana,1,1,0.9242913484773929,118.84472674915304,214.5561229207695,232.17318405160387,389.1780155755461,19789.629705800005,chen,0.755943722065345,diana,0.6956423081074106,0.060301413957934424,unknown,unknown,unknown,0,0,0,0,0,27.761191057340703,11.930435643085772,17.20117570155459,56.892802401981065
Dim_Far_20260114_211800_T18,1736916009.6,240,Dim,Far,4,4,1280,720,23.51100455978524,3,1,chen,2,1,0.7994634086081845,444.6661716491743,210.23667583483672,540.329044522923,415.1510200443169,19602.69486011909,bob,0.98,chen,0.8831357723793248,0.09686422762067515,bob,bob,bob,1,0,0,1,0,27.761191057340703,11.930435643085772,17.20117570155459,56.892802401981065
Dim_Far_20260114_211800_T18,1736916009.6,240,Dim,Far,4,4,1280,720,23.51100455978524,3,2,alice,3,1,0.7163965567350532,748.4466084572616,219.0378928015735,837.6219138929109,405.31868617297374,16611.646645689692,alice,0.7382160225382374,diana,0.7136170138013842,0.024599008736853167,unknown,unknown,unknown,0,0,0,0,0,27.761191057340703,11.930435643085772,17.20117570155459,56.892802401981065
Dim_Far_20260114_211800_T18,1736916009.6,240,Dim,Far,4,4,1280,720,23.51100455978524,3,3,bob,4,1,0.6677947868658205,1075.4503501153636,253.25357021634758,1176.4729456199166,406.31693866804335,15462.858757660022,bob,0.8703439626044784,diana,0.7430702405651114,0.12727372203936704,bob,bob,bob,3,1,1,0,0,27.761191057340703,11.930435643085772,17.20117570155459,56.892802401981065
Dim_Far_20260114_211800_T18,1736916009.64,241,Dim,Far,4,4,1280,720,26.59423047055033,0,0,diana,1,1,0.7393583941030369,117.96024398766502,300.9941934419345,200.51858372931758,431.4256105943872,10768.201250257398,diana,0.8890405481081003,chen,0.7445133542085212,0.14452719389957913,diana,diana,diana,2,1,1,0,0,20.94011588625688,17.642097231202907,13.491215903761969,52.073429021221756
Dim_Far_20260114_211800_T18,1736916009.64,241,Dim,Far,4,4,1280,720,26.59423047055033,0,1,chen,2,1,0.7391857335924525,441.4839838356151,168.0939631191833,556.5760880463779,368.56284168725995,23072.38506317183,chen,0.854087399659316,diana,0.6997987960015833,0.15428860365773267,chen,chen,chen,3,1,1,0,0,20.94011588625688,17.642097231202907,13.491215903761969,52.073429021221756
Dim_Far_20260114_211800_T18,1736916009.64,241,Dim,Far,4,4,1280,720,26.59423047055033,0,2,alice,3,1,0.8599332213711618,737.7985849806112,261.8543663814908,860.5132855103063,472.1274949213486,25803.603998210747,alice,0.843776192310302,diana,0.7560326700489306,0.08774352226137139,alice,alice,alice,2,1,1,0,0,20.94011588625688,17.642097231202907,13.491215903761969,52.073429021221756
Dim_Far_20260114_211800_T18,1736916009.64,241,Dim,Far,4,4,1280,720,26.59423047055033,0,3,bob,-1,0,-1.0,-1.0,-1.0,-1.0,-1.0,0.0,unknown,-1.0,unknown,-1.0,-1.0,unknown,unknown,unknown,0,0,0,0,1,20.94011588625688,17.642097231202907,13.491215903761969,52.073429021221756
Dim_Far_20260114_211800_T18,1736916009.68,242,Dim,Far,4,4,1280,720,25.308279692577074,0,0,diana,1,1,0.9508855712954454,108.61041657894208,255.50301448545457,224.83995693573814,391.178698467165,15769.522386788123,alice,0.7228869359480274,bob,0.6636767540282612,0.059210181919766236,unknown,unknown,unknown,0,0,0,0,0,29.989473125790035,23.247700372161226,20.581711481495873,73.81888497944713
Dim_Far_20260114_211800_T18,1736916009.68,242,Dim,Far,4,4,1280,720,25.308279692577074,0,1,chen,2,1,0.8397591752133481,398.4336547963458,212.08712690697342,513.4074530945932,356.7700001393651,16634.73948423189,chen,0.8351375981893625,alice,0.7188200094203279,0.11631758876903464,chen,chen,chen,2,1,1,0,0,29.989473125790035,23.247700372161226,20.581711481495873,73.81888497944713
Dim_Far_20260114_211800_T18,1736916009.68,242,Dim,Far,4,4,1280,720,25.308279692577074,0,2,alice,-1,0,-1.0,-1.0,-1.0,-1.0,-1.0,0.0,unknown,-1.0,unknown,-1.0,-1.0,unknown,unknown,unknown,0,0,0,0,1,29.989473125790035,23.247700372161226,20.581711481495873,73.81888497944713
Dim_Far_20260114_211800_T18,1736916009.68,242,Dim,Far,4,4,1280,720,25.308279692577074,0,3,bob,4,1,0.7944740081773544,1071.7554737257863,247.65438781561417,1173.9191458116345,419.93422255723306,17600.74054354688,bob,0.7942259731641115,chen,0.7149261309340154,0.07929984223009612,bob,bob,bob,1,1,1,0,0,29.989473125790035,23.247700372161226,20.581711481495873,73.81888497944713
Dim_Far_20260114_211800_T18,1736916009.72,243,Dim,Far,4,4,1280,720,27.289175836064093,0,0,diana,1,1,0.8245522627558439,93.17309381186291,205.3238613788675,203.90749597934243,374.44414439705974,18727.43343441446,diana,0.7823846253728134,bob,0.7562628369324863,0.026121788440327087,unknown,unknown,unknown,0,0,0,0,0,17.831527542981853,12.301695634921808,4.385689449687616,34.51891262759128
Dim_Far_20260114_211800_T18,1736916009.72,243,Dim,Far,4,4,1280,720,27.289175836064093,0,1,chen,2,1,0.7824124628195149,439.69527162993734,269.1763781368603,546.2367275966673,411.7271185168463,15187.563429219028,chen,0.8278197648930661,alice,0.7363267573602641,0.09149300753280198,chen,chen,chen,2,1,1,0,0,17.831527542981853,12.301695634921808,4.385689449687616,34.51891262759128
Dim_Far_20260114_211800_T18,1736916009.72,243,Dim,Far,4,4,1280,720,27.289175836064093,0,2,alice,3,1,0.6817536061467171,773.5994385876999,302.3193922009699,862.6048749189878,448.76330894738,13034.30470807703,chen,0.8068646272225303,alice,0.7840742892595102,0.022790337963020102,chen,chen,chen,2,0,0,1,0,17.831527542981853,12.301695634921808,4.385689449687616,34.51891262759128
Dim_Far_20260114_211800_T18,1736916009.72,243,Dim,Far,4,4,1280,720,27.289175836064093,0,3,bob,-1,0,-1.0,-1.0,-1.0,-1.0,-1.0,0.0,unknown,-1.0,unknown,-1.0,-1.0,unknown,unknown,unknown,0,0,0,0,1,17.831527542981853,12.301695634921808,4.385689449687616,34.51891262759128
Dim_Far_20260114_211800_T18,1736916009.76,244,Dim,Far,4,4,1280,720,24.528979648164437,1,0,diana,1,1,0.8389443356039575,92.34478536949362,176.92769770784156,207.04380120661457,390.9097888042974,24543.53525553265,diana,0.8391461299230101,chen,0.6743106310158927,0.16483549890711735,diana,diana,diana,2,1,1,0,0,18.213532471686634,15.165448714967983,6.700168794268901,40.07914998092352
Dim_Far_20260114_211800_T18,1736916009.76,244,Dim,Far,4,4,1280,720,24.528979648164437,1,1,chen,2,1,0.8795763005548856,437.2600035918633,319.8497619862176,548.7345822927675,450.5625240502627,14571.150081920965,chen,0.7865864112310483,bob,0.6152528386696952,0.17133357256135318,chen,chen,chen,2,1,1,0,0,18.213532471686634,15.165448714967983,6.700168794268901,40.07914998092352
Dim_Far_20260114_211800_T18,1736916009.76,244,Dim,Far,4,4,1280,720,24.528979648164437,1,2,alice,3,1,0.8492255129836301,740.3878376733413,208.00649711408738,866.5377251161059,386.1268163750421,22469.858226038727,alice,0.8896997116197431,bob,0.7926671305008005,0.09703258111894264,alice,alice,alice,3,1,1,0,0,18.213532471686634,15.165448714967983,6.700168794268901,40.07914998092352
Dim_Far_20260114_211800_T18,1736916009.76,244,Dim,Far,4,4,1280,720,24.528979648164437,1,3,bob,4,1,0.6429409257654953,1067.0968512954491,235.49290005440355,1157.3620331557563,450.0101932851826,19363.44248565711,bob,0.8708656670922515,alice,0.7834289768180702,0.08743669027418133,bob,bob,bob,2,1,1,0,0,18.213532471686634,15.165448714967983,6.700168794268901,40.07914998092352
Dim_Far_20260114_211800_T18,1736916009.8,245,Dim,Far,4,4,1280,720,23.538719834927253,0,0,diana,1,1,0.7464064323076058,95.2122755428717,261.5551684890905,191.1934094137664,416.7597654929388,14896.713202404631,diana,0.7921947530407732,alice,0.6196628614680955,0.1725318915726778,diana,diana,diana,2,1,1,0,0,29.09448908218596,24.303836662179695,7.470396677272998,60.86872242163865
Dim_Far_20260114_211800_T18,1736916009.8,245,Dim,Far,4,4,1280,720,23.538719834927253,0,1,chen,2,1,0.7346201523375704,412.9480509086787,293.3437167981891,522.0680308286114,446.48648954899306,16710.93628745055,chen,0.9494452496438881,alice,0.8538303996277598,0.09561485001612835,chen,chen,chen,2,1,1,0,0,29.09448908218596,24.303836662179695,7.470396677272998,60.86872242163865
Dim_Far_20260114_211800_T18,1736916009.8,245,Dim,Far,4,4,1280,720,23.538719834927253,0,2,alice,3,1,0.8449288802899563,747.1226321562237,224.20934879778375,873.8668449388863,392.40282153273904,21317.549296974124,alice,0.8276405373380171,diana,0.651729170466842,0.17591136687117515,alice,alice,alice,2,1,1,0,0,29.09448908218596,24.303836662179695,7.470396677272998,60.86872242163865
Dim_Far_20260114_211800_T18,1736916009.8,245,Dim,Far,4,4,1280,720,23.538719834927253,0,3,bob,4,1,0.6838402919285628,1051.314961812808,269.3577919076502,1141.4085995279977,422.57944361789174,13804.295979305483,chen,0.8799105992341116,bob,0.8244559176286191,0.055454681605492495,chen,chen,chen,1,0,0,1,0,29.09448908218596,24.303836662179695,7.470396677272998,60.86872242163865
Dim_Far_20260114_211800_T18,1736916009.84,246,Dim,Far,4,4,1280,720,23.56774057051061,2,0,diana,1,1,0.7177199113599012,108.87058013129268,263.24197312906705,223.85807634290512,442.13703529673006,20570.69528328032,diana,0.9389585690157429,bob,0.7668723460914192,0.17208622292432374,diana,diana,diana,2,1,1,0,0,27.468555937232505,11.250775484220407,14.516428272299025,53.23575969375194
Dim_Far_20260114_211800_T18,1736916009.84,246,Dim,Far,4,4,1280,720,23.56774057051061,2,1,chen,-1,0,-1.0,-1.0,-1.0,-1.0,-1.0,0.0,unknown,-1.0,unknown,-1.0,-1.0,unknown,unknown,unknown,0,0,0,0,1,27.468555937232505,11.250775484220407,14.516428272299025,53.23575969375194
Dim_Far_20260114_211800_T18,1736916009.84,246,Dim,Far,4,4,1280,720,23.56774057051061,2,2,alice,3,1,0.832763896732357,753.3438769062179,218.14866146957343,869.0329450380161,431.3545411179963,24665.58953674636,alice,0.842220822986158,chen,0.7539521455771844,0.0882686774089736,alice,alice,alice,1,1,1,0,0,27.468555937232505,11.250775484220407,14.516428272299025,53.23575969375194
Dim_Far_20260114_211800_T18,1736916009.84,246,Dim,Far,4,4,1280,720,23.56774057051061,2,3,bob,-1,0,-1.0,-1.0,-1.0,-1.0,-1.0,0.0,unknown,-1.0,unknown,-1.0,-1.0,unknown,unknown,unknown,0,0,0,0,1,27.468555937232505,11.250775484220407,14.516428272299025,53.23575969375194
Dim_Far_20260114_211800_T18,1736916009.88,247,Dim,Far,4,4,1280,720,27.251363492416637,1,0,diana,1,1,0.7919756027376623,95.81788686980506,337.48409056206685,185.78793762684955,479.1427366359618,12745.03557744253,diana,0.9817743075456928,alice,0.85816972808059,0.12360457946510284,diana,diana,diana,2,1,1,0,0,16.744349306070283,14.793233088101532,8.132847084750408,39.67042947892222
Dim_Far_20260114_211800_T18,1736916009.88,247,Dim,Far,4,4,1280,720,27.251363492416637,1,1,chen,2,1,0.7055873166489685,433.5718550078194,236.10295395330206,521.1683017452461,389.27851026313374,13417.634459769879,chen,0.8111751311661113,bob,0.7062066000952272,0.10496853107088411,chen,chen,chen,2,1,1,0,0,16.744349306070283,14.793233088101532,8.132847084750408,39.67042947892222
Dim_Far_20260114_211800_T18,1736916009.88,247,Dim,Far,4,4,1280,720,27.251363492416637,1,2,alice,3,1,0.6920997276447106,765.929695920708,232.4722193669669,854.1357504502859,399.62851776817854,14744.19757173966,diana,0.6859973708727307,alice,0.6559359779774514,0.030061392895279315,unknown,unknown,unknown,0,0,0,0,0,16.744349306070283,14.793233088101532,8.132847084750408,39.67042947892222
Dim_Far_20260114_211800_T18,1736916009.88,247,Dim,Far,4,4,1280,720,27.251363492416637,1,3,bob,-1,0,-1.0,-1.0,-1.0,-1.0,-1.0,0.0,unknown,-1.0,unknown,-1.0,-1.0,unknown,unknown,unknown,0,0,0,0,1,16.744349306070283,14.793233088101532,8.132847084750408,39.67042947892222
Dim_Far_20260114_211800_T18,1736916009.92,248,Dim,Far,4,4,1280,720,27.184812144682795,1,0,diana,1,1,0.8382538538382034,77.52851646696081,281.3610271894239,198.5192090037266,441.82422870471316,19414.55387800145,diana,0.8050289517482059,chen,0.6359277184598744,0.1691012332883315,diana,diana,diana,1,1,1,0,0,26.718693050946538,19.53287649677807,4.39076578230484,50.64233533002945
Dim_Far_20260114_211800_T18,1736916009.92,248,Dim,Far,4,4,1280,720,27.184812144682795,1,1,chen,2,1,0.7010082681148817,414.83222894102926,210.7842798668395,518.6868976381824,386.8834248809296,18288.71836329025,alice,0.8735290483779595,chen,0.7927309774736049,0.08079807090435465,alice,alice,alice,1,0,0,1,0,26.718693050946538,19.53287649677807,4.39076578230484,50.64233533002945
Dim_Far_20260114_211800_T18,1736916009.92,248,Dim,Far,4,4,1280,720,27.184812144682795,1,2,alice,3,1,0.8679776154774796,754.4628140643974,281.0142230385121,858.727824876124,423.75676874075043,14883.053070937256,chen,0.6466029822445519,alice,0.6209426058611752,0.025660376383376704,chen,chen,chen,2,0,0,1,0,26.718693050946538,19.53287649677807,4.39076578230484,50.64233533002945
Dim_Far_20260114_211800_T18,1736916009.92,248,Dim,Far,4,4,1280,720,27.184812144682795,1,3,bob,-1,0,-1.0,-1.0,-1.0,-1.0,-1.0,0.0,unknown,-1.0,unknown,-1.0,-1.0,unknown,unknown,unknown,0,0,0,0,1,26.718693050946538,19.53287649677807,4.39076578230484,50.64233533002945
Dim_Far_20260114_211800_T18,1736916009.96,249,Dim,Far,4,4,1280,720,29.370640251333242,2,0,diana,1,1,0.6405987260972399,117.70808772350152,157.47822418858476,233.60316939159497,325.80564006187643,19508.319609614267,diana,0.8981831406965542,chen,0.8259436110585413,0.07223952963801294,diana,diana,diana,1,1,1,0,0,31.496342992221166,15.3299030353748,13.987687326197166,60.81393335379313
Dim_Far_20260114_211800_T18,1736916009.96,249,Dim,Far,4,4,1280,720,29.370640251333242,2,1,chen,-1,0,-1.0,-1.0,-1.0,-1.0,-1.0,0.0,unknown,-1.0,unknown,-1.0,-1.0,unknown,unknown,unknown,0,0,0,0,1,31.496342992221166,15.3299030353748,13.987687326197166,60.81393335379313
Dim_Far_20260114_211800_T18,1736916009.96,249,Dim,Far,4,4,1280,720,29.370640251333242,2,2,alice,3,1,0.8314369381033672,732.439504430399,257.8210772729311,855.2865267749735,428.47946238806776,20964.87444952819,chen,0.6935356446303769,diana,0.6254229603552199,0.06811268427515693,unknown,unknown,unknown,0,0,0,0,0,31.496342992221166,15.3299030353748,13.987687326197166,60.81393335379313
Dim_Far_20260114_211800_T18,1736916009.96,249,Dim,Far,4,4,1280,720,29.370640251333242,2,3,bob,4,1,0.8541211400937523,1063.430315224436,189.0902576445626,1178.1874894237671,384.92815405367514,22473.80359305108,diana,0.7433187682242591,bob,0.6791920855326885,0.06412668269157062,diana,diana,diana,2,0,0,1,0,31.496342992221166,15.3299030353748,13.987687326197166,60.81393335379313
Dim_Far_20260114_211800_T18,1736916010.0,250,Dim,Far,4,4,1280,720,23.75726832984649,3,0,diana,1,1,0.7232252830111209,81.97220985865431,286.661453776257,203.46974119585235,449.8246281982235,19823.92289740958,diana,0.8324251752619777,chen,0.71787378775945,0.11455138750252769,diana,diana,diana,2,1,1,0,0,12.564091831296034,8.882638461455828,12.964708769614381,34.41143906236624
Dim_Far_20260114_211800_T18,1736916010.0,250,Dim,Far,4,4,1280,720,23.75726832984649,3,1,chen,2,1,0.8338517111640514,440.52460608151034,237.5175552259201,544.7753534710373,430.3202282320816,20099.822759590912,chen,0.7258756111365768,diana,0.6747594475852959,0.0511161635512809,unknown,unknown,unknown,0,0,0,0,0,12.564091831296034,8.882638461455828,12.964708769614381,34.41143906236624
Dim_Far_20260114_211800_T18,1736916010.0,250,Dim,Far,4,4,1280,720,23.75726832984649,3,2,alice,3,1,0.8948685318390692,736.7939090467081,259.46299480198473,822.6490942309366,445.2894328297404,15954.163248998524,alice,0.834984637660183,diana,0.7658364569007665,0.06914818075941653,alice,alice,alice,2,1,1,0,0,12.564091831296034,8.882638461455828,12.964708769614381,34.41143906236624
Dim_Far_20260114_211800_T18,1736916010.0,250,Dim,Far,4,4,1280,720,23.75726832984649,3,3,bob,4,1,0.8576936153301405,1049.8691051490173,207.5611918576127,1145.620834721402,380.4246140650665,16551.971656165068,bob,0.8538017516269816,alice,0.7711420868852615,0.08265966474172004,bob,bob,bob,2,1,1,0,0,12.564091831296034,8.882638461455828,12.964708769614381,34.41143906236624
