trial_id,t_wall,frame_idx,lighting,distance,n_users_roster,n_users_db,cam_w,cam_h,proc_fps,drained,slot_idx,true_id,track_id,detected,det_score,bbox_x1,bbox_y1,bbox_x2,bbox_y2,bbox_area,best_id,best_sim,second_id,second_sim,margin,accepted_id,stable_id,pending_id,pending_count,is_correct_accepted,is_correct_stable,is_wrong_accepted,is_miss,lat_det_ms,lat_emb_ms,lat_match_ms,lat_total_ms
Dim_Near_20260114_211300_T13,1736911000.04,1,Dim,Near,4,4,1280,720,24.822588210229952,1,0,diana,1,1,0.7764289866569658,102.24233917430497,285.63947947497684,197.84882166628864,426.3447410389539,13452.335126246355,diana,0.8365988610431242,chen,0.7088417343712767,0.12775712667184747,diana,diana,diana,3,1,1,0,0,9.994199779131797,8.319240073499257,8.098218936515488,26.411658789146543
Dim_Near_20260114_211300_T13,1736911000.04,1,Dim,Near,4,4,1280,720,24.822588210229952,1,1,chen,2,1,0.8221811677282296,423.9303772496714,188.90465193414522,534.1742488979285,359.88493420751206,18849.52829332782,chen,0.833621767161874,alice,0.7268456544380663,0.10677611272380771,chen,chen,chen,3,1,1,0,0,9.994199779131797,8.319240073499257,8.098218936515488,26.411658789146543
Dim_Near_20260114_211300_T13,1736911000.04,1,Dim,Near,4,4,1280,720,24.822588210229952,1,2,alice,3,1,0.7400518687910075,722.880588529207,255.2415828778013,823.33304932432,400.3081023749229,14572.2888624681,alice,0.9045428690435285,chen,0.8200460232758249,0.08449684576770367,alice,alice,alice,2,1,1,0,0,9.994199779131797,8.319240073499257,8.098218936515488,26.411658789146543
Dim_Near_20260114_211300_T13,1736911000.04,1,Dim,Near,4,4,1280,720,24.822588210229952,1,3,bob,4,1,0.9178530123758183,1082.7753354872004,213.35400168152987,1181.3494945192363,388.03772932124787,17219.301548666394,bob,0.8748926771854459,alice,0.7374646926096822,0.13742798457576377,bob,bob,bob,2,1,1,0,0,9.994199779131797,8.319240073499257,8.098218936515488,26.411658789146543
Dim_Near_20260114_211300_T13,1736911000.08,2,Dim,Near,4,4,1280,720,25.622490021871883,1,0,diana,1,1,0.8464641074574925,106.97869598074786,216.47951144790937,218.56515627645288,417.2064569974223,22398.409339838872,diana,0.7863591567429564,chen,0.7079256017352057,0.07843355500775073,diana,diana,diana,3,1,1,0,0,13.647801799142943,7.34076466786311,7.249816490138488,28.23838295714454
Dim_Near_20260114_211300_T13,1736911000.08,2,Dim,Near,4,4,1280,720,25.622490021871883,1,1,chen,2,1,0.7197918248996155,446.92990469998415,195.97948415599367,530.2622958911014,378.31351917008146,15194.331133248837,chen,0.8439453691188534,alice,0.6847470059127796,0.15919836320607383,chen,chen,chen,3,1,1,0,0,13.647801799142943,7.34076466786311,7.249816490138488,28.23838295714454
Dim_Near_20260114_211300_T13,1736911000.08,2,Dim,Near,4,4,1280,720,25.622490021871883,1,2,alice,3,1,0.7236226086046965,742.4010586662379,170.9407901327591,849.0212844251313,385.1081836600168,22834.57584806998,bob,0.8601953974566138,alice,0.8027768741091896,0.057418523347424144,bob,bob,bob,1,0,0,1,0,13.647801799142943,7.34076466786311,7.249816490138488,28.23838295714454
Dim_Near_20260114_211300_T13,1736911000.08,2,Dim,Near,4,4,1280,720,25.622490021871883,1,3,bob,4,1,0.75140212899528,1088.0486066854462,197.1506182554108,1185.2002661320532,397.5941153003711,19473.41836319896,bob,0.8258993170171414,chen,0.6816838903756857,0.1442154266414557,bob,bob,bob,1,1,1,0,0,13.647801799142943,7.34076466786311,7.249816490138488,28.23838295714454
Dim_Near_20260114_211300_T13,1736911000.12,3,Dim,Near,4,4,1280,720,25.12441593690666,1,0,diana,1,1,0.8202013743538923,101.43549565958182,267.4226859046622,188.96627718199557,439.02589174780076,15020.562719201555,diana,0.9592997160396497,bob,0.8970717527527714,0.062227963286878296,diana,diana,diana,2,1,1,0,0,18.4140906163498,9.342827462754096,9.195960627849347,36.95287870695324
Dim_Near_20260114_211300_T13,1736911000.12,3,Dim,Near,4,4,1280,720,25.12441593690666,1,1,chen,2,1,0.9121783840958322,418.88561624994543,222.53901003090863,537.8350289586322,403.00640904754067,21466.491126092613,chen,0.8827417171775278,bob,0.8220828307163158,0.06065888646121198,chen,chen,chen,2,1,1,0,0,18.4140906163498,9.342827462754096,9.195960627849347,36.95287870695324
Dim_Near_20260114_211300_T13,1736911000.12,3,Dim,Near,4,4,1280,720,25.12441593690666,1,2,alice,3,1,0.7303990713365697,740.514308839019,272.57892274815094,853.5815173902953,453.07452677740514,20408.134103364268,alice,0.8212576082193374,bob,0.7607901636031412,0.06046744461619613,alice,alice,alice,1,1,1,0,0,18.4140906163498,9.342827462754096,9.195960627849347,36.95287870695324
Dim_Near_20260114_211300_T13,1736911000.12,3,Dim,Near,4,4,1280,720,25.12441593690666,1,3,bob,4,1,0.6616473305049378,1085.407040080342,307.33835545260496,1187.190184631208,521.5952281118788,21807.73824089534,bob,0.8366671803546535,alice,0.6847841561510691,0.15188302420358435,bob,bob,bob,2,1,1,0,0,18.4140906163498,9.342827462754096,9.195960627849347,36.95287870695324
Dim_Near_20260114_211300_T13,1736911000.16,4,Dim,Near,4,4,1280,720,20.787747027844745,1,0,diana,1,1,0.6224102945837566,116.32021648425368,245.55751932966047,217.8536328561057,415.58557303943115,17263.529172209765,diana,0.935492931950918,bob,0.8238046610134343,0.11168827093748368,diana,diana,diana,2,1,1,0,0,11.041812744050764,6.933480404273344,2.2664012761140393,20.241694424438148
Dim_Near_20260114_211300_T13,1736911000.16,4,Dim,Near,4,4,1280,720,20.787747027844745,1,1,chen,2,1,0.8753704104497074,441.6972096793063,227.65571217622215,561.9932900410012,405.38397884872103,21380.01385017966,chen,0.799151728272656,diana,0.6611219882598747,0.13802974001278134,chen,chen,chen,3,1,1,0,0,11.041812744050764,6.933480404273344,2.2664012761140393,20.241694424438148
Dim_Near_20260114_211300_T13,1736911000.16,4,Dim,Near,4,4,1280,720,20.787747027844745,1,2,alice,-1,0,-1.0,-1.0,-1.0,-1.0,-1.0,0.0,unknown,-1.0,unknown,-1.0,-1.0,unknown,unknown,unknown,0,0,0,0,1,11.041812744050764,6.933480404273344,2.2664012761140393,20.241694424438148
Dim_Near_20260114_211300_T13,1736911000.16,4,Dim,Near,4,4,1280,720,20.787747027844745,1,3,bob,4,1,0.7629019140089309,1047.522894572352,271.79986632476846,1162.6045148097578,407.3388219911948,15598.042623378253,bob,0.8125365648575686,alice,0.663153934930999,0.1493826299265697,bob,bob,bob,1,1,1,0,0,11.041812744050764,6.933480404273344,2.2664012761140393,20.241694424438148
Dim_Near_20260114_211300_T13,1736911000.2,5,Dim,Near,4,4,1280,720,25.044759006076845,4,0,diana,1,1,0.8078729068852863,97.0981872921868,121.78639719016746,180.40904487588895,323.7558280710276,16826.24649237672,diana,0.8340883086945164,chen,0.7485811857382432,0.08550712295627327,diana,diana,diana,2,1,1,0,0,15.971190093016853,11.333389562694293,10.445516323043599,37.75009597875474
Dim_Near_20260114_211300_T13,1736911000.2,5,Dim,Near,4,4,1280,720,25.044759006076845,4,1,chen,2,1,0.9514035130056472,459.1587844566368,243.39267325725467,575.7275368731168,438.9167882474141,22792.002151739267,chen,0.8703366360254294,bob,0.7462091446743637,0.12412749135106571,chen,chen,chen,2,1,1,0,0,15.971190093016853,11.333389562694293,10.445516323043599,37.75009597875474
Dim_Near_20260114_211300_T13,1736911000.2,5,Dim,Near,4,4,1280,720,25.044759006076845,4,2,alice,3,1,0.736608442577574,765.6892039820189,308.7327335159424,847.4954831330772,455.30459320399984,11990.49846933098,alice,0.8844117966751707,diana,0.7495570812108527,0.13485471546431793,alice,alice,alice,2,1,1,0,0,15.971190093016853,11.333389562694293,10.445516323043599,37.75009597875474
Dim_Near_20260114_211300_T13,1736911000.2,5,Dim,Near,4,4,1280,720,25.044759006076845,4,3,bob,4,1,0.767610302797574,1069.4119560395645,225.6888661719815,1149.637619681591,370.36679777611283,11606.883077297167,bob,0.7086240647536654,alice,0.6680536736945769,0.04057039105908844,unknown,unknown,unknown,0,0,0,0,0,15.971190093016853,11.333389562694293,10.445516323043599,37.75009597875474
Dim_Near_20260114_211300_T13,1736911000.24,6,Dim,Near,4,4,1280,720,22.630156149689974,1,0,diana,1,1,0.8753486495040991,114.7732681457368,161.32049979340124,215.64072454728813,371.00077145458226,21149.915660049617,diana,0.8651407488285688,bob,0.6970415780938495,0.16809917073471936,diana,diana,diana,2,1,1,0,0,11.499955023254348,11.278906804989163,8.575622572870476,31.354484401113986
Dim_Near_20260114_211300_T13,1736911000.24,6,Dim,Near,4,4,1280,720,22.630156149689974,1,1,chen,2,1,0.790777636473633,415.87537851430517,208.25280961709592,514.1913966604382,390.40217910820985,17908.20071619504,chen,0.8685270526027722,bob,0.7844367822514188,0.08409027035135341,chen,chen,chen,2,1,1,0,0,11.499955023254348,11.278906804989163,8.575622572870476,31.354484401113986
Dim_Near_20260114_211300_T13,1736911000.24,6,Dim,Near,4,4,1280,720,22.630156149689974,1,2,alice,3,1,0.7480250939275188,729.8279551687302,175.84174916579167,826.8454340842987,382.2790850202509,20028.02987864613,alice,0.9333356051918511,chen,0.7672602887385523,0.16607531645329876,alice,alice,alice,3,1,1,0,0,11.499955023254348,11.278906804989163,8.575622572870476,31.354484401113986
Dim_Near_20260114_211300_T13,1736911000.24,6,Dim,Near,4,4,1280,720,22.630156149689974,1,3,bob,4,1,0.8082975050238204,1069.6576790050394,312.5135515208535,1165.6065605983026,504.11074066808146,18383.536015089427,chen,0.7161404288706993,bob,0.6195172828973962,0.09662314597330313,chen,chen,chen,1,0,0,1,0,11.499955023254348,11.278906804989163,8.575622572870476,31.354484401113986
Dim_Near_20260114_211300_T13,1736911000.28,7,Dim,Near,4,4,1280,720,27.135200730549315,1,0,diana,1,1,0.7070486668986048,93.69882950015665,190.68216039712837,199.33795784702818,368.6932196536489,18804.933135962125,diana,0.7230355382473195,alice,0.5534312392456398,0.16960429900167973,diana,diana,diana,2,1,1,0,0,12.236383325431033,7.796790271155929,4.810974031023985,24.844147627610948
Dim_Near_20260114_211300_T13,1736911000.28,7,Dim,Near,4,4,1280,720,27.135200730549315,1,1,chen,2,1,0.6871078539525021,415.19830646103475,190.18818922403818,503.510537037539,382.7465170802102,17005.255449060365,chen,0.8883575085341949,diana,0.82581610075979,0.06254140777440498,chen,chen,chen,2,1,1,0,0,12.236383325431033,7.796790271155929,4.810974031023985,24.844147627610948
Dim_Near_20260114_211300_T13,1736911000.28,7,Dim,Near,4,4,1280,720,27.135200730549315,1,2,alice,-1,0,-1.0,-1.0,-1.0,-1.0,-1.0,0.0,unknown,-1.0,unknown,-1.0,-1.0,unknown,unknown,unknown,0,0,0,0,1,12.236383325431033,7.796790271155929,4.810974031023985,24.844147627610948
Dim_Near_20260114_211300_T13,1736911000.28,7,Dim,Near,4,4,1280,720,27.135200730549315,1,3,bob,4,1,0.8860574681503169,1089.9971609368722,278.12136234811777,1182.4275232938007,421.25760223303206,13230.134518970874,bob,0.8434440983674023,alice,0.7071125840149171,0.13633151435248525,bob,bob,bob,2,1,1,0,0,12.236383325431033,7.796790271155929,4.810974031023985,24.844147627610948
Dim_Near_20260114_211300_T13,1736911000.32,8,Dim,Near,4,4,1280,720,25.7048048992861,1,0,diana,1,1,0.8670583198614071,93.8343127301766,308.1682744389817,185.2441754122132,510.7226030505657,18515.463364037005,diana,0.8596327441184247,chen,0.7034914053079337,0.15614133881049097,diana,diana,diana,1,1,1,0,0,24.23188886967681,19.330365696147442,12.728210264518157,56.29046483034241
Dim_Near_20260114_211300_T13,1736911000.32,8,Dim,Near,4,4,1280,720,25.7048048992861,1,1,chen,2,1,0.9015653629273114,451.497260921407,249.0031470621733,534.7018894408061,422.99377608053453,14476.825653329324,bob,0.671308701857709,alice,0.6393457870129542,0.031962914844754775,unknown,unknown,unknown,0,0,0,0,0,24.23188886967681,19.330365696147442,12.728210264518157,56.29046483034241
Dim_Near_20260114_211300_T13,1736911000.32,8,Dim,Near,4,4,1280,720,25.7048048992861,1,2,alice,3,1,0.702791808606607,726.620053840587,237.5107976629185,846.203236616859,452.86490740025437,25752.72986634117,alice,0.8607911064172425,bob,0.7673976767299527,0.09339342968728981,alice,alice,alice,1,1,1,0,0,24.23188886967681,19.330365696147442,12.728210264518157,56.29046483034241
Dim_Near_20260114_211300_T13,1736911000.32,8,Dim,Near,4,4,1280,720,25.7048048992861,1,3,bob,4,1,0.7816515449944438,1050.127122958621,205.736061050444,1171.571582514422,341.747362340071,16517.81897859999,bob,0.8411313940855929,diana,0.7625147626760636,0.07861663140952935,bob,bob,bob,2,1,1,0,0,24.23188886967681,19.330365696147442,12.728210264518157,56.29046483034241
Dim_Near_20260114_211300_T13,1736911000.36,9,Dim,Near,4,4,1280,720,25.796277643093084,1,0,diana,1,1,0.5936807416710785,84.7374757923487,286.8368700412557,202.87072540888644,476.4759661802634,22402.682681243998,diana,0.8233409870404904,bob,0.732128796626689,0.09121219041380146,diana,diana,diana,1,1,1,0,0,21.965538135384755,9.1806258587813,14.484817036865648,45.6309810310317
Dim_Near_20260114_211300_T13,1736911000.36,9,Dim,Near,4,4,1280,720,25.796277643093084,1,1,chen,2,1,0.6904411721260598,434.10042089734173,263.84862200233243,538.5880475705761,431.0604341447748,17471.565402494514,chen,0.904950330065992,bob,0.8370887881586853,0.06786154190730675,chen,chen,chen,2,1,1,0,0,21.965538135384755,9.1806258587813,14.484817036865648,45.6309810310317
Dim_Near_20260114_211300_T13,1736911000.36,9,Dim,Near,4,4,1280,720,25.796277643093084,1,2,alice,3,1,0.8648496843176858,737.4876193071757,171.44238308048207,856.7250858503244,349.6610912128657,21250.347248298272,alice,0.9259281062409827,diana,0.8162901422493116,0.10963796399167103,alice,alice,alice,2,1,1,0,0,21.965538135384755,9.1806258587813,14.484817036865648,45.6309810310317
Dim_Near_20260114_211300_T13,1736911000.36,9,Dim,Near,4,4,1280,720,25.796277643093084,1,3,bob,4,1,0.8020494044563977,1078.3331279293059,169.3432509781895,1202.376858035803,364.4290401322306,24199.168977436886,bob,0.781499338881951,diana,0.6628144266025268,0.11868491227942424,bob,bob,bob,2,1,1,0,0,21.965538135384755,9.1806258587813,14.484817036865648,45.6309810310317
Dim_Near_20260114_211300_T13,1736911000.4,10,Dim,Near,4,4,1280,720,22.233026696479776,1,0,diana,1,1,0.7136950773463022,92.04908960244956,243.0000713481673,183.6567165864887,373.15935895291096,11923.583467403627,diana,0.8724708186426897,alice,0.7643223811815784,0.10814843746111136,diana,diana,diana,2,1,1,0,0,20.12929745377827,14.661147513162488,3.4228056431607374,38.2132506101015
Dim_Near_20260114_211300_T13,1736911000.4,10,Dim,Near,4,4,1280,720,22.233026696479776,1,1,chen,2,1,0.8770259580158233,424.3290012513475,241.94410920942317,505.5780382079237,448.5859750694444,16789.45259603673,chen,0.8041563434489077,bob,0.6320594123726602,0.17209693107624757,chen,chen,chen,2,1,1,0,0,20.12929745377827,14.661147513162488,3.4228056431607374,38.2132506101015
Dim_Near_20260114_211300_T13,1736911000.4,10,Dim,Near,4,4,1280,720,22.233026696479776,1,2,alice,3,1,0.6979739810949306,742.8297367724552,262.545993348457,822.9964799469864,423.33156424745897,12889.655568430657,alice,0.8527360277599294,diana,0.7863384921761489,0.06639753558378048,alice,alice,alice,2,1,1,0,0,20.12929745377827,14.661147513162488,3.4228056431607374,38.2132506101015
Dim_Near_20260114_211300_T13,1736911000.4,10,Dim,Near,4,4,1280,720,22.233026696479776,1,3,bob,4,1,0.6904837301050298,1019.0895584721585,188.97542848538433,1138.1307185070507,348.80671679303305,19026.501970013804,bob,0.8801118668147141,diana,0.7065384522578425,0.17357341455687159,bob,bob,bob,1,1,1,0,0,20.12929745377827,14.661147513162488,3.4228056431607374,38.2132506101015
Dim_Near_20260114_211300_T13,1736911000.44,11,Dim,Near,4,4,1280,720,23.0790586756518,1,0,diana,1,1,0.633494985331249,100.12202427153375,314.5679229005576,211.73623093119994,465.47530455704793,16843.40768267663,diana,0.8837939434679778,alice,0.7412132455911391,0.1425806978768387,diana,diana,diana,1,1,1,0,0,20.475006318436183,8.902843996498483,13.261049531718566,42.63889984665323
Dim_Near_20260114_211300_T13,1736911000.44,11,Dim,Near,4,4,1280,720,23.0790586756518,1,1,chen,2,1,0.859696379108267,458.11293754279393,254.52118500099033,543.011193724813,408.46635515610575,13069.676493813502,chen,0.8422366631281205,diana,0.7603610001896624,0.08187566293845816,chen,chen,chen,2,1,1,0,0,20.475006318436183,8.902843996498483,13.261049531718566,42.63889984665323
Dim_Near_20260114_211300_T13,1736911000.44,11,Dim,Near,4,4,1280,720,23.0790586756518,1,2,alice,-1,0,-1.0,-1.0,-1.0,-1.0,-1.0,0.0,unknown,-1.0,unknown,-1.0,-1.0,unknown,unknown,unknown,0,0,0,0,1,20.475006318436183,8.902843996498483,13.261049531718566,42.63889984665323
Dim_Near_20260114_211300_T13,1736911000.44,11,Dim,Near,4,4,1280,720,23.0790586756518,1,3,bob,4,1,0.8045634458397852,1091.7957672090652,182.01607407940145,1177.3789203154506,324.99077117426526,12236.225391808814,bob,0.8361690251835914,diana,0.6724709251224771,0.1636981000611143,bob,bob,bob,2,1,1,0,0,20.475006318436183,8.902843996498483,13.261049531718566,42.63889984665323
Dim_Near_20260114_211300_T13,1736911000.48,12,Dim,Near,4,4,1280,720,26.861269589810693,3,0,diana,1,1,0.6529760157168676,99.56412830102857,295.33609015573614,194.33573588943358,462.62603410272396,15854.336921230199,diana,0.9299829163527942,bob,0.7987280703852123,0.13125484596758186,diana,diana,diana,3,1,1,0,0,15.948849858371883,9.915420807578931,8.005447687892916,33.86971835384373
Dim_Near_20260114_211300_T13,1736911000.48,12,Dim,Near,4,4,1280,720,26.861269589810693,3,1,chen,2,1,0.6853686669311967,440.5067938185066,250.85496434330636,552.7306777438321,414.4916878245556,18363.948661880295,chen,0.8953978666412328,diana,0.7689799260071702,0.12641794063406253,chen,chen,chen,3,1,1,0,0,15.948849858371883,9.915420807578931,8.005447687892916,33.86971835384373
Dim_Near_20260114_211300_T13,1736911000.48,12,Dim,Near,4,4,1280,720,26.861269589810693,3,2,alice,3,1,0.8193391786049915,765.2501108650151,217.58788956066064,854.1380244998745,405.9788522115887,16745.67961770371,alice,0.7487310829715145,diana,0.6721512814822891,0.07657980148922539,alice,alice,alice,1,1,1,0,0,15.948849858371883,9.915420807578931,8.005447687892916,33.86971835384373
Dim_Near_20260114_211300_T13,1736911000.48,12,Dim,Near,4,4,1280,720,26.861269589810693,3,3,bob,4,1,0.7911654815994232,1071.9143239277541,204.85081781362504,1178.847096955339,404.5100372888648,21350.113999010584,bob,0.8952901445938826,alice,0.7419047764324659,0.15338536816141668,bob,bob,bob,3,1,1,0,0,15.948849858371883,9.915420807578931,8.005447687892916,33.86971835384373
Dim_Near_20260114_211300_T13,1736911000.52,13,Dim,Near,4,4,1280,720,25.208391086244003,1,0,diana,1,1,0.7902484368933703,79.19682827909486,296.0890563479263,177.5738022352245,484.3354700914647,18519.112542182876,diana,0.8042264664474396,chen,0.6998689491511344,0.10435751729630516,diana,diana,diana,2,1,1,0,0,17.924002538555758,8.873214989559076,7.641330797161247,34.43854832527608
Dim_Near_20260114_211300_T13,1736911000.52,13,Dim,Near,4,4,1280,720,25.208391086244003,1,1,chen,2,1,0.8483520180800922,432.2497463800258,269.5279034647589,528.8340129774776,408.2533564393933,13398.696133954363,chen,0.9130718079520421,bob,0.7752339481595468,0.1378378597924953,chen,chen,chen,2,1,1,0,0,17.924002538555758,8.873214989559076,7.641330797161247,34.43854832527608
Dim_Near_20260114_211300_T13,1736911000.52,13,Dim,Near,4,4,1280,720,25.208391086244003,1,2,alice,3,1,0.9075615913152343,744.8126179516757,249.44471252013494,858.1745253974545,389.08501473027485,15829.89101484646,alice,0.8546874739692272,bob,0.6748494670797327,0.17983800688949447,alice,alice,alice,1,1,1,0,0,17.924002538555758,8.873214989559076,7.641330797161247,34.43854832527608
Dim_Near_20260114_211300_T13,1736911000.52,13,Dim,Near,4,4,1280,720,25.208391086244003,1,3,bob,4,1,0.7539863740251248,1047.7862005072675,256.998980617147,1168.102958016861,388.97842506595566,15879.338813998183,diana,0.741001809163894,bob,0.7132248340497032,0.02777697511419086,diana,diana,diana,2,0,0,1,0,17.924002538555758,8.873214989559076,7.641330797161247,34.43854832527608
Dim_Near_20260114_211300_T13,1736911000.56,14,Dim,Near,4,4,1280,720,25.3774582204544,2,0,diana,1,1,0.6957933506561711,87.33130777677381,275.0004890351438,205.98336712739035,462.84540476592576,22288.186090000305,diana,0.85763130723064,alice,0.7237610712446236,0.13387023598601633,diana,diana,diana,1,1,1,0,0,15.266320145294973,15.05114094822037,12.867316670028599,43.18477776354394
Dim_Near_20260114_211300_T13,1736911000.56,14,Dim,Near,4,4,1280,720,25.3774582204544,2,1,chen,2,1,0.6585192045893955,416.3375698034646,255.30110285916123,522.8797276769848,435.1662270094464,19163.21845315999,chen,0.84609359661495,bob,0.6811083137100443,0.16498528290490566,chen,chen,chen,2,1,1,0,0,15.266320145294973,15.05114094822037,12.867316670028599,43.18477776354394
Dim_Near_20260114_211300_T13,1736911000.56,14,Dim,Near,4,4,1280,720,25.3774582204544,2,2,alice,3,1,0.7516989473834432,757.9055636911389,200.4938762677964,862.9226659030976,387.28121545705767,19615.865091538446,alice,0.8946171371102374,bob,0.7548586658161227,0.13975847129411467,alice,alice,alice,2,1,1,0,0,15.266320145294973,15.05114094822037,12.867316670028599,43.18477776354394
Dim_Near_20260114_211300_T13,1736911000.56,14,Dim,Near,4,4,1280,720,25.3774582204544,2,3,bob,4,1,0.7529467748815952,1064.163987913826,363.79782956514345,1154.8058718483207,499.41147077635725,12292.275926601045,bob,0.7204896963157652,diana,0.6437213193942196,0.07676837692154559,bob,bob,bob,3,1,1,0,0,15.266320145294973,15.05114094822037,12.867316670028599,43.18477776354394
Dim_Near_20260114_211300_T13,1736911000.6,15,Dim,Near,4,4,1280,720,24.8699277908386,1,0,diana,1,1,0.7914339181274043,120.59013671704128,270.8907817837212,215.058846529836,433.8045940917002,15390.257659418574,chen,0.6691455105866025,diana,0.6394517843603916,0.029693726226210915,chen,chen,chen,1,0,0,1,0,26.271762787135387,12.654546650727262,19.53271996026924,58.45902939813189
Dim_Near_20260114_211300_T13,1736911000.6,15,Dim,Near,4,4,1280,720,24.8699277908386,1,1,chen,2,1,0.567466981495572,441.35843704057004,230.501687125621,535.0475234505724,414.4739249962393,17236.190890901864,chen,0.9546382708080224,diana,0.8897710262600266,0.06486724454799586,chen,chen,chen,1,1,1,0,0,26.271762787135387,12.654546650727262,19.53271996026924,58.45902939813189
Dim_Near_20260114_211300_T13,1736911000.6,15,Dim,Near,4,4,1280,720,24.8699277908386,1,2,alice,3,1,0.8650541966819218,747.5187866533524,247.89701530855558,833.4442278310519,378.3835663091323,11212.114462480931,alice,0.9782373593235424,bob,0.8201190855018313,0.15811827382171106,alice,alice,alice,2,1,1,0,0,26.271762787135387,12.654546650727262,19.53271996026924,58.45902939813189
Dim_Near_20260114_211300_T13,1736911000.6,15,Dim,Near,4,4,1280,720,24.8699277908386,1,3,bob,4,1,0.7654463109506116,1061.2366974994713,243.9146870800564,1150.5310992317902,420.13873789380466,15735.821188259411,bob,0.8285769614979239,chen,0.7535995524821337,0.0749774090157902,bob,bob,bob,2,1,1,0,0,26.271762787135387,12.654546650727262,19.53271996026924,58.45902939813189
Dim_Near_20260114_211300_T13,1736911000.64,16,Dim,Near,4,4,1280,720,26.3970550723048,0,0,diana,1,1,0.8258472845665467,136.07668721661494,182.78345266749147,233.83954349489184,371.2876279187168,18428.706592940664,diana,0.9657294332603553,alice,0.8273385810997383,0.13839085216061697,diana,diana,diana,2,1,1,0,0,13.320759763311136,7.392979161569102,11.855132996643682,32.56887192152392
Dim_Near_20260114_211300_T13,1736911000.64,16,Dim,Near,4,4,1280,720,26.3970550723048,0,1,chen,2,1,0.8312245008801753,436.4112961198132,230.5689297775514,529.946687865629,427.4020205872705,18410.860257426808,chen,0.6357639692639968,diana,0.5867387227463556,0.049025246517641174,unknown,unknown,unknown,0,0,0,0,0,13.320759763311136,7.392979161569102,11.855132996643682,32.56887192152392
Dim_Near_20260114_211300_T13,1736911000.64,16,Dim,Near,4,4,1280,720,26.3970550723048,0,2,alice,3,1,0.7807945040667372,698.844446114,239.17967461140074,803.9563876018801,435.69172516345543,20655.763159290917,alice,0.8701881660242686,bob,0.758281988690067,0.1119061773342016,alice,alice,alice,2,1,1,0,0,13.320759763311136,7.392979161569102,11.855132996643682,32.56887192152392
Dim_Near_20260114_211300_T13,1736911000.64,16,Dim,Near,4,4,1280,720,26.3970550723048,0,3,bob,4,1,0.83447597519896,1053.081866313711,195.81043887419534,1178.2106420884152,388.05602496525853,24055.454835665216,bob,0.877130330792759,alice,0.8150859897279583,0.06204434106480072,bob,bob,bob,3,1,1,0,0,13.320759763311136,7.392979161569102,11.855132996643682,32.56887192152392
Dim_Near_20260114_211300_T13,1736911000.68,17,Dim,Near,4,4,1280,720,25.10590890673543,0,0,diana,1,1,0.6593971407008211,112.89970629583439,191.08249064620017,213.54136572822716,385.1026858765566,19526.51441137989,diana,0.8759573776024884,bob,0.74835956080393,0.12759781679855842,diana,diana,diana,2,1,1,0,0,14.826040902847765,7.110478028138345,5.793601227108689,27.7301201580948
Dim_Near_20260114_211300_T13,1736911000.68,17,Dim,Near,4,4,1280,720,25.10590890673543,0,1,chen,2,1,0.7739268508429302,441.7819186527296,241.25786055187766,567.5687412192343,445.6600589506354,25711.103062188038,alice,0.727854621460189,chen,0.6645974556867863,0.06325716577340268,alice,alice,alice,2,0,0,1,0,14.826040902847765,7.110478028138345,5.793601227108689,27.7301201580948
Dim_Near_20260114_211300_T13,1736911000.68,17,Dim,Near,4,4,1280,720,25.10590890673543,0,2,alice,-1,0,-1.0,-1.0,-1.0,-1.0,-1.0,0.0,unknown,-1.0,unknown,-1.0,-1.0,unknown,unknown,unknown,0,0,0,0,1,14.826040902847765,7.110478028138345,5.793601227108689,27.7301201580948
Dim_Near_20260114_211300_T13,1736911000.68,17,Dim,Near,4,4,1280,720,25.10590890673543,0,3,bob,4,1,0.9105412621381798,1096.8180469098181,251.50504171679177,1210.2788222533775,399.4088552769907,16781.281362809423,bob,0.9628153438493617,chen,0.7925434067818209,0.17027193706754085,bob,bob,bob,2,1,1,0,0,14.826040902847765,7.110478028138345,5.793601227108689,27.7301201580948
Dim_Near_20260114_211300_T13,1736911000.72,18,Dim,Near,4,4,1280,720,22.01881455618794,3,0,diana,1,1,0.7345802412590178,93.84592093533335,248.09175040765578,197.67505180910234,411.6019079377455,16977.117545382273,diana,0.8627478746818439,alice,0.7159636089059425,0.14678426577590142,diana,diana,diana,2,1,1,0,0,22.20410015903,11.416324497177602,7.616677559484192,41.23710221569179
Dim_Near_20260114_211300_T13,1736911000.72,18,Dim,Near,4,4,1280,720,22.01881455618794,3,1,chen,-1,0,-1.0,-1.0,-1.0,-1.0,-1.0,0.0,unknown,-1.0,unknown,-1.0,-1.0,unknown,unknown,unknown,0,0,0,0,1,22.20410015903,11.416324497177602,7.616677559484192,41.23710221569179
Dim_Near_20260114_211300_T13,1736911000.72,18,Dim,Near,4,4,1280,720,22.01881455618794,3,2,alice,3,1,0.6152731638752733,755.6100863310611,338.2932216737217,849.9105787656323,475.9232285399366,12978.57742125748,alice,0.9239543161808776,chen,0.8086821797184532,0.1152721364624244,alice,alice,alice,2,1,1,0,0,22.20410015903,11.416324497177602,7.616677559484192,41.23710221569179
Dim_Near_20260114_211300_T13,1736911000.72,18,Dim,Near,4,4,1280,720,22.01881455618794,3,3,bob,4,1,0.7474930908473136,1071.0999764502556,265.3708822340122,1187.0034582609558,451.95697977209767,21625.978362135025,bob,0.99,chen,0.8664828224458311,0.12351717755416891,bob,bob,bob,3,1,1,0,0,22.20410015903,11.416324497177602,7.616677559484192,41.23710221569179
Dim_Near_20260114_211300_T13,1736911000.76,19,Dim,Near,4,4,1280,720,26.35643469450659,1,0,diana,1,1,0.7894534901908413,91.80603387327652,280.8465663840973,218.1935688832839,422.7387120103442,17933.39852298235,diana,0.8008515037979647,alice,0.7260927684374207,0.074758735360544,diana,diana,diana,2,1,1,0,0,15.209765010830836,12.38599613522499,14.990904631169863,42.58666577722569
Dim_Near_20260114_211300_T13,1736911000.76,19,Dim,Near,4,4,1280,720,26.35643469450659,1,1,chen,2,1,0.8298647545151144,426.12499099992766,255.06957944607583,526.3050852852195,399.7316525963554,14492.260127700798,alice,0.7729976896522951,chen,0.7190081546018114,0.05398953505048365,alice,alice,alice,1,0,0,1,0,15.209765010830836,12.38599613522499,14.990904631169863,42.58666577722569
Dim_Near_20260114_211300_T13,1736911000.76,19,Dim,Near,4,4,1280,720,26.35643469450659,1,2,alice,3,1,0.7751411037566428,758.1038363692045,179.65697001114958,849.2670723471255,377.55042950890174,18040.608146680726,alice,0.8232837383517803,diana,0.718294687054349,0.1049890512974313,alice,alice,alice,3,1,1,0,0,15.209765010830836,12.38599613522499,14.990904631169863,42.58666577722569
Dim_Near_20260114_211300_T13,1736911000.76,19,Dim,Near,4,4,1280,720,26.35643469450659,1,3,bob,4,1,0.8180585655356893,1057.7362464446771,212.25934522163155,1173.3719124995966,413.8661641782155,23312.93879125816,bob,0.8122371722170242,chen,0.6331521324817204,0.17908503973530376,bob,bob,bob,1,1,1,0,0,15.209765010830836,12.38599613522499,14.990904631169863,42.58666577722569
Dim_Near_20260114_211300_T13,1736911000.8,20,Dim,Near,4,4,1280,720,28.57724091508588,3,0,diana,1,1,0.7212351966950796,126.9082863432177,272.8903993576253,232.42806930092496,440.0040326023497,17633.79430925721,diana,0.924311678440453,alice,0.7967937358896671,0.12751794255078597,diana,diana,diana,2,1,1,0,0,16.590825606997434,13.63533763686566,7.412293408106972,37.63845665197007
Dim_Near_20260114_211300_T13,1736911000.8,20,Dim,Near,4,4,1280,720,28.57724091508588,3,1,chen,2,1,0.8628085533189842,454.03990626330665,259.1514733254772,557.4144106397226,471.4814834055364,21949.50955626553,chen,0.9276331638601654,bob,0.7565235798849507,0.1711095839752147,chen,chen,chen,3,1,1,0,0,16.590825606997434,13.63533763686566,7.412293408106972,37.63845665197007
Dim_Near_20260114_211300_T13,1736911000.8,20,Dim,Near,4,4,1280,720,28.57724091508588,3,2,alice,3,1,0.8177835984957008,764.8345597971382,323.11896821075857,845.5490787867164,521.9608888318921,16049.429977898688,alice,0.8430665363494382,bob,0.696355430380576,0.14671110596886217,alice,alice,alice,2,1,1,0,0,16.590825606997434,13.63533763686566,7.412293408106972,37.63845665197007
Dim_Near_20260114_211300_T13,1736911000.8,20,Dim,Near,4,4,1280,720,28.57724091508588,3,3,bob,4,1,0.7808367707615068,1081.7608800022822,340.26046275955656,1172.8648433542999,511.0996691141667,15564.128794818189,bob,0.9081630712156471,chen,0.7495714670199431,0.15859160419570395,bob,bob,bob,2,1,1,0,0,16.590825606997434,13.63533763686566,7.412293408106972,37.63845665197007
Dim_Near_20260114_211300_T13,1736911000.84,21,Dim,Near,4,4,1280,720,25.15680972052166,2,0,diana,1,1,0.6706034175484203,106.9373663660179,219.50870167198843,209.2163870556455,434.09731234273124,21947.912950551345,diana,0.8021174811245806,chen,0.7051322418854579,0.09698523923912272,diana,diana,diana,3,1,1,0,0,20.89400483750681,15.447521547741863,5.624151212601978,41.96567759785065
Dim_Near_20260114_211300_T13,1736911000.84,21,Dim,Near,4,4,1280,720,25.15680972052166,2,1,chen,2,1,0.7584259842490042,416.2344064078581,216.78546879023884,531.1597233554303,406.01919098873907,21747.745500831465,chen,0.9236178618893043,bob,0.7515347478671692,0.17208311402213505,chen,chen,chen,1,1,1,0,0,20.89400483750681,15.447521547741863,5.624151212601978,41.96567759785065
Dim_Near_20260114_211300_T13,1736911000.84,21,Dim,Near,4,4,1280,720,25.15680972052166,2,2,alice,3,1,0.9543831292189056,726.2969341687669,277.2534734512958,830.8918959929733,412.86641107915625,14184.430034054547,alice,0.8442082527854479,chen,0.6656252766829104,0.17858297610253748,alice,alice,alice,3,1,1,0,0,20.89400483750681,15.447521547741863,5.624151212601978,41.96567759785065
Dim_Near_20260114_211300_T13,1736911000.84,21,Dim,Near,4,4,1280,720,25.15680972052166,2,3,bob,4,1,0.7721269608864455,1045.231540388419,228.05345120151054,1143.1763867236587,384.8045552268795,15352.96279664392,bob,0.7714873690138992,diana,0.5965294510095028,0.17495791800439642,bob,bob,bob,3,1,1,0,0,20.89400483750681,15.447521547741863,5.624151212601978,41.96567759785065
Dim_Near_20260114_211300_T13,1736911000.88,22,Dim,Near,4,4,1280,720,23.70227017182908,1,0,diana,1,1,0.8267389780513507,116.38840113238304,239.6743398222019,199.84624475925148,428.0352794851635,15720.197847801453,diana,0.8578712681780225,bob,0.7454215864689171,0.11244968170910541,diana,diana,diana,1,1,1,0,0,9.075782213901716,7.16918380560126,5.5043242517329025,21.74929027123588
Dim_Near_20260114_211300_T13,1736911000.88,22,Dim,Near,4,4,1280,720,23.70227017182908,1,1,chen,2,1,0.7408096454978967,439.2379267932148,223.2533155722071,534.946296284632,407.95405757369673,17677.406860817493,chen,0.8313535334744669,alice,0.7639119120541523,0.06744162142031462,chen,chen,chen,2,1,1,0,0,9.075782213901716,7.16918380560126,5.5043242517329025,21.74929027123588
Dim_Near_20260114_211300_T13,1736911000.88,22,Dim,Near,4,4,1280,720,23.70227017182908,1,2,alice,3,1,0.8019851135297791,755.6576470787256,219.22596666852635,876.6234634725988,384.92145682189937,20043.490239185743,bob,0.6696550849310291,chen,0.6234735698456763,0.04618151508535284,unknown,unknown,unknown,0,0,0,0,0,9.075782213901716,7.16918380560126,5.5043242517329025,21.74929027123588
Dim_Near_20260114_211300_T13,1736911000.88,22,Dim,Near,4,4,1280,720,23.70227017182908,1,3,bob,4,1,0.6997854920042712,1068.922851270765,199.21788524376933,1173.7831632081452,406.9405174191126,21781.86000636018,bob,0.9170817711321448,diana,0.8104139421131871,0.10666782901895777,bob,bob,bob,2,1,1,0,0,9.075782213901716,7.16918380560126,5.5043242517329025,21.74929027123588
Dim_Near_20260114_211300_T13,1736911000.92,23,Dim,Near,4,4,1280,720,27.474340260773896,0,0,diana,1,1,0.7511156845320771,109.88914398102413,167.97112525429966,220.9526647872582,344.9716414635694,19658.3005147224,diana,0.8331284132789296,chen,0.7428856181416708,0.09024279513725886,diana,diana,diana,2,1,1,0,0,10.319238280439885,6.354441278124656,10.195328891488511,26.869008450053055
Dim_Near_20260114_211300_T13,1736911000.92,23,Dim,Near,4,4,1280,720,27.474340260773896,0,1,chen,2,1,0.8058084333499264,387.80464742764485,293.07644945366735,512.2606251155314,464.2375970910351,21302.0279713893,chen,0.8194230752398732,bob,0.7406768801236003,0.0787461951162729,chen,chen,chen,2,1,1,0,0,10.319238280439885,6.354441278124656,10.195328891488511,26.869008450053055
Dim_Near_20260114_211300_T13,1736911000.92,23,Dim,Near,4,4,1280,720,27.474340260773896,0,2,alice,3,1,0.7455061969164017,742.1069499642693,77.89930857809372,837.381699373443,281.8726536758546,19433.509340340064,alice,0.8474086837393809,bob,0.6827807221126733,0.16462796162670768,alice,alice,alice,3,1,1,0,0,10.319238280439885,6.354441278124656,10.195328891488511,26.869008450053055
Dim_Near_20260114_211300_T13,1736911000.92,23,Dim,Near,4,4,1280,720,27.474340260773896,0,3,bob,4,1,0.7502432997928903,1070.885682104588,227.03971285738024,1156.7395782421788,411.7199917079297,15855.521479096364,bob,0.8887120206635071,alice,0.7306849997533116,0.1580270209101955,bob,bob,bob,2,1,1,0,0,10.319238280439885,6.354441278124656,10.195328891488511,26.869008450053055
Dim_Near_20260114_211300_T13,1736911000.96,24,Dim,Near,4,4,1280,720,24.86545674231732,0,0,diana,1,1,0.7588861805066537,89.21204691680492,230.15452180982254,216.07476853732726,388.46229229393566,20083.354617291585,diana,0.8702613140925206,chen,0.8024315991016514,0.0678297149908692,diana,diana,diana,2,1,1,0,0,14.651162684772332,9.41956646774324,2.7520744018907415,26.822803554406313
Dim_Near_20260114_211300_T13,1736911000.96,24,Dim,Near,4,4,1280,720,24.86545674231732,0,1,chen,2,1,0.656338540706794,416.09718318696656,238.28647880296143,513.4100508282459,399.50331589921353,15688.472729893267,chen,0.8005832839008717,bob,0.6729844553956641,0.12759882850520765,chen,chen,chen,3,1,1,0,0,14.651162684772332,9.41956646774324,2.7520744018907415,26.822803554406313
Dim_Near_20260114_211300_T13,1736911000.96,24,Dim,Near,4,4,1280,720,24.86545674231732,0,2,alice,3,1,0.8254057122755001,716.180094952449,283.78452062435383,839.5956692934938,439.2561189062852,19187.61659568474,alice,0.9822011764738107,bob,0.8850677224793078,0.0971334539945029,alice,alice,alice,2,1,1,0,0,14.651162684772332,9.41956646774324,2.7520744018907415,26.822803554406313
Dim_Near_20260114_211300_T13,1736911000.96,24,Dim,Near,4,4,1280,720,24.86545674231732,0,3,bob,-1,0,-1.0,-1.0,-1.0,-1.0,-1.0,0.0,unknown,-1.0,unknown,-1.0,-1.0,unknown,unknown,unknown,0,0,0,0,1,14.651162684772332,9.41956646774324,2.7520744018907415,26.822803554406313
Dim_Near_20260114_211300_T13,1736911001.0,25,Dim,Near,4,4,1280,720,24.72194747826595,4,0,diana,-1,0,-1.0,-1.0,-1.0,-1.0,-1.0,0.0,unknown,-1.0,unknown,-1.0,-1.0,unknown,unknown,unknown,0,0,0,0,1,17.086522438258594,14.354157291845649,6.527908537753127,37.96858826785737
Dim_Near_20260114_211300_T13,1736911001.0,25,Dim,Near,4,4,1280,720,24.72194747826595,4,1,chen,2,1,0.7235813682198756,400.16548652653717,238.51457563445112,522.3066063284123,396.4005782227322,19284.3731571744,chen,0.7957026099726795,diana,0.7025053407983121,0.09319726917436744,chen,chen,chen,3,1,1,0,0,17.086522438258594,14.354157291845649,6.527908537753127,37.96858826785737
Dim_Near_20260114_211300_T13,1736911001.0,25,Dim,Near,4,4,1280,720,24.72194747826595,4,2,alice,3,1,0.648770092619546,754.8559974046607,301.2123985360373,844.4993330426903,463.622776995898,14559.008067376706,alice,0.8645585021001609,bob,0.7448512564820967,0.11970724561806423,alice,alice,alice,2,1,1,0,0,17.086522438258594,14.354157291845649,6.527908537753127,37.96858826785737
Dim_Near_20260114_211300_T13,1736911001.0,25,Dim,Near,4,4,1280,720,24.72194747826595,4,3,bob,-1,0,-1.0,-1.0,-1.0,-1.0,-1.0,0.0,unknown,-1.0,unknown,-1.0,-1.0,unknown,unknown,unknown,0,0,0,0,1,17.086522438258594,14.354157291845649,6.527908537753127,37.96858826785737
Dim_Near_20260114_211300_T13,1736911001.04,26,Dim,Near,4,4,1280,720,24.79819472120532,2,0,diana,1,1,0.6727335671747,130.94308884757174,269.91029486284805,216.6221477233177,412.41020266972106,12209.257990773445,diana,0.8982472176371394,alice,0.756404009015045,0.14184320862209443,diana,diana,diana,3,1,1,0,0,11.005571864544171,5.504237966047274,6.0437777637457355,22.55358759433718
Dim_Near_20260114_211300_T13,1736911001.04,26,Dim,Near,4,4,1280,720,24.79819472120532,2,1,chen,2,1,0.6648888384620762,452.25192154399906,208.01142715530182,533.1074995811908,362.5676962334454,12496.73647558505,chen,0.9127259735416533,alice,0.8282128450914111,0.08451312845024217,chen,chen,chen,2,1,1,0,0,11.005571864544171,5.504237966047274,6.0437777637457355,22.55358759433718
Dim_Near_20260114_211300_T13,1736911001.04,26,Dim,Near,4,4,1280,720,24.79819472120532,2,2,alice,3,1,0.7163019713689226,757.4294422974225,313.49614408704434,871.3539172601314,516.7140084987523,23151.488506146798,bob,0.891433766676217,alice,0.8181428643812787,0.07329090229493829,unknown,unknown,unknown,0,0,0,0,0,11.005571864544171,5.504237966047274,6.0437777637457355,22.55358759433718
Dim_Near_20260114_211300_T13,1736911001.04,26,Dim,Near,4,4,1280,720,24.79819472120532,2,3,bob,4,1,0.8554628714492672,1058.2169182400667,229.3231032399674,1158.7792843472644,398.26949428357307,16989.64882861686,bob,0.9118554522242994,alice,0.8139482120355679,0.09790724018873154,bob,bob,bob,2,1,1,0,0,11.005571864544171,5.504237966047274,6.0437777637457355,22.55358759433718
Dim_Near_20260114_211300_T13,1736911001.08,27,Dim,Near,4,4,1280,720,22.644567882207607,1,0,diana,1,1,0.8471596441008209,139.35782014502303,206.13689550276257,238.13870430096773,356.9321989281871,14895.693398927395,diana,0.8564753683886301,alice,0.6859479987909677,0.17052736959766246,diana,diana,diana,3,1,1,0,0,13.282040022973547,13.100215807180989,7.562100549659972,33.94435637981451
Dim_Near_20260114_211300_T13,1736911001.08,27,Dim,Near,4,4,1280,720,22.644567882207607,1,1,chen,2,1,0.7276610329514759,460.2171553055987,238.87259178922255,552.9805193223888,377.7344542372976,12881.29349432022,chen,0.8102299640551094,bob,0.685977571094921,0.12425239296018842,chen,chen,chen,2,1,1,0,0,13.282040022973547,13.100215807180989,7.562100549659972,33.94435637981451
Dim_Near_20260114_211300_T13,1736911001.08,27,Dim,Near,4,4,1280,720,22.644567882207607,1,2,alice,-1,0,-1.0,-1.0,-1.0,-1.0,-1.0,0.0,unknown,-1.0,unknown,-1.0,-1.0,unknown,unknown,unknown,0,0,0,0,1,13.282040022973547,13.100215807180989,7.562100549659972,33.94435637981451
Dim_Near_20260114_211300_T13,1736911001.08,27,Dim,Near,4,4,1280,720,22.644567882207607,1,3,bob,-1,0,-1.0,-1.0,-1.0,-1.0,-1.0,0.0,unknown,-1.0,unknown,-1.0,-1.0,unknown,unknown,unknown,0,0,0,0,1,13.282040022973547,13.100215807180989,7.562100549659972,33.94435637981451
Dim_Near_20260114_211300_T13,1736911001.12,28,Dim,Near,4,4,1280,720,24.330677338782717,0,0,diana,1,1,0.8292793767531113,115.4720920965303,247.04080008022427,221.4290093644066,382.2883803989504,14330.416678511716,diana,0.8958112688686051,chen,0.7336146214996949,0.16219664736891015,diana,diana,diana,2,1,1,0,0,14.619227293808866,8.017058131403996,7.975296848212476,30.611582273425338
Dim_Near_20260114_211300_T13,1736911001.12,28,Dim,Near,4,4,1280,720,24.330677338782717,0,1,chen,-1,0,-1.0,-1.0,-1.0,-1.0,-1.0,0.0,unknown,-1.0,unknown,-1.0,-1.0,unknown,unknown,unknown,0,0,0,0,1,14.619227293808866,8.017058131403996,7.975296848212476,30.611582273425338
Dim_Near_20260114_211300_T13,1736911001.12,28,Dim,Near,4,4,1280,720,24.330677338782717,0,2,alice,3,1,0.629125130469472,770.5066246781655,292.20317158593804,851.7037057261182,455.82266421336504,13285.425203894087,alice,0.8867072836488402,bob,0.7884091694566584,0.09829811419218182,alice,alice,alice,2,1,1,0,0,14.619227293808866,8.017058131403996,7.975296848212476,30.611582273425338
Dim_Near_20260114_211300_T13,1736911001.12,28,Dim,Near,4,4,1280,720,24.330677338782717,0,3,bob,4,1,0.8342116277328225,1059.9276005832246,269.8706206326149,1184.6150451564602,417.73220092786755,18436.482597575337,bob,0.8419269871861889,alice,0.6912724384486411,0.1506545487375478,bob,bob,bob,2,1,1,0,0,14.619227293808866,8.017058131403996,7.975296848212476,30.611582273425338
Dim_Near_20260114_211300_T13,1736911001.16,29,Dim,Near,4,4,1280,720,25.269981510627474,0,0,diana,1,1,0.8604799818221511,117.25463440378198,160.6572420582104,217.78933183032197,306.64284969345624,14676.618892239028,alice,0.6263771490070734,chen,0.5535319664333562,0.0728451825737172,unknown,unknown,unknown,0,0,0,0,0,19.35994890750067,9.373681417757748,13.679792983321647,42.413423308580064
Dim_Near_20260114_211300_T13,1736911001.16,29,Dim,Near,4,4,1280,720,25.269981510627474,0,1,chen,2,1,0.707885562468051,429.44068894630266,253.69292855664895,546.3316921051717,427.77801459969766,20348.98034256999,chen,0.8931288762543398,bob,0.7146446963056108,0.178484179948729,chen,chen,chen,2,1,1,0,0,19.35994890750067,9.373681417757748,13.679792983321647,42.413423308580064
Dim_Near_20260114_211300_T13,1736911001.16,29,Dim,Near,4,4,1280,720,25.269981510627474,0,2,alice,3,1,0.7132375539684801,756.7434671955274,240.26181764705026,878.6213290071825,449.1823537944174,25462.788234185697,alice,0.8999385134806326,chen,0.7940667958647546,0.10587171761587799,alice,alice,alice,2,1,1,0,0,19.35994890750067,9.373681417757748,13.679792983321647,42.413423308580064
Dim_Near_20260114_211300_T13,1736911001.16,29,Dim,Near,4,4,1280,720,25.269981510627474,0,3,bob,4,1,0.7314355649687652,1098.1644774859642,268.998436645105,1179.6318978895556,457.6244002597158,15366.870676824032,bob,0.8188282465029731,alice,0.6599422050491343,0.1588860414538389,bob,bob,bob,3,1,1,0,0,19.35994890750067,9.373681417757748,13.679792983321647,42.413423308580064
Dim_Near_20260114_211300_T13,1736911001.2,30,Dim,Near,4,4,1280,720,27.018914689807776,1,0,diana,1,1,0.7119823679442285,107.05818005439652,278.48181139194355,230.28806693071238,416.0026273527965,16946.674593994558,diana,0.8969315322848892,alice,0.7906952351934294,0.10623629709145976,diana,diana,diana,2,1,1,0,0,16.786719191290164,14.853783846085799,14.137659732501278,45.77816276987724
Dim_Near_20260114_211300_T13,1736911001.2,30,Dim,Near,4,4,1280,720,27.018914689807776,1,1,chen,2,1,0.7213461528351547,430.1012148504421,265.63105254080233,542.732788719021,404.642179568645,15657.042022390864,chen,0.8635656512895591,diana,0.721808898289809,0.1417567529997501,chen,chen,chen,3,1,1,0,0,16.786719191290164,14.853783846085799,14.137659732501278,45.77816276987724
Dim_Near_20260114_211300_T13,1736911001.2,30,Dim,Near,4,4,1280,720,27.018914689807776,1,2,alice,3,1,0.7878163020634089,765.3262340583541,292.53751199697,872.755433743668,502.4114630596216,22546.590597455408,alice,0.9371025246968059,chen,0.8327068806053575,0.10439564409144841,alice,alice,alice,3,1,1,0,0,16.786719191290164,14.853783846085799,14.137659732501278,45.77816276987724
Dim_Near_20260114_211300_T13,1736911001.2,30,Dim,Near,4,4,1280,720,27.018914689807776,1,3,bob,4,1,0.8110427735911382,1057.8675626799184,263.48902256612917,1144.6456626592455,458.05862636738505,16884.38053160346,chen,0.7658948577370517,bob,0.6776730725898082,0.08822178514724344,chen,chen,chen,1,0,0,1,0,16.786719191290164,14.853783846085799,14.137659732501278,45.77816276987724
Dim_Near_20260114_211300_T13,1736911001.24,31,Dim,Near,4,4,1280,720,24.4443109765567,1,0,diana,1,1,0.9225177749036504,108.93226882660659,235.4046139675347,210.12684635439163,375.57710564167314,14184.696075981408,diana,0.8430418077092596,bob,0.730497969574252,0.11254383813500768,diana,diana,diana,1,1,1,0,0,13.231999896870573,9.493046064083112,13.544430761303994,36.26947672225768
Dim_Near_20260114_211300_T13,1736911001.24,31,Dim,Near,4,4,1280,720,24.4443109765567,1,1,chen,2,1,0.8156603127740268,424.4301583622497,211.03676505465407,506.5209575510371,397.67480025182977,15321.265468361185,chen,0.8138169753875011,diana,0.7090460836560023,0.10477089173149878,chen,chen,chen,1,1,1,0,0,13.231999896870573,9.493046064083112,13.544430761303994,36.26947672225768
Dim_Near_20260114_211300_T13,1736911001.24,31,Dim,Near,4,4,1280,720,24.4443109765567,1,2,alice,3,1,0.7303140594236825,757.5510781476344,218.8664086138652,866.5214896245366,382.2443441810116,17803.360864998762,alice,0.8535635158852042,chen,0.7161758735166055,0.13738764236859868,alice,alice,alice,2,1,1,0,0,13.231999896870573,9.493046064083112,13.544430761303994,36.26947672225768
Dim_Near_20260114_211300_T13,1736911001.24,31,Dim,Near,4,4,1280,720,24.4443109765567,1,3,bob,4,1,0.7691986071491194,1061.4934800936194,280.1728606157612,1172.7017083311316,432.1837309974948,16904.85956799472,bob,0.8928394633045552,diana,0.7303773378747006,0.1624621254298546,bob,bob,bob,2,1,1,0,0,13.231999896870573,9.493046064083112,13.544430761303994,36.26947672225768
Dim_Near_20260114_211300_T13,1736911001.28,32,Dim,Near,4,4,1280,720,24.73213287511055,1,0,diana,1,1,0.6109328631869855,45.97986375111524,221.5026844853241,164.7065835168138,354.1483603406239,15748.58598540387,alice,0.6784585090325683,bob,0.6245924940936025,0.05386601493896581,unknown,unknown,unknown,0,0,0,0,0,19.816289298620287,13.384443183368106,7.860265166756793,41.060997648745186
Dim_Near_20260114_211300_T13,1736911001.28,32,Dim,Near,4,4,1280,720,24.73213287511055,1,1,chen,2,1,0.9292647981068528,418.5941728675373,219.07087841302766,519.6939422996847,409.3450849490756,19236.678409679254,chen,0.7482862342066916,bob,0.6851376980341598,0.0631485361725318,chen,chen,chen,3,1,1,0,0,19.816289298620287,13.384443183368106,7.860265166756793,41.060997648745186
Dim_Near_20260114_211300_T13,1736911001.28,32,Dim,Near,4,4,1280,720,24.73213287511055,1,2,alice,3,1,0.6069813915038736,725.3377406508516,271.51511751164276,848.5652866996065,429.5987630093912,19480.25970512884,alice,0.8870249122430135,bob,0.7954660218542624,0.09155889038875109,alice,alice,alice,2,1,1,0,0,19.816289298620287,13.384443183368106,7.860265166756793,41.060997648745186
Dim_Near_20260114_211300_T13,1736911001.28,32,Dim,Near,4,4,1280,720,24.73213287511055,1,3,bob,-1,0,-1.0,-1.0,-1.0,-1.0,-1.0,0.0,unknown,-1.0,unknown,-1.0,-1.0,unknown,unknown,unknown,0,0,0,0,1,19.816289298620287,13.384443183368106,7.860265166756793,41.060997648745186
Dim_Near_20260114_211300_T13,1736911001.32,33,Dim,Near,4,4,1280,720,26.547667905321156,1,0,diana,1,1,0.8920919840107471,106.1516378131626,316.3214900550474,191.01756862727802,472.8161100020944,13281.061589207378,diana,0.8783689060629731,alice,0.7332156521054235,0.14515325395754963,diana,diana,diana,2,1,1,0,0,10.077213060911385,9.74507264774044,8.757479441386128,28.57976515003795
Dim_Near_20260114_211300_T13,1736911001.32,33,Dim,Near,4,4,1280,720,26.547667905321156,1,1,chen,2,1,0.7906234857029204,422.07677443471033,184.21524881917557,528.5333013181892,396.2212136007246,22569.41868922484,chen,0.920578978046485,alice,0.7799407897808859,0.14063818826559915,chen,chen,chen,2,1,1,0,0,10.077213060911385,9.74507264774044,8.757479441386128,28.57976515003795
Dim_Near_20260114_211300_T13,1736911001.32,33,Dim,Near,4,4,1280,720,26.547667905321156,1,2,alice,3,1,0.7657551115736845,765.8356489009749,205.96508541762694,875.1571548949902,366.4493364521792,17544.38001141886,alice,0.8534780431898684,chen,0.7072781770853098,0.1461998661045586,alice,alice,alice,3,1,1,0,0,10.077213060911385,9.74507264774044,8.757479441386128,28.57976515003795
Dim_Near_20260114_211300_T13,1736911001.32,33,Dim,Near,4,4,1280,720,26.547667905321156,1,3,bob,4,1,0.6662388185382608,1038.6511305394545,255.6949234804971,1147.3912169637554,410.05018926874857,16784.6049418604,bob,0.8393165109008464,diana,0.67604774502816,0.16326876587268635,bob,bob,bob,2,1,1,0,0,10.077213060911385,9.74507264774044,8.757479441386128,28.57976515003795
Dim_Near_20260114_211300_T13,1736911001.36,34,Dim,Near,4,4,1280,720,24.205881292575928,1,0,diana,1,1,0.7520863334249954,105.8626378509755,203.29273614268402,211.68791220635916,411.25803791020826,22007.985115948406,diana,0.8696371648994913,bob,0.6965722799215568,0.17306488497793449,diana,diana,diana,1,1,1,0,0,17.099068654726334,15.130874361801364,6.242703641837998,38.4726466583657
Dim_Near_20260114_211300_T13,1736911001.36,34,Dim,Near,4,4,1280,720,24.205881292575928,1,1,chen,2,1,0.7177841233629348,426.53095973517236,238.23012234499205,532.4281611208721,450.57482720098585,22486.70997332215,chen,0.9225160880527112,bob,0.835038385649792,0.08747770240291919,chen,chen,chen,3,1,1,0,0,17.099068654726334,15.130874361801364,6.242703641837998,38.4726466583657
Dim_Near_20260114_211300_T13,1736911001.36,34,Dim,Near,4,4,1280,720,24.205881292575928,1,2,alice,3,1,0.7769485101215687,759.5077971255567,209.13529718093537,852.3067049752902,416.3085067683911,19225.44758543983,alice,0.889069277224011,chen,0.783807581423635,0.10526169580037592,alice,alice,alice,2,1,1,0,0,17.099068654726334,15.130874361801364,6.242703641837998,38.4726466583657
Dim_Near_20260114_211300_T13,1736911001.36,34,Dim,Near,4,4,1280,720,24.205881292575928,1,3,bob,-1,0,-1.0,-1.0,-1.0,-1.0,-1.0,0.0,unknown,-1.0,unknown,-1.0,-1.0,unknown,unknown,unknown,0,0,0,0,1,17.099068654726334,15.130874361801364,6.242703641837998,38.4726466583657
Dim_Near_20260114_211300_T13,1736911001.4,35,Dim,Near,4,4,1280,720,24.759065031546783,0,0,diana,1,1,0.787048513548459,102.6531000387062,276.5236739070933,199.4775213569436,409.42003172399495,12867.612940922918,diana,0.863546140897439,bob,0.7812243007808524,0.08232184011658661,diana,diana,diana,2,1,1,0,0,28.14105947424982,22.312830669801897,10.552544051392147,61.006434195443866
Dim_Near_20260114_211300_T13,1736911001.4,35,Dim,Near,4,4,1280,720,24.759065031546783,0,1,chen,2,1,0.8783018782697353,447.09970693591276,220.31468150142825,550.4729710777292,417.00604409652146,20332.628179956362,chen,0.8901281468206116,alice,0.8244608357207922,0.06566731109981938,chen,chen,chen,1,1,1,0,0,28.14105947424982,22.312830669801897,10.552544051392147,61.006434195443866
Dim_Near_20260114_211300_T13,1736911001.4,35,Dim,Near,4,4,1280,720,24.759065031546783,0,2,alice,3,1,0.7437304979172559,768.9762861080393,284.5012284091864,855.9063871997249,434.6767534680563,13054.773574864526,alice,0.8485333051522859,diana,0.6785598998715523,0.16997340528073357,alice,alice,alice,1,1,1,0,0,28.14105947424982,22.312830669801897,10.552544051392147,61.006434195443866
Dim_Near_20260114_211300_T13,1736911001.4,35,Dim,Near,4,4,1280,720,24.759065031546783,0,3,bob,4,1,0.8948940592106978,1085.8602981274707,228.1246451857769,1192.9721683539933,441.72552137118396,22879.189330242836,bob,0.9307740869413894,chen,0.7783041772654845,0.1524699096759049,bob,bob,bob,1,1,1,0,0,28.14105947424982,22.312830669801897,10.552544051392147,61.006434195443866
Dim_Near_20260114_211300_T13,1736911001.44,36,Dim,Near,4,4,1280,720,21.602395773532244,0,0,diana,1,1,0.8040171876775943,96.90284456787282,289.8934691421818,180.07765666014234,487.9314874057223,16471.77495619542,diana,0.8539450171292814,chen,0.7667945362174424,0.08715048091183897,diana,diana,diana,3,1,1,0,0,15.232569985362243,8.64987102727893,4.569616985662783,28.452057998303957
Dim_Near_20260114_211300_T13,1736911001.44,36,Dim,Near,4,4,1280,720,21.602395773532244,0,1,chen,2,1,0.7645124893136153,404.06664812065674,159.59839841629977,507.59644920463245,341.1296969874387,18793.89923158582,chen,0.8030218453048605,alice,0.6304935803688347,0.1725282649360258,chen,chen,chen,3,1,1,0,0,15.232569985362243,8.64987102727893,4.569616985662783,28.452057998303957
Dim_Near_20260114_211300_T13,1736911001.44,36,Dim,Near,4,4,1280,720,21.602395773532244,0,2,alice,3,1,0.762728200048375,756.1977834179744,191.58315761293707,866.2219475766361,398.47200825850007,22762.772866024272,alice,0.7398887141135309,bob,0.6193392943586955,0.12054941975483535,alice,alice,alice,2,1,1,0,0,15.232569985362243,8.64987102727893,4.569616985662783,28.452057998303957
Dim_Near_20260114_211300_T13,1736911001.44,36,Dim,Near,4,4,1280,720,21.602395773532244,0,3,bob,4,1,0.7157977448790395,1070.7089257263212,214.64396718261622,1180.5435094432512,385.0750778187127,18719.23008912969,bob,0.8765210249179047,diana,0.7300138966367486,0.14650712828115608,bob,bob,bob,1,1,1,0,0,15.232569985362243,8.64987102727893,4.569616985662783,28.452057998303957
Dim_Near_20260114_211300_T13,1736911001.48,37,Dim,Near,4,4,1280,720,22.7308914023183,1,0,diana,1,1,0.7529313762126814,126.83046077675576,305.2004788480465,209.08941514154347,488.3810655534844,15068.243522317656,diana,0.8905276313530343,alice,0.7122738142437239,0.17825381710931032,diana,diana,diana,1,1,1,0,0,18.585845457779907,8.790240054024396,9.04164169156934,36.417727203373644
Dim_Near_20260114_211300_T13,1736911001.48,37,Dim,Near,4,4,1280,720,22.7308914023183,1,1,chen,2,1,0.7803542805494859,406.684304141011,274.99002378244,519.7486813582012,427.41964864786536,17234.36060485925,alice,0.843761039675207,chen,0.8165406098767616,0.02722042979844541,alice,alice,alice,1,0,0,1,0,18.585845457779907,8.790240054024396,9.04164169156934,36.417727203373644
Dim_Near_20260114_211300_T13,1736911001.48,37,Dim,Near,4,4,1280,720,22.7308914023183,1,2,alice,-1,0,-1.0,-1.0,-1.0,-1.0,-1.0,0.0,unknown,-1.0,unknown,-1.0,-1.0,unknown,unknown,unknown,0,0,0,0,1,18.585845457779907,8.790240054024396,9.04164169156934,36.417727203373644
Dim_Near_20260114_211300_T13,1736911001.48,37,Dim,Near,4,4,1280,720,22.7308914023183,1,3,bob,4,1,0.7574796397223733,1051.9400335120743,231.69580118895936,1174.1426755644477,363.8020763421926,16143.735855422918,bob,0.8074972466671285,chen,0.7110904593067171,0.09640678736041142,bob,bob,bob,1,1,1,0,0,18.585845457779907,8.790240054024396,9.04164169156934,36.417727203373644
Dim_Near_20260114_211300_T13,1736911001.52,38,Dim,Near,4,4,1280,720,25.32504446367212,1,0,diana,1,1,0.8710286429997197,119.22097725759014,153.8293124189883,213.0114857855671,320.6375038509839,15645.025101038993,diana,0.8262308890793096,chen,0.7148292259153745,0.11140166316393518,diana,diana,diana,3,1,1,0,0,36.93727562073989,16.851602403602765,14.25023382683548,68.03911185117813
Dim_Near_20260114_211300_T13,1736911001.52,38,Dim,Near,4,4,1280,720,25.32504446367212,1,1,chen,2,1,0.556095291720752,430.03829549849934,227.6344788160768,521.2413062923401,416.32165367764935,17208.83844555933,chen,0.8258761499705985,bob,0.7261212036177815,0.09975494635281701,chen,chen,chen,2,1,1,0,0,36.93727562073989,16.851602403602765,14.25023382683548,68.03911185117813
Dim_Near_20260114_211300_T13,1736911001.52,38,Dim,Near,4,4,1280,720,25.32504446367212,1,2,alice,-1,0,-1.0,-1.0,-1.0,-1.0,-1.0,0.0,unknown,-1.0,unknown,-1.0,-1.0,unknown,unknown,unknown,0,0,0,0,1,36.93727562073989,16.851602403602765,14.25023382683548,68.03911185117813
Dim_Near_20260114_211300_T13,1736911001.52,38,Dim,Near,4,4,1280,720,25.32504446367212,1,3,bob,4,1,0.7217980763616336,1053.0766401340256,273.66466192686227,1177.5652842576224,473.8669358695758,24922.909633589283,bob,0.7969173007702777,chen,0.7257833422012965,0.07113395856898119,bob,bob,bob,2,1,1,0,0,36.93727562073989,16.851602403602765,14.25023382683548,68.03911185117813
Dim_Near_20260114_211300_T13,1736911001.56,39,Dim,Near,4,4,1280,720,26.63906156249944,2,0,diana,1,1,0.8257144630317946,136.16598646865123,319.8048348801492,223.60389575054415,468.87801003038317,13034.646765149893,diana,0.845116316657719,alice,0.7031624551154527,0.1419538615422663,diana,diana,diana,2,1,1,0,0,16.97326784305781,10.165601483412186,16.217527096237333,43.35639642270733
Dim_Near_20260114_211300_T13,1736911001.56,39,Dim,Near,4,4,1280,720,26.63906156249944,2,1,chen,2,1,0.9213677457086228,426.39767935126144,306.3516861550289,535.2619358744959,474.21152847836015,18273.936934636815,chen,0.896771947505856,bob,0.8197434207092461,0.07702852679660988,chen,chen,chen,2,1,1,0,0,16.97326784305781,10.165601483412186,16.217527096237333,43.35639642270733
Dim_Near_20260114_211300_T13,1736911001.56,39,Dim,Near,4,4,1280,720,26.63906156249944,2,2,alice,3,1,0.9171284785536323,749.0339333876058,281.3238149495573,873.4205363350833,414.61926396667644,16580.16809159813,alice,0.872005151352853,diana,0.8004896582938269,0.07151549305902605,alice,alice,alice,2,1,1,0,0,16.97326784305781,10.165601483412186,16.217527096237333,43.35639642270733
Dim_Near_20260114_211300_T13,1736911001.56,39,Dim,Near,4,4,1280,720,26.63906156249944,2,3,bob,4,1,0.7552494526240052,1062.2326850735344,218.99494327279496,1156.9612283403453,361.2825031563927,13478.693272762335,bob,0.8589001161828799,diana,0.6971849521065705,0.16171516407630937,bob,bob,bob,3,1,1,0,0,16.97326784305781,10.165601483412186,16.217527096237333,43.35639642270733
Dim_Near_20260114_211300_T13,1736911001.6,40,Dim,Near,4,4,1280,720,28.92814950466936,4,0,diana,1,1,0.8238014777603445,101.8673060621172,204.63825978661959,191.37129755366502,379.59204486685934,15659.062091235865,diana,0.8372853862908698,alice,0.7475144708489625,0.0897709154419073,diana,diana,diana,1,1,1,0,0,8.718279583209288,6.972881744483676,4.156513746559,19.847675074251963
Dim_Near_20260114_211300_T13,1736911001.6,40,Dim,Near,4,4,1280,720,28.92814950466936,4,1,chen,2,1,0.99,397.2253690939006,232.8760410158865,487.95673273243455,432.0918277652015,18075.11999008873,chen,0.8010056746512855,bob,0.7074748817157124,0.09353079293557309,chen,chen,chen,1,1,1,0,0,8.718279583209288,6.972881744483676,4.156513746559,19.847675074251963
Dim_Near_20260114_211300_T13,1736911001.6,40,Dim,Near,4,4,1280,720,28.92814950466936,4,2,alice,3,1,0.7961412496298157,717.5644364735798,251.24365257824067,821.555735531177,396.9276166232588,15149.864672901718,alice,0.8282763920608746,bob,0.6672459631813932,0.16103042887948138,alice,alice,alice,1,1,1,0,0,8.718279583209288,6.972881744483676,4.156513746559,19.847675074251963
Dim_Near_20260114_211300_T13,1736911001.6,40,Dim,Near,4,4,1280,720,28.92814950466936,4,3,bob,4,1,0.7215917718626017,1056.305071754786,285.4234623212802,1168.7457250448363,422.60527758563194,15424.812927838693,bob,0.8019116378819724,diana,0.7167786050534076,0.08513303282856477,bob,bob,bob,1,1,1,0,0,8.718279583209288,6.972881744483676,4.156513746559,19.847675074251963
Dim_Near_20260114_211300_T13,1736911001.64,41,Dim,Near,4,4,1280,720,24.986484910958467,1,0,diana,1,1,0.8322758848126388,127.89622664853918,318.8243577296555,224.48231807105407,521.4821915830103,19573.928068048954,diana,0.8384168923300463,chen,0.7532634276292772,0.08515346470076912,diana,diana,diana,2,1,1,0,0,18.184030547519395,14.862024760616855,8.374938997009398,41.42099430514565
Dim_Near_20260114_211300_T13,1736911001.64,41,Dim,Near,4,4,1280,720,24.986484910958467,1,1,chen,2,1,0.7321575044100271,432.1043641838687,319.2380625743123,536.3037004380266,456.8497902567802,14339.050685301072,chen,0.8930160687863994,alice,0.792847291978187,0.10016877680821235,chen,chen,chen,2,1,1,0,0,18.184030547519395,14.862024760616855,8.374938997009398,41.42099430514565
Dim_Near_20260114_211300_T13,1736911001.64,41,Dim,Near,4,4,1280,720,24.986484910958467,1,2,alice,3,1,0.8602450450154476,762.3501054215058,254.8168627294827,842.9259719358565,433.29569205750016,14381.086327571928,alice,0.8643988661672257,bob,0.7879529947668189,0.07644587140040682,alice,alice,alice,3,1,1,0,0,18.184030547519395,14.862024760616855,8.374938997009398,41.42099430514565
Dim_Near_20260114_211300_T13,1736911001.64,41,Dim,Near,4,4,1280,720,24.986484910958467,1,3,bob,4,1,0.8358745182450196,1079.778125877005,314.7964276226709,1193.4562989672145,444.55233842498217,14750.414887662913,bob,0.8200447042763389,chen,0.6638221430637465,0.15622256121259237,bob,bob,bob,1,1,1,0,0,18.184030547519395,14.862024760616855,8.374938997009398,41.42099430514565
Dim_Near_20260114_211300_T13,1736911001.68,42,Dim,Near,4,4,1280,720,27.1108682340142,1,0,diana,1,1,0.7427921465577858,103.10089490018387,174.4387976818512,187.7344192143125,347.0308792060036,14607.076128100422,diana,0.877598944534386,bob,0.756088618605576,0.12151032592881006,diana,diana,diana,1,1,1,0,0,22.645832170725527,11.50064014043621,11.147698413215558,45.294170724377295
Dim_Near_20260114_211300_T13,1736911001.68,42,Dim,Near,4,4,1280,720,27.1108682340142,1,1,chen,-1,0,-1.0,-1.0,-1.0,-1.0,-1.0,0.0,unknown,-1.0,unknown,-1.0,-1.0,unknown,unknown,unknown,0,0,0,0,1,22.645832170725527,11.50064014043621,11.147698413215558,45.294170724377295
Dim_Near_20260114_211300_T13,1736911001.68,42,Dim,Near,4,4,1280,720,27.1108682340142,1,2,alice,3,1,0.8845800038124699,741.022925912826,251.51109686429785,830.0467548686689,413.6179458429202,14431.372396043529,alice,0.9738115525184312,bob,0.8842666429263301,0.08954490959210115,alice,alice,alice,2,1,1,0,0,22.645832170725527,11.50064014043621,11.147698413215558,45.294170724377295
Dim_Near_20260114_211300_T13,1736911001.68,42,Dim,Near,4,4,1280,720,27.1108682340142,1,3,bob,4,1,0.8735398370423585,1048.672189605887,309.05145919340384,1155.2715870745164,453.091426891947,15354.573768065537,bob,0.948429662582176,diana,0.8537637186065997,0.09466594397557626,bob,bob,bob,2,1,1,0,0,22.645832170725527,11.50064014043621,11.147698413215558,45.294170724377295
Dim_Near_20260114_211300_T13,1736911001.72,43,Dim,Near,4,4,1280,720,23.37610905797602,0,0,diana,1,1,0.6983225556752732,120.84684503941811,226.60537684996143,212.7340589640474,358.9235109292666,12158.344692252896,diana,0.7672471309974704,chen,0.6817081239381553,0.08553900705931516,diana,diana,diana,2,1,1,0,0,21.147328061942225,15.206759255165348,7.485089581232689,43.83917689834026
Dim_Near_20260114_211300_T13,1736911001.72,43,Dim,Near,4,4,1280,720,23.37610905797602,0,1,chen,2,1,0.7406975028768934,460.0709080087211,270.8744104535905,546.5549655751561,433.12845038381465,14032.387729712143,chen,0.8631239582981879,bob,0.7231605075623359,0.13996345073585204,chen,chen,chen,2,1,1,0,0,21.147328061942225,15.206759255165348,7.485089581232689,43.83917689834026
Dim_Near_20260114_211300_T13,1736911001.72,43,Dim,Near,4,4,1280,720,23.37610905797602,0,2,alice,3,1,0.8192213382920887,754.6160842320446,224.23296664198665,850.6482576450971,359.79377020324694,13018.198595607697,alice,0.8947629571499554,diana,0.7547551763669934,0.14000778078296194,alice,alice,alice,2,1,1,0,0,21.147328061942225,15.206759255165348,7.485089581232689,43.83917689834026
Dim_Near_20260114_211300_T13,1736911001.72,43,Dim,Near,4,4,1280,720,23.37610905797602,0,3,bob,-1,0,-1.0,-1.0,-1.0,-1.0,-1.0,0.0,unknown,-1.0,unknown,-1.0,-1.0,unknown,unknown,unknown,0,0,0,0,1,21.147328061942225,15.206759255165348,7.485089581232689,43.83917689834026
Dim_Near_20260114_211300_T13,1736911001.76,44,Dim,Near,4,4,1280,720,24.110931090337996,2,0,diana,1,1,0.8644191276284581,126.52580619803337,263.16703994529416,212.63460515266593,441.7813769801006,15380.26603814513,diana,0.9293328665490662,alice,0.8514671884693157,0.07786567807975053,diana,diana,diana,2,1,1,0,0,17.11505198800344,10.67540233841677,8.344352090580017,36.13480641700023
Dim_Near_20260114_211300_T13,1736911001.76,44,Dim,Near,4,4,1280,720,24.110931090337996,2,1,chen,2,1,0.6904707855358063,428.0412066334864,291.8107236171075,545.6159880875953,503.0691722180857,24838.665924594105,chen,0.8164824775655095,diana,0.7375050469439884,0.07897743062152107,chen,chen,chen,1,1,1,0,0,17.11505198800344,10.67540233841677,8.344352090580017,36.13480641700023
Dim_Near_20260114_211300_T13,1736911001.76,44,Dim,Near,4,4,1280,720,24.110931090337996,2,2,alice,3,1,0.7801713415327347,744.0447624830226,301.378849630014,860.7643090348831,460.2743991171909,18546.216485252004,alice,0.8278767350943322,diana,0.7124223494305129,0.11545438566381938,alice,alice,alice,2,1,1,0,0,17.11505198800344,10.67540233841677,8.344352090580017,36.13480641700023
Dim_Near_20260114_211300_T13,1736911001.76,44,Dim,Near,4,4,1280,720,24.110931090337996,2,3,bob,4,1,0.6639583929126689,1099.5630591718118,216.52913896467697,1215.207060353563,394.32515040377035,20561.042156973177,bob,0.9107795747935015,chen,0.8171825704253319,0.09359700436816953,bob,bob,bob,2,1,1,0,0,17.11505198800344,10.67540233841677,8.344352090580017,36.13480641700023
Dim_Near_20260114_211300_T13,1736911001.8,45,Dim,Near,4,4,1280,720,27.845337124911456,1,0,diana,1,1,0.7262359995368098,131.45637232177776,296.78228688717286,215.76823716902632,442.68820992889357,12301.600463906605,diana,0.9224428520448947,alice,0.7426031041024406,0.17983974794245416,diana,diana,diana,2,1,1,0,0,18.578508580075813,13.90629254114174,7.711522412593807,40.19632353381136
Dim_Near_20260114_211300_T13,1736911001.8,45,Dim,Near,4,4,1280,720,27.845337124911456,1,1,chen,2,1,0.7418438168819074,438.28440247859885,217.91039040859323,550.3945178158998,381.33707867704254,18321.784870968982,chen,0.8243582416306365,diana,0.6738342073403937,0.15052403429024286,chen,chen,chen,2,1,1,0,0,18.578508580075813,13.90629254114174,7.711522412593807,40.19632353381136
Dim_Near_20260114_211300_T13,1736911001.8,45,Dim,Near,4,4,1280,720,27.845337124911456,1,2,alice,3,1,0.755983479919945,736.9401069746716,274.46682004122175,847.4607206700532,422.79011512793846,16392.781598305108,chen,0.6824815894817369,bob,0.6604988916716533,0.02198269781008355,unknown,unknown,unknown,0,0,0,0,0,18.578508580075813,13.90629254114174,7.711522412593807,40.19632353381136
Dim_Near_20260114_211300_T13,1736911001.8,45,Dim,Near,4,4,1280,720,27.845337124911456,1,3,bob,4,1,0.6020005450868676,1059.1641107056205,238.54952339679335,1141.6015129063546,390.2950251271392,12509.504958296719,bob,0.8669992805622705,alice,0.7457058112021386,0.12129346936013186,bob,bob,bob,2,1,1,0,0,18.578508580075813,13.90629254114174,7.711522412593807,40.19632353381136
Dim_Near_20260114_211300_T13,1736911001.84,46,Dim,Near,4,4,1280,720,24.676541706380924,2,0,diana,1,1,0.8280451233046364,123.3701526722121,175.58777500309495,211.6730704203477,376.32463929271364,17725.65081638486,diana,0.9052140440117249,bob,0.8373825583830121,0.06783148562871277,diana,diana,diana,2,1,1,0,0,16.51026525508153,7.829658795973434,14.247824012202301,38.587748063257266
Dim_Near_20260114_211300_T13,1736911001.84,46,Dim,Near,4,4,1280,720,24.676541706380924,2,1,chen,2,1,0.8218964197569396,430.4950967996302,237.73119880762317,530.2936245940041,442.7773478560432,20463.30380493808,chen,0.5878187189734084,alice,0.5223282798442103,0.06549043912919816,unknown,unknown,unknown,0,0,0,0,0,16.51026525508153,7.829658795973434,14.247824012202301,38.587748063257266
Dim_Near_20260114_211300_T13,1736911001.84,46,Dim,Near,4,4,1280,720,24.676541706380924,2,2,alice,3,1,0.8259520442247812,763.5451795850577,261.5029444789386,886.3076171880928,428.5768317195357,20510.39765747032,alice,0.8476121053148717,chen,0.6955968893283327,0.152015215986539,alice,alice,alice,2,1,1,0,0,16.51026525508153,7.829658795973434,14.247824012202301,38.587748063257266
Dim_Near_20260114_211300_T13,1736911001.84,46,Dim,Near,4,4,1280,720,24.676541706380924,2,3,bob,-1,0,-1.0,-1.0,-1.0,-1.0,-1.0,0.0,unknown,-1.0,unknown,-1.0,-1.0,unknown,unknown,unknown,0,0,0,0,1,16.51026525508153,7.829658795973434,14.247824012202301,38.587748063257266
Dim_Near_20260114_211300_T13,1736911001.88,47,Dim,Near,4,4,1280,720,23.597506307172427,2,0,diana,1,1,0.7456457519575154,104.47529422176453,259.0449197503428,197.70762996356686,433.60551108069325,16274.691658198783,chen,0.7758298424112282,diana,0.698011552987386,0.07781828942384217,chen,chen,chen,1,0,0,1,0,25.418983301933515,15.729575410456986,12.153161520977564,53.301720233368066
Dim_Near_20260114_211300_T13,1736911001.88,47,Dim,Near,4,4,1280,720,23.597506307172427,2,1,chen,2,1,0.7059511221295208,430.08807169109133,238.41295053202919,551.6371850151103,415.995955655874,21585.056814218053,chen,0.921245316853314,bob,0.8604173287041997,0.060827988149114276,chen,chen,chen,3,1,1,0,0,25.418983301933515,15.729575410456986,12.153161520977564,53.301720233368066
Dim_Near_20260114_211300_T13,1736911001.88,47,Dim,Near,4,4,1280,720,23.597506307172427,2,2,alice,3,1,0.6610850255706715,756.9983765853888,216.51194962883,847.7631135595286,376.4712234315859,14518.661413281558,alice,0.9081863109298085,bob,0.764558931401769,0.1436273795280395,alice,alice,alice,2,1,1,0,0,25.418983301933515,15.729575410456986,12.153161520977564,53.301720233368066
Dim_Near_20260114_211300_T13,1736911001.88,47,Dim,Near,4,4,1280,720,23.597506307172427,2,3,bob,4,1,0.7785366960820208,1100.0990286008102,186.64695125664144,1195.189937563174,392.32223081851174,19557.84928462652,bob,0.7039457999820098,alice,0.6310098027546697,0.07293599722734012,unknown,unknown,unknown,0,0,0,0,0,25.418983301933515,15.729575410456986,12.153161520977564,53.301720233368066
Dim_Near_20260114_211300_T13,1736911001.92,48,Dim,Near,4,4,1280,720,22.17164216714641,0,0,diana,-1,0,-1.0,-1.0,-1.0,-1.0,-1.0,0.0,unknown,-1.0,unknown,-1.0,-1.0,unknown,unknown,unknown,0,0,0,0,1,8.657986723378373,8.161845921840067,5.70310075883663,22.52293340405507
Dim_Near_20260114_211300_T13,1736911001.92,48,Dim,Near,4,4,1280,720,22.17164216714641,0,1,chen,2,1,0.8071873342801409,416.4489019149733,256.4864331540455,512.3720193256647,415.41500462038965,15244.92402067959,chen,0.9556865387126506,diana,0.8407449723207242,0.11494156639192643,chen,chen,chen,3,1,1,0,0,8.657986723378373,8.161845921840067,5.70310075883663,22.52293340405507
Dim_Near_20260114_211300_T13,1736911001.92,48,Dim,Near,4,4,1280,720,22.17164216714641,0,2,alice,3,1,0.8232195001270417,788.5040988374428,187.14097071916825,874.6929310590369,366.5498750283177,15463.043952561313,bob,0.6201032824915201,diana,0.5773635819599713,0.04273970053154885,unknown,unknown,unknown,0,0,0,0,0,8.657986723378373,8.161845921840067,5.70310075883663,22.52293340405507
Dim_Near_20260114_211300_T13,1736911001.92,48,Dim,Near,4,4,1280,720,22.17164216714641,0,3,bob,4,1,0.770881996698459,1079.8157165641855,247.35338231422855,1167.0648970594157,447.80845969327964,17489.54122743015,bob,0.7949395058376567,chen,0.6545279911835606,0.14041151465409607,bob,bob,bob,2,1,1,0,0,8.657986723378373,8.161845921840067,5.70310075883663,22.52293340405507
Dim_Near_20260114_211300_T13,1736911001.96,49,Dim,Near,4,4,1280,720,27.074353749968804,0,0,diana,1,1,0.7101090946745325,102.14487061759483,258.64281498772476,219.01591382226962,433.59286979089796,20446.595413561878,alice,0.88642633116553,diana,0.8134720155990379,0.07295431556649212,alice,alice,alice,1,0,0,1,0,6.978297777655834,4.439721177121256,6.3919643884770485,17.80998334325414
Dim_Near_20260114_211300_T13,1736911001.96,49,Dim,Near,4,4,1280,720,27.074353749968804,0,1,chen,2,1,0.6553781201407272,449.03508188484244,246.87225874794146,551.0748110627353,459.6681076600968,21713.630793176137,chen,0.8789208290883386,diana,0.782438296283477,0.09648253280486152,chen,chen,chen,1,1,1,0,0,6.978297777655834,4.439721177121256,6.3919643884770485,17.80998334325414
Dim_Near_20260114_211300_T13,1736911001.96,49,Dim,Near,4,4,1280,720,27.074353749968804,0,2,alice,3,1,0.8124226757896762,744.6807119514081,278.71175005520064,826.1531300851359,416.7115545161657,11243.177771416424,alice,0.8220869364890295,chen,0.6836684420328287,0.1384184944562008,alice,alice,alice,2,1,1,0,0,6.978297777655834,4.439721177121256,6.3919643884770485,17.80998334325414
Dim_Near_20260114_211300_T13,1736911001.96,49,Dim,Near,4,4,1280,720,27.074353749968804,0,3,bob,4,1,0.8082783573617704,1092.4912544504614,206.99718242353416,1188.5255891003444,415.9609008938062,20067.691669258045,bob,0.8609575454521472,chen,0.7335696454968317,0.12738789995531552,bob,bob,bob,2,1,1,0,0,6.978297777655834,4.439721177121256,6.3919643884770485,17.80998334325414
Dim_Near_20260114_211300_T13,1736911002.0,50,Dim,Near,4,4,1280,720,21.847395714805213,1,0,diana,1,1,0.7653954339282026,117.5217308109614,178.0200195558502,216.5396852748733,346.8484459309344,16717.04543502199,bob,0.5916048800621704,chen,0.5477271721357528,0.04387770792641754,unknown,unknown,unknown,0,0,0,0,0,21.0076508193141,10.769332981761307,16.308013354282792,48.0849971553582
Dim_Near_20260114_211300_T13,1736911002.0,50,Dim,Near,4,4,1280,720,21.847395714805213,1,1,chen,2,1,0.745657490965913,474.36008680866524,233.05820495465164,583.0291031227117,441.7360549184707,22676.816682098397,chen,0.8779918353926625,diana,0.7305699256674298,0.1474219097252326,chen,chen,chen,1,1,1,0,0,21.0076508193141,10.769332981761307,16.308013354282792,48.0849971553582
Dim_Near_20260114_211300_T13,1736911002.0,50,Dim,Near,4,4,1280,720,21.847395714805213,1,2,alice,3,1,0.7431516290440505,728.7170098864899,296.92645285530915,852.1185320828997,430.3935743036771,16470.0459499017,alice,0.8332917291653976,diana,0.7437790397067315,0.08951268945866608,alice,alice,alice,1,1,1,0,0,21.0076508193141,10.769332981761307,16.308013354282792,48.0849971553582
Dim_Near_20260114_211300_T13,1736911002.0,50,Dim,Near,4,4,1280,720,21.847395714805213,1,3,bob,4,1,0.7196449249363858,1073.1697356627997,260.5809307743683,1186.1762764829186,457.4427468494413,22246.672854210487,bob,0.818272040647066,chen,0.716788341280237,0.101483699366829,bob,bob,bob,2,1,1,0,0,21.0076508193141,10.769332981761307,16.308013354282792,48.0849971553582
Dim_Near_20260114_211300_T13,1736911002.04,51,Dim,Near,4,4,1280,720,25.119063641474856,3,0,diana,1,1,0.708173493413627,109.77673740079294,284.0695388151412,200.30233014814857,442.78641621941847,14367.939406031577,diana,0.8699555884754412,alice,0.7534448401808516,0.11651074829458963,diana,diana,diana,2,1,1,0,0,21.047208051904864,11.258587605152524,6.253987494856993,38.55978315191438
Dim_Near_20260114_211300_T13,1736911002.04,51,Dim,Near,4,4,1280,720,25.119063641474856,3,1,chen,2,1,0.7653021743041233,413.241175152669,284.85866706303653,516.4407594858851,439.4525709503161,15954.026621616418,chen,0.8192748602313913,alice,0.7239061463043994,0.09536871392699187,chen,chen,chen,1,1,1,0,0,21.047208051904864,11.258587605152524,6.253987494856993,38.55978315191438
Dim_Near_20260114_211300_T13,1736911002.04,51,Dim,Near,4,4,1280,720,25.119063641474856,3,2,alice,3,1,0.8322089259770032,740.2202560756962,217.76206925716355,823.3844313777556,380.3423660121039,13520.856299988709,alice,0.8334035654268471,bob,0.6764765677227998,0.15692699770404728,alice,alice,alice,2,1,1,0,0,21.047208051904864,11.258587605152524,6.253987494856993,38.55978315191438
Dim_Near_20260114_211300_T13,1736911002.04,51,Dim,Near,4,4,1280,720,25.119063641474856,3,3,bob,4,1,0.7498941091885252,1071.6265836857206,256.60172419219555,1193.0054371962383,444.95859894183866,22862.541507935868,bob,0.8614838739094113,diana,0.7999972801229032,0.061486593786508115,bob,bob,bob,1,1,1,0,0,21.047208051904864,11.258587605152524,6.253987494856993,38.55978315191438
Dim_Near_20260114_211300_T13,1736911002.08,52,Dim,Near,4,4,1280,720,22.721526337159688,0,0,diana,-1,0,-1.0,-1.0,-1.0,-1.0,-1.0,0.0,unknown,-1.0,unknown,-1.0,-1.0,unknown,unknown,unknown,0,0,0,0,1,12.754338406606887,8.128889222350647,2.6080901715900815,23.491317800547616
Dim_Near_20260114_211300_T13,1736911002.08,52,Dim,Near,4,4,1280,720,22.721526337159688,0,1,chen,2,1,0.7747606390037887,430.7056335358392,203.16363250872237,547.793601435452,417.30224395761934,25073.05486339612,chen,0.8965425010516093,diana,0.8033404225930342,0.09320207845857509,chen,chen,chen,1,1,1,0,0,12.754338406606887,8.128889222350647,2.6080901715900815,23.491317800547616
Dim_Near_20260114_211300_T13,1736911002.08,52,Dim,Near,4,4,1280,720,22.721526337159688,0,2,alice,3,1,0.833497804242793,728.1866411262106,197.18257158858088,852.6117715682415,370.324629607574,21543.2231540149,alice,0.8219099584142986,diana,0.7281976642406939,0.09371229417360472,alice,alice,alice,2,1,1,0,0,12.754338406606887,8.128889222350647,2.6080901715900815,23.491317800547616
Dim_Near_20260114_211300_T13,1736911002.08,52,Dim,Near,4,4,1280,720,22.721526337159688,0,3,bob,4,1,0.7339249393120346,1088.921753060381,301.63110811888674,1193.6094869398667,465.70926652741235,17176.970582907823,bob,0.8644468417081778,alice,0.7463861064808626,0.1180607352273152,bob,bob,bob,2,1,1,0,0,12.754338406606887,8.128889222350647,2.6080901715900815,23.491317800547616
Dim_Near_20260114_211300_T13,1736911002.12,53,Dim,Near,4,4,1280,720,22.721058002097095,1,0,diana,1,1,0.7728779455527154,138.28090425802623,214.69691169617892,226.94273230541938,384.71637056316416,15074.23602677548,diana,0.8585169439704278,alice,0.7691398151042462,0.08937712886618154,diana,diana,diana,3,1,1,0,0,32.070133888128275,16.497998699705438,10.787713859698083,59.355846447531796
Dim_Near_20260114_211300_T13,1736911002.12,53,Dim,Near,4,4,1280,720,22.721058002097095,1,1,chen,2,1,0.761798399375629,439.7478222309689,281.114336152552,540.7968603551611,422.8128492493944,14318.498452064177,chen,0.8447737225135128,bob,0.6787470783252774,0.16602664418823543,chen,chen,chen,2,1,1,0,0,32.070133888128275,16.497998699705438,10.787713859698083,59.355846447531796
Dim_Near_20260114_211300_T13,1736911002.12,53,Dim,Near,4,4,1280,720,22.721058002097095,1,2,alice,3,1,0.773043362271906,768.2243457079669,204.55700043629025,870.7584482348066,396.7852102176981,19709.946970277713,alice,0.9002635450250362,bob,0.8051295970178546,0.09513394800718167,alice,alice,alice,2,1,1,0,0,32.070133888128275,16.497998699705438,10.787713859698083,59.355846447531796
Dim_Near_20260114_211300_T13,1736911002.12,53,Dim,Near,4,4,1280,720,22.721058002097095,1,3,bob,4,1,0.7807029079508337,1083.297989766212,215.02618134645297,1181.4453524028002,345.71908298956714,12827.163611594686,bob,0.6976451614955768,chen,0.6184606562646284,0.07918450523094833,bob,bob,bob,2,1,1,0,0,32.070133888128275,16.497998699705438,10.787713859698083,59.355846447531796
Dim_Near_20260114_211300_T13,1736911002.16,54,Dim,Near,4,4,1280,720,24.108101598866373,3,0,diana,1,1,0.7759799825906353,124.45708902747208,213.70916945576585,218.24761457795887,372.610816305223,14903.468968848441,diana,0.8441405884489633,chen,0.7314440376272445,0.11269655082171881,diana,diana,diana,2,1,1,0,0,19.13535149903694,13.982928410450524,15.960032116062015,49.07831202554948
Dim_Near_20260114_211300_T13,1736911002.16,54,Dim,Near,4,4,1280,720,24.108101598866373,3,1,chen,2,1,0.7266705552638781,402.4483717134599,201.65858872912287,513.9113376436652,374.64709836308333,19281.81235564713,chen,0.9103504267029541,alice,0.8182047134413829,0.09214571326157117,chen,chen,chen,2,1,1,0,0,19.13535149903694,13.982928410450524,15.960032116062015,49.07831202554948
Dim_Near_20260114_211300_T13,1736911002.16,54,Dim,Near,4,4,1280,720,24.108101598866373,3,2,alice,3,1,0.7533799111562673,737.1662217685003,272.27926237460514,836.5635875695294,414.5228389356143,14138.636812281313,alice,0.9302309455468696,bob,0.8339943176147625,0.09623662793210708,alice,alice,alice,3,1,1,0,0,19.13535149903694,13.982928410450524,15.960032116062015,49.07831202554948
Dim_Near_20260114_211300_T13,1736911002.16,54,Dim,Near,4,4,1280,720,24.108101598866373,3,3,bob,4,1,0.8451641658455984,1085.9914986815897,282.4284493308588,1189.0534420910035,489.07646505756145,21297.546102493066,alice,0.8652128462745214,bob,0.8368441823798972,0.028368663894624224,alice,alice,alice,1,0,0,1,0,19.13535149903694,13.982928410450524,15.960032116062015,49.07831202554948
Dim_Near_20260114_211300_T13,1736911002.2,55,Dim,Near,4,4,1280,720,20.985381119331127,0,0,diana,1,1,0.7804230072715073,82.38594053241296,226.23814904510652,197.4325237677201,381.8428923872941,17901.79405672559,diana,0.8171681245370492,chen,0.6381658360739968,0.17900228846305244,diana,diana,diana,1,1,1,0,0,14.037352512308539,9.976612356633945,3.783453554988931,27.797418423931415
Dim_Near_20260114_211300_T13,1736911002.2,55,Dim,Near,4,4,1280,720,20.985381119331127,0,1,chen,2,1,0.7357665352429458,438.6283483098588,190.59739713339604,526.8535329307833,394.16609759783023,17959.886181516395,chen,0.9462510264105483,alice,0.7988275605555517,0.14742346585499655,chen,chen,chen,2,1,1,0,0,14.037352512308539,9.976612356633945,3.783453554988931,27.797418423931415
Dim_Near_20260114_211300_T13,1736911002.2,55,Dim,Near,4,4,1280,720,20.985381119331127,0,2,alice,3,1,0.8069416796874527,739.0841093457283,233.54418345730966,839.2457428363622,400.0784252856619,16680.341693652015,alice,0.8318708615176998,diana,0.661051094122407,0.1708197673952928,alice,alice,alice,1,1,1,0,0,14.037352512308539,9.976612356633945,3.783453554988931,27.797418423931415
Dim_Near_20260114_211300_T13,1736911002.2,55,Dim,Near,4,4,1280,720,20.985381119331127,0,3,bob,4,1,0.9202330565291087,1056.5770280783427,279.8066937506585,1174.5436773506221,427.8658203521146,17466.039059354,bob,0.8228966720253713,chen,0.7488888677560295,0.07400780426934184,bob,bob,bob,1,1,1,0,0,14.037352512308539,9.976612356633945,3.783453554988931,27.797418423931415
Dim_Near_20260114_211300_T13,1736911002.24,56,Dim,Near,4,4,1280,720,23.663499322290193,2,0,diana,1,1,0.7675094524527372,119.98926603490736,213.17788718843178,238.41347448586055,417.3819614937636,24182.705862068546,diana,0.7739948447473959,chen,0.6978996279873073,0.07609521676008857,diana,diana,diana,2,1,1,0,0,26.002313008861005,17.37165135889569,14.133537255279006,57.5075016230357
Dim_Near_20260114_211300_T13,1736911002.24,56,Dim,Near,4,4,1280,720,23.663499322290193,2,1,chen,2,1,0.9105775907709208,472.9800937021924,246.0402445916523,584.8101089003,411.9363422081057,18552.16311775472,chen,0.8296320198227757,diana,0.6992819768233194,0.1303500429994563,chen,chen,chen,3,1,1,0,0,26.002313008861005,17.37165135889569,14.133537255279006,57.5075016230357
Dim_Near_20260114_211300_T13,1736911002.24,56,Dim,Near,4,4,1280,720,23.663499322290193,2,2,alice,3,1,0.8164261975130215,726.9581124792085,276.10265014492876,836.2513259308121,410.812696290466,14722.893827459575,alice,0.8864943857782566,diana,0.7622015782403314,0.12429280753792515,alice,alice,alice,2,1,1,0,0,26.002313008861005,17.37165135889569,14.133537255279006,57.5075016230357
Dim_Near_20260114_211300_T13,1736911002.24,56,Dim,Near,4,4,1280,720,23.663499322290193,2,3,bob,4,1,0.7515754491340767,1078.5060671232136,159.48397499740673,1177.9523763458064,345.76381353777214,18524.842425419847,bob,0.99,diana,0.9006542326143372,0.0893457673856628,bob,bob,bob,1,1,1,0,0,26.002313008861005,17.37165135889569,14.133537255279006,57.5075016230357
Dim_Near_20260114_211300_T13,1736911002.28,57,Dim,Near,4,4,1280,720,24.118068574562564,3,0,diana,1,1,0.87148777179532,129.19908677629348,248.2799317955612,231.3439053937534,418.53953852157645,17391.136646908886,diana,0.8643426368213417,bob,0.7413401921960774,0.12300244462526433,diana,diana,diana,2,1,1,0,0,16.778679308840037,12.172940987850994,12.129257110370526,41.08087740706156
Dim_Near_20260114_211300_T13,1736911002.28,57,Dim,Near,4,4,1280,720,24.118068574562564,3,1,chen,2,1,0.7327759760820791,423.41728406716084,230.03779110519935,543.3507945798941,407.99080753762615,21342.52996707106,chen,0.7951974604892114,diana,0.6492635335607047,0.1459339269285067,chen,chen,chen,2,1,1,0,0,16.778679308840037,12.172940987850994,12.129257110370526,41.08087740706156
Dim_Near_20260114_211300_T13,1736911002.28,57,Dim,Near,4,4,1280,720,24.118068574562564,3,2,alice,3,1,0.6549436650029591,787.9878511458029,252.64879064568674,898.5560220647841,428.77904741008456,19474.40033392998,alice,0.947419143656222,diana,0.8106930193816757,0.13672612427454633,alice,alice,alice,2,1,1,0,0,16.778679308840037,12.172940987850994,12.129257110370526,41.08087740706156
Dim_Near_20260114_211300_T13,1736911002.28,57,Dim,Near,4,4,1280,720,24.118068574562564,3,3,bob,4,1,0.7978185986667281,1071.0210971745298,233.7072157881091,1154.3488262699314,386.23858031652026,12710.092221975385,bob,0.8857857368809261,alice,0.7675953754240059,0.11819036145692019,bob,bob,bob,2,1,1,0,0,16.778679308840037,12.172940987850994,12.129257110370526,41.08087740706156
Dim_Near_20260114_211300_T13,1736911002.32,58,Dim,Near,4,4,1280,720,23.154653658962232,1,0,diana,1,1,0.682644930947472,115.9603040004215,317.1009939101007,197.31453878219713,467.9569858984948,12272.773790461475,diana,0.8534468352757902,bob,0.7573194858567036,0.09612734941908663,diana,diana,diana,2,1,1,0,0,11.96244645996411,6.069516790019438,10.26296511866611,28.294928368649657
Dim_Near_20260114_211300_T13,1736911002.32,58,Dim,Near,4,4,1280,720,23.154653658962232,1,1,chen,2,1,0.8097128868820143,448.29110085222214,222.2465724579113,559.0348674053764,435.485458306777,23614.877394501495,chen,0.8870013460632059,bob,0.759465951316955,0.12753539474625086,chen,chen,chen,1,1,1,0,0,11.96244645996411,6.069516790019438,10.26296511866611,28.294928368649657
Dim_Near_20260114_211300_T13,1736911002.32,58,Dim,Near,4,4,1280,720,23.154653658962232,1,2,alice,3,1,0.8015249098785947,753.0162132604954,232.1153409438228,863.8294922711981,431.1315872710757,22053.64283192461,alice,0.8722254660833334,diana,0.7900987823792609,0.0821266837040725,alice,alice,alice,2,1,1,0,0,11.96244645996411,6.069516790019438,10.26296511866611,28.294928368649657
Dim_Near_20260114_211300_T13,1736911002.32,58,Dim,Near,4,4,1280,720,23.154653658962232,1,3,bob,4,1,0.8245283740522881,1070.9486406609856,206.51022924017423,1151.6986602390996,413.8986362423145,16746.617925696704,bob,0.8505860360254124,chen,0.7434126355482971,0.10717340047711532,bob,bob,bob,1,1,1,0,0,11.96244645996411,6.069516790019438,10.26296511866611,28.294928368649657
Dim_Near_20260114_211300_T13,1736911002.36,59,Dim,Near,4,4,1280,720,25.70117431817141,2,0,diana,1,1,0.9281901544431186,120.65712831075552,216.4484230840584,232.08332155794795,399.081442495352,20350.10211424105,diana,0.87879580782413,bob,0.7222003932912461,0.15659541453288395,diana,diana,diana,3,1,1,0,0,19.48787274769564,10.18543270916056,8.76685845726434,38.44016391412054
Dim_Near_20260114_211300_T13,1736911002.36,59,Dim,Near,4,4,1280,720,25.70117431817141,2,1,chen,2,1,0.7445683014214839,434.69476762896653,236.55453746042318,534.8306494733454,371.521562198639,13515.042042073337,chen,0.8788194376040047,bob,0.7697023276824954,0.10911710992150936,chen,chen,chen,2,1,1,0,0,19.48787274769564,10.18543270916056,8.76685845726434,38.44016391412054
Dim_Near_20260114_211300_T13,1736911002.36,59,Dim,Near,4,4,1280,720,25.70117431817141,2,2,alice,3,1,0.6844232975578909,759.4534122793583,301.21610943618447,863.9281244687724,447.0452804227155,15235.46066763868,alice,0.8792074049384812,diana,0.7274018619640275,0.1518055429744537,alice,alice,alice,3,1,1,0,0,19.48787274769564,10.18543270916056,8.76685845726434,38.44016391412054
Dim_Near_20260114_211300_T13,1736911002.36,59,Dim,Near,4,4,1280,720,25.70117431817141,2,3,bob,4,1,0.8346983809057937,1085.458361066983,224.31344058991414,1166.4641189877075,436.7860773375392,17211.50697715617,bob,0.939554876325932,alice,0.8645420229549476,0.0750128533709844,bob,bob,bob,2,1,1,0,0,19.48787274769564,10.18543270916056,8.76685845726434,38.44016391412054
Dim_Near_20260114_211300_T13,1736911002.4,60,Dim,Near,4,4,1280,720,25.878736494290923,1,0,diana,1,1,0.8871637373486354,84.20823724206255,212.22683185340895,207.12034775123774,398.6059715428762,22908.2534141168,diana,0.8611918871060197,alice,0.7520900419825981,0.10910184512342158,diana,diana,diana,3,1,1,0,0,11.228495257615126,9.603619091782178,10.550644637546764,31.38275898694407
Dim_Near_20260114_211300_T13,1736911002.4,60,Dim,Near,4,4,1280,720,25.878736494290923,1,1,chen,2,1,0.99,416.44969904196705,220.22792601342928,519.5444029209042,391.31252276722137,17637.915840579564,chen,0.8498298071767377,bob,0.7830030938563475,0.06682671332039025,chen,chen,chen,2,1,1,0,0,11.228495257615126,9.603619091782178,10.550644637546764,31.38275898694407
Dim_Near_20260114_211300_T13,1736911002.4,60,Dim,Near,4,4,1280,720,25.878736494290923,1,2,alice,3,1,0.99,750.8559459215738,133.80077105007047,855.4295549369323,334.1018025615584,20946.20175465533,alice,0.900701797551078,chen,0.7674078143056627,0.1332939832454153,alice,alice,alice,2,1,1,0,0,11.228495257615126,9.603619091782178,10.550644637546764,31.38275898694407
Dim_Near_20260114_211300_T13,1736911002.4,60,Dim,Near,4,4,1280,720,25.878736494290923,1,3,bob,4,1,0.9224838827659154,1100.0959976591487,305.5368397857735,1188.3555666257641,463.5169099750718,13943.252900223126,bob,0.9553492360937546,diana,0.8603915599285004,0.09495767616525419,bob,bob,bob,2,1,1,0,0,11.228495257615126,9.603619091782178,10.550644637546764,31.38275898694407
Dim_Near_20260114_211300_T13,1736911002.44,61,Dim,Near,4,4,1280,720,25.26034571366765,1,0,diana,1,1,0.8044180319695717,97.52501582451691,258.147864309326,211.00443377906782,417.90154723539024,18128.75495454565,diana,0.848226365707284,alice,0.7583722525329782,0.0898541131743058,diana,diana,diana,1,1,1,0,0,22.458496662951166,15.41559302618191,11.321917032378554,49.19600672151163
Dim_Near_20260114_211300_T13,1736911002.44,61,Dim,Near,4,4,1280,720,25.26034571366765,1,1,chen,2,1,0.7629088914374713,426.0420294065962,221.1936443818957,543.1877750630965,384.59132335077817,19141.342941351195,chen,0.9121197955383554,diana,0.792364635778508,0.11975515975984741,chen,chen,chen,2,1,1,0,0,22.458496662951166,15.41559302618191,11.321917032378554,49.19600672151163
Dim_Near_20260114_211300_T13,1736911002.44,61,Dim,Near,4,4,1280,720,25.26034571366765,1,2,alice,3,1,0.7933170896945341,761.56578703284,258.5039975518182,871.7495458409658,421.22678357693917,17929.40820797818,alice,0.7339729099174556,diana,0.6464676149670782,0.0875052949503774,alice,alice,alice,3,1,1,0,0,22.458496662951166,15.41559302618191,11.321917032378554,49.19600672151163
Dim_Near_20260114_211300_T13,1736911002.44,61,Dim,Near,4,4,1280,720,25.26034571366765,1,3,bob,-1,0,-1.0,-1.0,-1.0,-1.0,-1.0,0.0,unknown,-1.0,unknown,-1.0,-1.0,unknown,unknown,unknown,0,0,0,0,1,22.458496662951166,15.41559302618191,11.321917032378554,49.19600672151163
Dim_Near_20260114_211300_T13,1736911002.48,62,Dim,Near,4,4,1280,720,24.434982524655737,1,0,diana,1,1,0.6549157584768828,105.9877585983509,235.90681159128275,216.805746491242,374.1424130387456,15318.991207571456,diana,0.8921036771309266,chen,0.7620505849339443,0.13005309219698236,diana,diana,diana,2,1,1,0,0,27.315914528118252,17.45061685228104,16.79648181455396,61.56301319495326
Dim_Near_20260114_211300_T13,1736911002.48,62,Dim,Near,4,4,1280,720,24.434982524655737,1,1,chen,2,1,0.7786053151406624,421.70656229630436,128.85994426561598,505.43471999035967,309.08771279557453,15090.13902432407,chen,0.8255023257413145,alice,0.6478756206190764,0.1776267051222381,chen,chen,chen,3,1,1,0,0,27.315914528118252,17.45061685228104,16.79648181455396,61.56301319495326
Dim_Near_20260114_211300_T13,1736911002.48,62,Dim,Near,4,4,1280,720,24.434982524655737,1,2,alice,3,1,0.7824095402604047,746.8667066046451,219.97452643025406,869.2591872688024,413.81151282278506,23724.18960904638,alice,0.7404134117075989,chen,0.6532974798507714,0.08711593185682753,alice,alice,alice,2,1,1,0,0,27.315914528118252,17.45061685228104,16.79648181455396,61.56301319495326
Dim_Near_20260114_211300_T13,1736911002.48,62,Dim,Near,4,4,1280,720,24.434982524655737,1,3,bob,4,1,0.7941715852287595,1061.7075714464288,230.6402247866598,1165.208837492897,428.9278974831436,20523.025165493767,bob,0.7768598057136247,alice,0.6234940152492656,0.15336579046435905,bob,bob,bob,1,1,1,0,0,27.315914528118252,17.45061685228104,16.79648181455396,61.56301319495326
Dim_Near_20260114_211300_T13,1736911002.52,63,Dim,Near,4,4,1280,720,24.371080715286592,2,0,diana,1,1,0.7954829813251568,125.18733387415114,191.81059535102864,222.56138890468054,397.2483846837041,20004.310603830247,diana,0.8961401430947968,bob,0.743918227398176,0.1522219156966208,diana,diana,diana,1,1,1,0,0,12.56113804096846,9.075088509546095,12.477272062432828,34.11349861294738
Dim_Near_20260114_211300_T13,1736911002.52,63,Dim,Near,4,4,1280,720,24.371080715286592,2,1,chen,2,1,0.7783111835892313,423.6274800881448,225.41720638800672,525.2912408088066,366.47199030522535,14340.15980066477,chen,0.8437974236464183,diana,0.665307953726691,0.17848946991972725,chen,chen,chen,2,1,1,0,0,12.56113804096846,9.075088509546095,12.477272062432828,34.11349861294738
Dim_Near_20260114_211300_T13,1736911002.52,63,Dim,Near,4,4,1280,720,24.371080715286592,2,2,alice,3,1,0.8179701496120514,749.9426974820876,265.92227507333496,874.8462729714479,434.90384790017094,21106.40263788754,alice,0.8922762064014996,chen,0.7953516330951037,0.09692457330639592,alice,alice,alice,2,1,1,0,0,12.56113804096846,9.075088509546095,12.477272062432828,34.11349861294738
Dim_Near_20260114_211300_T13,1736911002.52,63,Dim,Near,4,4,1280,720,24.371080715286592,2,3,bob,4,1,0.9073501392092408,1061.4971854935122,380.60266401202705,1175.7457331891876,550.3136483855016,19389.23349267292,bob,0.8109360746903049,chen,0.6723584199062932,0.13857765478401174,bob,bob,bob,2,1,1,0,0,12.56113804096846,9.075088509546095,12.477272062432828,34.11349861294738
Dim_Near_20260114_211300_T13,1736911002.56,64,Dim,Near,4,4,1280,720,21.60750535853184,2,0,diana,1,1,0.7388808970743611,113.0172757603479,200.523884930195,198.21162385777978,402.7982095734966,17232.629224834378,diana,0.893434911128674,alice,0.7732461155210641,0.12018879560760987,diana,diana,diana,1,1,1,0,0,9.74853862355183,4.531488172931168,7.686965248601597,21.966992045084595
Dim_Near_20260114_211300_T13,1736911002.56,64,Dim,Near,4,4,1280,720,21.60750535853184,2,1,chen,2,1,0.7874870706150565,438.26474521684656,248.33752736426538,543.3099582223646,413.5550282514753,17355.307572936323,chen,0.8659900167679012,bob,0.7525619050466166,0.11342811172128464,chen,chen,chen,2,1,1,0,0,9.74853862355183,4.531488172931168,7.686965248601597,21.966992045084595
Dim_Near_20260114_211300_T13,1736911002.56,64,Dim,Near,4,4,1280,720,21.60750535853184,2,2,alice,3,1,0.9397063750997949,750.8325693907682,315.0568790704141,850.4839389859062,474.9572782948883,15934.2937815282,alice,0.8166723927308802,chen,0.72179865356297,0.0948737391679102,alice,alice,alice,2,1,1,0,0,9.74853862355183,4.531488172931168,7.686965248601597,21.966992045084595
Dim_Near_20260114_211300_T13,1736911002.56,64,Dim,Near,4,4,1280,720,21.60750535853184,2,3,bob,4,1,0.854306223124821,1074.4461037248316,205.64525663350247,1171.9153174257435,357.8525654605748,14835.526710906614,bob,0.8853710134555272,diana,0.7504904476955265,0.13488056576000063,bob,bob,bob,2,1,1,0,0,9.74853862355183,4.531488172931168,7.686965248601597,21.966992045084595
Dim_Near_20260114_211300_T13,1736911002.6,65,Dim,Near,4,4,1280,720,24.220213855378148,2,0,diana,1,1,0.8067651584609659,131.3745341043374,203.90152250943032,216.3306747288091,383.9258377514455,15294.171041524864,diana,0.9152845657822449,bob,0.8128616289024814,0.10242293687976356,diana,diana,diana,1,1,1,0,0,14.256193552681967,10.925019142882919,5.7341208005978626,30.91533349616275
Dim_Near_20260114_211300_T13,1736911002.6,65,Dim,Near,4,4,1280,720,24.220213855378148,2,1,chen,2,1,0.6205376218128459,419.5271755553248,234.8392325279458,520.0827488585227,387.5777234034731,15358.706515453909,chen,0.9171540763557108,bob,0.7408119003164684,0.1763421760392424,chen,chen,chen,1,1,1,0,0,14.256193552681967,10.925019142882919,5.7341208005978626,30.91533349616275
Dim_Near_20260114_211300_T13,1736911002.6,65,Dim,Near,4,4,1280,720,24.220213855378148,2,2,alice,3,1,0.8114226689654139,770.1085691494148,252.00876497600822,862.8501143827128,430.3743592088557,16541.9008256097,bob,0.6579129835819498,chen,0.5915192910752967,0.06639369250665317,unknown,unknown,unknown,0,0,0,0,0,14.256193552681967,10.925019142882919,5.7341208005978626,30.91533349616275
Dim_Near_20260114_211300_T13,1736911002.6,65,Dim,Near,4,4,1280,720,24.220213855378148,2,3,bob,4,1,0.6506167981570705,1044.030066375558,222.83717935772825,1156.7145718001211,372.0646966405275,16815.62898074769,chen,0.6351858671328419,bob,0.5922068332540709,0.042979033878771,unknown,unknown,unknown,0,0,0,0,0,14.256193552681967,10.925019142882919,5.7341208005978626,30.91533349616275
Dim_Near_20260114_211300_T13,1736911002.64,66,Dim,Near,4,4,1280,720,27.931639350157536,2,0,diana,1,1,0.8107705063438796,102.26357336518602,246.9505501296689,217.2003427313395,420.66066009834816,19965.67884603925,diana,0.8201452630541654,chen,0.6694565186844297,0.15068874436973567,diana,diana,diana,3,1,1,0,0,14.962070573194797,14.473757352778444,10.475028887835451,39.91085681380869
Dim_Near_20260114_211300_T13,1736911002.64,66,Dim,Near,4,4,1280,720,27.931639350157536,2,1,chen,2,1,0.7979291720490678,443.5284302634393,150.8834441658683,555.0522580052979,349.00880467711914,22095.698576950363,chen,0.7799669178255682,diana,0.6285551341666122,0.1514117836589559,chen,chen,chen,2,1,1,0,0,14.962070573194797,14.473757352778444,10.475028887835451,39.91085681380869
Dim_Near_20260114_211300_T13,1736911002.64,66,Dim,Near,4,4,1280,720,27.931639350157536,2,2,alice,3,1,0.7210650176138004,756.1234341219182,194.13042991311505,883.3027846276933,362.39169479050037,21399.358382386054,alice,0.9674132806158383,bob,0.8414825705099261,0.12593071010591217,alice,alice,alice,2,1,1,0,0,14.962070573194797,14.473757352778444,10.475028887835451,39.91085681380869
Dim_Near_20260114_211300_T13,1736911002.64,66,Dim,Near,4,4,1280,720,27.931639350157536,2,3,bob,4,1,0.7421789047011285,1043.5884212029043,210.98056174394873,1152.0279556069556,414.0079598579254,22016.196522745595,bob,0.9624898830440621,diana,0.8260693047898915,0.13642057825417064,bob,bob,bob,2,1,1,0,0,14.962070573194797,14.473757352778444,10.475028887835451,39.91085681380869
Dim_Near_20260114_211300_T13,1736911002.68,67,Dim,Near,4,4,1280,720,24.779891893174444,0,0,diana,1,1,0.8172703192081545,104.57792829264058,169.49596658522302,225.61842447388028,360.6396579775565,23136.1272480418,diana,0.8277860342000638,bob,0.7420517788465129,0.08573425535355095,diana,diana,diana,2,1,1,0,0,12.57746461572038,7.116195335409144,9.482518287990594,29.17617823912012
Dim_Near_20260114_211300_T13,1736911002.68,67,Dim,Near,4,4,1280,720,24.779891893174444,0,1,chen,2,1,0.736120680442348,438.75764311375895,233.82595096093337,534.8639118168794,436.37420531176804,19466.156957989304,chen,0.8373259985624704,bob,0.6962438829329765,0.1410821156294939,chen,chen,chen,3,1,1,0,0,12.57746461572038,7.116195335409144,9.482518287990594,29.17617823912012
Dim_Near_20260114_211300_T13,1736911002.68,67,Dim,Near,4,4,1280,720,24.779891893174444,0,2,alice,3,1,0.778333704508072,750.5284642947104,249.59204650162167,860.4815540412931,437.68551912018336,20681.45847557511,alice,0.8263003455169948,chen,0.6876879353050795,0.13861241021191528,alice,alice,alice,2,1,1,0,0,12.57746461572038,7.116195335409144,9.482518287990594,29.17617823912012
Dim_Near_20260114_211300_T13,1736911002.68,67,Dim,Near,4,4,1280,720,24.779891893174444,0,3,bob,4,1,0.8229360834107851,1082.9383889411401,248.73216916001496,1167.1198950554094,403.6033514551901,13037.289379305395,bob,0.8362024048213464,chen,0.718757696703913,0.11744470811743346,bob,bob,bob,2,1,1,0,0,12.57746461572038,7.116195335409144,9.482518287990594,29.17617823912012
Dim_Near_20260114_211300_T13,1736911002.72,68,Dim,Near,4,4,1280,720,25.54811451140007,2,0,diana,1,1,0.8145410917113108,143.06451804092274,272.88129268250765,231.4660642708456,428.4044962053186,13748.491666047476,diana,0.8467838229992555,chen,0.7416640880952526,0.10511973490400284,diana,diana,diana,2,1,1,0,0,8.456604883223855,6.405031498338197,8.331434161750506,23.193070543312558
Dim_Near_20260114_211300_T13,1736911002.72,68,Dim,Near,4,4,1280,720,25.54811451140007,2,1,chen,2,1,0.7277857703209304,426.9656552289163,208.81079005089686,521.9530303841543,387.76259050235416,16998.161804187865,chen,0.9468211298817214,alice,0.8089157701575184,0.13790535972420304,chen,chen,chen,1,1,1,0,0,8.456604883223855,6.405031498338197,8.331434161750506,23.193070543312558
Dim_Near_20260114_211300_T13,1736911002.72,68,Dim,Near,4,4,1280,720,25.54811451140007,2,2,alice,3,1,0.8233564918324032,712.2906658077013,245.85546600710109,832.7862700802227,375.88395279387987,15667.861088014475,alice,0.9640371879093834,bob,0.8468890327509697,0.1171481551584137,alice,alice,alice,3,1,1,0,0,8.456604883223855,6.405031498338197,8.331434161750506,23.193070543312558
Dim_Near_20260114_211300_T13,1736911002.72,68,Dim,Near,4,4,1280,720,25.54811451140007,2,3,bob,4,1,0.6905832987097323,1026.9448821657934,189.4924630450858,1140.7749869626905,386.93122589463707,22474.475066134135,bob,0.8485625836031484,diana,0.6762587472159669,0.1723038363871815,bob,bob,bob,2,1,1,0,0,8.456604883223855,6.405031498338197,8.331434161750506,23.193070543312558
Dim_Near_20260114_211300_T13,1736911002.76,69,Dim,Near,4,4,1280,720,25.32212562611478,0,0,diana,1,1,0.654083315604121,79.06013666320182,300.0253837984361,193.21050768418485,467.62580452423924,19131.650209123283,diana,0.9200437795144574,alice,0.8444423230657256,0.07560145644873173,diana,diana,diana,2,1,1,0,0,17.476721723589662,14.046955068172636,11.125041718338863,42.64871851010116
Dim_Near_20260114_211300_T13,1736911002.76,69,Dim,Near,4,4,1280,720,25.32212562611478,0,1,chen,-1,0,-1.0,-1.0,-1.0,-1.0,-1.0,0.0,unknown,-1.0,unknown,-1.0,-1.0,unknown,unknown,unknown,0,0,0,0,1,17.476721723589662,14.046955068172636,11.125041718338863,42.64871851010116
Dim_Near_20260114_211300_T13,1736911002.76,69,Dim,Near,4,4,1280,720,25.32212562611478,0,2,alice,3,1,0.7453780077693892,753.1922885675294,239.8480454509342,844.195249570266,450.4312500805583,19163.695158740982,alice,0.8972693488085689,bob,0.7302722042548473,0.1669971445537216,alice,alice,alice,3,1,1,0,0,17.476721723589662,14.046955068172636,11.125041718338863,42.64871851010116
Dim_Near_20260114_211300_T13,1736911002.76,69,Dim,Near,4,4,1280,720,25.32212562611478,0,3,bob,-1,0,-1.0,-1.0,-1.0,-1.0,-1.0,0.0,unknown,-1.0,unknown,-1.0,-1.0,unknown,unknown,unknown,0,0,0,0,1,17.476721723589662,14.046955068172636,11.125041718338863,42.64871851010116
Dim_Near_20260114_211300_T13,1736911002.8,70,Dim,Near,4,4,1280,720,26.28463349008097,2,0,diana,1,1,0.763615960943393,126.1112676597358,262.76197553601054,227.5537990415039,430.52712250303813,17018.521185969636,diana,0.9160784237717383,bob,0.7958271281109142,0.12025129566082415,diana,diana,diana,1,1,1,0,0,18.535373836680527,11.311183112739187,3.8770401297360166,33.72359707915573
Dim_Near_20260114_211300_T13,1736911002.8,70,Dim,Near,4,4,1280,720,26.28463349008097,2,1,chen,2,1,0.8481626354966109,439.75105819784704,251.64805451451895,546.1737509482974,406.0401392773064,16430.821399811623,chen,0.9264077215507445,diana,0.854094965987278,0.0723127555634665,chen,chen,chen,3,1,1,0,0,18.535373836680527,11.311183112739187,3.8770401297360166,33.72359707915573
Dim_Near_20260114_211300_T13,1736911002.8,70,Dim,Near,4,4,1280,720,26.28463349008097,2,2,alice,3,1,0.7813619161129068,735.8935156620944,282.424945208126,819.2190468744789,426.3154192006301,11989.750181827198,alice,0.8944652201662981,bob,0.7599354505679946,0.13452976959830354,alice,alice,alice,2,1,1,0,0,18.535373836680527,11.311183112739187,3.8770401297360166,33.72359707915573
Dim_Near_20260114_211300_T13,1736911002.8,70,Dim,Near,4,4,1280,720,26.28463349008097,2,3,bob,4,1,0.7053947298764639,1071.9020678977172,283.5752242538877,1190.4489828884316,481.084085508314,23414.06618504128,bob,0.9215155678887413,chen,0.7698294246172752,0.15168614327146612,bob,bob,bob,2,1,1,0,0,18.535373836680527,11.311183112739187,3.8770401297360166,33.72359707915573
Dim_Near_20260114_211300_T13,1736911002.84,71,Dim,Near,4,4,1280,720,24.56482418158409,0,0,diana,1,1,0.9457665370687812,99.45961022889998,208.77170432076434,205.86172790901458,421.29941509223625,22613.39849179151,diana,0.9127429811706862,chen,0.8421903714063541,0.07055260976433209,diana,diana,diana,3,1,1,0,0,12.332609703028814,10.173720461165637,7.67283365936364,30.179163823558092
Dim_Near_20260114_211300_T13,1736911002.84,71,Dim,Near,4,4,1280,720,24.56482418158409,0,1,chen,2,1,0.8036401115777561,408.528876443719,252.27872112790885,526.2884077485245,420.6063481885435,19822.182468310428,chen,0.9152227618930104,alice,0.7522865951209056,0.16293616677210487,chen,chen,chen,1,1,1,0,0,12.332609703028814,10.173720461165637,7.67283365936364,30.179163823558092
Dim_Near_20260114_211300_T13,1736911002.84,71,Dim,Near,4,4,1280,720,24.56482418158409,0,2,alice,3,1,0.7459623989746782,715.7079885848509,252.12049458245522,833.7099599550502,421.1852982377361,19949.980120638815,alice,0.8845935648536621,chen,0.7339801351465348,0.15061342970712732,alice,alice,alice,1,1,1,0,0,12.332609703028814,10.173720461165637,7.67283365936364,30.179163823558092
Dim_Near_20260114_211300_T13,1736911002.84,71,Dim,Near,4,4,1280,720,24.56482418158409,0,3,bob,4,1,0.7582335287188565,1089.9807489416414,224.02860810619526,1175.2784022691646,382.9280417396194,13553.748804003595,bob,0.8657295709927776,alice,0.7996541420181649,0.06607542897461272,bob,bob,bob,2,1,1,0,0,12.332609703028814,10.173720461165637,7.67283365936364,30.179163823558092
Dim_Near_20260114_211300_T13,1736911002.88,72,Dim,Near,4,4,1280,720,26.631187698597845,0,0,diana,1,1,0.5974477531597211,80.21870477847624,274.17337730307406,185.62514182259434,406.9738501922444,13998.024685021448,alice,0.8660221108713934,diana,0.807099574882373,0.05892253598902031,alice,alice,alice,1,0,0,1,0,19.332539378407844,17.343450197796127,7.770160482305297,44.44615005850927
Dim_Near_20260114_211300_T13,1736911002.88,72,Dim,Near,4,4,1280,720,26.631187698597845,0,1,chen,2,1,0.8782359023279626,432.3562253223591,218.35357654398814,536.4394712792765,405.3473023733812,19462.913957901103,chen,0.7021433082080749,alice,0.5498282653001692,0.15231504290790576,chen,chen,chen,3,1,1,0,0,19.332539378407844,17.343450197796127,7.770160482305297,44.44615005850927
Dim_Near_20260114_211300_T13,1736911002.88,72,Dim,Near,4,4,1280,720,26.631187698597845,0,2,alice,3,1,0.8239813651786442,727.8385175550192,243.28391880883902,813.3012502941514,378.74605961016147,11576.964735574116,alice,0.7907279295516064,bob,0.7199062692789008,0.07082166027270564,alice,alice,alice,2,1,1,0,0,19.332539378407844,17.343450197796127,7.770160482305297,44.44615005850927
Dim_Near_20260114_211300_T13,1736911002.88,72,Dim,Near,4,4,1280,720,26.631187698597845,0,3,bob,4,1,0.8034349957800443,1069.8210437971923,178.0909440630686,1170.0147325667383,321.3162478187011,14350.271508415533,bob,0.9229651690005003,diana,0.7691905293201978,0.15377463968030247,bob,bob,bob,2,1,1,0,0,19.332539378407844,17.343450197796127,7.770160482305297,44.44615005850927
Dim_Near_20260114_211300_T13,1736911002.92,73,Dim,Near,4,4,1280,720,23.14633109425783,2,0,diana,1,1,0.7461194625717567,113.00165417054285,228.90596725820063,223.67066287524761,418.0592843949897,20933.410100735087,diana,0.7343279850258089,bob,0.6526953478166154,0.08163263720919345,diana,diana,diana,1,1,1,0,0,20.063325965140606,9.293132512410692,8.334531876813118,37.690990354364416
Dim_Near_20260114_211300_T13,1736911002.92,73,Dim,Near,4,4,1280,720,23.14633109425783,2,1,chen,2,1,0.872285014089986,407.671152375912,231.54509033734473,532.9822320003644,373.4327199664517,17780.09205417784,chen,0.8520914200365427,alice,0.7644638787121488,0.08762754132439388,chen,chen,chen,2,1,1,0,0,20.063325965140606,9.293132512410692,8.334531876813118,37.690990354364416
Dim_Near_20260114_211300_T13,1736911002.92,73,Dim,Near,4,4,1280,720,23.14633109425783,2,2,alice,3,1,0.7408722858671606,735.9821378038123,307.1950743670736,850.2125515200739,461.0262678689549,17572.2008761862,alice,0.856824081585443,bob,0.7893546538193622,0.06746942776608078,alice,alice,alice,2,1,1,0,0,20.063325965140606,9.293132512410692,8.334531876813118,37.690990354364416
Dim_Near_20260114_211300_T13,1736911002.92,73,Dim,Near,4,4,1280,720,23.14633109425783,2,3,bob,4,1,0.9409497824530869,1074.8897373268017,230.34801306786,1157.8034627229138,418.9756848367238,15639.822979151544,bob,0.8957875516934481,diana,0.7596544566124173,0.13613309508103089,bob,bob,bob,3,1,1,0,0,20.063325965140606,9.293132512410692,8.334531876813118,37.690990354364416
Dim_Near_20260114_211300_T13,1736911002.96,74,Dim,Near,4,4,1280,720,25.11173581860394,0,0,diana,1,1,0.6810624917626458,104.32525343204966,122.56523278401156,225.03738271735452,298.4581472492748,21232.408231299927,diana,0.8842010934958308,chen,0.7687831119480708,0.11541798154775995,diana,diana,diana,2,1,1,0,0,23.65908949731854,15.874082524649507,4.3131177403570025,43.84628976232505
Dim_Near_20260114_211300_T13,1736911002.96,74,Dim,Near,4,4,1280,720,25.11173581860394,0,1,chen,2,1,0.7310716445584752,402.61827552904253,273.06046789869157,490.4284350176307,484.5623111985513,18572.010592291066,chen,0.8967885059385096,alice,0.7545753647056992,0.14221314123281037,chen,chen,chen,2,1,1,0,0,23.65908949731854,15.874082524649507,4.3131177403570025,43.84628976232505
Dim_Near_20260114_211300_T13,1736911002.96,74,Dim,Near,4,4,1280,720,25.11173581860394,0,2,alice,3,1,0.7598658839017156,733.2038304187089,299.1531769960239,838.8889175967528,449.0600752303025,15842.92360847989,alice,0.8720304651921349,bob,0.780872048037238,0.09115841715489692,alice,alice,alice,3,1,1,0,0,23.65908949731854,15.874082524649507,4.3131177403570025,43.84628976232505
Dim_Near_20260114_211300_T13,1736911002.96,74,Dim,Near,4,4,1280,720,25.11173581860394,0,3,bob,4,1,0.7980048915649798,1076.14506741192,205.02717334551522,1200.1843077615222,405.68274891921334,24889.16516607369,bob,0.8073235458153063,diana,0.7211125958740005,0.08621094994130585,bob,bob,bob,3,1,1,0,0,23.65908949731854,15.874082524649507,4.3131177403570025,43.84628976232505
Dim_Near_20260114_211300_T13,1736911003.0,75,Dim,Near,4,4,1280,720,26.6487654928807,2,0,diana,1,1,0.7814692418483726,117.82531591716398,270.4199105121305,214.5540466249677,436.15844455741933,16031.6780275729,diana,0.8212732734516971,bob,0.7488807247481076,0.07239254870358947,diana,diana,diana,2,1,1,0,0,20.7532934361282,8.520687073993557,13.207755994777006,42.48173650489876
Dim_Near_20260114_211300_T13,1736911003.0,75,Dim,Near,4,4,1280,720,26.6487654928807,2,1,chen,2,1,0.6506711468903512,421.1315636643786,295.64712384629064,541.0204480549817,481.528284160978,22285.084939358712,chen,0.6271511329950544,diana,0.6117507228299869,0.015400410165067546,unknown,unknown,unknown,0,0,0,0,0,20.7532934361282,8.520687073993557,13.207755994777006,42.48173650489876
Dim_Near_20260114_211300_T13,1736911003.0,75,Dim,Near,4,4,1280,720,26.6487654928807,2,2,alice,3,1,0.6838803591365304,785.9885787281676,246.68248940389304,876.0860868952905,388.2944165807358,12758.881765377602,alice,0.7766988632027184,diana,0.717259055030574,0.05943980817214445,unknown,unknown,unknown,0,0,0,0,0,20.7532934361282,8.520687073993557,13.207755994777006,42.48173650489876
Dim_Near_20260114_211300_T13,1736911003.0,75,Dim,Near,4,4,1280,720,26.6487654928807,2,3,bob,4,1,0.7458620223674631,1074.4164209849794,232.627837813362,1171.4098630462506,411.38083984629236,17337.868945959333,bob,0.8532703275326794,chen,0.7001271059927638,0.15314322153991555,bob,bob,bob,1,1,1,0,0,20.7532934361282,8.520687073993557,13.207755994777006,42.48173650489876
Dim_Near_20260114_211300_T13,1736911003.04,76,Dim,Near,4,4,1280,720,27.71251979883979,1,0,diana,1,1,0.5916471853097075,121.57224661245083,222.7602769518845,226.98403107611801,412.8000298769433,20032.429474864868,diana,0.8571854289366075,chen,0.7022168807770873,0.15496854815952021,diana,diana,diana,2,1,1,0,0,12.004345145059116,7.494290215530095,4.6511193512188225,24.149754711808033
Dim_Near_20260114_211300_T13,1736911003.04,76,Dim,Near,4,4,1280,720,27.71251979883979,1,1,chen,2,1,0.9093444893033775,438.43936991993326,285.5958779701707,518.8611028067056,477.762221121661,15454.350318756991,bob,0.8923476739131062,chen,0.8097492472962109,0.08259842661689532,bob,bob,bob,2,0,0,1,0,12.004345145059116,7.494290215530095,4.6511193512188225,24.149754711808033
Dim_Near_20260114_211300_T13,1736911003.04,76,Dim,Near,4,4,1280,720,27.71251979883979,1,2,alice,3,1,0.7603912017081307,756.130941741548,181.59199696501906,869.3800418487867,338.82282458002527,17806.249736515838,alice,0.8012622625955824,diana,0.6846312875593739,0.11663097503620856,alice,alice,alice,2,1,1,0,0,12.004345145059116,7.494290215530095,4.6511193512188225,24.149754711808033
Dim_Near_20260114_211300_T13,1736911003.04,76,Dim,Near,4,4,1280,720,27.71251979883979,1,3,bob,4,1,0.8040827132990578,1074.9083065937298,259.6727317895522,1190.0201043537445,452.6135712929533,22209.766896562967,bob,0.8940114667584707,chen,0.7151053781769512,0.17890608858151946,bob,bob,bob,3,1,1,0,0,12.004345145059116,7.494290215530095,4.6511193512188225,24.149754711808033
Dim_Near_20260114_211300_T13,1736911003.08,77,Dim,Near,4,4,1280,720,23.88357436087461,0,0,diana,1,1,0.801673318730977,125.19667527593387,318.6253174422687,212.14852036317941,527.3188113600143,18146.284353851832,diana,0.9366382849545366,bob,0.763658148233985,0.17298013672055157,diana,diana,diana,1,1,1,0,0,10.469660337695787,6.571498182448942,8.185698000005285,25.226856520150015
Dim_Near_20260114_211300_T13,1736911003.08,77,Dim,Near,4,4,1280,720,23.88357436087461,0,1,chen,2,1,0.8194161936714509,446.44685091854967,187.52308563397315,528.052083827046,399.8448667503116,17326.568399545573,chen,0.8393170941657918,bob,0.7153074546965313,0.12400963946926047,chen,chen,chen,3,1,1,0,0,10.469660337695787,6.571498182448942,8.185698000005285,25.226856520150015
Dim_Near_20260114_211300_T13,1736911003.08,77,Dim,Near,4,4,1280,720,23.88357436087461,0,2,alice,3,1,0.8612541235035945,727.7321272898274,235.06005644153277,834.2020939357352,412.56633248233436,18899.087289503448,alice,0.9264966613525006,diana,0.7811750308937595,0.14532163045874114,alice,alice,alice,2,1,1,0,0,10.469660337695787,6.571498182448942,8.185698000005285,25.226856520150015
Dim_Near_20260114_211300_T13,1736911003.08,77,Dim,Near,4,4,1280,720,23.88357436087461,0,3,bob,4,1,0.8065464431156631,1081.5158136705156,214.00213532948146,1170.7263864434792,421.99753134931484,18555.388413068726,bob,0.9254458643225705,chen,0.8380294937455804,0.08741637057699003,bob,bob,bob,3,1,1,0,0,10.469660337695787,6.571498182448942,8.185698000005285,25.226856520150015
Dim_Near_20260114_211300_T13,1736911003.12,78,Dim,Near,4,4,1280,720,26.89461003863821,2,0,diana,1,1,0.7456988588129031,115.3044520333963,259.82728308408815,230.48535330705224,392.3021316050811,15258.572448739016,diana,0.8151438165686578,chen,0.6964716081282831,0.11867220844037463,diana,diana,diana,2,1,1,0,0,20.4323203885526,11.270643715894353,6.874653692636295,38.57761779708325
Dim_Near_20260114_211300_T13,1736911003.12,78,Dim,Near,4,4,1280,720,26.89461003863821,2,1,chen,2,1,0.6271932463489451,431.129739065158,232.7402002127094,526.2411861345945,403.7230698207442,16262.428152504965,chen,0.8422897155800254,diana,0.7217865898936462,0.12050312568637922,chen,chen,chen,2,1,1,0,0,20.4323203885526,11.270643715894353,6.874653692636295,38.57761779708325
Dim_Near_20260114_211300_T13,1736911003.12,78,Dim,Near,4,4,1280,720,26.89461003863821,2,2,alice,3,1,0.7193475353454202,762.8001909628114,232.9548944231839,884.2619249903015,432.70633226840266,24262.156015164688,chen,0.8867510819492983,alice,0.8652872513675611,0.021463830581737176,chen,chen,chen,2,0,0,1,0,20.4323203885526,11.270643715894353,6.874653692636295,38.57761779708325
Dim_Near_20260114_211300_T13,1736911003.12,78,Dim,Near,4,4,1280,720,26.89461003863821,2,3,bob,4,1,0.768966332631123,1054.3806736254376,227.20059380246212,1181.6215225659887,437.18641968509087,26718.774750788438,bob,0.7939687799865257,chen,0.6882024230175049,0.10576635696902081,bob,bob,bob,1,1,1,0,0,20.4323203885526,11.270643715894353,6.874653692636295,38.57761779708325
Dim_Near_20260114_211300_T13,1736911003.16,79,Dim,Near,4,4,1280,720,24.845097833150277,1,0,diana,1,1,0.6105623831547531,149.45229493380918,211.74656432814058,240.99378715750925,361.4700450548644,13705.910846650693,alice,0.786225188801523,bob,0.7668428528671154,0.019382335934407635,unknown,unknown,unknown,0,0,0,0,0,16.027905559276043,11.74439883392704,3.1673162224635547,30.939620615666637
Dim_Near_20260114_211300_T13,1736911003.16,79,Dim,Near,4,4,1280,720,24.845097833150277,1,1,chen,2,1,0.823157971167767,434.7699439367508,229.14240793509475,535.1286368271319,386.04067633967964,15746.105133848321,chen,0.8452067890551509,alice,0.6859311538056634,0.1592756352494875,chen,chen,chen,3,1,1,0,0,16.027905559276043,11.74439883392704,3.1673162224635547,30.939620615666637
Dim_Near_20260114_211300_T13,1736911003.16,79,Dim,Near,4,4,1280,720,24.845097833150277,1,2,alice,3,1,0.9626957752436927,716.7096397278838,298.69453611414235,836.3642761386693,490.6872549413247,22972.81896478468,alice,0.7479201399231954,bob,0.6413427030408941,0.10657743688230126,alice,alice,alice,2,1,1,0,0,16.027905559276043,11.74439883392704,3.1673162224635547,30.939620615666637
Dim_Near_20260114_211300_T13,1736911003.16,79,Dim,Near,4,4,1280,720,24.845097833150277,1,3,bob,4,1,0.7493459033163644,1062.655569022018,277.31267985403565,1168.6793348140313,427.07034720401145,15877.87184867208,bob,0.883531462969357,diana,0.7911369478947055,0.09239451507465157,bob,bob,bob,2,1,1,0,0,16.027905559276043,11.74439883392704,3.1673162224635547,30.939620615666637
Dim_Near_20260114_211300_T13,1736911003.2,80,Dim,Near,4,4,1280,720,29.69800606570009,3,0,diana,1,1,0.808581005569936,94.63582479978082,291.8382182103349,192.4518920372882,463.8032259186829,16820.940756498243,diana,0.8217159555899934,chen,0.75016264020288,0.0715533153871134,diana,diana,diana,2,1,1,0,0,18.449340467399377,14.004547167136721,6.023258269822936,38.477145904359034
Dim_Near_20260114_211300_T13,1736911003.2,80,Dim,Near,4,4,1280,720,29.69800606570009,3,1,chen,2,1,0.7151270949688344,438.779676213681,254.00242142634016,547.4846599552692,409.68537442272003,16923.512874313914,chen,0.8890032638563545,diana,0.7373144583939965,0.15168880546235808,chen,chen,chen,2,1,1,0,0,18.449340467399377,14.004547167136721,6.023258269822936,38.477145904359034
Dim_Near_20260114_211300_T13,1736911003.2,80,Dim,Near,4,4,1280,720,29.69800606570009,3,2,alice,3,1,0.6753560209380133,775.4119829215861,221.45596738999203,863.778693268508,396.1183675799705,15434.341726085999,alice,0.7924639501317746,bob,0.7176722964095488,0.07479165372222585,alice,alice,alice,1,1,1,0,0,18.449340467399377,14.004547167136721,6.023258269822936,38.477145904359034
Dim_Near_20260114_211300_T13,1736911003.2,80,Dim,Near,4,4,1280,720,29.69800606570009,3,3,bob,4,1,0.7823441701845156,1053.1340360201643,182.35535823928205,1169.1642257379463,312.6666198575002,15120.040407925368,bob,0.8688744809122149,chen,0.7473869066630564,0.12148757424915846,bob,bob,bob,1,1,1,0,0,18.449340467399377,14.004547167136721,6.023258269822936,38.477145904359034
Dim_Near_20260114_211300_T13,1736911003.24,81,Dim,Near,4,4,1280,720,24.585891946296744,1,0,diana,1,1,0.6947899701768163,133.03785474935293,217.8069883651233,231.11988368162068,349.93316035621217,12959.203023939765,diana,0.764844094206851,chen,0.6595728432281113,0.10527125097873968,diana,diana,diana,1,1,1,0,0,15.633927361637115,6.979052770662667,8.691402351603529,31.30438248390331
Dim_Near_20260114_211300_T13,1736911003.24,81,Dim,Near,4,4,1280,720,24.585891946296744,1,1,chen,2,1,0.9371692726566235,431.0082388394437,273.8579699662141,532.1979468552252,404.662717567105,13236.094216812136,chen,0.8395856521709444,alice,0.6891086314627167,0.15047702070822766,chen,chen,chen,1,1,1,0,0,15.633927361637115,6.979052770662667,8.691402351603529,31.30438248390331
Dim_Near_20260114_211300_T13,1736911003.24,81,Dim,Near,4,4,1280,720,24.585891946296744,1,2,alice,3,1,0.6965249597131281,733.6529256348744,206.52991246725892,857.1861079104971,369.67712844147286,20154.09476870296,alice,0.8448294378845363,diana,0.6987354373871246,0.14609400049741172,alice,alice,alice,2,1,1,0,0,15.633927361637115,6.979052770662667,8.691402351603529,31.30438248390331
Dim_Near_20260114_211300_T13,1736911003.24,81,Dim,Near,4,4,1280,720,24.585891946296744,1,3,bob,4,1,0.7170548473267391,1051.5696098414585,229.29613660263647,1169.9621938945395,440.30355340746075,24981.71332988866,bob,0.9560825648471587,chen,0.7781962085802718,0.17788635626688687,bob,bob,bob,3,1,1,0,0,15.633927361637115,6.979052770662667,8.691402351603529,31.30438248390331
Dim_Near_20260114_211300_T13,1736911003.28,82,Dim,Near,4,4,1280,720,22.664287959122223,2,0,diana,1,1,0.8706990892701225,119.5344865708303,231.11890563343292,238.48415183895972,434.64596272189164,24209.47531367963,diana,0.8220535387297155,bob,0.6955430088214866,0.12651052990822897,diana,diana,diana,1,1,1,0,0,12.349078710989875,9.523216988134735,7.255099142853794,29.127394841978404
Dim_Near_20260114_211300_T13,1736911003.28,82,Dim,Near,4,4,1280,720,22.664287959122223,2,1,chen,2,1,0.9365923638407745,443.02482009298916,248.63449389698522,540.0932349095107,419.7791902659634,16612.744380791595,chen,0.8639168318559286,bob,0.7589730993713354,0.10494373248459321,chen,chen,chen,1,1,1,0,0,12.349078710989875,9.523216988134735,7.255099142853794,29.127394841978404
Dim_Near_20260114_211300_T13,1736911003.28,82,Dim,Near,4,4,1280,720,22.664287959122223,2,2,alice,3,1,0.7536563611198569,732.0388379022187,176.5416549759128,833.9504646494967,389.93004298325764,21746.757750807858,alice,0.7965568133657249,bob,0.6555798409171598,0.1409769724485651,alice,alice,alice,1,1,1,0,0,12.349078710989875,9.523216988134735,7.255099142853794,29.127394841978404
Dim_Near_20260114_211300_T13,1736911003.28,82,Dim,Near,4,4,1280,720,22.664287959122223,2,3,bob,4,1,0.7087193167702719,1077.6487936958551,140.46467027309734,1160.2922721836221,355.8446070569244,17799.747172290823,bob,0.7883165290388022,diana,0.724346615314612,0.06396991372419025,bob,bob,bob,1,1,1,0,0,12.349078710989875,9.523216988134735,7.255099142853794,29.127394841978404
Dim_Near_20260114_211300_T13,1736911003.32,83,Dim,Near,4,4,1280,720,23.85064520990649,1,0,diana,1,1,0.7358151783698357,87.80238400848714,246.2575735730183,184.31383498941676,383.442403379764,13239.906977220911,bob,0.6906142564696267,diana,0.6442146022216367,0.046399654247989974,bob,bob,bob,1,0,0,1,0,20.35909330691463,13.11607384815465,12.054456160791053,45.529623315860334
Dim_Near_20260114_211300_T13,1736911003.32,83,Dim,Near,4,4,1280,720,23.85064520990649,1,1,chen,2,1,0.6918031014425089,435.5843879235291,221.85321601467064,529.825291004473,388.00338591178223,15658.142058156056,chen,0.7985838152404102,alice,0.7451253938867812,0.05345842135362899,unknown,unknown,unknown,0,0,0,0,0,20.35909330691463,13.11607384815465,12.054456160791053,45.529623315860334
Dim_Near_20260114_211300_T13,1736911003.32,83,Dim,Near,4,4,1280,720,23.85064520990649,1,2,alice,3,1,0.7887694404912814,746.5442986369035,213.0946955934609,853.5280754324369,403.1721034301909,20335.1989738783,alice,0.789062303425032,diana,0.6437467117939546,0.14531559163107743,alice,alice,alice,1,1,1,0,0,20.35909330691463,13.11607384815465,12.054456160791053,45.529623315860334
Dim_Near_20260114_211300_T13,1736911003.32,83,Dim,Near,4,4,1280,720,23.85064520990649,1,3,bob,4,1,0.8427204522044276,1070.3080964255041,213.9112982681546,1172.298622621508,378.7835943739078,16815.41223496913,diana,0.8480769557741897,bob,0.819868694696839,0.02820826107735075,diana,diana,diana,1,0,0,1,0,20.35909330691463,13.11607384815465,12.054456160791053,45.529623315860334
Dim_Near_20260114_211300_T13,1736911003.36,84,Dim,Near,4,4,1280,720,21.68757903267254,0,0,diana,1,1,0.8761770173227484,118.99282802795116,294.1657072965404,207.39391416577686,436.618551334976,12592.986136419997,diana,0.8923862744968581,bob,0.7950516556249321,0.09733461887192607,diana,diana,diana,2,1,1,0,0,21.57600076533262,14.833076333441731,11.827653934611629,48.23673103338598
Dim_Near_20260114_211300_T13,1736911003.36,84,Dim,Near,4,4,1280,720,21.68757903267254,0,1,chen,2,1,0.8375486482545504,426.63682547715257,135.7582989990135,528.7793846556126,351.1845717764792,22004.19081576736,chen,0.9157353831716195,bob,0.8500482526472641,0.06568713052435537,chen,chen,chen,3,1,1,0,0,21.57600076533262,14.833076333441731,11.827653934611629,48.23673103338598
Dim_Near_20260114_211300_T13,1736911003.36,84,Dim,Near,4,4,1280,720,21.68757903267254,0,2,alice,3,1,0.6363456645244998,762.3943188737185,302.6917176021109,873.3555499416836,515.2756293373511,23588.572551385903,alice,0.8740450873909125,bob,0.7897507174826502,0.08429436990826222,alice,alice,alice,2,1,1,0,0,21.57600076533262,14.833076333441731,11.827653934611629,48.23673103338598
Dim_Near_20260114_211300_T13,1736911003.36,84,Dim,Near,4,4,1280,720,21.68757903267254,0,3,bob,4,1,0.6629537574974456,1066.623753304431,272.0694611029778,1177.306730335049,427.7770419087102,17234.178589813986,bob,0.8584577688582481,chen,0.6888365912993533,0.16962117755889483,bob,bob,bob,1,1,1,0,0,21.57600076533262,14.833076333441731,11.827653934611629,48.23673103338598
Dim_Near_20260114_211300_T13,1736911003.4,85,Dim,Near,4,4,1280,720,25.30060857232806,3,0,diana,1,1,0.8427089648646546,96.999991397534,324.06432422221167,183.28967931856988,464.53144754334096,12120.864234545907,diana,0.8263348317182636,bob,0.763130776906005,0.06320405481225866,diana,diana,diana,2,1,1,0,0,19.798964338750366,10.412106204439612,15.499590899226687,45.710661442416665
Dim_Near_20260114_211300_T13,1736911003.4,85,Dim,Near,4,4,1280,720,25.30060857232806,3,1,chen,2,1,0.7514104666280541,417.8758723033096,249.06266512744332,528.4655278339199,462.75611312060425,23632.284802712038,chen,0.956677454151803,bob,0.8048078430951051,0.15186961105669794,chen,chen,chen,2,1,1,0,0,19.798964338750366,10.412106204439612,15.499590899226687,45.710661442416665
Dim_Near_20260114_211300_T13,1736911003.4,85,Dim,Near,4,4,1280,720,25.30060857232806,3,2,alice,3,1,0.7711112388681,739.5318515254028,199.05666868498113,843.1028444533829,340.6653446207738,14666.55117388661,alice,0.92303826005674,chen,0.7814135838814027,0.14162467617533725,alice,alice,alice,2,1,1,0,0,19.798964338750366,10.412106204439612,15.499590899226687,45.710661442416665
Dim_Near_20260114_211300_T13,1736911003.4,85,Dim,Near,4,4,1280,720,25.30060857232806,3,3,bob,4,1,0.6917484946381753,1070.432715955848,288.4122722306799,1190.0104159721254,481.8805397840054,23134.490460160472,bob,0.8620825615933917,chen,0.7278266317319371,0.13425592986145463,bob,bob,bob,2,1,1,0,0,19.798964338750366,10.412106204439612,15.499590899226687,45.710661442416665
Dim_Near_20260114_211300_T13,1736911003.44,86,Dim,Near,4,4,1280,720,24.80078057371785,1,0,diana,1,1,0.7295315903900512,126.6285877111361,249.66606224008677,242.91522130867298,402.74261347083205,17800.75682534426,diana,0.8187570864675785,chen,0.6701470703699659,0.1486100160976126,diana,diana,diana,2,1,1,0,0,11.624766643075118,7.227509882422012,10.703767654491692,29.55604417998882
Dim_Near_20260114_211300_T13,1736911003.44,86,Dim,Near,4,4,1280,720,24.80078057371785,1,1,chen,2,1,0.8380402512503526,445.3691968742821,301.4216639106072,550.8785420748351,512.9656244613819,22319.864758843847,chen,0.8560856161793875,bob,0.7737659315364548,0.08231968464293271,chen,chen,chen,2,1,1,0,0,11.624766643075118,7.227509882422012,10.703767654491692,29.55604417998882
Dim_Near_20260114_211300_T13,1736911003.44,86,Dim,Near,4,4,1280,720,24.80078057371785,1,2,alice,3,1,0.8149460209103891,753.3940070412793,279.99317547370094,860.3571417639951,490.39476715669366,22505.213797061773,alice,0.840713683777127,diana,0.7275210279969677,0.11319265578015925,alice,alice,alice,2,1,1,0,0,11.624766643075118,7.227509882422012,10.703767654491692,29.55604417998882
Dim_Near_20260114_211300_T13,1736911003.44,86,Dim,Near,4,4,1280,720,24.80078057371785,1,3,bob,4,1,0.8140438071291289,1060.6866778640658,163.32174527557896,1158.039925719184,339.1232927042278,17114.85162013459,bob,0.7912476186434706,alice,0.618959675546137,0.17228794309733364,bob,bob,bob,2,1,1,0,0,11.624766643075118,7.227509882422012,10.703767654491692,29.55604417998882
Dim_Near_20260114_211300_T13,1736911003.48,87,Dim,Near,4,4,1280,720,25.07796475243296,1,0,diana,1,1,0.7941071105060166,110.9430200392741,306.69722218910135,201.52106759826077,506.5672332691455,18103.83536922343,chen,0.6169966854511005,diana,0.6054217120717815,0.011574973379319009,unknown,unknown,unknown,0,0,0,0,0,14.123696010434722,9.070021139694918,9.667061261251822,32.86077841138146
Dim_Near_20260114_211300_T13,1736911003.48,87,Dim,Near,4,4,1280,720,25.07796475243296,1,1,chen,2,1,0.7729201234920157,432.62326187728513,253.2440414809804,515.2641762675258,394.0361586875383,11635.189304887888,chen,0.6759758091790582,alice,0.6364042653434915,0.039571543835566714,unknown,unknown,unknown,0,0,0,0,0,14.123696010434722,9.070021139694918,9.667061261251822,32.86077841138146
Dim_Near_20260114_211300_T13,1736911003.48,87,Dim,Near,4,4,1280,720,25.07796475243296,1,2,alice,3,1,0.7109467311772709,765.5028837331598,211.6930978103829,863.7528238100809,378.7671488115301,16415.015499271172,alice,0.852141173763607,diana,0.7140738446288318,0.13806732913477515,alice,alice,alice,2,1,1,0,0,14.123696010434722,9.070021139694918,9.667061261251822,32.86077841138146
Dim_Near_20260114_211300_T13,1736911003.48,87,Dim,Near,4,4,1280,720,25.07796475243296,1,3,bob,4,1,0.7569807047927866,1083.9814383078533,260.6333152207912,1197.4514510519534,403.40017466042224,16199.757360050087,bob,0.9536398646183057,alice,0.8017940639020568,0.15184580071624898,bob,bob,bob,2,1,1,0,0,14.123696010434722,9.070021139694918,9.667061261251822,32.86077841138146
Dim_Near_20260114_211300_T13,1736911003.52,88,Dim,Near,4,4,1280,720,22.969801241085435,0,0,diana,1,1,0.8135983941362434,110.32636937256751,169.94540724957608,214.42391017522266,376.7545580601409,21528.32401486523,diana,0.7723531271857375,bob,0.6352659844994879,0.13708714268624955,diana,diana,diana,1,1,1,0,0,11.892216509387376,8.843678190154685,4.278485108501329,25.01437980804339
Dim_Near_20260114_211300_T13,1736911003.52,88,Dim,Near,4,4,1280,720,22.969801241085435,0,1,chen,2,1,0.7080768970137357,472.0911590787646,251.67243370679753,573.1994631091384,457.4783013030345,20808.682232155184,chen,0.7445030666219463,bob,0.6296996707932325,0.1148033958287138,chen,chen,chen,2,1,1,0,0,11.892216509387376,8.843678190154685,4.278485108501329,25.01437980804339
Dim_Near_20260114_211300_T13,1736911003.52,88,Dim,Near,4,4,1280,720,22.969801241085435,0,2,alice,3,1,0.7755737838003058,753.6149007618152,168.79770764281238,873.9931814543612,372.33849095585674,24501.88954603834,alice,0.855329877451197,chen,0.7390293990669093,0.1163004783842877,alice,alice,alice,3,1,1,0,0,11.892216509387376,8.843678190154685,4.278485108501329,25.01437980804339
Dim_Near_20260114_211300_T13,1736911003.52,88,Dim,Near,4,4,1280,720,22.969801241085435,0,3,bob,4,1,0.6885143352476639,1060.3766958080375,178.97756352540392,1142.3075188058108,311.84901598247154,10886.267452717051,bob,0.9009621785658483,diana,0.7926652633256449,0.10829691524020335,bob,bob,bob,2,1,1,0,0,11.892216509387376,8.843678190154685,4.278485108501329,25.01437980804339
Dim_Near_20260114_211300_T13,1736911003.56,89,Dim,Near,4,4,1280,720,28.042602913949,0,0,diana,-1,0,-1.0,-1.0,-1.0,-1.0,-1.0,0.0,unknown,-1.0,unknown,-1.0,-1.0,unknown,unknown,unknown,0,0,0,0,1,7.88964333740905,8.687500709848978,5.83166347170612,22.40880751896415
Dim_Near_20260114_211300_T13,1736911003.56,89,Dim,Near,4,4,1280,720,28.042602913949,0,1,chen,2,1,0.7318639988176159,412.63815017204854,313.2681066133369,533.2880037428813,507.99978301913933,23494.348243962853,chen,0.8479798338886975,alice,0.7440697128019937,0.10391012108670372,chen,chen,chen,2,1,1,0,0,7.88964333740905,8.687500709848978,5.83166347170612,22.40880751896415
Dim_Near_20260114_211300_T13,1736911003.56,89,Dim,Near,4,4,1280,720,28.042602913949,0,2,alice,3,1,0.6248974765206102,723.2549356181577,199.80368822389218,846.7902220420712,400.52110504710186,24795.683577523236,alice,0.7512204282344376,diana,0.6074530102122213,0.14376741802221626,alice,alice,alice,2,1,1,0,0,7.88964333740905,8.687500709848978,5.83166347170612,22.40880751896415
Dim_Near_20260114_211300_T13,1736911003.56,89,Dim,Near,4,4,1280,720,28.042602913949,0,3,bob,4,1,0.7010811459116415,1053.356772397626,239.72376536095044,1163.9203955293985,394.9013117861865,17156.99176147295,bob,0.9308106544934254,chen,0.8072095879977524,0.12360106649567293,bob,bob,bob,2,1,1,0,0,7.88964333740905,8.687500709848978,5.83166347170612,22.40880751896415
Dim_Near_20260114_211300_T13,1736911003.6,90,Dim,Near,4,4,1280,720,25.52832951083236,1,0,diana,1,1,0.954216446364855,105.35669410970229,283.777394986665,210.74237020707744,476.9696645332187,20359.6979429499,diana,0.8613525279406237,alice,0.764708819548045,0.09664370839257863,diana,diana,diana,3,1,1,0,0,24.12267158724758,11.457535335566014,16.52929707647909,52.109503999292684
Dim_Near_20260114_211300_T13,1736911003.6,90,Dim,Near,4,4,1280,720,25.52832951083236,1,1,chen,2,1,0.8638029057206378,416.6084375034394,184.12998847315686,527.0576174148981,394.74344333237644,23262.083367519834,chen,0.8138655799724724,bob,0.7166476596436102,0.09721792032886223,chen,chen,chen,2,1,1,0,0,24.12267158724758,11.457535335566014,16.52929707647909,52.109503999292684
Dim_Near_20260114_211300_T13,1736911003.6,90,Dim,Near,4,4,1280,720,25.52832951083236,1,2,alice,3,1,0.9089703129481976,760.8068772632367,222.13464752932472,851.1937852044776,435.467832463885,19282.52694749182,bob,0.7431835020640478,diana,0.6648073184683077,0.07837618359574017,unknown,unknown,unknown,0,0,0,0,0,24.12267158724758,11.457535335566014,16.52929707647909,52.109503999292684
Dim_Near_20260114_211300_T13,1736911003.6,90,Dim,Near,4,4,1280,720,25.52832951083236,1,3,bob,4,1,0.6772424778625742,1108.2679769482263,245.23433242382094,1198.050768374049,439.14236244474506,17409.604215160813,bob,0.8972030296889938,alice,0.8348891522436818,0.06231387744531203,bob,bob,bob,1,1,1,0,0,24.12267158724758,11.457535335566014,16.52929707647909,52.109503999292684
Dim_Near_20260114_211300_T13,1736911003.64,91,Dim,Near,4,4,1280,720,25.15414968561369,0,0,diana,1,1,0.7172749242206276,74.42404191958393,185.90927865673382,190.55445540078978,363.5908498032795,20634.23432523865,diana,0.8667407694251251,alice,0.7046371108118425,0.16210365861328258,diana,diana,diana,2,1,1,0,0,28.04320641902069,17.743791314807645,9.756203658466433,55.54320139229477
Dim_Near_20260114_211300_T13,1736911003.64,91,Dim,Near,4,4,1280,720,25.15414968561369,0,1,chen,2,1,0.9261399949033386,412.17195892108055,214.28459781937056,525.4175797584141,371.0579913021518,17753.900275733147,chen,0.8108820396657762,diana,0.6831295143126848,0.12775252535309145,chen,chen,chen,3,1,1,0,0,28.04320641902069,17.743791314807645,9.756203658466433,55.54320139229477
Dim_Near_20260114_211300_T13,1736911003.64,91,Dim,Near,4,4,1280,720,25.15414968561369,0,2,alice,3,1,0.8517629561219935,768.418862810352,174.73954861159723,848.7349624587027,366.22912527564347,15379.695920970029,alice,0.8907218862931375,chen,0.7356429430649036,0.1550789432282339,alice,alice,alice,1,1,1,0,0,28.04320641902069,17.743791314807645,9.756203658466433,55.54320139229477
Dim_Near_20260114_211300_T13,1736911003.64,91,Dim,Near,4,4,1280,720,25.15414968561369,0,3,bob,4,1,0.8368385550980899,1046.3097280408347,225.78236709592466,1157.1074143218589,382.33198054699915,17345.334958567757,bob,0.8081584881627601,chen,0.7077974237750949,0.10036106438766523,bob,bob,bob,2,1,1,0,0,28.04320641902069,17.743791314807645,9.756203658466433,55.54320139229477
Dim_Near_20260114_211300_T13,1736911003.68,92,Dim,Near,4,4,1280,720,25.150945374505678,2,0,diana,-1,0,-1.0,-1.0,-1.0,-1.0,-1.0,0.0,unknown,-1.0,unknown,-1.0,-1.0,unknown,unknown,unknown,0,0,0,0,1,10.661961478390984,8.358464015378258,2.452621163723684,21.473046657492926
Dim_Near_20260114_211300_T13,1736911003.68,92,Dim,Near,4,4,1280,720,25.150945374505678,2,1,chen,2,1,0.8265254824157535,423.05618956574716,260.0274153069407,548.405940153457,460.31953876663226,25106.567720355117,chen,0.9258044657672501,bob,0.8386245248241867,0.08717994094306336,chen,chen,chen,3,1,1,0,0,10.661961478390984,8.358464015378258,2.452621163723684,21.473046657492926
Dim_Near_20260114_211300_T13,1736911003.68,92,Dim,Near,4,4,1280,720,25.150945374505678,2,2,alice,3,1,0.7273451518249447,755.8042164222428,275.3995983822595,847.919999131782,421.4898654601422,13457.219298124788,alice,0.9073997876642831,chen,0.8141096610196933,0.0932901266445898,alice,alice,alice,2,1,1,0,0,10.661961478390984,8.358464015378258,2.452621163723684,21.473046657492926
Dim_Near_20260114_211300_T13,1736911003.68,92,Dim,Near,4,4,1280,720,25.150945374505678,2,3,bob,4,1,0.6577196673959572,1090.8996329379625,205.54412324190196,1216.4678092949894,357.1290526553438,19034.243149654543,bob,0.8730856398651312,chen,0.703936401415125,0.16914923845000618,bob,bob,bob,2,1,1,0,0,10.661961478390984,8.358464015378258,2.452621163723684,21.473046657492926
Dim_Near_20260114_211300_T13,1736911003.72,93,Dim,Near,4,4,1280,720,25.311950409250517,0,0,diana,1,1,0.9155495435385119,116.32364296703776,190.38576409143025,209.1724975197743,352.0441701806724,15009.797834207264,diana,0.892647894026154,bob,0.7838328097096089,0.10881508431654507,diana,diana,diana,1,1,1,0,0,19.580070280813082,11.253750264275306,10.774258626626418,41.608079171714806
Dim_Near_20260114_211300_T13,1736911003.72,93,Dim,Near,4,4,1280,720,25.311950409250517,0,1,chen,2,1,0.7444222384946333,394.0610596506484,296.7430688739276,518.7632732121998,490.6625206914685,24182.18489428996,chen,0.8770566816523742,alice,0.8077600838210509,0.06929659783132325,chen,chen,chen,2,1,1,0,0,19.580070280813082,11.253750264275306,10.774258626626418,41.608079171714806
Dim_Near_20260114_211300_T13,1736911003.72,93,Dim,Near,4,4,1280,720,25.311950409250517,0,2,alice,3,1,0.7140492926415211,729.3940945497525,198.23635187539668,855.1971662530032,365.7342138469124,21071.745539743777,alice,0.8073411817366482,chen,0.6355533197335881,0.17178786200306007,alice,alice,alice,2,1,1,0,0,19.580070280813082,11.253750264275306,10.774258626626418,41.608079171714806
Dim_Near_20260114_211300_T13,1736911003.72,93,Dim,Near,4,4,1280,720,25.311950409250517,0,3,bob,4,1,0.7638287111607112,1071.0804937378957,266.8108837162142,1172.6828419740586,468.64986749527634,20507.31471755351,bob,0.6824414289087919,chen,0.6271129146254681,0.05532851428332375,unknown,unknown,unknown,0,0,0,0,0,19.580070280813082,11.253750264275306,10.774258626626418,41.608079171714806
Dim_Near_20260114_211300_T13,1736911003.76,94,Dim,Near,4,4,1280,720,23.29783742422821,1,0,diana,1,1,0.8657928614242899,92.04689652599392,296.2382666524196,204.2514974033229,444.86087989109603,16676.140999791318,diana,0.8645402837758753,chen,0.7905782123469496,0.07396207142892575,diana,diana,diana,2,1,1,0,0,6.277538065042407,5.503416809795351,5.212055055754077,16.993009930591835
Dim_Near_20260114_211300_T13,1736911003.76,94,Dim,Near,4,4,1280,720,23.29783742422821,1,1,chen,2,1,0.7957512307511554,394.30797071222304,192.6688614908398,504.54200130866917,382.83250545910465,20962.504947529396,chen,0.7977853205773597,bob,0.6595513013590081,0.13823401921835166,chen,chen,chen,1,1,1,0,0,6.277538065042407,5.503416809795351,5.212055055754077,16.993009930591835
Dim_Near_20260114_211300_T13,1736911003.76,94,Dim,Near,4,4,1280,720,23.29783742422821,1,2,alice,3,1,0.6000790937515612,722.8589282542829,238.85224830353548,839.1788186793318,395.75358823603403,18250.746668491585,bob,0.7937301946676396,alice,0.7721529498973387,0.021577244770300874,bob,bob,bob,1,0,0,1,0,6.277538065042407,5.503416809795351,5.212055055754077,16.993009930591835
Dim_Near_20260114_211300_T13,1736911003.76,94,Dim,Near,4,4,1280,720,23.29783742422821,1,3,bob,4,1,0.8138915468152734,1077.3051745960945,227.07368588776745,1165.4442486552987,431.8817461528816,18051.592791628846,bob,0.7967597079118597,alice,0.6607421455524904,0.13601756235936924,bob,bob,bob,1,1,1,0,0,6.277538065042407,5.503416809795351,5.212055055754077,16.993009930591835
Dim_Near_20260114_211300_T13,1736911003.8,95,Dim,Near,4,4,1280,720,21.899175030622533,0,0,diana,1,1,0.6035047561336471,111.02695705011685,237.46560758973663,226.96523128376668,422.226675030599,21420.87930466057,diana,0.8011806372757962,alice,0.6949387316817048,0.10624190559409141,diana,diana,diana,3,1,1,0,0,11.598606786643378,8.580980398116443,5.149391552557216,25.328978737317037
Dim_Near_20260114_211300_T13,1736911003.8,95,Dim,Near,4,4,1280,720,21.899175030622533,0,1,chen,2,1,0.7168762896319391,405.1564925618256,194.99693848345163,526.6048543894749,350.11292955712014,18838.583009169313,chen,0.8063945657072735,diana,0.6323692963045617,0.1740252694027118,chen,chen,chen,2,1,1,0,0,11.598606786643378,8.580980398116443,5.149391552557216,25.328978737317037
Dim_Near_20260114_211300_T13,1736911003.8,95,Dim,Near,4,4,1280,720,21.899175030622533,0,2,alice,3,1,0.8448702308473868,748.3344876655642,275.91739040840156,871.0043459563838,446.73774668402604,20954.50889751816,alice,0.7498907907624649,chen,0.6204593417438637,0.12943144901860115,alice,alice,alice,1,1,1,0,0,11.598606786643378,8.580980398116443,5.149391552557216,25.328978737317037
Dim_Near_20260114_211300_T13,1736911003.8,95,Dim,Near,4,4,1280,720,21.899175030622533,0,3,bob,4,1,0.6854117322156152,1098.770865867122,245.34619737353728,1185.961290080954,434.7595684460284,16515.032175582495,bob,0.7784077504255373,alice,0.7150198237991678,0.0633879266263695,bob,bob,bob,2,1,1,0,0,11.598606786643378,8.580980398116443,5.149391552557216,25.328978737317037
Dim_Near_20260114_211300_T13,1736911003.84,96,Dim,Near,4,4,1280,720,23.30236113261544,0,0,diana,1,1,0.6100457563467065,81.06173433124266,273.6694968632123,197.1662683301794,442.8875019222985,19646.977621614922,bob,0.5675449468063624,alice,0.500423924873225,0.0671210219331374,unknown,unknown,unknown,0,0,0,0,0,11.992040921328224,10.803509757900894,6.995468138131788,29.791018817360904
Dim_Near_20260114_211300_T13,1736911003.84,96,Dim,Near,4,4,1280,720,23.30236113261544,0,1,chen,2,1,0.7058269198201238,406.2987310620747,289.128204378199,490.88136477467424,501.5247080340096,17965.05567055624,chen,0.9726769379756239,diana,0.807088441483935,0.16558849649168894,chen,chen,chen,2,1,1,0,0,11.992040921328224,10.803509757900894,6.995468138131788,29.791018817360904
Dim_Near_20260114_211300_T13,1736911003.84,96,Dim,Near,4,4,1280,720,23.30236113261544,0,2,alice,3,1,0.6497404257776662,783.9844629330139,231.41603516478034,876.5877902285629,446.66897341321356,19933.138291948257,alice,0.8778827555703762,diana,0.7420720334925075,0.1358107220778687,alice,alice,alice,2,1,1,0,0,11.992040921328224,10.803509757900894,6.995468138131788,29.791018817360904
Dim_Near_20260114_211300_T13,1736911003.84,96,Dim,Near,4,4,1280,720,23.30236113261544,0,3,bob,4,1,0.6463360162483672,1066.0838822129167,279.89537406911575,1153.900484214846,462.2285131911642,16011.876710043347,bob,0.828999405954027,chen,0.7343266992758414,0.09467270667818561,bob,bob,bob,2,1,1,0,0,11.992040921328224,10.803509757900894,6.995468138131788,29.791018817360904
Dim_Near_20260114_211300_T13,1736911003.88,97,Dim,Near,4,4,1280,720,22.452457032160968,0,0,diana,1,1,0.7924957390517223,107.4881426804243,248.34313812521577,235.44226315600196,392.6753542912386,18467.9017758144,diana,0.8609603354500427,chen,0.7784118364149542,0.08254849903508854,diana,diana,diana,1,1,1,0,0,25.077093910619634,15.242934210290045,7.672815726283229,47.99284384719291
Dim_Near_20260114_211300_T13,1736911003.88,97,Dim,Near,4,4,1280,720,22.452457032160968,0,1,chen,2,1,0.8216162735506908,432.2449366827738,233.91217499811586,557.727841412243,404.55099234630785,21412.254460452477,chen,0.868811175934969,bob,0.8083215577299306,0.0604896182050384,chen,chen,chen,1,1,1,0,0,25.077093910619634,15.242934210290045,7.672815726283229,47.99284384719291
Dim_Near_20260114_211300_T13,1736911003.88,97,Dim,Near,4,4,1280,720,22.452457032160968,0,2,alice,3,1,0.7785941187064119,765.8167008587512,211.05884851502782,865.8655337827664,383.8212833777225,17284.679981123798,alice,0.8929168240001814,chen,0.8085219023713326,0.08439492162884876,alice,alice,alice,2,1,1,0,0,25.077093910619634,15.242934210290045,7.672815726283229,47.99284384719291
Dim_Near_20260114_211300_T13,1736911003.88,97,Dim,Near,4,4,1280,720,22.452457032160968,0,3,bob,4,1,0.769765811677176,1078.6737713963723,230.4762618522485,1177.113061484706,386.4671772596156,15355.63497293051,bob,0.8699651490352809,chen,0.7167934059438746,0.15317174309140624,bob,bob,bob,2,1,1,0,0,25.077093910619634,15.242934210290045,7.672815726283229,47.99284384719291
Dim_Near_20260114_211300_T13,1736911003.92,98,Dim,Near,4,4,1280,720,24.566589708222523,1,0,diana,1,1,0.7260314579903423,98.8560671799116,285.12914875188943,193.40600375365634,441.9816842958929,14830.397287116566,diana,0.8335021394424932,alice,0.7473442538861104,0.08615788555638282,diana,diana,diana,2,1,1,0,0,15.280665399589445,6.816023577072351,6.71044297576747,28.807131952429266
Dim_Near_20260114_211300_T13,1736911003.92,98,Dim,Near,4,4,1280,720,24.566589708222523,1,1,chen,2,1,0.7901161668802397,395.05896348791856,192.26006648910695,508.68222193768526,381.47036207049507,21498.690316200813,chen,0.773427906181343,diana,0.7080156394375372,0.06541226674380585,chen,chen,chen,2,1,1,0,0,15.280665399589445,6.816023577072351,6.71044297576747,28.807131952429266
Dim_Near_20260114_211300_T13,1736911003.92,98,Dim,Near,4,4,1280,720,24.566589708222523,1,2,alice,3,1,0.7878594107969876,761.3985174113952,233.72261757300248,842.3850762475638,384.65418716500983,12223.428440998374,alice,0.9106403330456576,diana,0.8277842726140783,0.08285606043157934,alice,alice,alice,2,1,1,0,0,15.280665399589445,6.816023577072351,6.71044297576747,28.807131952429266
Dim_Near_20260114_211300_T13,1736911003.92,98,Dim,Near,4,4,1280,720,24.566589708222523,1,3,bob,4,1,0.8335548874068799,1053.6325066053034,396.17937068031483,1175.7041873777505,536.5018706132669,17129.403417007044,bob,0.8576074919370309,diana,0.730890630805158,0.12671686113187286,bob,bob,bob,1,1,1,0,0,15.280665399589445,6.816023577072351,6.71044297576747,28.807131952429266
Dim_Near_20260114_211300_T13,1736911003.96,99,Dim,Near,4,4,1280,720,25.244255844805007,1,0,diana,1,1,0.7459032559586337,90.47123869222943,227.78034884932032,204.18421879205349,385.62930266892903,17949.474944467212,diana,0.8292791815022327,alice,0.6702548968654647,0.159024284636768,diana,diana,diana,2,1,1,0,0,16.208535613703685,8.869745510920275,8.295949656378315,33.374230781002275
Dim_Near_20260114_211300_T13,1736911003.96,99,Dim,Near,4,4,1280,720,25.244255844805007,1,1,chen,2,1,0.7878297641520887,431.18045370645336,204.15507262320156,550.1062239404756,359.825658265872,18513.244300335908,chen,0.8520521367360925,alice,0.7286138524665119,0.12343828426958059,chen,chen,chen,1,1,1,0,0,16.208535613703685,8.869745510920275,8.295949656378315,33.374230781002275
Dim_Near_20260114_211300_T13,1736911003.96,99,Dim,Near,4,4,1280,720,25.244255844805007,1,2,alice,3,1,0.7489645880614293,774.2826243410492,231.13710090790192,859.7496374183446,417.31957756565436,15912.460167271374,alice,0.850549204476977,bob,0.7414290942093043,0.10912011026767277,alice,alice,alice,1,1,1,0,0,16.208535613703685,8.869745510920275,8.295949656378315,33.374230781002275
Dim_Near_20260114_211300_T13,1736911003.96,99,Dim,Near,4,4,1280,720,25.244255844805007,1,3,bob,4,1,0.7660823686204328,1046.8032192300932,226.49836785411424,1170.3427277605795,388.27165211813724,19985.392031340052,bob,0.9238347730011272,alice,0.8349419185962663,0.08889285440486083,bob,bob,bob,3,1,1,0,0,16.208535613703685,8.869745510920275,8.295949656378315,33.374230781002275
Dim_Near_20260114_211300_T13,1736911004.0,100,Dim,Near,4,4,1280,720,26.243161721761933,0,0,diana,1,1,0.7805550788722839,94.68883996804969,225.99166408886913,206.46432734737937,415.97600697400117,21235.59252042732,diana,0.5494676831199008,alice,0.4854451843322741,0.06402249878762667,unknown,unknown,unknown,0,0,0,0,0,16.599702700199604,11.719909821036358,3.1050614874320726,31.424674008668035
Dim_Near_20260114_211300_T13,1736911004.0,100,Dim,Near,4,4,1280,720,26.243161721761933,0,1,chen,2,1,0.8771293594336614,399.3337507056094,233.58487778994981,512.2461433317466,391.21495128123047,17798.388747734334,chen,0.7665072797346238,bob,0.6006586364505119,0.16584864328411197,chen,chen,chen,1,1,1,0,0,16.599702700199604,11.719909821036358,3.1050614874320726,31.424674008668035
Dim_Near_20260114_211300_T13,1736911004.0,100,Dim,Near,4,4,1280,720,26.243161721761933,0,2,alice,3,1,0.7053202146421381,754.7255248609631,244.77703754701034,861.2181213698373,413.62122887753173,17980.656340228365,alice,0.7905181805549281,bob,0.6374600991101832,0.15305808144474486,alice,alice,alice,3,1,1,0,0,16.599702700199604,11.719909821036358,3.1050614874320726,31.424674008668035
Dim_Near_20260114_211300_T13,1736911004.0,100,Dim,Near,4,4,1280,720,26.243161721761933,0,3,bob,4,1,0.7961818431794911,1047.1036065648668,262.7166404894286,1164.5176195305626,422.0040064503176,18702.568852203345,bob,0.8312628315210528,alice,0.6985977562759098,0.13266507524514304,bob,bob,bob,1,1,1,0,0,16.599702700199604,11.719909821036358,3.1050614874320726,31.424674008668035
Dim_Near_20260114_211300_T13,1736911004.04,101,Dim,Near,4,4,1280,720,26.062156038769764,3,0,diana,1,1,0.8828340132535379,100.64432692282182,306.5887464037162,224.61989469290867,439.70149675192556,16502.728801857083,diana,0.9647090894887186,bob,0.8793263058622993,0.08538278362641927,diana,diana,diana,2,1,1,0,0,16.269006158227114,8.326353172251912,15.356042876566734,39.95140220704576
Dim_Near_20260114_211300_T13,1736911004.04,101,Dim,Near,4,4,1280,720,26.062156038769764,3,1,chen,-1,0,-1.0,-1.0,-1.0,-1.0,-1.0,0.0,unknown,-1.0,unknown,-1.0,-1.0,unknown,unknown,unknown,0,0,0,0,1,16.269006158227114,8.326353172251912,15.356042876566734,39.95140220704576
Dim_Near_20260114_211300_T13,1736911004.04,101,Dim,Near,4,4,1280,720,26.062156038769764,3,2,alice,3,1,0.887437880050762,725.9219395236679,271.64995391452175,853.36948706181,440.8841928469048,21568.488711416187,alice,0.8178131833321859,chen,0.6605616359620761,0.15725154737010982,alice,alice,alice,1,1,1,0,0,16.269006158227114,8.326353172251912,15.356042876566734,39.95140220704576
Dim_Near_20260114_211300_T13,1736911004.04,101,Dim,Near,4,4,1280,720,26.062156038769764,3,3,bob,4,1,0.7700894724573819,1044.1721684262498,252.99101087719183,1143.277518780722,394.7862860637707,14052.670425974698,bob,0.9542765319964355,chen,0.8597838483624972,0.09449268363393826,bob,bob,bob,1,1,1,0,0,16.269006158227114,8.326353172251912,15.356042876566734,39.95140220704576
Dim_Near_20260114_211300_T13,1736911004.08,102,Dim,Near,4,4,1280,720,26.333446288242712,2,0,diana,1,1,0.6977888117287686,119.18932866604251,269.4152322152498,245.06180443150697,450.4586508759589,22788.383327866944,diana,0.8630318963124984,chen,0.7787222038334964,0.084309692479002,diana,diana,diana,3,1,1,0,0,9.430217763966077,10.436067374787987,6.579770384514058,26.44605552326812
Dim_Near_20260114_211300_T13,1736911004.08,102,Dim,Near,4,4,1280,720,26.333446288242712,2,1,chen,2,1,0.8131416195324986,436.897975579566,299.12178509310434,548.1804329308861,494.05489702423745,21692.635714836437,chen,0.9195897595420062,bob,0.7605750762605532,0.15901468328145296,chen,chen,chen,3,1,1,0,0,9.430217763966077,10.436067374787987,6.579770384514058,26.44605552326812
Dim_Near_20260114_211300_T13,1736911004.08,102,Dim,Near,4,4,1280,720,26.333446288242712,2,2,alice,3,1,0.7995834468216915,754.6630498825751,266.389875969671,875.6650466329226,403.07758837553905,16539.48613234727,alice,0.696894789811033,chen,0.6725053542527729,0.02438943555826012,unknown,unknown,unknown,0,0,0,0,0,9.430217763966077,10.436067374787987,6.579770384514058,26.44605552326812
Dim_Near_20260114_211300_T13,1736911004.08,102,Dim,Near,4,4,1280,720,26.333446288242712,2,3,bob,4,1,0.8075318330328359,1069.688584026365,243.09985702679288,1173.8453004842875,409.7815589663642,17361.018767643855,bob,0.8147883169658726,diana,0.6998603013195165,0.11492801564635613,bob,bob,bob,2,1,1,0,0,9.430217763966077,10.436067374787987,6.579770384514058,26.44605552326812
Dim_Near_20260114_211300_T13,1736911004.12,103,Dim,Near,4,4,1280,720,24.26681871232961,0,0,diana,1,1,0.8593864990286748,132.0546413653267,241.3391305888635,228.32223331565666,429.17041066841585,18082.06502620649,alice,0.8164323064226728,diana,0.7260128920638078,0.09041941435886502,alice,alice,alice,1,0,0,1,0,14.825674373067981,10.885937334330684,1.8785070379519535,27.59011874535062
Dim_Near_20260114_211300_T13,1736911004.12,103,Dim,Near,4,4,1280,720,24.26681871232961,0,1,chen,2,1,0.8398121683360618,446.72816964986737,205.60114453474318,545.9744880999649,407.2764263605493,20015.52924359712,chen,0.8846814263204335,alice,0.8011326073021225,0.0835488190183109,chen,chen,chen,3,1,1,0,0,14.825674373067981,10.885937334330684,1.8785070379519535,27.59011874535062
Dim_Near_20260114_211300_T13,1736911004.12,103,Dim,Near,4,4,1280,720,24.26681871232961,0,2,alice,3,1,0.8108335086369218,731.8603689619227,272.2457026202116,842.441152296184,405.1898196748129,14701.06460357953,bob,0.6777401096362893,chen,0.6188518457565405,0.05888826387974877,unknown,unknown,unknown,0,0,0,0,0,14.825674373067981,10.885937334330684,1.8785070379519535,27.59011874535062
Dim_Near_20260114_211300_T13,1736911004.12,103,Dim,Near,4,4,1280,720,24.26681871232961,0,3,bob,4,1,0.7755318403730567,1088.6063842283663,217.17575739485014,1170.443142578339,388.3971330513075,14012.202343947376,bob,0.9215443257305214,diana,0.8599547080593968,0.061589617671124586,bob,bob,bob,2,1,1,0,0,14.825674373067981,10.885937334330684,1.8785070379519535,27.59011874535062
Dim_Near_20260114_211300_T13,1736911004.16,104,Dim,Near,4,4,1280,720,24.318467737615844,3,0,diana,1,1,0.683036654007691,123.86442611364687,272.7184913406363,224.62749995385587,478.0205939053368,20686.870920277077,diana,0.8470007691316005,chen,0.7211645930287033,0.1258361761028972,diana,diana,diana,2,1,1,0,0,17.663013313030543,15.767590468327668,12.58758137264979,46.018185154008
Dim_Near_20260114_211300_T13,1736911004.16,104,Dim,Near,4,4,1280,720,24.318467737615844,3,1,chen,2,1,0.7284777881590924,466.33912284306064,312.9674862797572,548.6267074427702,443.45786415629044,10737.738008963299,chen,0.8431825097050044,diana,0.6812389863111042,0.16194352339390017,chen,chen,chen,2,1,1,0,0,17.663013313030543,15.767590468327668,12.58758137264979,46.018185154008
Dim_Near_20260114_211300_T13,1736911004.16,104,Dim,Near,4,4,1280,720,24.318467737615844,3,2,alice,3,1,0.8542279764123036,718.4491999345995,232.23722646988347,840.9151437034653,408.006622630101,21525.7649864447,alice,0.9151667347479219,bob,0.779915423759232,0.13525131098868992,alice,alice,alice,2,1,1,0,0,17.663013313030543,15.767590468327668,12.58758137264979,46.018185154008
Dim_Near_20260114_211300_T13,1736911004.16,104,Dim,Near,4,4,1280,720,24.318467737615844,3,3,bob,4,1,0.7867008390771075,1069.3349986832768,182.7157426241476,1187.116104444572,364.9049429988905,21458.445477903413,bob,0.8781240992684501,chen,0.772315129503496,0.10580896976495413,bob,bob,bob,2,1,1,0,0,17.663013313030543,15.767590468327668,12.58758137264979,46.018185154008
Dim_Near_20260114_211300_T13,1736911004.2,105,Dim,Near,4,4,1280,720,24.21876847331032,1,0,diana,1,1,0.6653031399687437,87.67973100748225,239.08918188953166,171.36604508340167,435.93795698690894,16473.548418259143,diana,0.8637921453900863,bob,0.6914638563931453,0.17232828899694097,diana,diana,diana,2,1,1,0,0,25.354372901174216,15.698803102961156,19.392601737012,60.445777741147374
Dim_Near_20260114_211300_T13,1736911004.2,105,Dim,Near,4,4,1280,720,24.21876847331032,1,1,chen,2,1,0.6558657968567846,436.7077480534873,120.87353854914036,519.0919510294909,296.21354416430256,14445.246612413137,chen,0.7863266664123519,bob,0.7112495832359063,0.07507708317644568,chen,chen,chen,1,1,1,0,0,25.354372901174216,15.698803102961156,19.392601737012,60.445777741147374
Dim_Near_20260114_211300_T13,1736911004.2,105,Dim,Near,4,4,1280,720,24.21876847331032,1,2,alice,3,1,0.8689448788738883,724.9449577565342,198.45161863034684,807.5281903936636,390.8443354907323,15888.412494170583,alice,0.8507152055911591,diana,0.7805836592548769,0.07013154633628216,alice,alice,alice,2,1,1,0,0,25.354372901174216,15.698803102961156,19.392601737012,60.445777741147374
Dim_Near_20260114_211300_T13,1736911004.2,105,Dim,Near,4,4,1280,720,24.21876847331032,1,3,bob,4,1,0.7011039070277144,1059.4783024182805,247.47376311808455,1175.2418167820376,393.1537209514104,16864.423891149752,bob,0.829692302919222,chen,0.6867474534923951,0.14294484942682695,bob,bob,bob,2,1,1,0,0,25.354372901174216,15.698803102961156,19.392601737012,60.445777741147374
Dim_Near_20260114_211300_T13,1736911004.24,106,Dim,Near,4,4,1280,720,24.320540939962406,3,0,diana,1,1,0.9594843482080647,106.48902985756295,274.7684279151765,210.0026193018391,415.20334055356466,14536.921890492898,diana,0.860076804401942,bob,0.7460055646740441,0.1140712397278979,diana,diana,diana,2,1,1,0,0,11.805758862036924,6.3114499030582545,6.744331535838227,24.861540300933406
Dim_Near_20260114_211300_T13,1736911004.24,106,Dim,Near,4,4,1280,720,24.320540939962406,3,1,chen,2,1,0.712117729950473,411.9025590959017,231.03641447167064,539.1754722272109,400.37945346280964,21552.781890911134,alice,0.7979148965067376,diana,0.7805070333720074,0.017407863134730195,unknown,unknown,unknown,0,0,0,0,0,11.805758862036924,6.3114499030582545,6.744331535838227,24.861540300933406
Dim_Near_20260114_211300_T13,1736911004.24,106,Dim,Near,4,4,1280,720,24.320540939962406,3,2,alice,3,1,0.7074318206000941,765.8984803771566,258.79911518258496,864.2359848258363,441.6485620433781,17980.958294111875,alice,0.9269600406858732,chen,0.75342018899507,0.17353985169080322,alice,alice,alice,2,1,1,0,0,11.805758862036924,6.3114499030582545,6.744331535838227,24.861540300933406
Dim_Near_20260114_211300_T13,1736911004.24,106,Dim,Near,4,4,1280,720,24.320540939962406,3,3,bob,4,1,0.9201198908774357,1103.8161672027522,300.3971635772126,1197.7741519825486,431.0034874840387,12271.506993782717,bob,0.885341680877852,chen,0.7275969310700912,0.15774474980776088,bob,bob,bob,2,1,1,0,0,11.805758862036924,6.3114499030582545,6.744331535838227,24.861540300933406
Dim_Near_20260114_211300_T13,1736911004.28,107,Dim,Near,4,4,1280,720,23.88649610263753,4,0,diana,1,1,0.8173853312340252,89.36005977827634,268.06808910713784,212.8746928982665,423.62046928012927,19212.995168008267,diana,0.8660005476255085,bob,0.80450804069333,0.06149250693217845,diana,diana,diana,1,1,1,0,0,11.448241142444642,6.496063392906524,6.558357653714132,24.502662189065298
Dim_Near_20260114_211300_T13,1736911004.28,107,Dim,Near,4,4,1280,720,23.88649610263753,4,1,chen,2,1,0.968421575305172,452.4925238293848,192.4326224566595,567.7216844629553,354.3196468292699,18654.105935922264,bob,0.8508202683061736,chen,0.8054464726382077,0.045373795667965955,bob,bob,bob,1,0,0,1,0,11.448241142444642,6.496063392906524,6.558357653714132,24.502662189065298
Dim_Near_20260114_211300_T13,1736911004.28,107,Dim,Near,4,4,1280,720,23.88649610263753,4,2,alice,3,1,0.7609680397998148,747.8335349060063,233.02163122518448,833.1265455644497,414.0453769925389,15440.060277166296,alice,0.8991391843675695,chen,0.7591897023865233,0.13994948198104618,alice,alice,alice,2,1,1,0,0,11.448241142444642,6.496063392906524,6.558357653714132,24.502662189065298
Dim_Near_20260114_211300_T13,1736911004.28,107,Dim,Near,4,4,1280,720,23.88649610263753,4,3,bob,4,1,0.8403500104844683,1064.4052485109144,234.06466079300986,1170.0840190654114,384.6862296967574,15917.502220737506,bob,0.8711158600259944,chen,0.7163211304355596,0.15479472959043483,bob,bob,bob,2,1,1,0,0,11.448241142444642,6.496063392906524,6.558357653714132,24.502662189065298
Dim_Near_20260114_211300_T13,1736911004.32,108,Dim,Near,4,4,1280,720,25.73188728132058,0,0,diana,1,1,0.788570604791995,104.83124532961834,238.71440928639973,229.02161834197102,446.47622088452613,25802.01688009346,diana,0.8058490562038114,bob,0.744908180283561,0.06094087592025044,diana,diana,diana,2,1,1,0,0,7.624726503437743,7.4622116787560415,5.382661615719453,20.469599797913236
Dim_Near_20260114_211300_T13,1736911004.32,108,Dim,Near,4,4,1280,720,25.73188728132058,0,1,chen,2,1,0.7722487150628795,432.01808740476383,283.0212662243975,523.8480338509464,422.8818997358208,12843.394485283174,chen,0.856047291404555,bob,0.748684704098991,0.10736258730556403,chen,chen,chen,2,1,1,0,0,7.624726503437743,7.4622116787560415,5.382661615719453,20.469599797913236
Dim_Near_20260114_211300_T13,1736911004.32,108,Dim,Near,4,4,1280,720,25.73188728132058,0,2,alice,3,1,0.7902452143809017,771.7886356823595,182.59348790011154,865.9820450361909,372.41945873161114,17880.3553765199,alice,0.8563536560174727,chen,0.6785304075120837,0.177823248505389,alice,alice,alice,2,1,1,0,0,7.624726503437743,7.4622116787560415,5.382661615719453,20.469599797913236
Dim_Near_20260114_211300_T13,1736911004.32,108,Dim,Near,4,4,1280,720,25.73188728132058,0,3,bob,4,1,0.8463821335548353,1071.395792590068,222.52411024067823,1162.0905747196555,359.77980994178193,12448.375780435697,bob,0.834688000617498,alice,0.7038051176807611,0.1308828829367369,bob,bob,bob,2,1,1,0,0,7.624726503437743,7.4622116787560415,5.382661615719453,20.469599797913236
Dim_Near_20260114_211300_T13,1736911004.36,109,Dim,Near,4,4,1280,720,25.796281185603657,1,0,diana,1,1,0.911099195031883,121.31455603308348,196.08034628537928,226.7336962723674,403.0101205238327,21814.358890126885,diana,0.8048210308634828,alice,0.6804292691286482,0.12439176173483457,diana,diana,diana,2,1,1,0,0,19.074640159251928,9.813280307779682,15.670748146577115,44.558668613608724
Dim_Near_20260114_211300_T13,1736911004.36,109,Dim,Near,4,4,1280,720,25.796281185603657,1,1,chen,2,1,0.9444495207600316,396.3665037070929,276.96161861345894,513.4017969407728,422.39621909177,17020.981113302216,chen,0.7832790837345759,alice,0.7016936915748118,0.08158539215976413,chen,chen,chen,2,1,1,0,0,19.074640159251928,9.813280307779682,15.670748146577115,44.558668613608724
Dim_Near_20260114_211300_T13,1736911004.36,109,Dim,Near,4,4,1280,720,25.796281185603657,1,2,alice,3,1,0.6791783489134848,740.9947941572876,228.7564786465237,845.2905594377872,403.78097719809915,18254.314019272257,alice,0.745658207806224,diana,0.5717515672753586,0.17390664053086546,alice,alice,alice,3,1,1,0,0,19.074640159251928,9.813280307779682,15.670748146577115,44.558668613608724
Dim_Near_20260114_211300_T13,1736911004.36,109,Dim,Near,4,4,1280,720,25.796281185603657,1,3,bob,4,1,0.9246373610828624,1041.0943760300681,201.77581098319746,1158.9878425780132,369.6740372196213,19794.10391826315,bob,0.8096549485062252,alice,0.7315906599369765,0.07806428856924874,bob,bob,bob,3,1,1,0,0,19.074640159251928,9.813280307779682,15.670748146577115,44.558668613608724
Dim_Near_20260114_211300_T13,1736911004.4,110,Dim,Near,4,4,1280,720,28.00792838881513,4,0,diana,1,1,0.8577523599570431,115.29271593700324,234.04281324233864,212.0065555058628,393.04210975094884,15377.432454095258,diana,0.8893583795552602,chen,0.8215096976983194,0.06784868185694082,diana,diana,diana,2,1,1,0,0,9.327966869767835,7.909936192010945,4.635383278197193,21.873286339975973
Dim_Near_20260114_211300_T13,1736911004.4,110,Dim,Near,4,4,1280,720,28.00792838881513,4,1,chen,-1,0,-1.0,-1.0,-1.0,-1.0,-1.0,0.0,unknown,-1.0,unknown,-1.0,-1.0,unknown,unknown,unknown,0,0,0,0,1,9.327966869767835,7.909936192010945,4.635383278197193,21.873286339975973
Dim_Near_20260114_211300_T13,1736911004.4,110,Dim,Near,4,4,1280,720,28.00792838881513,4,2,alice,3,1,0.8178826972623254,720.7730347981563,202.8760834886872,802.488122948913,337.5457221543286,11004.54139479343,alice,0.9623518583739482,diana,0.8186840255459731,0.14366783282797513,alice,alice,alice,2,1,1,0,0,9.327966869767835,7.909936192010945,4.635383278197193,21.873286339975973
Dim_Near_20260114_211300_T13,1736911004.4,110,Dim,Near,4,4,1280,720,28.00792838881513,4,3,bob,4,1,0.6762888210461118,1036.6900229802645,196.81176708423106,1162.6894700936646,386.5325598478487,23904.714994131766,bob,0.6668999941146626,chen,0.625368765484156,0.04153122863050662,unknown,unknown,unknown,0,0,0,0,0,9.327966869767835,7.909936192010945,4.635383278197193,21.873286339975973
Dim_Near_20260114_211300_T13,1736911004.44,111,Dim,Near,4,4,1280,720,26.59841522366467,1,0,diana,1,1,0.8496382885051078,106.62358453594209,207.43717638856057,214.7174135783245,345.45314941850427,14918.674993816798,diana,0.8501799337511422,bob,0.7466216952008167,0.10355823855032553,diana,diana,diana,1,1,1,0,0,22.17837975411209,10.14727318214182,8.106326498888016,40.431979435141926
Dim_Near_20260114_211300_T13,1736911004.44,111,Dim,Near,4,4,1280,720,26.59841522366467,1,1,chen,2,1,0.7374463860136747,427.209703441836,222.62080086251768,536.7726863609511,364.38525562416015,15532.136535587497,chen,0.8841497131555902,bob,0.7881068205323738,0.09604289262321641,chen,chen,chen,2,1,1,0,0,22.17837975411209,10.14727318214182,8.106326498888016,40.431979435141926
Dim_Near_20260114_211300_T13,1736911004.44,111,Dim,Near,4,4,1280,720,26.59841522366467,1,2,alice,3,1,0.8528792365419201,740.8166944174224,197.69304172607576,867.7833046222516,398.81868762197337,25536.241484658956,alice,0.9195804283323303,chen,0.7486547942892635,0.17092563404306682,alice,alice,alice,3,1,1,0,0,22.17837975411209,10.14727318214182,8.106326498888016,40.431979435141926
Dim_Near_20260114_211300_T13,1736911004.44,111,Dim,Near,4,4,1280,720,26.59841522366467,1,3,bob,4,1,0.7949446000438305,1070.8573844290872,231.40244449840472,1166.1857978308376,361.0268238923827,12356.886425814466,bob,0.8709490432988873,alice,0.7979340545517339,0.0730149887471534,bob,bob,bob,3,1,1,0,0,22.17837975411209,10.14727318214182,8.106326498888016,40.431979435141926
Dim_Near_20260114_211300_T13,1736911004.48,112,Dim,Near,4,4,1280,720,26.354113530699536,0,0,diana,1,1,0.8168772026187188,103.83202924686123,299.8498811554338,187.30305235701456,470.56389328158235,14249.673251408742,diana,0.890941855232752,bob,0.7950841878388653,0.09585766739388679,diana,diana,diana,2,1,1,0,0,13.306708813542073,11.000523034218917,7.223836790526141,31.53106863828713
Dim_Near_20260114_211300_T13,1736911004.48,112,Dim,Near,4,4,1280,720,26.354113530699536,0,1,chen,2,1,0.6350261523596294,431.3041316191455,219.25063419789976,525.2819150858662,351.4265013160658,12421.59501955706,chen,0.8796332042461035,alice,0.7986556881145273,0.08097751613157622,chen,chen,chen,3,1,1,0,0,13.306708813542073,11.000523034218917,7.223836790526141,31.53106863828713
Dim_Near_20260114_211300_T13,1736911004.48,112,Dim,Near,4,4,1280,720,26.354113530699536,0,2,alice,3,1,0.8134478512631171,711.258940248417,214.29884264118277,827.4798160647674,422.0211031855807,24141.66304702205,alice,0.8408114780032131,bob,0.7564796173551597,0.08433186064805342,alice,alice,alice,2,1,1,0,0,13.306708813542073,11.000523034218917,7.223836790526141,31.53106863828713
Dim_Near_20260114_211300_T13,1736911004.48,112,Dim,Near,4,4,1280,720,26.354113530699536,0,3,bob,4,1,0.7109130343862982,1031.9699441174084,248.02469894724572,1144.2527078604753,385.1074298425965,15392.027886377087,bob,0.8334646843924156,diana,0.6542562745406397,0.17920840985177589,bob,bob,bob,2,1,1,0,0,13.306708813542073,11.000523034218917,7.223836790526141,31.53106863828713
Dim_Near_20260114_211300_T13,1736911004.52,113,Dim,Near,4,4,1280,720,23.653245274367006,1,0,diana,1,1,0.8567049763428958,119.955381744046,189.9672592829957,201.3963862613603,376.750575986775,15211.82093943144,diana,0.8390742647135002,bob,0.6822938168217857,0.15678044789171452,diana,diana,diana,2,1,1,0,0,16.142169188131945,8.07391807004663,9.717102653620067,33.93318991179864
Dim_Near_20260114_211300_T13,1736911004.52,113,Dim,Near,4,4,1280,720,23.653245274367006,1,1,chen,2,1,0.8501399233066271,416.4509986077111,193.38214632578405,522.6705679500834,326.1321163292599,14100.644643982047,chen,0.8652920401359253,alice,0.7905095360898244,0.07478250404610087,chen,chen,chen,1,1,1,0,0,16.142169188131945,8.07391807004663,9.717102653620067,33.93318991179864
Dim_Near_20260114_211300_T13,1736911004.52,113,Dim,Near,4,4,1280,720,23.653245274367006,1,2,alice,3,1,0.8256940591319422,752.313330785742,223.74016647783446,877.0470641714289,412.31487581375086,23521.627517589608,alice,0.8644562985034902,chen,0.7424637660906629,0.12199253241282726,alice,alice,alice,3,1,1,0,0,16.142169188131945,8.07391807004663,9.717102653620067,33.93318991179864
Dim_Near_20260114_211300_T13,1736911004.52,113,Dim,Near,4,4,1280,720,23.653245274367006,1,3,bob,4,1,0.8098040864812611,1064.880710655175,194.94329151686097,1187.1278012918149,375.17047523573206,22032.248863267163,bob,0.8321056913255933,chen,0.6737489996810653,0.15835669164452804,bob,bob,bob,1,1,1,0,0,16.142169188131945,8.07391807004663,9.717102653620067,33.93318991179864
Dim_Near_20260114_211300_T13,1736911004.56,114,Dim,Near,4,4,1280,720,24.35655529815151,0,0,diana,1,1,0.8165455747881307,115.38144526101064,313.76235583788684,232.54351268022162,466.4728623057541,17891.87865441012,diana,0.8934017644562928,chen,0.7324833393241524,0.16091842513214039,diana,diana,diana,3,1,1,0,0,24.077116574657925,11.112956644031293,10.357977727677817,45.548050946367034
Dim_Near_20260114_211300_T13,1736911004.56,114,Dim,Near,4,4,1280,720,24.35655529815151,0,1,chen,2,1,0.8242121855767871,426.670999398753,195.38808238881512,547.1936732237585,410.8713357893452,25970.617864343105,chen,0.7832440625196142,bob,0.623000703739425,0.16024335878018925,chen,chen,chen,3,1,1,0,0,24.077116574657925,11.112956644031293,10.357977727677817,45.548050946367034
Dim_Near_20260114_211300_T13,1736911004.56,114,Dim,Near,4,4,1280,720,24.35655529815151,0,2,alice,3,1,0.6832924129072879,759.9291132450395,265.01423327613696,863.2419284424603,444.9022581172265,18584.73826663653,alice,0.8769526606653191,diana,0.7568298276402353,0.12012283302508375,alice,alice,alice,1,1,1,0,0,24.077116574657925,11.112956644031293,10.357977727677817,45.548050946367034
Dim_Near_20260114_211300_T13,1736911004.56,114,Dim,Near,4,4,1280,720,24.35655529815151,0,3,bob,4,1,0.7152547820362833,1051.4484557762269,268.18784753920494,1174.6459647067097,451.4280116568995,22574.73175531282,bob,0.835243606680548,chen,0.6871755820248975,0.1480680246556505,bob,bob,bob,2,1,1,0,0,24.077116574657925,11.112956644031293,10.357977727677817,45.548050946367034
Dim_Near_20260114_211300_T13,1736911004.6,115,Dim,Near,4,4,1280,720,28.25795394067208,1,0,diana,1,1,0.6751960365643823,138.30541529997802,182.53055252110602,239.65115585151514,386.35211805613704,20656.447499521375,diana,0.6861159229574004,chen,0.6187329775543653,0.06738294540303513,unknown,unknown,unknown,0,0,0,0,0,10.254086786989083,8.668531207662399,8.016085451223153,26.938703445874634
Dim_Near_20260114_211300_T13,1736911004.6,115,Dim,Near,4,4,1280,720,28.25795394067208,1,1,chen,2,1,0.8379586807923524,418.9045653386626,256.2584989018401,503.9280210672816,399.0041330323519,12136.72710394921,chen,0.8733480836458514,diana,0.7553699628592471,0.1179781207866043,chen,chen,chen,2,1,1,0,0,10.254086786989083,8.668531207662399,8.016085451223153,26.938703445874634
Dim_Near_20260114_211300_T13,1736911004.6,115,Dim,Near,4,4,1280,720,28.25795394067208,1,2,alice,3,1,0.782628664856524,739.7344464102463,200.47120813599142,856.2006369178699,376.68787430513953,20523.283812674323,alice,0.8835985114442486,chen,0.7858073188216199,0.0977911926226287,alice,alice,alice,3,1,1,0,0,10.254086786989083,8.668531207662399,8.016085451223153,26.938703445874634
Dim_Near_20260114_211300_T13,1736911004.6,115,Dim,Near,4,4,1280,720,28.25795394067208,1,3,bob,4,1,0.6498524201092336,1090.817528800687,191.1521241071684,1194.4718411477602,398.8544300108693,21529.23969134958,bob,0.7864411148864215,diana,0.639249618190389,0.1471914966960326,bob,bob,bob,2,1,1,0,0,10.254086786989083,8.668531207662399,8.016085451223153,26.938703445874634
Dim_Near_20260114_211300_T13,1736911004.64,116,Dim,Near,4,4,1280,720,28.16443845018196,0,0,diana,1,1,0.825346170378496,107.65057405240398,215.75873386377415,229.93298587863197,408.61206291222777,23582.57020476206,diana,0.8361483062412245,chen,0.7314525943217187,0.10469571191950577,diana,diana,diana,3,1,1,0,0,15.458733672857,10.582677187761018,10.03420210308148,36.0756129636995
Dim_Near_20260114_211300_T13,1736911004.64,116,Dim,Near,4,4,1280,720,28.16443845018196,0,1,chen,2,1,0.749012343712835,427.30167342802883,179.81489385803084,521.831925035508,394.4577884321967,20290.246829853524,alice,0.8563300133552582,chen,0.8318625176844541,0.024467495670804085,alice,alice,alice,2,0,0,1,0,15.458733672857,10.582677187761018,10.03420210308148,36.0756129636995
Dim_Near_20260114_211300_T13,1736911004.64,116,Dim,Near,4,4,1280,720,28.16443845018196,0,2,alice,3,1,0.6582290101887079,750.864863745654,248.08624357806292,840.2936795824976,445.70514876081626,17672.8246774671,alice,0.8261459984471713,chen,0.6779633642662906,0.14818263418088073,alice,alice,alice,2,1,1,0,0,15.458733672857,10.582677187761018,10.03420210308148,36.0756129636995
Dim_Near_20260114_211300_T13,1736911004.64,116,Dim,Near,4,4,1280,720,28.16443845018196,0,3,bob,4,1,0.7725020266036007,1055.80512927765,220.84795164569587,1156.4877347983916,409.43295770409156,18987.22977210412,bob,0.9153113201433088,alice,0.7417750893265961,0.17353623081671277,bob,bob,bob,2,1,1,0,0,15.458733672857,10.582677187761018,10.03420210308148,36.0756129636995
Dim_Near_20260114_211300_T13,1736911004.68,117,Dim,Near,4,4,1280,720,25.38907705616869,3,0,diana,1,1,0.7365094925178555,105.73051822233657,200.69412433110244,218.73395774663385,365.0642114515905,18574.385199523545,diana,0.8356160630596028,bob,0.7447524932045239,0.09086356985507893,diana,diana,diana,2,1,1,0,0,16.51529042625645,16.24741948299894,12.934598358586317,45.697308267841706
Dim_Near_20260114_211300_T13,1736911004.68,117,Dim,Near,4,4,1280,720,25.38907705616869,3,1,chen,2,1,0.7007972648744161,424.82605284778936,125.03235330943131,527.5296265551303,293.24167691530647,17275.698665217973,chen,0.8612110010855571,alice,0.7220089040181149,0.13920209706744224,chen,chen,chen,3,1,1,0,0,16.51529042625645,16.24741948299894,12.934598358586317,45.697308267841706
Dim_Near_20260114_211300_T13,1736911004.68,117,Dim,Near,4,4,1280,720,25.38907705616869,3,2,alice,3,1,0.7818304426202238,750.6751270409117,241.96201042612253,873.479183854976,423.8846548837936,22340.838765744662,alice,0.8346734168875072,chen,0.6923125133300152,0.14236090355749198,alice,alice,alice,1,1,1,0,0,16.51529042625645,16.24741948299894,12.934598358586317,45.697308267841706
Dim_Near_20260114_211300_T13,1736911004.68,117,Dim,Near,4,4,1280,720,25.38907705616869,3,3,bob,4,1,0.8536804211856786,1077.863994811039,202.0390841118849,1203.0264074135202,351.6133348924801,18721.07409090786,bob,0.9314316193485326,alice,0.7866484425202664,0.14478317682826614,bob,bob,bob,2,1,1,0,0,16.51529042625645,16.24741948299894,12.934598358586317,45.697308267841706
Dim_Near_20260114_211300_T13,1736911004.72,118,Dim,Near,4,4,1280,720,27.253343091483973,1,0,diana,1,1,0.9418051426904769,105.85581156358876,229.87228229626652,188.35333011926366,428.605997299545,16395.038341121173,diana,0.9103837717227921,alice,0.7890230746460807,0.12136069707671138,diana,diana,diana,1,1,1,0,0,20.580838004170367,14.522586777700031,6.424406567477167,41.527831349347565
Dim_Near_20260114_211300_T13,1736911004.72,118,Dim,Near,4,4,1280,720,27.253343091483973,1,1,chen,2,1,0.7822834997474527,425.0207110056656,219.850946230568,527.7687738601577,369.8382267684346,15410.902528079056,chen,0.9124597054512446,alice,0.827216595787827,0.08524310966341753,chen,chen,chen,2,1,1,0,0,20.580838004170367,14.522586777700031,6.424406567477167,41.527831349347565
Dim_Near_20260114_211300_T13,1736911004.72,118,Dim,Near,4,4,1280,720,27.253343091483973,1,2,alice,3,1,0.7471229162497832,745.9360870475559,261.4148863408562,832.3197738317763,445.513022489672,15903.075730638056,alice,0.7825769075650182,chen,0.7201175737219969,0.06245933384302127,alice,alice,alice,3,1,1,0,0,20.580838004170367,14.522586777700031,6.424406567477167,41.527831349347565
Dim_Near_20260114_211300_T13,1736911004.72,118,Dim,Near,4,4,1280,720,27.253343091483973,1,3,bob,4,1,0.7592650357083209,1065.6128820140684,248.7671852547844,1183.0806612682964,445.3265371447185,23089.390558160885,bob,0.81257069088311,diana,0.720619247141423,0.09195144374168696,bob,bob,bob,3,1,1,0,0,20.580838004170367,14.522586777700031,6.424406567477167,41.527831349347565
Dim_Near_20260114_211300_T13,1736911004.76,119,Dim,Near,4,4,1280,720,24.30033376187541,3,0,diana,1,1,0.7396106977637866,101.9903526365496,182.19486441109615,209.30683449033833,372.4752191787123,20420.21823955136,diana,0.8924716275696399,bob,0.7559364231859704,0.1365352043836695,diana,diana,diana,2,1,1,0,0,9.109141858144257,5.897410742828645,7.599897541601455,22.606450142574356
Dim_Near_20260114_211300_T13,1736911004.76,119,Dim,Near,4,4,1280,720,24.30033376187541,3,1,chen,2,1,0.7317131622085337,403.99134832022145,274.826014174488,512.0360988757955,438.98325211722977,17736.32782541554,chen,0.9440835414387664,alice,0.881286837250962,0.06279670418780436,chen,chen,chen,2,1,1,0,0,9.109141858144257,5.897410742828645,7.599897541601455,22.606450142574356
Dim_Near_20260114_211300_T13,1736911004.76,119,Dim,Near,4,4,1280,720,24.30033376187541,3,2,alice,3,1,0.7334163185585779,742.074788517382,333.5944913091238,847.5848437170658,466.6156796094642,14035.07292029646,bob,0.8905653299155587,alice,0.7979547396284058,0.0926105902871529,bob,bob,bob,1,0,0,1,0,9.109141858144257,5.897410742828645,7.599897541601455,22.606450142574356
Dim_Near_20260114_211300_T13,1736911004.76,119,Dim,Near,4,4,1280,720,24.30033376187541,3,3,bob,4,1,0.9084748558695794,1094.5093227279872,139.24869984022632,1179.0507225244332,325.26537434230124,15726.11004788529,bob,0.8613204451448395,alice,0.70339997849144,0.15792046665339954,bob,bob,bob,3,1,1,0,0,9.109141858144257,5.897410742828645,7.599897541601455,22.606450142574356
Dim_Near_20260114_211300_T13,1736911004.8,120,Dim,Near,4,4,1280,720,23.702568234640093,0,0,diana,1,1,0.8560138559722268,107.4330702941644,338.1957954244233,197.28339803186736,475.68510220880466,12353.459275006255,diana,0.8573733279469897,bob,0.6864619966959165,0.17091133125107327,diana,diana,diana,3,1,1,0,0,18.175771157328803,12.974922762882377,13.029240798673998,44.17993471888518
Dim_Near_20260114_211300_T13,1736911004.8,120,Dim,Near,4,4,1280,720,23.702568234640093,0,1,chen,2,1,0.8114944327996401,457.3532835977203,179.95553531848978,547.4067834749961,346.00851050035783,14953.651580161642,chen,0.807602257590157,bob,0.7385833426168608,0.06901891497329626,chen,chen,chen,1,1,1,0,0,18.175771157328803,12.974922762882377,13.029240798673998,44.17993471888518
Dim_Near_20260114_211300_T13,1736911004.8,120,Dim,Near,4,4,1280,720,23.702568234640093,0,2,alice,-1,0,-1.0,-1.0,-1.0,-1.0,-1.0,0.0,unknown,-1.0,unknown,-1.0,-1.0,unknown,unknown,unknown,0,0,0,0,1,18.175771157328803,12.974922762882377,13.029240798673998,44.17993471888518
Dim_Near_20260114_211300_T13,1736911004.8,120,Dim,Near,4,4,1280,720,23.702568234640093,0,3,bob,4,1,0.8175680801841959,1066.0025906945978,204.84040874744818,1177.0611168545795,380.8792519553136,19550.61447357364,bob,0.8926211233643505,diana,0.7499780863775882,0.14264303698676228,bob,bob,bob,2,1,1,0,0,18.175771157328803,12.974922762882377,13.029240798673998,44.17993471888518
Dim_Near_20260114_211300_T13,1736911004.84,121,Dim,Near,4,4,1280,720,25.445904044209815,2,0,diana,1,1,0.7262553345632545,120.84345643757271,307.3594900344611,217.74686206618063,468.21354575485344,15587.30580847988,bob,0.7567490510220756,diana,0.7109373422903608,0.045811708731714806,bob,bob,bob,1,0,0,1,0,19.561564012459144,11.858006763631966,4.264312093029918,35.68388286912103
Dim_Near_20260114_211300_T13,1736911004.84,121,Dim,Near,4,4,1280,720,25.445904044209815,2,1,chen,2,1,0.880543211695004,430.62311136169404,268.0578104570166,545.9084363389729,412.20105533732493,16617.600829305837,chen,0.8815001645362592,alice,0.7683767835647345,0.11312338097152475,chen,chen,chen,2,1,1,0,0,19.561564012459144,11.858006763631966,4.264312093029918,35.68388286912103
Dim_Near_20260114_211300_T13,1736911004.84,121,Dim,Near,4,4,1280,720,25.445904044209815,2,2,alice,3,1,0.7422820255584113,745.5727148590757,224.79751554988107,868.672914381082,409.22767865322464,22703.389875897756,alice,0.8038973600144905,diana,0.7374708215611094,0.06642653845338109,unknown,unknown,unknown,0,0,0,0,0,19.561564012459144,11.858006763631966,4.264312093029918,35.68388286912103
Dim_Near_20260114_211300_T13,1736911004.84,121,Dim,Near,4,4,1280,720,25.445904044209815,2,3,bob,4,1,0.794489348841318,1051.6471408979128,211.5576142174557,1173.985493736081,422.73988074575175,25835.69063570277,bob,0.8593177357499601,chen,0.7763445523418102,0.08297318340814985,bob,bob,bob,2,1,1,0,0,19.561564012459144,11.858006763631966,4.264312093029918,35.68388286912103
Dim_Near_20260114_211300_T13,1736911004.88,122,Dim,Near,4,4,1280,720,25.918051593176934,0,0,diana,1,1,0.8395210799339831,136.7047677454673,200.24528423180112,231.33794847017506,333.0678063263121,12569.417737681348,diana,0.9305393285185191,alice,0.7754761361162356,0.1550631924022835,diana,diana,diana,1,1,1,0,0,12.079295410931952,7.264162981970766,7.8252514394013994,27.168709832304117
Dim_Near_20260114_211300_T13,1736911004.88,122,Dim,Near,4,4,1280,720,25.918051593176934,0,1,chen,2,1,0.7460670042560503,416.6440913763027,251.35691418690504,521.6476252396118,444.592987863416,20290.470605904407,chen,0.9121414861112727,alice,0.8449880669377273,0.06715341917354534,chen,chen,chen,1,1,1,0,0,12.079295410931952,7.264162981970766,7.8252514394013994,27.168709832304117
Dim_Near_20260114_211300_T13,1736911004.88,122,Dim,Near,4,4,1280,720,25.918051593176934,0,2,alice,3,1,0.689029396446434,737.9717132940302,173.5929111128081,856.3154872492582,374.57529862928345,23785.0142372318,alice,0.862964620922585,bob,0.7959201632198049,0.06704445770278011,alice,alice,alice,2,1,1,0,0,12.079295410931952,7.264162981970766,7.8252514394013994,27.168709832304117
Dim_Near_20260114_211300_T13,1736911004.88,122,Dim,Near,4,4,1280,720,25.918051593176934,0,3,bob,4,1,0.8140288231487054,1077.7717928165705,263.6964791214824,1159.7398099583595,430.8188894058951,13698.692590969835,alice,0.8377799433164818,bob,0.7518653593589564,0.08591458395752538,alice,alice,alice,2,0,0,1,0,12.079295410931952,7.264162981970766,7.8252514394013994,27.168709832304117
Dim_Near_20260114_211300_T13,1736911004.92,123,Dim,Near,4,4,1280,720,26.142497523347643,0,0,diana,1,1,0.8133452285219348,117.70920482484482,244.54873971863685,206.34533355942264,435.85376103915803,16956.53649733687,diana,0.8161027785417564,alice,0.7196255312042645,0.09647724733749186,diana,diana,diana,2,1,1,0,0,11.010631422980735,10.181844549323301,10.254965892284105,31.447441864588143
Dim_Near_20260114_211300_T13,1736911004.92,123,Dim,Near,4,4,1280,720,26.142497523347643,0,1,chen,2,1,0.6825605182807326,441.78107656110376,273.1054441911264,530.6647374381131,423.5175552078603,13369.179067406454,alice,0.7989813753765973,bob,0.7190828780194689,0.0798984973571284,unknown,unknown,unknown,0,0,0,0,0,11.010631422980735,10.181844549323301,10.254965892284105,31.447441864588143
Dim_Near_20260114_211300_T13,1736911004.92,123,Dim,Near,4,4,1280,720,26.142497523347643,0,2,alice,3,1,0.8549129433458228,752.0873030199338,191.88466114271023,846.3030422771168,397.19982161480425,19343.919624585502,alice,0.7733136389014175,diana,0.6453030191686703,0.1280106197327472,alice,alice,alice,1,1,1,0,0,11.010631422980735,10.181844549323301,10.254965892284105,31.447441864588143
Dim_Near_20260114_211300_T13,1736911004.92,123,Dim,Near,4,4,1280,720,26.142497523347643,0,3,bob,-1,0,-1.0,-1.0,-1.0,-1.0,-1.0,0.0,unknown,-1.0,unknown,-1.0,-1.0,unknown,unknown,unknown,0,0,0,0,1,11.010631422980735,10.181844549323301,10.254965892284105,31.447441864588143
Dim_Near_20260114_211300_T13,1736911004.96,124,Dim,Near,4,4,1280,720,20.325403065787377,0,0,diana,-1,0,-1.0,-1.0,-1.0,-1.0,-1.0,0.0,unknown,-1.0,unknown,-1.0,-1.0,unknown,unknown,unknown,0,0,0,0,1,21.826199044498463,14.375311994299905,16.86780880069942,53.06931983949779
Dim_Near_20260114_211300_T13,1736911004.96,124,Dim,Near,4,4,1280,720,20.325403065787377,0,1,chen,2,1,0.7735552648341281,434.37009786353235,169.9897736893107,538.2564237582312,319.18869857457054,15499.7281337688,bob,0.7972999908166365,chen,0.7365058008879168,0.060794189928719655,bob,bob,bob,2,0,0,1,0,21.826199044498463,14.375311994299905,16.86780880069942,53.06931983949779
Dim_Near_20260114_211300_T13,1736911004.96,124,Dim,Near,4,4,1280,720,20.325403065787377,0,2,alice,3,1,0.7374705026212013,733.7081691827507,221.67546611369818,828.4395718675089,407.13820699039394,17569.145589009237,alice,0.8464986865531076,chen,0.7016732739793385,0.14482541257376902,alice,alice,alice,1,1,1,0,0,21.826199044498463,14.375311994299905,16.86780880069942,53.06931983949779
Dim_Near_20260114_211300_T13,1736911004.96,124,Dim,Near,4,4,1280,720,20.325403065787377,0,3,bob,4,1,0.7550082010074285,1043.5104166743938,265.8608085907095,1140.124265647247,430.499862007142,15906.412641808727,bob,0.8798631310197266,chen,0.7080307860487824,0.17183234497094413,bob,bob,bob,2,1,1,0,0,21.826199044498463,14.375311994299905,16.86780880069942,53.06931983949779
Dim_Near_20260114_211300_T13,1736911005.0,125,Dim,Near,4,4,1280,720,23.847517567321827,2,0,diana,-1,0,-1.0,-1.0,-1.0,-1.0,-1.0,0.0,unknown,-1.0,unknown,-1.0,-1.0,unknown,unknown,unknown,0,0,0,0,1,13.426221912984776,8.100121487326259,10.779892388496087,32.30623578880712
Dim_Near_20260114_211300_T13,1736911005.0,125,Dim,Near,4,4,1280,720,23.847517567321827,2,1,chen,2,1,0.7850426394447176,402.8200136409396,242.08630519347304,526.3442787080611,371.7781191870619,16020.086008779892,chen,0.8068891506128327,diana,0.7272728389808695,0.07961631163196325,chen,chen,chen,2,1,1,0,0,13.426221912984776,8.100121487326259,10.779892388496087,32.30623578880712
Dim_Near_20260114_211300_T13,1736911005.0,125,Dim,Near,4,4,1280,720,23.847517567321827,2,2,alice,3,1,0.7400735487490459,769.9397773557869,240.99191403848818,862.3864330433637,384.9244654361678,13306.08302129574,alice,0.841804834086947,diana,0.6831041216053082,0.15870071248163875,alice,alice,alice,2,1,1,0,0,13.426221912984776,8.100121487326259,10.779892388496087,32.30623578880712
Dim_Near_20260114_211300_T13,1736911005.0,125,Dim,Near,4,4,1280,720,23.847517567321827,2,3,bob,4,1,0.7680410435726022,1054.3849528678115,256.87440422548167,1156.218249521009,458.2759157983125,20509.379874398477,bob,0.7179758791779615,chen,0.626114753226574,0.09186112595138751,bob,bob,bob,3,1,1,0,0,13.426221912984776,8.100121487326259,10.779892388496087,32.30623578880712
Dim_Near_20260114_211300_T13,1736911005.04,126,Dim,Near,4,4,1280,720,25.507415766701204,2,0,diana,1,1,0.7657753455564873,110.8547146449333,253.68903190416003,232.00412511761706,465.30553375493514,25637.214445512996,diana,0.8686703261668327,alice,0.7815983651953379,0.08707196097149483,diana,diana,diana,2,1,1,0,0,22.432503716853322,14.915837009562365,12.417569811110097,49.765910537525784
Dim_Near_20260114_211300_T13,1736911005.04,126,Dim,Near,4,4,1280,720,25.507415766701204,2,1,chen,2,1,0.7456067712021306,432.87067070169064,162.34327365015105,539.4103994183756,327.76945151238766,17624.460112080767,chen,0.8888820346777438,alice,0.7136351839029698,0.1752468507747741,chen,chen,chen,2,1,1,0,0,22.432503716853322,14.915837009562365,12.417569811110097,49.765910537525784
Dim_Near_20260114_211300_T13,1736911005.04,126,Dim,Near,4,4,1280,720,25.507415766701204,2,2,alice,3,1,0.6686542599350771,764.854892369175,209.25099340355672,852.1373575010253,397.4384314190117,16425.4634968362,alice,0.8435213836169075,chen,0.7515205999775394,0.09200078363936814,alice,alice,alice,2,1,1,0,0,22.432503716853322,14.915837009562365,12.417569811110097,49.765910537525784
Dim_Near_20260114_211300_T13,1736911005.04,126,Dim,Near,4,4,1280,720,25.507415766701204,2,3,bob,4,1,0.7275503428965336,1049.1445352949884,270.37519866966295,1143.8148979935825,402.4405690814831,12502.676516811189,alice,0.8545340580732455,bob,0.7641694158757949,0.09036464219745055,alice,alice,alice,1,0,0,1,0,22.432503716853322,14.915837009562365,12.417569811110097,49.765910537525784
Dim_Near_20260114_211300_T13,1736911005.08,127,Dim,Near,4,4,1280,720,27.37666392835626,4,0,diana,-1,0,-1.0,-1.0,-1.0,-1.0,-1.0,0.0,unknown,-1.0,unknown,-1.0,-1.0,unknown,unknown,unknown,0,0,0,0,1,15.99439862404664,12.02897743259582,2.5657263790095843,30.589102435652045
Dim_Near_20260114_211300_T13,1736911005.08,127,Dim,Near,4,4,1280,720,27.37666392835626,4,1,chen,2,1,0.7673097418187703,432.95064302724256,209.98910552078263,541.5478910028479,419.23261308755497,22723.26907851423,chen,0.9377927391553186,diana,0.8770189872333981,0.06077375192192047,chen,chen,chen,2,1,1,0,0,15.99439862404664,12.02897743259582,2.5657263790095843,30.589102435652045
Dim_Near_20260114_211300_T13,1736911005.08,127,Dim,Near,4,4,1280,720,27.37666392835626,4,2,alice,3,1,0.7914924770757024,762.6690237970261,160.17542726155585,846.1108393914328,312.3273534890972,12695.832970612288,alice,0.8552702780873659,chen,0.6926042102173262,0.16266606787003968,alice,alice,alice,2,1,1,0,0,15.99439862404664,12.02897743259582,2.5657263790095843,30.589102435652045
Dim_Near_20260114_211300_T13,1736911005.08,127,Dim,Near,4,4,1280,720,27.37666392835626,4,3,bob,4,1,0.7835871111508448,1042.9510735962604,221.09221158228348,1150.9901143935426,422.5406284017752,21764.29372330899,bob,0.8363279345027627,alice,0.7132383255110436,0.12308960899171906,bob,bob,bob,2,1,1,0,0,15.99439862404664,12.02897743259582,2.5657263790095843,30.589102435652045
Dim_Near_20260114_211300_T13,1736911005.12,128,Dim,Near,4,4,1280,720,22.74405505681528,1,0,diana,1,1,0.8400738434237359,90.11044271408564,229.59822831707982,175.7805893383849,402.57108296745685,14818.609819921407,chen,0.6610761100922011,diana,0.59958195121453,0.06149415887767118,chen,chen,chen,1,0,0,1,0,17.61291423813724,10.529974101210271,16.63903143540266,44.78191977475017
Dim_Near_20260114_211300_T13,1736911005.12,128,Dim,Near,4,4,1280,720,22.74405505681528,1,1,chen,2,1,0.855611024820594,427.7464412569644,237.11214308711476,521.1034107786154,395.42145148632517,14779.277279218739,chen,0.8953746560624868,diana,0.807343941497419,0.08803071456506784,chen,chen,chen,2,1,1,0,0,17.61291423813724,10.529974101210271,16.63903143540266,44.78191977475017
Dim_Near_20260114_211300_T13,1736911005.12,128,Dim,Near,4,4,1280,720,22.74405505681528,1,2,alice,3,1,0.6824149007576792,742.8967031036304,274.7321482225862,834.1532429496444,438.7868385954418,14971.063388935985,alice,0.8815480149443692,chen,0.7539767140849524,0.12757130085941681,alice,alice,alice,2,1,1,0,0,17.61291423813724,10.529974101210271,16.63903143540266,44.78191977475017
Dim_Near_20260114_211300_T13,1736911005.12,128,Dim,Near,4,4,1280,720,22.74405505681528,1,3,bob,4,1,0.701101239197748,1083.4471841880084,262.232193936362,1165.0446629017677,458.78320930383813,16038.06729261541,bob,0.789728941942076,chen,0.7242481290523527,0.0654808128897233,bob,bob,bob,3,1,1,0,0,17.61291423813724,10.529974101210271,16.63903143540266,44.78191977475017
Dim_Near_20260114_211300_T13,1736911005.16,129,Dim,Near,4,4,1280,720,26.178898708099258,2,0,diana,1,1,0.7811856991279469,107.16793379686007,237.64886232697285,229.64011379038257,375.96908118028836,16940.378740146683,diana,0.8252964236947306,alice,0.7395133259325387,0.08578309776219184,diana,diana,diana,2,1,1,0,0,11.014425883540218,12.375894734158397,7.7861753059320655,31.176495923630682
Dim_Near_20260114_211300_T13,1736911005.16,129,Dim,Near,4,4,1280,720,26.178898708099258,2,1,chen,2,1,0.6902562718977312,435.88273061670327,282.02491409798915,537.297387693889,446.1538137567585,16645.076075349927,chen,0.8506980311953408,diana,0.7735594099188582,0.07713862127648263,chen,chen,chen,2,1,1,0,0,11.014425883540218,12.375894734158397,7.7861753059320655,31.176495923630682
Dim_Near_20260114_211300_T13,1736911005.16,129,Dim,Near,4,4,1280,720,26.178898708099258,2,2,alice,3,1,0.8742118336428447,761.088036841163,273.0644529387151,872.9447892477325,416.298112122055,16021.651951557813,alice,0.8919858863237872,diana,0.7984626505604651,0.09352323576332211,alice,alice,alice,1,1,1,0,0,11.014425883540218,12.375894734158397,7.7861753059320655,31.176495923630682
Dim_Near_20260114_211300_T13,1736911005.16,129,Dim,Near,4,4,1280,720,26.178898708099258,2,3,bob,4,1,0.6481956795240177,1069.7130521003162,260.47749213899897,1188.5525507531886,394.83595241591604,15967.092059080696,diana,0.7718737001588625,bob,0.6780958037828569,0.09377789637600553,diana,diana,diana,1,0,0,1,0,11.014425883540218,12.375894734158397,7.7861753059320655,31.176495923630682
Dim_Near_20260114_211300_T13,1736911005.2,130,Dim,Near,4,4,1280,720,23.137247868052096,4,0,diana,1,1,0.7287204089843772,79.77635278322825,274.76438403729423,204.541845849831,476.04552199896193,25112.94042279436,diana,0.7892244511961859,chen,0.6130538060516212,0.1761706451445647,diana,diana,diana,2,1,1,0,0,25.49178732264081,22.39723225055963,10.477666308590994,58.36668588179143
Dim_Near_20260114_211300_T13,1736911005.2,130,Dim,Near,4,4,1280,720,23.137247868052096,4,1,chen,2,1,0.8324393477481905,431.69000836834505,209.3091308909797,512.5585644568829,395.67003176627037,15070.736965143884,chen,0.8293975930705633,bob,0.6496371465707268,0.17976044649983647,chen,chen,chen,2,1,1,0,0,25.49178732264081,22.39723225055963,10.477666308590994,58.36668588179143
Dim_Near_20260114_211300_T13,1736911005.2,130,Dim,Near,4,4,1280,720,23.137247868052096,4,2,alice,3,1,0.7787106108681225,753.0440365255395,277.85064836123206,834.9743297344114,481.1983636633187,16660.337938054174,alice,0.8639608292732581,chen,0.7757298267090098,0.08823100256424832,alice,alice,alice,2,1,1,0,0,25.49178732264081,22.39723225055963,10.477666308590994,58.36668588179143
Dim_Near_20260114_211300_T13,1736911005.2,130,Dim,Near,4,4,1280,720,23.137247868052096,4,3,bob,4,1,0.5565253447372729,1067.4685190536477,240.56553969522304,1166.6902629931471,402.7851648692332,16095.714110977215,bob,0.8245361983493171,diana,0.7346637793285237,0.08987241902079346,bob,bob,bob,2,1,1,0,0,25.49178732264081,22.39723225055963,10.477666308590994,58.36668588179143
Dim_Near_20260114_211300_T13,1736911005.24,131,Dim,Near,4,4,1280,720,22.720707649191485,1,0,diana,1,1,0.8634720856969604,91.62050165419672,240.3899489415959,205.7730550829348,400.225420506021,18245.627207565587,diana,0.8927311577827609,chen,0.7392015302444149,0.15352962753834598,diana,diana,diana,2,1,1,0,0,10.144984326417553,6.837665526220202,10.658941688968596,27.641591541606353
Dim_Near_20260114_211300_T13,1736911005.24,131,Dim,Near,4,4,1280,720,22.720707649191485,1,1,chen,-1,0,-1.0,-1.0,-1.0,-1.0,-1.0,0.0,unknown,-1.0,unknown,-1.0,-1.0,unknown,unknown,unknown,0,0,0,0,1,10.144984326417553,6.837665526220202,10.658941688968596,27.641591541606353
Dim_Near_20260114_211300_T13,1736911005.24,131,Dim,Near,4,4,1280,720,22.720707649191485,1,2,alice,3,1,0.9251580207160645,758.8424492580873,184.6117134102294,864.5532115966987,326.46285122387405,14995.191916879801,alice,0.8128132763449738,bob,0.6397727887606254,0.17304048758434842,alice,alice,alice,3,1,1,0,0,10.144984326417553,6.837665526220202,10.658941688968596,27.641591541606353
Dim_Near_20260114_211300_T13,1736911005.24,131,Dim,Near,4,4,1280,720,22.720707649191485,1,3,bob,4,1,0.7530485732232796,1057.3880817705556,226.94362297245766,1181.2147927049143,407.5086084426433,22358.768260683366,bob,0.847142975934347,chen,0.7210811589926254,0.12606181694172158,bob,bob,bob,2,1,1,0,0,10.144984326417553,6.837665526220202,10.658941688968596,27.641591541606353
Dim_Near_20260114_211300_T13,1736911005.28,132,Dim,Near,4,4,1280,720,25.11097847354579,0,0,diana,1,1,0.8257135623017425,131.88787298182532,273.2399505816118,243.19458697510882,437.2447131791084,18254.831203975908,chen,0.7659523050200302,diana,0.668832365292492,0.09711993972753818,chen,chen,chen,1,0,0,1,0,8.488925866536407,4.956193479174902,8.431461663306607,21.876581009017915
Dim_Near_20260114_211300_T13,1736911005.28,132,Dim,Near,4,4,1280,720,25.11097847354579,0,1,chen,2,1,0.8672667213438067,473.41950557526354,272.2721648804642,553.8828666672874,437.69468028241715,13310.451589538226,chen,0.8008371912667517,diana,0.7130158729375096,0.08782131832924212,chen,chen,chen,1,1,1,0,0,8.488925866536407,4.956193479174902,8.431461663306607,21.876581009017915
Dim_Near_20260114_211300_T13,1736911005.28,132,Dim,Near,4,4,1280,720,25.11097847354579,0,2,alice,3,1,0.7519246607568215,737.9036716606461,283.038918464161,836.7488593558862,492.2944652415944,20683.903797485513,alice,0.8558451939975389,diana,0.7052488399217457,0.1505963540757932,alice,alice,alice,2,1,1,0,0,8.488925866536407,4.956193479174902,8.431461663306607,21.876581009017915
Dim_Near_20260114_211300_T13,1736911005.28,132,Dim,Near,4,4,1280,720,25.11097847354579,0,3,bob,4,1,0.6734795427135948,1072.17849489424,199.75680268878975,1171.8626402517443,404.51888146024623,20411.532823958623,bob,0.7915898022427943,alice,0.6917470086603089,0.09984279358248538,bob,bob,bob,2,1,1,0,0,8.488925866536407,4.956193479174902,8.431461663306607,21.876581009017915
Dim_Near_20260114_211300_T13,1736911005.32,133,Dim,Near,4,4,1280,720,28.390553801240404,1,0,diana,1,1,0.8723431534943511,106.43718633359825,295.1019786207676,215.16810424329364,441.8397193348439,15954.929239836394,diana,0.8859094208578091,bob,0.8019074900181578,0.08400193083965135,diana,diana,diana,2,1,1,0,0,16.31709168288137,10.990796123457804,7.109442033688788,34.41732984002796
Dim_Near_20260114_211300_T13,1736911005.32,133,Dim,Near,4,4,1280,720,28.390553801240404,1,1,chen,2,1,0.7718354964811481,419.17836045210487,231.83684831124117,519.890871521553,387.7291189074274,15700.302028059805,chen,0.8732369125719366,alice,0.7033280448683303,0.16990886770360625,chen,chen,chen,2,1,1,0,0,16.31709168288137,10.990796123457804,7.109442033688788,34.41732984002796
Dim_Near_20260114_211300_T13,1736911005.32,133,Dim,Near,4,4,1280,720,28.390553801240404,1,2,alice,3,1,0.7671207664363918,707.8981065992025,217.81431004348457,832.4818836999423,404.97077226995617,23316.658972985762,alice,0.8909129238765977,chen,0.7980435118802396,0.09286941199635812,alice,alice,alice,2,1,1,0,0,16.31709168288137,10.990796123457804,7.109442033688788,34.41732984002796
Dim_Near_20260114_211300_T13,1736911005.32,133,Dim,Near,4,4,1280,720,28.390553801240404,1,3,bob,4,1,0.7756871635423576,1037.6442037058305,223.2847362769562,1161.7352266327543,360.6012451766495,17039.746054116986,bob,0.7790006130567728,chen,0.7041103919285484,0.07489022112822441,bob,bob,bob,2,1,1,0,0,16.31709168288137,10.990796123457804,7.109442033688788,34.41732984002796
Dim_Near_20260114_211300_T13,1736911005.36,134,Dim,Near,4,4,1280,720,23.243556425003568,2,0,diana,-1,0,-1.0,-1.0,-1.0,-1.0,-1.0,0.0,unknown,-1.0,unknown,-1.0,-1.0,unknown,unknown,unknown,0,0,0,0,1,15.578764638973489,13.752955792275607,5.441046854785149,34.772767286034245
Dim_Near_20260114_211300_T13,1736911005.36,134,Dim,Near,4,4,1280,720,23.243556425003568,2,1,chen,2,1,0.8322844343115638,400.7072031570447,233.29566731111572,518.2946434605694,425.0062865339113,22542.760993412234,chen,0.9651530854341949,bob,0.8426356609407906,0.1225174244934043,chen,chen,chen,1,1,1,0,0,15.578764638973489,13.752955792275607,5.441046854785149,34.772767286034245
Dim_Near_20260114_211300_T13,1736911005.36,134,Dim,Near,4,4,1280,720,23.243556425003568,2,2,alice,3,1,0.7459573582207784,723.6058965239588,214.91225347394476,836.3073489618539,416.98699856049797,22774.117272271957,alice,0.7708144660784294,diana,0.6982316596217061,0.07258280645672333,alice,alice,alice,3,1,1,0,0,15.578764638973489,13.752955792275607,5.441046854785149,34.772767286034245
Dim_Near_20260114_211300_T13,1736911005.36,134,Dim,Near,4,4,1280,720,23.243556425003568,2,3,bob,4,1,0.8141439133628593,1099.0691326014016,241.81780731101583,1180.2187710228295,457.5931331082294,17510.08966870968,bob,0.9218183842581456,alice,0.7876724869833449,0.13414589727480064,bob,bob,bob,2,1,1,0,0,15.578764638973489,13.752955792275607,5.441046854785149,34.772767286034245
Dim_Near_20260114_211300_T13,1736911005.4,135,Dim,Near,4,4,1280,720,25.499360751607785,0,0,diana,1,1,0.7132269604549242,112.35627120439727,291.27191682731615,216.67386245612994,450.859826946199,16647.826376499874,diana,0.9035673387926765,bob,0.7733015923935814,0.13026574639909505,diana,diana,diana,1,1,1,0,0,12.672915797926848,9.325727220259477,11.659786288579173,33.6584293067655
Dim_Near_20260114_211300_T13,1736911005.4,135,Dim,Near,4,4,1280,720,25.499360751607785,0,1,chen,2,1,0.817852850307397,418.54122104189724,286.7175932480505,513.1772976459483,436.1134343028829,14138.236258391762,chen,0.8056334825927586,bob,0.7333066026485588,0.07232687994419973,chen,chen,chen,3,1,1,0,0,12.672915797926848,9.325727220259477,11.659786288579173,33.6584293067655
Dim_Near_20260114_211300_T13,1736911005.4,135,Dim,Near,4,4,1280,720,25.499360751607785,0,2,alice,3,1,0.6888079094937918,764.3585513650869,210.27463960205708,854.0032738938055,354.7224965460464,12948.98805561196,bob,0.9,alice,0.8805091661034388,0.019490833896561255,unknown,unknown,unknown,0,0,0,0,0,12.672915797926848,9.325727220259477,11.659786288579173,33.6584293067655
Dim_Near_20260114_211300_T13,1736911005.4,135,Dim,Near,4,4,1280,720,25.499360751607785,0,3,bob,4,1,0.8695835451359271,1067.3049896369125,202.8310726206118,1149.0188329380976,404.3062455116033,16463.310706693654,bob,0.8656151763325048,chen,0.6989697918469717,0.16664538448553312,bob,bob,bob,2,1,1,0,0,12.672915797926848,9.325727220259477,11.659786288579173,33.6584293067655
Dim_Near_20260114_211300_T13,1736911005.44,136,Dim,Near,4,4,1280,720,27.5013006153725,0,0,diana,1,1,0.9326497126180069,123.22437842417284,274.9493156858323,216.02779799685018,462.97589422821443,17449.50945928366,diana,0.8311576283164597,alice,0.7628965585111556,0.06826106980530411,diana,diana,diana,2,1,1,0,0,16.57723214651214,10.983262625387773,18.31559257820241,45.876087350102324
Dim_Near_20260114_211300_T13,1736911005.44,136,Dim,Near,4,4,1280,720,27.5013006153725,0,1,chen,2,1,0.7469259644720274,432.14353524102086,291.55316009878027,534.4830408943494,432.94158371598235,14469.621378087866,chen,0.9099638676537731,alice,0.7861645232499778,0.12379934440379536,chen,chen,chen,1,1,1,0,0,16.57723214651214,10.983262625387773,18.31559257820241,45.876087350102324
Dim_Near_20260114_211300_T13,1736911005.44,136,Dim,Near,4,4,1280,720,27.5013006153725,0,2,alice,3,1,0.7078756020551439,728.6726945347697,211.62430818797395,855.5613393922571,417.2132826618057,26086.90636862508,alice,0.7695425456840235,bob,0.7069605370814422,0.06258200860258123,alice,alice,alice,1,1,1,0,0,16.57723214651214,10.983262625387773,18.31559257820241,45.876087350102324
Dim_Near_20260114_211300_T13,1736911005.44,136,Dim,Near,4,4,1280,720,27.5013006153725,0,3,bob,4,1,0.7089728095556812,1057.5002248697406,290.5181306997973,1177.5705702515374,452.89628187701726,19496.800694306425,bob,0.8448897946033694,diana,0.7461513601442085,0.09873843445916097,bob,bob,bob,2,1,1,0,0,16.57723214651214,10.983262625387773,18.31559257820241,45.876087350102324
Dim_Near_20260114_211300_T13,1736911005.48,137,Dim,Near,4,4,1280,720,27.6884302403953,0,0,diana,1,1,0.8109735475660647,120.61940236579517,191.80884618763207,204.57958813399478,378.8940190307975,15707.705866387902,diana,0.948169610247674,alice,0.8177484348230248,0.13042117542464915,diana,diana,diana,3,1,1,0,0,10.335254488776062,6.602685532726818,10.8034116575384,27.74135167904128
Dim_Near_20260114_211300_T13,1736911005.48,137,Dim,Near,4,4,1280,720,27.6884302403953,0,1,chen,2,1,0.8375016323510975,430.8964170083509,245.25633693326793,534.0343628017685,421.1817246552139,18144.583102552027,chen,0.8864538880586238,bob,0.7412195664519984,0.14523432160662542,chen,chen,chen,2,1,1,0,0,10.335254488776062,6.602685532726818,10.8034116575384,27.74135167904128
Dim_Near_20260114_211300_T13,1736911005.48,137,Dim,Near,4,4,1280,720,27.6884302403953,0,2,alice,3,1,0.6261901741838976,723.1460345504215,161.61313506297398,820.3807055106302,368.35390765345954,20102.370996895184,alice,0.8634417597646857,chen,0.722571046981519,0.14087071278316676,alice,alice,alice,1,1,1,0,0,10.335254488776062,6.602685532726818,10.8034116575384,27.74135167904128
Dim_Near_20260114_211300_T13,1736911005.48,137,Dim,Near,4,4,1280,720,27.6884302403953,0,3,bob,4,1,0.824024851867505,1049.532301428139,274.06131863136005,1158.7354975513595,407.64700521741514,14587.983931512046,bob,0.8478312305350283,diana,0.7034912276464625,0.14434000288856574,bob,bob,bob,2,1,1,0,0,10.335254488776062,6.602685532726818,10.8034116575384,27.74135167904128
Dim_Near_20260114_211300_T13,1736911005.52,138,Dim,Near,4,4,1280,720,26.08303420573201,1,0,diana,1,1,0.8365921117766946,96.8468357494343,190.7227649101601,195.49393534066377,334.04339715647734,14138.16468268043,diana,0.9132661514577722,alice,0.7589890532155641,0.15427709824220814,diana,diana,diana,1,1,1,0,0,13.540217651500997,10.656144624924071,10.725335605135289,34.921697881560355
Dim_Near_20260114_211300_T13,1736911005.52,138,Dim,Near,4,4,1280,720,26.08303420573201,1,1,chen,2,1,0.6891540499711043,428.4547186285164,181.21194629629832,520.2406675099039,340.5816948079966,14627.903590134323,chen,0.8702034344939924,diana,0.7494395649593715,0.12076386953462093,chen,chen,chen,2,1,1,0,0,13.540217651500997,10.656144624924071,10.725335605135289,34.921697881560355
Dim_Near_20260114_211300_T13,1736911005.52,138,Dim,Near,4,4,1280,720,26.08303420573201,1,2,alice,3,1,0.7635732941077702,768.1695000869059,287.21510245130355,875.5823679668052,471.8122254798167,19828.106386871197,alice,0.7992918915568257,chen,0.6567552021968649,0.14253668935996078,alice,alice,alice,1,1,1,0,0,13.540217651500997,10.656144624924071,10.725335605135289,34.921697881560355
Dim_Near_20260114_211300_T13,1736911005.52,138,Dim,Near,4,4,1280,720,26.08303420573201,1,3,bob,4,1,0.7507765175056332,1090.6459612403214,227.49107257350607,1196.214476925586,369.70626997365383,15013.447297420504,bob,0.7695486556847474,diana,0.6872658447431154,0.08228281094163203,bob,bob,bob,2,1,1,0,0,13.540217651500997,10.656144624924071,10.725335605135289,34.921697881560355
Dim_Near_20260114_211300_T13,1736911005.56,139,Dim,Near,4,4,1280,720,23.51242555611673,1,0,diana,1,1,0.834459351135632,124.28364542197832,245.8685065137818,214.99515217657537,442.87648115954016,17870.890222788195,diana,0.8528451408752605,alice,0.7365788933386823,0.11626624753657822,diana,diana,diana,2,1,1,0,0,18.14686523251217,6.839210190246462,8.623315236278607,33.60939065903724
Dim_Near_20260114_211300_T13,1736911005.56,139,Dim,Near,4,4,1280,720,23.51242555611673,1,1,chen,2,1,0.69339511128123,442.5553287674151,208.602659314751,539.2513188599746,368.4333774525994,15454.98953754406,chen,0.8986819304595577,alice,0.7498102654071859,0.14887166505237182,chen,chen,chen,1,1,1,0,0,18.14686523251217,6.839210190246462,8.623315236278607,33.60939065903724
Dim_Near_20260114_211300_T13,1736911005.56,139,Dim,Near,4,4,1280,720,23.51242555611673,1,2,alice,3,1,0.7779509245135547,746.2249996718936,238.7418793618869,847.8607536157783,423.7372275775305,18802.141692008438,alice,0.869014719848005,diana,0.6895361500671473,0.17947856978085774,alice,alice,alice,1,1,1,0,0,18.14686523251217,6.839210190246462,8.623315236278607,33.60939065903724
Dim_Near_20260114_211300_T13,1736911005.56,139,Dim,Near,4,4,1280,720,23.51242555611673,1,3,bob,4,1,0.8696046085934014,1104.3817362783568,241.54314014727936,1199.0928129489487,441.3916516029932,18927.867690985768,bob,0.7403449934370128,alice,0.6596783099429074,0.08066668349410533,bob,bob,bob,2,1,1,0,0,18.14686523251217,6.839210190246462,8.623315236278607,33.60939065903724
Dim_Near_20260114_211300_T13,1736911005.6,140,Dim,Near,4,4,1280,720,23.154606472588313,0,0,diana,1,1,0.7323934289806006,131.3520846231528,149.45382858404201,218.95398196909827,295.39712878918414,12784.910002899363,diana,0.810215727980352,chen,0.6535942834502069,0.15662144453014515,diana,diana,diana,2,1,1,0,0,20.168978590200393,10.342519755226002,12.529922190187728,43.04142053561412
Dim_Near_20260114_211300_T13,1736911005.6,140,Dim,Near,4,4,1280,720,23.154606472588313,0,1,chen,2,1,0.7840991491198763,403.2038684709999,256.4040160325992,528.9829871106466,465.6809475375085,26322.667996297198,chen,0.7276669181232863,diana,0.6642201337359548,0.06344678438733153,unknown,unknown,unknown,0,0,0,0,0,20.168978590200393,10.342519755226002,12.529922190187728,43.04142053561412
Dim_Near_20260114_211300_T13,1736911005.6,140,Dim,Near,4,4,1280,720,23.154606472588313,0,2,alice,3,1,0.7636062155805333,750.4794724109577,202.59836003254344,870.4793288163614,387.3678185445894,22172.308489549723,alice,0.8014012833020405,bob,0.6259689616851933,0.1754323216168472,alice,alice,alice,2,1,1,0,0,20.168978590200393,10.342519755226002,12.529922190187728,43.04142053561412
Dim_Near_20260114_211300_T13,1736911005.6,140,Dim,Near,4,4,1280,720,23.154606472588313,0,3,bob,4,1,0.7294059970314821,1087.7691514576316,275.06178422661867,1202.4953268646188,449.6326783274368,20027.851017565063,bob,0.9448601147276829,alice,0.8376795077705768,0.10718060695710618,bob,bob,bob,2,1,1,0,0,20.168978590200393,10.342519755226002,12.529922190187728,43.04142053561412
Dim_Near_20260114_211300_T13,1736911005.64,141,Dim,Near,4,4,1280,720,24.45006724825222,1,0,diana,1,1,0.7247247565937983,146.2962427342551,177.6510322903231,235.93998750633352,356.7762826054451,16057.458221483459,diana,0.9002861334957326,bob,0.7880720375700062,0.1122140959257264,diana,diana,diana,1,1,1,0,0,18.342799551422978,13.394954151411884,3.4597117411269416,35.1974654439618
Dim_Near_20260114_211300_T13,1736911005.64,141,Dim,Near,4,4,1280,720,24.45006724825222,1,1,chen,2,1,0.639480250907291,400.5766462018941,139.9047252998255,524.3812957277337,331.1126055513219,23672.424601115217,chen,0.847090578530573,alice,0.7221964798236894,0.12489409870688362,chen,chen,chen,3,1,1,0,0,18.342799551422978,13.394954151411884,3.4597117411269416,35.1974654439618
Dim_Near_20260114_211300_T13,1736911005.64,141,Dim,Near,4,4,1280,720,24.45006724825222,1,2,alice,3,1,0.8522450499343205,772.1752400040018,270.2284101093246,854.1635861362811,466.74276884791016,16111.887264222052,alice,0.8696454812982993,chen,0.7037495725873426,0.16589590871095672,alice,alice,alice,2,1,1,0,0,18.342799551422978,13.394954151411884,3.4597117411269416,35.1974654439618
Dim_Near_20260114_211300_T13,1736911005.64,141,Dim,Near,4,4,1280,720,24.45006724825222,1,3,bob,4,1,0.9344209325848334,1090.6456090815657,196.70720975686544,1180.1046412928065,386.4364422922601,16972.99352479787,bob,0.848462494035389,diana,0.7226936460073208,0.1257688480280682,bob,bob,bob,1,1,1,0,0,18.342799551422978,13.394954151411884,3.4597117411269416,35.1974654439618
Dim_Near_20260114_211300_T13,1736911005.68,142,Dim,Near,4,4,1280,720,27.23797649208293,0,0,diana,1,1,0.726018558526082,111.17898171359239,284.92390527251086,201.83965219738872,458.1964227369,15709.002609736826,diana,0.8947710985329048,bob,0.7454244727901495,0.14934662574275537,diana,diana,diana,2,1,1,0,0,22.839536419061584,9.05055685057748,12.856506433622458,44.74659970326152
Dim_Near_20260114_211300_T13,1736911005.68,142,Dim,Near,4,4,1280,720,27.23797649208293,0,1,chen,2,1,0.7998119012763222,423.15323287181025,199.20233669367116,539.8169939819713,365.688920246961,19422.951011707883,alice,0.7391833694601938,chen,0.6632660563789782,0.07591731308121563,unknown,unknown,unknown,0,0,0,0,0,22.839536419061584,9.05055685057748,12.856506433622458,44.74659970326152
Dim_Near_20260114_211300_T13,1736911005.68,142,Dim,Near,4,4,1280,720,27.23797649208293,0,2,alice,3,1,0.8310996341887839,729.593632954918,312.58875891684113,834.1437630686383,494.99562913867874,19070.66201532962,alice,0.8124906467696137,chen,0.6931176259080617,0.11937302086155199,alice,alice,alice,2,1,1,0,0,22.839536419061584,9.05055685057748,12.856506433622458,44.74659970326152
Dim_Near_20260114_211300_T13,1736911005.68,142,Dim,Near,4,4,1280,720,27.23797649208293,0,3,bob,4,1,0.7916105298926045,1097.9691788767934,247.29962976173317,1190.0193762791039,441.8702426209478,17910.263322379233,bob,0.685208920594262,chen,0.6373692518887919,0.04783966870547007,unknown,unknown,unknown,0,0,0,0,0,22.839536419061584,9.05055685057748,12.856506433622458,44.74659970326152
Dim_Near_20260114_211300_T13,1736911005.72,143,Dim,Near,4,4,1280,720,25.88050001447373,2,0,diana,1,1,0.7209651707085348,106.08269685172621,201.04510687201486,213.40954964403625,338.7166891035684,14775.857639850354,diana,0.9275673640693444,bob,0.8634380135562174,0.06412935051312696,diana,diana,diana,2,1,1,0,0,16.08999506858722,8.193009176461864,13.929982993282614,38.2129872383317
Dim_Near_20260114_211300_T13,1736911005.72,143,Dim,Near,4,4,1280,720,25.88050001447373,2,1,chen,2,1,0.8426372402553736,428.86183415085424,127.2318289978711,536.028240724373,332.0014943326774,21944.42920919321,alice,0.7184154506310214,diana,0.7058548041939229,0.012560646437098533,unknown,unknown,unknown,0,0,0,0,0,16.08999506858722,8.193009176461864,13.929982993282614,38.2129872383317
Dim_Near_20260114_211300_T13,1736911005.72,143,Dim,Near,4,4,1280,720,25.88050001447373,2,2,alice,-1,0,-1.0,-1.0,-1.0,-1.0,-1.0,0.0,unknown,-1.0,unknown,-1.0,-1.0,unknown,unknown,unknown,0,0,0,0,1,16.08999506858722,8.193009176461864,13.929982993282614,38.2129872383317
Dim_Near_20260114_211300_T13,1736911005.72,143,Dim,Near,4,4,1280,720,25.88050001447373,2,3,bob,4,1,0.7547532556948201,1064.1222422507024,201.88033296362,1162.2555538417894,378.65051739591166,17347.043588908,bob,0.8498183630032952,chen,0.769420473459899,0.08039788954339622,bob,bob,bob,1,1,1,0,0,16.08999506858722,8.193009176461864,13.929982993282614,38.2129872383317
Dim_Near_20260114_211300_T13,1736911005.76,144,Dim,Near,4,4,1280,720,27.47507373004217,1,0,diana,1,1,0.6954031882925616,97.35984009886869,163.6345280607748,212.09641938672053,339.6367830047955,20193.896679225345,diana,0.8791609983621974,alice,0.7857632654783582,0.09339773288383924,diana,diana,diana,1,1,1,0,0,18.772300809050307,14.678271265960156,18.877887662434063,52.328459737444526
Dim_Near_20260114_211300_T13,1736911005.76,144,Dim,Near,4,4,1280,720,27.47507373004217,1,1,chen,-1,0,-1.0,-1.0,-1.0,-1.0,-1.0,0.0,unknown,-1.0,unknown,-1.0,-1.0,unknown,unknown,unknown,0,0,0,0,1,18.772300809050307,14.678271265960156,18.877887662434063,52.328459737444526
Dim_Near_20260114_211300_T13,1736911005.76,144,Dim,Near,4,4,1280,720,27.47507373004217,1,2,alice,3,1,0.8742444864056035,731.4032850929408,238.49809258426217,843.2570848256465,368.4895456440173,14540.03795750927,alice,0.821289105294259,diana,0.6546905075697207,0.16659859772453833,alice,alice,alice,2,1,1,0,0,18.772300809050307,14.678271265960156,18.877887662434063,52.328459737444526
Dim_Near_20260114_211300_T13,1736911005.76,144,Dim,Near,4,4,1280,720,27.47507373004217,1,3,bob,4,1,0.8376508780686726,1064.6574446943832,245.83503125583877,1190.943118956373,411.61383209232656,20935.487641979962,bob,0.822886084657546,alice,0.6745743954051107,0.14831168925243532,bob,bob,bob,1,1,1,0,0,18.772300809050307,14.678271265960156,18.877887662434063,52.328459737444526
Dim_Near_20260114_211300_T13,1736911005.8,145,Dim,Near,4,4,1280,720,28.509803784396023,4,0,diana,1,1,0.7291773230790691,119.099532260926,273.904896784651,211.73935077680673,445.16557701091267,15865.558335067166,diana,0.9154285625873075,bob,0.7652557210328748,0.15017284155443278,diana,diana,diana,2,1,1,0,0,11.374815559688036,7.211863902258836,6.0799508016872466,24.66663026363412
Dim_Near_20260114_211300_T13,1736911005.8,145,Dim,Near,4,4,1280,720,28.509803784396023,4,1,chen,2,1,0.8135274793853218,436.6512979300409,222.424185429149,552.8796266666234,383.75965062003615,18751.75148507589,chen,0.8988636586171939,alice,0.7913933226582629,0.10747033595893096,chen,chen,chen,3,1,1,0,0,11.374815559688036,7.211863902258836,6.0799508016872466,24.66663026363412
Dim_Near_20260114_211300_T13,1736911005.8,145,Dim,Near,4,4,1280,720,28.509803784396023,4,2,alice,-1,0,-1.0,-1.0,-1.0,-1.0,-1.0,0.0,unknown,-1.0,unknown,-1.0,-1.0,unknown,unknown,unknown,0,0,0,0,1,11.374815559688036,7.211863902258836,6.0799508016872466,24.66663026363412
Dim_Near_20260114_211300_T13,1736911005.8,145,Dim,Near,4,4,1280,720,28.509803784396023,4,3,bob,4,1,0.7903809157576508,1048.2614343896314,296.4394356138181,1166.8379718721965,434.28467601110106,16345.211314761616,bob,0.8038681459121604,alice,0.740692618134314,0.06317552777784641,bob,bob,bob,2,1,1,0,0,11.374815559688036,7.211863902258836,6.0799508016872466,24.66663026363412
Dim_Near_20260114_211300_T13,1736911005.84,146,Dim,Near,4,4,1280,720,22.353346603751564,0,0,diana,1,1,0.7506438347036699,122.93627845611755,257.85702623871487,226.97766175465884,435.10381561730946,18441.001152174176,diana,0.8063128221775652,alice,0.7159644734756418,0.09034834870192332,diana,diana,diana,2,1,1,0,0,16.628375873329485,17.925931813883842,12.26185264736544,46.81616033457877
Dim_Near_20260114_211300_T13,1736911005.84,146,Dim,Near,4,4,1280,720,22.353346603751564,0,1,chen,2,1,0.7600720021308234,400.11626344605565,237.80063764523737,526.6154152015,393.1582878579489,19652.610970627036,chen,0.8206977883208564,diana,0.6602012586547478,0.1604965296661086,chen,chen,chen,2,1,1,0,0,16.628375873329485,17.925931813883842,12.26185264736544,46.81616033457877
Dim_Near_20260114_211300_T13,1736911005.84,146,Dim,Near,4,4,1280,720,22.353346603751564,0,2,alice,3,1,0.8605922170437024,738.4603650938075,174.41629955011211,828.3034539579812,347.0462396739368,15509.607051161773,alice,0.8817544386096897,bob,0.7056510463452268,0.17610339226446292,alice,alice,alice,3,1,1,0,0,16.628375873329485,17.925931813883842,12.26185264736544,46.81616033457877
Dim_Near_20260114_211300_T13,1736911005.84,146,Dim,Near,4,4,1280,720,22.353346603751564,0,3,bob,4,1,0.8580099408563419,1104.458780082094,212.0654646174611,1189.4664107099843,410.29907162301436,16851.36924236242,alice,0.8860246286665102,bob,0.824439852267578,0.06158477639893223,alice,alice,alice,2,0,0,1,0,16.628375873329485,17.925931813883842,12.26185264736544,46.81616033457877
Dim_Near_20260114_211300_T13,1736911005.88,147,Dim,Near,4,4,1280,720,26.363161438151504,2,0,diana,1,1,0.7418861960058059,111.13600840424655,244.2225136335527,206.43934890014273,389.97178804886937,13890.392726632736,diana,0.8140892700670614,bob,0.6912461812788279,0.12284308878823358,diana,diana,diana,2,1,1,0,0,16.56954901269853,6.374059580579894,7.778554454196348,30.722163047474773
Dim_Near_20260114_211300_T13,1736911005.88,147,Dim,Near,4,4,1280,720,26.363161438151504,2,1,chen,2,1,0.6331136046915937,445.1277510837302,240.3171120944134,529.3141037803941,431.63753724352415,16106.568789678735,diana,0.7225038795983456,chen,0.6261688623940649,0.09633501720428073,diana,diana,diana,1,0,0,1,0,16.56954901269853,6.374059580579894,7.778554454196348,30.722163047474773
Dim_Near_20260114_211300_T13,1736911005.88,147,Dim,Near,4,4,1280,720,26.363161438151504,2,2,alice,3,1,0.762329721974318,746.0972091881092,260.4802750390892,858.9989720766935,450.12746339884313,21411.501892679615,alice,0.8775096076404943,chen,0.7897779397312349,0.08773166790925946,alice,alice,alice,2,1,1,0,0,16.56954901269853,6.374059580579894,7.778554454196348,30.722163047474773
Dim_Near_20260114_211300_T13,1736911005.88,147,Dim,Near,4,4,1280,720,26.363161438151504,2,3,bob,4,1,0.880490403127349,1063.0585196975705,264.7092671906316,1181.3359538641746,469.4851941202816,24220.371216327003,bob,0.8884264289502828,diana,0.8004808031705907,0.08794562577969212,bob,bob,bob,2,1,1,0,0,16.56954901269853,6.374059580579894,7.778554454196348,30.722163047474773
Dim_Near_20260114_211300_T13,1736911005.92,148,Dim,Near,4,4,1280,720,28.917648132068493,0,0,diana,1,1,0.8030577954735787,97.92185910107648,291.0670905420826,214.66558036314794,449.70389758227714,18519.851183005485,diana,0.8686269249590979,chen,0.8058273485518486,0.06279957640724931,diana,diana,diana,2,1,1,0,0,18.949421940491675,19.94619107378052,13.971908564976907,52.8675215792491
Dim_Near_20260114_211300_T13,1736911005.92,148,Dim,Near,4,4,1280,720,28.917648132068493,0,1,chen,2,1,0.672490225921603,434.3204313261605,182.67918076075938,531.2710312257566,330.7585819405428,14356.386777152962,chen,0.776296894687275,bob,0.673764443815291,0.10253245087198404,chen,chen,chen,2,1,1,0,0,18.949421940491675,19.94619107378052,13.971908564976907,52.8675215792491
Dim_Near_20260114_211300_T13,1736911005.92,148,Dim,Near,4,4,1280,720,28.917648132068493,0,2,alice,3,1,0.7523420137531923,724.2263358700034,271.87983851506453,824.47995803153,474.72964872218586,20336.428228042136,alice,0.8040099071895154,chen,0.6967231439151937,0.10728676327432163,alice,alice,alice,2,1,1,0,0,18.949421940491675,19.94619107378052,13.971908564976907,52.8675215792491
Dim_Near_20260114_211300_T13,1736911005.92,148,Dim,Near,4,4,1280,720,28.917648132068493,0,3,bob,4,1,0.6794454186201524,1014.6842336700597,208.30109175994482,1141.6050022207473,355.6289614442759,18698.96644927085,bob,0.8802859510489953,diana,0.8087022406427414,0.07158371040625389,bob,bob,bob,2,1,1,0,0,18.949421940491675,19.94619107378052,13.971908564976907,52.8675215792491
Dim_Near_20260114_211300_T13,1736911005.96,149,Dim,Near,4,4,1280,720,27.590154078569153,3,0,diana,1,1,0.8067242652371007,88.79899395934243,291.6063379081448,208.40854540967516,450.6873728920669,19027.611238681613,diana,0.7994986892878501,bob,0.7524353368714214,0.04706335241642867,unknown,unknown,unknown,0,0,0,0,0,10.773648119459732,10.384430982737138,8.985117016205026,30.143196118401896
Dim_Near_20260114_211300_T13,1736911005.96,149,Dim,Near,4,4,1280,720,27.590154078569153,3,1,chen,2,1,0.7565444487444812,407.8194991925878,260.2861907874179,533.6992391608686,400.47238109277487,17646.601182782262,chen,0.9264869662813733,bob,0.8076798225197888,0.11880714376158452,chen,chen,chen,2,1,1,0,0,10.773648119459732,10.384430982737138,8.985117016205026,30.143196118401896
Dim_Near_20260114_211300_T13,1736911005.96,149,Dim,Near,4,4,1280,720,27.590154078569153,3,2,alice,3,1,0.7417875198278157,741.1411474205466,295.9068005416933,839.2910351132849,429.92351373068834,13153.725348449778,alice,0.8718551304360431,diana,0.7337587434563527,0.1380963869796904,alice,alice,alice,2,1,1,0,0,10.773648119459732,10.384430982737138,8.985117016205026,30.143196118401896
Dim_Near_20260114_211300_T13,1736911005.96,149,Dim,Near,4,4,1280,720,27.590154078569153,3,3,bob,-1,0,-1.0,-1.0,-1.0,-1.0,-1.0,0.0,unknown,-1.0,unknown,-1.0,-1.0,unknown,unknown,unknown,0,0,0,0,1,10.773648119459732,10.384430982737138,8.985117016205026,30.143196118401896
Dim_Near_20260114_211300_T13,1736911006.0,150,Dim,Near,4,4,1280,720,26.567635400123102,1,0,diana,1,1,0.805349614002808,145.70212333610283,199.38418886001608,231.0614459317738,374.2466733980693,14926.143227564207,diana,0.6981837686906202,chen,0.640988829903243,0.057194938787377136,unknown,unknown,unknown,0,0,0,0,0,8.753182936657824,5.870854546217221,10.296663932299413,24.92070141517446
Dim_Near_20260114_211300_T13,1736911006.0,150,Dim,Near,4,4,1280,720,26.567635400123102,1,1,chen,-1,0,-1.0,-1.0,-1.0,-1.0,-1.0,0.0,unknown,-1.0,unknown,-1.0,-1.0,unknown,unknown,unknown,0,0,0,0,1,8.753182936657824,5.870854546217221,10.296663932299413,24.92070141517446
Dim_Near_20260114_211300_T13,1736911006.0,150,Dim,Near,4,4,1280,720,26.567635400123102,1,2,alice,-1,0,-1.0,-1.0,-1.0,-1.0,-1.0,0.0,unknown,-1.0,unknown,-1.0,-1.0,unknown,unknown,unknown,0,0,0,0,1,8.753182936657824,5.870854546217221,10.296663932299413,24.92070141517446
Dim_Near_20260114_211300_T13,1736911006.0,150,Dim,Near,4,4,1280,720,26.567635400123102,1,3,bob,4,1,0.7431358058438744,1095.2976115353308,261.8983653205015,1199.3468626516042,427.3610026882303,17216.26350583569,bob,0.8514351612779676,diana,0.7879878087414305,0.0634473525365371,bob,bob,bob,1,1,1,0,0,8.753182936657824,5.870854546217221,10.296663932299413,24.92070141517446
Dim_Near_20260114_211300_T13,1736911006.04,151,Dim,Near,4,4,1280,720,26.041292271524707,0,0,diana,1,1,0.8347659070552825,130.4841521709826,193.04020640262215,218.11972818968127,376.9484378392258,16116.903796526905,alice,0.8454924114063291,diana,0.7999921989050571,0.04550021250127201,alice,alice,alice,1,0,0,1,0,31.73975530569405,22.8322316235077,17.138731850544158,71.7107187797459
Dim_Near_20260114_211300_T13,1736911006.04,151,Dim,Near,4,4,1280,720,26.041292271524707,0,1,chen,-1,0,-1.0,-1.0,-1.0,-1.0,-1.0,0.0,unknown,-1.0,unknown,-1.0,-1.0,unknown,unknown,unknown,0,0,0,0,1,31.73975530569405,22.8322316235077,17.138731850544158,71.7107187797459
Dim_Near_20260114_211300_T13,1736911006.04,151,Dim,Near,4,4,1280,720,26.041292271524707,0,2,alice,3,1,0.8347298394437497,734.0036430855364,233.2688496395724,861.9728663009014,388.00155720299404,19801.024392901298,alice,0.8197105069089858,chen,0.7203125644376487,0.09939794247133715,alice,alice,alice,2,1,1,0,0,31.73975530569405,22.8322316235077,17.138731850544158,71.7107187797459
Dim_Near_20260114_211300_T13,1736911006.04,151,Dim,Near,4,4,1280,720,26.041292271524707,0,3,bob,4,1,0.7794572878191293,1055.7705204848833,246.80628473532647,1173.7735206567024,441.45695901813394,22969.363550838847,bob,0.8768655702381962,chen,0.7860231856767073,0.09084238456148896,bob,bob,bob,3,1,1,0,0,31.73975530569405,22.8322316235077,17.138731850544158,71.7107187797459
Dim_Near_20260114_211300_T13,1736911006.08,152,Dim,Near,4,4,1280,720,27.336165840982787,3,0,diana,1,1,0.7845621713907449,81.87685901642008,197.1387176157131,200.44822992354364,329.06337158176314,15642.487077202448,diana,0.842907630535245,alice,0.7587688552944695,0.08413877524077551,diana,diana,diana,3,1,1,0,0,13.248018672522601,10.494336931267672,10.396972129868836,34.13932773365911
Dim_Near_20260114_211300_T13,1736911006.08,152,Dim,Near,4,4,1280,720,27.336165840982787,3,1,chen,2,1,0.6757656914347644,420.8359348612139,215.69205602309572,503.79539991082925,353.19685748313805,11407.324770878678,chen,0.8796253616457647,bob,0.8167791744039773,0.06284618724178737,chen,chen,chen,2,1,1,0,0,13.248018672522601,10.494336931267672,10.396972129868836,34.13932773365911
Dim_Near_20260114_211300_T13,1736911006.08,152,Dim,Near,4,4,1280,720,27.336165840982787,3,2,alice,3,1,0.7079574117239659,746.7541994004457,227.54623374034043,867.9318944797969,380.32616161078965,18513.51951373057,alice,0.9572384250820076,bob,0.8760356068280006,0.08120281825400699,alice,alice,alice,3,1,1,0,0,13.248018672522601,10.494336931267672,10.396972129868836,34.13932773365911
Dim_Near_20260114_211300_T13,1736911006.08,152,Dim,Near,4,4,1280,720,27.336165840982787,3,3,bob,4,1,0.7745459238923982,1068.1304141432604,238.65860524791452,1175.544869011347,374.86716934272096,14630.768660608455,bob,0.8702462744733216,diana,0.6975090533180062,0.17273722115531542,bob,bob,bob,1,1,1,0,0,13.248018672522601,10.494336931267672,10.396972129868836,34.13932773365911
Dim_Near_20260114_211300_T13,1736911006.12,153,Dim,Near,4,4,1280,720,23.32198286510954,0,0,diana,1,1,0.7761072837221317,135.03203985907072,174.65145096179202,232.0676082996074,365.6964842856725,18538.163406324016,diana,0.8878501583728583,bob,0.7647827085112197,0.12306744986163864,diana,diana,diana,2,1,1,0,0,17.734151145673724,15.685868316633798,8.743673946980152,42.163693409287674
Dim_Near_20260114_211300_T13,1736911006.12,153,Dim,Near,4,4,1280,720,23.32198286510954,0,1,chen,2,1,0.9310985791707004,392.97514434051703,300.7865346199224,520.7562708579056,485.99699833300514,23666.401696065634,chen,0.8562837526090791,alice,0.7169294837544545,0.13935426885462454,chen,chen,chen,2,1,1,0,0,17.734151145673724,15.685868316633798,8.743673946980152,42.163693409287674
Dim_Near_20260114_211300_T13,1736911006.12,153,Dim,Near,4,4,1280,720,23.32198286510954,0,2,alice,3,1,0.7611472307492602,774.5660020963892,264.2134371382099,862.6571811325327,417.18631907460906,13475.561530334191,alice,0.8778577708064607,diana,0.7454098842424492,0.1324478865640114,alice,alice,alice,3,1,1,0,0,17.734151145673724,15.685868316633798,8.743673946980152,42.163693409287674
Dim_Near_20260114_211300_T13,1736911006.12,153,Dim,Near,4,4,1280,720,23.32198286510954,0,3,bob,4,1,0.7869573535304127,1081.2612901908547,270.8047833989609,1176.8066851141475,483.172869868302,20290.792690817198,diana,0.7327305905881877,alice,0.6584431200560775,0.07428747053211016,unknown,unknown,unknown,0,0,0,0,0,17.734151145673724,15.685868316633798,8.743673946980152,42.163693409287674
Dim_Near_20260114_211300_T13,1736911006.16,154,Dim,Near,4,4,1280,720,26.489403224732975,2,0,diana,1,1,0.620989494740857,128.14613380196607,206.9244839785752,225.41838230075177,404.22201085879163,19191.574062888263,diana,0.8977429180960105,alice,0.792502797989133,0.10524012010687744,diana,diana,diana,1,1,1,0,0,19.004373788457308,9.735320899823446,9.277497203944737,38.01719189222549
Dim_Near_20260114_211300_T13,1736911006.16,154,Dim,Near,4,4,1280,720,26.489403224732975,2,1,chen,2,1,0.9200090703355923,410.73365382006654,314.7186273521706,530.9152994138083,514.3437662541589,23991.27769512023,chen,0.8766227630278134,alice,0.8087063494486169,0.06791641357919653,chen,chen,chen,1,1,1,0,0,19.004373788457308,9.735320899823446,9.277497203944737,38.01719189222549
Dim_Near_20260114_211300_T13,1736911006.16,154,Dim,Near,4,4,1280,720,26.489403224732975,2,2,alice,3,1,0.8198405861346523,743.375401699255,257.9608350994572,867.1453251022001,450.2049336194002,23794.037348481575,alice,0.9723310236993667,diana,0.8186617744274127,0.15366924927195402,alice,alice,alice,2,1,1,0,0,19.004373788457308,9.735320899823446,9.277497203944737,38.01719189222549
Dim_Near_20260114_211300_T13,1736911006.16,154,Dim,Near,4,4,1280,720,26.489403224732975,2,3,bob,4,1,0.8644173447759818,1055.5357612335508,222.087671635906,1157.5800297133458,410.62699189003433,19239.35701501031,alice,0.6708355451608581,chen,0.6272659120225833,0.04356963313827478,unknown,unknown,unknown,0,0,0,0,0,19.004373788457308,9.735320899823446,9.277497203944737,38.01719189222549
Dim_Near_20260114_211300_T13,1736911006.2,155,Dim,Near,4,4,1280,720,24.4422822230491,1,0,diana,1,1,0.8701678735787794,97.7590565310654,246.04077356718915,182.3982810289668,443.35727267007326,16700.71546470897,diana,0.8173303618934048,bob,0.7408194602629409,0.07651090163046392,unknown,unknown,unknown,0,0,0,0,0,13.211410101479808,6.906673198860134,10.207351214974786,30.325434515314726
Dim_Near_20260114_211300_T13,1736911006.2,155,Dim,Near,4,4,1280,720,24.4422822230491,1,1,chen,2,1,0.7968119269094973,421.0257580048393,280.70530608798083,510.66683235568416,480.95255690709473,17950.37869922847,chen,0.8907594838211486,alice,0.7354802664725744,0.1552792173485742,chen,chen,chen,1,1,1,0,0,13.211410101479808,6.906673198860134,10.207351214974786,30.325434515314726
Dim_Near_20260114_211300_T13,1736911006.2,155,Dim,Near,4,4,1280,720,24.4422822230491,1,2,alice,3,1,0.8767131203130728,730.4396853818524,227.47708428371408,840.8122684410783,379.09003913448674,16733.913452121575,alice,0.8215721672045098,bob,0.6928313583730041,0.12874080883150563,alice,alice,alice,3,1,1,0,0,13.211410101479808,6.906673198860134,10.207351214974786,30.325434515314726
Dim_Near_20260114_211300_T13,1736911006.2,155,Dim,Near,4,4,1280,720,24.4422822230491,1,3,bob,4,1,0.7502293548970956,1081.2744564897284,211.22776528613184,1179.3240356789247,382.27079413472603,16770.697001850218,bob,0.8150367773069052,diana,0.6522238495104629,0.1628129277964423,bob,bob,bob,2,1,1,0,0,13.211410101479808,6.906673198860134,10.207351214974786,30.325434515314726
Dim_Near_20260114_211300_T13,1736911006.24,156,Dim,Near,4,4,1280,720,23.479538880533138,1,0,diana,1,1,0.721867378772394,103.92126321676369,254.50130271579687,209.88539654625959,403.7124137452561,15811.02606336783,bob,0.8125277477631292,diana,0.7747293156784525,0.0377984320846767,bob,bob,bob,1,0,0,1,0,16.775381678227212,6.499863927344252,7.284471191823292,30.559716797394756
Dim_Near_20260114_211300_T13,1736911006.24,156,Dim,Near,4,4,1280,720,23.479538880533138,1,1,chen,2,1,0.5660102326515545,400.5138432777627,297.0806462264157,528.2500007141838,454.01825157821673,20046.60666491258,chen,0.8944012367942052,diana,0.8261620402661889,0.06823919652801635,chen,chen,chen,2,1,1,0,0,16.775381678227212,6.499863927344252,7.284471191823292,30.559716797394756
Dim_Near_20260114_211300_T13,1736911006.24,156,Dim,Near,4,4,1280,720,23.479538880533138,1,2,alice,3,1,0.8337750402138616,746.6883889505523,192.41090628548784,855.9317559953415,369.3359727690963,19327.88997729258,alice,0.852569381335437,chen,0.7198639017377069,0.13270547959773016,alice,alice,alice,2,1,1,0,0,16.775381678227212,6.499863927344252,7.284471191823292,30.559716797394756
Dim_Near_20260114_211300_T13,1736911006.24,156,Dim,Near,4,4,1280,720,23.479538880533138,1,3,bob,4,1,0.7170462178628934,1059.4595830773242,238.77598019275194,1154.8871345472658,426.35382882212684,17900.094804700584,chen,0.8237989212452562,bob,0.7843730239165324,0.039425897328723813,chen,chen,chen,2,0,0,1,0,16.775381678227212,6.499863927344252,7.284471191823292,30.559716797394756
Dim_Near_20260114_211300_T13,1736911006.28,157,Dim,Near,4,4,1280,720,25.555100830882356,2,0,diana,1,1,0.7962276527410341,112.17567817276439,195.525668653051,204.74515697721614,407.9993785362564,19668.58058353661,diana,0.942651676012676,chen,0.8073920286529301,0.13525964735974583,diana,diana,diana,3,1,1,0,0,29.419387761513896,19.379488706899682,7.840685842341603,56.63956231075518
Dim_Near_20260114_211300_T13,1736911006.28,157,Dim,Near,4,4,1280,720,25.555100830882356,2,1,chen,-1,0,-1.0,-1.0,-1.0,-1.0,-1.0,0.0,unknown,-1.0,unknown,-1.0,-1.0,unknown,unknown,unknown,0,0,0,0,1,29.419387761513896,19.379488706899682,7.840685842341603,56.63956231075518
Dim_Near_20260114_211300_T13,1736911006.28,157,Dim,Near,4,4,1280,720,25.555100830882356,2,2,alice,3,1,0.8017645592897366,747.9937492370415,231.38370835366055,864.6940559199442,363.2002321980843,15383.028758518405,alice,0.8300511415254207,bob,0.6925483322901904,0.13750280923523028,alice,alice,alice,2,1,1,0,0,29.419387761513896,19.379488706899682,7.840685842341603,56.63956231075518
Dim_Near_20260114_211300_T13,1736911006.28,157,Dim,Near,4,4,1280,720,25.555100830882356,2,3,bob,4,1,0.7794246146967869,1092.4359250075477,285.3240070310075,1172.7727883881616,445.8542569671118,12896.496757572624,bob,0.9487261069645183,alice,0.8696034323231604,0.07912267464135792,bob,bob,bob,1,1,1,0,0,29.419387761513896,19.379488706899682,7.840685842341603,56.63956231075518
Dim_Near_20260114_211300_T13,1736911006.32,158,Dim,Near,4,4,1280,720,24.03421274942866,0,0,diana,1,1,0.907510528327371,106.9927791016367,225.6049985680492,207.8812447486265,382.8907475213819,15868.317880039369,diana,0.8843425461084516,alice,0.773066129846259,0.11127641626219265,diana,diana,diana,2,1,1,0,0,13.64108225535434,8.099656742906499,7.007178248094725,28.747917246355563
Dim_Near_20260114_211300_T13,1736911006.32,158,Dim,Near,4,4,1280,720,24.03421274942866,0,1,chen,2,1,0.8078790753997007,447.4524463063573,262.22544850919405,533.4023844248584,410.06398557747525,12706.713112548501,chen,0.9443781303942995,bob,0.8518646450727035,0.09251348532159598,chen,chen,chen,3,1,1,0,0,13.64108225535434,8.099656742906499,7.007178248094725,28.747917246355563
Dim_Near_20260114_211300_T13,1736911006.32,158,Dim,Near,4,4,1280,720,24.03421274942866,0,2,alice,-1,0,-1.0,-1.0,-1.0,-1.0,-1.0,0.0,unknown,-1.0,unknown,-1.0,-1.0,unknown,unknown,unknown,0,0,0,0,1,13.64108225535434,8.099656742906499,7.007178248094725,28.747917246355563
Dim_Near_20260114_211300_T13,1736911006.32,158,Dim,Near,4,4,1280,720,24.03421274942866,0,3,bob,4,1,0.7195264456513439,1080.2039740022374,285.72161972207755,1170.3603911400169,476.1503396681744,17168.3711104737,bob,0.7714999083766048,chen,0.6933797503850615,0.07812015799154326,bob,bob,bob,1,1,1,0,0,13.64108225535434,8.099656742906499,7.007178248094725,28.747917246355563
Dim_Near_20260114_211300_T13,1736911006.36,159,Dim,Near,4,4,1280,720,24.972748588163764,3,0,diana,1,1,0.8574632891102121,87.23810832624432,283.63544369483725,204.4649389005987,413.9643285151276,15278.042099772721,diana,0.8825350848499638,chen,0.8148034718911532,0.06773161295881058,diana,diana,diana,1,1,1,0,0,17.453794110933064,12.084531202503184,3.6876029645040713,33.22592827794032
Dim_Near_20260114_211300_T13,1736911006.36,159,Dim,Near,4,4,1280,720,24.972748588163764,3,1,chen,2,1,0.7714968733803544,423.55389525484327,287.10600155571944,520.2322454366339,422.79651291629193,13118.334773663666,chen,0.8481730846257834,alice,0.7427294052806951,0.10544367934508836,chen,chen,chen,3,1,1,0,0,17.453794110933064,12.084531202503184,3.6876029645040713,33.22592827794032
Dim_Near_20260114_211300_T13,1736911006.36,159,Dim,Near,4,4,1280,720,24.972748588163764,3,2,alice,3,1,0.7844957390447155,736.2424737421906,283.2507721970441,830.8913272684562,487.8211877704496,19362.355299414543,alice,0.7522392489948628,chen,0.6273019855922431,0.12493726340261968,alice,alice,alice,2,1,1,0,0,17.453794110933064,12.084531202503184,3.6876029645040713,33.22592827794032
Dim_Near_20260114_211300_T13,1736911006.36,159,Dim,Near,4,4,1280,720,24.972748588163764,3,3,bob,4,1,0.6646454579861605,1090.091556186908,153.6702159914753,1179.0131259512711,350.79750614976405,17528.868084270118,bob,0.771388133887865,alice,0.6133554960124786,0.15803263787538635,bob,bob,bob,2,1,1,0,0,17.453794110933064,12.084531202503184,3.6876029645040713,33.22592827794032
Dim_Near_20260114_211300_T13,1736911006.4,160,Dim,Near,4,4,1280,720,25.975474397932206,1,0,diana,1,1,0.8278007997698481,109.86640892292276,222.82185900283093,212.88184695407006,427.2351495913417,21057.724669363637,diana,0.894554708706212,alice,0.819765768151473,0.07478894055473906,diana,diana,diana,3,1,1,0,0,16.1009443395652,12.339614587048867,5.428049086224867,33.86860801283893
Dim_Near_20260114_211300_T13,1736911006.4,160,Dim,Near,4,4,1280,720,25.975474397932206,1,1,chen,2,1,0.8205689833882633,444.1628548303069,251.92857984224207,543.8230377630057,405.6610460996662,15321.005709909829,chen,0.8490830605497703,alice,0.7277590113360952,0.12132404921367512,chen,chen,chen,2,1,1,0,0,16.1009443395652,12.339614587048867,5.428049086224867,33.86860801283893
Dim_Near_20260114_211300_T13,1736911006.4,160,Dim,Near,4,4,1280,720,25.975474397932206,1,2,alice,3,1,0.7641096939336351,732.7022640346744,264.0962888641764,838.3312148429974,394.55265955697956,13779.969562542454,alice,0.8165855536938328,chen,0.6687940377461145,0.14779151594771833,alice,alice,alice,2,1,1,0,0,16.1009443395652,12.339614587048867,5.428049086224867,33.86860801283893
Dim_Near_20260114_211300_T13,1736911006.4,160,Dim,Near,4,4,1280,720,25.975474397932206,1,3,bob,4,1,0.814463587155126,1090.6191510083727,259.4623378416839,1186.681925533026,392.19210957196555,12750.390134434758,bob,0.7701483242970707,chen,0.651588983261671,0.11855934103539967,bob,bob,bob,2,1,1,0,0,16.1009443395652,12.339614587048867,5.428049086224867,33.86860801283893
Dim_Near_20260114_211300_T13,1736911006.44,161,Dim,Near,4,4,1280,720,25.94751207312299,2,0,diana,1,1,0.8024838361565578,136.34541590729978,301.06457645137255,218.31109847027025,463.3046294083538,13298.116679671442,diana,0.9184367174487551,bob,0.780488299441915,0.1379484180068401,diana,diana,diana,1,1,1,0,0,12.745544032423435,8.945746602203693,12.989420764387797,34.680711399014925
Dim_Near_20260114_211300_T13,1736911006.44,161,Dim,Near,4,4,1280,720,25.94751207312299,2,1,chen,2,1,0.8289567931564301,398.44442938371895,178.03659187951786,518.0589192327241,321.9496134013254,17214.082651959903,chen,0.8808152297832803,alice,0.7928314852305826,0.08798374455269775,chen,chen,chen,2,1,1,0,0,12.745544032423435,8.945746602203693,12.989420764387797,34.680711399014925
Dim_Near_20260114_211300_T13,1736911006.44,161,Dim,Near,4,4,1280,720,25.94751207312299,2,2,alice,3,1,0.99,779.8157761026445,216.6871455938379,864.246226216818,348.6201401325747,11139.162113816341,alice,0.99,chen,0.8807450181616374,0.10925498183836257,alice,alice,alice,2,1,1,0,0,12.745544032423435,8.945746602203693,12.989420764387797,34.680711399014925
Dim_Near_20260114_211300_T13,1736911006.44,161,Dim,Near,4,4,1280,720,25.94751207312299,2,3,bob,4,1,0.8267634624192324,1070.5401662600098,230.13630972659837,1151.3478491652463,424.79422753867163,15729.855297551616,bob,0.7553654790220996,diana,0.6899127109510831,0.06545276807101652,bob,bob,bob,2,1,1,0,0,12.745544032423435,8.945746602203693,12.989420764387797,34.680711399014925
Dim_Near_20260114_211300_T13,1736911006.48,162,Dim,Near,4,4,1280,720,22.515966834235545,0,0,diana,1,1,0.7959896107880393,115.05411677502907,188.57882083356344,200.32965237154735,353.55679158831686,14068.584817738327,diana,0.88498353313446,alice,0.7951180804826036,0.08986545265185641,diana,diana,diana,2,1,1,0,0,22.113531562214725,14.71893093763914,9.615807801931947,46.44827030178581
Dim_Near_20260114_211300_T13,1736911006.48,162,Dim,Near,4,4,1280,720,22.515966834235545,0,1,chen,2,1,0.7163840505195023,463.32467367515864,185.56204064494312,548.1480697873938,375.52085776959285,16112.951989975794,chen,0.8516695341607097,diana,0.7269187669973824,0.12475076716332723,chen,chen,chen,1,1,1,0,0,22.113531562214725,14.71893093763914,9.615807801931947,46.44827030178581
Dim_Near_20260114_211300_T13,1736911006.48,162,Dim,Near,4,4,1280,720,22.515966834235545,0,2,alice,3,1,0.8709408361276374,744.5473968931451,221.66586611973784,867.4135010236519,421.9984460823233,24614.0836304161,alice,0.857681328906447,diana,0.683261405121443,0.17441992378500404,alice,alice,alice,3,1,1,0,0,22.113531562214725,14.71893093763914,9.615807801931947,46.44827030178581
Dim_Near_20260114_211300_T13,1736911006.48,162,Dim,Near,4,4,1280,720,22.515966834235545,0,3,bob,4,1,0.8022573198900794,1050.092272875302,222.62104684843274,1144.4154776836529,398.75599021447766,16613.612337022754,bob,0.9110098359487537,diana,0.8138124137975682,0.09719742215118554,bob,bob,bob,1,1,1,0,0,22.113531562214725,14.71893093763914,9.615807801931947,46.44827030178581
Dim_Near_20260114_211300_T13,1736911006.52,163,Dim,Near,4,4,1280,720,26.770387152377364,1,0,diana,-1,0,-1.0,-1.0,-1.0,-1.0,-1.0,0.0,unknown,-1.0,unknown,-1.0,-1.0,unknown,unknown,unknown,0,0,0,0,1,14.145943828127377,7.418637789324688,5.012126571274765,26.57670818872683
Dim_Near_20260114_211300_T13,1736911006.52,163,Dim,Near,4,4,1280,720,26.770387152377364,1,1,chen,2,1,0.8900472187350245,411.7740152331948,281.4255638810822,493.6286386339686,469.66301965384935,15408.106052199666,chen,0.8376677254493732,bob,0.7253630960536744,0.11230462939569874,chen,chen,chen,3,1,1,0,0,14.145943828127377,7.418637789324688,5.012126571274765,26.57670818872683
Dim_Near_20260114_211300_T13,1736911006.52,163,Dim,Near,4,4,1280,720,26.770387152377364,1,2,alice,3,1,0.7218214549570223,772.1950796086073,267.0875699066466,857.0503413343779,397.16110652696096,11037.423993513377,bob,0.85390716482174,alice,0.814385005895712,0.03952215892602795,bob,bob,bob,2,0,0,1,0,14.145943828127377,7.418637789324688,5.012126571274765,26.57670818872683
Dim_Near_20260114_211300_T13,1736911006.52,163,Dim,Near,4,4,1280,720,26.770387152377364,1,3,bob,4,1,0.7093650425546713,1067.4373063563314,261.85854863606073,1174.8699058086147,471.3593577809577,22507.216513792962,chen,0.6376306191897285,bob,0.5585657763146116,0.07906484287511695,unknown,unknown,unknown,0,0,0,0,0,14.145943828127377,7.418637789324688,5.012126571274765,26.57670818872683
Dim_Near_20260114_211300_T13,1736911006.56,164,Dim,Near,4,4,1280,720,23.937023700565728,1,0,diana,1,1,0.7501649633889718,69.93405292899051,229.50701406823742,168.3833719063589,411.6461827268676,17931.47711354618,diana,0.8748321069634621,alice,0.7161918849064213,0.15864022205704087,diana,diana,diana,3,1,1,0,0,12.648071305507392,10.692612224920458,7.120510896905765,30.461194427333616
Dim_Near_20260114_211300_T13,1736911006.56,164,Dim,Near,4,4,1280,720,23.937023700565728,1,1,chen,2,1,0.6604303620069684,411.8541109738507,260.74260674029915,528.6247081487525,449.44222454806413,22034.567058088443,chen,0.8216622915090397,alice,0.7068876101668955,0.11477468134214419,chen,chen,chen,3,1,1,0,0,12.648071305507392,10.692612224920458,7.120510896905765,30.461194427333616
Dim_Near_20260114_211300_T13,1736911006.56,164,Dim,Near,4,4,1280,720,23.937023700565728,1,2,alice,-1,0,-1.0,-1.0,-1.0,-1.0,-1.0,0.0,unknown,-1.0,unknown,-1.0,-1.0,unknown,unknown,unknown,0,0,0,0,1,12.648071305507392,10.692612224920458,7.120510896905765,30.461194427333616
Dim_Near_20260114_211300_T13,1736911006.56,164,Dim,Near,4,4,1280,720,23.937023700565728,1,3,bob,4,1,0.9062173869963766,1047.6196125510874,260.70932437445356,1159.8890945128937,436.49592484896857,19735.47057110083,bob,0.8238565151265913,diana,0.7169874085908143,0.10686910653577697,bob,bob,bob,2,1,1,0,0,12.648071305507392,10.692612224920458,7.120510896905765,30.461194427333616
Dim_Near_20260114_211300_T13,1736911006.6,165,Dim,Near,4,4,1280,720,24.860869923294306,0,0,diana,1,1,0.8395428939262888,130.56046660758756,244.28894690675833,218.225604382053,406.87318671405984,14252.969782663817,diana,0.8627990684705478,chen,0.7897315531580883,0.07306751531245947,diana,diana,diana,2,1,1,0,0,22.850936563711652,18.616700011989696,6.50831417891748,47.97595075461883
Dim_Near_20260114_211300_T13,1736911006.6,165,Dim,Near,4,4,1280,720,24.860869923294306,0,1,chen,2,1,0.6691168378415971,436.3046542865302,338.2964564479783,541.6427151993489,479.3850407736672,14861.997889802777,chen,0.8236862985586034,diana,0.7176419489327428,0.10604434962586062,chen,chen,chen,2,1,1,0,0,22.850936563711652,18.616700011989696,6.50831417891748,47.97595075461883
Dim_Near_20260114_211300_T13,1736911006.6,165,Dim,Near,4,4,1280,720,24.860869923294306,0,2,alice,3,1,0.8349609855639362,737.2273681978629,205.85252127126057,842.650481963954,418.677324881702,22436.65348326956,alice,0.8434201957493929,chen,0.6847164909299789,0.15870370481941398,alice,alice,alice,2,1,1,0,0,22.850936563711652,18.616700011989696,6.50831417891748,47.97595075461883
Dim_Near_20260114_211300_T13,1736911006.6,165,Dim,Near,4,4,1280,720,24.860869923294306,0,3,bob,4,1,0.7130060800485852,1061.2391492238614,340.58644204939924,1182.957729081462,486.3833645853514,17746.1943586847,bob,0.844715615575077,alice,0.6702233884607216,0.1744922271143554,bob,bob,bob,3,1,1,0,0,22.850936563711652,18.616700011989696,6.50831417891748,47.97595075461883
Dim_Near_20260114_211300_T13,1736911006.64,166,Dim,Near,4,4,1280,720,30.542031369052296,1,0,diana,1,1,0.6390311038044872,113.45649859537752,201.65823608859773,196.22884761809098,334.50955099338535,10996.415405425494,diana,0.6830007059406407,chen,0.6557888469286008,0.02721185901203982,unknown,unknown,unknown,0,0,0,0,0,12.542641115205905,6.904345303970807,10.532648403899245,29.97963482307596
Dim_Near_20260114_211300_T13,1736911006.64,166,Dim,Near,4,4,1280,720,30.542031369052296,1,1,chen,2,1,0.6962052279944224,454.60816500254975,240.8147580578697,550.1315713654509,395.86061347274364,14810.508251678619,chen,0.8562918331632088,bob,0.7430289355022297,0.11326289766097908,chen,chen,chen,2,1,1,0,0,12.542641115205905,6.904345303970807,10.532648403899245,29.97963482307596
Dim_Near_20260114_211300_T13,1736911006.64,166,Dim,Near,4,4,1280,720,30.542031369052296,1,2,alice,3,1,0.7339642342474851,745.0500561377231,260.273394841524,840.0673837208316,407.1959242877666,13960.18610973253,chen,0.7236780232722813,bob,0.6650608446677365,0.05861717860454474,unknown,unknown,unknown,0,0,0,0,0,12.542641115205905,6.904345303970807,10.532648403899245,29.97963482307596
Dim_Near_20260114_211300_T13,1736911006.64,166,Dim,Near,4,4,1280,720,30.542031369052296,1,3,bob,4,1,0.8020788504594345,1066.9070224912718,209.23141247674042,1177.1429028813152,361.41180149024535,16775.739161002995,bob,0.7667966213955097,diana,0.7009616368662422,0.0658349845292675,bob,bob,bob,2,1,1,0,0,12.542641115205905,6.904345303970807,10.532648403899245,29.97963482307596
Dim_Near_20260114_211300_T13,1736911006.68,167,Dim,Near,4,4,1280,720,27.775961471428793,0,0,diana,1,1,0.7849746983509687,118.8124371737797,276.88376278980263,221.3899300764972,466.16502487297134,19415.99731795365,bob,0.8941949564979076,diana,0.8077846655691365,0.08641029092877106,bob,bob,bob,2,0,0,1,0,15.984751569408003,6.345757142646411,8.322392899676757,30.65290161173117
Dim_Near_20260114_211300_T13,1736911006.68,167,Dim,Near,4,4,1280,720,27.775961471428793,0,1,chen,2,1,0.8248579608761213,442.34499309601057,264.7466757153769,554.0988993201544,463.56121796600905,22218.301710673222,chen,0.8075507774016952,alice,0.6610096262468333,0.14654115115486188,chen,chen,chen,2,1,1,0,0,15.984751569408003,6.345757142646411,8.322392899676757,30.65290161173117
Dim_Near_20260114_211300_T13,1736911006.68,167,Dim,Near,4,4,1280,720,27.775961471428793,0,2,alice,3,1,0.735000807383025,750.062973351539,291.51752884874776,843.3420747630881,507.02446398685726,20102.293257639863,alice,0.8031094797855182,chen,0.7252226668372875,0.07788681294823063,alice,alice,alice,1,1,1,0,0,15.984751569408003,6.345757142646411,8.322392899676757,30.65290161173117
Dim_Near_20260114_211300_T13,1736911006.68,167,Dim,Near,4,4,1280,720,27.775961471428793,0,3,bob,4,1,0.7514923359422919,1032.31554336914,267.4414882839724,1126.268652287572,477.2109953426751,19708.49734445209,bob,0.8874724243764414,chen,0.7765520974447927,0.11092032693164866,bob,bob,bob,3,1,1,0,0,15.984751569408003,6.345757142646411,8.322392899676757,30.65290161173117
Dim_Near_20260114_211300_T13,1736911006.72,168,Dim,Near,4,4,1280,720,26.916895035236255,1,0,diana,-1,0,-1.0,-1.0,-1.0,-1.0,-1.0,0.0,unknown,-1.0,unknown,-1.0,-1.0,unknown,unknown,unknown,0,0,0,0,1,14.409467880310078,7.9643603972948,11.5408518288395,33.91468010644438
Dim_Near_20260114_211300_T13,1736911006.72,168,Dim,Near,4,4,1280,720,26.916895035236255,1,1,chen,2,1,0.6751919853967041,430.6271873404017,237.26585347625434,555.6753637741888,390.80601908188174,19199.917718325385,chen,0.7043556965562172,bob,0.6423600680361204,0.06199562852009677,unknown,unknown,unknown,0,0,0,0,0,14.409467880310078,7.9643603972948,11.5408518288395,33.91468010644438
Dim_Near_20260114_211300_T13,1736911006.72,168,Dim,Near,4,4,1280,720,26.916895035236255,1,2,alice,3,1,0.8562647605153215,749.6848708986164,246.05521672654527,837.3201983450728,428.3412634974826,15974.697397691152,alice,0.9004600435264172,chen,0.8266731263038432,0.07378691722257402,alice,alice,alice,2,1,1,0,0,14.409467880310078,7.9643603972948,11.5408518288395,33.91468010644438
Dim_Near_20260114_211300_T13,1736911006.72,168,Dim,Near,4,4,1280,720,26.916895035236255,1,3,bob,4,1,0.7099425128234169,1030.071898642931,203.31857320108963,1148.391171023126,357.55745408394534,18249.43215879504,bob,0.906735340324602,diana,0.8113562458680488,0.09537909445655324,bob,bob,bob,2,1,1,0,0,14.409467880310078,7.9643603972948,11.5408518288395,33.91468010644438
Dim_Near_20260114_211300_T13,1736911006.76,169,Dim,Near,4,4,1280,720,23.360917216984163,2,0,diana,1,1,0.8953689116867898,107.066081727515,242.512249065183,187.50975344441207,444.7277301078724,16266.955773072528,diana,0.8728470932208363,bob,0.6953353830524054,0.17751171016843093,diana,diana,diana,2,1,1,0,0,19.821808961118755,7.893443726746522,9.658906103495578,37.374158791360856
Dim_Near_20260114_211300_T13,1736911006.76,169,Dim,Near,4,4,1280,720,23.360917216984163,2,1,chen,2,1,0.7450603301895221,395.32828700236115,165.39171259657405,512.6568538890571,367.0793646092761,23663.723169392964,chen,0.5885425261140362,diana,0.5683171414720852,0.020225384641951005,unknown,unknown,unknown,0,0,0,0,0,19.821808961118755,7.893443726746522,9.658906103495578,37.374158791360856
Dim_Near_20260114_211300_T13,1736911006.76,169,Dim,Near,4,4,1280,720,23.360917216984163,2,2,alice,3,1,0.7415693111125312,770.814827672733,311.0358524736539,861.7590339017594,448.4786227710679,12499.623646616714,alice,0.8733966205207875,chen,0.7826753215739971,0.09072129894679037,alice,alice,alice,3,1,1,0,0,19.821808961118755,7.893443726746522,9.658906103495578,37.374158791360856
Dim_Near_20260114_211300_T13,1736911006.76,169,Dim,Near,4,4,1280,720,23.360917216984163,2,3,bob,4,1,0.8500268139278422,1072.3116792496662,199.8533039621539,1190.6776444258176,378.84610331443446,21186.65545491389,bob,0.8748017412323102,chen,0.7871514180732985,0.08765032315901178,bob,bob,bob,2,1,1,0,0,19.821808961118755,7.893443726746522,9.658906103495578,37.374158791360856
Dim_Near_20260114_211300_T13,1736911006.8,170,Dim,Near,4,4,1280,720,25.62043137238097,0,0,diana,1,1,0.7052833047532685,105.890339764782,239.81713263688204,195.76561120134144,385.6932910787056,13110.659336081446,diana,0.99,bob,0.8506831494479623,0.13931685055203769,diana,diana,diana,2,1,1,0,0,20.08546341048317,13.394973330656896,5.520150564853282,39.00058730599335
Dim_Near_20260114_211300_T13,1736911006.8,170,Dim,Near,4,4,1280,720,25.62043137238097,0,1,chen,2,1,0.8547536238405575,421.0615185448927,262.54549997430206,534.9220110058953,458.8710237888346,22353.720824186978,chen,0.9680828369388863,alice,0.8960696007423192,0.07201323619656708,chen,chen,chen,3,1,1,0,0,20.08546341048317,13.394973330656896,5.520150564853282,39.00058730599335
Dim_Near_20260114_211300_T13,1736911006.8,170,Dim,Near,4,4,1280,720,25.62043137238097,0,2,alice,3,1,0.696611933851463,779.4693705529339,236.47208215458352,861.8754795941109,386.4599840995768,12359.919402536469,alice,0.8405074542858918,diana,0.7546858292192209,0.0858216250666709,alice,alice,alice,1,1,1,0,0,20.08546341048317,13.394973330656896,5.520150564853282,39.00058730599335
Dim_Near_20260114_211300_T13,1736911006.8,170,Dim,Near,4,4,1280,720,25.62043137238097,0,3,bob,4,1,0.8066806460214994,1069.4944343424763,131.5305987228624,1193.5688378515902,308.4565550274808,21951.982493775067,diana,0.7641009012149913,bob,0.6927606605540033,0.07134024066098799,unknown,unknown,unknown,0,0,0,0,0,20.08546341048317,13.394973330656896,5.520150564853282,39.00058730599335
Dim_Near_20260114_211300_T13,1736911006.84,171,Dim,Near,4,4,1280,720,24.487740824433672,1,0,diana,1,1,0.7932973504805324,108.71655782627866,212.47484176525535,199.69627524248986,414.07230614834583,18341.280341398273,diana,0.8811873078934176,chen,0.7879173409392873,0.09326996695413026,diana,diana,diana,1,1,1,0,0,14.526303977288856,12.967615585466215,6.454006478588459,33.94792604134353
Dim_Near_20260114_211300_T13,1736911006.84,171,Dim,Near,4,4,1280,720,24.487740824433672,1,1,chen,2,1,0.799142048011645,438.84348253251665,314.19417338589153,523.5116243089027,491.34752967582574,14999.245486518781,chen,0.8071211598635396,diana,0.743348864447491,0.06377229541604856,unknown,unknown,unknown,0,0,0,0,0,14.526303977288856,12.967615585466215,6.454006478588459,33.94792604134353
Dim_Near_20260114_211300_T13,1736911006.84,171,Dim,Near,4,4,1280,720,24.487740824433672,1,2,alice,3,1,0.7477295193828983,744.8176017752378,222.71360656500755,857.8802561151051,370.56950365478747,16716.980184772783,alice,0.8370615413335903,chen,0.7339510566529949,0.10311048468059547,alice,alice,alice,1,1,1,0,0,14.526303977288856,12.967615585466215,6.454006478588459,33.94792604134353
Dim_Near_20260114_211300_T13,1736911006.84,171,Dim,Near,4,4,1280,720,24.487740824433672,1,3,bob,4,1,0.9213821147436476,1068.9639425508933,233.38331946965795,1159.0053170303092,385.4151497107249,13689.154959526903,bob,0.8580100768593862,chen,0.7142600678457478,0.14375000901363844,bob,bob,bob,2,1,1,0,0,14.526303977288856,12.967615585466215,6.454006478588459,33.94792604134353
Dim_Near_20260114_211300_T13,1736911006.88,172,Dim,Near,4,4,1280,720,27.584397293578576,2,0,diana,1,1,0.7114815011866632,97.03637147785037,262.94831729443297,217.693354662756,455.4584440638366,23227.69112853999,diana,0.7944053911131829,chen,0.6272454713341421,0.16715991977904077,diana,diana,diana,2,1,1,0,0,12.728315116363282,10.234992414725014,6.872726039559943,29.836033570648237
Dim_Near_20260114_211300_T13,1736911006.88,172,Dim,Near,4,4,1280,720,27.584397293578576,2,1,chen,2,1,0.8171264302970749,413.6021993013107,209.8161827833034,503.9274803969766,407.9344293730758,17895.086313401644,chen,0.8916671206685451,diana,0.8269026363577132,0.06476448431083193,chen,chen,chen,3,1,1,0,0,12.728315116363282,10.234992414725014,6.872726039559943,29.836033570648237
Dim_Near_20260114_211300_T13,1736911006.88,172,Dim,Near,4,4,1280,720,27.584397293578576,2,2,alice,3,1,0.8031655816482338,771.6684030548513,293.12084019273146,856.1834225460461,476.3806147487672,15488.203418555331,alice,0.8343996956428402,bob,0.7428627481099387,0.09153694753290154,alice,alice,alice,1,1,1,0,0,12.728315116363282,10.234992414725014,6.872726039559943,29.836033570648237
Dim_Near_20260114_211300_T13,1736911006.88,172,Dim,Near,4,4,1280,720,27.584397293578576,2,3,bob,4,1,0.8276953290183489,1048.6136923833542,217.60336203920423,1173.9768325718046,426.9883096412278,26249.154539583822,bob,0.8488603822669117,alice,0.6938788930162836,0.15498148925062816,bob,bob,bob,2,1,1,0,0,12.728315116363282,10.234992414725014,6.872726039559943,29.836033570648237
Dim_Near_20260114_211300_T13,1736911006.92,173,Dim,Near,4,4,1280,720,23.466362988073772,3,0,diana,1,1,0.8452936854481315,129.11160464867226,309.8246214408939,224.4196864472715,446.63353623844944,13038.995242303015,bob,0.9381971153980525,diana,0.8639412237507818,0.07425589164727076,bob,bob,bob,2,0,0,1,0,16.35421099875535,14.923507201369041,10.806584090239944,42.084302290364334
Dim_Near_20260114_211300_T13,1736911006.92,173,Dim,Near,4,4,1280,720,23.466362988073772,3,1,chen,2,1,0.8940910824983889,470.4569034163398,268.548547569369,550.9143052368076,402.3688095441091,10766.83058942194,chen,0.7525985544510728,alice,0.5842708695767891,0.16832768487428373,chen,chen,chen,2,1,1,0,0,16.35421099875535,14.923507201369041,10.806584090239944,42.084302290364334
Dim_Near_20260114_211300_T13,1736911006.92,173,Dim,Near,4,4,1280,720,23.466362988073772,3,2,alice,3,1,0.763249884657596,769.1212647301433,233.6091573935696,861.270238483219,447.46165684244363,19706.288358743946,alice,0.8796892336717357,diana,0.7497296726469818,0.12995956102475392,alice,alice,alice,2,1,1,0,0,16.35421099875535,14.923507201369041,10.806584090239944,42.084302290364334
Dim_Near_20260114_211300_T13,1736911006.92,173,Dim,Near,4,4,1280,720,23.466362988073772,3,3,bob,4,1,0.8730769221460764,1066.2198692257218,227.1153705447473,1176.0925798465212,403.22950358824653,19350.13717612135,bob,0.8046871595857799,chen,0.7940292726231408,0.01065788696263903,unknown,unknown,unknown,0,0,0,0,0,16.35421099875535,14.923507201369041,10.806584090239944,42.084302290364334
Dim_Near_20260114_211300_T13,1736911006.96,174,Dim,Near,4,4,1280,720,22.11783599454444,1,0,diana,1,1,0.9820215509483987,104.74450531975322,213.196087412679,207.04449476361492,357.6244334743995,14775.018277508412,diana,0.8496901689224003,chen,0.7170950299403018,0.13259513898209851,diana,diana,diana,2,1,1,0,0,20.33378408844438,16.079583825263,19.052462178409343,55.465830092116725
Dim_Near_20260114_211300_T13,1736911006.96,174,Dim,Near,4,4,1280,720,22.11783599454444,1,1,chen,-1,0,-1.0,-1.0,-1.0,-1.0,-1.0,0.0,unknown,-1.0,unknown,-1.0,-1.0,unknown,unknown,unknown,0,0,0,0,1,20.33378408844438,16.079583825263,19.052462178409343,55.465830092116725
Dim_Near_20260114_211300_T13,1736911006.96,174,Dim,Near,4,4,1280,720,22.11783599454444,1,2,alice,3,1,0.7255649170996611,737.5670495898893,230.08083405152644,829.2746970570926,363.15210752300965,12203.653435534583,alice,0.8766186623943297,diana,0.7510881140388851,0.12553054835544464,alice,alice,alice,2,1,1,0,0,20.33378408844438,16.079583825263,19.052462178409343,55.465830092116725
Dim_Near_20260114_211300_T13,1736911006.96,174,Dim,Near,4,4,1280,720,22.11783599454444,1,3,bob,-1,0,-1.0,-1.0,-1.0,-1.0,-1.0,0.0,unknown,-1.0,unknown,-1.0,-1.0,unknown,unknown,unknown,0,0,0,0,1,20.33378408844438,16.079583825263,19.052462178409343,55.465830092116725
Dim_Near_20260114_211300_T13,1736911007.0,175,Dim,Near,4,4,1280,720,23.126150845106984,3,0,diana,1,1,0.9415977767952128,111.20398092007821,267.6704077134462,209.23184186696227,447.23101395053,17601.942139747054,diana,0.6702054172641354,bob,0.6408246404510098,0.029380776813125564,unknown,unknown,unknown,0,0,0,0,0,13.562049595107778,10.648422039482224,5.9567759607454285,30.167247595335432
Dim_Near_20260114_211300_T13,1736911007.0,175,Dim,Near,4,4,1280,720,23.126150845106984,3,1,chen,2,1,0.8589279625364874,441.07979318612115,189.05869294844317,535.9214858184026,367.0518593852996,16881.17318185086,chen,0.8661511631355888,bob,0.7339036091626678,0.13224755397292098,chen,chen,chen,2,1,1,0,0,13.562049595107778,10.648422039482224,5.9567759607454285,30.167247595335432
Dim_Near_20260114_211300_T13,1736911007.0,175,Dim,Near,4,4,1280,720,23.126150845106984,3,2,alice,-1,0,-1.0,-1.0,-1.0,-1.0,-1.0,0.0,unknown,-1.0,unknown,-1.0,-1.0,unknown,unknown,unknown,0,0,0,0,1,13.562049595107778,10.648422039482224,5.9567759607454285,30.167247595335432
Dim_Near_20260114_211300_T13,1736911007.0,175,Dim,Near,4,4,1280,720,23.126150845106984,3,3,bob,4,1,0.9103235067098465,1051.770107990641,298.61652794478084,1173.430059518294,430.8698918674892,16089.937844205746,bob,0.82486000296668,alice,0.6994760240629934,0.1253839789036867,bob,bob,bob,2,1,1,0,0,13.562049595107778,10.648422039482224,5.9567759607454285,30.167247595335432
Dim_Near_20260114_211300_T13,1736911007.04,176,Dim,Near,4,4,1280,720,27.27926246123541,3,0,diana,1,1,0.6749816349205529,137.16415382340494,211.5924965472012,264.1651812451773,348.5559383190058,17394.497824241276,diana,0.7986861252809795,bob,0.6593521556174187,0.13933396966356082,diana,diana,diana,2,1,1,0,0,15.314212455325908,10.954575928067515,4.743776834132985,31.012565217526408
Dim_Near_20260114_211300_T13,1736911007.04,176,Dim,Near,4,4,1280,720,27.27926246123541,3,1,chen,2,1,0.8020729878510473,409.1656672519393,170.08276673822988,505.9947565722594,350.3928197244571,17459.25822595505,chen,0.732227329806159,alice,0.6598050682330344,0.07242226157312459,unknown,unknown,unknown,0,0,0,0,0,15.314212455325908,10.954575928067515,4.743776834132985,31.012565217526408
Dim_Near_20260114_211300_T13,1736911007.04,176,Dim,Near,4,4,1280,720,27.27926246123541,3,2,alice,3,1,0.8895420508815879,721.0703979225045,246.05086490130924,826.8813099647691,414.8836279517387,17864.348640981487,alice,0.8356499189543909,bob,0.7081766913175553,0.12747322763683555,alice,alice,alice,1,1,1,0,0,15.314212455325908,10.954575928067515,4.743776834132985,31.012565217526408
Dim_Near_20260114_211300_T13,1736911007.04,176,Dim,Near,4,4,1280,720,27.27926246123541,3,3,bob,4,1,0.7827170644554522,1045.4358762684935,219.5807056324084,1133.766895304206,407.7203996298909,16618.570891864732,bob,0.8260593405651188,alice,0.664702802700875,0.16135653786424375,bob,bob,bob,2,1,1,0,0,15.314212455325908,10.954575928067515,4.743776834132985,31.012565217526408
Dim_Near_20260114_211300_T13,1736911007.08,177,Dim,Near,4,4,1280,720,25.50490562375116,1,0,diana,1,1,0.6716508854460351,74.61403054559553,191.01864222913065,193.5068881264031,383.54337762851566,22889.815946621748,diana,0.892946461499661,chen,0.7674984795590032,0.12544798194065776,diana,diana,diana,3,1,1,0,0,19.645486192440515,10.767047586092628,7.139635958512445,37.55216973704559
Dim_Near_20260114_211300_T13,1736911007.08,177,Dim,Near,4,4,1280,720,25.50490562375116,1,1,chen,2,1,0.6593205552158827,403.9845507547565,257.9621032100961,515.6037264341467,428.9363570270066,19084.005273442373,chen,0.9158459936546899,alice,0.7807229702241922,0.13512302343049765,chen,chen,chen,2,1,1,0,0,19.645486192440515,10.767047586092628,7.139635958512445,37.55216973704559
Dim_Near_20260114_211300_T13,1736911007.08,177,Dim,Near,4,4,1280,720,25.50490562375116,1,2,alice,3,1,0.6939077978928243,749.6504884159225,225.93119888877212,840.4783696520766,398.81706846342513,15702.85722913581,alice,0.7870813642672494,diana,0.6237227816360355,0.16335858263121394,alice,alice,alice,1,1,1,0,0,19.645486192440515,10.767047586092628,7.139635958512445,37.55216973704559
Dim_Near_20260114_211300_T13,1736911007.08,177,Dim,Near,4,4,1280,720,25.50490562375116,1,3,bob,4,1,0.8010537499291005,1043.8800142694352,245.67376608048434,1163.7881768187247,438.1269159570385,23076.703578520628,bob,0.770849111836578,alice,0.5927374420689278,0.17811166976765025,bob,bob,bob,1,1,1,0,0,19.645486192440515,10.767047586092628,7.139635958512445,37.55216973704559
Dim_Near_20260114_211300_T13,1736911007.12,178,Dim,Near,4,4,1280,720,22.987496795755007,2,0,diana,1,1,0.8160605587019666,110.7221320113749,251.3619231312251,202.514105915001,423.70801975707104,15819.988403871475,alice,0.7518090424618737,diana,0.7149433121397809,0.03686573032209284,alice,alice,alice,1,0,0,1,0,14.597165055118607,12.973301321478864,5.989708855658797,33.56017523225627
Dim_Near_20260114_211300_T13,1736911007.12,178,Dim,Near,4,4,1280,720,22.987496795755007,2,1,chen,2,1,0.8209971471631597,452.38500873124246,249.2964879002431,547.8076393203287,389.875848849267,13414.452428288523,chen,0.9083254385945504,diana,0.8413663670795014,0.06695907151504898,chen,chen,chen,3,1,1,0,0,14.597165055118607,12.973301321478864,5.989708855658797,33.56017523225627
Dim_Near_20260114_211300_T13,1736911007.12,178,Dim,Near,4,4,1280,720,22.987496795755007,2,2,alice,3,1,0.8608339792320876,743.9751035347135,175.90373922825384,843.0722809737229,353.8850142349356,17637.441990158262,alice,0.8731950752056001,diana,0.7260639803466371,0.14713109485896303,alice,alice,alice,1,1,1,0,0,14.597165055118607,12.973301321478864,5.989708855658797,33.56017523225627
Dim_Near_20260114_211300_T13,1736911007.12,178,Dim,Near,4,4,1280,720,22.987496795755007,2,3,bob,4,1,0.7217099260027722,1089.65288104146,218.66275095244754,1197.7152402753816,407.9257119280813,20452.202078624618,bob,0.8750539979957642,diana,0.7766597488164527,0.0983942491793115,bob,bob,bob,3,1,1,0,0,14.597165055118607,12.973301321478864,5.989708855658797,33.56017523225627
Dim_Near_20260114_211300_T13,1736911007.16,179,Dim,Near,4,4,1280,720,21.84193936596318,1,0,diana,1,1,0.7557947091983543,85.07468529682968,204.08553263369896,175.74570390184152,417.8365321704014,19381.020855832227,diana,0.8080284762032882,bob,0.7403256493864353,0.06770282681685291,diana,diana,diana,2,1,1,0,0,23.227277273420853,16.342657594360784,6.62074218809553,46.19067705587717
Dim_Near_20260114_211300_T13,1736911007.16,179,Dim,Near,4,4,1280,720,21.84193936596318,1,1,chen,2,1,0.8069208044339512,430.07539032357045,237.40385698599727,541.8820484173183,389.990041148487,17060.151322485133,chen,0.7664110460986989,alice,0.6215742139933715,0.14483683210532738,chen,chen,chen,2,1,1,0,0,23.227277273420853,16.342657594360784,6.62074218809553,46.19067705587717
Dim_Near_20260114_211300_T13,1736911007.16,179,Dim,Near,4,4,1280,720,21.84193936596318,1,2,alice,3,1,0.8331627572588446,761.8835397882,218.6893749195851,856.4762132528875,429.71138182673496,19961.135793231068,alice,0.8861978447259253,chen,0.7712632470256585,0.11493459770026682,alice,alice,alice,2,1,1,0,0,23.227277273420853,16.342657594360784,6.62074218809553,46.19067705587717
Dim_Near_20260114_211300_T13,1736911007.16,179,Dim,Near,4,4,1280,720,21.84193936596318,1,3,bob,4,1,0.837639687460294,1040.9769436131483,243.90498345884203,1143.255343990595,445.8672123235865,20656.37370494988,bob,0.8495707418536403,chen,0.7138928614987028,0.13567788035493755,bob,bob,bob,1,1,1,0,0,23.227277273420853,16.342657594360784,6.62074218809553,46.19067705587717
Dim_Near_20260114_211300_T13,1736911007.2,180,Dim,Near,4,4,1280,720,23.47769312059081,2,0,diana,1,1,0.7802185869429984,124.9458200580174,225.67347089768813,247.10328044831581,375.95515216769195,18358.028527127943,diana,0.8104378741007442,bob,0.7426816084257246,0.06775626567501958,diana,diana,diana,1,1,1,0,0,10.447406319562758,6.628038445319867,5.763865677315327,22.839310442197952
Dim_Near_20260114_211300_T13,1736911007.2,180,Dim,Near,4,4,1280,720,23.47769312059081,2,1,chen,2,1,0.7126287850533217,444.3457838841642,184.0796994640104,539.6024311379942,399.76146778334936,20545.122123877572,chen,0.7998279726494294,bob,0.6770156095487071,0.1228123631007223,chen,chen,chen,2,1,1,0,0,10.447406319562758,6.628038445319867,5.763865677315327,22.839310442197952
Dim_Near_20260114_211300_T13,1736911007.2,180,Dim,Near,4,4,1280,720,23.47769312059081,2,2,alice,3,1,0.8501575608038512,722.7833572569552,202.83548350500973,825.9415086852175,388.9778623857793,19202.103707799397,chen,0.7593109161274744,alice,0.7402363296935057,0.019074586433968643,unknown,unknown,unknown,0,0,0,0,0,10.447406319562758,6.628038445319867,5.763865677315327,22.839310442197952
Dim_Near_20260114_211300_T13,1736911007.2,180,Dim,Near,4,4,1280,720,23.47769312059081,2,3,bob,4,1,0.9359839436295253,1080.314072226916,239.93069772499774,1162.4907340357133,370.69595807962804,10745.852576501775,bob,0.9048177396776218,diana,0.7323840520375687,0.17243368764005307,bob,bob,bob,2,1,1,0,0,10.447406319562758,6.628038445319867,5.763865677315327,22.839310442197952
Dim_Near_20260114_211300_T13,1736911007.24,181,Dim,Near,4,4,1280,720,21.17648906410072,0,0,diana,1,1,0.9025458451083977,92.81019860523044,240.845153747023,220.43756576692726,452.3218854434981,26990.218482381675,diana,0.8893483834050551,alice,0.7257228301574836,0.16362555324757144,diana,diana,diana,2,1,1,0,0,16.177753228845297,7.202927269261319,12.005898287384351,35.38657878549097
Dim_Near_20260114_211300_T13,1736911007.24,181,Dim,Near,4,4,1280,720,21.17648906410072,0,1,chen,2,1,0.8020339161890372,401.1796121142144,172.31101245481148,504.9072886368153,343.5654702985961,17763.827006273477,chen,0.7827786501895461,alice,0.631880906763257,0.15089774342628903,chen,chen,chen,3,1,1,0,0,16.177753228845297,7.202927269261319,12.005898287384351,35.38657878549097
Dim_Near_20260114_211300_T13,1736911007.24,181,Dim,Near,4,4,1280,720,21.17648906410072,0,2,alice,3,1,0.6933712224602703,757.4997077059708,313.4556724398335,861.133690971273,473.74664117974726,16611.591571971312,alice,0.870648708916002,bob,0.7975759826121891,0.0730727263038129,alice,alice,alice,2,1,1,0,0,16.177753228845297,7.202927269261319,12.005898287384351,35.38657878549097
Dim_Near_20260114_211300_T13,1736911007.24,181,Dim,Near,4,4,1280,720,21.17648906410072,0,3,bob,4,1,0.6476559115972729,1030.5225202386207,297.1680459670546,1132.4260950780592,458.85507937623413,16476.486709579127,bob,0.8505677749177403,diana,0.7244615625108777,0.1261062124068626,bob,bob,bob,3,1,1,0,0,16.177753228845297,7.202927269261319,12.005898287384351,35.38657878549097
Dim_Near_20260114_211300_T13,1736911007.28,182,Dim,Near,4,4,1280,720,26.378758669700552,1,0,diana,1,1,0.7147535935859757,132.8194337207897,278.00164024806656,219.76835652524855,471.8503321191662,16854.934945245568,diana,0.8860946818560573,alice,0.7935242459738594,0.09257043588219793,diana,diana,diana,2,1,1,0,0,13.395093594128276,12.01261109563466,12.761216914887136,38.16892160465007
Dim_Near_20260114_211300_T13,1736911007.28,182,Dim,Near,4,4,1280,720,26.378758669700552,1,1,chen,2,1,0.8113777090932047,414.0013486992033,135.58872011667304,530.2186776557006,330.8471757319352,22692.416167776555,chen,0.8380036382963056,diana,0.7534943746569771,0.08450926363932854,chen,chen,chen,1,1,1,0,0,13.395093594128276,12.01261109563466,12.761216914887136,38.16892160465007
Dim_Near_20260114_211300_T13,1736911007.28,182,Dim,Near,4,4,1280,720,26.378758669700552,1,2,alice,3,1,0.5977574957463766,773.863982871253,203.99174301937236,866.983270483702,354.166313046999,13984.148978478419,alice,0.8466166755479048,diana,0.7524184187347677,0.0941982568131371,alice,alice,alice,3,1,1,0,0,13.395093594128276,12.01261109563466,12.761216914887136,38.16892160465007
Dim_Near_20260114_211300_T13,1736911007.28,182,Dim,Near,4,4,1280,720,26.378758669700552,1,3,bob,4,1,0.6498629822428377,1024.0242577780473,275.2576375587345,1138.4409333248386,410.57626117732593,15482.707054006754,bob,0.9241810097420633,chen,0.7709885904631057,0.15319241927895755,bob,bob,bob,2,1,1,0,0,13.395093594128276,12.01261109563466,12.761216914887136,38.16892160465007
Dim_Near_20260114_211300_T13,1736911007.32,183,Dim,Near,4,4,1280,720,26.91218250187293,1,0,diana,1,1,0.8398304736421932,88.57896338085854,236.2610473357811,199.65605113994238,427.3623048186415,21226.971148294964,diana,0.8943481271875934,alice,0.8029786442802961,0.0913694829072973,diana,diana,diana,2,1,1,0,0,8.28702116201701,4.383967681225197,9.16740957677843,21.83839842002064
Dim_Near_20260114_211300_T13,1736911007.32,183,Dim,Near,4,4,1280,720,26.91218250187293,1,1,chen,2,1,0.823457321754199,424.35407311276606,315.9290001102788,518.3179165753785,483.365916494864,15733.016201023687,chen,0.8066743427582245,alice,0.7202886283581643,0.08638571440006015,chen,chen,chen,2,1,1,0,0,8.28702116201701,4.383967681225197,9.16740957677843,21.83839842002064
Dim_Near_20260114_211300_T13,1736911007.32,183,Dim,Near,4,4,1280,720,26.91218250187293,1,2,alice,3,1,0.7809239419610846,755.6405693928052,281.8469422013141,874.2042369567791,442.10102026904684,19000.311237793787,alice,0.8022562099232567,diana,0.7410159424649861,0.0612402674582706,alice,alice,alice,2,1,1,0,0,8.28702116201701,4.383967681225197,9.16740957677843,21.83839842002064
Dim_Near_20260114_211300_T13,1736911007.32,183,Dim,Near,4,4,1280,720,26.91218250187293,1,3,bob,4,1,0.8090698639776147,1082.5593330271977,240.01987397215396,1196.255276574198,433.2425215457098,21968.631230524938,bob,0.788839306262134,chen,0.6941269126485656,0.09471239361356842,bob,bob,bob,3,1,1,0,0,8.28702116201701,4.383967681225197,9.16740957677843,21.83839842002064
Dim_Near_20260114_211300_T13,1736911007.36,184,Dim,Near,4,4,1280,720,22.363437674702215,1,0,diana,1,1,0.673472327743804,112.07897574180907,225.17551907210054,213.70392218303323,385.0819769537587,16250.485217829379,diana,0.8913833280269537,alice,0.8294153379568256,0.0619679900701281,diana,diana,diana,2,1,1,0,0,8.83794112848301,4.755043720243376,8.674388249643542,22.267373098369927
Dim_Near_20260114_211300_T13,1736911007.36,184,Dim,Near,4,4,1280,720,22.363437674702215,1,1,chen,2,1,0.6734929857054324,382.7850081159442,160.47201642972624,510.32762123671426,370.8633876988719,26833.865269728944,chen,0.892874091145455,diana,0.7552275343225097,0.13764655682294535,chen,chen,chen,2,1,1,0,0,8.83794112848301,4.755043720243376,8.674388249643542,22.267373098369927
Dim_Near_20260114_211300_T13,1736911007.36,184,Dim,Near,4,4,1280,720,22.363437674702215,1,2,alice,3,1,0.7839953980688225,771.3611307212335,121.86698361549246,875.4685812715751,332.7077047576714,21950.089950307753,alice,0.9095503080648965,chen,0.7675357416050481,0.14201456645984833,alice,alice,alice,1,1,1,0,0,8.83794112848301,4.755043720243376,8.674388249643542,22.267373098369927
Dim_Near_20260114_211300_T13,1736911007.36,184,Dim,Near,4,4,1280,720,22.363437674702215,1,3,bob,4,1,0.8101122689637242,1063.472442453125,288.47658943831743,1178.0505951807927,475.97787659210553,21483.551116141003,bob,0.8318543410536039,alice,0.6915887720789518,0.14026556897465214,bob,bob,bob,2,1,1,0,0,8.83794112848301,4.755043720243376,8.674388249643542,22.267373098369927
Dim_Near_20260114_211300_T13,1736911007.4,185,Dim,Near,4,4,1280,720,21.535277610815985,1,0,diana,1,1,0.8804336118910865,104.83775548959918,228.5871814032654,229.54613327332063,372.8626946601014,17992.36521217382,diana,0.8676383575593678,chen,0.6939165305053481,0.17372182705401973,diana,diana,diana,3,1,1,0,0,17.626354292107017,10.760091526790752,5.611256882432727,33.997702701330496
Dim_Near_20260114_211300_T13,1736911007.4,185,Dim,Near,4,4,1280,720,21.535277610815985,1,1,chen,2,1,0.681169556204918,416.07278383962546,214.2154978086196,525.7698337891923,416.5987603827049,22200.84686354573,chen,0.8217695414205985,bob,0.6946221745030183,0.12714736691758022,chen,chen,chen,2,1,1,0,0,17.626354292107017,10.760091526790752,5.611256882432727,33.997702701330496
Dim_Near_20260114_211300_T13,1736911007.4,185,Dim,Near,4,4,1280,720,21.535277610815985,1,2,alice,3,1,0.7688570795694993,751.8268120564096,291.7415005631463,859.0873016401977,437.09943806148414,15591.163540961381,alice,0.6392944879645787,diana,0.5755802679986189,0.06371421996595972,unknown,unknown,unknown,0,0,0,0,0,17.626354292107017,10.760091526790752,5.611256882432727,33.997702701330496
Dim_Near_20260114_211300_T13,1736911007.4,185,Dim,Near,4,4,1280,720,21.535277610815985,1,3,bob,4,1,0.7962599754342852,1091.0162281151756,204.75248108890142,1200.6146775544366,404.09287978547536,21847.39860774859,bob,0.79146492953634,alice,0.6158232628304691,0.1756416667058709,bob,bob,bob,2,1,1,0,0,17.626354292107017,10.760091526790752,5.611256882432727,33.997702701330496
Dim_Near_20260114_211300_T13,1736911007.44,186,Dim,Near,4,4,1280,720,20.942431643464026,2,0,diana,1,1,0.7373794917246193,127.60605152384503,208.3512154261783,208.81864434929,363.46025799591825,12596.807517760903,diana,0.8696039048600891,alice,0.7167790081854204,0.1528248966746687,diana,diana,diana,1,1,1,0,0,21.210801262801432,15.518087822193515,3.3248467670090847,40.05373585200403
Dim_Near_20260114_211300_T13,1736911007.44,186,Dim,Near,4,4,1280,720,20.942431643464026,2,1,chen,2,1,0.6090721975402782,408.64366151981557,175.4221520994239,535.2539355669812,376.56041779818827,25466.17094149218,chen,0.8881419724309845,bob,0.7479826945752405,0.140159277855744,chen,chen,chen,2,1,1,0,0,21.210801262801432,15.518087822193515,3.3248467670090847,40.05373585200403
Dim_Near_20260114_211300_T13,1736911007.44,186,Dim,Near,4,4,1280,720,20.942431643464026,2,2,alice,3,1,0.7588157934648654,738.1663897871359,272.95021166871607,834.2042397200395,403.3145110038603,12519.907016156698,diana,0.6737760516035042,bob,0.6241871198915694,0.04958893171193479,unknown,unknown,unknown,0,0,0,0,0,21.210801262801432,15.518087822193515,3.3248467670090847,40.05373585200403
Dim_Near_20260114_211300_T13,1736911007.44,186,Dim,Near,4,4,1280,720,20.942431643464026,2,3,bob,4,1,0.7776567168543731,1084.777472849652,215.0940405507258,1200.4658884914147,410.31289169240836,22584.55959198638,bob,0.8611407731862768,alice,0.7880322189273679,0.07310855425890894,bob,bob,bob,2,1,1,0,0,21.210801262801432,15.518087822193515,3.3248467670090847,40.05373585200403
Dim_Near_20260114_211300_T13,1736911007.48,187,Dim,Near,4,4,1280,720,26.864631335370436,1,0,diana,1,1,0.8867521400305687,101.28411168078551,190.2790510808814,192.71422697895306,326.8590244911299,12487.522716319678,diana,0.9028420127175618,bob,0.7671238202341718,0.13571819248339,diana,diana,diana,1,1,1,0,0,20.130780868039245,10.406515071555743,8.991079664773773,39.52837560436876
Dim_Near_20260114_211300_T13,1736911007.48,187,Dim,Near,4,4,1280,720,26.864631335370436,1,1,chen,2,1,0.787940134229419,420.8487305069216,200.1616569384321,503.5152682460774,382.07620830326937,15038.246125702924,chen,0.8603796609470511,diana,0.7659025504134763,0.09447711053357477,chen,chen,chen,2,1,1,0,0,20.130780868039245,10.406515071555743,8.991079664773773,39.52837560436876
Dim_Near_20260114_211300_T13,1736911007.48,187,Dim,Near,4,4,1280,720,26.864631335370436,1,2,alice,3,1,0.6902163641240107,767.364670871781,149.51827873538352,872.1440888074818,294.1807125391431,15157.645611119782,alice,0.864569706856257,diana,0.7065891605039682,0.15798054635228875,alice,alice,alice,2,1,1,0,0,20.130780868039245,10.406515071555743,8.991079664773773,39.52837560436876
Dim_Near_20260114_211300_T13,1736911007.48,187,Dim,Near,4,4,1280,720,26.864631335370436,1,3,bob,4,1,0.7690429497358267,1058.7330855620266,223.07473838470702,1154.2705002514695,401.58883268850303,17054.77505541206,bob,0.8546238936227344,diana,0.6768834624317004,0.177740431191034,bob,bob,bob,3,1,1,0,0,20.130780868039245,10.406515071555743,8.991079664773773,39.52837560436876
Dim_Near_20260114_211300_T13,1736911007.52,188,Dim,Near,4,4,1280,720,28.065838408807465,1,0,diana,1,1,0.6997463178531667,149.42896783313319,218.14284320621837,242.20150508332586,394.2196297220544,16335.090235934618,diana,0.736773844832532,alice,0.643498090723815,0.09327575410871702,diana,diana,diana,1,1,1,0,0,15.843684933323129,12.215747682416833,10.947774380639938,39.0072069963799
Dim_Near_20260114_211300_T13,1736911007.52,188,Dim,Near,4,4,1280,720,28.065838408807465,1,1,chen,2,1,0.8579472337781956,412.779212286817,119.94825417349875,500.24749070213625,293.7005080501048,15197.810517368207,chen,0.8491007083448818,bob,0.7419530116328065,0.10714769671207536,chen,chen,chen,3,1,1,0,0,15.843684933323129,12.215747682416833,10.947774380639938,39.0072069963799
Dim_Near_20260114_211300_T13,1736911007.52,188,Dim,Near,4,4,1280,720,28.065838408807465,1,2,alice,3,1,0.6638586211244513,750.6656657146527,245.37503884476322,841.4747026418506,396.5905047584305,13731.730828117645,alice,0.7950210486100817,bob,0.7096314631643555,0.08538958544572617,alice,alice,alice,2,1,1,0,0,15.843684933323129,12.215747682416833,10.947774380639938,39.0072069963799
Dim_Near_20260114_211300_T13,1736911007.52,188,Dim,Near,4,4,1280,720,28.065838408807465,1,3,bob,4,1,0.8311894129556313,1058.3312529100472,238.5969422537338,1179.409434484081,412.4761898493871,21052.98311234289,bob,0.8726998541324891,chen,0.7425802194084679,0.13011963472402122,bob,bob,bob,3,1,1,0,0,15.843684933323129,12.215747682416833,10.947774380639938,39.0072069963799
Dim_Near_20260114_211300_T13,1736911007.56,189,Dim,Near,4,4,1280,720,23.830470235702943,0,0,diana,1,1,0.7647070469128312,128.14118182197936,201.5716446621775,214.57839485779576,380.4406779761264,15460.940738068339,diana,0.8016519948572584,bob,0.7231935627969746,0.0784584320602838,diana,diana,diana,1,1,1,0,0,15.155130992109179,11.22254972582083,5.920744978883551,32.29842569681356
Dim_Near_20260114_211300_T13,1736911007.56,189,Dim,Near,4,4,1280,720,23.830470235702943,0,1,chen,2,1,0.7507678549592837,378.36014090237364,170.61470492661596,495.86678087404715,377.6137684439662,24323.76443120685,chen,0.8043676465813411,bob,0.7372314931082208,0.0671361534731203,chen,chen,chen,2,1,1,0,0,15.155130992109179,11.22254972582083,5.920744978883551,32.29842569681356
Dim_Near_20260114_211300_T13,1736911007.56,189,Dim,Near,4,4,1280,720,23.830470235702943,0,2,alice,3,1,0.7915559701001157,764.0830474251798,217.3246296656664,867.2636460928413,422.2857470429368,21148.01079457961,alice,0.99,diana,0.887592587449254,0.10240741255074604,alice,alice,alice,3,1,1,0,0,15.155130992109179,11.22254972582083,5.920744978883551,32.29842569681356
Dim_Near_20260114_211300_T13,1736911007.56,189,Dim,Near,4,4,1280,720,23.830470235702943,0,3,bob,4,1,0.8484987425761383,1080.1936671521394,243.44113795737508,1180.6381524311732,378.4548176498141,13561.379562335387,bob,0.7598091548635666,alice,0.6195340724829701,0.1402750823805965,bob,bob,bob,2,1,1,0,0,15.155130992109179,11.22254972582083,5.920744978883551,32.29842569681356
Dim_Near_20260114_211300_T13,1736911007.6,190,Dim,Near,4,4,1280,720,25.203161667921133,1,0,diana,1,1,0.7603641305520698,109.2589167479001,281.0063171287487,205.0917336170948,473.5437414159186,18451.40372217879,diana,0.9495863915286299,chen,0.8078546895092121,0.14173170201941776,diana,diana,diana,2,1,1,0,0,12.268959583606687,7.154627214072999,10.65913962894011,30.082726426619796
Dim_Near_20260114_211300_T13,1736911007.6,190,Dim,Near,4,4,1280,720,25.203161667921133,1,1,chen,-1,0,-1.0,-1.0,-1.0,-1.0,-1.0,0.0,unknown,-1.0,unknown,-1.0,-1.0,unknown,unknown,unknown,0,0,0,0,1,12.268959583606687,7.154627214072999,10.65913962894011,30.082726426619796
Dim_Near_20260114_211300_T13,1736911007.6,190,Dim,Near,4,4,1280,720,25.203161667921133,1,2,alice,3,1,0.8535355618076261,740.518775250709,215.68971258888877,862.7528154815486,355.91631689279626,17140.464391917852,alice,0.879334573589881,chen,0.72840906189885,0.15092551169103097,alice,alice,alice,2,1,1,0,0,12.268959583606687,7.154627214072999,10.65913962894011,30.082726426619796
Dim_Near_20260114_211300_T13,1736911007.6,190,Dim,Near,4,4,1280,720,25.203161667921133,1,3,bob,4,1,0.7224450772248339,1054.8461360686988,233.22990905404146,1157.908740513249,370.52495463444046,14149.984974849165,chen,0.6878458820651998,bob,0.6620999885419833,0.025745893523216545,chen,chen,chen,2,0,0,1,0,12.268959583606687,7.154627214072999,10.65913962894011,30.082726426619796
Dim_Near_20260114_211300_T13,1736911007.64,191,Dim,Near,4,4,1280,720,28.89668854122868,1,0,diana,1,1,0.8695417159970238,108.8575148574812,236.2826397731776,203.12823949324144,451.88546659532835,20325.034718042472,diana,0.8484320469889749,alice,0.7234910820845728,0.1249409649044021,diana,diana,diana,3,1,1,0,0,22.08433160408506,11.602965650587675,8.23495956015199,41.92225681482473
Dim_Near_20260114_211300_T13,1736911007.64,191,Dim,Near,4,4,1280,720,28.89668854122868,1,1,chen,2,1,0.7891059010366347,455.9584696520788,245.18592807652536,540.2938985422157,422.2918719469668,14936.3057353062,chen,0.9126860917280887,bob,0.8453846243170942,0.06730146741099452,chen,chen,chen,2,1,1,0,0,22.08433160408506,11.602965650587675,8.23495956015199,41.92225681482473
Dim_Near_20260114_211300_T13,1736911007.64,191,Dim,Near,4,4,1280,720,28.89668854122868,1,2,alice,3,1,0.7785217985346864,749.2133125095105,334.65640437113393,842.6740788331016,475.26610451014164,13141.490327522013,alice,0.8802214287739433,bob,0.7271525477964382,0.15306888097750504,alice,alice,alice,2,1,1,0,0,22.08433160408506,11.602965650587675,8.23495956015199,41.92225681482473
Dim_Near_20260114_211300_T13,1736911007.64,191,Dim,Near,4,4,1280,720,28.89668854122868,1,3,bob,4,1,0.7408681759602812,1076.4030398381337,281.92432123502846,1196.282273725937,493.3283699732936,25342.95540352307,bob,0.9011044687455084,alice,0.7441670359367414,0.15693743280876704,bob,bob,bob,2,1,1,0,0,22.08433160408506,11.602965650587675,8.23495956015199,41.92225681482473
Dim_Near_20260114_211300_T13,1736911007.68,192,Dim,Near,4,4,1280,720,25.0338082201826,1,0,diana,1,1,0.7410067932763009,130.5524008788761,241.44505073255783,221.39935313647723,391.9867178404713,13676.251644532293,diana,0.820486158810114,bob,0.708482161132787,0.11200399767732705,diana,diana,diana,2,1,1,0,0,25.252818124810176,12.087180018886134,8.637524697931074,45.97752284162738
Dim_Near_20260114_211300_T13,1736911007.68,192,Dim,Near,4,4,1280,720,25.0338082201826,1,1,chen,2,1,0.7608161093789263,422.46410553024805,290.28476352280774,544.3238942076545,446.548042646997,19042.210172112274,chen,0.8405304321098284,diana,0.707423457539631,0.13310697457019738,chen,chen,chen,2,1,1,0,0,25.252818124810176,12.087180018886134,8.637524697931074,45.97752284162738
Dim_Near_20260114_211300_T13,1736911007.68,192,Dim,Near,4,4,1280,720,25.0338082201826,1,2,alice,3,1,0.8759128109657787,757.1357054566037,200.34391536209483,865.7917213960365,357.9755634051307,17127.626862323163,alice,0.7846424977512416,chen,0.6050097075588592,0.17963279019238243,alice,alice,alice,2,1,1,0,0,25.252818124810176,12.087180018886134,8.637524697931074,45.97752284162738
Dim_Near_20260114_211300_T13,1736911007.68,192,Dim,Near,4,4,1280,720,25.0338082201826,1,3,bob,4,1,0.7202685131540028,1062.8772169112456,251.95741632779763,1166.7636232644747,428.1716196941835,18306.260336130927,bob,0.7693672002021045,alice,0.6598598211858865,0.10950737901621799,bob,bob,bob,1,1,1,0,0,25.252818124810176,12.087180018886134,8.637524697931074,45.97752284162738
Dim_Near_20260114_211300_T13,1736911007.72,193,Dim,Near,4,4,1280,720,22.93599565076564,2,0,diana,1,1,0.6396175514596931,127.32525875425266,230.22519108224685,241.15235204082205,444.98628034670503,24445.630542030736,diana,0.9106946490260581,chen,0.7894674309953604,0.12122721803069769,diana,diana,diana,3,1,1,0,0,17.21652353506944,8.3279482676203,9.512412492084444,35.056884294774186
Dim_Near_20260114_211300_T13,1736911007.72,193,Dim,Near,4,4,1280,720,22.93599565076564,2,1,chen,2,1,0.8045705735091734,440.8177270330073,243.8854429538972,557.7030111722443,457.6874674743528,24990.310385617555,alice,0.6893553464533808,diana,0.64789459852025,0.041460747933130815,unknown,unknown,unknown,0,0,0,0,0,17.21652353506944,8.3279482676203,9.512412492084444,35.056884294774186
Dim_Near_20260114_211300_T13,1736911007.72,193,Dim,Near,4,4,1280,720,22.93599565076564,2,2,alice,3,1,0.6952885382512864,755.7766857123352,306.92784569736955,866.9487222431505,450.4535297031547,15956.04258540141,alice,0.970091000489899,chen,0.8065453611641895,0.16354563932570954,alice,alice,alice,3,1,1,0,0,17.21652353506944,8.3279482676203,9.512412492084444,35.056884294774186
Dim_Near_20260114_211300_T13,1736911007.72,193,Dim,Near,4,4,1280,720,22.93599565076564,2,3,bob,4,1,0.8386544717392096,1043.8643340799072,208.5023177770307,1171.57481866422,404.4930820605932,25030.075480703592,bob,0.7776503104759424,diana,0.7048059141590106,0.07284439631693174,bob,bob,bob,3,1,1,0,0,17.21652353506944,8.3279482676203,9.512412492084444,35.056884294774186
Dim_Near_20260114_211300_T13,1736911007.76,194,Dim,Near,4,4,1280,720,26.200625551590644,0,0,diana,1,1,0.958938296230753,113.36641038614651,229.98011630971658,199.27880091468808,440.5259553251301,18088.49634565165,diana,0.9054126530036816,chen,0.7506266797220065,0.1547859732816751,diana,diana,diana,2,1,1,0,0,6.987853789250544,4.6754217689983255,6.380409374148628,18.043684932397497
Dim_Near_20260114_211300_T13,1736911007.76,194,Dim,Near,4,4,1280,720,26.200625551590644,0,1,chen,2,1,0.7827608127440402,413.84234969068484,209.88756237117155,503.2413620057981,395.20559751850584,16567.249306349135,bob,0.8811394558687196,chen,0.8021442805858953,0.07899517528282429,bob,bob,bob,1,0,0,1,0,6.987853789250544,4.6754217689983255,6.380409374148628,18.043684932397497
Dim_Near_20260114_211300_T13,1736911007.76,194,Dim,Near,4,4,1280,720,26.200625551590644,0,2,alice,3,1,0.9707680507446748,785.8719924142445,197.55982565559984,874.5988424145378,374.9508752234864,15739.349046404468,alice,0.865948199849178,chen,0.7341582278223522,0.13178997202682585,alice,alice,alice,3,1,1,0,0,6.987853789250544,4.6754217689983255,6.380409374148628,18.043684932397497
Dim_Near_20260114_211300_T13,1736911007.76,194,Dim,Near,4,4,1280,720,26.200625551590644,0,3,bob,4,1,0.7335629121949198,1044.1098881725127,331.2755333776712,1154.2417105672582,489.5014632127097,17425.710002835935,bob,0.8822742259172146,alice,0.7294074345987561,0.15286679131845848,bob,bob,bob,1,1,1,0,0,6.987853789250544,4.6754217689983255,6.380409374148628,18.043684932397497
Dim_Near_20260114_211300_T13,1736911007.8,195,Dim,Near,4,4,1280,720,26.923521615419673,2,0,diana,1,1,0.9129181726306512,155.46713661628215,266.6238439084871,236.24089555959821,476.11283078237165,16921.212927030654,diana,0.9285658766241708,alice,0.8110443875543688,0.11752148906980198,diana,diana,diana,1,1,1,0,0,5.580502369041762,4.909560648762848,2.308446525760673,12.798509543565283
Dim_Near_20260114_211300_T13,1736911007.8,195,Dim,Near,4,4,1280,720,26.923521615419673,2,1,chen,2,1,0.6886814096265392,441.0773735924538,225.9740942605368,557.7631493359477,437.5986858266704,24693.579633294354,chen,0.8565131936703166,bob,0.7738153391770194,0.08269785449329725,chen,chen,chen,2,1,1,0,0,5.580502369041762,4.909560648762848,2.308446525760673,12.798509543565283
Dim_Near_20260114_211300_T13,1736911007.8,195,Dim,Near,4,4,1280,720,26.923521615419673,2,2,alice,3,1,0.8676371698858891,750.0333577047509,197.14430818831636,867.2070585662168,373.35899081395553,20647.726509374803,alice,0.9512644943106059,diana,0.7863678461502353,0.16489664816037064,alice,alice,alice,1,1,1,0,0,5.580502369041762,4.909560648762848,2.308446525760673,12.798509543565283
Dim_Near_20260114_211300_T13,1736911007.8,195,Dim,Near,4,4,1280,720,26.923521615419673,2,3,bob,4,1,0.7939674616024803,1076.0236686558692,154.56264046874492,1163.3187897994362,285.4241389206875,11423.570360391035,bob,0.8939273237444554,chen,0.7853643498418762,0.10856297390257919,bob,bob,bob,3,1,1,0,0,5.580502369041762,4.909560648762848,2.308446525760673,12.798509543565283
Dim_Near_20260114_211300_T13,1736911007.84,196,Dim,Near,4,4,1280,720,25.52693413232036,4,0,diana,1,1,0.7441066337654794,92.50202875199433,281.5215217579712,219.85151085249197,465.45103943059985,23423.32881860359,diana,0.8165713265459946,bob,0.6464596777465254,0.17011164879946927,diana,diana,diana,2,1,1,0,0,19.864258141587346,11.472681846421931,7.605885145605839,38.942825133615116
Dim_Near_20260114_211300_T13,1736911007.84,196,Dim,Near,4,4,1280,720,25.52693413232036,4,1,chen,2,1,0.9069810276529722,429.67866113944774,351.351880937925,548.9125529928338,541.0193872250131,22614.79493273608,chen,0.8050200681803864,alice,0.6318549939135778,0.1731650742668086,chen,chen,chen,2,1,1,0,0,19.864258141587346,11.472681846421931,7.605885145605839,38.942825133615116
Dim_Near_20260114_211300_T13,1736911007.84,196,Dim,Near,4,4,1280,720,25.52693413232036,4,2,alice,3,1,0.7894538954267842,755.4896842181739,214.1128283664691,862.2402497838235,416.2865944809754,21582.16387526091,alice,0.8732145002976198,bob,0.8121146171017876,0.06109988319583226,alice,alice,alice,1,1,1,0,0,19.864258141587346,11.472681846421931,7.605885145605839,38.942825133615116
Dim_Near_20260114_211300_T13,1736911007.84,196,Dim,Near,4,4,1280,720,25.52693413232036,4,3,bob,4,1,0.8312202495234299,1053.855461248484,305.1089528186063,1163.2567557449038,439.5224581526543,14705.011481346264,bob,0.8166870236153598,chen,0.6482756677665953,0.16841135584876454,bob,bob,bob,2,1,1,0,0,19.864258141587346,11.472681846421931,7.605885145605839,38.942825133615116
Dim_Near_20260114_211300_T13,1736911007.88,197,Dim,Near,4,4,1280,720,24.17315233711081,0,0,diana,1,1,0.8939738776549382,81.88234843535325,201.02504511069088,187.19358907639673,359.04766666904146,16641.558325660004,diana,0.9647604200864004,chen,0.8251614242139023,0.13959899587249813,diana,diana,diana,2,1,1,0,0,15.34652779045012,7.891178312494023,9.850083738662637,33.08778984160678
Dim_Near_20260114_211300_T13,1736911007.88,197,Dim,Near,4,4,1280,720,24.17315233711081,0,1,chen,2,1,0.9333092094624486,437.11066934991794,239.21156849672198,526.6403185193099,378.7142826131949,12489.629053025796,chen,0.7445172096043641,bob,0.6080907972003381,0.13642641240402598,chen,chen,chen,3,1,1,0,0,15.34652779045012,7.891178312494023,9.850083738662637,33.08778984160678
Dim_Near_20260114_211300_T13,1736911007.88,197,Dim,Near,4,4,1280,720,24.17315233711081,0,2,alice,3,1,0.7117731129101758,766.3858025912394,162.19182720674848,889.7945001585985,368.65997465792327,25479.965166094917,alice,0.8092811153532457,bob,0.7465430553058862,0.06273806004735949,alice,alice,alice,3,1,1,0,0,15.34652779045012,7.891178312494023,9.850083738662637,33.08778984160678
Dim_Near_20260114_211300_T13,1736911007.88,197,Dim,Near,4,4,1280,720,24.17315233711081,0,3,bob,4,1,0.8547522592528571,1065.9406167428556,250.88924925708505,1168.4976682299052,417.2351233107541,17059.94236998041,bob,0.9185364924766796,diana,0.7542946459126944,0.16424184656398522,bob,bob,bob,1,1,1,0,0,15.34652779045012,7.891178312494023,9.850083738662637,33.08778984160678
Dim_Near_20260114_211300_T13,1736911007.92,198,Dim,Near,4,4,1280,720,26.670279090417136,0,0,diana,1,1,0.7999364504677011,111.33801237654458,256.55066414250535,194.10652732587252,412.08651577514814,12873.471461012847,diana,0.8698785442443188,chen,0.7921136319535568,0.07776491229076199,diana,diana,diana,2,1,1,0,0,14.31528259914686,13.969853618702656,9.43136450855125,37.71650072640077
Dim_Near_20260114_211300_T13,1736911007.92,198,Dim,Near,4,4,1280,720,26.670279090417136,0,1,chen,2,1,0.7014379774700116,457.4797702893351,145.95645780881065,540.8839209048109,300.99462020039084,12930.826247253954,chen,0.8247969677590785,diana,0.7052175733874577,0.1195793943716208,chen,chen,chen,2,1,1,0,0,14.31528259914686,13.969853618702656,9.43136450855125,37.71650072640077
Dim_Near_20260114_211300_T13,1736911007.92,198,Dim,Near,4,4,1280,720,26.670279090417136,0,2,alice,3,1,0.828261277967052,763.3626579592477,263.6084596702271,884.2262383847789,404.4910677901169,17027.57643705689,diana,0.6318717113241029,chen,0.5760576245942715,0.05581408672983146,unknown,unknown,unknown,0,0,0,0,0,14.31528259914686,13.969853618702656,9.43136450855125,37.71650072640077
Dim_Near_20260114_211300_T13,1736911007.92,198,Dim,Near,4,4,1280,720,26.670279090417136,0,3,bob,4,1,0.9167035895909823,1074.3474617196496,194.97618810378708,1192.1176765624134,355.84350422279954,18945.378380514903,bob,0.8143991294831816,chen,0.6860692225269551,0.12832990695622648,bob,bob,bob,2,1,1,0,0,14.31528259914686,13.969853618702656,9.43136450855125,37.71650072640077
Dim_Near_20260114_211300_T13,1736911007.96,199,Dim,Near,4,4,1280,720,25.3579279635068,1,0,diana,1,1,0.9020020047837767,114.54951808009963,154.62859309605548,220.9765936729935,292.4194819909469,14664.681348428649,alice,0.7403672427600771,diana,0.710582693516877,0.029784549243200176,unknown,unknown,unknown,0,0,0,0,0,8.074650219772032,4.344047446395447,7.5134919389001595,19.932189605067638
Dim_Near_20260114_211300_T13,1736911007.96,199,Dim,Near,4,4,1280,720,25.3579279635068,1,1,chen,2,1,0.6837375895734045,439.7181659533755,229.66601815687014,533.2516000416487,428.0462617623622,18555.185439689863,chen,0.8244380873578471,bob,0.6950595877495456,0.1293784996083015,chen,chen,chen,2,1,1,0,0,8.074650219772032,4.344047446395447,7.5134919389001595,19.932189605067638
Dim_Near_20260114_211300_T13,1736911007.96,199,Dim,Near,4,4,1280,720,25.3579279635068,1,2,alice,3,1,0.8116116214475924,772.2450318567471,307.0224947368096,860.4725317243513,456.78239696106374,13212.94175366279,alice,0.8194379098925161,diana,0.741419279069685,0.07801863082283111,alice,alice,alice,2,1,1,0,0,8.074650219772032,4.344047446395447,7.5134919389001595,19.932189605067638
Dim_Near_20260114_211300_T13,1736911007.96,199,Dim,Near,4,4,1280,720,25.3579279635068,1,3,bob,4,1,0.731094002337751,1061.626152082851,321.879933670008,1178.6334961513892,472.40424958622,17612.45042308957,bob,0.9283334534857224,alice,0.8608160707799912,0.06751738270573115,bob,bob,bob,1,1,1,0,0,8.074650219772032,4.344047446395447,7.5134919389001595,19.932189605067638
Dim_Near_20260114_211300_T13,1736911008.0,200,Dim,Near,4,4,1280,720,23.02851606769184,1,0,diana,1,1,0.845684076255083,131.98079674214156,329.0286210685524,215.80113411988808,488.5833795852502,13373.933689094483,diana,0.7978511532549759,alice,0.6638853791421339,0.13396577411284205,diana,diana,diana,2,1,1,0,0,14.933092061432147,13.870437659734273,7.234955554775587,36.03848527594201
Dim_Near_20260114_211300_T13,1736911008.0,200,Dim,Near,4,4,1280,720,23.02851606769184,1,1,chen,2,1,0.7776600477980015,411.48620020218056,275.52990634641037,494.47019576884014,463.3813802829935,15588.665880343884,chen,0.8386637643528525,diana,0.7736790653400993,0.06498469901275317,chen,chen,chen,2,1,1,0,0,14.933092061432147,13.870437659734273,7.234955554775587,36.03848527594201
Dim_Near_20260114_211300_T13,1736911008.0,200,Dim,Near,4,4,1280,720,23.02851606769184,1,2,alice,3,1,0.8093176843238057,752.7165704885034,190.19267671891748,852.9017557149156,360.81174671614065,17093.503130829984,alice,0.810351416907365,chen,0.6851238874408974,0.12522752946646765,alice,alice,alice,2,1,1,0,0,14.933092061432147,13.870437659734273,7.234955554775587,36.03848527594201
Dim_Near_20260114_211300_T13,1736911008.0,200,Dim,Near,4,4,1280,720,23.02851606769184,1,3,bob,4,1,0.8311314656568417,1086.769540678438,189.71341100222259,1171.3754874647072,389.6105545966636,16912.48709367849,bob,0.9079604871030673,diana,0.754271979180735,0.15368850792233235,bob,bob,bob,3,1,1,0,0,14.933092061432147,13.870437659734273,7.234955554775587,36.03848527594201
Dim_Near_20260114_211300_T13,1736911008.04,201,Dim,Near,4,4,1280,720,26.0468639247806,1,0,diana,1,1,0.8412296119084636,91.76041826522992,218.36624027225156,183.02383112788618,348.70065115042456,11894.763150185781,diana,0.6586932453055916,bob,0.6212585762889461,0.037434669016645494,unknown,unknown,unknown,0,0,0,0,0,18.056153675590263,14.406418547323453,6.558042327996835,39.02061455091055
Dim_Near_20260114_211300_T13,1736911008.04,201,Dim,Near,4,4,1280,720,26.0468639247806,1,1,chen,2,1,0.7257584898354387,423.11513548377485,170.7642156304287,525.9688657802283,350.8887304704781,18526.478269137962,chen,0.9118110661502475,alice,0.8414954746771091,0.07031559147313848,chen,chen,chen,1,1,1,0,0,18.056153675590263,14.406418547323453,6.558042327996835,39.02061455091055
Dim_Near_20260114_211300_T13,1736911008.04,201,Dim,Near,4,4,1280,720,26.0468639247806,1,2,alice,3,1,0.7660071755998448,760.8887836845965,229.6304387270008,849.9596977733399,368.7551302978092,12391.963450526398,bob,0.8622559158768673,alice,0.7979103153979428,0.06434560047892457,bob,bob,bob,1,0,0,1,0,18.056153675590263,14.406418547323453,6.558042327996835,39.02061455091055
Dim_Near_20260114_211300_T13,1736911008.04,201,Dim,Near,4,4,1280,720,26.0468639247806,1,3,bob,4,1,0.6722514960239976,1055.6391529194948,218.47951937525528,1172.709023557661,352.56442536854723,15697.302599165381,bob,0.8454223593010872,chen,0.6903307330922432,0.15509162620884398,bob,bob,bob,1,1,1,0,0,18.056153675590263,14.406418547323453,6.558042327996835,39.02061455091055
Dim_Near_20260114_211300_T13,1736911008.08,202,Dim,Near,4,4,1280,720,25.479135626608397,1,0,diana,1,1,0.6832538334757934,106.29520955035966,250.2871248879194,213.49555169402518,421.73965480156403,18379.769868139752,diana,0.8900405894362319,alice,0.8203225163871605,0.0697180730490714,diana,diana,diana,2,1,1,0,0,12.929829162548035,8.336440690953708,11.34493401754126,32.611203871043
Dim_Near_20260114_211300_T13,1736911008.08,202,Dim,Near,4,4,1280,720,25.479135626608397,1,1,chen,2,1,0.8519595985448373,431.99590928796994,335.95320824590675,559.6284995981498,496.37092139658256,20474.52826105616,bob,0.7846000452934507,chen,0.7722086220979326,0.012391423195518114,unknown,unknown,unknown,0,0,0,0,0,12.929829162548035,8.336440690953708,11.34493401754126,32.611203871043
Dim_Near_20260114_211300_T13,1736911008.08,202,Dim,Near,4,4,1280,720,25.479135626608397,1,2,alice,3,1,0.8742290993139039,780.8310192174326,224.464151474758,863.3421178926637,369.6339953263793,11978.123310709016,alice,0.9482187204754247,chen,0.7843289046613586,0.16388981581406603,alice,alice,alice,2,1,1,0,0,12.929829162548035,8.336440690953708,11.34493401754126,32.611203871043
Dim_Near_20260114_211300_T13,1736911008.08,202,Dim,Near,4,4,1280,720,25.479135626608397,1,3,bob,4,1,0.8537497390313241,1080.5191945453548,247.23544885638137,1172.9492915037445,455.0929918409763,19212.29285159875,bob,0.8527892253633502,chen,0.7013504294722792,0.151438795891071,bob,bob,bob,3,1,1,0,0,12.929829162548035,8.336440690953708,11.34493401754126,32.611203871043
Dim_Near_20260114_211300_T13,1736911008.12,203,Dim,Near,4,4,1280,720,24.40601153415861,4,0,diana,1,1,0.7473665462222489,126.57710197885339,250.86593103707776,247.20353901638376,404.6691606002221,18552.73558706746,diana,0.9304412683968577,bob,0.859418440440672,0.07102282795618575,diana,diana,diana,1,1,1,0,0,20.626126761650074,19.690922216863385,13.872829875417523,54.18987885393098
Dim_Near_20260114_211300_T13,1736911008.12,203,Dim,Near,4,4,1280,720,24.40601153415861,4,1,chen,2,1,0.8403730551102877,432.24585187460536,238.04176299324882,556.3516326937859,380.8896257705738,17728.245548331062,chen,0.9100144833728926,bob,0.8401637501171407,0.06985073325575186,chen,chen,chen,1,1,1,0,0,20.626126761650074,19.690922216863385,13.872829875417523,54.18987885393098
Dim_Near_20260114_211300_T13,1736911008.12,203,Dim,Near,4,4,1280,720,24.40601153415861,4,2,alice,3,1,0.7280985060544264,721.5701025952682,271.2593492791092,839.9398424647599,444.1115989617439,20460.475830789896,alice,0.775815920169799,chen,0.6416512233283851,0.13416469684141386,alice,alice,alice,2,1,1,0,0,20.626126761650074,19.690922216863385,13.872829875417523,54.18987885393098
Dim_Near_20260114_211300_T13,1736911008.12,203,Dim,Near,4,4,1280,720,24.40601153415861,4,3,bob,4,1,0.7913906581308097,1048.2354544304758,268.8690882756578,1154.6853122466928,411.70891804081083,15205.279568993177,bob,0.8316332296785414,diana,0.6944548336110827,0.13717839606745863,bob,bob,bob,1,1,1,0,0,20.626126761650074,19.690922216863385,13.872829875417523,54.18987885393098
Dim_Near_20260114_211300_T13,1736911008.16,204,Dim,Near,4,4,1280,720,24.531571327724095,0,0,diana,1,1,0.832479010225078,79.90485684855992,254.76298745379069,196.31169473488586,390.23137213825277,15769.446294686619,diana,0.8767957272973218,bob,0.7816083091631232,0.09518741813419862,diana,diana,diana,2,1,1,0,0,14.877605182543086,11.494696249145006,7.269730983011685,33.64203241469978
Dim_Near_20260114_211300_T13,1736911008.16,204,Dim,Near,4,4,1280,720,24.531571327724095,0,1,chen,2,1,0.7922915960420622,416.55478416139965,256.1651802631952,543.734086277857,398.19258468738997,18062.94617608094,chen,0.8674503210424834,diana,0.7294082620090059,0.13804205903347755,chen,chen,chen,1,1,1,0,0,14.877605182543086,11.494696249145006,7.269730983011685,33.64203241469978
Dim_Near_20260114_211300_T13,1736911008.16,204,Dim,Near,4,4,1280,720,24.531571327724095,0,2,alice,3,1,0.7648851088460688,732.0303800138912,248.69441034985766,837.250106675673,383.6316376110234,14198.058168918591,alice,0.9347593586104461,diana,0.8151520205667759,0.11960733804367019,alice,alice,alice,2,1,1,0,0,14.877605182543086,11.494696249145006,7.269730983011685,33.64203241469978
Dim_Near_20260114_211300_T13,1736911008.16,204,Dim,Near,4,4,1280,720,24.531571327724095,0,3,bob,4,1,0.7884012886139172,1078.3141473917271,236.5679894370017,1175.5215093031343,448.4371845104917,20595.24552338726,bob,0.8000747297987146,diana,0.6584886758318391,0.1415860539668755,bob,bob,bob,3,1,1,0,0,14.877605182543086,11.494696249145006,7.269730983011685,33.64203241469978
Dim_Near_20260114_211300_T13,1736911008.2,205,Dim,Near,4,4,1280,720,24.431571746180683,1,0,diana,1,1,0.7813184112727438,68.65083146242067,302.4745434779993,164.9188767531591,453.40030584623344,14529.328127204391,diana,0.7675123518123311,chen,0.6784067584695779,0.08910559334275325,diana,diana,diana,3,1,1,0,0,19.3146380665902,12.68658831119605,13.992382818893002,45.99360919667925
Dim_Near_20260114_211300_T13,1736911008.2,205,Dim,Near,4,4,1280,720,24.431571746180683,1,1,chen,-1,0,-1.0,-1.0,-1.0,-1.0,-1.0,0.0,unknown,-1.0,unknown,-1.0,-1.0,unknown,unknown,unknown,0,0,0,0,1,19.3146380665902,12.68658831119605,13.992382818893002,45.99360919667925
Dim_Near_20260114_211300_T13,1736911008.2,205,Dim,Near,4,4,1280,720,24.431571746180683,1,2,alice,3,1,0.6515413071971838,737.9605318766716,190.34569993918117,856.9059310285508,334.37846539239706,17132.034777781762,chen,0.7419208832502424,alice,0.719427997917337,0.022492885332905388,chen,chen,chen,1,0,0,1,0,19.3146380665902,12.68658831119605,13.992382818893002,45.99360919667925
Dim_Near_20260114_211300_T13,1736911008.2,205,Dim,Near,4,4,1280,720,24.431571746180683,1,3,bob,4,1,0.8088650180779662,1082.8161035696344,148.95389743795153,1184.4005143039544,339.99555131277583,19406.853834583955,bob,0.8821916865871889,alice,0.7372683601605186,0.14492332642667038,bob,bob,bob,3,1,1,0,0,19.3146380665902,12.68658831119605,13.992382818893002,45.99360919667925
Dim_Near_20260114_211300_T13,1736911008.24,206,Dim,Near,4,4,1280,720,24.047207863628888,1,0,diana,1,1,0.8411605420026638,102.43756147839254,227.15935232636178,195.5926675226762,423.87393429501725,18324.96774374703,diana,0.893710161125556,alice,0.8034759073640444,0.09023425376151162,diana,diana,diana,2,1,1,0,0,13.857659409957455,9.71998742256528,2.2784223686260745,25.85606920114881
Dim_Near_20260114_211300_T13,1736911008.24,206,Dim,Near,4,4,1280,720,24.047207863628888,1,1,chen,2,1,0.811608484955761,431.54043342946204,175.88483689566783,557.1524319381698,384.53898101626635,26209.464040112314,chen,0.7972980184596615,bob,0.6979339394766454,0.09936407898301614,chen,chen,chen,2,1,1,0,0,13.857659409957455,9.71998742256528,2.2784223686260745,25.85606920114881
Dim_Near_20260114_211300_T13,1736911008.24,206,Dim,Near,4,4,1280,720,24.047207863628888,1,2,alice,3,1,0.8260311684744521,761.8767226671538,163.43551087332168,865.4589203281381,318.1909385691226,16029.907300696617,alice,0.8508208176686749,bob,0.6849573541132044,0.16586346355547055,alice,alice,alice,2,1,1,0,0,13.857659409957455,9.71998742256528,2.2784223686260745,25.85606920114881
Dim_Near_20260114_211300_T13,1736911008.24,206,Dim,Near,4,4,1280,720,24.047207863628888,1,3,bob,4,1,0.9326854365560602,1075.88626813408,249.21808875324933,1194.0016913742295,400.8185726036285,17906.35531339899,bob,0.8532308892702383,alice,0.748155720885909,0.10507516838432929,bob,bob,bob,3,1,1,0,0,13.857659409957455,9.71998742256528,2.2784223686260745,25.85606920114881
Dim_Near_20260114_211300_T13,1736911008.28,207,Dim,Near,4,4,1280,720,22.851932931848122,1,0,diana,1,1,0.7953030877487745,110.3276395915423,328.06465203642017,198.14551599094918,509.3688553359341,15921.75011604965,diana,0.7948496943672501,chen,0.618727498785766,0.176122195581484,diana,diana,diana,1,1,1,0,0,15.762486992498982,11.478915433269368,3.2242224250866798,30.46562485085503
Dim_Near_20260114_211300_T13,1736911008.28,207,Dim,Near,4,4,1280,720,22.851932931848122,1,1,chen,2,1,0.6824406935221421,443.58291538920946,313.47148597637425,531.3866777995407,525.4004890548028,18608.16383415671,chen,0.8070284139142689,diana,0.671539115847854,0.13548929806641496,chen,chen,chen,2,1,1,0,0,15.762486992498982,11.478915433269368,3.2242224250866798,30.46562485085503
Dim_Near_20260114_211300_T13,1736911008.28,207,Dim,Near,4,4,1280,720,22.851932931848122,1,2,alice,3,1,0.7810311364005237,746.7053256584118,202.8180067533434,826.8870280837373,370.406142558983,13437.502035182832,alice,0.8973548132684603,bob,0.8321159869234737,0.06523882634498668,alice,alice,alice,2,1,1,0,0,15.762486992498982,11.478915433269368,3.2242224250866798,30.46562485085503
Dim_Near_20260114_211300_T13,1736911008.28,207,Dim,Near,4,4,1280,720,22.851932931848122,1,3,bob,4,1,0.8793299951932586,1044.6158464643881,252.4601135275493,1168.3626544549043,444.6774631145437,23786.283451787705,bob,0.810495775206486,chen,0.6566856169222434,0.1538101582842426,bob,bob,bob,2,1,1,0,0,15.762486992498982,11.478915433269368,3.2242224250866798,30.46562485085503
Dim_Near_20260114_211300_T13,1736911008.32,208,Dim,Near,4,4,1280,720,22.78241867654249,1,0,diana,1,1,0.7982861892299427,100.98370189723708,198.3577794996521,192.28522250580647,338.4888201974444,12794.177100169758,diana,0.9463085236344932,alice,0.822183181473048,0.12412534216144522,diana,diana,diana,2,1,1,0,0,14.625554916902296,11.796509228247949,7.747675498791267,34.16973964394151
Dim_Near_20260114_211300_T13,1736911008.32,208,Dim,Near,4,4,1280,720,22.78241867654249,1,1,chen,2,1,0.7396700579851839,434.7759779090507,240.02938169514985,550.0699673613024,388.8952619064611,17163.341222883075,chen,0.8265480893314873,alice,0.7604861642286369,0.06606192510285036,chen,chen,chen,2,1,1,0,0,14.625554916902296,11.796509228247949,7.747675498791267,34.16973964394151
Dim_Near_20260114_211300_T13,1736911008.32,208,Dim,Near,4,4,1280,720,22.78241867654249,1,2,alice,3,1,0.8462901820356178,759.9761982526063,181.09631037572515,849.8298764799345,336.78630799110033,13989.318948945407,alice,0.8182992264420393,diana,0.7267611883281697,0.09153803811386962,alice,alice,alice,2,1,1,0,0,14.625554916902296,11.796509228247949,7.747675498791267,34.16973964394151
Dim_Near_20260114_211300_T13,1736911008.32,208,Dim,Near,4,4,1280,720,22.78241867654249,1,3,bob,4,1,0.7903991907272637,1102.9111645983787,276.87564623317166,1183.9158967435098,461.7536142998541,14975.990282777719,bob,0.9330010462377426,diana,0.8293927622279633,0.10360828400977928,bob,bob,bob,2,1,1,0,0,14.625554916902296,11.796509228247949,7.747675498791267,34.16973964394151
Dim_Near_20260114_211300_T13,1736911008.36,209,Dim,Near,4,4,1280,720,23.316806421626698,0,0,diana,1,1,0.8111204817806946,87.71681519955064,301.47660044931894,181.00666443252078,455.40894470703296,14360.325187879798,diana,0.9538095437241012,bob,0.8570346815096295,0.09677486221447174,diana,diana,diana,2,1,1,0,0,18.863188831498864,7.691372971980485,9.867334172853806,36.421895976333154
Dim_Near_20260114_211300_T13,1736911008.36,209,Dim,Near,4,4,1280,720,23.316806421626698,0,1,chen,-1,0,-1.0,-1.0,-1.0,-1.0,-1.0,0.0,unknown,-1.0,unknown,-1.0,-1.0,unknown,unknown,unknown,0,0,0,0,1,18.863188831498864,7.691372971980485,9.867334172853806,36.421895976333154
Dim_Near_20260114_211300_T13,1736911008.36,209,Dim,Near,4,4,1280,720,23.316806421626698,0,2,alice,3,1,0.7813422420696582,734.5216517527111,217.87659746717884,853.0581562261547,398.6368803903114,21426.69208533882,alice,0.8450427632965932,chen,0.6699216849523106,0.1751210783442826,alice,alice,alice,2,1,1,0,0,18.863188831498864,7.691372971980485,9.867334172853806,36.421895976333154
Dim_Near_20260114_211300_T13,1736911008.36,209,Dim,Near,4,4,1280,720,23.316806421626698,0,3,bob,4,1,0.7427745905909573,1093.1470035843013,195.23526844962518,1178.2092648568605,350.059225712791,13169.675903970952,bob,0.8729724865798412,diana,0.7993838815431381,0.07358860503670306,bob,bob,bob,2,1,1,0,0,18.863188831498864,7.691372971980485,9.867334172853806,36.421895976333154
Dim_Near_20260114_211300_T13,1736911008.4,210,Dim,Near,4,4,1280,720,24.23998245975814,2,0,diana,1,1,0.7842496711930004,102.63829663586266,220.8235102490278,228.94684960384654,407.25269898536055,23547.60106028135,diana,0.8732294065741204,bob,0.699998598525921,0.17323080804819946,diana,diana,diana,1,1,1,0,0,23.285443772302987,18.93528215890867,11.569720106951575,53.79044603816323
Dim_Near_20260114_211300_T13,1736911008.4,210,Dim,Near,4,4,1280,720,24.23998245975814,2,1,chen,2,1,0.8962168370014516,426.13936524582846,254.38776733829164,508.73821286928955,463.3045297287721,17256.28382267812,bob,0.5794895782193923,chen,0.5366437480229653,0.04284583019642696,bob,bob,bob,2,0,0,1,0,23.285443772302987,18.93528215890867,11.569720106951575,53.79044603816323
Dim_Near_20260114_211300_T13,1736911008.4,210,Dim,Near,4,4,1280,720,24.23998245975814,2,2,alice,-1,0,-1.0,-1.0,-1.0,-1.0,-1.0,0.0,unknown,-1.0,unknown,-1.0,-1.0,unknown,unknown,unknown,0,0,0,0,1,23.285443772302987,18.93528215890867,11.569720106951575,53.79044603816323
Dim_Near_20260114_211300_T13,1736911008.4,210,Dim,Near,4,4,1280,720,24.23998245975814,2,3,bob,4,1,0.6857078639368135,1090.6156219171971,255.67210559288287,1211.6694473751404,451.4761750673932,23702.831650122374,bob,0.7726892273278423,chen,0.6460352647966379,0.12665396253120442,bob,bob,bob,2,1,1,0,0,23.285443772302987,18.93528215890867,11.569720106951575,53.79044603816323
Dim_Near_20260114_211300_T13,1736911008.44,211,Dim,Near,4,4,1280,720,25.671302192531137,0,0,diana,1,1,0.5970114181354076,131.66087888589294,224.18796671509955,245.52712332690487,362.0453854748893,15697.306542509165,diana,0.8756841197101864,bob,0.7927648114164987,0.08291930829368777,diana,diana,diana,1,1,1,0,0,22.961421214472963,11.487328528881834,12.160605831845926,46.60935557520072
Dim_Near_20260114_211300_T13,1736911008.44,211,Dim,Near,4,4,1280,720,25.671302192531137,0,1,chen,2,1,0.7613375564361711,393.07864619490954,214.08900282041546,506.7751168124853,351.2914743476397,15599.436772653822,chen,0.8508619362627535,diana,0.7361498492520129,0.11471208701074065,chen,chen,chen,2,1,1,0,0,22.961421214472963,11.487328528881834,12.160605831845926,46.60935557520072
Dim_Near_20260114_211300_T13,1736911008.44,211,Dim,Near,4,4,1280,720,25.671302192531137,0,2,alice,3,1,0.765827793569173,744.71183385807,261.33643489256286,832.635139714845,452.84414212309554,16837.99071675984,alice,0.8927793139422285,bob,0.745340215719726,0.14743909822250256,alice,alice,alice,2,1,1,0,0,22.961421214472963,11.487328528881834,12.160605831845926,46.60935557520072
Dim_Near_20260114_211300_T13,1736911008.44,211,Dim,Near,4,4,1280,720,25.671302192531137,0,3,bob,-1,0,-1.0,-1.0,-1.0,-1.0,-1.0,0.0,unknown,-1.0,unknown,-1.0,-1.0,unknown,unknown,unknown,0,0,0,0,1,22.961421214472963,11.487328528881834,12.160605831845926,46.60935557520072
Dim_Near_20260114_211300_T13,1736911008.48,212,Dim,Near,4,4,1280,720,24.978000553406552,1,0,diana,1,1,0.9035958228319728,101.48509485929002,181.37803018328395,223.0191058711145,355.9696844409872,21218.82403112836,diana,0.8513964987045434,alice,0.738221991453761,0.11317450725078237,diana,diana,diana,2,1,1,0,0,7.8312041615994765,5.857308268766338,7.509944648002649,21.198457078368463
Dim_Near_20260114_211300_T13,1736911008.48,212,Dim,Near,4,4,1280,720,24.978000553406552,1,1,chen,2,1,0.7667282538123138,421.8467319615528,200.2774315503965,547.4157291237212,357.2851356625855,19715.299952102043,bob,0.7928640289821195,chen,0.7338658721174978,0.05899815686462173,bob,bob,bob,2,0,0,1,0,7.8312041615994765,5.857308268766338,7.509944648002649,21.198457078368463
Dim_Near_20260114_211300_T13,1736911008.48,212,Dim,Near,4,4,1280,720,24.978000553406552,1,2,alice,3,1,0.8099523646841442,748.6868521161902,296.50862291325586,861.8028359165122,473.2783744251102,19995.48434840187,alice,0.8467649626341585,chen,0.7435214695128671,0.10324349312129133,alice,alice,alice,2,1,1,0,0,7.8312041615994765,5.857308268766338,7.509944648002649,21.198457078368463
Dim_Near_20260114_211300_T13,1736911008.48,212,Dim,Near,4,4,1280,720,24.978000553406552,1,3,bob,4,1,0.8406178547010343,1074.3672248410999,256.64090968180756,1174.9689703164531,468.6835999082084,21331.864752065554,bob,0.8663790470637407,alice,0.7579730701426892,0.10840597692105147,bob,bob,bob,1,1,1,0,0,7.8312041615994765,5.857308268766338,7.509944648002649,21.198457078368463
Dim_Near_20260114_211300_T13,1736911008.52,213,Dim,Near,4,4,1280,720,20.876509167408813,1,0,diana,1,1,0.8447161821377245,123.43071076317256,249.69503971322695,232.49384569017252,437.40708114693155,20472.463702306733,diana,0.9041220514788012,chen,0.7617826727614662,0.14233937871733504,diana,diana,diana,2,1,1,0,0,10.987044419061954,9.750105714480632,5.7015885824590296,26.438738716001616
Dim_Near_20260114_211300_T13,1736911008.52,213,Dim,Near,4,4,1280,720,20.876509167408813,1,1,chen,2,1,0.7266514726977085,378.8689157866438,158.38988385129852,475.61590722942424,297.1234888729279,13422.058897853658,chen,0.8602558159074963,alice,0.7598703760870408,0.10038543982045556,chen,chen,chen,2,1,1,0,0,10.987044419061954,9.750105714480632,5.7015885824590296,26.438738716001616
Dim_Near_20260114_211300_T13,1736911008.52,213,Dim,Near,4,4,1280,720,20.876509167408813,1,2,alice,3,1,0.7612676877843875,726.9061800367277,264.8512177079432,846.7084211925193,471.6659377549357,24776.866965637313,alice,0.8557933791910576,diana,0.6918655739877949,0.16392780520326267,alice,alice,alice,2,1,1,0,0,10.987044419061954,9.750105714480632,5.7015885824590296,26.438738716001616
Dim_Near_20260114_211300_T13,1736911008.52,213,Dim,Near,4,4,1280,720,20.876509167408813,1,3,bob,4,1,0.6846269589048315,1066.6147596952515,293.1135096367577,1194.4408470557069,434.3969672878227,18059.71160029223,bob,0.8546832359819403,diana,0.6785833646336874,0.1760998713482529,bob,bob,bob,2,1,1,0,0,10.987044419061954,9.750105714480632,5.7015885824590296,26.438738716001616
Dim_Near_20260114_211300_T13,1736911008.56,214,Dim,Near,4,4,1280,720,22.685269018258197,1,0,diana,1,1,0.8874239597991653,126.88332501078834,153.4692536655704,218.5392471982858,353.54516709300435,18338.142352697367,diana,0.818434560585196,bob,0.7512616374684982,0.06717292311669787,diana,diana,diana,3,1,1,0,0,18.82967204315016,12.914186464929875,2.7658682713207074,34.509726779400744
Dim_Near_20260114_211300_T13,1736911008.56,214,Dim,Near,4,4,1280,720,22.685269018258197,1,1,chen,2,1,0.7601109719652419,424.835935770377,309.3937120980349,546.6591754852499,459.2931248835129,18261.232096883974,diana,0.8518266914532683,chen,0.8236100005774539,0.028216690875814354,diana,diana,diana,2,0,0,1,0,18.82967204315016,12.914186464929875,2.7658682713207074,34.509726779400744
Dim_Near_20260114_211300_T13,1736911008.56,214,Dim,Near,4,4,1280,720,22.685269018258197,1,2,alice,3,1,0.7683117189217262,739.2694585475309,191.77614492370725,839.475860833653,361.93989104017584,17051.496797860393,alice,0.7982106615204543,diana,0.6439812314212241,0.15422943009923018,alice,alice,alice,2,1,1,0,0,18.82967204315016,12.914186464929875,2.7658682713207074,34.509726779400744
Dim_Near_20260114_211300_T13,1736911008.56,214,Dim,Near,4,4,1280,720,22.685269018258197,1,3,bob,4,1,0.6937575646832583,1060.9702734425423,243.87509267208208,1181.6444436138527,426.5451822716007,22043.561477540825,bob,0.99,chen,0.8752745221064245,0.11472547789357546,bob,bob,bob,3,1,1,0,0,18.82967204315016,12.914186464929875,2.7658682713207074,34.509726779400744
Dim_Near_20260114_211300_T13,1736911008.6,215,Dim,Near,4,4,1280,720,23.858976524610373,0,0,diana,1,1,0.5944898759256925,96.88788673140454,144.63791359250388,221.31279966087305,335.04235019575924,23691.055445744558,diana,0.9124232413629754,alice,0.7784518472406412,0.13397139412233416,diana,diana,diana,2,1,1,0,0,13.073911792393993,10.20915787467158,6.6195975929185575,29.90266725998413
Dim_Near_20260114_211300_T13,1736911008.6,215,Dim,Near,4,4,1280,720,23.858976524610373,0,1,chen,2,1,0.7914369729475705,456.4820196623728,224.24822295499132,557.2953084960025,358.1803123859445,13502.1344158942,chen,0.8645201265579903,bob,0.7867560084417763,0.07776411811621398,chen,chen,chen,2,1,1,0,0,13.073911792393993,10.20915787467158,6.6195975929185575,29.90266725998413
Dim_Near_20260114_211300_T13,1736911008.6,215,Dim,Near,4,4,1280,720,23.858976524610373,0,2,alice,3,1,0.856936722417062,759.987619840965,225.41438775554988,860.0962830199642,384.83663411494365,15959.547964031986,alice,0.6897055839594871,bob,0.656289310306222,0.03341627365326516,unknown,unknown,unknown,0,0,0,0,0,13.073911792393993,10.20915787467158,6.6195975929185575,29.90266725998413
Dim_Near_20260114_211300_T13,1736911008.6,215,Dim,Near,4,4,1280,720,23.858976524610373,0,3,bob,4,1,0.8446784550936035,1016.6372525732527,280.62687147453715,1116.431347789804,458.9446885499528,17795.065216031613,bob,0.9780691736941675,diana,0.8603387561026477,0.11773041759151981,bob,bob,bob,3,1,1,0,0,13.073911792393993,10.20915787467158,6.6195975929185575,29.90266725998413
Dim_Near_20260114_211300_T13,1736911008.64,216,Dim,Near,4,4,1280,720,22.92279682217521,2,0,diana,-1,0,-1.0,-1.0,-1.0,-1.0,-1.0,0.0,unknown,-1.0,unknown,-1.0,-1.0,unknown,unknown,unknown,0,0,0,0,1,17.481857951640734,11.965335015873858,19.56462624047423,49.01181920798882
Dim_Near_20260114_211300_T13,1736911008.64,216,Dim,Near,4,4,1280,720,22.92279682217521,2,1,chen,2,1,0.6988273326488943,402.44335581559824,211.65645141329725,526.9486948826903,346.13041990299547,16742.727042507337,chen,0.8957550701090121,diana,0.7234629023006042,0.17229216780840795,chen,chen,chen,2,1,1,0,0,17.481857951640734,11.965335015873858,19.56462624047423,49.01181920798882
Dim_Near_20260114_211300_T13,1736911008.64,216,Dim,Near,4,4,1280,720,22.92279682217521,2,2,alice,3,1,0.7941805221255515,755.5500473844963,267.84189850713597,869.6658419357441,481.55390488422006,24387.915412862276,alice,0.838792437261937,chen,0.6767197268008205,0.1620727104611165,alice,alice,alice,2,1,1,0,0,17.481857951640734,11.965335015873858,19.56462624047423,49.01181920798882
Dim_Near_20260114_211300_T13,1736911008.64,216,Dim,Near,4,4,1280,720,22.92279682217521,2,3,bob,4,1,0.796887313107693,1098.8645654128188,240.33934884674096,1197.4816202669556,440.94448543242237,19783.08775869174,bob,0.8291517561746445,chen,0.7523074029107151,0.07684435326392947,bob,bob,bob,2,1,1,0,0,17.481857951640734,11.965335015873858,19.56462624047423,49.01181920798882
Dim_Near_20260114_211300_T13,1736911008.68,217,Dim,Near,4,4,1280,720,22.799650579381403,1,0,diana,1,1,0.8273881690992546,141.51378133974495,258.4368747278376,259.50911442741045,420.62926666765674,19137.94531122415,diana,0.9636415954301154,bob,0.861333956275157,0.10230763915495844,diana,diana,diana,2,1,1,0,0,16.009325170424113,9.896902762878812,14.30600162044392,40.212229553746845
Dim_Near_20260114_211300_T13,1736911008.68,217,Dim,Near,4,4,1280,720,22.799650579381403,1,1,chen,2,1,0.6065514205736037,439.9756824461051,205.50861255334053,532.9868359000315,379.137091857938,16149.38513257179,chen,0.7838726296756114,diana,0.617061034916016,0.1668115947595954,chen,chen,chen,2,1,1,0,0,16.009325170424113,9.896902762878812,14.30600162044392,40.212229553746845
Dim_Near_20260114_211300_T13,1736911008.68,217,Dim,Near,4,4,1280,720,22.799650579381403,1,2,alice,3,1,0.6869190204961024,737.7463343001594,159.83575958559624,854.5298651373354,335.3791484485551,20500.57676653972,alice,0.8260827300949009,diana,0.6937418428189883,0.13234088727591253,alice,alice,alice,2,1,1,0,0,16.009325170424113,9.896902762878812,14.30600162044392,40.212229553746845
Dim_Near_20260114_211300_T13,1736911008.68,217,Dim,Near,4,4,1280,720,22.799650579381403,1,3,bob,4,1,0.9389980237936707,1046.1595658072565,208.98582340827275,1162.7579619162448,365.1697803927557,18210.798882345924,bob,0.8803048404134103,alice,0.8026987394105902,0.07760610100282006,bob,bob,bob,1,1,1,0,0,16.009325170424113,9.896902762878812,14.30600162044392,40.212229553746845
Dim_Near_20260114_211300_T13,1736911008.72,218,Dim,Near,4,4,1280,720,28.186387478598604,2,0,diana,-1,0,-1.0,-1.0,-1.0,-1.0,-1.0,0.0,unknown,-1.0,unknown,-1.0,-1.0,unknown,unknown,unknown,0,0,0,0,1,15.726860218075771,10.570915656977714,12.294981835119426,38.59275771017291
Dim_Near_20260114_211300_T13,1736911008.72,218,Dim,Near,4,4,1280,720,28.186387478598604,2,1,chen,2,1,0.6112182740867904,441.797134435858,219.71160258593346,530.9302883334274,413.3400471309495,17258.713946577882,diana,0.7734249381554277,chen,0.6910653128703488,0.0823596252850789,diana,diana,diana,1,0,0,1,0,15.726860218075771,10.570915656977714,12.294981835119426,38.59275771017291
Dim_Near_20260114_211300_T13,1736911008.72,218,Dim,Near,4,4,1280,720,28.186387478598604,2,2,alice,3,1,0.8873673915657584,757.3266067969184,244.8071781233976,871.7320836249687,439.83581818399176,22312.344561258462,alice,0.8864424110568785,chen,0.8119494597892182,0.07449295126766031,alice,alice,alice,3,1,1,0,0,15.726860218075771,10.570915656977714,12.294981835119426,38.59275771017291
Dim_Near_20260114_211300_T13,1736911008.72,218,Dim,Near,4,4,1280,720,28.186387478598604,2,3,bob,4,1,0.6589331470747132,1084.8021197735927,140.14373085497527,1166.1363924416476,355.36713142707225,17505.038746676924,bob,0.9342015978364027,alice,0.793526515580478,0.14067508225592462,bob,bob,bob,1,1,1,0,0,15.726860218075771,10.570915656977714,12.294981835119426,38.59275771017291
Dim_Near_20260114_211300_T13,1736911008.76,219,Dim,Near,4,4,1280,720,23.64124293922082,0,0,diana,1,1,0.7576615045318581,111.64901012948323,228.6442377055361,201.58555458128106,426.89517222707485,17830.00398520683,diana,0.8430106996314262,bob,0.7039813363514367,0.1390293632799895,diana,diana,diana,2,1,1,0,0,21.177041169951906,9.831154788501372,8.79042701518076,39.79862297363404
Dim_Near_20260114_211300_T13,1736911008.76,219,Dim,Near,4,4,1280,720,23.64124293922082,0,1,chen,2,1,0.7199977943143174,417.3834415789394,195.18531694969346,537.7795540444142,395.8349010687621,24157.429895750138,chen,0.8674371566127946,alice,0.7263556294040625,0.14108152720873213,chen,chen,chen,2,1,1,0,0,21.177041169951906,9.831154788501372,8.79042701518076,39.79862297363404
Dim_Near_20260114_211300_T13,1736911008.76,219,Dim,Near,4,4,1280,720,23.64124293922082,0,2,alice,3,1,0.6018356837328627,745.1436551706888,236.13690912410686,848.3349248221502,421.7408862621455,19152.71005323503,alice,0.8802446950568008,bob,0.7880377484737822,0.09220694658301865,alice,alice,alice,2,1,1,0,0,21.177041169951906,9.831154788501372,8.79042701518076,39.79862297363404
Dim_Near_20260114_211300_T13,1736911008.76,219,Dim,Near,4,4,1280,720,23.64124293922082,0,3,bob,4,1,0.7735508608773701,1081.1889696490935,235.50431457983697,1171.8809423122098,366.80955324608067,11908.331115642935,bob,0.8252806313695034,alice,0.7490116896937438,0.0762689416757596,bob,bob,bob,3,1,1,0,0,21.177041169951906,9.831154788501372,8.79042701518076,39.79862297363404
Dim_Near_20260114_211300_T13,1736911008.8,220,Dim,Near,4,4,1280,720,25.43605622809283,3,0,diana,1,1,0.5885591350464845,82.88260451807842,115.42633187621661,203.4561763013471,327.0070639772531,25511.044589940866,alice,0.6468548158434845,bob,0.5908885124831287,0.055966303360355796,unknown,unknown,unknown,0,0,0,0,0,23.740499722705596,17.48385651073643,4.598413643318391,45.82276987676042
Dim_Near_20260114_211300_T13,1736911008.8,220,Dim,Near,4,4,1280,720,25.43605622809283,3,1,chen,2,1,0.6053706147366817,431.84635063013275,330.6605913734506,557.2803075681389,506.2249903756553,22021.73726428948,diana,0.6667973679006497,chen,0.6368965109347079,0.029900856965941802,unknown,unknown,unknown,0,0,0,0,0,23.740499722705596,17.48385651073643,4.598413643318391,45.82276987676042
Dim_Near_20260114_211300_T13,1736911008.8,220,Dim,Near,4,4,1280,720,25.43605622809283,3,2,alice,3,1,0.99,714.2902085520375,235.39248600310265,831.5086859014502,390.07812041521737,18132.014533616013,alice,0.8494320329446937,diana,0.7738543992692626,0.07557763367543113,alice,alice,alice,2,1,1,0,0,23.740499722705596,17.48385651073643,4.598413643318391,45.82276987676042
Dim_Near_20260114_211300_T13,1736911008.8,220,Dim,Near,4,4,1280,720,25.43605622809283,3,3,bob,4,1,0.8571335355755794,1076.0388037448656,223.07876494593071,1156.468713522404,376.0862262756176,12306.376310036903,bob,0.8655250515478861,alice,0.6896634514845297,0.17586160006335638,bob,bob,bob,2,1,1,0,0,23.740499722705596,17.48385651073643,4.598413643318391,45.82276987676042
Dim_Near_20260114_211300_T13,1736911008.84,221,Dim,Near,4,4,1280,720,27.742282974510218,0,0,diana,1,1,0.8351859314231225,127.58914524737958,240.2830163243205,232.2281651561671,376.4555931647663,14248.964979038308,bob,0.797185884142423,diana,0.7536331812549619,0.04355270288746105,unknown,unknown,unknown,0,0,0,0,0,8.970770825478782,5.634357723387265,3.725955376149508,18.331083925015555
Dim_Near_20260114_211300_T13,1736911008.84,221,Dim,Near,4,4,1280,720,27.742282974510218,0,1,chen,2,1,0.7036751168649376,445.62768032965334,295.04422511121595,553.6008253610142,488.5653528310038,20895.08478992117,chen,0.9331827324101772,alice,0.7824457567532349,0.15073697565694233,chen,chen,chen,1,1,1,0,0,8.970770825478782,5.634357723387265,3.725955376149508,18.331083925015555
Dim_Near_20260114_211300_T13,1736911008.84,221,Dim,Near,4,4,1280,720,27.742282974510218,0,2,alice,3,1,0.6101250281748143,742.3453605929246,201.51368407839612,859.7016208712448,366.0308943027622,19307.12454335382,alice,0.8419165428483539,bob,0.7277965264823449,0.11412001636600899,alice,alice,alice,2,1,1,0,0,8.970770825478782,5.634357723387265,3.725955376149508,18.331083925015555
Dim_Near_20260114_211300_T13,1736911008.84,221,Dim,Near,4,4,1280,720,27.742282974510218,0,3,bob,4,1,0.8095620234118822,1089.4675118359223,273.5605818969294,1200.8629355451976,449.7491149290872,19626.596289832865,bob,0.8970818997175012,chen,0.7517595712317002,0.14532232848580096,bob,bob,bob,2,1,1,0,0,8.970770825478782,5.634357723387265,3.725955376149508,18.331083925015555
Dim_Near_20260114_211300_T13,1736911008.88,222,Dim,Near,4,4,1280,720,27.694067429651568,0,0,diana,1,1,0.7915739511972109,99.14247314031697,237.51344810670702,184.79649067587377,375.1465689739725,11788.829748238164,diana,0.8521161342455387,chen,0.7013384042676538,0.15077772997788486,diana,diana,diana,1,1,1,0,0,9.529416040354219,4.387850123229249,3.8843457460279627,17.80161190961143
Dim_Near_20260114_211300_T13,1736911008.88,222,Dim,Near,4,4,1280,720,27.694067429651568,0,1,chen,2,1,0.7348145727143811,432.30637659829557,203.7847998862481,524.1435652301775,376.7789256997747,15887.294164544355,chen,0.9188767389969056,alice,0.8515449693555962,0.06733176964130938,chen,chen,chen,2,1,1,0,0,9.529416040354219,4.387850123229249,3.8843457460279627,17.80161190961143
Dim_Near_20260114_211300_T13,1736911008.88,222,Dim,Near,4,4,1280,720,27.694067429651568,0,2,alice,3,1,0.7694165821392546,718.4568338007159,235.7375368235838,824.7784557865264,434.70412187625345,21154.450043777546,bob,0.8711632494398786,alice,0.8020357814798708,0.0691274679600078,bob,bob,bob,2,0,0,1,0,9.529416040354219,4.387850123229249,3.8843457460279627,17.80161190961143
Dim_Near_20260114_211300_T13,1736911008.88,222,Dim,Near,4,4,1280,720,27.694067429651568,0,3,bob,4,1,0.6551654291518936,1078.4126427985834,244.95842025847446,1184.4474081601293,398.05785318477774,16233.862447326295,chen,0.6356746331971627,alice,0.5632526376915381,0.07242199550562456,unknown,unknown,unknown,0,0,0,0,0,9.529416040354219,4.387850123229249,3.8843457460279627,17.80161190961143
Dim_Near_20260114_211300_T13,1736911008.92,223,Dim,Near,4,4,1280,720,26.5461966697431,1,0,diana,1,1,0.6453767880579202,111.40637704682536,239.99434743628518,193.67546268929982,421.28691307126206,14914.773608567837,diana,0.7826776281156929,chen,0.6920892981591621,0.09058832995653077,diana,diana,diana,2,1,1,0,0,11.931509518996583,12.060600738094214,9.34103926856117,33.33314952565197
Dim_Near_20260114_211300_T13,1736911008.92,223,Dim,Near,4,4,1280,720,26.5461966697431,1,1,chen,2,1,0.7374850733927123,456.5549927246693,302.1901631764954,560.03683717,498.5417443528877,20318.82377989015,diana,0.8651322179111195,chen,0.81643139943389,0.04870081847722951,unknown,unknown,unknown,0,0,0,0,0,11.931509518996583,12.060600738094214,9.34103926856117,33.33314952565197
Dim_Near_20260114_211300_T13,1736911008.92,223,Dim,Near,4,4,1280,720,26.5461966697431,1,2,alice,3,1,0.8674536690164422,747.9961051073843,196.90190923233712,869.8100741287759,398.4437084881427,24550.606491062223,alice,0.808070489695619,bob,0.642420720896932,0.16564976879868698,alice,alice,alice,2,1,1,0,0,11.931509518996583,12.060600738094214,9.34103926856117,33.33314952565197
Dim_Near_20260114_211300_T13,1736911008.92,223,Dim,Near,4,4,1280,720,26.5461966697431,1,3,bob,4,1,0.8477884259682077,1042.152732869263,217.17370051776123,1150.4890653614495,416.29510046003014,21572.0821904553,bob,0.8063048805736335,chen,0.6768097242993765,0.129495156274257,bob,bob,bob,3,1,1,0,0,11.931509518996583,12.060600738094214,9.34103926856117,33.33314952565197
Dim_Near_20260114_211300_T13,1736911008.96,224,Dim,Near,4,4,1280,720,24.75719175190411,2,0,diana,1,1,0.6081162300671508,125.14703117942271,230.0438178403133,211.73127215533054,396.3132790913878,14396.315099897405,bob,0.703432144375818,chen,0.6310171883446893,0.07241495603112869,unknown,unknown,unknown,0,0,0,0,0,13.37994941797099,11.438123019044987,6.535508696201234,31.35358113321721
Dim_Near_20260114_211300_T13,1736911008.96,224,Dim,Near,4,4,1280,720,24.75719175190411,2,1,chen,2,1,0.7816017155936164,469.22792969377787,318.10115044107846,570.9622024349251,472.6038228036227,15718.217009367181,chen,0.8994871867340664,alice,0.7746049386503598,0.12488224808370652,chen,chen,chen,3,1,1,0,0,13.37994941797099,11.438123019044987,6.535508696201234,31.35358113321721
Dim_Near_20260114_211300_T13,1736911008.96,224,Dim,Near,4,4,1280,720,24.75719175190411,2,2,alice,3,1,0.7584102588919119,762.8181566341941,250.93839351040305,849.1202074941568,389.9235601453185,11994.704919706868,alice,0.8987660120828034,diana,0.7692150683407087,0.12955094374209464,alice,alice,alice,2,1,1,0,0,13.37994941797099,11.438123019044987,6.535508696201234,31.35358113321721
Dim_Near_20260114_211300_T13,1736911008.96,224,Dim,Near,4,4,1280,720,24.75719175190411,2,3,bob,4,1,0.7616606555374549,1081.449775817827,205.03052398649038,1174.477909491344,412.26785138098523,19278.901794997473,bob,0.956869659339157,diana,0.8190949521906801,0.13777470714847695,bob,bob,bob,2,1,1,0,0,13.37994941797099,11.438123019044987,6.535508696201234,31.35358113321721
Dim_Near_20260114_211300_T13,1736911009.0,225,Dim,Near,4,4,1280,720,21.682888984295644,0,0,diana,1,1,0.891481959519563,114.75710058836682,113.42272272136181,237.87630333525573,327.4956977676982,26356.494017359575,diana,0.9202926334031996,bob,0.7908919610407621,0.12940067236243746,diana,diana,diana,2,1,1,0,0,14.704262227248812,12.826996617564884,9.441460306484846,36.97271915129854
Dim_Near_20260114_211300_T13,1736911009.0,225,Dim,Near,4,4,1280,720,21.682888984295644,0,1,chen,2,1,0.6911429501684715,421.3301610252709,249.10699485850512,536.0672669407375,395.65902619629446,16814.955941730706,chen,0.8520639142219966,bob,0.7808771732514354,0.07118674097056121,chen,chen,chen,1,1,1,0,0,14.704262227248812,12.826996617564884,9.441460306484846,36.97271915129854
Dim_Near_20260114_211300_T13,1736911009.0,225,Dim,Near,4,4,1280,720,21.682888984295644,0,2,alice,3,1,0.8505457541914478,742.5615597200746,193.59819446281472,836.4860477642932,395.52815388045076,18966.168059091306,alice,0.864820670619233,chen,0.7051649268445722,0.15965574377466074,alice,alice,alice,3,1,1,0,0,14.704262227248812,12.826996617564884,9.441460306484846,36.97271915129854
Dim_Near_20260114_211300_T13,1736911009.0,225,Dim,Near,4,4,1280,720,21.682888984295644,0,3,bob,4,1,0.8240708926516392,1080.4023910553126,230.06055756885107,1194.4323615641422,423.05931681296636,22007.642824847168,diana,0.7675088549223631,chen,0.7173540327206654,0.050154822201697646,unknown,unknown,unknown,0,0,0,0,0,14.704262227248812,12.826996617564884,9.441460306484846,36.97271915129854
Dim_Near_20260114_211300_T13,1736911009.04,226,Dim,Near,4,4,1280,720,26.96625183019613,1,0,diana,1,1,0.7114586284635119,118.50402808940333,255.71387919374607,203.62475817749754,465.9497410303014,17895.430050227293,diana,0.891326580485066,chen,0.7261730661575978,0.16515351432746816,diana,diana,diana,2,1,1,0,0,20.3107341446818,15.51216837667425,20.023157197011034,55.84605971836709
Dim_Near_20260114_211300_T13,1736911009.04,226,Dim,Near,4,4,1280,720,26.96625183019613,1,1,chen,2,1,0.7276142352442752,415.2780870908169,251.10378556639887,504.33141844250287,405.703682275519,13767.6358285737,chen,0.8119489896028096,diana,0.6519382191463371,0.1600107704564725,chen,chen,chen,2,1,1,0,0,20.3107341446818,15.51216837667425,20.023157197011034,55.84605971836709
Dim_Near_20260114_211300_T13,1736911009.04,226,Dim,Near,4,4,1280,720,26.96625183019613,1,2,alice,3,1,0.715352678664789,721.8019236632877,221.49286542736633,825.2875725602592,403.6453706662706,18850.170202857007,alice,0.8198338008422741,chen,0.7160629793086013,0.10377082153367279,alice,alice,alice,3,1,1,0,0,20.3107341446818,15.51216837667425,20.023157197011034,55.84605971836709
Dim_Near_20260114_211300_T13,1736911009.04,226,Dim,Near,4,4,1280,720,26.96625183019613,1,3,bob,4,1,0.7055011127416179,1047.4026346557737,276.73676259973047,1166.1628371763584,406.9095126170545,15459.342154718845,bob,0.8941713468933181,diana,0.8289392948243852,0.0652320520689329,bob,bob,bob,2,1,1,0,0,20.3107341446818,15.51216837667425,20.023157197011034,55.84605971836709
Dim_Near_20260114_211300_T13,1736911009.08,227,Dim,Near,4,4,1280,720,26.01616751414716,1,0,diana,1,1,0.7854234794506474,90.48417320602722,189.58989493802537,178.46454991420273,374.1386898187294,16236.672494644154,bob,0.6262498128502135,diana,0.5611932623247492,0.06505655052546433,unknown,unknown,unknown,0,0,0,0,0,17.847172323148836,9.089963108402637,15.572914052415486,42.51004948396696
Dim_Near_20260114_211300_T13,1736911009.08,227,Dim,Near,4,4,1280,720,26.01616751414716,1,1,chen,2,1,0.763661689389285,414.54014462819237,279.4927806620157,509.4524332608737,413.8699287182919,12754.042661953836,chen,0.7844975368669024,alice,0.6157941120303523,0.1687034248365501,chen,chen,chen,2,1,1,0,0,17.847172323148836,9.089963108402637,15.572914052415486,42.51004948396696
Dim_Near_20260114_211300_T13,1736911009.08,227,Dim,Near,4,4,1280,720,26.01616751414716,1,2,alice,3,1,0.7533033121467174,756.7538806648424,250.42813786705318,844.3013651843626,405.13441857136974,13544.14571503369,diana,0.6501915201121224,alice,0.615763419143674,0.034428100968448394,unknown,unknown,unknown,0,0,0,0,0,17.847172323148836,9.089963108402637,15.572914052415486,42.51004948396696
Dim_Near_20260114_211300_T13,1736911009.08,227,Dim,Near,4,4,1280,720,26.01616751414716,1,3,bob,4,1,0.8111686149338175,1079.006145761803,204.9061435256917,1177.492241437798,346.5376145287081,13948.730603934968,bob,0.8766263738993312,diana,0.7796877267110385,0.0969386471882927,bob,bob,bob,3,1,1,0,0,17.847172323148836,9.089963108402637,15.572914052415486,42.51004948396696
Dim_Near_20260114_211300_T13,1736911009.12,228,Dim,Near,4,4,1280,720,26.3020391468378,2,0,diana,1,1,0.7638202023086097,92.44807559449166,218.79815711544856,173.3921703246916,373.36663776256125,12511.405739802965,diana,0.8750928155528889,chen,0.7711831842799144,0.10390963127297448,diana,diana,diana,3,1,1,0,0,18.517140222238528,12.85781672300977,5.11466188015598,36.48961882540428
Dim_Near_20260114_211300_T13,1736911009.12,228,Dim,Near,4,4,1280,720,26.3020391468378,2,1,chen,-1,0,-1.0,-1.0,-1.0,-1.0,-1.0,0.0,unknown,-1.0,unknown,-1.0,-1.0,unknown,unknown,unknown,0,0,0,0,1,18.517140222238528,12.85781672300977,5.11466188015598,36.48961882540428
Dim_Near_20260114_211300_T13,1736911009.12,228,Dim,Near,4,4,1280,720,26.3020391468378,2,2,alice,-1,0,-1.0,-1.0,-1.0,-1.0,-1.0,0.0,unknown,-1.0,unknown,-1.0,-1.0,unknown,unknown,unknown,0,0,0,0,1,18.517140222238528,12.85781672300977,5.11466188015598,36.48961882540428
Dim_Near_20260114_211300_T13,1736911009.12,228,Dim,Near,4,4,1280,720,26.3020391468378,2,3,bob,4,1,0.7381593409342541,1088.0975065653745,230.43178349954073,1175.3796508461003,391.4667365075444,14055.476002684474,diana,0.6875294628560814,bob,0.6503511564498324,0.03717830640624897,unknown,unknown,unknown,0,0,0,0,0,18.517140222238528,12.85781672300977,5.11466188015598,36.48961882540428
Dim_Near_20260114_211300_T13,1736911009.16,229,Dim,Near,4,4,1280,720,23.30367501833926,1,0,diana,1,1,0.8090878281620301,106.08797795846652,190.00979312880932,232.7927286391893,357.52044886843055,21224.395871853092,diana,0.9163789069846452,alice,0.8508708257522627,0.0655080812323825,diana,diana,diana,3,1,1,0,0,12.509073010901124,8.705075749800573,12.645144810339607,33.859293571041306
Dim_Near_20260114_211300_T13,1736911009.16,229,Dim,Near,4,4,1280,720,23.30367501833926,1,1,chen,2,1,0.8147914272555461,431.6859003469745,293.41351084104645,526.7825919733823,423.28685837328453,12350.525680762534,chen,0.78072419589373,diana,0.6667994290211573,0.11392476687257269,chen,chen,chen,2,1,1,0,0,12.509073010901124,8.705075749800573,12.645144810339607,33.859293571041306
Dim_Near_20260114_211300_T13,1736911009.16,229,Dim,Near,4,4,1280,720,23.30367501833926,1,2,alice,3,1,0.8745912145467378,744.8168899995898,284.30007805173835,842.6046858098229,466.7999458712158,17846.25980972559,alice,0.8412396688492708,chen,0.6670224061264082,0.17421726272286264,alice,alice,alice,2,1,1,0,0,12.509073010901124,8.705075749800573,12.645144810339607,33.859293571041306
Dim_Near_20260114_211300_T13,1736911009.16,229,Dim,Near,4,4,1280,720,23.30367501833926,1,3,bob,4,1,0.7011823004371697,1057.5906698265849,250.72689245991742,1154.8735106073186,462.7633541801705,20627.509345241528,bob,0.8022864996634232,diana,0.7209592695899122,0.08132723007351106,bob,bob,bob,3,1,1,0,0,12.509073010901124,8.705075749800573,12.645144810339607,33.859293571041306
Dim_Near_20260114_211300_T13,1736911009.2,230,Dim,Near,4,4,1280,720,26.4940104111752,1,0,diana,1,1,0.8037013661938737,106.1447521570194,288.71969226141624,191.1804699659096,480.79894545930205,16333.597171877787,diana,0.8594197662833879,chen,0.72821414205808,0.1312056242253079,diana,diana,diana,1,1,1,0,0,6.676056294350389,4.016308116037046,7.2427260171386,17.935090427526035
Dim_Near_20260114_211300_T13,1736911009.2,230,Dim,Near,4,4,1280,720,26.4940104111752,1,1,chen,2,1,0.7601138891028627,414.6266612091663,247.6815094992086,519.7289117080472,440.11170731160826,20224.84685402804,chen,0.8507899064609993,diana,0.6835190348970595,0.16727087156393983,chen,chen,chen,2,1,1,0,0,6.676056294350389,4.016308116037046,7.2427260171386,17.935090427526035
Dim_Near_20260114_211300_T13,1736911009.2,230,Dim,Near,4,4,1280,720,26.4940104111752,1,2,alice,3,1,0.6849710941371016,759.5814016296009,230.9385221129612,847.4907859401784,405.5939075931914,15353.847404093607,alice,0.9192802910861868,bob,0.7739796309076008,0.145300660178586,alice,alice,alice,3,1,1,0,0,6.676056294350389,4.016308116037046,7.2427260171386,17.935090427526035
Dim_Near_20260114_211300_T13,1736911009.2,230,Dim,Near,4,4,1280,720,26.4940104111752,1,3,bob,4,1,0.7634863418052694,1079.347711087556,226.91182915138864,1179.4497565415004,383.5248423230125,15677.282963185075,bob,0.8903257199768041,alice,0.7451688592477761,0.145156860729028,bob,bob,bob,2,1,1,0,0,6.676056294350389,4.016308116037046,7.2427260171386,17.935090427526035
Dim_Near_20260114_211300_T13,1736911009.24,231,Dim,Near,4,4,1280,720,28.244632958954185,1,0,diana,-1,0,-1.0,-1.0,-1.0,-1.0,-1.0,0.0,unknown,-1.0,unknown,-1.0,-1.0,unknown,unknown,unknown,0,0,0,0,1,14.95635591915981,9.03351820466431,12.315985256161925,36.305859379986046
Dim_Near_20260114_211300_T13,1736911009.24,231,Dim,Near,4,4,1280,720,28.244632958954185,1,1,chen,2,1,0.8502654900691453,414.61524749862485,237.3790166652165,505.9593827139786,435.3655700321588,18084.910501571827,chen,0.9084936054284646,diana,0.8251260816622654,0.08336752376619916,chen,chen,chen,3,1,1,0,0,14.95635591915981,9.03351820466431,12.315985256161925,36.305859379986046
Dim_Near_20260114_211300_T13,1736911009.24,231,Dim,Near,4,4,1280,720,28.244632958954185,1,2,alice,-1,0,-1.0,-1.0,-1.0,-1.0,-1.0,0.0,unknown,-1.0,unknown,-1.0,-1.0,unknown,unknown,unknown,0,0,0,0,1,14.95635591915981,9.03351820466431,12.315985256161925,36.305859379986046
Dim_Near_20260114_211300_T13,1736911009.24,231,Dim,Near,4,4,1280,720,28.244632958954185,1,3,bob,4,1,0.9149247745434725,1086.8224599215266,292.8094121353268,1183.5931960543464,433.64639632734594,13628.898634988002,bob,0.8937451915644761,alice,0.7824903282017063,0.1112548633627698,bob,bob,bob,2,1,1,0,0,14.95635591915981,9.03351820466431,12.315985256161925,36.305859379986046
Dim_Near_20260114_211300_T13,1736911009.28,232,Dim,Near,4,4,1280,720,23.701201640054606,3,0,diana,1,1,0.6718435881347516,107.59298000714728,314.64436635277536,229.83725479969712,507.7892383437244,23610.854806433435,diana,0.8531448634611197,chen,0.7625388548215879,0.09060600863953183,diana,diana,diana,1,1,1,0,0,6.029343880762906,3.6955678995022385,7.304285339625784,17.029197119890927
Dim_Near_20260114_211300_T13,1736911009.28,232,Dim,Near,4,4,1280,720,23.701201640054606,3,1,chen,2,1,0.5975496493322106,449.8798403171146,198.20415123341013,545.5896707526553,376.2387546714996,17039.661706718263,chen,0.8244133402547953,diana,0.6549856906837946,0.16942764957100065,chen,chen,chen,2,1,1,0,0,6.029343880762906,3.6955678995022385,7.304285339625784,17.029197119890927
Dim_Near_20260114_211300_T13,1736911009.28,232,Dim,Near,4,4,1280,720,23.701201640054606,3,2,alice,3,1,0.7855772094241128,724.8274995551386,310.6162735355411,844.2409313780571,491.5183525658867,21602.138080914385,alice,0.8135870836740545,bob,0.6940701134868872,0.11951697018716734,alice,alice,alice,2,1,1,0,0,6.029343880762906,3.6955678995022385,7.304285339625784,17.029197119890927
Dim_Near_20260114_211300_T13,1736911009.28,232,Dim,Near,4,4,1280,720,23.701201640054606,3,3,bob,-1,0,-1.0,-1.0,-1.0,-1.0,-1.0,0.0,unknown,-1.0,unknown,-1.0,-1.0,unknown,unknown,unknown,0,0,0,0,1,6.029343880762906,3.6955678995022385,7.304285339625784,17.029197119890927
Dim_Near_20260114_211300_T13,1736911009.32,233,Dim,Near,4,4,1280,720,23.230322629882256,0,0,diana,1,1,0.8839080729001214,101.87717649978767,238.30042471310054,220.94233784914087,402.03814488848235,19495.45807165708,diana,0.8992428678045201,bob,0.7920969504132891,0.10714591739123103,diana,diana,diana,2,1,1,0,0,10.068616299697203,5.221363411772295,4.093524887558003,19.3835045990275
Dim_Near_20260114_211300_T13,1736911009.32,233,Dim,Near,4,4,1280,720,23.230322629882256,0,1,chen,2,1,0.8869740097029942,444.09188306103925,262.4570117858751,550.0364433561949,473.35385644458916,22343.373475003205,chen,0.8158578058061906,alice,0.6681775504554605,0.14768025535073015,chen,chen,chen,3,1,1,0,0,10.068616299697203,5.221363411772295,4.093524887558003,19.3835045990275
Dim_Near_20260114_211300_T13,1736911009.32,233,Dim,Near,4,4,1280,720,23.230322629882256,0,2,alice,3,1,0.7524104243415412,739.2291744221754,257.2592259359392,849.4339851915943,408.7899495703425,16699.41472388252,alice,0.8850939088833834,bob,0.7831133403081098,0.1019805685752736,alice,alice,alice,2,1,1,0,0,10.068616299697203,5.221363411772295,4.093524887558003,19.3835045990275
Dim_Near_20260114_211300_T13,1736911009.32,233,Dim,Near,4,4,1280,720,23.230322629882256,0,3,bob,4,1,0.6872229251935128,1057.1328889373847,213.12430345551468,1144.9910258675188,378.86031744914567,14561.257411707062,bob,0.8188167198009562,alice,0.7445717080802409,0.07424501172071529,bob,bob,bob,2,1,1,0,0,10.068616299697203,5.221363411772295,4.093524887558003,19.3835045990275
Dim_Near_20260114_211300_T13,1736911009.36,234,Dim,Near,4,4,1280,720,25.54935203523395,0,0,diana,1,1,0.9038669022016194,118.46031812390753,261.484230263564,217.03782305897136,401.852021790446,13837.106661965221,chen,0.7692659225081726,diana,0.7097178930026934,0.059548029505479216,chen,chen,chen,1,0,0,1,0,13.163843694263843,12.39684709067874,7.305291924898089,32.86598270984067
Dim_Near_20260114_211300_T13,1736911009.36,234,Dim,Near,4,4,1280,720,25.54935203523395,0,1,chen,2,1,0.6833384531150047,413.47201473188494,234.07975306306867,529.6800052923334,372.18056932419177,16048.418352462815,chen,0.9174856340819908,alice,0.8210221064094507,0.09646352767254007,chen,chen,chen,2,1,1,0,0,13.163843694263843,12.39684709067874,7.305291924898089,32.86598270984067
Dim_Near_20260114_211300_T13,1736911009.36,234,Dim,Near,4,4,1280,720,25.54935203523395,0,2,alice,3,1,0.6007360730415336,729.0514898958438,172.5541102226809,829.3230297290552,379.3442935436187,20735.170103982495,diana,0.8538280131893622,alice,0.7802184175034672,0.07360959568589498,diana,diana,diana,1,0,0,1,0,13.163843694263843,12.39684709067874,7.305291924898089,32.86598270984067
Dim_Near_20260114_211300_T13,1736911009.36,234,Dim,Near,4,4,1280,720,25.54935203523395,0,3,bob,4,1,0.7253352028329279,1062.6342851979857,292.7371140625685,1161.6953432284831,438.8700006523569,14476.078358635128,bob,0.9416102225513796,chen,0.791563653243001,0.15004656930837856,bob,bob,bob,2,1,1,0,0,13.163843694263843,12.39684709067874,7.305291924898089,32.86598270984067
Dim_Near_20260114_211300_T13,1736911009.4,235,Dim,Near,4,4,1280,720,23.033696740269036,3,0,diana,1,1,0.6824273831838326,114.42565029425953,224.2596855312679,199.3798946919901,436.27940845807336,18011.975358662952,diana,0.8224602188496307,bob,0.7477014171606097,0.07475880168902105,diana,diana,diana,3,1,1,0,0,16.07986517942141,10.450314538666003,10.003763381129925,36.53394309921734
Dim_Near_20260114_211300_T13,1736911009.4,235,Dim,Near,4,4,1280,720,23.033696740269036,3,1,chen,2,1,0.7755024571293242,437.8807187225587,281.7469548506996,522.9274080951024,451.61306901253545,14446.550646042693,chen,0.8172093039655083,bob,0.7063421541916934,0.11086714977381484,chen,chen,chen,2,1,1,0,0,16.07986517942141,10.450314538666003,10.003763381129925,36.53394309921734
Dim_Near_20260114_211300_T13,1736911009.4,235,Dim,Near,4,4,1280,720,23.033696740269036,3,2,alice,3,1,0.838371186678437,756.2504275240934,234.2450464575565,858.3118751181343,440.77179625794923,21078.419051520366,alice,0.8270207901755885,diana,0.7622502563321477,0.06477053384344078,alice,alice,alice,3,1,1,0,0,16.07986517942141,10.450314538666003,10.003763381129925,36.53394309921734
Dim_Near_20260114_211300_T13,1736911009.4,235,Dim,Near,4,4,1280,720,23.033696740269036,3,3,bob,4,1,0.8079708953336253,1064.8877604570969,259.60683731557765,1153.2708976119318,391.42187587367835,11650.226631950467,bob,0.8100186653720441,diana,0.7450868880307184,0.06493177734132571,bob,bob,bob,1,1,1,0,0,16.07986517942141,10.450314538666003,10.003763381129925,36.53394309921734
Dim_Near_20260114_211300_T13,1736911009.44,236,Dim,Near,4,4,1280,720,26.172039670135202,0,0,diana,1,1,0.8969349677472294,109.76353399856109,267.2132724042479,231.30187227982262,437.8029559692389,20733.186668415237,diana,0.8711330363597694,alice,0.7036809892806255,0.16745204707914385,diana,diana,diana,3,1,1,0,0,23.10872140285567,13.588672359092337,8.18437066599479,44.8817644279428
Dim_Near_20260114_211300_T13,1736911009.44,236,Dim,Near,4,4,1280,720,26.172039670135202,0,1,chen,2,1,0.7265682443199698,423.9403798633282,219.60548065088852,543.2193824962069,372.84030357287264,18277.696846760045,chen,0.7791795921003737,alice,0.6902606586096662,0.08891893349070745,chen,chen,chen,2,1,1,0,0,23.10872140285567,13.588672359092337,8.18437066599479,44.8817644279428
Dim_Near_20260114_211300_T13,1736911009.44,236,Dim,Near,4,4,1280,720,26.172039670135202,0,2,alice,3,1,0.6747139260323368,744.8862102256646,222.59327166476953,830.3057032644147,402.52619123151965,15369.778770373981,alice,0.8613104438833789,chen,0.6866129471002809,0.17469749678309798,alice,alice,alice,1,1,1,0,0,23.10872140285567,13.588672359092337,8.18437066599479,44.8817644279428
Dim_Near_20260114_211300_T13,1736911009.44,236,Dim,Near,4,4,1280,720,26.172039670135202,0,3,bob,4,1,0.7515769768158378,1032.744859860718,231.82089356755316,1144.7322017282595,431.93444273918,22410.18444341006,bob,0.8706488032715952,chen,0.7852321499884873,0.08541665328310788,bob,bob,bob,3,1,1,0,0,23.10872140285567,13.588672359092337,8.18437066599479,44.8817644279428
Dim_Near_20260114_211300_T13,1736911009.48,237,Dim,Near,4,4,1280,720,22.538220692219994,3,0,diana,-1,0,-1.0,-1.0,-1.0,-1.0,-1.0,0.0,unknown,-1.0,unknown,-1.0,-1.0,unknown,unknown,unknown,0,0,0,0,1,12.915916373001014,9.514550134801032,3.002734366468145,25.43320087427019
Dim_Near_20260114_211300_T13,1736911009.48,237,Dim,Near,4,4,1280,720,22.538220692219994,3,1,chen,2,1,0.7937013064237647,444.10403042249374,165.1929916103464,546.844830377185,377.57893256159116,21820.7014724607,chen,0.8911091418930711,diana,0.7566129438958177,0.13449619799725343,chen,chen,chen,3,1,1,0,0,12.915916373001014,9.514550134801032,3.002734366468145,25.43320087427019
Dim_Near_20260114_211300_T13,1736911009.48,237,Dim,Near,4,4,1280,720,22.538220692219994,3,2,alice,-1,0,-1.0,-1.0,-1.0,-1.0,-1.0,0.0,unknown,-1.0,unknown,-1.0,-1.0,unknown,unknown,unknown,0,0,0,0,1,12.915916373001014,9.514550134801032,3.002734366468145,25.43320087427019
Dim_Near_20260114_211300_T13,1736911009.48,237,Dim,Near,4,4,1280,720,22.538220692219994,3,3,bob,4,1,0.6828226775782265,1073.886669514551,239.70054885524206,1155.1639830550569,415.49055538517956,14287.739478021314,bob,0.941851527886665,diana,0.8281700529230809,0.11368147496358416,bob,bob,bob,3,1,1,0,0,12.915916373001014,9.514550134801032,3.002734366468145,25.43320087427019
Dim_Near_20260114_211300_T13,1736911009.52,238,Dim,Near,4,4,1280,720,28.306224378445094,0,0,diana,1,1,0.9050970414731174,119.87588556978187,192.55824868601866,225.02044297482695,368.615073669345,18511.41694100933,diana,0.9090681433002296,chen,0.8243146627611022,0.08475348053912735,diana,diana,diana,1,1,1,0,0,17.612404655972426,9.787629410211185,5.1276458270628815,32.52767989324649
Dim_Near_20260114_211300_T13,1736911009.52,238,Dim,Near,4,4,1280,720,28.306224378445094,0,1,chen,2,1,0.8856936627105401,428.99379637530734,221.8071996613942,522.2995349895216,407.67289725032515,17342.336196581382,chen,0.8952733883809039,bob,0.8194897403521949,0.07578364802870896,chen,chen,chen,1,1,1,0,0,17.612404655972426,9.787629410211185,5.1276458270628815,32.52767989324649
Dim_Near_20260114_211300_T13,1736911009.52,238,Dim,Near,4,4,1280,720,28.306224378445094,0,2,alice,-1,0,-1.0,-1.0,-1.0,-1.0,-1.0,0.0,unknown,-1.0,unknown,-1.0,-1.0,unknown,unknown,unknown,0,0,0,0,1,17.612404655972426,9.787629410211185,5.1276458270628815,32.52767989324649
Dim_Near_20260114_211300_T13,1736911009.52,238,Dim,Near,4,4,1280,720,28.306224378445094,0,3,bob,4,1,0.912426163221872,1068.764751360484,232.79047466883029,1165.484661843154,375.80911413465265,13832.750006487593,bob,0.9443027499684163,diana,0.8300202170244618,0.11428253294395452,bob,bob,bob,3,1,1,0,0,17.612404655972426,9.787629410211185,5.1276458270628815,32.52767989324649
Dim_Near_20260114_211300_T13,1736911009.56,239,Dim,Near,4,4,1280,720,25.546988479292185,0,0,diana,1,1,0.7388687211939043,114.06298354164736,315.29637146090323,195.3546431299234,471.48666832943167,12696.968444028193,diana,0.8171389395487587,bob,0.7512563920384184,0.06588254751034028,diana,diana,diana,1,1,1,0,0,19.98298452186573,10.051157226449444,9.336088885418722,39.3702306337339
Dim_Near_20260114_211300_T13,1736911009.56,239,Dim,Near,4,4,1280,720,25.546988479292185,0,1,chen,2,1,0.7040673023767913,425.8343468345181,259.5081122900417,530.5392421125858,430.25047331092446,17877.561030221565,chen,0.8731928836632826,alice,0.7254800660141324,0.14771281764915023,chen,chen,chen,2,1,1,0,0,19.98298452186573,10.051157226449444,9.336088885418722,39.3702306337339
Dim_Near_20260114_211300_T13,1736911009.56,239,Dim,Near,4,4,1280,720,25.546988479292185,0,2,alice,3,1,0.8488848399263513,751.2404173796568,125.61889192972146,858.0863452517375,336.402037381342,22521.320755574136,alice,0.7345996685122066,bob,0.5852729373259571,0.1493267311862495,alice,alice,alice,1,1,1,0,0,19.98298452186573,10.051157226449444,9.336088885418722,39.3702306337339
Dim_Near_20260114_211300_T13,1736911009.56,239,Dim,Near,4,4,1280,720,25.546988479292185,0,3,bob,4,1,0.87399085638498,1055.2041858983735,216.3884629692685,1144.0861509712909,358.153625256827,12600.366202999245,bob,0.8602244081830479,chen,0.7894287623612762,0.07079564582177167,bob,bob,bob,2,1,1,0,0,19.98298452186573,10.051157226449444,9.336088885418722,39.3702306337339
Dim_Near_20260114_211300_T13,1736911009.6,240,Dim,Near,4,4,1280,720,29.12385817947998,3,0,diana,1,1,0.8917032645809844,95.50386442609063,226.3541843622507,196.26076675644975,435.36287962614955,21059.068694900452,diana,0.99,bob,0.8962139301163208,0.09378606988367921,diana,diana,diana,2,1,1,0,0,19.16394086751598,15.435330341731216,15.038187053343808,49.637458262591004
Dim_Near_20260114_211300_T13,1736911009.6,240,Dim,Near,4,4,1280,720,29.12385817947998,3,1,chen,2,1,0.7540679158842492,443.900533101927,245.83807050066775,540.841499433684,419.10334723836706,16796.50335869187,chen,0.8069329543199932,bob,0.737972562443401,0.0689603918765922,chen,chen,chen,2,1,1,0,0,19.16394086751598,15.435330341731216,15.038187053343808,49.637458262591004
Dim_Near_20260114_211300_T13,1736911009.6,240,Dim,Near,4,4,1280,720,29.12385817947998,3,2,alice,3,1,0.7966997282749249,737.7352052614461,203.74621542851503,843.3323841122243,402.27974212959555,20964.580326929743,alice,0.8058244915464806,diana,0.7296614995453312,0.0761629920011494,unknown,unknown,unknown,0,0,0,0,0,19.16394086751598,15.435330341731216,15.038187053343808,49.637458262591004
Dim_Near_20260114_211300_T13,1736911009.6,240,Dim,Near,4,4,1280,720,29.12385817947998,3,3,bob,4,1,0.9081026820615782,1050.027488321155,304.0355963498723,1173.9070819386652,438.3857891228457,16643.2472831501,bob,0.9428754212334778,alice,0.7984688985972725,0.14440652263620524,bob,bob,bob,1,1,1,0,0,19.16394086751598,15.435330341731216,15.038187053343808,49.637458262591004
Dim_Near_20260114_211300_T13,1736911009.64,241,Dim,Near,4,4,1280,720,25.763254146522435,0,0,diana,1,1,0.7286103646317006,97.26030533770603,188.7194142844533,195.27954048836892,353.68483546466535,16169.78441039135,diana,0.8856713796776415,alice,0.7449625044570898,0.14070887522055175,diana,diana,diana,2,1,1,0,0,15.850621688917101,12.883201676640923,10.635694966256416,39.36951833181444
Dim_Near_20260114_211300_T13,1736911009.64,241,Dim,Near,4,4,1280,720,25.763254146522435,0,1,chen,2,1,0.815888397708131,428.17659945830326,233.176915599342,511.4581529340343,408.8091060137507,14626.921658057348,chen,0.8841010168055057,diana,0.7059441522117957,0.17815686459370994,chen,chen,chen,2,1,1,0,0,15.850621688917101,12.883201676640923,10.635694966256416,39.36951833181444
Dim_Near_20260114_211300_T13,1736911009.64,241,Dim,Near,4,4,1280,720,25.763254146522435,0,2,alice,3,1,0.7025207255406929,753.0640098574514,206.52672547531364,860.0875662107909,390.5318291022057,19692.88057731475,alice,0.8648773433762473,chen,0.6911270975599741,0.17375024581627319,alice,alice,alice,1,1,1,0,0,15.850621688917101,12.883201676640923,10.635694966256416,39.36951833181444
Dim_Near_20260114_211300_T13,1736911009.64,241,Dim,Near,4,4,1280,720,25.763254146522435,0,3,bob,4,1,0.7913905934666061,1078.4404343979065,272.85832616525624,1191.6358121738415,458.2422621636082,20984.604668923195,bob,0.8685103280728788,chen,0.7550649057292268,0.11344542234365196,bob,bob,bob,2,1,1,0,0,15.850621688917101,12.883201676640923,10.635694966256416,39.36951833181444
Dim_Near_20260114_211300_T13,1736911009.68,242,Dim,Near,4,4,1280,720,22.939242183705147,2,0,diana,1,1,0.8650073821203922,93.34228406921241,274.0251118274305,206.2670763622787,474.66892340854935,22657.66074768697,diana,0.9011457264037424,bob,0.7691732268511856,0.13197249955255674,diana,diana,diana,3,1,1,0,0,13.909217816820934,6.765369695130006,7.433827080713352,28.108414592664293
Dim_Near_20260114_211300_T13,1736911009.68,242,Dim,Near,4,4,1280,720,22.939242183705147,2,1,chen,2,1,0.7316809467287634,431.78142260908834,191.12775220134193,533.1934288458353,364.7202291540132,17604.361355376663,chen,0.8241834545462716,bob,0.6566107917343298,0.16757266281194183,chen,chen,chen,3,1,1,0,0,13.909217816820934,6.765369695130006,7.433827080713352,28.108414592664293
Dim_Near_20260114_211300_T13,1736911009.68,242,Dim,Near,4,4,1280,720,22.939242183705147,2,2,alice,3,1,0.8128815056853365,741.1796649471033,209.8018043098637,859.5702280896872,377.42435922569797,19844.928671884314,alice,0.9602608132813211,diana,0.8883413436662884,0.0719194696150327,alice,alice,alice,2,1,1,0,0,13.909217816820934,6.765369695130006,7.433827080713352,28.108414592664293
Dim_Near_20260114_211300_T13,1736911009.68,242,Dim,Near,4,4,1280,720,22.939242183705147,2,3,bob,4,1,0.8620824643178513,1036.4286997287218,262.1265610499618,1150.364714850767,437.0639567262662,19931.669759186643,bob,0.9200732506422847,chen,0.8437307393856772,0.07634251125660751,bob,bob,bob,2,1,1,0,0,13.909217816820934,6.765369695130006,7.433827080713352,28.108414592664293
Dim_Near_20260114_211300_T13,1736911009.72,243,Dim,Near,4,4,1280,720,24.65855791361894,2,0,diana,1,1,0.7765124095088329,113.12106249328448,233.02204513178668,216.34343493230497,419.89188025374057,19289.147718576674,diana,0.8091139399502193,alice,0.6357037051105099,0.1734102348397094,diana,diana,diana,3,1,1,0,0,26.539857898157827,19.271590110037803,6.390511242680066,52.201959250875696
Dim_Near_20260114_211300_T13,1736911009.72,243,Dim,Near,4,4,1280,720,24.65855791361894,2,1,chen,2,1,0.7611111561194064,450.88523567058684,240.11134092160717,576.1503614444355,427.1445271477072,23428.735596496077,chen,0.9159482346761992,bob,0.7435117624330037,0.17243647224319558,chen,chen,chen,2,1,1,0,0,26.539857898157827,19.271590110037803,6.390511242680066,52.201959250875696
Dim_Near_20260114_211300_T13,1736911009.72,243,Dim,Near,4,4,1280,720,24.65855791361894,2,2,alice,3,1,0.7507609506532255,734.9063749001887,166.33048888874856,859.1531042340425,373.1094799455963,25691.613333767553,alice,0.8827246834339101,diana,0.7853316443389768,0.09739303909493324,alice,alice,alice,2,1,1,0,0,26.539857898157827,19.271590110037803,6.390511242680066,52.201959250875696
Dim_Near_20260114_211300_T13,1736911009.72,243,Dim,Near,4,4,1280,720,24.65855791361894,2,3,bob,4,1,0.8067020731471776,1103.7966214281103,232.92814374309023,1212.254855833947,379.77316408560625,15926.551637638464,bob,0.8155659309618981,diana,0.6515928220155711,0.163973108946327,bob,bob,bob,2,1,1,0,0,26.539857898157827,19.271590110037803,6.390511242680066,52.201959250875696
Dim_Near_20260114_211300_T13,1736911009.76,244,Dim,Near,4,4,1280,720,24.356977835284635,1,0,diana,1,1,0.8062376266588445,124.85298492698094,307.482649274444,235.294110276465,446.09726825883905,15308.754510526549,diana,0.8563782344733849,alice,0.6891247346876956,0.16725349978568926,diana,diana,diana,3,1,1,0,0,17.938805728702885,13.198590771563191,9.790695897159909,40.928092397425985
Dim_Near_20260114_211300_T13,1736911009.76,244,Dim,Near,4,4,1280,720,24.356977835284635,1,1,chen,2,1,0.8653420423554764,422.0056846983023,220.02151430622936,535.8208794442949,407.1197677606583,21294.62415355091,chen,0.8521021035090667,alice,0.759892389374086,0.09220971413498069,chen,chen,chen,2,1,1,0,0,17.938805728702885,13.198590771563191,9.790695897159909,40.928092397425985
Dim_Near_20260114_211300_T13,1736911009.76,244,Dim,Near,4,4,1280,720,24.356977835284635,1,2,alice,3,1,0.6670220484737972,775.1592984590136,192.4310863998932,859.0679724036952,339.85134739759565,12369.838612896077,bob,0.7768920691763858,alice,0.6793006720788181,0.0975913970975677,bob,bob,bob,2,0,0,1,0,17.938805728702885,13.198590771563191,9.790695897159909,40.928092397425985
Dim_Near_20260114_211300_T13,1736911009.76,244,Dim,Near,4,4,1280,720,24.356977835284635,1,3,bob,4,1,0.8920398760575017,1068.2651651546287,230.69359637888851,1194.7948832359023,441.20884324090423,26636.434837260564,bob,0.839284238518013,alice,0.7249736305462682,0.11431060797174486,bob,bob,bob,2,1,1,0,0,17.938805728702885,13.198590771563191,9.790695897159909,40.928092397425985
Dim_Near_20260114_211300_T13,1736911009.8,245,Dim,Near,4,4,1280,720,25.69388832401183,1,0,diana,1,1,0.8208228642379453,121.12856073894261,208.00114172894632,214.93006075436313,375.92778066093445,15751.770624368399,diana,0.9001455857525865,bob,0.8136072434979462,0.0865383422546403,diana,diana,diana,2,1,1,0,0,10.309521022380194,5.845440231777604,3.2664829384113103,19.42144419256911
Dim_Near_20260114_211300_T13,1736911009.8,245,Dim,Near,4,4,1280,720,25.69388832401183,1,1,chen,2,1,0.6062030260162398,433.94819391817214,272.8170977053002,546.2183442118687,422.642898518139,16820.96517513086,chen,0.8976930663317001,diana,0.7407499521792668,0.15694311415243334,chen,chen,chen,3,1,1,0,0,10.309521022380194,5.845440231777604,3.2664829384113103,19.42144419256911
Dim_Near_20260114_211300_T13,1736911009.8,245,Dim,Near,4,4,1280,720,25.69388832401183,1,2,alice,3,1,0.6504188810643875,752.433800823114,133.43611557619082,871.749163504502,347.880600652519,25586.521511905597,alice,0.8639532459841859,bob,0.7648533039216877,0.09909994206249817,alice,alice,alice,1,1,1,0,0,10.309521022380194,5.845440231777604,3.2664829384113103,19.42144419256911
Dim_Near_20260114_211300_T13,1736911009.8,245,Dim,Near,4,4,1280,720,25.69388832401183,1,3,bob,4,1,0.8665672373352786,1085.1158479792396,228.02146519110352,1191.7978024127658,403.037068747882,18671.006643800338,bob,0.9317750749640668,alice,0.8153297005513284,0.11644537441273839,bob,bob,bob,2,1,1,0,0,10.309521022380194,5.845440231777604,3.2664829384113103,19.42144419256911
Dim_Near_20260114_211300_T13,1736911009.84,246,Dim,Near,4,4,1280,720,23.932692165335077,0,0,diana,1,1,0.7746876501131326,112.16230664765624,222.10179064564392,223.98386932038972,419.0183227857846,22019.51434000608,diana,0.854728339020531,bob,0.738964140801714,0.115764198218817,diana,diana,diana,2,1,1,0,0,7.90780832854469,7.9635250265880195,6.427747015649928,22.299080370782637
Dim_Near_20260114_211300_T13,1736911009.84,246,Dim,Near,4,4,1280,720,23.932692165335077,0,1,chen,2,1,0.7621322775371485,429.78235055955105,224.85356278563302,547.4866953392022,438.4376163991343,25139.77108595906,chen,0.8655385917989789,bob,0.7626096671252652,0.10292892467371362,chen,chen,chen,1,1,1,0,0,7.90780832854469,7.9635250265880195,6.427747015649928,22.299080370782637
Dim_Near_20260114_211300_T13,1736911009.84,246,Dim,Near,4,4,1280,720,23.932692165335077,0,2,alice,3,1,0.877367243798795,751.8304305039161,230.18632443810625,858.1307502062781,402.4403101968878,18310.653756164593,alice,0.8637554388811883,chen,0.7397000610190043,0.12405537786218401,alice,alice,alice,2,1,1,0,0,7.90780832854469,7.9635250265880195,6.427747015649928,22.299080370782637
Dim_Near_20260114_211300_T13,1736911009.84,246,Dim,Near,4,4,1280,720,23.932692165335077,0,3,bob,4,1,0.7106216179968632,1089.9781583912797,269.2088194775423,1180.6469822216202,454.24571698405646,16777.077862130893,bob,0.9161505283607333,chen,0.7718364714333816,0.14431405692735166,bob,bob,bob,2,1,1,0,0,7.90780832854469,7.9635250265880195,6.427747015649928,22.299080370782637
Dim_Near_20260114_211300_T13,1736911009.88,247,Dim,Near,4,4,1280,720,25.143783245800297,3,0,diana,1,1,0.83105782653825,109.79078088132292,174.35184823225126,202.90467173856155,348.1214036883866,16180.35942105346,diana,0.8889343778707234,bob,0.7213494764904591,0.16758490138026427,diana,diana,diana,2,1,1,0,0,17.42581538038166,8.519005693829703,8.314050791084467,34.25887186529583
Dim_Near_20260114_211300_T13,1736911009.88,247,Dim,Near,4,4,1280,720,25.143783245800297,3,1,chen,2,1,0.7411171552962234,420.3494514870704,254.23966840829772,516.8717455535862,453.8427160381966,19266.144059905855,chen,0.8275981718980174,diana,0.7540467942641882,0.07355137763382924,chen,chen,chen,3,1,1,0,0,17.42581538038166,8.519005693829703,8.314050791084467,34.25887186529583
Dim_Near_20260114_211300_T13,1736911009.88,247,Dim,Near,4,4,1280,720,25.143783245800297,3,2,alice,3,1,0.7555069285612994,728.7989476450106,216.2976149517837,839.627921475395,420.803973851848,22665.229898682446,alice,0.8166028158397257,diana,0.6375963676531236,0.17900644818660216,alice,alice,alice,2,1,1,0,0,17.42581538038166,8.519005693829703,8.314050791084467,34.25887186529583
Dim_Near_20260114_211300_T13,1736911009.88,247,Dim,Near,4,4,1280,720,25.143783245800297,3,3,bob,4,1,0.8637200516031224,1060.5544843219677,212.2107696976796,1166.642950885304,393.04357482486574,19184.27500028977,bob,0.7950275448870024,chen,0.6385980845515139,0.15642946033548855,bob,bob,bob,1,1,1,0,0,17.42581538038166,8.519005693829703,8.314050791084467,34.25887186529583
Dim_Near_20260114_211300_T13,1736911009.92,248,Dim,Near,4,4,1280,720,24.113855232966923,1,0,diana,1,1,0.8064148114155371,101.60025606652772,314.53915902761594,188.97507629432005,447.88426603733376,11651.004753229825,diana,0.9100995156035737,bob,0.7821096632994774,0.12798985230409632,diana,diana,diana,2,1,1,0,0,16.436000054999134,10.723535313627353,7.948448303892652,35.10798367251914
Dim_Near_20260114_211300_T13,1736911009.92,248,Dim,Near,4,4,1280,720,24.113855232966923,1,1,chen,2,1,0.7773779621110862,446.9908350511116,246.68573733059077,571.6317566109304,425.81380511292923,22326.68744562036,chen,0.8465825612340203,alice,0.7761825053222942,0.07040005591172616,chen,chen,chen,2,1,1,0,0,16.436000054999134,10.723535313627353,7.948448303892652,35.10798367251914
Dim_Near_20260114_211300_T13,1736911009.92,248,Dim,Near,4,4,1280,720,24.113855232966923,1,2,alice,-1,0,-1.0,-1.0,-1.0,-1.0,-1.0,0.0,unknown,-1.0,unknown,-1.0,-1.0,unknown,unknown,unknown,0,0,0,0,1,16.436000054999134,10.723535313627353,7.948448303892652,35.10798367251914
Dim_Near_20260114_211300_T13,1736911009.92,248,Dim,Near,4,4,1280,720,24.113855232966923,1,3,bob,4,1,0.8858391001198789,1086.6445645155059,129.6978740577495,1169.7573072767414,314.2414431793766,15337.922188646075,diana,0.710778224869934,bob,0.6300920428769845,0.08068618199294952,diana,diana,diana,2,0,0,1,0,16.436000054999134,10.723535313627353,7.948448303892652,35.10798367251914
Dim_Near_20260114_211300_T13,1736911009.96,249,Dim,Near,4,4,1280,720,24.837947315616603,1,0,diana,1,1,0.6758834001528311,120.25349241723646,196.08994481993676,219.27157348510988,397.324086797323,19925.81858394078,diana,0.8736863301840546,bob,0.7748572470613442,0.09882908312271044,diana,diana,diana,3,1,1,0,0,14.166867941081692,12.462996288719093,9.116006237618986,35.74587046741977
Dim_Near_20260114_211300_T13,1736911009.96,249,Dim,Near,4,4,1280,720,24.837947315616603,1,1,chen,-1,0,-1.0,-1.0,-1.0,-1.0,-1.0,0.0,unknown,-1.0,unknown,-1.0,-1.0,unknown,unknown,unknown,0,0,0,0,1,14.166867941081692,12.462996288719093,9.116006237618986,35.74587046741977
Dim_Near_20260114_211300_T13,1736911009.96,249,Dim,Near,4,4,1280,720,24.837947315616603,1,2,alice,3,1,0.6408191274929881,707.2246315027913,286.9699000564947,813.7419075560325,433.6201707263044,15620.787364218662,alice,0.867850932981402,diana,0.7093139010089426,0.15853703197245939,alice,alice,alice,1,1,1,0,0,14.166867941081692,12.462996288719093,9.116006237618986,35.74587046741977
Dim_Near_20260114_211300_T13,1736911009.96,249,Dim,Near,4,4,1280,720,24.837947315616603,1,3,bob,4,1,0.6154115877744428,1065.6057774816177,162.85920501012748,1181.9174988016052,341.64738418692656,20795.160871719858,bob,0.7982134902253646,diana,0.6844311001710859,0.1137823900542787,bob,bob,bob,1,1,1,0,0,14.166867941081692,12.462996288719093,9.116006237618986,35.74587046741977
Dim_Near_20260114_211300_T13,1736911010.0,250,Dim,Near,4,4,1280,720,24.457791480087092,2,0,diana,1,1,0.7627995633843525,90.97952352348128,193.78095616528128,183.84586754014353,391.9802982643655,18406.048287249683,diana,0.8455722359802835,alice,0.6682162128621112,0.17735602311817233,diana,diana,diana,2,1,1,0,0,17.921098896252634,14.379930873780424,9.519059522760859,41.82008929279392
Dim_Near_20260114_211300_T13,1736911010.0,250,Dim,Near,4,4,1280,720,24.457791480087092,2,1,chen,2,1,0.7636365138581458,412.96585162695254,245.42829953053217,529.588414688839,415.30977444653934,19812.01302143832,chen,0.8401921580937524,bob,0.7651967267331885,0.07499543136056386,chen,chen,chen,2,1,1,0,0,17.921098896252634,14.379930873780424,9.519059522760859,41.82008929279392
Dim_Near_20260114_211300_T13,1736911010.0,250,Dim,Near,4,4,1280,720,24.457791480087092,2,2,alice,3,1,0.8081409379934771,728.1570842879095,255.88684509720946,829.6105389808948,391.28545572190245,13736.656808505457,alice,0.962266845052303,bob,0.8218470064688801,0.14041983858342288,alice,alice,alice,2,1,1,0,0,17.921098896252634,14.379930873780424,9.519059522760859,41.82008929279392
Dim_Near_20260114_211300_T13,1736911010.0,250,Dim,Near,4,4,1280,720,24.457791480087092,2,3,bob,4,1,0.7429415236237976,1066.3594339887227,330.5284292316433,1172.6859321758893,465.5624698947159,14357.696679767972,bob,0.8393284590388971,chen,0.775841061111719,0.06348739792717806,bob,bob,bob,2,1,1,0,0,17.921098896252634,14.379930873780424,9.519059522760859,41.82008929279392
